s_m,left_x_m,left_y_m,d_left_m,right_x_m,right_y_m,d_right_m,left_kind,right_kind,valid,reason
0,-0.18210824772395165,0.90000000000000524,0.95676658387703317,0.097718621710451148,-0.94999999999999551,-0.91427672851780839,occupied,occupied,1,
0.049998124439437866,-0.12987894368505615,0.90000000000000557,0.9490000786921815,0.14667102711505337,-0.94999999999999518,-0.92155595798502643,occupied,occupied,1,
0.099996248878875732,-0.07767817101720402,0.89999999999999702,0.9413272005904858,0.19559955950750346,-0.95000000000000329,-0.92874785619219191,occupied,occupied,1,
0.14999437331831361,-0.025505561208992847,0.90000000000000346,0.93374774036895292,0.24450456690900874,-0.94999999999999629,-0.93585260978246343,occupied,occupied,1,
0.19999249775775146,0.026639252642365885,0.89999999999999858,0.92626149057775264,0.28617701351665598,-0.90000000000000091,-0.89235332551707891,occupied,occupied,1,
0.24999062219718932,0.07875663583973444,0.90000000000000191,0.91886824551112001,0.33512407323896254,-0.89999999999999802,-0.89929683581638342,occupied,occupied,1,
0.29998874663662722,0.12381357523839945,0.9499999999999964,0.96206006189224513,0.38404851891069391,-0.90000000000000424,-0.90615358378860267,occupied,occupied,1,
0.34998687107606508,0.17596500438756663,0.95000000000000062,0.95484005832428998,0.432950692843938,-0.89999999999999869,-0.91292375010315463,occupied,occupied,1,
0.39998499551550293,0.2280899666855434,0.9499999999999984,0.94771261927462935,0.48183093580597663,-0.90000000000000147,-0.91960751380651318,occupied,occupied,1,
0.44998311995494078,0.28018882166984027,0.94999999999999563,0.94067754532855485,0.53068958702806068,-0.9000000000000038,-0.92620505233125827,occupied,occupied,1,
0.49998124439437863,0.33226192731995902,0.95000000000000073,0.93373463877276119,0.57284414483810731,-0.85000000000000009,-0.88227191501110458,occupied,occupied,1,
0.54997936883381648,0.3843096400660978,0.94999999999999996,0.92688370358638572,0.62174795480405476,-0.85000000000000064,-0.88870902423161346,occupied,occupied,1,
0.59997749327325445,0.42982401628673994,0.999999999999998,0.9705463457719905,0.67063106118988258,-0.8500000000000022,-0.89506026680070949,occupied,occupied,1,
0.6499756177126923,0.48190909673720572,1.0000000000000053,0.96386760459261867,0.71949379771185473,-0.84999999999999509,-0.90132581436886128,occupied,occupied,1,
0.69997374215213015,0.53396972505299867,1.0000000000000013,0.95728041979899625,0.76833649659140946,-0.84999999999999953,-0.90750583701472765,occupied,occupied,1,
0.749971866591568,0.58600625209630386,1.0000000000000004,0.9507846014734912,0.81715948856342369,-0.8500000000000002,-0.91360050325386266,occupied,occupied,1,
0.79996999103100586,0.63801902722185155,1.0000000000000009,0.94437996134964275,0.86596310288465639,-0.84999999999999964,-0.91960998004751293,occupied,occupied,1,
0.84996811547044371,0.6900083982853612,1.0000000000000031,0.93806631280354824,0.90867363304322446,-0.79999999999999638,-0.87516684509195797,occupied,occupied,1,
0.89996623990988156,0.74197471165226925,1.0000000000000009,0.93184347084522967,0.95752597321783761,-0.79999999999999827,-0.88101679579489534,occupied,occupied,1,
0.94996436434931941,0.79391831220592202,0.99999999999999944,0.92571125211014049,1.006359798128281,-0.80000000000000004,-0.8867818885502311,occupied,occupied,1,
0.99996248878875726,0.84002465756771638,1.0500000000000029,0.97000646817297032,1.0551754317424811,-0.79999999999999671,-0.89246228475363887,occupied,occupied,1,
1.0499606132281951,0.89201001233858834,1.0499999999999992,0.96404507290564356,1.1039731965912636,-0.8000000000000016,-0.89805814428682362,occupied,occupied,1,
1.099958737667633,0.94397356515877873,1.0500000000000058,0.95817391889391612,1.1527534137766862,-0.79999999999999427,-0.90356962552591547,occupied,occupied,1,
1.1499568621070708,0.99591565560633188,1.0500000000000034,0.95239282863280406,1.2015164029802339,-0.79999999999999571,-0.9089968853499244,occupied,occupied,1,
1.1999549865465089,1.0478366218190256,1.0499999999999954,0.94670162620331455,1.2502624824713238,-0.80000000000000382,-0.91434007914904547,occupied,occupied,1,
1.2499531109859467,1.0997368005026653,1.0500000000000005,0.94110013726418651,1.2989919691154659,-0.79999999999999871,-0.91959936083294358,occupied,occupied,1,
1.2999512354253846,1.151616526939566,1.0499999999999985,0.9355881890436113,1.3477051783825988,-0.80000000000000171,-0.92477488283906484,occupied,occupied,1,
1.3499493598648225,1.2034761349969405,1.0500000000000009,0.93016561033113321,1.3964024243553372,-0.79999999999999905,-0.92986679614075396,occupied,occupied,1,
1.3999474843042603,1.2553159571354746,1.0500000000000016,0.92483223146945792,1.4450840197373938,-0.79999999999999893,-0.93487525025547391,occupied,occupied,1,
1.4499456087436982,1.3071363244174341,1.0500000000000005,0.91958788434642957,1.4887066555522561,-0.74999999999999956,-0.88954665602043026,occupied,occupied,1,
1.499943733183136,1.3589375665153234,1.0499999999999996,0.91443240238696832,1.5374430179364935,-0.75000000000000078,-0.8943971075965117,occupied,occupied,1,
1.5499418576225739,1.4058465523379287,1.1000000000000054,0.95960256518100162,1.5861645494811452,-0.74999999999999389,-0.89916438634727913,occupied,occupied,1,
1.5999399820620117,1.4576954433099611,1.0999999999999954,0.95461615340369166,1.6348715579872395,-0.75000000000000488,-0.90384863658080949,occupied,occupied,1,
1.6499381065014496,1.5095260807532249,1.1000000000000001,0.94971826867858189,1.6835643499172952,-0.75000000000000011,-0.90845000118656294,occupied,occupied,1,
1.6999362309408874,1.561338789394102,1.1000000000000001,0.9449087499710368,1.7322432304034712,-0.74999999999999944,-0.91296862164333392,occupied,occupied,1,
1.7499343553803253,1.6131338926102177,1.1000000000000012,0.94018743774673519,1.780908503255781,-0.74999999999999811,-0.91740463802697114,occupied,occupied,1,
1.7999324798197631,1.6649117124387447,1.1000000000000054,0.93555417396390406,1.8295604709702533,-0.74999999999999523,-0.92175818901814688,occupied,occupied,1,
1.849930604259201,1.7166725695848264,1.0999999999999974,0.93100880206560455,1.8781994347371995,-0.75000000000000366,-0.92602941191006816,occupied,occupied,1,
1.8999287286986388,1.7684167834297939,1.100000000000001,0.926551166972156,1.9268256944492899,-0.74999999999999856,-0.93021844261606113,occupied,occupied,1,
1.9499268531380767,1.8201446720395285,1.1000000000000003,0.92218111507345757,1.9754395487097622,-0.75000000000000067,-0.93432541567724936,occupied,occupied,1,
1.9999249775775145,1.8718565521727908,1.0999999999999994,0.9178984942215016,2.0240412948406004,-0.75,-0.93835046427002178,occupied,occupied,1,
2.0499231020169524,1.923552739289335,1.100000000000001,0.91370315372286937,2.0726312288905082,-0.74999999999999867,-0.94229372021355118,occupied,occupied,1,
2.0999212264563902,1.97523354755832,1.0999999999999981,0.90959494433126653,2.1212096456431624,-0.75000000000000144,-0.94615531397723596,occupied,occupied,1,
2.1499193508958281,2.0268992898666904,1.1000000000000012,0.90557371824014332,2.1697768386254328,-0.74999999999999822,-0.94993537468807632,occupied,occupied,1,
2.1999174753352659,2.0785502778271829,1.0999999999999959,0.9016393290753244,2.2145551859993629,-0.70000000000000417,-0.90349150691605118,occupied,occupied,1,
2.2499155997747038,2.1301868217866393,1.1000000000000001,0.89779163188776234,2.2631843454913252,-0.6999999999999994,-0.90711510844858456,occupied,occupied,1,
2.2999137242141416,2.1781982913560043,1.1499999999999975,0.94416070241479555,2.3118030520552448,-0.70000000000000251,-0.91065741052283178,occupied,occupied,1,
2.3499118486535795,2.229890207755167,1.1499999999999986,0.94048002623547544,2.3604115947915925,-0.70000000000000129,-0.91411853746339466,occupied,occupied,1,
2.3999099730930178,2.2815685024442449,1.1500000000000064,0.9368857604836881,2.4090102615836795,-0.69999999999999374,-0.91749861228603324,occupied,occupied,1,
2.4499080975324556,2.333233481308028,1.149999999999999,0.93337776534965189,2.4575993391055295,-0.70000000000000084,-0.92079775670474817,occupied,occupied,1,
2.4999062219718935,2.3848854490060218,1.1500000000000041,0.92995590241559511,2.5061791128302162,-0.6999999999999954,-0.92401609113875594,occupied,occupied,1,
2.5499043464113313,2.436524708980274,1.1500000000000006,0.9266200346486817,2.5547498670375499,-0.70000000000000007,-0.92715373471954143,occupied,occupied,1,
2.5999024708507692,2.4881515634638238,1.150000000000005,0.92337002639412824,2.6033118848223564,-0.69999999999999518,-0.93021080529770861,occupied,occupied,1,
2.6499005952902071,2.5397663134886677,1.1500000000000019,0.92020574336824579,2.6518654481022974,-0.69999999999999785,-0.9331874194499199,occupied,occupied,1,
2.6998987197296449,2.5913692588940314,1.1500000000000052,0.91712705265164329,2.7004108376259754,-0.69999999999999551,-0.93608369248565981,occupied,occupied,1,
2.7498968441690828,2.6429606983344609,1.1500000000000052,0.91413382268237553,2.7489483329808686,-0.6999999999999944,-0.93889973845404873,occupied,occupied,1,
2.7998949686085206,2.6945409292878892,1.1500000000000019,0.91122592324923113,2.797478212601245,-0.69999999999999818,-0.94163567015053862,occupied,occupied,1,
2.8498930930479585,2.7461102480638502,1.149999999999999,0.90840322548501828,2.846000753776206,-0.70000000000000018,-0.94429159912357508,occupied,occupied,1,
2.8998912174873963,2.7976689498115253,1.1500000000000006,0.90566560185991585,2.894516232657578,-0.69999999999999996,-0.94686763568122589,occupied,occupied,1,
2.9498893419268342,2.8492173285278612,1.1499999999999986,0.9030129261748594,2.9430249242678674,-0.70000000000000107,-0.94936388889774315,occupied,occupied,1,
2.999887466366272,2.9007556770655243,1.1500000000000006,0.9004450735550249,2.9915271025080594,-0.69999999999999907,-0.95178046662005533,occupied,occupied,1,
3.0498855908057099,2.9522842871412251,1.1499999999999995,0.89796192044328704,3.0400230401657664,-0.70000000000000018,-0.9541174754742584,occupied,occupied,1,
3.0998837152451477,3.0038034493435362,1.1499999999999999,0.8955633445938086,3.0885130089228938,-0.69999999999999996,-0.95637502087198867,occupied,occupied,1,
3.1498818396845856,3.0553134531410207,1.1500000000000012,0.89324922506561977,3.1347896083846116,-0.64999999999999858,-0.90850449263619271,occupied,occupied,1,
3.1998799641240234,3.1046885994823885,1.1999999999999986,0.94106462003050817,3.1833501335742911,-0.65000000000000058,-0.91060695909622447,occupied,occupied,1,
3.2498780885634613,3.1562627415102034,1.2,0.93891565580514724,3.2319054058571592,-0.64999999999999969,-0.91263013424961259,occupied,occupied,1,
3.2998762130028991,3.2078284949108276,1.2000000000000002,0.93685092926137747,3.2804556930799578,-0.64999999999999925,-0.91457411915778442,occupied,occupied,1,
3.349874337442337,3.2593861452610273,1.2000000000000024,0.93487032417283866,3.3290012620224454,-0.64999999999999836,-0.9164390136963646,occupied,occupied,1,
3.3998724618817748,3.3109359770570452,1.1999999999999997,0.93297372558940717,3.3775423784052894,-0.65000000000000024,-0.91822491656128413,occupied,occupied,1,
3.4498705863212127,3.3624782737225458,1.1999999999999975,0.93116101983112132,3.4260793068978423,-0.65000000000000313,-0.91993192527481438,occupied,occupied,1,
3.4998687107606505,3.4140133176165861,1.2000000000000015,0.92943209448212472,3.4746123111259424,-0.64999999999999791,-0.92156013619156041,occupied,occupied,1,
3.5498668352000884,3.4655413900417571,1.1999999999999984,0.92778683838464249,3.5231416536798772,-0.65000000000000258,-0.92310964450444222,occupied,occupied,1,
3.5998649596395262,3.5170627712516853,1.2000000000000017,0.9262251416330981,3.5716675961217361,-0.64999999999999813,-0.92458054425050851,occupied,occupied,1,
3.6498630840789641,3.5685777404594954,1.2000000000000064,0.9247468955681547,3.6201903989936737,-0.6499999999999938,-0.92597292831685651,occupied,occupied,1,
3.6998612085184019,3.6200865758453036,1.2000000000000044,0.92335199277089919,3.6687103218252544,-0.64999999999999636,-0.92728688844637552,occupied,occupied,1,
3.7498593329578398,3.6715895545644495,1.1999999999999997,0.92204032705705463,3.7172276231414916,-0.64999999999999991,-0.92852251524348206,occupied,occupied,1,
3.7998574573972776,3.7230869527551866,1.2000000000000028,0.92081179347123732,3.7657425604703763,-0.64999999999999802,-0.92967989817980989,occupied,occupied,1,
3.8498555818367155,3.7745790455466444,1.2000000000000022,0.91966628828123254,3.8142553903506613,-0.64999999999999836,-0.93075912559985896,occupied,occupied,1,
3.8998537062761534,3.8260661070666777,1.2000000000000042,0.91860370897239219,3.8627663683395346,-0.64999999999999636,-0.93176028472654959,occupied,occupied,1,
3.9498518307155912,3.8775484104498137,1.2000000000000026,0.91762395424201137,3.9112757490203851,-0.64999999999999791,-0.93268346166677629,occupied,occupied,1,
3.9998499551550291,3.9290262278450361,1.1999999999999953,0.91672692399380551,3.9597837860104148,-0.65000000000000391,-0.93352874141686804,occupied,occupied,1,
4.0498480795944669,3.9804998304236046,1.1999999999999962,0.91591251933242945,4.0082907319682795,-0.65000000000000391,-0.93429620786800882,occupied,occupied,1,
4.0998462040339048,4.0319694883869737,1.1999999999999984,0.91518064255800202,4.0567968386018238,-0.6500000000000018,-0.93498594381163946,occupied,occupied,1,
4.1498443284733426,4.0834354709745542,1.2000000000000011,0.91453119716074049,4.1053023566756686,-0.64999999999999858,-0.93559803094476246,occupied,occupied,1,
4.1998424529127805,4.1348980464715099,1.2000000000000015,0.91396408781561556,4.15380753601882,-0.64999999999999847,-0.93613254987522121,occupied,occupied,1,
4.2498405773522183,4.1863574822166125,1.2000000000000015,0.91347922037706608,4.2023126255323486,-0.64999999999999791,-0.93658958012691074,occupied,occupied,1,
4.2998387017916562,4.2378140446099586,1.2000000000000002,0.91307650187375466,4.2508178731969206,-0.65000000000000036,-0.93696920014496055,occupied,occupied,1,
4.349836826231094,4.2892679991208027,1.2000000000000051,0.91275584050339009,4.2993235260804479,-0.64999999999999458,-0.93727148730083298,occupied,occupied,1,
4.3998349506705319,4.3407196102953272,1.1999999999999984,0.91251714562755482,4.3478298303456704,-0.65000000000000213,-0.93749651789743815,occupied,occupied,1,
4.4498330751099697,4.3921691417643345,1.1999999999999986,0.91236032776667964,4.3963370312576675,-0.65000000000000213,-0.93764436717407418,occupied,occupied,1,
4.4998311995494076,4.4436168562510314,1.1999999999999993,0.91228529859494412,4.4448453731914546,-0.65000000000000047,-0.93771510931146262,occupied,occupied,1,
4.5498293239888454,4.4950630155786948,1.2000000000000011,0.91229197093532322,4.4933550996394631,-0.64999999999999925,-0.93770881743663226,occupied,occupied,1,
4.5998274484282833,4.5465078806786812,1.200000000000002,0.91238025875463824,4.5418664532193471,-0.6499999999999978,-0.93762556362778304,occupied,occupied,1,
4.6498255728677211,4.5979517115976387,1.1999999999999973,0.91255007715867253,4.5903796756810351,-0.65000000000000369,-0.93746541891911039,occupied,occupied,1,
4.699823697307159,4.6493947675055898,1.2000000000000055,0.9128013423873591,4.6388950079145967,-0.64999999999999447,-0.93722845330552884,occupied,occupied,1,
4.7498218217465968,4.7008373067035283,1.1999999999999984,0.91313397180992539,4.6874126899576583,-0.65000000000000124,-0.9369147357474652,occupied,occupied,1,
4.7998199461860356,4.7522795866310528,1.1999999999999993,0.91354788392025588,4.7359329610028453,-0.64999999999999991,-0.93652433417541248,occupied,occupied,1,
4.8498180706254734,4.8037218638740153,1.2000000000000033,0.91404299833212344,4.7844560594052377,-0.64999999999999725,-0.93605731549462434,occupied,occupied,1,
4.8998161950649113,4.8551643941723102,1.2000000000000024,0.91461923577458371,4.8329822226899601,-0.64999999999999858,-0.93551374558964129,occupied,occupied,1,
4.9498143195043491,4.9072865590788197,1.2499999999999991,0.9652811360110739,4.8815108514608916,-0.65000000000000158,-0.93489369465667493,occupied,occupied,1,
4.999812443943787,4.9580611491844735,1.2000000000000037,0.91601517152069312,4.9300345768750846,-0.64999999999999669,-0.93419711055815369,occupied,occupied,1,
5.0498105683832248,5.0095251718555636,1.2000000000000017,0.91683566909014791,4.9785518166836438,-0.64999999999999802,-0.93342359618339854,occupied,occupied,1,
5.0998086928226627,5.0610006211320187,1.2000000000000002,0.91773855281199856,5.0270628210937058,-0.64999999999999969,-0.93257271134639674,occupied,occupied,1,
5.1498068172621005,5.1124878048511047,1.2000000000000011,0.91872435017097465,5.0755678454253204,-0.6499999999999988,-0.93164401407545305,occupied,occupied,1,
5.1998049417015384,5.1639870366069074,1.2000000000000051,0.91979359128533689,5.124067150167587,-0.64999999999999558,-0.93063706057204365,occupied,occupied,1,
5.2498030661409762,5.2154986358058881,1.2000000000000002,0.92094680895583836,5.1725610010356542,-0.65000000000000024,-0.9295514051691206,occupied,occupied,1,
5.2998011905804141,5.2670229277229312,1.2000000000000004,0.92218453871530626,5.2210496690282016,-0.65000000000000002,-0.92838660028881581,occupied,occupied,1,
5.349799315019852,5.3185602435579931,1.2,0.92350731887871595,5.2695334304855503,-0.64999999999999947,-0.92714219639964657,occupied,occupied,1,
5.3997974394592898,5.3701109204933886,1.1999999999999984,0.92491569059392675,5.3180125671484006,-0.65000000000000202,-0.9258177419730812,occupied,occupied,1,
5.4497955638987277,5.4216753017516375,1.2000000000000044,0.92641019789299284,5.3664873662171466,-0.64999999999999569,-0.92441278343951672,occupied,occupied,1,
5.4997936883381655,5.4732537366539633,1.2000000000000037,0.92799138774404077,5.4149581204118427,-0.64999999999999714,-0.92292686514371203,occupied,occupied,1,
5.5497918127776034,5.5248465806793652,1.1999999999999984,0.92965981010383469,5.4634251280327657,-0.65000000000000202,-0.92135952929951681,occupied,occupied,1,
5.5997899372170412,5.5764541955243061,1.2000000000000026,0.93141601797091689,5.511888693021592,-0.64999999999999702,-0.91971031594403929,occupied,occupied,1,
5.6497880616564791,5.628076949162983,1.2000000000000015,0.93326056743934349,5.5603491250231833,-0.64999999999999791,-0.91797876289120839,occupied,occupied,1,
5.6997861860959169,5.6797152159083337,1.2000000000000015,0.93519401775315181,5.6088067394481014,-0.64999999999999836,-0.91616440568459778,occupied,occupied,1,
5.7497843105353548,5.7313693764733697,1.1999999999999984,0.93721693136138551,5.6572618575354889,-0.65000000000000235,-0.91426677754969521,occupied,occupied,1,
5.7997824349747926,5.7830398180334033,1.2000000000000028,0.93932987397383938,5.7057148064168439,-0.64999999999999702,-0.91228540934543079,occupied,occupied,1,
5.8497805594142305,5.8347269342887289,1.1999999999999977,0.94153341461739493,5.7541659191802736,-0.65000000000000302,-0.91021982951512381,occupied,occupied,1,
5.8997786838536683,5.8864311255279471,1.2000000000000017,0.94382812569313779,5.8026155349353985,-0.64999999999999858,-0.9080695640366101,occupied,occupied,1,
5.9497768082931062,5.9381527986918679,1.1999999999999988,0.94621458303401651,5.8510639988788711,-0.65000000000000147,-0.90583413637183907,occupied,occupied,1,
5.999774932732544,5.9898923674380544,1.2000000000000008,0.94869336596332388,5.8995116623605481,-0.64999999999999913,-0.90351306741560899,occupied,occupied,1,
6.0497730571719819,6.0416502522059359,1.2000000000000002,0.9512650573537661,5.9479588829502497,-0.64999999999999925,-0.90110587544371301,occupied,occupied,1,
6.0997711816114197,6.093426880282526,1.2000000000000026,0.95393024368731527,5.9964060245051529,-0.64999999999999747,-0.89861207606027238,occupied,occupied,1,
6.1497693060508576,6.1452226858687533,1.2000000000000004,0.95668951511571165,6.044853457237827,-0.64999999999999969,-0.89603118214439259,occupied,occupied,1,
6.1997674304902954,6.1970381101463463,1.1999999999999975,0.95954346552174141,6.0933015577848373,-0.65000000000000335,-0.89336270379602933,occupied,occupied,1,
6.2497655549297333,6.2488736013454709,1.1999999999999984,0.96249269258120895,6.1417507092761294,-0.65000000000000235,-0.89060614828111873,occupied,occupied,1,
6.2997636793691711,6.3007296148126484,1.1999999999999966,0.96553779782563209,6.1902013014047403,-0.65000000000000324,-0.88776101997596468,occupied,occupied,1,
6.349761803808609,6.3526066130795833,1.2000000000000002,0.96867938670573162,6.2386537304974219,-0.65000000000000024,-0.88482682031079329,occupied,occupied,1,
6.3997599282480468,6.4045050659324145,1.2000000000000002,0.9719180686556077,6.2871083995857404,-0.64999999999999902,-0.88180304771257711,occupied,occupied,1,
6.4497580526874847,6.4531589712382473,1.1500000000000037,0.92514787189544945,6.3322992392344712,-0.69999999999999707,-0.92879578280930641,occupied,occupied,1,
6.4997561771269226,6.5050076526539096,1.1500000000000008,0.92857636083927209,6.3806655052522663,-0.6999999999999994,-0.92559757102916307,occupied,occupied,1,
6.5497543015663604,6.5568787174277459,1.1500000000000048,0.93210358355584944,6.4290347364953808,-0.6999999999999964,-0.92230847514648717,occupied,occupied,1,
6.5997524260057983,6.6087726632051176,1.1500000000000021,0.935730163047237,6.4774073616751471,-0.69999999999999729,-0.91892798401007392,occupied,occupied,1,
6.6497505504452361,6.6606899952263934,1.149999999999995,0.93945672660405055,6.525783816557972,-0.7000000000000044,-0.91545558319469422,occupied,occupied,1,
6.699748674884674,6.7126312263997736,1.1500000000000012,0.94328390587415378,6.5741645440402117,-0.69999999999999907,-0.9118907549391253,occupied,occupied,1,
6.7497467993241118,6.7645968773746494,1.1499999999999997,0.94721233693208973,6.6225499942236139,-0.70000000000000107,-0.90823297808339898,occupied,occupied,1,
6.7997449237635497,6.8165874766156529,1.1499999999999986,0.95124266034945759,6.6709406244914833,-0.70000000000000218,-0.90448172800504234,occupied,occupied,1,
6.8497430482029875,6.8686035604770099,1.1499999999999957,0.95537552126597169,6.7193368995852136,-0.70000000000000484,-0.90063647655456736,occupied,occupied,1,
6.8997411726424254,6.9206456732776997,1.1499999999999999,0.95961156946143011,6.7677392916816421,-0.70000000000000107,-0.89669669198999213,occupied,occupied,1,
6.9497392970818632,6.9727143673770566,1.1500000000000061,0.96395145942845151,6.8161482804709088,-0.69999999999999496,-0.89266183891051787,occupied,occupied,1,
6.9997374215213011,7.0204792343315638,1.1000000000000059,0.91820862805053483,6.8602333843155359,-0.74999999999999334,-0.93871860058481393,occupied,occupied,1,
7.0497355459607389,7.0725027834969163,1.0999999999999996,0.92274945601752167,6.9085570388548332,-0.75000000000000089,-0.93450071754183206,occupied,occupied,1,
7.0997336704001768,7.1245540739438953,1.0999999999999972,0.92739587130738865,6.9568882289231562,-0.750000000000003,-0.93018638409518672,occupied,occupied,1,
7.1497317948396146,7.1766336889398223,1.1000000000000028,0.93214854467418817,7.0052274630337905,-0.74999999999999711,-0.92577505286133743,occupied,occupied,1,
7.1997299192790525,7.2287422201646034,1.0999999999999972,0.93700815193191611,7.0535752575974771,-0.75000000000000322,-0.92126617248173026,occupied,occupied,1,
7.2497280437184903,7.2808802677895699,1.1000000000000001,0.9419753740322675,7.1019321370037813,-0.75,-0.91665918755097386,occupied,occupied,1,
7.2997261681579282,7.3330484405569862,1.1000000000000023,0.94705089714314372,7.1502986337031711,-0.74999999999999878,-0.91195353854417083,occupied,occupied,1,
7.349724292597366,7.3802048675470511,1.0500000000000009,0.90198178909374949,7.198675288289377,-0.74999999999999978,-0.90714866174319075,occupied,occupied,1,
7.3997224170368039,7.4323312887344288,1.0499999999999965,0.90726546609188452,7.2419162984950258,-0.80000000000000338,-0.95250814069682121,occupied,occupied,1,
7.4497205414762417,7.4844891529833264,1.0500000000000058,0.91265926379498652,7.2902105003165918,-0.79999999999999372,-0.94751389881165626,occupied,occupied,1,
7.4997186659156796,7.5366791020068691,1.0500000000000012,0.91816388649615266,7.3385159688494239,-0.79999999999999971,-0.94241898651509204,occupied,occupied,1,
7.5497167903551174,7.5889017864799966,1.0500000000000043,0.92378004408037973,7.3868332759670565,-0.79999999999999494,-0.93722282613259111,occupied,occupied,1,
7.5997149147945553,7.6411578661218549,1.0499999999999996,0.92950845210820243,7.4351630020937796,-0.80000000000000027,-0.93192483544360905,occupied,occupied,1,
7.6497130392339932,7.6934480097786446,1.0499999999999989,0.93534983190038645,7.4835057362904527,-0.80000000000000093,-0.92652442760195464,occupied,occupied,1,
7.699711163673431,7.7457728955069367,1.0500000000000012,0.94130491062341282,7.5318620763408273,-0.7999999999999996,-0.92102101105526024,occupied,occupied,1,
7.7497092881128689,7.7981332106574586,1.0500000000000065,0.94737442137593186,7.580232628838405,-0.79999999999999394,-0.91541398946333563,occupied,occupied,1,
7.7997074125523067,7.8445320399945624,0.99999999999999944,0.90320067449520158,7.6286180092735227,-0.80000000000000082,-0.90970276161556018,occupied,occupied,1,
7.8497055369917446,7.8968563287527855,0.99999999999999678,0.90948817660654968,7.6709122452707108,-0.85000000000000397,-0.95425824629023426,occupied,occupied,1,
7.8997036614311824,7.9492175855364584,1.0000000000000018,0.91589204261767987,7.7192195991363075,-0.84999999999999776,-0.94835018245612257,occupied,occupied,1,
7.9497017858706203,8.0016165334845599,0.99999999999999967,0.92241302641722467,7.7675430993818892,-0.84999999999999976,-0.94233638638670891,occupied,occupied,1,
7.9996999103100581,8.0540539054425793,0.99999999999999933,0.92905188824026574,7.8158833957218707,-0.85000000000000087,-0.93621624039449491,occupied,occupied,1,
8.0496980347494969,8.1065304440487882,1.0000000000000024,0.93580939476008618,7.8642411471987419,-0.84999999999999742,-0.92998912152405122,occupied,occupied,1,
8.0996961591889338,8.1590469018209166,1.0000000000000029,0.94268631918086854,7.9126170222732446,-0.84999999999999631,-0.92365440146310762,occupied,occupied,1,
8.1496942836283726,8.2048312752343051,0.95000000000000284,0.89922682274257137,7.961011698914966,-0.84999999999999731,-0.91721144645254271,occupied,occupied,1,
8.1996924080678095,8.2573167762006285,0.9500000000000044,0.90632962438206688,8.0025400060403342,-0.89999999999999625,-0.96113154057245864,occupied,occupied,1,
8.2496905325072483,8.3098439180760906,0.94999999999999929,0.91355387235135244,8.0508606696132095,-0.90000000000000047,-0.95448582823972039,occupied,occupied,1,
8.2996886569466852,8.3624134914491712,0.95000000000000329,0.92090036287967991,8.0992016283477,-0.89999999999999614,-0.9477302814364581,occupied,occupied,1,
8.349686781386124,8.4150262972144105,0.95000000000000484,0.9283698991722199,8.147563596830107,-0.89999999999999525,-0.94086424777055,occupied,occupied,1,
8.3996849058255609,8.4676831466609741,0.9500000000000004,0.93596329150816482,8.1959472996025298,-0.90000000000000013,-0.93388706896899709,occupied,occupied,1,
8.4496830302649997,8.5203848615617979,0.94999999999999951,0.943681357339756,8.2443534712559643,-0.90000000000000102,-0.92679808078143688,occupied,occupied,1,
8.4996811547044366,8.5655552629726106,0.90000000000000124,0.90095406911446441,8.2927828565236048,-0.89999999999999947,-0.91959661288260197,occupied,occupied,1,
8.5496792791438754,8.6182319029781951,0.90000000000000435,0.90890625347948373,8.3412362103744986,-0.89999999999999525,-0.91228198877363376,occupied,occupied,1,
8.5996774035833123,8.6709553251025593,0.90000000000000346,0.91698524744367815,8.3819020473576415,-0.94999999999999618,-0.95546015826915043,occupied,occupied,1,
8.6496755280227511,8.7237263915469381,0.89999999999999913,0.92519189388902856,8.4302871038871903,-0.95000000000000073,-0.94793560191638515,occupied,occupied,1,
8.699673652462188,8.7765459754340505,0.90000000000000147,0.93352704334647485,8.4786978389967906,-0.94999999999999918,-0.94029619068045711,occupied,occupied,1,
8.7496717769016268,8.8294149608986263,0.89999999999999836,0.94199155410020963,8.5271350471169765,-0.95000000000000251,-0.93254122669500594,occupied,occupied,1,
8.7996699013410637,8.8823342431781747,0.8999999999999968,0.95058629229292313,8.5755995333758097,-0.95000000000000284,-0.92467000544281286,occupied,occupied,1,
8.8496680257805025,8.9268935769468065,0.85000000000000187,0.90860959290529664,8.6240921136942372,-0.94999999999999751,-0.91668181565057971,occupied,occupied,1,
8.8996661502199395,8.9797945319398789,0.84999999999999665,0.91744709347736886,8.6640808116302317,-1.0000000000000036,-0.95929880120090605,occupied,occupied,1,
8.9496642746593782,9.0327479074896431,0.85000000000000553,0.92641707725937306,8.7125097904892446,-0.99999999999999423,-0.95109522671627866,occupied,occupied,1,
8.9996623990988152,9.0857546416770436,0.84999999999999853,0.93552043839822385,8.76096874491056,-1.0000000000000016,-0.94277290363821353,occupied,occupied,1,
9.0496605235382539,9.1388156841312629,0.8500000000000032,0.94475807940559542,8.8094585324567021,-0.99999999999999623,-0.93433109712626294,occupied,occupied,1,
9.0996586479776909,9.1919319961212906,0.85000000000000175,0.95413091126812533,8.8579800219528444,-0.99999999999999867,-0.92576906507396806,occupied,occupied,1,
9.1496567724171296,9.2359539977539704,0.79999999999999594,0.91280942351656424,8.906534093583403,-1.0000000000000044,-0.9170860579969965,occupied,occupied,1,
9.1996548968565666,9.2890583137893472,0.80000000000000182,0.92243266823797521,8.9500000000000028,-1.0276068814099351,-0.93635926555306359,occupied,occupied,1,
9.2496530212960053,9.3422202094060918,0.7999999999999996,0.9321934703830953,8.9943414322493886,-1.0500000000000012,-0.95023040419883453,occupied,occupied,1,
9.2996511457354423,9.3954406908113945,0.80000000000000493,0.94209277126317392,9.0428718890098647,-1.0499999999999952,-0.94120347734025955,occupied,occupied,1,
9.349649270174881,9.4487207763012204,0.80000000000000149,0.95213152119553468,9.0914379145671838,-1.0499999999999987,-0.93205292924684757,occupied,occupied,1,
9.399647394614318,9.4922771436073567,0.74999999999999956,0.91136233755901963,9.1400404447968118,-1.0500000000000009,-0.92277797659062388,occupied,occupied,1,
9.4496455190537567,9.5455508270586904,0.74999999999999944,0.9216579978242323,9.1886804275053198,-1.0500000000000005,-0.91337782800516576,occupied,occupied,1,
9.4996436434931937,9.5988865856325916,0.74999999999999845,0.9320955711299368,9.2273163846632595,-1.1000000000000019,-0.95485021883022825,occupied,occupied,1,
9.5496417679326324,9.6522854843134684,0.74999999999999889,0.94267604011961004,9.2759041328643708,-1.1000000000000003,-0.94522303602790647,occupied,occupied,1,
9.5996398923720712,9.6999999999999975,0.72210273735049713,0.92491700406939814,9.3245315870433867,-1.0999999999999965,-0.9354686856703176,occupied,occupied,1,
9.6496380168115081,9.7488425035375101,0.6999999999999984,0.91319245466570487,9.3731997410996168,-1.1000000000000025,-0.92558634795628925,occupied,occupied,1,
9.6996361412509469,9.8023053119470394,0.70000000000000173,0.92418046774180196,9.4219096013396531,-1.0999999999999988,-0.91557519447220514,occupied,occupied,1,
9.7496342656903838,9.8558349763904367,0.70000000000000462,0.93531493707527957,9.4599629424125755,-1.1499999999999959,-0.95656631376626622,occupied,occupied,1,
9.7996323901298226,9.9094326228296126,0.69999999999999618,0.94659688927138541,9.5086259144751555,-1.1500000000000028,-0.94632308195347625,occupied,occupied,1,
9.8496305145692595,9.9521327313275716,0.6500000000000008,0.90683881149088374,9.5573330114847224,-1.1499999999999999,-0.93594897303233526,occupied,occupied,1,
9.8996286390086983,10.005735048322135,0.65000000000000113,0.91838981760113914,9.6060852877011484,-1.1499999999999986,-0.92544312796752315,occupied,occupied,1,
9.9496267634481352,10.059408122614199,0.65000000000000113,0.93009096061774366,9.6548838102661598,-1.1499999999999984,-0.91480467851219138,occupied,occupied,1,
9.999624887887574,10.113153129993023,0.65000000000000202,0.94194330324091458,9.7000000000000028,-1.166397171192175,-0.9208487389199842,occupied,occupied,1,
10.049623012327011,10.166971259586555,0.64999999999999813,0.95394791875705265,9.7411142798945658,-1.2000000000000022,-0.94443406787060802,occupied,occupied,1,
10.09962113676645,10.209216603083304,0.60000000000000475,0.91476725861844632,9.7899206118453428,-1.1999999999999957,-0.93342351299259751,occupied,occupied,1,
10.149619261205887,10.263046443991209,0.60000000000000209,0.92704816369484688,9.8387768979132222,-1.1999999999999975,-0.92227729379748424,occupied,occupied,1,
10.199617385645325,10.316952361204237,0.60000000000000542,0.93948411325450765,9.8876842683975656,-1.1999999999999944,-0.91099449929465559,occupied,occupied,1,
10.249615510084762,10.370935595403836,0.59999999999999964,0.95207621888225646,9.9245802079232206,-1.25,-0.95100894262076152,occupied,occupied,1,
10.299613634524201,10.412793496883062,0.55000000000000049,0.9133577951852544,9.9734529469760389,-1.2499999999999996,-0.93948329859278579,occupied,occupied,1,
10.349611758963638,10.466794194931021,0.55000000000000226,0.92623198948780427,10.02237954008252,-1.2499999999999982,-0.92781881495206153,occupied,occupied,1,
10.399609883403077,10.520875309985625,0.55000000000000293,0.93926520782459388,10.071361169179752,-1.2499999999999971,-0.91601454541598937,occupied,occupied,1,
10.449608007842514,10.575038135636719,0.55000000000000049,0.9524586018598743,10.120399030019318,-1.2499999999999987,-0.90406953322361772,occupied,occupied,1,
10.499606132281952,10.616512044943041,0.500000000000002,0.91420788642305151,10.156722397611629,-1.2999999999999985,-0.94358825949639424,occupied,occupied,1,
10.549604256721389,10.670700373811211,0.50000000000000111,0.92768986117749808,10.205730644917281,-1.2999999999999994,-0.93139508814238059,occupied,occupied,1,
10.599602381160828,10.724985388537977,0.49999999999999561,0.94133833082648211,10.254786738733387,-1.3000000000000049,-0.91906129567263695,occupied,occupied,1,
10.649600505600265,10.779370439470096,0.49999999999999711,0.95515575309836498,10.303890984871622,-1.300000000000002,-0.90658555861635859,occupied,occupied,1,
10.699598630039704,10.820501754188328,0.44999999999999601,0.91739124990893439,10.350000000000001,-1.3113995385328585,-0.90576541780726727,occupied,occupied,1,
10.749596754479141,10.874943711342723,0.45000000000000495,0.93151437716451879,10.38874501026161,-1.3499999999999956,-0.93299338010895627,occupied,occupied,1,
10.79959487891858,10.929490757531754,0.45000000000000473,0.94581234973474648,10.437852599605176,-1.3499999999999959,-0.92012121776690514,occupied,occupied,1,
10.849593003358017,10.98414514778614,0.45000000000000334,0.96028745717070096,10.487013618598613,-1.3499999999999961,-0.90710102874012477,occupied,occupied,1,
10.899591127797455,11.024945868760327,0.39999999999999619,0.92302888759926682,10.522266523286987,-1.4000000000000037,-0.94584417506858176,occupied,occupied,1,
10.949589252236892,11.079666266962358,0.39999999999999658,0.93782321356666731,10.571384120150523,-1.4000000000000032,-0.93256464481128087,occupied,occupied,1,
10.999587376676331,11.134499516338494,0.40000000000000135,0.95280092696001062,10.620559033570681,-1.3999999999999986,-0.91913251732362922,occupied,occupied,1,
11.049585501115768,11.175013190845357,0.35000000000000409,0.91592250835447686,10.669793136963452,-1.3999999999999955,-0.90554593848846321,occupied,occupied,1,
11.099583625555207,11.229919182960565,0.34999999999999776,0.93122965585127981,10.704493177754399,-1.4500000000000028,-0.94388967020424108,occupied,occupied,1,
11.149581749994644,11.284943887003278,0.35000000000000153,0.9467267246576021,10.753689547396043,-1.4499999999999993,-0.93003409477345278,occupied,occupied,1,
11.199579874434082,11.340089874314721,0.35000000000000064,0.96241626604371433,10.802949369595652,-1.45,-0.91601923239903427,occupied,occupied,1,
11.249577998873519,11.380274072643759,0.30000000000000249,0.92607465527238175,10.850000000000003,-1.4575391616351585,-0.90971795196826755,occupied,occupied,1,
11.299576123312958,11.435503788525399,0.29999999999999871,0.94210856546107047,10.886415054659004,-1.5000000000000022,-0.93977836994684694,occupied,occupied,1,
11.349574247752395,11.490861170824102,0.30000000000000115,0.9583419072701761,10.935709143626672,-1.4999999999999982,-0.92532307708914818,occupied,occupied,1,
11.399572372191834,11.530758005641927,0.24999999999999645,0.92240299319477792,10.985073384703099,-1.5000000000000031,-0.91070139704849173,occupied,occupied,1,
11.449570496631271,11.58620731259005,0.25000000000000433,0.9389920233887521,11.034509970027907,-1.4999999999999958,-0.89591123231442826,occupied,occupied,1,
11.49956862107071,11.641791076516764,0.25000000000000144,0.95578777699253559,11.068084856258888,-1.5499999999999989,-0.93342868153268543,occupied,occupied,1,
11.549566745510147,11.681400716534206,0.19999999999999762,0.92026139941469676,11.117497669541651,-1.550000000000002,-0.9183485772816895,occupied,occupied,1,
11.599564869949585,11.737085280663511,0.19999999999999551,0.93742468123016853,11.166987950690585,-1.5500000000000049,-0.90309452965633041,occupied,occupied,1,
11.649562994389022,11.792911525097532,0.20000000000000262,0.95480233530399894,11.200090831780134,-1.5999999999999976,-0.94030620365236406,occupied,occupied,1,
11.699561118828461,11.83223477979768,0.14999999999999958,0.9196987093135659,11.249562689512626,-1.6000000000000001,-0.92475426238214853,occupied,occupied,1,
11.749559243267898,11.88817142359774,0.15000000000000302,0.93745629223999205,11.299117489250806,-1.5999999999999965,-0.90902266446912772,occupied,occupied,1,
11.799557367707337,11.944257430869021,0.15000000000000391,0.95543627941639708,11.348757746333373,-1.5999999999999965,-0.89310906065023432,occupied,occupied,1,
11.849555492146774,11.983295797977473,0.10000000000000331,0.92076603338097729,11.381285744963794,-1.6499999999999966,-0.92988685247566838,occupied,occupied,1,
11.899553616586212,12.039502574721622,0.099999999999997313,0.93913895456113772,11.430916810963041,-1.650000000000003,-0.91366341802197615,occupied,occupied,1,
11.949551741025649,12.09586688684338,0.10000000000000198,0.95774272311707853,11.480639334110862,-1.6499999999999977,-0.89725187030934006,occupied,occupied,1,
11.999549865465088,12.134622603828669,0.050000000000003375,0.92351694013288455,11.51268643577408,-1.6999999999999962,-0.93371341637500549,occupied,occupied,1,
12.049547989904525,12.191118877183669,0.050000000000002931,0.94252729942440738,11.562406507006381,-1.6999999999999962,-0.9169831857339692,occupied,occupied,1,
12.099546114343964,12.247781377385531,0.049999999999997935,0.9617773903887965,11.612224445320022,-1.7000000000000017,-0.90005842780155076,occupied,occupied,1,
12.149544238783401,12.286257477213992,-3.1086244689504383e-15,0.92800765351041914,11.650000000000004,-1.7330762168372895,-0.91817130603758446,occupied,occupied,1,
12.199542363222839,12.343064006344216,2.9976021664879227e-15,0.94767869423054329,11.693609715684262,-1.7499999999999969,-0.9189468374861488,occupied,occupied,1,
12.249540487662276,12.381288614858242,-0.049999999999996381,0.91419620518946543,11.743537308696123,-1.7499999999999973,-0.90149284542231067,occupied,occupied,1,
12.299538612101715,12.438246377598658,-0.049999999999995159,0.93429726591253281,11.774611692763269,-1.7999999999999949,-0.93730926189093855,occupied,occupied,1,
12.349536736541152,12.495385408073522,-0.050000000000003264,0.95465346168964682,11.82455231712936,-1.800000000000004,-0.91951756463257783,occupied,occupied,1,
12.399534860980591,12.533335318680429,-0.099999999999995537,0.92164615244479942,11.874604972773607,-1.7999999999999958,-0.90151749040751483,occupied,occupied,1,
12.449532985420028,12.590639192998292,-0.099999999999999423,0.94244796806965503,11.905188611594596,-1.8499999999999992,-0.93700474470251416,occupied,occupied,1,
12.499531109859467,12.628338227781953,-0.14999999999999647,0.90973877828182637,11.955263142267919,-1.8499999999999961,-0.91865671250776848,occupied,occupied,1,
12.549529234298904,12.685815154122833,-0.15000000000000024,0.93099607476755841,12.000000000000004,-1.86363662863705,-0.91478097586208795,occupied,occupied,1,
12.599527358738342,12.743490006303922,-0.14999999999999658,0.95252529703752953,12.035548293243327,-1.8999999999999972,-0.93524626464337768,occupied,occupied,1,
12.649525483177779,12.780921698673783,-0.20000000000000462,0.92031192719732902,12.085774196848504,-1.9000000000000041,-0.91632359714981881,occupied,occupied,1,
12.699523607617218,12.838784927629838,-0.19999999999999807,0.94231363250698763,12.136128297597292,-1.899999999999999,-0.89717715021759492,occupied,occupied,1,
12.749521732056655,12.875967876467794,-0.25000000000000122,0.91041010827722268,12.16572475854637,-1.9500000000000011,-0.93199193431683247,occupied,occupied,1,
12.799519856496094,12.934028808140363,-0.24999999999999856,0.93289505430968045,12.216120901354254,-1.9499999999999988,-0.91247530489359163,occupied,occupied,1,
12.849517980935532,12.970963409755614,-0.30000000000000326,0.90130566315667893,12.25,-1.9890160514506916,-0.93514838207955164,occupied,occupied,1,
12.899516105374969,13.029231829569904,-0.29999999999999716,0.92428497372020368,12.295755600724267,-1.9999999999999976,-0.92719750750440133,occupied,occupied,1,
12.949514229814408,13.087724069211468,-0.2999999999999976,0.94756202228095343,12.34634234764744,-1.9999999999999969,-0.90706647342087876,occupied,occupied,1,
12.999512354253845,13.12440489711156,-0.34999999999999709,0.91649930864636342,12.375035462322845,-2.0499999999999972,-0.9413366770626983,occupied,occupied,1,
13.049510478693284,13.18312264132612,-0.34999999999999865,0.94028995925244452,12.425682253126665,-2.0499999999999998,-0.92081614779135967,occupied,occupied,1,
13.099508603132721,13.219559672943831,-0.4000000000000028,0.90955451216214445,12.453964055049061,-2.1000000000000023,-0.95488552445466035,occupied,occupied,1,
13.14950672757216,13.278514005253601,-0.40000000000000335,0.9338709551299339,12.504677828603151,-2.1000000000000041,-0.93396801766536242,occupied,occupied,1,
13.199504852011597,13.314708611271184,-0.4499999999999974,0.90346760263648873,12.550000000000002,-2.112063299005642,-0.92607705930916229,occupied,occupied,1,
13.249502976451035,13.373911149698456,-0.44999999999999751,0.92832246502556826,12.583333572279393,-2.1499999999999968,-0.94651430278057624,occupied,occupied,1,
13.299501100890472,13.409864994927533,-0.49999999999999722,0.89825619553673686,12.634286755064235,-2.1499999999999968,-0.92493375785524368,occupied,occupied,1,
13.349499225329911,13.469254417110831,-0.49999999999999589,0.92363029891485093,12.661730823304763,-2.1999999999999966,-0.958414959455273,occupied,occupied,1,
13.399497349769348,13.504542480455706,-0.55000000000000326,0.89370848413385429,12.713220770041749,-2.2000000000000028,-0.93623415140761823,occupied,occupied,1,
13.449495474208787,13.563420305164293,-0.54999999999999549,0.91925976048454772,12.750000000000002,-2.2315570513344767,-0.94870349122740216,occupied,occupied,1,
13.499493598648224,13.622106359158368,-0.5500000000000016,0.94489577671040348,12.793468834294549,-2.2500000000000022,-0.94630493913454305,occupied,occupied,1,
13.549491723087662,13.65603467226822,-0.59999999999999887,0.91488709990048045,12.846387712634789,-2.2499999999999987,-0.92305419384196608,occupied,occupied,1,
13.599489847527099,13.714102492077075,-0.59999999999999554,0.94052764676093403,12.875134137215733,-2.2999999999999963,-0.95522231050103212,occupied,occupied,1,
13.649487971966538,13.750000000000004,-0.64417747695607164,0.91684905669682937,12.928914213534817,-2.3000000000000029,-0.9313744407608574,occupied,occupied,1,
13.699486096405975,13.804525830919001,-0.64999999999999969,0.93589717338297074,12.958276016763003,-2.3499999999999996,-0.96308643580354869,occupied,occupied,1,
13.749484220845414,13.850000000000005,-0.67330419451032597,0.93533114393610084,13.012897429416473,-2.3499999999999979,-0.93871515693915164,occupied,occupied,1,
13.799482345284851,13.893394977588528,-0.69999999999999818,0.93085235585199266,13.050000000000001,-2.3858918627671151,-0.9542329104333096,occupied,occupied,1,
13.849480469724289,13.949774243079652,-0.69999999999999896,0.95608936191109839,13.098379421451046,-2.3999999999999995,-0.94519261146791844,occupied,occupied,1,
13.899478594163726,13.980733023277853,-0.74999999999999745,0.92524953460705095,13.150000000000002,-2.4084164945559334,-0.9295988757433894,occupied,occupied,1,
13.949476718603165,14.036350759697502,-0.75000000000000011,0.95015355057939221,13.185392876487157,-2.4500000000000002,-0.95093280174599093,occupied,occupied,1,
13.999474843042602,14.066568955358131,-0.79999999999999993,0.91895394848767475,13.241975745251892,-2.4500000000000006,-0.92562024686292443,occupied,occupied,1,
14.049472967482041,14.121396913188317,-0.79999999999999905,0.94344080629580518,13.273962551577492,-2.4999999999999987,-0.95607097235647354,occupied,occupied,1,
14.099471091921478,14.175777920672681,-0.79999999999999427,0.96767004349049957,13.331256337606675,-2.4999999999999947,-0.93054403934218111,occupied,occupied,1,
14.149469216360917,14.204953465981824,-0.85000000000000442,0.93583094093435915,13.388837534010381,-2.500000000000004,-0.90496921508954153,occupied,occupied,1,
14.199467340800354,14.258488663477737,-0.84999999999999454,0.9595168863086817,13.422073827839014,-2.5499999999999949,-0.93510438911196325,occupied,occupied,1,
14.249465465239792,14.300000000000004,-0.87355752060227254,0.9566481507578477,13.480286785015647,-2.5499999999999972,-0.90946790714133374,occupied,occupied,1,
14.299463589679229,14.339744996811023,-0.90000000000000246,0.95028659130198168,13.514440242898987,-2.6000000000000023,-0.93945623163181802,occupied,occupied,1,
14.349461714118668,14.391887265514521,-0.90000000000000147,0.97298559475894941,13.57324614314917,-2.6000000000000014,-0.91385655211704275,occupied,occupied,1,
14.399459838558105,14.419614586154998,-0.94999999999999807,0.93988577040643062,13.608364995455421,-2.6499999999999981,-0.94376119715682039,occupied,occupied,1,
14.449457962997544,14.470864786499209,-0.94999999999999696,0.96186967706071536,13.667725187417091,-2.6499999999999977,-0.91829872380495947,occupied,occupied,1,
14.499456087436981,14.500000000000002,-0.99609986752780599,0.93253654006854358,13.703856242293956,-2.7000000000000037,-0.94818686978551459,occupied,occupied,1,
14.549454211876419,14.548539278052505,-0.99999999999999811,0.94944707701157138,13.763733088334938,-2.6999999999999988,-0.9229633361775369,occupied,occupied,1,
14.599452336315856,14.598310478887623,-1.0000000000000009,0.97019774738298836,13.80092215178562,-2.7500000000000013,-0.95290603145957053,occupied,occupied,1,
14.649450460755295,14.625012803895673,-1.0500000000000003,0.93565205962592479,13.86127981453668,-2.7500000000000004,-0.92802389907377003,occupied,occupied,1,
14.699448585194732,14.673896867695252,-1.0500000000000027,0.95556000461608626,13.900000000000004,-2.7990328318104511,-0.95703828268299795,occupied,occupied,1,
14.749446709634171,14.722436727807702,-1.0499999999999989,0.97507084542658384,13.960119363390326,-2.7999999999999994,-0.9337580531634011,occupied,occupied,1,
14.799444834073608,14.750151335391871,-1.1000000000000023,0.94018407634976631,14.000000000000004,-2.8454534137879031,-0.95964082234327852,occupied,occupied,1,
14.849442958513047,14.800396457523334,-1.0999999999999988,0.95992745982888861,14.056560962086616,-2.8499999999999988,-0.9415959410977438,occupied,occupied,1,
14.899441082952483,14.85,-1.10342718172562,0.97610104660468544,14.1,-2.8831371749504378,-0.95518548314285046,occupied,occupied,1,
14.949439207391922,14.882405140247517,-1.1500000000000006,0.94571200094887786,14.14938862476369,-2.9000000000000012,-0.95160537154631264,occupied,occupied,1,
14.999437331831359,14.935294950040202,-1.1499999999999981,0.9661111803071093,14.200000000000003,-2.9116531528612537,-0.94283630313517219,occupied,occupied,1,
15.049435456270798,14.968251781145309,-1.2000000000000002,0.93265116135835335,14.238536836049118,-2.9499999999999997,-0.96339311584002907,occupied,occupied,1,
15.099433580710235,15.023001459393603,-1.2000000000000028,0.95373258887634349,14.292135141678399,-2.9500000000000028,-0.94275510535491081,occupied,occupied,1,
15.149431705149674,15.057770308736474,-1.2500000000000036,0.92102780247568972,14.32388054585774,-3.0000000000000031,-0.97662711453588369,occupied,occupied,1,
15.199429829589111,15.114422726351091,-1.2499999999999971,0.94299570030879287,14.375626348766874,-2.9999999999999982,-0.95656216601999167,occupied,occupied,1,
15.249427954028549,15.172149015471682,-1.2499999999999944,0.9655310748427286,14.405242234252146,-3.0499999999999945,-0.99103377485699717,occupied,occupied,1,
15.299426078467986,15.209474127794309,-1.3000000000000025,0.93427211575180724,14.455137760107336,-3.0500000000000029,-0.97138350781063965,occupied,occupied,1,
15.349424202907425,15.269281017725206,-1.2999999999999947,0.95808339909498552,14.500000000000002,-3.0597354904918275,-0.96245357808844156,occupied,occupied,1,
15.399422327346862,15.308135624942395,-1.3500000000000023,0.92799808635601733,14.530427746731698,-3.1000000000000032,-0.98702920948887118,occupied,occupied,1,
15.449420451786301,15.370154368906084,-1.3500000000000005,0.95337893490700221,14.577724613754192,-3.1000000000000005,-0.96767414006257957,occupied,occupied,1,
15.499418576225738,15.410461639452645,-1.4000000000000035,0.92468148546537798,14.624339923608504,-3.1000000000000028,-0.9482807010514066,occupied,occupied,1,
15.549416700665176,15.474870664805639,-1.400000000000003,0.95197123588678301,14.649999999999999,-3.1429500390549112,-0.97631464859674078,occupied,occupied,1,
15.599414825104613,15.516593162753416,-1.4499999999999948,0.9249116420067498,14.691471701414271,-3.1499999999999955,-0.96475113901066023,occupied,occupied,1,
15.649412949544052,15.583626820978791,-1.4500000000000002,0.95450355297832112,14.735699743169336,-3.1499999999999999,-0.94522809367140526,occupied,occupied,1,
15.699411073983489,15.626772573789975,-1.5000000000000009,0.92937234486716036,14.753730431672803,-3.2000000000000011,-0.98170132768252405,occupied,occupied,1,
15.749409198422928,15.696731528529671,-1.4999999999999969,0.9617238012138033,14.796175361531223,-3.1999999999999966,-0.96207489145623237,occupied,occupied,1,
15.799407322862365,15.750000000000004,-1.5342190238009379,0.95684890237814124,14.83816396987933,-3.199999999999998,-0.94216958265377682,occupied,occupied,1,
15.849405447301804,15.814625089061343,-1.5500000000000025,0.9745031779057074,14.85144260799391,-3.2500000000000018,-0.97939561472281911,occupied,occupied,1,
15.899403571741241,15.890231080626995,-1.5500000000000032,1.0122824378935695,14.891712977906659,-3.2500000000000036,-0.95927491644847973,occupied,occupied,1,
15.949401696180679,15.937902990097255,-1.5999999999999961,0.99385863143737074,14.931694132786154,-3.2499999999999964,-0.93874486243593647,occupied,occupied,1,
15.999399820620116,16.017647242301887,-1.5999999999999974,1.0359680139241148,14.950000000000001,-3.2838859546568249,-0.95785809240646402,occupied,occupied,1,
16.049397945059557,16.06734351058272,-1.6500000000000021,1.0209792565251812,14.978191412158742,-3.3000000000000025,-0.9560772154809557,occupied,occupied,1,
16.099396069498994,16.150000000000002,-1.6527288734296666,1.0649115440979919,15,-3.3240479888412127,-0.9638337788886151,occupied,occupied,1,
16.149394193938431,16.204170480775211,-1.7000000000000011,1.0573931685374425,15.018865309497581,-3.350000000000001,-0.97421908508220267,occupied,occupied,1,
16.199392318377868,16.258108484495864,-1.7500000000000027,1.0490464096491279,15.049999999999999,-3.3562674731563251,-0.96083450862212449,occupied,occupied,1,
16.249390442817308,16.350000000000005,-1.7544343285606152,1.101631450489478,15.050000000000004,-3.4001811216334086,-0.99562449643483153,occupied,occupied,1,
16.299388567256745,16.413817310796844,-1.7999999999999958,1.1064277629160413,15.050000000000002,-3.438477251081812,-1.0253802395883476,occupied,occupied,1,
16.349386691696182,16.477127929078783,-1.8499999999999945,1.1096067842209818,15.068717872175453,-3.4499999999999944,-1.0219698361205056,occupied,occupied,1,
16.399384816135619,16.544040363617846,-1.8999999999999984,1.1175179016975252,15.095494966231009,-3.449999999999998,-1.0039871697766376,occupied,occupied,1,
16.44938294057506,16.600000000000001,-1.965393378101971,1.109310396982188,15.100000000000003,-3.4707237344272679,-1.0157824202082621,occupied,occupied,1,
16.499381065014497,16.650000000000002,-2.0393851551969138,1.0936892819202748,15.100000000000001,-3.4912954375966527,-1.0301147269605093,occupied,occupied,1,
16.549379189453933,16.71801485987638,-2.0999999999999988,1.1035547040168834,15.100000000000001,-3.5071319735801634,-1.0407382978493218,occupied,occupied,1,
16.59937731389337,16.800000000000001,-2.1541888904246269,1.1317181662357685,15.100000000000001,-3.5185108670383523,-1.048046604529917,occupied,occupied,1,
16.649375438332811,16.850000000000001,-2.2386410629754208,1.1198906717282646,15.100000000000001,-3.525752465789691,-1.0524711220930401,occupied,occupied,1,
16.699373562772248,16.900000000000002,-2.325618156710052,1.1108567937390637,15.100000000000003,-3.529222153731812,-1.0544751858074348,occupied,occupied,1,
16.749371687211685,16.949999999999999,-2.4151964733367959,1.1050383031881434,15.100000000000001,-3.5293314258309776,-1.0545442241465284,occupied,occupied,1,
16.799369811651122,17,-2.5073046084646102,1.1029434485351575,15.1,-3.526672672663913,-1.0532363330019556,occupied,occupied,1,
16.849367936090562,17.050000000000001,-2.5975183807941247,1.1068452031945644,15.100000000000003,-3.5260066838260449,-1.0529211102910154,occupied,occupied,1,
16.899366060529999,17.099999999999998,-2.684125956121211,1.1169904208130972,15.1,-3.5293977380984756,-1.0542959226724919,occupied,occupied,1,
16.949364184969436,17.150000000000006,-2.7675973143346693,1.1325390691351844,15.100000000000003,-3.5366822571116225,-1.0569795193235278,occupied,occupied,1,
16.999362309408873,17.150000000000002,-2.8649540183584716,1.1000624632933453,15.100000000000001,-3.5476777094988332,-1.0606345627712346,occupied,occupied,1,
17.049360433848314,17.170599362908895,-2.950000000000002,1.0942311700379144,15.141246972792899,-3.550000000000002,-1.0219614306649378,occupied,occupied,1,
17.099358558287751,17.199999999999999,-3.0287263670816129,1.1014057431140563,15.149999999999999,-3.5669218478366336,-1.0180645622936721,occupied,occupied,1,
17.149356682727188,17.200000000000003,-3.1112769797397659,1.0815585669921606,15.150000000000002,-3.5894006464447816,-1.0234597798788234,occupied,occupied,1,
17.199354807166625,17.250000000000004,-3.1791785119974962,1.1157955863424014,15.150000000000006,-3.6147054098777684,-1.0288917285772374,occupied,occupied,1,
17.249352931606065,17.250000000000004,-3.2547845925600192,1.1012615000678039,15.150000000000004,-3.6427084564217558,-1.0342676905904311,occupied,occupied,1,
17.299351056045502,17.250000000000004,-3.3268354335242343,1.0888628098978663,15.150000000000002,-3.6733002735905669,-1.0395257555201569,occupied,occupied,1,
17.349349180484939,17.25,-3.3956527320215133,1.0782347082729364,15.150000000000002,-3.7063916946578814,-1.0446309735120236,occupied,occupied,1,
17.399347304924376,17.25,-3.4614890676746675,1.069068720028501,15.149999999999999,-3.7419158327755859,-1.049572158125456,occupied,occupied,1,
17.449345429363817,17.250000000000004,-3.5245363255510722,1.0611014396679204,15.200000000000003,-3.7737516765073966,-1.0039913648210894,occupied,occupied,1,
17.499343553803254,17.250000000000004,-3.5851389255593871,1.0540841498690046,15.200000000000001,-3.8143208096324046,-1.0086868834711633,occupied,occupied,1,
17.549341678242691,17.25,-3.6449114437116457,1.0477113648633689,15.199999999999999,-3.8554789904323297,-1.0130745754351298,occupied,occupied,1,
17.599339802682127,17.250000000000004,-3.7041767429928307,1.0419107827202831,15.200000000000001,-3.8969489543041327,-1.0171329578189632,occupied,occupied,1,
17.649337927121568,17.199999999999999,-3.7672247179358016,0.98646764398012377,15.200000000000001,-3.9387554916188741,-1.0208745805347481,occupied,occupied,1,
17.699336051561005,17.200000000000003,-3.8250878888580035,0.98174959621310631,15.200000000000001,-3.9809215916690981,-1.0243122530158288,occupied,occupied,1,
17.749334176000442,17.200000000000003,-3.8824698648230567,0.97750486737973918,15.199999999999999,-4.0234684003479986,-1.0274591190849012,occupied,occupied,1,
17.799332300439879,17.200000000000003,-3.9393723542319599,0.97370218136759701,15.250000000000005,-4.0632391232350109,-0.98022795465652712,occupied,occupied,1,
17.849330424879319,17.200000000000003,-3.9957969545166447,0.97031026872932213,15.250000000000005,-4.1069298102847398,-0.98285396185426288,occupied,occupied,1,
17.899328549318756,17.200000000000003,-4.051745185700101,0.96729795366337967,15.250000000000002,-4.1510306715735599,-0.98522800204249228,occupied,occupied,1,
17.949326673758193,17.199999999999999,-4.1072185287308445,0.96463423774187695,15.25,-4.1955550720281689,-0.98736559445117933,occupied,occupied,1,
17.99932479819763,17.200000000000003,-4.1622184681710834,0.96228837997672034,15.250000000000004,-4.2405146016583286,-0.98928285482846967,occupied,occupied,1,
18.049322922637071,17.200000000000003,-4.2167465387946024,0.96022997285897527,15.250000000000004,-4.2859191213807737,-0.99099652506012559,occupied,occupied,1,
18.099321047076508,17.199999999999999,-4.2708043754615579,0.95842901405331804,15.25,-4.3317768197892921,-0.9925239938295729,occupied,occupied,1,
18.149319171515945,17.200000000000003,-4.3243937658942695,0.95685597345545581,15.250000000000004,-4.3780942798058895,-0.99388330825145066,occupied,occupied,1,
18.199317295955382,17.200000000000003,-4.3775132166487696,0.9554819121798902,15.300000000000004,-4.4236656495720954,-0.94507854386057522,occupied,occupied,1,
18.249315420394822,17.200000000000003,-4.4301409591627277,0.95427811255390216,15.300000000000004,-4.4710857586564643,-0.94616301429154237,occupied,occupied,1,
18.299313544834259,17.200000000000003,-4.4822766084233159,0.95321508734273896,15.300000000000004,-4.5189830374183488,-0.9471394485082858,occupied,occupied,1,
18.349311669273696,17.200000000000003,-4.5339240871178337,0.95226405826439542,15.300000000000002,-4.5673577055495205,-0.94803007866321032,occupied,occupied,1,
18.399309793713133,17.200000000000003,-4.5850866371640526,0.95139710736429262,15.300000000000004,-4.6162099446747957,-0.94885778613563143,occupied,occupied,1,
18.449307918152574,17.150000000000002,-4.6365504106025712,0.90058100594173252,15.300000000000002,-4.6655399960076052,-0.94964611418756595,occupied,occupied,1,
18.499306042592011,17.150000000000002,-4.6867402367557434,0.89980189915957143,15.300000000000002,-4.7153482550764645,-0.95041928186507485,occupied,occupied,1,
18.549304167031448,17.200000000000006,-4.7356887866020303,0.94903378512769487,15.300000000000004,-4.7656353639099871,-0.95120219955748775,occupied,occupied,1,
18.599302291470885,17.200000000000003,-4.7849335372447035,0.94824009636751749,15.300000000000002,-4.8164023010560877,-0.95202048657783644,occupied,occupied,1,
18.649300415910325,17.200000000000003,-4.8337024786315856,0.94740276526803546,15.300000000000004,-4.8676504697926282,-0.95290049108445218,occupied,occupied,1,
18.699298540349762,17.200000000000003,-4.8819966533439043,0.94649845390529608,15.350000000000001,-4.9183979656131465,-0.90385963455621132,occupied,occupied,1,
18.749296664789199,17.199999999999999,-4.9298170625913604,0.94550451433478355,15.35,-4.9704992397441865,-0.90494273958462823,occupied,occupied,1,
18.799294789228636,17.200000000000003,-4.9771647642526231,0.94439897224285652,15.350000000000001,-5.0230640612728079,-0.90617033082767384,occupied,occupied,1,
18.849292913668076,17.200000000000003,-5.0240409736324656,0.9431605113385616,15.350000000000005,-5.0760963171642004,-0.90757171099675071,occupied,occupied,1,
18.899291038107513,17.200000000000003,-5.070511461328671,0.94176696101584589,15.350000000000005,-5.129538658590671,-0.90917447782456429,occupied,occupied,1,
18.94928916254695,17.199999999999999,-5.1169816587416435,0.94019702598179078,15.35,-5.1830049417792781,-0.91098072720753098,occupied,occupied,1,
18.999287286986387,17.200000000000003,-5.1635233664075919,0.93845044195234006,15.350000000000003,-5.2364282611645105,-0.91298552066681449,occupied,occupied,1,
19.049285411425828,17.200000000000003,-5.2101378706616694,0.93652957746236054,15.350000000000001,-5.2898094012962398,-0.91518518264343351,occupied,occupied,1,
19.099283535865265,17.199999999999999,-5.256826366359741,0.93443682038507925,15.35,-5.343149072503568,-0.91757603313295066,occupied,occupied,1,
19.149281660304702,17.200000000000003,-5.3035899579856549,0.9321745786748592,15.350000000000003,-5.3964479116667157,-0.92015438767043634,occupied,occupied,1,
19.199279784744142,17.200000000000003,-5.3504296608114261,0.92974528106090959,15.350000000000003,-5.4497064830366666,-0.92291655733031142,occupied,occupied,1,
19.249277909183579,17.200000000000003,-5.3973464021084316,0.9271513776918956,15.4,-5.5000717959397134,-0.87577749127043658,occupied,occupied,1,
19.299276033623016,17.199999999999999,-5.4443410224062072,0.92439534073145491,15.399999999999999,-5.5530840809820656,-0.8788864045286795,occupied,occupied,1,
19.349274158062453,17.200000000000003,-5.4914142767960881,0.92147966490491895,15.400000000000004,-5.6060605434449489,-0.8821676860083687,occupied,occupied,1,
19.399272282501894,17.199999999999999,-5.5385668362769502,0.91840686799757087,15.4,-5.6590014766507144,-0.88561766138166076,occupied,occupied,1,
19.449270406941331,17.199999999999999,-5.5857992891403594,0.91517949130484444,15.399999999999999,-5.7119071056464303,-0.88923265157824105,occupied,occupied,1,
19.499268531380768,17.200000000000003,-5.63311214239239,0.91180010003510303,15.400000000000002,-5.7647775882811763,-0.89300897287014225,occupied,occupied,1,
19.549266655820205,17.199999999999999,-5.6805058232096677,0.90827128366555321,15.4,-5.817613016317785,-0.89694293697475203,occupied,occupied,1,
19.599264780259645,17.199999999999999,-5.7279806804271995,0.9045956562522135,15.4,-5.8704134165772528,-0.90103085117594051,occupied,occupied,1,
19.649262904699082,17.199999999999999,-5.7755369860551529,0.90077585669452986,15.4,-5.9231787521134907,-0.90526901846356755,occupied,occupied,1,
19.699261029138519,17.200000000000003,-5.8231749368232029,0.89681454895577695,15.400000000000004,-5.97590892341774,-0.90965373769114355,occupied,occupied,1,
19.749259153577956,17.200000000000003,-5.8708946557490682,0.89271442223999797,15.400000000000002,-6.0286037696496413,-0.91418130375176565,occupied,occupied,1,
19.799257278017397,17.250000000000004,-5.9141804471699242,0.93868169665168566,15.400000000000002,-6.0812630698944181,-0.91884800777204012,occupied,occupied,1,
19.849255402456834,17.250000000000004,-5.9619321141191763,0.93432411602507148,15.400000000000004,-6.1338865444440041,-0.9236501373240803,occupied,occupied,1,
19.89925352689627,17.25,-6.0097687662969763,0.92983596748082953,15.4,-6.1864738561008448,-0.92858397665520775,occupied,occupied,1,
19.949251651335707,17.25,-6.0576902545851192,0.92522001635556161,15.4,-6.2390246115028472,-0.93364580693528798,occupied,occupied,1,
19.999249775775148,17.25,-6.1056963639988036,0.92047905412912912,15.450000000000001,-6.2865156057527836,-0.88858025893622283,occupied,occupied,1,
20.049247900214585,17.250000000000004,-6.1537868153709665,0.91561589837058655,15.450000000000003,-6.3388733156831512,-0.89387491746623615,occupied,occupied,1,
20.099246024654022,17.25,-6.2019612670481701,0.91063339264823995,15.450000000000001,-6.3911962647456582,-0.89928646313365823,occupied,occupied,1,
20.149244149093459,17.250000000000004,-6.2502193165966276,0.90553440640504534,15.450000000000003,-6.4434838540050787,-0.90481119082762163,occupied,occupied,1,
20.199242273532899,17.25,-6.2985605025165663,0.90032183480067018,15.449999999999999,-6.4957354349934651,-0.91044539319890572,occupied,occupied,1,
20.249240397972336,17.25,-6.3469843059640976,0.89499859852145591,15.449999999999999,-6.5479503111437305,-0.91618536100277181,occupied,occupied,1,
20.299238522411773,17.25,-6.395490152478942,0.88956764355957019,15.449999999999999,-6.6001277392358038,-0.92202738345769086,occupied,occupied,1,
20.34923664685121,17.250000000000004,-6.4440774137169825,0.88403194096265958,15.450000000000003,-6.6522669308546147,-0.92796774861954423,occupied,occupied,1,
20.399234771290651,17.300000000000001,-6.4868670301678533,0.9287388540642898,15.450000000000001,-6.7043670538590039,-0.93400274377091452,occupied,occupied,1,
20.449232895730088,17.300000000000004,-6.5355230239352187,0.92301349386798981,15.450000000000001,-6.7564272338607134,-0.9401286558250519,occupied,occupied,1,
20.499231020169525,17.300000000000004,-6.5842615770741535,0.91719221094773995,15.450000000000003,-6.8084465557127691,-0.94634177174406919,occupied,occupied,1,
20.549229144608962,17.300000000000004,-6.6330818666430895,0.91127805562500275,15.450000000000003,-6.8604240650064758,-0.95263837897089909,occupied,occupied,1,
20.599227269048402,17.300000000000004,-6.6819830243093046,0.90527410230193495,15.450000000000003,-6.9123587695764757,-0.95901476587472367,occupied,occupied,1,
20.649225393487839,17.300000000000004,-6.7309641380961507,0.89918344906176184,15.500000000000004,-6.9579446274208321,-0.91507125812079693,occupied,occupied,1,
20.699223517927276,17.300000000000001,-6.7800242541288709,0.89300921724789495,15.500000000000002,-7.0097153090997422,-0.92158660020943417,occupied,occupied,1,
20.749221642366713,17.300000000000004,-6.8291623783779691,0.88675455102314671,15.500000000000004,-7.0614433495510021,-0.928170915647341,occupied,occupied,1,
20.799219766806154,17.350000000000005,-6.8718566410402362,0.93084603726077442,15.500000000000004,-7.1131276233565277,-0.93482051571911606,occupied,occupied,1,
20.849217891245591,17.350000000000001,-6.9210824159170716,0.92444850102638243,15.500000000000002,-7.1647669747914025,-0.94153171436545691,occupied,occupied,1,
20.899216015685028,17.350000000000005,-6.9703863519813867,0.91797973526781129,15.500000000000004,-7.2163602193716709,-0.94830082869863985,occupied,occupied,1,
20.949214140124464,17.350000000000001,-7.019767314026228,0.91144295819779031,15.5,-7.2679061454068563,-0.95512417952829387,occupied,occupied,1,
20.999212264563905,17.350000000000001,-7.0692241351958627,0.90484140906651955,15.500000000000002,-7.3194035155569646,-0.96199809189703878,occupied,occupied,1,
21.049210389003342,17.350000000000001,-7.1187556187112024,0.89817834762426496,15.550000000000001,-7.3640376778617247,-0.91845680797003326,occupied,occupied,1,
21.099208513442779,17.350000000000001,-7.1683605395901724,0.89145705357128191,15.550000000000002,-7.4153857096852747,-0.92541427777293717,occupied,occupied,1,
21.149206637882216,17.400000000000002,-7.2111307836869667,0.93515561923019308,15.550000000000001,-7.4666847026920697,-0.93241173043055348,occupied,occupied,1,
21.199204762321656,17.399999999999999,-7.2608371163608609,0.92833349683929978,15.549999999999999,-7.5179333338945034,-0.93944552249626012,occupied,occupied,1,
21.249202886761093,17.400000000000002,-7.3106164291648241,0.9214626622698685,15.550000000000001,-7.5691302623586063,-0.94651201688200448,occupied,occupied,1,
21.29920101120053,17.400000000000002,-7.3604674024170951,0.91454646162574948,15.550000000000001,-7.6202741307874948,-0.95360758344294594,occupied,occupied,1,
21.349199135639967,17.400000000000002,-7.4103886966165327,0.9075882587369295,15.600000000000001,-7.6643101922303432,-0.91023354934403755,occupied,occupied,1,
21.399197260079408,17.400000000000002,-7.4603789541323193,0.90059143455286728,15.600000000000001,-7.7153156122276352,-0.91737245387858501,occupied,occupied,1,
21.449195384518845,17.450000000000003,-7.5033304011602393,0.9440618707959828,15.600000000000001,-7.7662671910758405,-0.92453004706385822,occupied,occupied,1,
21.499193508958282,17.450000000000003,-7.553432995971666,0.93700103538425727,15.600000000000001,-7.8171635224177125,-0.93170273744318333,occupied,occupied,1,
21.549191633397719,17.450000000000003,-7.6036037631489597,0.92991134956055088,15.600000000000003,-7.868003191375605,-0.93888694283126806,occupied,occupied,1,
21.599189757837159,17.449999999999999,-7.6538412895550376,0.92279625298472534,15.600000000000001,-7.9187847761576178,-0.94607909093020037,occupied,occupied,1,
21.649187882276596,17.449999999999999,-7.7041441521592482,0.91565920000324952,15.600000000000001,-7.9695068496672068,-0.95327561994866639,occupied,occupied,1,
21.699186006716033,17.449999999999999,-7.7544961428788159,0.90850557126563802,15.65,-8.0130028610540087,-0.90996238922794914,occupied,occupied,1,
21.74918413115547,17.450000000000003,-7.8048539204720342,0.90134269523445865,15.650000000000004,-8.0636699834185368,-0.91716926635367646,occupied,occupied,1,
21.799182255594911,17.48622433687159,-7.8499999999999979,0.93076877150896831,15.650000000000004,-8.1143388966944165,-0.92438482526546706,occupied,occupied,1,
21.849180380034348,17.5,-7.8983722874141806,0.93750719270668748,15.65,-8.1650095888103866,-0.93160902906654741,occupied,occupied,1,
21.899178504473785,17.5,-7.9487307790681463,0.93031919547594688,15.65,-8.2156820476617245,-0.93884184087264044,occupied,occupied,1,
21.949176628913222,17.500000000000004,-7.9990923473146029,0.92312248975140121,15.650000000000004,-8.2663562611103032,-0.94608322381182108,occupied,occupied,1,
21.999174753352662,17.5,-8.0494569792439936,0.91591711184496671,15.700000000000001,-8.3098004538025041,-0.90281286391976889,occupied,occupied,1,
22.049172877792099,17.5,-8.0998246619204828,0.90870309805888227,15.699999999999999,-8.3604697614272165,-0.91007007853485533,occupied,occupied,1,
22.099171002231536,17.500000000000004,-8.1501953823820443,0.90148048468583897,15.700000000000005,-8.4111408227055229,-0.91733575749631613,occupied,occupied,1,
22.149169126670973,17.503921344801483,-8.1999999999999993,0.89821173798620391,15.700000000000003,-8.4618136253471299,-0.92460986399457978,occupied,occupied,1,
22.199167251110413,17.550000000000004,-8.2436808215610693,0.93753465890093257,15.700000000000005,-8.5124881570289244,-0.93189236123152697,occupied,occupied,1,
22.24916537554985,17.550000000000001,-8.2940523414399063,0.93028764933872432,15.700000000000001,-8.5631644053950815,-0.93918321242034941,occupied,occupied,1,
22.299163499989287,17.550000000000001,-8.3444268825892163,0.92303218145306043,15.699999999999999,-8.6138423580570862,-0.94648238078537772,occupied,occupied,1,
22.349161624428724,17.550000000000001,-8.3948044318985744,0.91576829147677841,15.75,-8.657232338521089,-0.90326123169602512,occupied,occupied,1,
22.399159748868165,17.550000000000001,-8.4451849762319053,0.90849601563413107,15.75,-8.7079055333001545,-0.91057575070887142,occupied,occupied,1,
22.449157873307602,17.550000000000004,-8.4955685024276804,0.90121539014094987,15.750000000000004,-8.7585804305530832,-0.91789848049393763,occupied,occupied,1,
22.499155997747039,17.600000000000001,-8.5386410522865983,0.94445855774747345,15.750000000000004,-8.8092570177434855,-0.92522938433274449,occupied,occupied,1,
22.549154122186479,17.600000000000001,-8.5890224800037043,0.93716250337338347,15.75,-8.8599352823028852,-0.93256842551707975,occupied,occupied,1,
22.599152246625916,17.600000000000005,-8.6394068854313506,0.92985820404699238,15.750000000000004,-8.9106152116307999,-0.93991556734886994,occupied,occupied,1,
22.649150371065353,17.600000000000005,-8.6897942552892431,0.92254569593786717,15.800000000000004,-8.9539588866676265,-0.89673519289466141,occupied,occupied,1,
22.69914849550479,17.599999999999998,-8.7401845762721315,0.91522501520796118,15.799999999999999,-9.0046341913884866,-0.90409727590353572,occupied,occupied,1,
22.749146619944231,17.600000000000005,-8.7905778350498753,0.90789619801175203,15.800000000000004,-9.0553111583180073,-0.91146735346678354,occupied,occupied,1,
22.799144744383668,17.600000000000001,-8.8409740182675236,0.90055928049634559,15.800000000000002,-9.1059897747114373,-0.91884538893910972,occupied,occupied,1,
22.849142868823105,17.649999999999999,-8.8840037537884591,0.94375445559300986,15.799999999999999,-9.1566700277925133,-0.92623134568443632,occupied,occupied,1,
22.899140993262542,17.649999999999999,-8.9343979711379635,0.93640258006461441,15.800000000000001,-9.2073519047536578,-0.93362518707583064,occupied,occupied,1,
22.949139117701982,17.650000000000002,-8.9847951080804886,0.92904270861896643,15.800000000000004,-9.2580353927558914,-0.94102687649531336,occupied,occupied,1,
22.999137242141419,17.650000000000006,-9.0351951511462243,0.92167487736176712,15.850000000000005,-9.3013279025024183,-0.89789282990950003,occupied,occupied,1,
23.049135366580856,17.650000000000002,-9.0855980868410597,0.91429912239219868,15.85,-9.3520069054112085,-0.90530898338551147,occupied,occupied,1,
23.099133491020293,17.650000000000002,-9.1360039016466335,0.90691547980305942,15.850000000000001,-9.4026875159750833,-0.91273287912546863,occupied,occupied,1,
23.149131615459734,17.699999999999999,-9.1789971059316553,0.95007088752091395,15.85,-9.4533697212147594,-0.9201644805590744,occupied,occupied,1,
23.19912973989917,17.699999999999999,-9.2294010756810767,0.94267268797376269,15.85,-9.5040535081201529,-0.92760375112413218,occupied,occupied,1,
23.249127864338607,17.700000000000003,-9.2798079191130842,0.93526670497085296,15.850000000000005,-9.5547388636504103,-0.93505065426639256,occupied,occupied,1,
23.299125988778044,17.700000000000003,-9.3302176225977966,0.92785297456767868,15.850000000000003,-9.6054257747339626,-0.9425051534394151,occupied,occupied,1,
23.349124113217485,17.700000000000003,-9.3806301724816947,0.92043153281414136,15.891059807489897,-9.6499999999999986,-0.90845466486348769,occupied,occupied,1,
23.399122237656922,17.700000000000003,-9.4310455550873495,0.91300241575475205,15.900000000000004,-9.6993512744722707,-0.90688438266284788,occupied,occupied,1,
23.449120362096359,17.700000000000003,-9.4814637567138895,0.90556565942868583,15.900000000000004,-9.7500353870648713,-0.91436036121868713,occupied,occupied,1,
23.499118486535796,17.750000000000004,-9.524417089353939,0.9486758858063491,15.900000000000004,-9.8007210378171798,-0.92184379383788662,occupied,occupied,1,
23.549116610975236,17.75,-9.5748335717915971,0.94122504025035036,15.9,-9.8514082134909629,-0.92933464402361854,occupied,occupied,1,
23.599114735414673,17.750000000000004,-9.6252528671760107,0.93376665934553715,15.900000000000002,-9.9020969008178135,-0.93683287528582349,occupied,occupied,1,
23.64911285985411,17.750000000000004,-9.6756749616984141,0.92630077909854802,15.91860658398598,-9.9499999999999957,-0.92552428576548373,occupied,occupied,1,
23.699110984293547,17.750000000000004,-9.7260998415268531,0.91882743551154777,15.950000000000003,-9.995982029755984,-0.90129244942003106,occupied,occupied,1,
23.749109108732988,17.750000000000004,-9.7765274928062471,0.9113466645823568,15.950000000000003,-10.046667996696096,-0.90881154058604585,occupied,occupied,1,
23.799107233172425,17.800000000000001,-9.8194468584536292,0.95441951267844793,15.949999999999999,-10.097355457031442,-0.91633787115396292,occupied,occupied,1,
23.849105357611862,17.800000000000001,-9.8698729057614258,0.94692505103858404,15.950000000000001,-10.148044397330676,-0.92387140467803364,occupied,occupied,1,
23.899103482051299,17.800000000000004,-9.920301717906856,0.93942326577936364,15.950000000000003,-10.198734804132913,-0.93141210471836433,occupied,occupied,1,
23.949101606490739,17.800000000000001,-9.9707332809301477,0.9319141928701461,15.949999999999999,-10.249426663947613,-0.93895993484067353,occupied,occupied,1,
23.999099730930176,17.800000000000001,-10.021167580848871,0.92439786827675918,15.95079559105872,-10.299999999999997,-0.94571027405553476,occupied,occupied,1,
24.049097855369613,17.800000000000004,-10.071604603657988,0.91687432796158197,16.000000000000004,-10.343268469995403,-0.90351059184889337,occupied,occupied,1,
24.09909597980905,17.800000000000004,-10.122044335329852,0.90934360788377455,16.000000000000004,-10.393957677719126,-0.91107855902403001,occupied,occupied,1,
24.149094104248491,17.849999999999998,-10.164926718552834,0.95237405674671749,15.999999999999998,-10.444648319227142,-0.9186535149057683,occupied,occupied,1,
24.199092228687928,17.850000000000001,-10.215364965932272,0.94483011102138781,16,-10.495340380870104,-0.92623542309803797,occupied,occupied,1,
24.249090353127364,17.850000000000001,-10.265805914961799,0.93727908905990254,16.000000000000004,-10.546033848969575,-0.93382424720944046,occupied,occupied,1,
24.299088477566801,17.850000000000001,-10.316249551512575,0.92972102679762958,16,-10.596728709818104,-0.94141995085311314,occupied,occupied,1,
24.349086602006242,17.850000000000001,-10.36669586143358,0.92215596016751178,16.050000000000001,-10.639837677023952,-0.89845010689477356,occupied,occupied,1,
24.399084726445679,17.850000000000005,-10.417144830551683,0.91458392510014763,16.050000000000004,-10.690528562240665,-0.90605845185151312,occupied,occupied,1,
24.449082850885116,17.850000000000001,-10.467596444671758,0.90700495752394572,16.050000000000001,-10.741220833871157,-0.91367357158676543,occupied,occupied,1,
24.499080975324553,17.900000000000002,-10.510443362118119,0.94999449678497339,16.050000000000001,-10.791914478081649,-0.92129542974211553,occupied,occupied,1,
24.549079099763993,17.900000000000002,-10.560893608527497,0.94240276739634088,16.050000000000001,-10.842609481009765,-0.92892398996284575,occupied,occupied,1,
24.59907722420343,17.900000000000006,-10.611346492150766,0.93480420885536386,16.050000000000004,-10.89330582876457,-0.93655921589774904,occupied,occupied,1,
24.649075348642867,17.900000000000002,-10.661801998694848,0.92719885707138472,16.050000000000001,-10.944003507426604,-0.94420107119902175,occupied,occupied,1,
24.699073473082304,17.900000000000006,-10.712260113845032,0.91958674795238682,16.100000000000001,-10.987068924961374,-0.90127016094165924,occupied,occupied,1,
24.749071597521745,17.900000000000006,-10.762720823264978,0.91196791740511085,16.100000000000005,-11.037762748182278,-0.90892418825689558,occupied,occupied,1,
24.799069721961182,17.949999999999999,-10.805537618633601,0.95492371082722105,16.100000000000001,-11.088457895271448,-0.91658474037807314,occupied,occupied,1,
24.849067846400619,17.949999999999999,-10.855997067885307,0.94729251388701063,16.099999999999998,-11.139154352186404,-0.9242517809809393,occupied,occupied,1,
24.899065970840056,17.949999999999996,-10.90645910314009,0.9396546987451474,16.099999999999998,-11.189852104856559,-0.93192527374383705,occupied,occupied,1,
24.949064095279496,17.949999999999999,-10.956923709966548,0.93201030129336426,16.099999999999998,-11.240551139183186,-0.93960518234745072,occupied,occupied,1,
24.999062219718933,17.950000000000003,-11.007390873912176,0.92435935742288999,16.150000000000002,-11.283579533819966,-0.89670631296400194,occupied,occupied,1,
25.04906034415837,17.949999999999996,-11.057860580503181,0.91670190302465793,16.149999999999995,-11.334274822871988,-0.90439799357198924,occupied,occupied,1,
25.099058468597807,17.949999999999996,-11.10833281524466,0.90903797398948338,16.149999999999995,-11.384971385953069,-0.91209598560920258,occupied,occupied,1,
25.149056593037248,18,-11.151116962364396,0.95195560229103182,16.150000000000002,-11.435669208844329,-0.91980025277575006,occupied,occupied,1,
25.199054717476685,18.000000000000004,-11.201588048143812,0.94427976874778818,16.150000000000002,-11.486368277299187,-0.92751075877333089,occupied,occupied,1,
25.249052841916122,18,-11.252061653275025,0.93659756367299873,16.149999999999999,-11.537068577043391,-0.93522746730503303,occupied,occupied,1,
25.299050966355559,18.000000000000004,-11.302537763171241,0.92890902294708044,16.150000000000002,-11.587770093775051,-0.94295034207521822,occupied,occupied,1,
25.349049090794999,18.000000000000004,-11.353016363224906,0.92121418245108089,16.200000000000003,-11.630757773977129,-0.90008762978285928,occupied,occupied,1,
25.399047215234436,18,-11.403497438807721,0.91351307806682225,16.200000000000003,-11.681455659178306,-0.90782180939116131,occupied,occupied,1,
25.449045339673873,18.025759996300579,-11.449999999999998,0.93187153884571261,16.199999999999996,-11.732154753078659,-0.91556205096919319,occupied,occupied,1,
25.49904346411331,18.049999999999997,-11.496733955629844,0.94868668059339611,16.199999999999999,-11.782855041259143,-0.92330831823584358,occupied,occupied,1,
25.54904158855275,18.050000000000004,-11.547216451661859,0.94096790473213721,16.200000000000003,-11.833556509273508,-0.93106057491047811,occupied,occupied,1,
25.599039712992187,18.050000000000001,-11.5977013992657,0.93324300387555614,16.200000000000003,-11.884259142648206,-0.93881878471275604,occupied,occupied,1,
25.649037837431624,18.049999999999997,-11.648188783703516,0.92551201390069482,16.199999999999996,-11.934962926882484,-0.94658291136245332,occupied,occupied,1,
25.699035961871065,18.050000000000004,-11.698678590217121,0.9177749706863042,16.250000000000004,-11.977911381036771,-0.90375486751809064,occupied,occupied,1,
25.749034086310502,18.050000000000004,-11.749170804028022,0.91003191011296469,16.250000000000004,-12.028611644229811,-0.91152983278039179,occupied,occupied,1,
25.799032210749939,18.050000000000004,-11.79966541033745,0.9022828680633036,16.250000000000004,-12.079313049355223,-0.91931061073711562,occupied,occupied,1,
25.849030335189376,18.100000000000001,-11.842388694674392,0.94512857613150969,16.25,-12.130015581798075,-0.92709716511778295,occupied,occupied,1,
25.899028459628816,18.100000000000001,-11.892882366551127,0.93736855092988502,16.250000000000004,-12.180719226916572,-0.93488945965119785,occupied,occupied,1,
25.949026584068253,18.099999999999998,-11.943378421130229,0.92960264719288355,16.25,-12.231423970042075,-0.94268745806536025,occupied,occupied,1,
25.99902470850769,18.100000000000009,-11.993876843527021,0.92183090080206098,16.300000000000004,-12.274339176129075,-0.89988782611726992,occupied,occupied,1,
26.049022832947127,18.100000000000001,-12.044377618836858,0.91405334764174162,16.300000000000001,-12.325040500352275,-0.90769626552153171,occupied,occupied,1,
26.099020957386568,18.100000000000001,-12.094880732135277,0.90627002359920927,16.300000000000004,-12.375742913122538,-0.91551030473593853,occupied,occupied,1,
26.149019081826005,18.149999999999999,-12.137578939833926,0.94908682212202122,16.300000000000001,-12.426446399659577,-0.92332990749404442,occupied,occupied,1,
26.199017206265442,18.150000000000002,-12.188081217559908,0.94129290765334583,16.300000000000004,-12.477150945156582,-0.93115503752772499,occupied,occupied,1,
26.249015330704879,18.150000000000006,-12.238585823075331,0.93349332520022343,16.300000000000004,-12.52785653478028,-0.93898565856709526,occupied,occupied,1,
26.299013455144319,18.150000000000002,-12.289092741372333,0.9256881106528897,16.300000000000001,-12.57856315367092,-0.94682173434027128,occupied,occupied,1,
26.349011579583756,18.150000000000006,-12.339601957423465,0.91787729990531042,16.350000000000005,-12.621441899658013,-0.90405402510086863,occupied,occupied,1,
26.399009704023193,18.150000000000002,-12.390113456181746,0.91006092885531154,16.350000000000001,-12.672145204452105,-0.91190007704806264,occupied,occupied,1,
26.44900782846263,18.150000000000002,-12.440627222580657,0.90223903340477174,16.350000000000001,-12.722849528454034,-0.91975147972434113,occupied,occupied,1,
26.499005952902071,18.200000000000006,-12.483298474446368,0.9450233118574719,16.350000000000005,-12.773554856695165,-0.92760819685858154,occupied,occupied,1,
26.549004077341507,18.200000000000006,-12.53381150693005,0.93719128529467344,16.350000000000005,-12.82426117418073,-0.93547019217690419,occupied,occupied,1,
26.599002201780944,18.200000000000003,-12.584326796407355,0.92935383720810727,16.350000000000005,-12.874968465889763,-0.94333742940246734,occupied,occupied,1,
26.649000326220381,18.199999999999999,-12.634844327731265,0.9215110035072448,16.399999999999999,-12.917816381936243,-0.90059579453204197,occupied,occupied,1,
26.698998450659822,18.199999999999996,-12.685364085735504,0.91366282010636879,16.399999999999995,-12.96852045700658,-0.90847261135623358,occupied,occupied,1,
26.748996575099259,18.199999999999999,-12.735886055234591,0.90580932292474592,16.399999999999999,-13.019225495742939,-0.91635456612244515,occupied,occupied,1,
26.798994699538696,18.249999999999996,-12.778534630412958,0.94856699706556413,16.399999999999995,-13.069931483017914,-0.92424162255045939,occupied,occupied,1,
26.848992823978133,18.25,-12.829055961329715,0.94070376079089368,16.399999999999999,-13.12063840367825,-0.9321337443562927,occupied,occupied,1,
26.898990948417573,18.250000000000004,-12.879579492726085,0.93283531361063465,16.400000000000006,-13.171346242544869,-0.94003089525208505,occupied,occupied,1,
26.94898907285701,18.250000000000004,-12.930105209338512,0.92496169145566742,16.400000000000002,-13.222054984412889,-0.94793303894590553,occupied,occupied,1,
26.998987197296447,18.25,-12.980633095884533,0.91708293026264787,16.449999999999999,-13.264869167614664,-0.90522059672526189,occupied,occupied,1,
27.048985321735884,18.250000000000004,-13.031163137062821,0.90919906597413702,16.450000000000003,-13.315574792443989,-0.91313185614639114,occupied,occupied,1,
27.098983446175325,18.250000000000007,-13.081695317553296,0.90131013453873987,16.450000000000006,-13.366281309156232,-0.92104800441656165,occupied,occupied,1,
27.148981570614762,18.299999999999997,-13.124319647560611,0.94403798238759584,16.449999999999996,-13.416988702442511,-0.92896900523563908,occupied,occupied,1,
27.198979695054199,18.300000000000001,-13.174851287266073,0.9361397706183413,16.449999999999999,-13.467696956968579,-0.93689482229859344,occupied,occupied,1,
27.248977819493636,18.300000000000004,-13.225385059812815,0.92823659383182988,16.450000000000003,-13.518406052331112,-0.94482541850422874,occupied,occupied,1,
27.298975943933076,18.300000000000004,-13.275929425428457,0.92032731692843783,16.500000000000004,-13.561183474983281,-0.90213526781436715,occupied,occupied,1,
27.348974068372513,18.300000000000001,-13.326491780560897,0.91241154690925041,16.5,-13.611865089972072,-0.91006970833709333,occupied,occupied,1,
27.39897219281195,18.299999999999997,-13.377071696671203,0.90449024961626046,16.499999999999996,-13.662530971931803,-0.91800446857425055,occupied,occupied,1,
27.448970317251387,18.300000000000001,-13.427668743853213,0.89656439230629326,16.5,-13.713180682096112,-0.92593857528504042,occupied,occupied,1,
27.498968441690828,18.350000000000001,-13.47035106623067,0.93926011021225031,16.5,-13.763813782166697,-0.93387105594898423,occupied,occupied,1,
27.548966566130265,18.349999999999998,-13.520981468978874,0.93132797907638565,16.5,-13.814429834465715,-0.94180093885929628,occupied,occupied,1,
27.598964690569701,18.350000000000005,-13.571628631933663,0.92339405228616778,16.500000000000004,-13.865028402088296,-0.94972725321617268,occupied,occupied,1,
27.648962815009138,18.350000000000001,-13.622292121297619,0.91545930189943336,16.550000000000001,-13.907681564521262,-0.90702447973032463,occupied,occupied,1,
27.698960939448579,18.350000000000009,-13.672971502618299,0.90752470098500293,16.550000000000004,-13.958247020523689,-0.91494124413336642,occupied,occupied,1,
27.748959063888016,18.349999999999998,-13.723666340940314,0.89959122352978926,16.549999999999997,-14.008794612872979,-0.92285167858135964,occupied,occupied,1,
27.798957188327453,18.400000000000002,-13.766460986839226,0.94228247381675412,16.550000000000004,-14.059323909200758,-0.93075481660064041,occupied,occupied,1,
27.84895531276689,18.399999999999999,-13.817191374066622,0.93435323986718954,16.550000000000001,-14.109834478627755,-0.93864969303152335,occupied,occupied,1,
27.89895343720633,18.400000000000006,-13.867936837117924,0.92642791215735509,16.550000000000008,-14.160325891916239,-0.94653534412020834,occupied,occupied,1,
27.948951561645767,18.399999999999999,-13.918696940321761,0.91850746781859716,16.600000000000001,-14.202903105911464,-0.90379139476108461,occupied,occupied,1,
27.998949686085204,18.399999999999999,-13.969471248215719,0.91059288449165798,16.599999999999998,-14.253363642409324,-0.9116570685831058,occupied,occupied,1,
28.048947810524641,18.400000000000002,-14.020259325697706,0.90268514023337321,16.600000000000001,-14.303804670807208,-0.91951077753542387,occupied,occupied,1,
28.098945934964082,18.400000000000006,-14.071060738177252,0.89478521342341244,16.600000000000005,-14.354225769591746,-0.92735156382904538,occupied,occupied,1,
28.148944059403519,18.450000000000003,-14.11402084428549,0.9375072091752904,16.600000000000005,-14.404626519603873,-0.93517847147890176,occupied,occupied,1,
28.198942183842956,18.449999999999996,-14.164860036815709,0.9296239287533814,16.599999999999998,-14.455006504190152,-0.94299054639356439,occupied,occupied,1,
28.248940308282393,18.450000000000003,-14.2157121877962,0.9217512621675007,16.600000000000001,-14.505365309353571,-0.95078683646438777,occupied,occupied,1,
28.298938432721833,18.449999999999996,-14.266576865639582,0.91389018895508123,16.636488180558626,-14.549999999999999,-0.92163529230205254,occupied,occupied,1,
28.34893655716127,18.450000000000006,-14.317453639975547,0.90604168856768275,16.650000000000006,-14.598218709889839,-0.91572367077033501,occupied,occupied,1,
28.398934681600707,18.450000000000003,-14.368342081800437,0.89820674027828762,16.650000000000006,-14.648527619735157,-0.92346939330522226,occupied,occupied,1,
28.448932806040144,18.499999999999996,-14.411475850285463,0.94098582318557999,16.649999999999995,-14.69881464389889,-0.93119568038591494,occupied,occupied,1,
28.498930930479585,18.500000000000004,-14.462404283975834,0.93317816579894641,16.650000000000002,-14.749079383178309,-0.9389015901149812,occupied,occupied,1,
28.548929054919022,18.5,-14.513344026465077,0.92538686220047639,16.649999999999999,-14.799321441877549,-0.94658618304510045,occupied,occupied,1,
28.598927179358459,18.500000000000004,-14.56429465486951,0.91761289115942679,16.650000000000002,-14.849540427955567,-0.95424852226397772,occupied,occupied,1,
28.648925303797895,18.500000000000004,-14.615255748365824,0.90985723086264103,16.650000000000002,-14.899735953173121,-0.96188767347854631,occupied,occupied,1,
28.698923428237336,18.5,-14.666226888339166,0.90212085882338511,16.699999999999999,-14.942240586081359,-0.91891828445204704,occupied,occupied,1,
28.748921552676773,18.500000000000007,-14.717207658527293,0.8944047517910606,16.700000000000006,-14.992410562843624,-0.92651167642417831,occupied,occupied,1,
28.79891967711621,18.550000000000004,-14.760576556080357,0.9372873608733292,16.700000000000003,-15.04255685229959,-0.93407922198954885,occupied,occupied,1,
28.84891780155565,18.550000000000008,-14.811599697010799,0.92961104738774381,16.700000000000006,-15.092679081811129,-0.94161999675398123,occupied,occupied,1,
28.898915925995087,18.550000000000001,-14.862632146752164,0.92195779860555793,16.699999999999999,-15.142776883222401,-0.94913307929748514,occupied,occupied,1,
28.948914050434524,18.550000000000001,-14.913673498742543,0.91432858883499324,16.699999999999999,-15.192849893003087,-0.9566175512535775,occupied,occupied,1,
28.998912174873961,18.550000000000008,-14.964723349447572,0.90672439122757187,16.750000000000007,-15.235379525284415,-0.91351041931710797,occupied,occupied,1,
29.048910299313402,18.550000000000008,-15.015781298502361,0.89914617769031324,16.750000000000007,-15.285429869451717,-0.92093908180030393,occupied,occupied,1,
29.098908423752839,18.600000000000005,-15.059385606669643,0.94214856977606198,16.750000000000004,-15.335455267445999,-0.92833651639842418,occupied,occupied,1,
29.148906548192276,18.600000000000001,-15.110488366134541,0.93462084481164209,16.75,-15.385455374304767,-0.93570181600976943,occupied,occupied,1,
29.198904672631713,18.600000000000005,-15.161598947404794,0.92712189609974371,16.750000000000004,-15.435429850348058,-0.94303407691607,occupied,occupied,1,
29.248902797071153,18.599999999999998,-15.212716962752431,0.91965269153017426,16.75,-15.48537836131645,-0.95033239885608023,occupied,occupied,1,
29.29890092151059,18.599999999999998,-15.263842028269735,0.91221419736959553,16.75,-15.535300578508267,-0.95759588509803384,occupied,occupied,1,
29.348899045950027,18.600000000000001,-15.314973764005918,0.90480737817716972,16.800000000000001,-15.577892870404398,-0.91429307438430907,occupied,occupied,1,
29.398897170389464,18.600000000000001,-15.366111794103011,0.89743319672101152,16.800000000000001,-15.627795843973411,-0.9214891605984461,occupied,occupied,1,
29.448895294828905,18.649999999999999,-15.410021949101221,0.94061318229115287,16.800000000000001,-15.677672468791727,-0.92864784835453962,occupied,occupied,1,
29.498893419268342,18.650000000000002,-15.461207555696749,0.93330200092442794,16.800000000000001,-15.727522438058214,-0.93576825365863625,occupied,occupied,1,
29.548891543707779,18.650000000000002,-15.512399248002982,0.92602623269006934,16.800000000000004,-15.777345451151842,-0.9428494963414249,occupied,occupied,1,
29.598889668147216,18.649999999999999,-15.563596666097467,0.91878683455236665,16.800000000000001,-15.827141213762063,-0.94989070012389176,occupied,occupied,1,
29.648887792586656,18.650000000000002,-15.614799454767093,0.91158476132741484,16.850000000000001,-15.869825384416631,-0.90639164797871474,occupied,occupied,1,
29.698885917026093,18.649999999999999,-15.666007263637377,0.90442096560400942,16.849999999999998,-15.919605448589921,-0.91335570918616515,occupied,occupied,1,
29.74888404146553,18.650000000000006,-15.717219747300575,0.89729639766554303,16.850000000000005,-15.969358304146812,-0.92027721895869274,occupied,occupied,1,
29.798882165904967,18.700000000000003,-15.761474145556551,0.94069443097515693,16.850000000000001,-16.019083681337545,-0.92715531483559777,occupied,occupied,1,
29.848880290344407,18.700000000000006,-15.812737273681053,0.93364534186490789,16.850000000000005,-16.068781317309178,-0.93398913850790932,occupied,occupied,1,
29.898878414783844,18.700000000000003,-15.864004951068001,0.92663823172652948,16.850000000000001,-16.118450956227999,-0.94077783587647945,occupied,occupied,1,
29.948876539223281,18.699999999999999,-15.91527685133253,0.91967404337191916,16.849999999999998,-16.168092349400688,-0.9475205571085592,occupied,occupied,1,
29.998874663662718,18.699999999999999,-15.966552653631343,0.9127537169766351,16.899999999999999,-16.210917347238155,-0.90375780335059586,occupied,occupied,1,
30.048872788102159,18.699999999999996,-16.017829287099662,0.90587854782164146,16.899999999999995,-16.260550117806329,-0.91041256366322609,occupied,occupied,1,
30.098870912541596,18.75,-16.062321745925406,0.94950559294753289,16.899999999999999,-16.310243493759067,-0.91703269839526613,occupied,occupied,1,
30.148869036981033,18.749999999999996,-16.113429017403053,0.94273544368740891,16.899999999999999,-16.360039811251191,-0.92362917332674943,occupied,occupied,1,
30.19886716142047,18.749999999999996,-16.164411584956373,0.93601391338352835,16.899999999999995,-16.40994139035384,-0.93020817558083635,occupied,occupied,1,
30.24886528585991,18.750000000000007,-16.215272113342646,0.92933434869530118,16.900000000000006,-16.459950548905312,-0.93677592050890535,occupied,occupied,1,
30.298863410299347,18.750000000000007,-16.266013209747225,0.92269015679699129,16.950000000000006,-16.503473490039021,-0.89290544374742986,occupied,occupied,1,
30.348861534738784,18.75,-16.316637430151349,0.91607480177830658,16.950000000000003,-16.553715403782885,-0.89947083675057249,occupied,occupied,1,
30.398859659178221,18.750000000000004,-16.367147285681892,0.90948180111525279,16.950000000000003,-16.60406571333786,-0.90604301043731184,occupied,occupied,1,
30.448857783617662,18.800000000000001,-16.410962428248865,0.95333619579310969,16.949999999999999,-16.654526794162628,-0.91262832700548169,occupied,occupied,1,
30.498855908057099,18.800000000000004,-16.461243002346894,0.94676968921348026,16.950000000000003,-16.705101049577408,-0.91923319052681596,occupied,occupied,1,
30.548854032496536,18.800000000000001,-16.511410354482674,0.94020718614795229,16.949999999999999,-16.755790917043104,-0.92586405026220941,occupied,occupied,1,
30.598852156935973,18.799999999999997,-16.561466877425953,0.93364238888335893,16.949999999999996,-16.806598874431614,-0.93252740402295065,occupied,occupied,1,
30.648850281375413,18.800000000000001,-16.611414949133835,0.92706903870202317,17,-16.850875757181402,-0.8887892923884827,occupied,occupied,1,
30.69884840581485,18.800000000000008,-16.661256939131942,0.92048091262438181,17.000000000000007,-16.901894824429107,-0.89553301679364272,occupied,occupied,1,
30.748846530254287,18.850000000000005,-16.704271928768488,0.96432182093201702,17.000000000000007,-16.953033516525437,-0.90232820720484763,occupied,occupied,1,
30.798844654693724,18.850000000000001,-16.753863749038164,0.95769163278637448,17,-17.004294526810103,-0.90918157513521836,occupied,occupied,1,
30.848842779133165,18.849999999999998,-16.803350386500995,0.95102906219226613,17,-17.055680618829417,-0.91609989590005425,occupied,occupied,1,
30.898840903572601,18.850000000000001,-16.852734229224193,0.94432801712029069,17.000000000000004,-17.107194632690121,-0.92309001238784305,occupied,occupied,1,
30.948839028012038,18.850000000000009,-16.902017687677251,0.93758242765792199,17.000000000000007,-17.15883949144833,-0.93015883892378382,occupied,occupied,1,
30.998837152451475,18.850000000000009,-16.951203201391696,0.93078624276881627,17.050000000000004,-17.203606991154832,-0.88682418663754992,occupied,occupied,1,
31.048835276890916,18.850000000000005,-17.000293245699385,0.9239334270228674,17.050000000000004,-17.255446304287744,-0.89406082030218792,occupied,occupied,1,
31.098833401330353,18.849999999999998,-17.049290338502498,0.91701795729541469,17.049999999999997,-17.307419492928446,-0.90139636852932903,occupied,occupied,1,
31.14883152576979,18.899999999999999,-17.090937802516986,0.96055803769570069,17.050000000000001,-17.35952985636002,-0.90883803895248283,occupied,occupied,1,
31.198829650209227,18.899999999999999,-17.139661417584296,0.9535130084389194,17.050000000000001,-17.411780807835346,-0.91639312892482649,occupied,occupied,1,
31.248827774648667,18.900000000000002,-17.188293593289465,0.94638841048559352,17.050000000000001,-17.464175881296711,-0.92406903004496233,occupied,occupied,1,
31.298825899088104,18.900000000000006,-17.236837062627782,0.93917827697569056,17.100000000000005,-17.509154368538457,-0.88130427309131065,occupied,occupied,1,
31.348824023527541,18.899999999999995,-17.285294635000728,0.93187663868017145,17.099999999999998,-17.561734294655881,-0.88922711603295723,occupied,occupied,1,
31.398822147966978,18.900000000000006,-17.333669203613454,0.9244775203085509,17.100000000000005,-17.614463290305114,-0.89729231123466779,occupied,occupied,1,
31.448820272406419,18.950000000000003,-17.374036484713837,0.96759945233757827,17.100000000000001,-17.66734541086084,-0.90550762579690702,occupied,occupied,1,
31.498818396845856,18.949999999999999,-17.422120158296835,0.96000855097263871,17.100000000000001,-17.720384865440973,-0.91388094297511735,occupied,occupied,1,
31.548816521285293,18.949999999999996,-17.470123546031452,0.95230357225777529,17.099999999999998,-17.77358602406381,-0.92242026755798323,occupied,occupied,1,
31.59881464572473,18.949999999999999,-17.518049918438457,0.94447853563522377,17.100000000000001,-17.826953424884387,-0.93113373141108358,occupied,occupied,1,
31.64881277016417,18.950000000000003,-17.565902667187387,0.93652743720629361,17.150000000000002,-17.871989373014937,-0.88931184145006081,occupied,occupied,1,
31.698810894603607,18.950000000000003,-17.613685313270519,0.92844424529095992,17.150000000000002,-17.925543269391905,-0.89837139532420851,occupied,occupied,1,
31.748809019043044,18.950000000000003,-17.661401515314701,0.9202228958171087,17.150000000000006,-17.979271418772271,-0.90762865054110886,occupied,occupied,1,
31.798807143482481,19.000000000000004,-17.700051633927579,0.9626614409579719,17.150000000000002,-18.033179065797306,-0.91709223595401124,occupied,occupied,1,
31.848805267921922,19.000000000000007,-17.747466024743829,0.95417772732107375,17.150000000000006,-18.087271659221415,-0.92677093471697169,occupied,occupied,1,
31.898803392361359,19.000000000000007,-17.794819048299253,0.94553929466077746,17.150000000000006,-18.14155485962894,-0.93667369085878338,occupied,occupied,1,
31.948801516800795,19.000000000000007,-17.842114955644035,0.93673997908292927,17.200000000000006,-18.186469152869215,-0.89590287023239767,occupied,occupied,1,
31.998799641240232,19.000000000000004,-17.889358177799441,0.92777356151713875,17.200000000000003,-18.240950379642129,-0.90624308955138166,occupied,occupied,1,
32.048797765679673,19.000000000000004,-17.936553334986957,0.9186337618646061,17.200000000000003,-18.295633598287992,-0.91683310939522111,occupied,occupied,1,
32.098795890119113,19.000000000000007,-17.983705245898609,0.90931423291019176,17.200000000000006,-18.350525347387144,-0.92768249731445906,occupied,occupied,1,
32.148794014558547,19.000000000000007,-18.030818937143987,0.89980855396173176,17.200000000000006,-18.405632415661717,-0.93880101407563743,occupied,occupied,1,
32.198792138997987,19.050000000000001,-18.067259036216921,0.94122991437123538,17.200000000000003,-18.46096185004156,-0.95019862131639121,occupied,occupied,1,
32.248790263437421,19.050000000000001,-18.114075972459812,0.93138204877246011,17.25,-18.505644072098502,-0.91071609645614138,occupied,occupied,1,
32.298788387876861,19.050000000000004,-18.160863916303899,0.9213308660179621,17.250000000000004,-18.561196981511458,-0.92265030609266463,occupied,occupied,1,
32.348786512316302,19.050000000000004,-18.207628769501131,0.91106968863073856,17.250000000000004,-18.616987778630666,-0.93489206567391403,occupied,occupied,1,
32.398784636755735,19.050000000000008,-18.254376689621111,0.90059173299774775,17.250000000000007,-18.673024570057343,-0.94745211058220213,occupied,occupied,1,
32.448782761195176,19.050000000000004,-18.30111410013733,0.88989010124194767,17.250000000000004,-18.729315760174238,-0.96034141444963184,occupied,occupied,1,
32.498780885634616,19.050000000000001,-18.347847700574512,0.87895777276817033,17.25,-18.785870059226301,-0.97357119776882894,occupied,occupied,1,
32.54877901007405,19.100000000000001,-18.38213692073802,0.91931372137084966,17.300000000000001,-18.830248935381569,-0.93562681074005916,occupied,occupied,1,
32.59877713451349,19.100000000000001,-18.42859635819697,0.90796868355240068,17.300000000000001,-18.887069049943349,-0.94950196468868753,occupied,occupied,1,
32.648775258952924,19.100000000000001,-18.475066256167722,0.89637448157207367,17.300000000000001,-18.944172732860043,-0.96374940851554181,occupied,occupied,1,
32.698773383392364,19.099999999999998,-18.521554461943534,0.88452364316933063,17.305887080227901,-19,-0.97228849104869752,occupied,occupied,1,
32.748771507831805,19.099999999999998,-18.568069149406806,0.87240852949275549,17.349999999999998,-19.045626471562912,-0.94158182217533148,occupied,occupied,1,
32.798769632271238,19.150000000000006,-18.600655839276161,0.91193437778605679,17.350000000000005,-19.10332347745409,-0.95693553595095238,occupied,occupied,1,
32.848767756710679,19.150000000000002,-18.64694008511994,0.89935123658818306,17.389611786166615,-19.149999999999999,-0.93150537750332729,occupied,occupied,1,
32.898765881150119,19.150000000000006,-18.693444680262374,0.88643958245926124,17.400000000000006,-19.20483714075144,-0.93675054713366279,occupied,occupied,1,
32.948764005589553,19.150000000000002,-18.740210548599713,0.8731902901419839,17.400000000000002,-19.262736524203994,-0.95315398057512379,occupied,occupied,1,
32.998762130028993,19.199999999999996,-18.77199547606828,0.91187740914318172,17.449999999999996,-19.305485506247621,-0.91763389508556081,occupied,occupied,1,
33.048760254468426,19.200000000000003,-18.81897630876972,0.89805065161008624,17.450000000000003,-19.363259158636939,-0.93463694333335801,occupied,occupied,1,
33.098758378907867,19.200000000000003,-18.866223563808671,0.88389381197193118,17.450000000000003,-19.421126275594307,-0.95197574209422076,occupied,occupied,1,
33.148756503347308,19.24252138883238,-18.899999999999999,0.91409479925463633,17.500000000000007,-19.462931933408932,-0.91709966125189846,occupied,occupied,1,
33.198754627786741,19.250000000000004,-18.945069053122026,0.90723618520201521,17.500000000000004,-19.520685974353249,-0.93500018399920837,occupied,occupied,1,
33.248752752226181,19.25,-18.992823428913578,0.89219678947686876,17.5,-19.578531498804736,-0.95321751173996794,occupied,occupied,1,
33.298750876665622,19.250000000000004,-19.040845885661646,0.87683891582003559,17.550000000000004,-19.619448035980547,-0.91892845451323124,occupied,occupied,1,
33.348749001105055,19.300000000000004,-19.071839188398471,0.91407278543020887,17.550000000000004,-19.677189998574576,-0.93766953016903953,occupied,occupied,1,
33.398747125544496,19.300000000000008,-19.120120234642489,0.89817783903432225,17.550000000000008,-19.735019714178023,-0.95670797144918795,occupied,occupied,1,
33.448745249983929,19.299999999999997,-19.168669340256901,0.88197432057166436,17.599999999999998,-19.775097685122056,-0.92295097911691049,occupied,occupied,1,
33.49874337442337,19.348303352735776,-19.199999999999999,0.91683632311281404,17.600000000000001,-19.832830302758214,-0.94247505620916749,occupied,occupied,1,
33.54874149886281,19.350000000000001,-19.248207209624926,0.9019194153960659,17.600000000000001,-19.890645262890203,-0.96227656472063783,occupied,occupied,1,
33.598739623302244,19.349999999999994,-19.297294563191919,0.88490050504874829,17.649999999999999,-19.92993164242025,-0.92899852025959229,occupied,occupied,1,
33.648737747741684,19.400000000000006,-19.327791839577991,0.92102447616434813,17.650000000000006,-19.987653034635571,-0.94924737486234634,occupied,occupied,1,
33.698735872181125,19.400000000000006,-19.3771614765176,0.90350841749406352,17.700000000000006,-20.026355807505659,-0.91623147583878184,occupied,occupied,1,
33.748733996620558,19.449999999999999,-19.407463905518021,0.93931289337307478,17.699999999999999,-20.083988053548101,-0.93690269201891874,occupied,occupied,1,
33.798732121059999,19.449999999999996,-19.457124279879093,0.92131348331347762,17.699999999999996,-20.141691942927064,-0.95781740230651058,occupied,occupied,1,
33.848730245499432,19.450000000000003,-19.507044910389155,0.90303664517614624,17.750000000000004,-20.179679276282215,-0.9251966523491898,occupied,occupied,1,
33.898728369938873,19.468052731359979,-19.550000000000001,0.90393091106195367,17.750000000000004,-20.237293036918313,-0.94649523075777986,occupied,occupied,1,
33.948726494378313,19.5,-19.58743570434719,0.91960226414819324,17.800000000000001,-20.274753753635167,-0.9140842142000094,occupied,occupied,1,
33.998724618817747,19.500000000000004,-19.63790507206307,0.90060111971281143,17.800000000000004,-20.332279044121762,-0.93574177121811974,occupied,occupied,1,
34.048722743257187,19.550000000000004,-19.667998692863765,0.93542826640923749,17.850000000000001,-20.369236700763548,-0.90352109225272803,occupied,occupied,1,
34.098720867696628,19.550000000000004,-19.718764942353619,0.91599078093830433,17.850000000000001,-20.426674176955849,-0.92551281244269012,occupied,occupied,1,
34.148718992136061,19.597060683248973,-19.75,0.94735137625307886,17.850000000000001,-20.484162948967459,-0.94769908919393819,occupied,occupied,1,
34.198717116575502,19.600000000000001,-19.799831236838607,0.93068171307666681,17.900000000000002,-20.520500935533104,-0.91576482409044568,occupied,occupied,1,
34.248715241014935,19.60274512084953,-19.850000000000001,0.9135563700286935,17.900000000000006,-20.577859005657235,-0.93823186805178505,occupied,occupied,1,
34.298713365454375,19.650000000000002,-19.881464830262928,0.944576103282455,17.950000000000003,-20.613460543889406,-0.90632036188450138,occupied,occupied,1,
34.348711489893816,19.650000000000002,-19.933643321072662,0.92388504606896737,17.950000000000003,-20.670166161910473,-0.92880648116264353,occupied,occupied,1,
34.398709614333249,19.649999999999995,-19.986310408985297,0.90290129116793127,17.999999999999996,-20.704801918811931,-0.89674591028377404,occupied,occupied,1,
34.44870773877269,19.700000000000003,-20.017580709605934,0.93622213577135194,18.000000000000004,-20.760797358932454,-0.91914062871330138,occupied,occupied,1,
34.49870586321213,19.699999999999999,-20.071082595781732,0.91476268992819842,18.037543945235832,-20.799999999999997,-0.90047302925383954,occupied,occupied,1,
34.548703987651564,19.75,-20.103053275245674,0.9476981270691377,18.050000000000001,-20.849802349486914,-0.90908246844562268,occupied,occupied,1,
34.598702112091004,19.75,-20.157374648062593,0.92584277084973277,18.060693543887243,-20.899999999999999,-0.91948882970459289,occupied,occupied,1,
34.648700236530438,19.777523538831336,-20.199999999999996,0.93388628309466326,18.099999999999998,-20.937232010332828,-0.89848820384642269,occupied,occupied,1,
34.698698360969878,19.799999999999997,-20.245244930262892,0.93627052363768637,18.099999999999998,-20.991344746913743,-0.92024905245259425,occupied,occupied,1,
34.748696485409319,19.801677763943754,-20.299999999999997,0.91582279431610691,18.150000000000002,-21.023139941289212,-0.88722207772507511,occupied,occupied,1,
34.798694609848752,19.850000000000001,-20.334747869419921,0.94618334280765992,18.150000000000002,-21.076448521220232,-0.90857266725970298,occupied,occupied,1,
34.848692734288193,19.850000000000005,-20.390985474270323,0.92373594680060789,18.200000000000006,-21.107584119255097,-0.87515638405024498,occupied,occupied,1,
34.898690858727633,19.900000000000002,-20.425935583948313,0.95572704945213327,18.200000000000003,-21.160073173512437,-0.8960175334779803,occupied,occupied,1,
34.948688983167067,19.900000000000006,-20.482900430746522,0.93320568495944967,18.228151473463328,-21.200000000000003,-0.88594502015169541,occupied,occupied,1,
34.998687107606507,19.949999999999999,-20.518859459167309,0.96505593661924782,18.25,-21.242286682609855,-0.8824686092576921,occupied,occupied,1,
35.048685232045941,19.950000000000006,-20.576531322408194,0.94255834394045923,18.250000000000007,-21.293430492422448,-0.90241981852302433,occupied,occupied,1,
35.098683356485381,20,-20.613571656815431,0.97433285337861963,18.25,-21.344036233981964,-0.92200005476147917,occupied,occupied,1,
35.148681480924822,19.999999999999996,-20.671931663213009,0.95196014902094195,18.299999999999997,-21.373448239026029,-0.88709545267804679,occupied,occupied,1,
35.198679605364255,20.000000000000007,-20.73049923056147,0.92973816848329471,18.300000000000008,-21.423170571688619,-0.90596158551213524,occupied,occupied,1,
35.248677729803696,20.049999999999997,-20.76915797697206,0.96158585335608149,18.299999999999997,-21.472312034967441,-0.92439549047406655,occupied,occupied,1,
35.298675854243136,20.050000000000004,-20.828367331798912,0.9396535202042563,18.350000000000005,-21.50106777106345,-0.88860408773470689,occupied,occupied,1,
35.348673978682569,20.050000000000004,-20.887729534190413,0.91796607213107351,18.350000000000001,-21.54931701940324,-0.90623183396087126,occupied,occupied,1,
35.39867210312201,20.100000000000001,-20.928110527269432,0.95008436550825504,18.350000000000001,-21.596952643560023,-0.92337494190252378,occupied,occupied,1,
35.44867022756145,20.100000000000001,-20.988076724194261,0.92885560672133893,18.350000000000001,-21.643959118415232,-0.94001616925716047,occupied,occupied,1,
35.498668352000884,20.100000000000005,-21.048146946894658,0.90796585251588835,18.400000000000006,-21.671974634316776,-0.90287952564162421,occupied,occupied,1,
35.548666476440324,20.150000000000006,-21.090364294840857,0.9405672306246009,18.400000000000006,-21.71809538112786,-0.91861170554347571,occupied,occupied,1,
35.598664600879758,20.149999999999999,-21.15101193985636,0.92030837672203725,18.399999999999999,-21.763571086726557,-0.9338029220985975,occupied,occupied,1,
35.648662725319198,20.184151521178993,-21.200000000000003,0.93658820880175253,18.424841041781708,-21.800000000000001,-0.92222145410542511,occupied,occupied,1,
35.698660849758639,20.200000000000003,-21.255238414882072,0.93398620273839683,18.450000000000003,-21.836627067574273,-0.91006172654089723,occupied,occupied,1,
35.748658974198072,20.200000000000006,-21.31539174841906,0.91524294200067313,18.450000000000006,-21.881770385212143,-0.92412780915734005,occupied,occupied,1,
35.798657098637513,20.250000000000004,-21.359309485388749,0.94950743336448307,18.450000000000003,-21.926865029819826,-0.93785032180925554,occupied,occupied,1,
35.848655223076953,20.25,-21.418946569796525,0.93178441994718741,18.5,-21.956565117235808,-0.89893502949085369,occupied,occupied,1,
35.898653347516387,20.250000000000004,-21.478139332745418,0.91460603132038087,18.500000000000004,-22.001998784056585,-0.91212020014618478,occupied,occupied,1,
35.948651471955827,20.300000000000001,-21.522319685516361,0.95003566111734805,18.5,-22.047414023483448,-0.92499075570058276,occupied,occupied,1,
35.998649596395261,20.300000000000001,-21.581046632422876,0.93378274198221078,18.5,-22.092823621990281,-0.93755787026631143,occupied,occupied,1,
36.048647720834701,20.300000000000001,-21.639369377897491,0.91801975742770869,18.5,-22.138239752135398,-0.94983239151028132,occupied,occupied,1,
36.098645845274142,20.300000000000008,-21.697303879580414,0.90272759877906061,18.550000000000008,-22.170163716153802,-0.91003174130009368,occupied,occupied,1,
36.148643969713575,20.350000000000001,-21.741691234208339,0.93959420058282361,18.550000000000001,-22.21596315573764,-0.92183907932572451,occupied,occupied,1,
36.198642094153016,20.350000000000005,-21.799219586607748,0.92510674614493948,18.550000000000004,-22.261791156028675,-0.93337985774450916,occupied,occupied,1,
36.248640218592456,20.350000000000001,-21.856392862789615,0.91104065960937597,18.580545315531275,-22.300000000000001,-0.91317346504055585,occupied,occupied,1,
36.29863834303189,20.400000000000006,-21.900992795895032,0.94885319698592663,18.600000000000005,-22.341340765432616,-0.90422703178882202,occupied,occupied,1,
36.34863646747133,20.400000000000002,-21.957788750648209,0.93551001609638551,18.600000000000005,-22.387605492016416,-0.91509594713846276,occupied,occupied,1,
36.398634591910763,20.399999999999999,-22.014258203857683,0.922542031897849,18.599999999999998,-22.433925608937379,-0.92573303715608557,occupied,occupied,1,
36.448632716350204,20.400000000000006,-22.070413238147673,0.90993325616715559,18.600000000000005,-22.480309461059093,-0.93614770455939034,occupied,occupied,1,
36.498630840789644,20.450000000000003,-22.115140436053839,0.94889083469686242,18.600000000000001,-22.526764988831687,-0.94634919560261532,occupied,occupied,1,
36.548628965229078,20.450000000000003,-22.170951563101784,0.93690034717879311,18.650000000000002,-22.562425475149126,-0.90517777923540688,occupied,occupied,1,
36.598627089668518,20.450000000000003,-22.226471310255985,0.92522690564351961,18.650000000000002,-22.609287169995984,-0.91503068025810508,occupied,occupied,1,
36.648625214107959,20.449999999999996,-22.281709915399684,0.91385597680922803,18.649999999999995,-22.656232035634893,-0.92469421792179374,occupied,occupied,1,
36.698623338547392,20.450000000000003,-22.336677175467379,0.90277339095283027,18.650000000000002,-22.703266700893188,-0.93417731065892595,occupied,occupied,1,
36.748621462986833,20.500000000000004,-22.381409824834662,0.94295016106002116,18.650000000000006,-22.750397493711848,-0.94348878568154304,occupied,occupied,1,
36.798619587426266,20.500000000000004,-22.436062648644725,0.93236427513437958,18.650000000000006,-22.797630461180411,-0.95263739145953619,occupied,occupied,1,
36.848617711865707,20.499999999999996,-22.490461263921443,0.92202883629299093,18.699999999999996,-22.835390034405872,-0.91072206241307796,occupied,occupied,1,
36.898615836305147,20.499999999999996,-22.544613956545358,0.9119308439222743,18.699999999999996,-22.883025500698594,-0.91960467940676449,occupied,occupied,1,
36.948613960744581,20.500000000000004,-22.598528655973208,0.90205758690358073,18.700000000000003,-22.93077014799497,-0.92834794439838875,occupied,occupied,1,
36.998612085184021,20.512203173927368,-22.649999999999999,0.90479883084681978,18.699999999999999,-22.978629158673339,-0.93696050943702214,occupied,occupied,1,
37.048610209623462,20.550000000000008,-22.696759294721893,0.93372431668224776,18.700000000000006,-23.02660752442571,-0.94545099569250257,occupied,occupied,1,
37.098608334062895,20.550000000000001,-22.750147123829393,0.92442679912059089,18.700000000000003,-23.07471006378951,-0.95382800308158999,occupied,occupied,1,
37.148606458502336,20.549999999999997,-22.803316047953249,0.91530777188871337,18.749999999999996,-23.114302915222613,-0.9113593657184681,occupied,occupied,1,
37.198604582941769,20.550000000000001,-22.856272514004111,0.90635568201652661,18.75,-23.162791751120714,-0.91955615668832891,occupied,occupied,1,
37.24860270738121,20.550000000000001,-22.909022705983837,0.89755919177845644,18.75,-23.211409049017998,-0.92766339751129234,occupied,occupied,1,
37.29860083182065,20.600000000000005,-22.953278488501251,0.93959041485932226,18.750000000000004,-23.260159147487908,-0.93568976123706116,occupied,occupied,1,
37.348598956260084,20.600000000000005,-23.005730044830354,0.93105623722315733,18.750000000000004,-23.309046290617285,-0.9436439374603246,occupied,occupied,1,
37.398597080699524,20.599999999999998,-23.057983277672736,0.92264646814861739,18.75,-23.358074643650927,-0.95153464047846903,occupied,occupied,1,
37.448595205138965,20.600000000000005,-23.110043503815728,0.9143504654212975,18.795118282636729,-23.400000000000002,-0.91367381870396125,occupied,occupied,1,
37.498593329578398,20.600000000000001,-23.161915848081208,0.90615775246575048,18.800000000000004,-23.448607676031092,-0.91653042827533349,occupied,occupied,1,
37.548591454017838,20.599999999999998,-23.213605257751276,0.89805800834002159,18.800000000000001,-23.498143901143493,-0.9242927371487496,occupied,occupied,1,
37.598589578457272,20.650000000000006,-23.257263407779934,0.94065401411937666,18.800000000000004,-23.547828443674373,-0.9320253604891916,occupied,occupied,1,
37.648587702896712,20.649999999999999,-23.308642842091714,0.93270336723394598,18.799999999999997,-23.597665317903221,-0.93973728376789967,occupied,occupied,1,
37.698585827336153,20.649999999999995,-23.35984422274619,0.92481698685764091,18.799999999999997,-23.647658544534885,-0.94743755882429859,occupied,occupied,1,
37.748583951775586,20.650000000000002,-23.410871938064176,0.91698506204705332,18.800000000000004,-23.697812165054568,-0.95513531171775878,occupied,occupied,1,
37.798582076215027,20.650000000000002,-23.461730265353339,0.9091978971193162,18.850000000000005,-23.740389715715708,-0.91224413854260888,occupied,occupied,1,
37.848580200654467,20.649999999999995,-23.512423384804165,0.90144590319834195,18.849999999999998,-23.790881982161668,-0.91996541510466778,occupied,occupied,1,
37.898578325093901,20.700000000000006,-23.555216987359501,0.9443148755727987,18.850000000000005,-23.841538009910799,-0.92771069261659411,occupied,occupied,1,
37.948576449533341,20.699999999999999,-23.605579436996042,0.93660675270193561,18.850000000000001,-23.89236205942704,-0.93548947146187611,occupied,occupied,1,
37.998574573972775,20.699999999999999,-23.655779734437765,0.9289069841041615,18.850000000000001,-23.943358479041748,-0.94331136169528063,occupied,occupied,1,
38.048572698412215,20.700000000000003,-23.705821796036208,0.92120634040802196,18.900000000000002,-23.986728748290197,-0.90058089080879211,occupied,occupied,1,
38.098570822851656,20.699999999999999,-23.755709506794776,0.91349566444375585,18.899999999999999,-24.038043729393063,-0.9085121876935992,occupied,occupied,1,
38.148568947291089,20.734510746259076,-23.800000000000001,0.94070378743021288,18.900000000000002,-24.089535699027103,-0.91651472398709943,occupied,occupied,1,
38.19856707173053,20.750000000000004,-23.847088118395689,0.94863586055823612,18.900000000000002,-24.141209473638334,-0.9245986073100485,occupied,occupied,1,
38.24856519616997,20.749999999999996,-23.896468967536503,0.94085131778866116,18.899999999999995,-24.193070025557105,-0.9327740950457557,occupied,occupied,1,
38.298563320609404,20.750000000000004,-23.945701790134908,0.93302223637053106,18.900000000000002,-24.245122497768389,-0.94105160426641976,occupied,occupied,1,
38.348561445048844,20.750000000000004,-23.994790491546397,0.92513975174333185,18.950000000000003,-24.289194334333512,-0.89877735784466117,occupied,occupied,1,
38.398559569488285,20.749999999999996,-24.043739029263058,0.91719503116691614,18.949999999999996,-24.341552131949715,-0.90727547945578235,occupied,occupied,1,
38.448557693927718,20.750000000000007,-24.092598297257521,0.90917205247013466,18.950000000000006,-24.3940619218629,-0.91589789604148664,occupied,occupied,1,
38.498555818367159,20.800000000000004,-24.133073979364688,0.95175310450306372,18.950000000000003,-24.446548562221338,-0.92461741170559575,occupied,occupied,1,
38.548553942806592,20.800000000000008,-24.182032178698368,0.94352940014713715,18.950000000000006,-24.498993168762869,-0.93342671793944976,occupied,occupied,1,
38.598552067246032,20.800000000000001,-24.231097609253748,0.93520106543223369,18.958049389168263,-24.550000000000001,-0.93415197440991604,occupied,occupied,1,
38.648550191685473,20.800000000000004,-24.280268890318375,0.92677189669881455,19.000000000000004,-24.595005054750047,-0.90053728710155123,occupied,occupied,1,
38.698548316124906,20.800000000000004,-24.329544559617183,0.91824574686560512,19.000000000000004,-24.647228724014024,-0.90957350795925762,occupied,occupied,1,
38.748546440564347,20.800000000000008,-24.378923076099149,0.90962652415792622,19.000000000000007,-24.69940573312546,-0.91868119979191298,occupied,occupied,1,
38.798544565003787,20.850000000000001,-24.419426962257905,0.9517174631176134,19,-24.751533801931064,-0.92785561419480922,occupied,occupied,1,
38.848542689443221,20.850000000000005,-24.468936873482509,0.9429363377991794,19.019958647907973,-24.800000000000001,-0.91680938248259225,occupied,occupied,1,
38.898540813882661,20.850000000000001,-24.518548770119462,0.93407351998940036,19.050000000000004,-24.8465234114738,-0.89556233595885482,occupied,occupied,1,
38.948538938322095,20.850000000000005,-24.568260840518548,0.92513310640927948,19.050000000000004,-24.898429678088878,-0.90489734724512472,occupied,occupied,1,
38.998537062761535,20.850000000000001,-24.618071208081975,0.91611924276133838,19.050000000000004,-24.950281783729046,-0.9142806770845282,occupied,occupied,1,
39.048535187200976,20.900000000000006,-24.658697396186817,0.9578901129362386,19.050000000000004,-25.002077309687785,-0.92370754995451132,occupied,occupied,1,
39.098533311640409,20.900000000000006,-24.708650278118856,0.94875079310127686,19.050000000000004,-25.053813815368258,-0.9331731871504545,occupied,occupied,1,
39.14853143607985,20.900000000000006,-24.7586997411168,0.9395499939703793,19.079281072667555,-25.099999999999998,-0.91288172651498267,occupied,occupied,1,
39.19852956051929,20.899999999999999,-24.808843690749935,0.93029202713710224,19.100000000000001,-25.147687583282288,-0.9013234301864248,occupied,occupied,1,
39.248527684958724,20.900000000000006,-24.859079982655238,0.92098124539445381,19.100000000000005,-25.199196854163592,-0.91087013675548223,occupied,occupied,1,
39.298525809398164,20.900000000000002,-24.909406425851632,0.91162204078728948,19.100000000000005,-25.250641488738896,-0.92043728361890254,occupied,occupied,1,
39.348523933837598,20.950000000000003,-24.950315280317572,0.95311436933611093,19.100000000000005,-25.302018993614098,-0.93002011920860317,occupied,occupied,1,
39.398522058277038,20.950000000000003,-25.000792842424786,0.94367583809858091,19.100000000000005,-25.353326872444431,-0.93961390124634858,occupied,occupied,1,
39.448520182716479,20.949999999999999,-25.051358054886261,0.93420147506206053,19.123897947223174,-25.399999999999999,-0.92488429838908026,occupied,occupied,1,
39.498518307155912,20.950000000000003,-25.102008578022037,0.92469580370716542,19.150000000000006,-25.446163902170955,-0.90790968770118619,occupied,occupied,1,
39.548516431595353,20.950000000000006,-25.152742041435335,0.91516337765656841,19.150000000000006,-25.497238471300317,-0.91750620254323356,occupied,occupied,1,
39.598514556034793,20.950000000000006,-25.203556047447069,0.90560877850476595,19.150000000000006,-25.548237795248681,-0.92709564590948601,occupied,occupied,1,
39.648512680474226,20.973227308036655,-25.25,0.91968601309244524,19.149999999999995,-25.599159415281548,-0.93667335784044592,occupied,occupied,1,
39.698510804913667,21,-25.295844177797047,0.93735946431775097,19.150004645301976,-25.649999999999999,-0.94622997045950907,occupied,occupied,1,
39.7485089293531,21,-25.346893041091018,0.92776460916596437,19.199999999999999,-25.691195828854255,-0.9048685809900836,occupied,occupied,1,
39.798507053792541,21,-25.398016977810904,0.91816533208841711,19.199999999999999,-25.741881930206496,-0.91438565096390223,occupied,occupied,1,
39.848505178231981,21,-25.449213502538502,0.90856632472853283,19.199999999999999,-25.792485015649895,-0.92387339643933908,occupied,occupied,1,
39.898503302671415,21.002523103458611,-25.5,0.90154067304685692,19.200000000000003,-25.843002739841651,-0.93332728352138727,occupied,occupied,1,
39.948501427110855,21.050000000000004,-25.542324938255323,0.9402804836815214,19.200000000000003,-25.893432790228875,-0.94274280977968317,occupied,occupied,1,
39.998499551550296,21.050000000000004,-25.593753678179631,0.93070510351229707,19.200000000000003,-25.943772890422697,-0.95211550635452136,occupied,occupied,1,
40.048497675989729,21.050000000000008,-25.645249322359966,0.92114811393413554,19.250000000000007,-25.984594547340578,-0.91056015479130248,occupied,occupied,1,
40.09849580042917,21.050000000000001,-25.696809373344706,0.91161427220368552,19.25,-26.034786093585879,-0.91984095886940198,occupied,occupied,1,
40.148493924868603,21.050000000000004,-25.748431342085219,0.9021083410838816,19.250000000000004,-26.084885393562935,-0.92906650822892289,occupied,occupied,1,
40.198492049308044,21.050606230287389,-25.800000000000001,0.89325171286874283,19.250000000000004,-26.1348903389291,-0.93823247643178032,occupied,occupied,1,
40.248490173747484,21.099999999999998,-25.842602590544679,0.93404743815800528,19.249999999999996,-26.184798873165189,-0.94733457935978149,occupied,occupied,1,
40.298488298186918,21.100000000000001,-25.894450590153575,0.92464384720103876,19.25,-26.234608994820796,-0.95636857707099332,occupied,occupied,1,
40.348486422626358,21.100000000000001,-25.946354937151753,0.91528652376053754,19.300000000000004,-26.27518460332827,-0.91450279453754435,occupied,occupied,1,
40.398484547065799,21.100000000000005,-25.99831321985652,0.90598024095871521,19.300000000000008,-26.324855665644069,-0.92339942682512532,occupied,occupied,1,
40.448482671505232,21.099999999999998,-26.050323053618886,0.89672976504261648,19.300000000000001,-26.374426878868956,-0.93221618537301143,occupied,occupied,1,
40.498480795944673,21.113336109501095,-26.100000000000001,0.90108703520468958,19.300000000000001,-26.423896477127993,-0.94094900513667568,occupied,occupied,1,
40.548478920384106,21.150000000000006,-26.145633134900098,0.92919328252797617,19.300000000000004,-26.47326276419798,-0.94959387252548189,occupied,occupied,1,
40.598477044823547,21.149999999999999,-26.197863885264432,0.92012478970159273,19.349999999999998,-26.513749515635624,-0.9073827291543507,occupied,occupied,1,
40.648475169262987,21.150000000000002,-26.250141114861886,0.91113047143879811,19.350000000000001,-26.562988773177526,-0.91585438271669795,occupied,occupied,1,
40.698473293702421,21.150000000000006,-26.302462600157501,0.90221505078401087,19.350000000000005,-26.612124191918628,-0.92422692787614769,occupied,occupied,1,
40.748471418141861,21.178358771245893,-26.350000000000001,0.92214973607364337,19.350000000000001,-26.661154362000545,-0.93249654647830105,occupied,occupied,1,
40.798469542581302,21.200000000000003,-26.398817215264369,0.93534245449578013,19.350000000000001,-26.710077956433704,-0.94065947753768253,occupied,occupied,1,
40.848467667020735,21.200000000000003,-26.451359293739255,0.92667525677934837,19.350000000000001,-26.758893733781129,-0.94871201837527019,occupied,occupied,1,
40.898465791460175,21.200000000000003,-26.503941226450689,0.91810518619405557,19.3963051837239,-26.800000000000001,-0.90972571070445407,occupied,occupied,1,
40.948463915899609,21.200000000000003,-26.556561013474187,0.90963688168866996,19.400000000000006,-26.848099036140972,-0.91381984076471945,occupied,occupied,1,
40.998462040339049,21.199999999999999,-26.60921671171608,0.90127495489584197,19.399999999999999,-26.896697507898146,-0.92153748970000182,occupied,occupied,1,
41.04846016477849,21.25,-26.654037503861154,0.94363940212850217,19.400000000000002,-26.945188045875685,-0.92913090896556183,occupied,occupied,1,
41.098458289217923,21.250000000000004,-26.706879994308427,0.93548534476095191,19.400000000000002,-26.993569845060964,-0.93659667014237802,occupied,occupied,1,
41.148456413657364,21.25,-26.759756818364636,0.92745101282665332,19.400000000000002,-27.041842199199071,-0.94393140722556756,occupied,occupied,1,
41.198454538096804,21.25,-26.812666254482554,0.91954092387028308,19.400000000000002,-27.090004502841875,-0.95113181715178408,occupied,occupied,1,
41.248452662536238,21.25,-26.865394708448285,0.91178726907773144,19.449999999999999,-27.13090373431751,-0.90768931577243483,occupied,occupied,1,
41.298450786975678,21.250000000000004,-26.917561006659369,0.90422321602048317,19.450000000000003,-27.179796623942231,-0.91477857588949862,occupied,occupied,1,
41.348448911415112,21.300000000000001,-26.96194958530732,0.94733469505355838,19.449999999999999,-27.229206391031706,-0.92187000219230697,occupied,occupied,1,
41.398447035854552,21.300000000000004,-27.013053229775796,0.94004598541865958,19.450000000000003,-27.279143936578752,-0.92899234063217362,occupied,occupied,1,
41.448445160293993,21.300000000000001,-27.063601586586035,0.93285289297594132,19.449999999999999,-27.32962076133855,-0.93617525056176631,occupied,occupied,1,
41.498443284733426,21.300000000000001,-27.113607680382589,0.92572453099287466,19.450000000000003,-27.380649116200225,-0.94344938505762121,occupied,occupied,1,
41.548441409172867,21.299999999999997,-27.163083744416653,0.91863105688909608,19.499999999999996,-27.424967600268705,-0.90032005679041549,occupied,occupied,1,
41.598439533612307,21.300000000000001,-27.212041373664118,0.91154358732478091,19.5,-27.477052644277688,-0.90786042870690287,occupied,occupied,1,
41.648437658051741,21.350000000000005,-27.253013608907082,0.95499024074359418,19.500000000000004,-27.529702196987415,-0.91558629465234764,occupied,occupied,1,
41.698435782491181,21.350000000000005,-27.30082079218759,0.94785346019484085,19.500000000000007,-27.582932851249115,-0.92353298142215767,occupied,occupied,1,
41.748433906930622,21.349999999999994,-27.348111905583778,0.94064606024992869,19.499999999999996,-27.636762663550588,-0.9317372498857952,occupied,occupied,1,
41.798432031370055,21.350000000000005,-27.394897303615728,0.93334257405353294,19.550000000000008,-27.683202826418484,-0.88960012237950881,occupied,occupied,1,
41.848430155809496,21.350000000000001,-27.441187457144711,0.92591818378187563,19.550000000000001,-27.738053973188425,-0.89839805205771417,occupied,occupied,1,
41.898428280248929,21.350000000000005,-27.486993127639369,0.91834864983849096,19.550000000000008,-27.793537808875382,-0.90756746039058733,occupied,occupied,1,
41.948426404688369,21.400000000000006,-27.523510161346071,0.9613814013612233,19.550000000000004,-27.849679492180837,-0.91715165194851289,occupied,occupied,1,
41.99842452912781,21.399999999999999,-27.568049120459744,0.95350952089716412,19.550000000000001,-27.906506442171896,-0.92719602719391392,occupied,occupied,1,
42.048422653567243,21.399999999999995,-27.612107156014165,0.94543062613747775,19.599999999999998,-27.954536593630838,-0.8868515354704084,occupied,occupied,1,
42.098420778006684,21.400000000000002,-27.65569757565272,0.93712277388957166,19.600000000000001,-28.012429024149341,-0.89788603435808967,occupied,occupied,1,
42.148418902446124,21.400000000000002,-27.698834934445671,0.9285642553388701,19.600000000000001,-28.071071005038931,-0.90952162193964092,occupied,occupied,1,
42.198417026885558,21.400000000000006,-27.741535267599062,0.91973348772163499,19.600000000000005,-28.130500291530229,-0.92181308780714433,occupied,occupied,1,
42.248415151324998,21.400000000000002,-27.783816335564115,0.91060889200505712,19.600000000000001,-28.190757834144829,-0.93481826268491175,occupied,occupied,1,
42.298413275764432,21.450000000000003,-27.813859267779481,0.95255117117607213,19.607973861740216,-28.25,-0.94040393456048554,occupied,occupied,1,
42.348411400203872,21.450000000000003,-27.854792547405982,0.9429079781899451,19.650000000000002,-28.301529377533129,-0.91170082028806576,occupied,occupied,1,
42.398409524643313,21.450000000000006,-27.895336020347173,0.93291997639691326,19.650000000000002,-28.363944964727558,-0.92707850283722348,occupied,occupied,1,
42.448407649082746,21.450000000000006,-27.935516261084313,0.92256538258937004,19.650000000000006,-28.427351209353368,-0.94342004509725197,occupied,occupied,1,
42.498405773522187,21.449999999999999,-27.975362950579743,0.91182160400266221,19.649999999999999,-28.49180741870391,-0.96080085892360945,occupied,occupied,1,
42.548403897961627,21.449999999999996,-28.014909194297498,0.9006649807533107,19.649999999999995,-28.557377348411208,-0.97930089612518667,occupied,occupied,1,
42.598402022401061,21.463238864018372,-28.050000000000001,0.90295714947497341,19.699999999999999,-28.60829781100329,-0.94655839178329648,occupied,occupied,1,
42.648400146840501,21.500000000000004,-28.076854371361641,0.92963475680522101,19.700000000000003,-28.675253295370279,-0.96722614274822238,occupied,occupied,1,
42.698398271279935,21.500000000000004,-28.115705478277995,0.9171146053737379,19.700000000000003,-28.742860468766501,-0.9890132450325877,occupied,occupied,1,
42.748396395719375,21.500000000000004,-28.15493780074712,0.90394104865139058,19.750000000000004,-28.792926610243423,-0.95872631860517565,occupied,occupied,1,
42.798394520158816,21.5,-28.194573086331232,0.89009857232696854,19.75,-28.861132279506201,-0.98254692482567307,occupied,occupied,1,
42.848392644598249,21.499999999999996,-28.234633986639604,0.8755706165803826,19.799999999999997,-28.910227515807634,-0.95375347079553008,occupied,occupied,1,
42.89839076903769,21.550000000000004,-28.2544377713198,0.91445747089814466,19.800000000000004,-28.979160252725418,-0.9796710028476876,occupied,occupied,1,
42.94838889347713,21.550000000000004,-28.294575183648387,0.89883394071175915,19.850000000000005,-29.027377266884407,-0.95238157704813997,occupied,occupied,1,
42.998387017916563,21.550000000000004,-28.33520102981576,0.8824840553497677,19.850000000000005,-29.097172871996101,-0.98047087923016008,occupied,occupied,1,
43.048385142356004,21.600000000000001,-28.35306091891524,0.92054118353905179,19.899999999999999,-29.144607596242388,-0.95470443834295859,occupied,occupied,1,
43.098383266795437,21.600000000000001,-28.393861678245532,0.9030527000791887,19.931888236921584,-29.200000000000003,-0.9496361156482962,occupied,occupied,1,
43.148381391234878,21.600000000000005,-28.435220736733079,0.8847882005259422,19.950000000000006,-29.262163083862308,-0.96083734260993303,occupied,occupied,1,
43.198379515674318,21.649999999999999,-28.451199429368771,0.92206443507905578,20,-29.308159115251279,-0.93720421232718953,occupied,occupied,1,
43.248377640113752,21.649999999999999,-28.492841754214034,0.90260405588046788,20,-29.380303812370659,-0.97091907038928771,occupied,occupied,1,
43.298375764553192,21.650000000000002,-28.535121103536703,0.88230768651424696,20.050000000000001,-29.425763597495468,-0.94887882830205972,occupied,occupied,1,
43.348373888992633,21.698754418237623,-28.550000000000001,0.91740443000677185,20.100000000000001,-29.470519712234424,-0.9274186591935063,occupied,occupied,1,
43.398372013432066,21.699999999999999,-28.591966902760685,0.89727542556803908,20.100000000000001,-29.544346587478831,-0.9647200265917758,occupied,occupied,1,
43.448370137871507,21.75,-28.604624652786171,0.93350144986193451,20.149999999999999,-29.588724124358791,-0.9449159079021785,occupied,occupied,1,
43.49836826231094,21.750000000000004,-28.647791217522681,0.91061956201666361,20.200000000000003,-29.632454146973526,-0.92569769941577251,occupied,occupied,1,
43.548366386750381,21.800000000000001,-28.658951677801316,0.94657579239485357,20.212720865142053,-29.699999999999999,-0.95164354717265065,occupied,occupied,1,
43.598364511189821,21.799999999999997,-28.702684683695423,0.9223249839615526,20.252760544621303,-29.75,-0.94604845409806515,occupied,occupied,1,
43.648362635629255,21.800000000000004,-28.747271240824411,0.89706302522516712,20.300000000000004,-29.794807655948233,-0.93250865716677023,occupied,occupied,1,
43.698360760068695,21.850000000000005,-28.756744043910544,0.93236707033282529,20.332194020845282,-29.850000000000001,-0.93817926052426048,occupied,occupied,1,
43.748358884508136,21.852774791528283,-28.800000000000001,0.9090692284494114,20.371702968519141,-29.900000000000002,-0.93580847614556395,occupied,occupied,1,
43.798357008947569,21.900000000000002,-28.81007371812483,0.94071044891961997,20.411142531784051,-29.950000000000003,-0.93442380994617102,occupied,occupied,1,
43.84835513338701,21.907892295566029,-28.850000000000001,0.92243807886062157,20.450559597338248,-30,-0.93398821736658411,occupied,occupied,1,
43.898353257826443,21.950000000000003,-28.862787599849291,0.9473074861742381,20.5,-30.041866457888183,-0.9215763929028713,occupied,occupied,1,
43.948351382265884,21.950000000000003,-28.909897392772418,0.91731808228135203,20.529496810071805,-30.100000000000001,-0.93583423966255275,occupied,occupied,1,
43.998349506705324,21.959479116071055,-28.950000000000003,0.89855993693562808,20.569075428936078,-30.150000000000002,-0.93807350858324701,occupied,occupied,1,
44.048347631144757,22.000000000000004,-28.964122940492011,0.91974452507393067,20.607772061440187,-30.199999999999999,-0.94189205039525226,occupied,occupied,1,
44.098345755584198,22.017294613107591,-29,0.90860991883698639,20.650000000000006,-30.245548695464926,-0.9409538437317454,occupied,occupied,1,
44.148343880023639,22.050000000000008,-29.02321503321906,0.91691836412905758,20.700000000000006,-30.28245196524556,-0.9292066725300272,occupied,occupied,1,
44.198342004463072,22.080093471089071,-29.050000000000001,0.92043488062661094,20.750000000000004,-30.317649776766785,-0.91697759303591608,occupied,occupied,1,
44.248340128902512,22.100000000000001,-29.087918708882281,0.90848053230794967,20.800000000000001,-30.351183355323688,-0.90420740745132866,occupied,occupied,1,
44.298338253341946,22.147674862673028,-29.099999999999998,0.9340658532654621,20.832902505068173,-30.399999999999999,-0.91488691852775894,occupied,occupied,1,
44.348336377781386,22.158329016282103,-29.150000000000002,0.90631759592577754,20.863573894873831,-30.450000000000003,-0.92845509419497507,occupied,occupied,1,
44.398334502220827,22.200000000000003,-29.170305207150744,0.9211864715075615,20.900000000000002,-30.493099195050533,-0.93347897930124235,occupied,occupied,1,
44.44833262666026,22.233573753535264,-29.199999999999999,0.92340932118482888,20.950000000000003,-30.520985829779978,-0.91848240832700534,occupied,occupied,1,
44.498330751099701,22.25,-29.248801621890802,0.89974515220341411,20.997432349257952,-30.550000000000001,-0.90636750731687887,occupied,occupied,1,
44.548328875539141,22.300000000000001,-29.264055011615802,0.92334186507023852,21.023421725780043,-30.600000000000001,-0.92446794716673986,occupied,occupied,1,
44.598326999978575,22.331407200192594,-29.300000000000001,0.91898425573411591,21.050000000000001,-30.648199758443234,-0.94102837900034186,occupied,occupied,1,
44.648325124418015,22.35081292602765,-29.349999999999998,0.89606715132102965,21.100000000000005,-30.670388827326139,-0.92271255805708419,occupied,occupied,1,
44.698323248857449,22.418862961479011,-29.350000000000001,0.94284678915581877,21.141615998165566,-30.699999999999999,-0.91560950715394884,occupied,occupied,1,
44.748321373296889,22.449999999999996,-29.389165322887465,0.93578590095624237,21.163777747684726,-30.75,-0.93670941299862576,occupied,occupied,1,
44.79831949773633,22.5,-29.407652162240396,0.95667323249901759,21.200000000000003,-30.785837282188968,-0.93789643495785824,occupied,occupied,1,
44.848317622175763,22.526809401006208,-29.449999999999999,0.94422877507425051,21.25,-30.807736389153504,-0.91955510427695264,occupied,occupied,1,
44.898315746615204,22.550000000000004,-29.495557521051872,0.92688089619304193,21.281494397349597,-30.850000000000001,-0.92881867343956093,occupied,occupied,1,
44.948313871054644,22.600000000000001,-29.511751102267894,0.94918129311817678,21.306500613083248,-30.899999999999999,-0.9482842970858778,occupied,occupied,1,
44.998311995494078,22.62873568141989,-29.550000000000001,0.94071575167744714,21.350000000000001,-30.930914243672586,-0.94132810841567593,occupied,occupied,1,
45.048310119933518,22.649999999999999,-29.595749477411172,0.92151398175050536,21.399999999999999,-30.955400874139389,-0.92541642317139861,occupied,occupied,1,
45.098308244372959,22.700000000000003,-29.609519298625752,0.94512462791627416,21.432124045879931,-31,-0.93661552840980933,occupied,occupied,1,
45.148306368812392,22.72497139078601,-29.650000000000002,0.93193449296647379,21.460116636721299,-31.050000000000001,-0.95482398359593457,occupied,occupied,1,
45.198304493251833,22.75,-29.68995026678542,0.91895698610184817,21.5,-31.087644360072481,-0.95615601806870998,occupied,occupied,1,
45.248302617691266,22.800000000000008,-29.70124962518814,0.94374436674949769,21.550000000000008,-31.114526098017699,-0.94301221231775545,occupied,occupied,1,
45.298300742130706,22.816357000722494,-29.75,0.91793411750384146,21.592831407637092,-31.149999999999999,-0.94137082707490782,occupied,occupied,1,
45.348298866570147,22.850000000000001,-29.778635221713817,0.91837322652170883,21.623608609933374,-31.199999999999999,-0.95894232356092846,occupied,occupied,1,
45.39829699100958,22.889358144424779,-29.800000000000001,0.9277633680991122,21.655179327060313,-31.25,-0.97636303349064502,occupied,occupied,1,
45.448295115449021,22.945823154896349,-29.800000000000001,0.96420810946808855,21.699999999999999,-31.285393124697098,-0.97446877649648567,occupied,occupied,1,
45.498293239888461,22.959571005513332,-29.850000000000001,0.93456829649946804,21.75,-31.315371456456528,-0.96553052271390516,occupied,occupied,1,
45.548291364327895,23.000000000000007,-29.867005766659179,0.94701495573824679,21.796782125716902,-31.350000000000001,-0.96269841257556465,occupied,occupied,1,
45.598289488767335,23.026692619263198,-29.899999999999999,0.93802573988676741,21.849999999999998,-31.377405360828014,-0.95071249513465639,occupied,occupied,1,
45.648287613206769,23.050000000000001,-29.936675202436199,0.92366261456164334,21.899999999999999,-31.409522645805676,-0.9449677906924312,occupied,occupied,1,
45.698285737646209,23.090793613408543,-29.949999999999999,0.93806064029812353,21.944217888255569,-31.449999999999999,-0.94996369575003081,occupied,occupied,1,
45.74828386208565,23.103055298083387,-30,0.90556663485711386,21.982222625384516,-31.5,-0.96693593662023813,occupied,occupied,1,
45.798281986525083,23.149999999999999,-30.002679492917757,0.93129579377541205,22.050000000000001,-31.510923286174688,-0.93546593175306547,occupied,occupied,1,
45.848280110964524,23.163694138568555,-30.050000000000001,0.90089674014972654,22.097640605458228,-31.550000000000001,-0.93933969451213861,occupied,occupied,1,
45.898278235403964,23.210272934633515,-30.050000000000001,0.92763674333917701,22.138664024371195,-31.599999999999998,-0.95673202538779134,occupied,occupied,1,
45.948276359843398,23.25,-30.057727123813613,0.94362205698842416,22.199999999999999,-31.621844463165608,-0.94024711343227119,occupied,occupied,1,
45.998274484282838,23.265875852161539,-30.099999999999998,0.91711053108847262,22.249999999999996,-31.661588558064864,-0.94583406596320785,occupied,occupied,1,
46.048272608722272,23.308435115757149,-30.099999999999998,0.94004993445228668,22.301926120255864,-31.699999999999999,-0.95020411144339845,occupied,occupied,1,
46.098270733161712,23.349271826468446,-30.099999999999998,0.96152045841907086,22.350000000000005,-31.746541497405083,-0.96452291748152041,occupied,occupied,1,
46.148268857601153,23.35916117351535,-30.150000000000002,0.92362019572601173,22.400000000000006,-31.792368441039887,-0.97831677823057106,occupied,occupied,1,
46.198266982040586,23.39766325456737,-30.149999999999999,0.94274544945007488,22.472957750930828,-31.800000000000001,-0.94870380137737187,occupied,occupied,1,
46.248265106480027,23.434417869306614,-30.150000000000002,0.96041880018815129,22.522977114881893,-31.850000000000001,-0.96849909563486836,occupied,occupied,1,
46.298263230919467,23.450000000000006,-30.18798169691047,0.93400075965676654,22.600000000000005,-31.850887378952365,-0.93355253472795308,occupied,occupied,1,
46.3482613553589,23.478375027487122,-30.200000000000003,0.93590189313634364,22.650000000000002,-31.906358217890265,-0.96090161643598881,occupied,occupied,1,
46.398259479798341,23.511166887016891,-30.200000000000003,0.94990875031590549,22.707788111071196,-31.950000000000003,-0.97568660116373496,occupied,occupied,1,
46.448257604237774,23.542240834548572,-30.199999999999999,0.96255829683665473,22.764667731332171,-32,-0.99821194234120159,occupied,occupied,1,
46.498255728677215,23.57161312336358,-30.199999999999999,0.97389187675739031,22.844050634832257,-32,-0.96758878879606636,occupied,occupied,1,
46.548253853116655,23.599308625190975,-30.199999999999999,0.98395781116543291,22.90421297705036,-32.049999999999997,-0.99231594519121602,occupied,occupied,1,
46.598251977556089,23.608033187462876,-30.25,0.93989352978279239,22.984207507492155,-32.049999999999997,-0.96514150375095586,occupied,occupied,1,
46.648250101995529,23.633980050637788,-30.25,0.94806518292875763,23.048015007704993,-32.100000000000001,-0.99251592373471575,occupied,occupied,1,
46.69824822643497,23.658418062807392,-30.25,0.95512316301933331,23.114555597501191,-32.149999999999999,-1.0211830837878102,occupied,occupied,1,
46.748246350874403,23.681414203516869,-30.25,0.96113512952838365,23.196721332280489,-32.149999999999999,-0.99971345703493453,occupied,occupied,1,
46.798244475313844,23.703107415909791,-30.25,0.96618517444434615,23.267489252817118,-32.200000000000003,-1.0318796853678265,occupied,occupied,1,
46.848242599753277,23.724661214684339,-30.25,0.97056810683841321,23.349743909701054,-32.200000000000003,-1.015146622314778,occupied,occupied,1,
46.898240724192718,23.746542944938675,-30.25,0.9743827185881706,23.430470157041388,-32.200000000000003,-1.0010671054390465,occupied,occupied,1,
46.948238848632158,23.768807656832244,-30.25,0.9776276178966643,23.503197007790313,-32.25,-1.0399325464812108,occupied,occupied,1,
46.998236973071592,23.791502694143542,-30.25,0.98029730820805394,23.582785082515009,-32.25,-1.0305639603542298,occupied,occupied,1,
47.048235097511032,23.814668450967527,-30.25,0.98238313406462452,23.661279810146716,-32.25,-1.0234902605275802,occupied,occupied,1,
47.098233221950473,23.838339099290895,-30.25,0.98387409345891497,23.738821180159555,-32.25,-1.0186003299053965,occupied,occupied,1,
47.148231346389906,23.862543280812446,-30.25,0.98475752160246754,23.815540157251998,-32.25,-1.0157947255594102,occupied,occupied,1,
47.198229470829347,23.887304758355704,-30.25,0.98501965421721061,23.891559505745061,-32.25,-1.014984871496506,occupied,occupied,1,
47.24822759526878,23.914001813108143,-30.300000000000001,0.93462762088766571,23.966994591738235,-32.25,-1.0160923063666127,occupied,occupied,1,
47.298225719708221,23.941158369443894,-30.300000000000001,0.93355534535072537,24.04195416223288,-32.25,-1.0190479916954762,occupied,occupied,1,
47.348223844147661,23.968895648780467,-30.300000000000001,0.93178986046841872,24.116541101471384,-32.25,-1.0237916846736672,occupied,occupied,1,
47.398221968587094,23.997225729550557,-30.300000000000001,0.92931826858880062,24.190853165346923,-32.25,-1.0302713782232751,occupied,occupied,1,
47.448220093026535,24.026158356336406,-30.300000000000001,0.92612776460877588,24.264983695753369,-32.25,-1.0384428100328245,occupied,occupied,1,
47.498218217465975,24.050000000000001,-30.260759640815618,0.96185809540973688,24.331757677172067,-32.200000000000003,-0.99774404771395431,occupied,occupied,1,
47.548216341905409,24.077471327123146,-30.25,0.96823867400784502,24.404666014483801,-32.199999999999996,-1.0090211378117944,occupied,occupied,1,
47.598214466344849,24.107141493801571,-30.25,0.96301213101220262,24.477667180950444,-32.200000000000003,-1.0218781140233122,occupied,occupied,1,
47.648212590784283,24.137449286782633,-30.25,0.95703829553605779,24.540241900185617,-32.149999999999999,-0.98518771845201791,occupied,occupied,1,
47.698210715223723,24.168396162572357,-30.25,0.95030465281004983,24.612580059423507,-32.149999999999999,-1.0009255576525382,occupied,occupied,1,
47.748208839663164,24.199983202017322,-30.25,0.94279886968228477,24.672487784887831,-32.100000000000001,-0.96658861871121471,occupied,occupied,1,
47.798206964102597,24.232211346721542,-30.25,0.93450868559023104,24.744507920193072,-32.100000000000001,-0.98511309465468688,occupied,occupied,1,
47.848205088542038,24.265081622955698,-30.25,0.92542178682187581,24.802110457929871,-32.049999999999997,-0.95298178259384381,occupied,occupied,1,
47.898203212981478,24.298595357234205,-30.25,0.91552566522974987,24.874138727929839,-32.050000000000004,-0.97424949905612213,occupied,occupied,1,
47.948201337420912,24.332754387878371,-30.25,0.90480746166319392,24.929767957476773,-32,-0.94422612437158215,occupied,occupied,1,
47.998199461860352,24.349999999999998,-30.20156929891699,0.94477011383858867,25.002122294052935,-32,-0.9682422941187665,occupied,occupied,1,
48.048197586299793,24.383811567960787,-30.199999999999999,0.93441310531997301,25.056090186403143,-31.949999999999999,-0.94027581309149522,occupied,occupied,1,
48.098195710739226,24.418840945335091,-30.199999999999999,0.92154385885820322,25.129091389522607,-31.949999999999999,-0.96709472315492573,occupied,occupied,1,
48.148193835178667,24.454522646286083,-30.200000000000003,0.9078164379662278,25.181700310828877,-31.900000000000002,-0.94117987241676437,occupied,occupied,1,
48.1981919596181,24.491022333498286,-30.199999999999999,0.89315049005028402,25.250000000000004,-31.8877478339896,-0.95740073847190554,occupied,occupied,1,
48.248190084057541,24.505253798804361,-30.150000000000002,0.93261536615810459,25.306216664886072,-31.850000000000001,-0.94662424412096602,occupied,occupied,1,
48.298188208496981,24.543361542387814,-30.149999999999999,0.91607791517381298,25.355211767985633,-31.800000000000001,-0.92283502153722807,occupied,occupied,1,
48.348186332936415,24.582901596281427,-30.149999999999999,0.89833161069693146,25.428142732856553,-31.800000000000001,-0.95556498268653078,occupied,occupied,1,
48.398184457375855,24.600000000000005,-30.105050599038318,0.93026413870954794,25.474797845913443,-31.75,-0.9328326926277255,occupied,occupied,1,
48.448182581815296,24.63886006196299,-30.100000000000001,0.91620701746847366,25.547347268882209,-31.75,-0.96736644941193495,occupied,occupied,1,
48.498180706254729,24.653508736876592,-30.050000000000001,0.95268482982348202,25.59167261744015,-31.700000000000003,-0.94538036052011498,occupied,occupied,1,
48.54817883069417,24.697262709326175,-30.050000000000001,0.93081045265798634,25.634407185707158,-31.649999999999999,-0.92343865941174441,occupied,occupied,1,
48.598176955133603,24.742584447555924,-30.050000000000001,0.90766651146594923,25.700000000000003,-31.640540233783661,-0.94879861757536677,occupied,occupied,1,
48.648175079573043,24.758594421780426,-30,0.94202410434610284,25.746152599633085,-31.600000000000001,-0.93820757144378808,occupied,occupied,1,
48.698173204012484,24.800000000000001,-29.990068671139674,0.92851618397001079,25.785117959540315,-31.550000000000001,-0.91643453216546555,occupied,occupied,1,
48.748171328451917,24.823243789697809,-29.950000000000003,0.94978672385327612,25.849999999999998,-31.54242852184575,-0.94495782689280072,occupied,occupied,1,
48.798169452891358,24.873331576439789,-29.949999999999999,0.9224604477249303,25.891632408833704,-31.5,-0.93211135871830852,occupied,occupied,1,
48.848167577330798,24.899999999999999,-29.912720191517323,0.93880647731915579,25.92700191387484,-31.449999999999999,-0.90996666740983423,occupied,occupied,1,
48.898165701770232,24.944000431031743,-29.900000000000002,0.92478776616411895,25.994951502214111,-31.449999999999999,-0.94791032856961643,occupied,occupied,1,
48.948163826209672,24.963565983703507,-29.850000000000001,0.95505519697482477,26.028180714574489,-31.400000000000002,-0.92534490012884518,occupied,occupied,1,
48.998161950649106,25.018424156905283,-29.849999999999998,0.92387603213872249,26.060156254927463,-31.350000000000001,-0.90237854049065191,occupied,occupied,1,
49.048160075088546,25.050000000000008,-29.814918396436493,0.9345758506849684,26.125990903271962,-31.350000000000001,-0.94005263344811729,occupied,occupied,1,
49.098158199527987,25.096664863364015,-29.800000000000001,0.91992223473693868,26.155921692741792,-31.300000000000001,-0.91638520972421589,occupied,occupied,1,
49.14815632396742,25.119460593668837,-29.75,0.94754863098774433,26.200000000000003,-31.271482414556207,-0.91859020265735714,occupied,occupied,1,
49.198154448406861,25.178710041480056,-29.75,0.91319361298094792,26.248177940040883,-31.25,-0.92902287431149511,occupied,occupied,1,
49.248152572846301,25.203274147571364,-29.699999999999999,0.93961643597853972,26.275080542678225,-31.200000000000003,-0.90395860957614727,occupied,occupied,1,
49.298150697285735,25.25,-29.679739972004487,0.92892674828326083,26.336781439833331,-31.200000000000003,-0.93983874013071389,occupied,occupied,1,
49.348148821725175,25.290880075394004,-29.650000000000002,0.92935837043642988,26.361828913661959,-31.150000000000002,-0.9137182460360066,occupied,occupied,1,
49.398146946164609,25.350000000000001,-29.644583760368988,0.89944650115971458,26.399999999999999,-31.119621927907126,-0.91114389859785483,occupied,occupied,1,
49.448145070604049,25.382126948174001,-29.599999999999998,0.91719077453940678,26.444901758535973,-31.099999999999998,-0.92114823052465422,occupied,occupied,1,
49.49814319504349,25.411458666286517,-29.550000000000001,0.94110771662392823,26.5,-31.096241487766186,-0.9498668928545051,occupied,occupied,1,
49.548141319482923,25.47682818543851,-29.550000000000001,0.90357651768420322,26.524262350362527,-31.050000000000001,-0.92593662242987451,occupied,occupied,1,
49.598139443922364,25.507710453871479,-29.5,0.92700599437860598,26.550000000000004,-31.006258792291923,-0.90470988078477155,occupied,occupied,1,
49.648137568361804,25.550000000000001,-29.466732454562305,0.93040707433723602,26.601968033202002,-31,-0.92904072239474589,occupied,occupied,1,
49.698135692801237,25.603249901431049,-29.449999999999999,0.91417844200151521,26.649999999999995,-30.987809458969096,-0.94607522375187536,occupied,occupied,1,
49.748133817240678,25.650000000000006,-29.424325411231802,0.90918844299175339,26.680906327113366,-30.949999999999999,-0.93212923902169065,occupied,occupied,1,
49.798131941680111,25.697301509096395,-29.399999999999999,0.90294453316367285,26.704064344063568,-30.899999999999999,-0.90359121402516629,occupied,occupied,1,
49.848130066119552,25.727120256584939,-29.350000000000001,0.92791843262600793,26.761092701126767,-30.900000000000002,-0.93530431736171127,occupied,occupied,1,
49.898128190558992,25.789952191266128,-29.350000000000001,0.89311828183714526,26.800000000000004,-30.872508236543482,-0.93396351881406003,occupied,occupied,1,
49.948126314998426,25.819270483814627,-29.300000000000001,0.91863552929563175,26.842524853528669,-30.850000000000001,-0.93866075970590479,occupied,occupied,1,
49.998124439437866,25.849999999999998,-29.252426616693722,0.94146001103787691,26.867275012787843,-30.800000000000001,-0.91052050407575635,occupied,occupied,1,
50.048122563877307,25.910076815397073,-29.25,0.91053283280902186,26.925204347745897,-30.800000000000001,-0.94229848896115431,occupied,occupied,1,
50.09812068831674,25.950000000000003,-29.217354781096905,0.91600653078579197,26.950690751385714,-30.75,-0.91439871039316956,occupied,occupied,1,
50.148118812756181,25.999587767319568,-29.199999999999999,0.90345800320968905,27.000000000000007,-30.735970383605611,-0.92958036371289821,occupied,occupied,1,
50.198116937195614,26.027615741867642,-29.150000000000002,0.93008046196021898,27.035325149179521,-30.700000000000003,-0.91869703941328473,occupied,occupied,1,
50.248115061635055,26.087839144807823,-29.150000000000002,0.89726966517638451,27.094338142137772,-30.700000000000003,-0.9508483590921385,occupied,occupied,1,
50.298113186074495,26.115276079791961,-29.099999999999998,0.92426966175055025,27.12119496594023,-30.649999999999999,-0.92353249365185397,occupied,occupied,1,
50.348111310513929,26.149999999999995,-29.061702568537768,0.93749223757796318,27.149999999999995,-30.602503476107813,-0.89937124041071848,occupied,occupied,1,
50.398109434953369,26.2016691695639,-29.050000000000001,0.9191730545175173,27.208324952700448,-30.600000000000001,-0.92903036116005744,occupied,occupied,1,
50.44810755939281,26.250000000000004,-29.033620673956516,0.90657176282846086,27.250000000000004,-30.57135128019511,-0.92771704141227762,occupied,occupied,1,
50.498105683832243,26.286804795664821,-29,0.91467124599640104,27.296749351703379,-30.550000000000001,-0.93532551245263018,occupied,occupied,1,
50.548103808271684,26.312570169259555,-28.949999999999999,0.94246976312330477,27.325129066631327,-30.5,-0.90895550424417249,occupied,occupied,1,
50.598101932711117,26.370684240276844,-28.949999999999999,0.91065201549360331,27.386513581318127,-30.5,-0.94256390557991399,occupied,occupied,1,
50.648100057150558,26.399999999999999,-28.906530646125926,0.93089818126910306,27.415468032908393,-30.450000000000003,-0.91666047063001754,occupied,occupied,1,
50.698098181589998,26.449999999999999,-28.895004744234271,0.91299707976948219,27.449999999999999,-30.408122704717137,-0.90070795753284394,occupied,occupied,1,
50.748096306029431,26.477525080268464,-28.850000000000001,0.93531151872667162,27.507196634997168,-30.399999999999999,-0.92552794522969761,occupied,occupied,1,
50.798094430468872,26.501234608512135,-28.800000000000001,0.96377778268406755,27.549999999999997,-30.369602268492958,-0.92396163991665814,occupied,occupied,1,
50.848092554908312,26.558017970812742,-28.800000000000001,0.93216160748992027,27.599999999999998,-30.349411527336148,-0.93502949954527526,occupied,occupied,1,
50.898090679347746,26.600000000000001,-28.778308410317447,0.92665739383253454,27.630644584216533,-30.300000000000001,-0.91121462376974605,occupied,occupied,1,
50.948088803787186,26.637159342850371,-28.75,0.92917453607556011,27.695165253326405,-30.300000000000001,-0.94749179191197519,occupied,occupied,1,
50.99808692822662,26.65931456784654,-28.699999999999999,0.95789348488203441,27.725669347476856,-30.25,-0.92349231182219815,occupied,occupied,1,
51.04808505266606,26.716603698128072,-28.699999999999999,0.92534822169173236,27.755260456524617,-30.199999999999999,-0.899153864293048,occupied,occupied,1,
51.098083177105501,26.75,-28.664254799449044,0.93566506574109398,27.818740734633472,-30.199999999999999,-0.9353560669242188,occupied,occupied,1,
51.148081301544934,26.799140559021943,-28.650000000000002,0.91925306649078287,27.850000000000005,-30.154734652879952,-0.91610301347584555,occupied,occupied,1,
51.198079425984375,26.824098028898728,-28.599999999999998,0.94592982885016075,27.900000000000006,-30.137446353694408,-0.9305845840728616,occupied,occupied,1,
51.248077550423815,26.884831755048356,-28.600000000000001,0.91109864008267782,27.935113641513116,-30.100000000000001,-0.92004636811191576,occupied,occupied,1,
51.298075674863249,26.911361677072563,-28.550000000000001,0.93684813309461423,27.995636454042458,-30.100000000000001,-0.95475219254849453,occupied,occupied,1,
51.348073799302689,26.950000000000006,-28.516127405848462,0.94248235051312423,28.020380996916259,-30.050000000000001,-0.92794022571092416,occupied,occupied,1,
51.39807192374213,27.001803037622064,-28.5,0.92610763092650328,28.050000000000004,-30.00801876916584,-0.91042101848106816,occupied,occupied,1,
51.448070048181563,27.050000000000004,-28.477633516085188,0.91702886560655095,28.102410446998366,-30,-0.93369192919163913,occupied,occupied,1,
51.498068172621004,27.095301432196425,-28.449999999999999,0.91408245848540381,28.150000000000006,-29.986359439859076,-0.94945970561258586,occupied,occupied,1,
51.548066297060437,27.126130300978648,-28.400000000000002,0.93795939450357813,28.181181587657374,-29.949999999999999,-0.93704279683445713,occupied,occupied,1,
51.598064421499878,27.191693222062359,-28.400000000000002,0.90119098774206874,28.202511495163538,-29.900000000000002,-0.90760794559332314,occupied,occupied,1,
51.648062545939318,27.224261021094016,-28.350000000000001,0.92459923338009642,28.256746028150708,-29.899999999999999,-0.93779849261638382,occupied,occupied,1,
51.698060670378752,27.257911581319547,-28.300000000000001,0.94772243171038828,28.300000000000004,-29.885095863663729,-0.94924282083163036,occupied,occupied,1,
51.748058794818192,27.32507686885824,-28.300000000000001,0.91101137551423139,28.329231697696336,-29.850000000000001,-0.93583104339401579,occupied,occupied,1,
51.798056919257633,27.360486000915696,-28.25,0.93393004953577419,28.349999999999998,-29.802437600387393,-0.90704807566842383,occupied,occupied,1,
51.848055043697066,27.399999999999995,-28.204721221093727,0.95110313765901389,28.398843732791057,-29.800000000000001,-0.93107729603077083,occupied,occupied,1,
51.898053168136506,27.465483944995007,-28.199999999999999,0.92060309628964176,28.417304809723412,-29.75,-0.89831497732783805,occupied,occupied,1,
51.94805129257594,27.50378459302706,-28.150000000000002,0.9434403217766707,28.465861759903575,-29.75,-0.92353382775651072,occupied,occupied,1,
51.99804941701538,27.550000000000004,-28.111439052512363,0.9529650224796784,28.500000000000004,-29.727544436538594,-0.9216807073259754,occupied,occupied,1,
52.048047541454821,27.612663694740853,-28.099999999999998,0.9313838098316175,28.53063361755278,-29.699999999999999,-0.91324861403698132,occupied,occupied,1,
52.098045665894254,27.65385679992216,-28.050000000000001,0.95458805916207945,28.549999999999997,-29.652994030876435,-0.88189295028811898,occupied,occupied,1,
52.148043790333695,27.700000000000003,-28.00687469759179,0.97006974958436987,28.593565796695259,-29.650000000000002,-0.90031004939702952,occupied,occupied,1,
52.198041914773135,27.766294320671946,-28,0.94481050944277123,28.637684971782068,-29.649999999999999,-0.92115349525885293,occupied,occupied,1,
52.248040039212569,27.810344765378339,-27.949999999999999,0.96884599118931647,28.655111103877712,-29.600000000000001,-0.88483417719508861,occupied,occupied,1,
52.298038163652009,27.880383773052085,-27.949999999999999,0.93733624873554333,28.697900953761021,-29.600000000000001,-0.90408557712465054,occupied,occupied,1,
52.348036288091443,27.926026079113402,-27.900000000000002,0.96230292742497214,28.739685551841845,-29.600000000000001,-0.92238318372476613,occupied,occupied,1,
52.398034412530883,27.995829927408664,-27.899999999999999,0.93260407480963081,28.757544648531525,-29.550000000000001,-0.88473169944213814,occupied,occupied,1,
52.448032536970324,28.04271360099133,-27.849999999999998,0.95879667368253707,28.798600093367927,-29.550000000000001,-0.901677564074439,occupied,occupied,1,
52.498030661409757,28.112048983790654,-27.850000000000001,0.93108005143086003,28.83890520609857,-29.550000000000001,-0.91778986500667337,occupied,occupied,1,
52.548028785849198,28.160287329753853,-27.800000000000001,0.95855663184806805,28.878443130069787,-29.550000000000001,-0.93306905880201918,occupied,occupied,1,
52.598026910288638,28.229382167196967,-27.800000000000001,0.93280057464787502,28.899999999999999,-29.506249093944525,-0.90050634135390295,occupied,occupied,1,
52.648025034728072,28.279228692836728,-27.75,0.96159404649439018,28.936368022494182,-29.5,-0.9077192227525418,occupied,occupied,1,
52.698023159167512,28.348312620805153,-27.75,0.93781275362408478,28.974378014419045,-29.5,-0.92080444124981331,occupied,occupied,1,
52.748021283606946,28.400043763074606,-27.700000000000003,0.96799026941601762,29.011553793461548,-29.5,-0.93304747804294175,occupied,occupied,1,
52.798019408046386,28.469359101825916,-27.699999999999999,0.94623378684169346,29.047874084887756,-29.5,-0.9444485200589251,occupied,occupied,1,
52.848017532485827,28.538421021543542,-27.700000000000003,0.92565946175639924,29.068180464045682,-29.450000000000003,-0.90276747605658891,occupied,occupied,1,
52.89801565692526,28.593097756689666,-27.650000000000002,0.95825727093571889,29.103674644378295,-29.450000000000003,-0.91275549177911819,occupied,occupied,1,
52.9480137813647,28.662782066813438,-27.649999999999999,0.93984668330159704,29.138264328326567,-29.449999999999999,-0.92189534528712225,occupied,occupied,1,
52.998011905804141,28.732394986124682,-27.650000000000002,0.92269643974392068,29.171926234431528,-29.449999999999999,-0.93018988117222623,occupied,occupied,1,
53.048010030243574,28.790812153165657,-27.599999999999998,0.95807563717424737,29.204636379574552,-29.449999999999999,-0.93764335317292946,occupied,occupied,1,
53.098008154683015,28.861519674887351,-27.600000000000001,0.9433327480238366,29.236370259211267,-29.450000000000003,-0.94426174247669981,occupied,occupied,1,
53.148006279122448,28.932379448996873,-27.600000000000001,0.92998411066383069,29.258056489970333,-29.400000000000002,-0.8992412814126155,occupied,occupied,1,
53.198004403561889,29.003468222059599,-27.600000000000001,0.91808433059953654,29.288881860373543,-29.400000000000002,-0.90440323998513139,occupied,occupied,1,
53.248002528001329,29.074869359857534,-27.600000000000001,0.90769614128936849,29.318693725905462,-29.399999999999999,-0.90874277083475574,occupied,occupied,1,
53.298000652440763,29.141096199223469,-27.550000000000001,0.94920149064969273,29.347471512910328,-29.399999999999999,-0.91227393763276243,occupied,occupied,1,
53.347998776880203,29.214642480148882,-27.550000000000001,0.94193984733276737,29.375196182091209,-29.400000000000002,-0.91501397309664312,occupied,occupied,1,
53.397996901319644,29.28884884854611,-27.550000000000001,0.93646442513353256,29.401850909612026,-29.399999999999999,-0.91698356868910158,occupied,occupied,1,
53.447995025759077,29.363840610571295,-27.550000000000001,0.93288516686262701,29.427421908915306,-29.399999999999999,-0.91820710028645058,occupied,occupied,1,
53.497993150198518,29.439756376446844,-27.550000000000001,0.93132709962590876,29.451899414215532,-29.399999999999999,-0.91871275220600568,occupied,occupied,1,
53.547991274637951,29.51674973372139,-27.550000000000001,0.9319322703552656,29.475278846640688,-29.400000000000002,-0.91853249139386328,occupied,occupied,1,
53.597989399077392,29.594991049978052,-27.550000000000001,0.93486190077831177,29.497562182549032,-29.400000000000002,-0.91770183205478684,occupied,occupied,1,
53.647987523516832,29.674669398971513,-27.550000000000001,0.94029875508207739,29.518759540062248,-29.400000000000002,-0.91625931944861427,occupied,occupied,1,
53.697985647956266,29.755994598224877,-27.550000000000001,0.94844970074070678,29.538890993700964,-29.399999999999999,-0.91424565145655368,occupied,occupied,1,
53.747983772395706,29.8391993396597,-27.549999999999997,0.95954842694740494,29.557988617600099,-29.399999999999999,-0.91170234999332456,occupied,occupied,1,
53.797981896835147,29.923634479742685,-27.550000000000001,0.97367720334408203,29.576944750159285,-29.399999999999999,-0.90852729367493534,occupied,occupied,1,
53.84798002127458,30.008072715263754,-27.550000000000001,0.99061793426286193,29.597144637309636,-29.399999999999999,-0.9044709515815631,occupied,occupied,1,
53.897978145714021,30.092503299464649,-27.550000000000001,1.0102543601255618,29.618773976731273,-29.400000000000002,-0.89943657592074677,occupied,occupied,1,
53.947976270153454,30.162461221370016,-27.600000000000001,0.98041152589034741,29.641986370948565,-29.400000000000002,-0.89332646804616633,occupied,occupied,1,
53.997974394592894,30.245238770781764,-27.600000000000001,1.0045798549040414,29.66691332132649,-29.400000000000002,-0.88604446671240322,occupied,occupied,1,
54.047972519032335,30.310390500545704,-27.650000000000002,0.9779926797539904,29.69366374421282,-29.400000000000002,-0.87749967861800915,occupied,occupied,1,
54.097970643471768,30.391625441997515,-27.650000000000002,1.0060136998121398,29.722324078758824,-29.400000000000002,-0.86760961207132659,occupied,occupied,1,
54.147968767911209,30.452274331367324,-27.699999999999999,0.98191445169278924,29.750000000000004,-29.4071928752088,-0.86408033423188968,occupied,occupied,1,
54.197966892350649,30.532041840924236,-27.699999999999999,1.0131324829769917,29.763657926471812,-29.449999999999999,-0.8981272691208837,occupied,occupied,1,
54.247965016790083,30.588474739044145,-27.75,0.99083394003154601,29.797028783000297,-29.450000000000003,-0.88436916932438747,occupied,occupied,1,
54.297963141229523,30.650000000000006,-27.784246659897878,0.98648075936404034,29.832510860388894,-29.449999999999999,-0.86905762165735201,occupied,occupied,1,
54.347961265668957,30.699999999999999,-27.8374685765767,0.96138848280645928,29.850000000000001,-29.489044285807143,-0.89608354210267605,occupied,occupied,1,
54.397959390108397,30.750000000000004,-27.885935554635161,0.94176907955681566,29.882893576004825,-29.5,-0.89046387078673006,occupied,occupied,1,
54.447957514547838,30.816992653766889,-27.899999999999999,0.96162460645133374,29.899999999999999,-29.542138569341684,-0.91919824750966439,occupied,occupied,1,
54.497955638987271,30.862463705288128,-27.949999999999999,0.94062430381172457,29.937311006412035,-29.550000000000001,-0.90759308498152014,occupied,occupied,1,
54.547953763426712,30.905833574404696,-28,0.91948206154185863,29.951242874612504,-29.600000000000001,-0.94364525674042954,occupied,occupied,1,
54.597951887866152,30.977894107617001,-28,0.95679252115643298,29.996146929166184,-29.600000000000001,-0.92039354378122784,occupied,occupied,1,
54.647950012305586,31.018172015964328,-28.050000000000001,0.93558427812409883,30.043031664819303,-29.600000000000001,-0.89564446357674243,occupied,occupied,1,
54.697948136745026,31.056604132186848,-28.099999999999998,0.91402952968901052,30.059648464835671,-29.649999999999999,-0.92890850580313,occupied,occupied,1,
54.747946261184467,31.12608389302703,-28.100000000000001,0.95187906876755224,30.100000000000001,-29.664624479104052,-0.9191895874129562,occupied,occupied,1,
54.7979443856239,31.1616882608872,-28.150000000000002,0.92981925713091151,30.127954324145289,-29.699999999999999,-0.93327114646520248,occupied,occupied,1,
54.847942510063341,31.200000000000003,-28.193608013024537,0.91498733838251856,30.180842685262871,-29.699999999999999,-0.90377555177278923,occupied,occupied,1,
54.897940634502774,31.25,-28.218075869733976,0.92289722587050704,30.201119839305655,-29.75,-0.93369673415131471,occupied,occupied,1,
54.947938758942215,31.293748153045279,-28.25,0.92139713865573614,30.25,-29.759847112822932,-0.91409966359840056,occupied,occupied,1,
54.997936883381655,31.350000000000005,-28.262251552303557,0.9434024278789942,30.279138837899271,-29.800000000000001,-0.93047428014865929,occupied,occupied,1,
55.047935007821089,31.387359435628117,-28.300000000000001,0.93384163502143025,30.302455973357755,-29.849999999999998,-0.95811912631750851,occupied,occupied,1,
55.097933132260529,31.414887915045423,-28.349999999999998,0.90870333792632885,30.361962842333686,-29.849999999999998,-0.92395899014859784,occupied,occupied,1,
55.14793125669997,31.476520405449342,-28.350000000000001,0.94412694838607192,30.399999999999995,-29.882071201517721,-0.92834156933826562,occupied,occupied,1,
55.197929381139403,31.502908925730793,-28.400000000000002,0.91839710169534772,30.448095741864758,-29.900000000000002,-0.91535065981864938,occupied,occupied,1,
55.247927505578843,31.550000000000004,-28.420540822855489,0.92869180059133982,30.473639286849327,-29.949999999999999,-0.94154822661527593,occupied,occupied,1,
55.297925630018277,31.590812585980473,-28.450000000000003,0.92809794582301131,30.534380695037356,-29.950000000000003,-0.90658141041383622,occupied,occupied,1,
55.347923754457717,31.617140630074541,-28.5,0.90238777872613107,30.559918145683611,-30,-0.93274692518574509,occupied,occupied,1,
55.397921878897158,31.678706948089328,-28.5,0.9378649211138822,30.600000000000005,-30.029357120799038,-0.93364299572614706,occupied,occupied,1,
55.447920003336591,31.705004172255173,-28.550000000000001,0.91217185258841926,30.646238717900687,-30.050000000000001,-0.92385219064588964,occupied,occupied,1,
55.497918127776032,31.75,-28.573488231957217,0.91893820039562102,30.671755986335775,-30.100000000000001,-0.94997815165865129,occupied,occupied,1,
55.547916252215472,31.792857449144233,-28.600000000000001,0.92201792877221223,30.732600887511751,-30.100000000000001,-0.91486638344909121,occupied,occupied,1,
55.597914376654906,31.849999999999998,-28.606309568962889,0.94985656866649737,30.758114482050146,-30.150000000000002,-0.94096180737710455,occupied,occupied,1,
55.647912501094346,31.880699233293896,-28.649999999999999,0.93192287606095969,30.799999999999997,-30.176850213116801,-0.93868729341231805,occupied,occupied,1,
55.69791062553378,31.90690886599717,-28.700000000000003,0.90626112237118284,30.844515194810242,-30.200000000000003,-0.93185756601051151,occupied,occupied,1,
55.74790874997322,31.949999999999999,-28.726143325310233,0.90984025069793295,30.899999999999999,-30.207688934175405,-0.90605550378459498,occupied,occupied,1,
55.797906874412661,31.99470845712338,-28.75,0.91623531806255087,30.930957895901493,-30.25,-0.9226679573980916,occupied,occupied,1,
55.847904998852094,32.050000000000004,-28.758939232005211,0.94093541706890593,30.956454768186209,-30.300000000000001,-0.94869668063566481,occupied,occupied,1,
55.897903123291535,32.082494338752859,-28.800000000000001,0.9262608636107007,31.017442304165172,-30.300000000000001,-0.91339558159296075,occupied,occupied,1,
55.947901247730975,32.108620382423474,-28.850000000000001,0.90062484956541733,31.050000000000004,-30.340060847454257,-0.92720403826804809,occupied,occupied,1,
55.997899372170409,32.170265247245389,-28.850000000000001,0.93633447237192968,31.100000000000001,-30.355582054860122,-0.91089183303249033,occupied,occupied,1,
56.047897496609849,32.200000000000003,-28.8948866497953,0.9169843472522714,31.129464735320049,-30.399999999999999,-0.9300164513094914,occupied,occupied,1,
56.097895621049283,32.25,-28.911269350159714,0.93262107121218296,31.154952021441474,-30.449999999999999,-0.95598213965637502,occupied,occupied,1,
56.147893745488723,32.284089791653841,-28.950000000000003,0.92083774921445249,31.21603252330187,-30.450000000000003,-0.92056017857830785,occupied,occupied,1,
56.197891869928164,32.310136545210732,-29,0.89522181835684733,31.250000000000007,-30.488099102751296,-0.93188749257683023,occupied,occupied,1,
56.247889994367597,32.371799335338899,-29,0.93100623470591992,31.300000000000004,-30.503706094757163,-0.91558138429371294,occupied,occupied,1,
56.297888118807037,32.400000000000006,-29.046941853372367,0.90915488814623246,31.328133370655351,-30.550000000000001,-0.93694420541466372,occupied,occupied,1,
56.347886243246478,32.450000000000003,-29.063301832400001,0.92487121191670374,31.389291465139429,-30.550000000000001,-0.90142943076819182,occupied,occupied,1,
56.397884367685911,32.485483660142897,-29.100000000000001,0.91561143325779559,31.414786571909108,-30.600000000000001,-0.92731891126212429,occupied,occupied,1,
56.447882492125352,32.547161720203469,-29.100000000000001,0.9514502476332154,31.450000000000003,-30.636382631403915,-0.93646803194337924,occupied,occupied,1,
56.497880616564785,32.57312876969668,-29.149999999999999,0.9258563220667716,31.5,-30.652072587536299,-0.92017385498308035,occupied,occupied,1,
56.547878741004226,32.600000000000001,-29.198706249652457,0.90185090310198812,31.526974619873492,-30.699999999999999,-0.94348548661892861,occupied,occupied,1,
56.597876865443666,32.650000000000006,-29.215038940669572,0.91764210900104903,31.588215210091438,-30.700000000000003,-0.90787050059903951,occupied,occupied,1,
56.6478749898831,32.686674643872912,-29.25,0.91053908553222762,31.6137147090352,-30.75,-0.93370683672622934,occupied,occupied,1,
56.69787311432254,32.748355757398734,-29.25,0.94642893454224664,31.650000000000006,-30.784921958666168,-0.94099544513671529,occupied,occupied,1,
56.747871238761981,32.77425245529615,-29.300000000000001,0.92084163169391342,31.700495154176075,-30.800000000000001,-0.92386830260704866,occupied,occupied,1,
56.797869363201414,32.80013069096529,-29.350000000000001,0.89525205230555149,31.75,-30.816481897750148,-0.90845070162484964,occupied,occupied,1,
56.847867487640855,32.861807500279411,-29.350000000000001,0.93116480425242476,31.787315230937956,-30.850000000000001,-0.91397303257021767,occupied,occupied,1,
56.897865612080288,32.899999999999999,-29.382781787463028,0.92675967359238076,31.812825955366986,-30.899999999999999,-0.93976075431019046,occupied,occupied,1,
56.947863736519729,32.94933854037658,-29.399999999999999,0.94150508518693088,31.850000000000001,-30.933726241355007,-0.94551940055199402,occupied,occupied,1,
56.997861860959169,32.975170062574712,-29.450000000000003,0.91591868467888249,31.89969334549669,-30.950000000000003,-0.92979260611849568,occupied,occupied,1,
57.047859985398603,33.000985241651023,-29.5,0.89032947940662144,31.950000000000003,-30.965437016403261,-0.91302174185149321,occupied,occupied,1,
57.097858109838043,33.06265318063879,-29.5,0.92627240968374247,31.986599415305516,-31,-0.91977518068003727,occupied,occupied,1,
57.147856234277484,33.100000000000001,-29.533898487025617,0.92050056257735047,32.012128043974286,-31.050000000000001,-0.94551904888187277,occupied,occupied,1,
57.197854358716917,33.150000000000006,-29.550153703589693,0.93644584442593626,32.07354329128772,-31.050000000000001,-0.90971177576454698,occupied,occupied,1,
57.247852483156358,33.175882106458488,-29.600000000000001,0.91104388057510399,32.100000000000001,-31.098721853566747,-0.93386519614279306,occupied,occupied,1,
57.297850607595791,33.237540281036168,-29.600000000000001,0.94700304199978802,32.149999999999999,-31.114657242787143,-0.91764985492332896,occupied,occupied,1,
57.347848732035231,33.263291099102986,-29.649999999999999,0.92140919695792101,32.186074368200615,-31.149999999999999,-0.92531652315754753,occupied,occupied,1,
57.397846856474672,33.300000000000004,-29.684725108117139,0.91461857547212222,32.211627392565056,-31.200000000000003,-0.95102151055341355,occupied,occupied,1,
57.447844980914105,33.350000000000001,-29.700935795914152,0.93062299903302681,32.273102794367631,-31.200000000000003,-0.91515626173201681,occupied,occupied,1,
57.497843105353546,33.376390015863826,-29.75,0.90617375288784541,32.300000000000004,-31.248146592314246,-0.93856435272880545,occupied,occupied,1,
57.547841229792986,33.43802444953058,-29.75,0.94213848160543412,32.350000000000001,-31.264148528462155,-0.92238370089077593,occupied,occupied,1,
57.59783935423242,33.463723043567313,-29.800000000000001,0.91653180703355319,32.385745402776102,-31.300000000000001,-0.93063786412440264,occupied,occupied,1,
57.64783747867186,33.5,-29.835266220887945,0.90906556263833238,32.447265145194478,-31.300000000000001,-0.89473479166762504,occupied,occupied,1,
57.697835603111301,33.551026533590587,-29.850000000000001,0.92688246699974053,32.472857459163528,-31.350000000000001,-0.92039892819994451,occupied,occupied,1,
57.747833727550734,33.600000000000001,-29.86758078554351,0.94119106438407529,32.5,-31.397851503277412,-0.94341193613190411,occupied,occupied,1,
57.797831851990175,33.638299420404437,-29.900000000000002,0.93722226621087468,32.550000000000004,-31.413915624997713,-0.92727127040029966,occupied,occupied,1,
57.847829976429608,33.6639518082102,-29.949999999999999,0.9115973757888427,32.585616552384643,-31.449999999999999,-0.93578101640815292,occupied,occupied,1,
57.897828100869049,33.700000000000003,-29.985527149219138,0.90379271446592191,32.647182231428332,-31.449999999999999,-0.89984416265054812,occupied,occupied,1,
57.947826225308489,33.751176302799841,-30,0.92191410984472777,32.67281086173864,-31.5,-0.92548190197166724,occupied,occupied,1,
57.997824349747923,33.800000000000004,-30.017733782498855,0.93601448433025158,32.700000000000003,-31.547840940511779,-0.9484557104466218,occupied,occupied,1,
58.047822474187363,33.838367827176,-30.050000000000001,0.93221148121922182,32.760038205902042,-31.550000000000001,-0.91516362203318291,occupied,occupied,1,
58.097820598626804,33.863979346736322,-30.099999999999998,0.90656257389220607,32.800000000000004,-31.58009698167637,-0.91627563216145957,occupied,occupied,1,
58.147818723066237,33.925525058617616,-30.100000000000001,0.94248580168759288,32.847297689433304,-31.600000000000001,-0.9048296179573927,occupied,occupied,1,
58.197816847505678,33.951121306288748,-30.150000000000002,0.91682537026270794,32.872969918999381,-31.650000000000002,-0.93044570186340991,occupied,occupied,1,
58.247814971945111,34,-30.167596875310466,0.93106339845594943,32.899999999999999,-31.698125546435207,-0.95374906254245861,occupied,occupied,1,
58.297813096384552,34.038228547613045,-30.199999999999999,0.92706050222226688,32.960278728398457,-31.699999999999999,-0.92009293286231153,occupied,occupied,1,
58.347811220823992,34.063805092079747,-30.25,0.90138193215585183,33,-31.730489608765421,-0.92167340315275725,occupied,occupied,1,
58.397809345263425,34.125300050224389,-30.25,0.93726447546712466,33.047617801667883,-31.75,-0.90973282524931576,occupied,occupied,1,
58.447807469702866,34.150863351662309,-30.300000000000001,0.91157194097581307,33.073339590386041,-31.800000000000001,-0.93533289038798872,occupied,occupied,1,
58.497805594142307,34.200000000000003,-30.317173818010353,0.92628936848413534,33.134985964143411,-31.800000000000001,-0.8993689737490268,occupied,occupied,1,
58.54780371858174,34.23788544104454,-30.350000000000001,0.92172620590919252,33.160727965191612,-31.850000000000001,-0.92496495066947404,occupied,occupied,1,
58.59780184302118,34.299331765538895,-30.349999999999998,0.9575650149419489,33.200000000000003,-31.881174230383326,-0.92738189532179727,occupied,occupied,1,
58.647799967460614,34.324870342146205,-30.399999999999999,0.93184125352646952,33.248144782090399,-31.899999999999999,-0.91459800398445568,occupied,occupied,1,
58.697798091900054,34.350407112517694,-30.450000000000003,0.90611133759351781,33.273922079819727,-31.950000000000003,-0.94018767004927084,occupied,occupied,1,
58.747796216339495,34.399999999999999,-30.466470076326789,0.92164280625117301,33.335588892872273,-31.949999999999999,-0.90423562327547935,occupied,occupied,1,
58.797794340778928,34.437343164086052,-30.5,0.91616621554877264,33.361388246053266,-32,-0.9298237588657553,occupied,occupied,1,
58.847792465218369,34.498724522328274,-30.5,0.95193984511120799,33.399999999999999,-32.0321556720044,-0.93345045379794533,occupied,occupied,1,
58.897790589657809,34.524240584642563,-30.550000000000001,0.92617386152011349,33.448881095727117,-32.049999999999997,-0.91946912410860626,occupied,occupied,1,
58.947788714097243,34.550000000000004,-30.599661227553923,0.90081809976963823,33.500000000000007,-32.064726649879248,-0.90165705725563483,occupied,occupied,1,
58.997786838536683,34.611098366666333,-30.600000000000001,0.93613082845904505,33.536399510465905,-32.100000000000001,-0.90912731920445022,occupied,occupied,1,
59.047784962976117,34.649999999999999,-30.631299768745958,0.93334029995558265,33.562262223594104,-32.149999999999999,-0.93471319570012967,occupied,occupied,1,
59.097783087415557,34.697915507432192,-30.649999999999999,0.94603367661047966,33.600000000000001,-32.183439922707059,-0.93992932886229708,occupied,occupied,1,
59.147781211854998,34.723415427568384,-30.699999999999999,0.92022023055053459,33.649829556256847,-32.200000000000003,-0.92438992421923083,occupied,occupied,1,
59.197779336294431,34.750000000000007,-30.748488043820814,0.89625887142249461,33.700000000000003,-32.216085751278186,-0.90827514901994055,occupied,occupied,1,
59.247777460733872,34.810183458268497,-30.75,0.93004344944041883,33.73742080107786,-32.25,-0.91408770605333334,occupied,occupied,1,
59.297775585173312,34.850000000000001,-30.779968312263971,0.92882469233853293,33.763352943576734,-32.300000000000004,-0.93967688832844365,occupied,occupied,1,
59.347773709612746,34.896909446499755,-30.800000000000001,0.9398046045848909,33.825034887709485,-32.299999999999997,-0.90381007038974559,occupied,occupied,1,
59.397771834052186,34.922399597128653,-30.850000000000001,0.91393846619403474,33.850993396359293,-32.350000000000001,-0.92940394558057626,occupied,occupied,1,
59.447769958491619,34.983592408984798,-30.849999999999998,0.94950027743331289,33.900000000000006,-32.367747462277713,-0.91536697469481187,occupied,occupied,1,
59.49776808293106,35.009077101775311,-30.900000000000002,0.92360965956616459,33.938656193789363,-32.399999999999999,-0.91916024475001668,occupied,occupied,1,
59.547766207370501,35.049999999999997,-30.928364278238327,0.92428684006240502,33.964663915346371,-32.450000000000003,-0.94475828683861063,occupied,occupied,1,
59.597764331809934,35.095711198008104,-30.949999999999999,0.93321087402877578,34.026340303455612,-32.450000000000003,-0.90894930090607318,occupied,occupied,1,
59.647762456249374,35.121197972088503,-31,0.90728681810448331,34.052376338352474,-32.5,-0.93455456614719712,occupied,occupied,1,
59.697760580688815,35.182300920523417,-31,0.9427387033123702,34.100000000000001,-32.519720984491279,-0.92298559391618451,occupied,occupied,1,
59.747758705128248,35.207784265109098,-31.050000000000001,0.91678776852371435,34.140109633526677,-32.549999999999997,-0.92438824667001285,occupied,occupied,1,
59.797756829567689,35.25,-31.076491032511036,0.91967943077729353,34.200000000000003,-32.552485874476517,-0.89169043026950923,occupied,occupied,1,
59.847754954007122,35.294325829467581,-31.099999999999998,0.92621084981977864,34.227862809948768,-32.600000000000001,-0.91426283160062871,occupied,occupied,1,
59.897753078446563,35.350000000000001,-31.107520070843101,0.95233544111813706,34.253982665583749,-32.649999999999999,-0.93988503472308704,occupied,occupied,1,
59.947751202886003,35.380821721681187,-31.150000000000002,0.93555266607309806,34.299999999999997,-32.67201711584304,-0.93118558418510122,occupied,occupied,1,
59.997749327325437,35.406310173265922,-31.199999999999999,0.90953618816428183,34.341785652901194,-32.700000000000003,-0.92981490786327203,occupied,occupied,1,
60.047747451764877,35.450000000000003,-31.224351748748287,0.91495525494044294,34.399999999999999,-32.70482908075418,-0.90006902329478089,occupied,occupied,1,
60.097745576204318,35.492758693926405,-31.25,0.91876298709442439,34.429607199017227,-32.75,-0.91979381135581917,occupied,occupied,1,
60.147743700643751,35.550000000000004,-31.255185370546656,0.94762462911530321,34.455817294995732,-32.800000000000004,-0.94543850541125951,occupied,occupied,1,
60.197741825083192,35.579160304178004,-31.300000000000001,0.92790065938971311,34.517446377345379,-32.799999999999997,-0.9098252348693725,occupied,occupied,1,
60.247739949522625,35.604660385217208,-31.350000000000001,0.90181340299507651,34.550000000000004,-32.841078142160399,-0.92455527670105841,occupied,occupied,1,
60.297738073962066,35.665514097699059,-31.350000000000001,0.93694582111176428,34.600000000000001,-32.857501728757661,-0.90909907395519651,occupied,occupied,1,
60.347736198401506,35.700000000000003,-31.387279333524639,0.92639938413178113,34.631578950956921,-32.899999999999999,-0.92558532228994583,occupied,occupied,1,
60.39773432284094,35.75,-31.402577606079259,0.94274017960234702,34.657885851333269,-32.950000000000003,-0.95125807248910477,occupied,occupied,1,
60.44773244728038,35.777322551663815,-31.449999999999999,0.91974122604653896,34.71948493545495,-32.950000000000003,-0.91574792463413224,occupied,occupied,1,
60.497730571719821,35.838074669613455,-31.449999999999999,0.9547450929576603,34.75,-32.994078044561775,-0.93419204055211691,occupied,occupied,1,
60.547728696159254,35.863580643323161,-31.5,0.92855629746703638,34.800000000000004,-33.010518924623888,-0.91883949296299727,occupied,occupied,1,
60.597726820598695,35.900000000000006,-31.534510490714229,0.92129674337537582,34.833784310399942,-33.050000000000004,-0.93168041501178889,occupied,occupied,1,
60.647724945038128,35.949788920688128,-31.550000000000001,0.93726764048918954,34.895342942694164,-33.050000000000004,-0.89626892050643003,occupied,occupied,1,
60.697723069477568,35.975314818943069,-31.600000000000001,0.9110329286675164,34.92175713954051,-33.100000000000001,-0.92199292598595972,occupied,occupied,1,
60.747721193917009,36.035957725856974,-31.600000000000001,0.94587840135668622,34.950000000000003,-33.147426084173411,-0.94457965645065123,occupied,occupied,1,
60.797719318356442,36.061559799938109,-31.649999999999999,0.91964916910435102,35.000000000000007,-33.163778941054787,-0.92925209684404808,occupied,occupied,1,
60.847717442795883,36.100000000000001,-31.68179453309569,0.91568070491368647,35.036004544108494,-33.200000000000003,-0.9382432875671064,occupied,occupied,1,
60.897715567235323,36.148019913491424,-31.699999999999999,0.92832508418699844,35.097326568888512,-33.200000000000003,-0.90305595327976795,occupied,occupied,1,
60.947713691674757,36.200000000000003,-31.712624674334883,0.94780165675612404,35.123563367793672,-33.25,-0.92896117192512118,occupied,occupied,1,
60.997711816114197,36.234708093900295,-31.75,0.93708867951621788,35.150000000000006,-33.299644527347041,-0.95446882955122359,occupied,occupied,1,
61.047709940553638,36.260643751627043,-31.800000000000001,0.91099691496564617,35.210877221929053,-33.299999999999997,-0.91985255095834439,occupied,occupied,1,
61.097708064993071,36.300000000000004,-31.830910845748051,0.90823681744724649,35.25,-33.331351043830239,-0.92310716663136771,occupied,occupied,1,
61.147706189432512,36.347687556317226,-31.850000000000001,0.91993875551191862,35.297952929346337,-33.350000000000001,-0.91089241831643453,occupied,occupied,1,
61.197704313871945,36.399999999999999,-31.862567590969622,0.93963782908151572,35.323905306861597,-33.399999999999999,-0.93697566360620166,occupied,occupied,1,
61.247702438311386,36.434969185232944,-31.900000000000002,0.92902604459344207,35.350000000000001,-33.449701997743567,-0.9627282773827055,occupied,occupied,1,
61.297700562750826,36.461192030427526,-31.949999999999999,0.90311033686148068,35.410624927138294,-33.450000000000003,-0.92819827681168354,occupied,occupied,1,
61.34769868719026,36.52249602612109,-31.950000000000003,0.93828414748207389,35.450000000000003,-33.480563110199668,-0.93063831221217175,occupied,occupied,1,
61.3976968116297,36.549999999999997,-31.998324552559435,0.91449875995587182,35.497114781181288,-33.5,-0.91951226330782398,occupied,occupied,1,
61.447694936069141,36.600000000000001,-32.01464533422417,0.9298480552200965,35.522734516380325,-33.549999999999997,-0.94573581971536724,occupied,occupied,1,
61.497693060508574,36.636707478339531,-32.050000000000004,0.92199963203949054,35.583381126072545,-33.550000000000004,-0.9108932738281893,occupied,occupied,1,
61.547691184948015,36.663172600567258,-32.100000000000001,0.89630054561401096,35.608860553895759,-33.600000000000001,-0.93715899627848265,occupied,occupied,1,
61.597689309387448,36.724846780357957,-32.100000000000001,0.93177785879695951,35.650000000000006,-33.627614919015883,-0.9360826665222548,occupied,occupied,1,
61.647687433826889,36.751404822756257,-32.149999999999999,0.90618193926959678,35.694764452174425,-33.649999999999999,-0.92861747013277918,occupied,occupied,1,
61.697685558266329,36.800000000000004,-32.168788176061121,0.91882239537957211,35.750000000000007,-33.657469043824356,-0.9028995170001145,occupied,occupied,1,
61.747683682705762,36.839899150744131,-32.200000000000003,0.91632984534981421,35.780452374397079,-33.700000000000003,-0.92008717480441882,occupied,occupied,1,
61.797681807145203,36.900000000000006,-32.202730303933166,0.94879008594320968,35.805533448294604,-33.75,-0.94644091453368873,occupied,occupied,1,
61.847679931584643,36.928664765291437,-32.25,0.92677145041308118,35.850000000000001,-33.772485216813656,-0.93910070793468747,occupied,occupied,1,
61.897678056024077,36.955409658206705,-32.299999999999997,0.90145482819584133,35.890850277731531,-33.799999999999997,-0.93791644334171542,occupied,occupied,1,
61.947676180463517,37,-32.32491035903427,0.90696943310539202,35.950000000000003,-33.801695168041235,-0.90504419049508522,occupied,occupied,1,
61.997674304902951,37.044533642711627,-32.350000000000001,0.91235023552477434,35.975958785375958,-33.850000000000001,-0.92934795520299773,occupied,occupied,1,
62.047672429342391,37.100000000000001,-32.359875024102614,0.93651402516680915,36.000590840442946,-33.899999999999999,-0.95575589255129434,occupied,occupied,1,
62.097670553781832,37.133946085286581,-32.399999999999999,0.92360464553863042,36.060865476858538,-33.899999999999999,-0.9207114857643226,occupied,occupied,1,
62.147668678221265,37.160838628464859,-32.450000000000003,0.89861324086215733,36.100000000000009,-33.92952604934009,-0.92192951510900245,occupied,occupied,1,
62.197666802660706,37.223658150258906,-32.450000000000003,0.93524701993876902,36.145577079704857,-33.950000000000003,-0.91198301302598628,occupied,occupied,1,
62.247664927100146,37.250617416558995,-32.5,0.91040958428199603,36.16984909319136,-34,-0.93839007192602653,occupied,occupied,1,
62.29766305153958,37.300000000000011,-32.518939574065136,0.92394250644572418,36.20000000000001,-34.041668216365295,-0.95454159465315636,occupied,occupied,1,
62.34766117597902,37.340705549654501,-32.549999999999997,0.92263343362126016,36.254185426444337,-34.049999999999997,-0.92953447943107392,occupied,occupied,1,
62.397659300418454,37.367709868550222,-32.600000000000001,0.89801570366932226,36.300000000000011,-34.069883720416897,-0.91872932933506624,occupied,occupied,1,
62.447657424857894,37.431115981679731,-32.600000000000001,0.93531527526639546,36.338336340064387,-34.100000000000001,-0.92053152474942124,occupied,occupied,1,
62.497655549297335,37.458177978480911,-32.649999999999999,0.91087425324928395,36.362076329860692,-34.149999999999999,-0.9469305869069583,occupied,occupied,1,
62.547653673736768,37.500000000000007,-32.679824649444136,0.911506874802259,36.422309652691368,-34.149999999999999,-0.91135681896759524,occupied,occupied,1,
62.597651798176209,37.548980822378972,-32.700000000000003,0.92423254977565594,36.450000000000003,-34.194352508957415,-0.93071981322024566,occupied,occupied,1,
62.647649922615649,37.600000000000001,-32.717563260101343,0.9403513579890187,36.5,-34.208285215198764,-0.91228242865352183,occupied,occupied,1,
62.697648047055083,37.640133495627516,-32.75,0.93812286149879509,36.529443358618472,-34.25,-0.92832632892916034,occupied,occupied,1,
62.747646171494523,37.667268231459992,-32.799999999999997,0.91413086524964027,36.552601533779317,-34.299999999999997,-0.95468743702544778,occupied,occupied,1,
62.797644295933956,37.700000000000003,-32.842437555077609,0.89963681025203768,36.612875235716572,-34.299999999999997,-0.9186944395389498,occupied,occupied,1,
62.847642420373397,37.758836931667105,-32.850000000000001,0.92879831533828605,36.650000000000006,-34.331053768567706,-0.92134751848604068,occupied,occupied,1,
62.897640544812838,37.799999999999997,-32.881338197748107,0.92843001834081951,36.69615188445124,-34.350000000000001,-0.90880925611265839,occupied,occupied,1,
62.947638669252271,37.850000000000009,-32.901045213931425,0.94276702394619871,36.718869845136602,-34.399999999999999,-0.93508304406221621,occupied,occupied,1,
62.997636793691711,37.877971229441357,-32.950000000000003,0.92058938875029761,36.779283510322443,-34.399999999999999,-0.89864525915599169,occupied,occupied,1,
63.047634918131152,37.943142432551078,-32.950000000000003,0.96000056235802367,36.801775543435141,-34.450000000000003,-0.92486504971361649,occupied,occupied,1,
63.097633042570585,37.970371210169233,-33,0.93675191285587078,36.850000000000009,-34.466070453346624,-0.90840234160417932,occupied,occupied,1,
63.147631167010026,38,-33.046793757801794,0.91761751986644258,36.88454357732693,-34.5,-0.91433537615638893,occupied,occupied,1,
63.197629291449459,38.050000000000004,-33.067111845530462,0.93200117362242807,36.906603162593392,-34.550000000000004,-0.94051414179090942,occupied,occupied,1,
63.2476274158889,38.090405404464768,-33.100000000000001,0.93068670241194351,36.967185929955718,-34.550000000000004,-0.90346759532758436,occupied,occupied,1,
63.29762554032834,38.149999999999999,-33.108303117877028,0.96067735633623785,37,-34.585874877764496,-0.91167899479379122,occupied,occupied,1,
63.347623664767774,38.183718738213791,-33.149999999999999,0.94854317498315399,37.049715470305301,-34.600000000000001,-0.89223476154996495,occupied,occupied,1,
63.397621789207214,38.210901995562033,-33.200000000000003,0.92596606420368444,37.071293800316091,-34.649999999999999,-0.91827004830244019,occupied,occupied,1,
63.447619913646655,38.277502915530377,-33.200000000000003,0.96718457398537216,37.132146025833897,-34.649999999999999,-0.88060935521106276,occupied,occupied,1,
63.497618038086088,38.304730339923488,-33.25,0.94489072327119528,37.153479635857884,-34.700000000000003,-0.90656226927588701,occupied,occupied,1,
63.547616162525529,38.350000000000009,-33.278096818289363,0.95110944816491039,37.20000000000001,-34.717404882067029,-0.89120097694140199,occupied,occupied,1,
63.597614286964962,38.400000000000006,-33.303612903807846,0.96251918280841298,37.232001598624059,-34.75,-0.89658164760610648,occupied,occupied,1,
63.647612411404403,38.435827494005295,-33.350000000000001,0.94914046032493782,37.25,-34.796448456465207,-0.92126056158171188,occupied,occupied,1,
63.697610535843843,38.471079801359522,-33.399999999999999,0.93309750591962237,37.300000000000004,-34.800792498623657,-0.89273039543158184,occupied,occupied,1,
63.747608660283277,38.508607643288542,-33.450000000000003,0.91915774735262978,37.309793889450603,-34.850000000000001,-0.92397936539590686,occupied,occupied,1,
63.797606784722717,38.550000000000004,-33.498158842640656,0.90993109466549027,37.350000000000001,-34.860381295168438,-0.9054614276752857,occupied,occupied,1,
63.847604909162158,38.600000000000001,-33.53944632098586,0.91251773110679912,37.36166723625692,-34.899999999999999,-0.92720353779196218,occupied,occupied,1,
63.897603033601591,38.681920473438176,-33.549999999999997,0.96046863633343149,37.399999999999999,-34.90735078753238,-0.90654000334521956,occupied,occupied,1,
63.947601158041032,38.730585359461855,-33.600000000000001,0.95824019503296665,37.402001184841062,-34.950000000000003,-0.9358653746364759,occupied,occupied,1,
63.997599282480465,38.78205989510429,-33.649999999999999,0.95951448279050222,37.443291701064581,-34.950000000000003,-0.90657776502908016,occupied,occupied,1,
64.047597406919905,38.836568627804198,-33.700000000000003,0.96469254518311487,37.450000000000003,-34.98135250181091,-0.92327906305358898,occupied,occupied,1,
64.097595531359346,38.894408655751306,-33.75,0.97424241644205711,37.450000000000003,-35.015073337104923,-0.94584271528077424,occupied,occupied,1,
64.147593655798786,38.95000000000001,-33.804929503575188,0.98097432373484927,37.45000000000001,-35.044960963754022,-0.96522145835729434,occupied,occupied,1,
64.197591780238227,39.000000000000007,-33.866876637261257,0.9812357762770294,37.45000000000001,-35.071381211195387,-0.9817546130596666,occupied,occupied,1,
64.247589904677653,39.050000000000011,-33.93036090074505,0.98302691171817447,37.45000000000001,-35.095144267677966,-0.99604365091560187,occupied,occupied,1,
64.297588029117094,39.100000000000001,-33.994668892200778,0.98689571495213957,37.450000000000003,-35.117241730730605,-1.0087670265462598,occupied,occupied,1,
64.347586153556534,39.166071963192167,-34.049999999999997,1.0117455100370458,37.450000000000003,-35.137560263902593,-1.019926291823209,occupied,occupied,1,
64.397584277995975,39.246468280222629,-34.100000000000001,1.054310688271012,37.400000000000006,-35.185345570091656,-1.0875156623900062,occupied,occupied,1,
64.447582402435415,39.250000000000007,-34.196454455297136,1.0099433589857856,37.400000000000006,-35.199391876201219,-1.0944291057289879,occupied,occupied,1,
64.497580526874842,39.336296665088987,-34.25,1.0618703888977343,37.350000000000001,-35.236048714405996,-1.155710840488311,occupied,occupied,1,
64.547578651314282,39.399999999999999,-34.319919360289788,1.0895433248547348,37.350000000000001,-35.243212680689261,-1.1587828426517264,occupied,occupied,1,
64.597576775753723,39.449981518894575,-34.399999999999999,1.1040678403612074,37.350000000000009,-35.24781726062875,-1.1605991301045988,occupied,occupied,1,
64.647574900193163,39.454898552268858,-34.5,1.0731466578878115,37.350000000000009,-35.249691233321961,-1.1612738174621893,occupied,occupied,1,
64.697573024632604,39.5,-34.587693576677033,1.0883462624099749,37.350000000000001,-35.248667164556934,-1.160961649787648,occupied,occupied,1,
64.74757114907203,39.550000000000004,-34.678644324091962,1.1117629520342818,37.350000000000009,-35.244585098873166,-1.1598639892921199,occupied,occupied,1,
64.797569273511471,39.600000000000009,-34.775286950605981,1.1387101012040539,37.350000000000009,-35.237298182717133,-1.1582344733551295,occupied,occupied,1,
64.847567397950911,39.600000000000009,-34.8859631762882,1.11926796441764,37.350000000000009,-35.226680540802001,-1.1563832220521215,occupied,occupied,1,
64.897565522390352,39.649999999999999,-34.993578829484768,1.1557303832234436,37.350000000000001,-35.212637643723873,-1.1546779711797004,occupied,occupied,1,
64.947563646829792,39.700000000000003,-35.107718716980557,1.1980641278465189,37.399999999999999,-35.194785797115003,-1.103583255321271,occupied,occupied,1,
64.997561771269233,39.700000000000003,-35.226248037313148,1.1969703013012583,37.399999999999999,-35.181622775620149,-1.1034625740465906,occupied,occupied,1,
65.047559895708659,39.70000000000001,-35.345326052068124,1.2027011818451274,37.400000000000006,-35.168169058902542,-1.1041114677273232,occupied,occupied,1,
65.097558020148099,39.70000000000001,-35.465922045456168,1.2154394652231684,37.400000000000006,-35.154179277567394,-1.105591244037472,occupied,occupied,1,
65.14755614458754,39.700000000000003,-35.58907727556165,1.2355405885615884,37.450000000000003,-35.149160433297091,-1.0570620434067204,occupied,occupied,1,
65.19755426902698,39.700000000000003,-35.715942795874511,1.2635568098085916,37.450000000000003,-35.136367597684504,-1.0598905019153004,occupied,occupied,1,
65.247552393466421,39.650000000000006,-35.831702227694898,1.2477370329412063,37.450000000000003,-35.122283723291254,-1.0638153922463138,occupied,occupied,1,
65.297550517905847,39.607292827275373,-35.950000000000003,1.2472120100462749,37.450000000000003,-35.106580144797029,-1.0690931068941401,occupied,occupied,1,
65.347548642345288,39.550000000000004,-36.063400615257081,1.2390482643429117,37.450000000000003,-35.088886100818492,-1.0760496901401115,occupied,occupied,1,
65.397546766784728,39.5,-36.181728041124792,1.2475364221303686,37.450000000000003,-35.06877866748124,-1.085092204182355,occupied,occupied,1,
65.447544891224169,39.444243958262234,-36.299999999999997,1.2591428297184506,37.450000000000003,-35.045768954085354,-1.0967231430400866,occupied,occupied,1,
65.497543015663609,39.357349755097772,-36.399999999999999,1.2430877586502458,37.45000000000001,-35.019282684244857,-1.1115594323950713,occupied,occupied,1,
65.547541140103036,39.271622313909695,-36.5,1.2366073890788587,37.449999999999996,-34.989238045337835,-1.1299744367172315,occupied,occupied,1,
65.597539264542476,39.192897465456454,-36.600000000000001,1.2438234869719613,37.450000000000003,-34.961479292276515,-1.1483390670224731,occupied,occupied,1,
65.647537388981917,39.073281599346345,-36.649999999999999,1.1943326079812193,30.774097094737044,-27.899999999999999,-10.865475161695173,occupied,occupied,1,
65.697535513421357,38.96791637768402,-36.700000000000003,1.1610294302339108,32.481603505510904,-29.100000000000001,-8.8305797832871349,occupied,occupied,1,
65.747533637860798,38.873241879089512,-36.75,1.1401178714511058,33.532627818667905,-29.850000000000012,-7.5852565355513137,occupied,occupied,1,
65.797531762300238,38.786738238377019,-36.800000000000004,1.1288793564748156,34.228205823718305,-30.349999999999987,-6.7693937317068267,occupied,occupied,1,
65.847529886739665,38.700000000000003,-36.839851706485092,1.1132270658972454,34.713753228102057,-30.700000000000003,-6.2071514969978931,occupied,occupied,1,
65.897528011179105,38.601482588522714,-36.850000000000001,1.0696800878284198,35.063630337830368,-30.949999999999996,-5.8097383867033452,occupied,occupied,1,
65.947526135618546,38.504729780736135,-36.850000000000001,1.0212773493982075,37.45000000000001,-34.954818066743115,-1.1476323929642984,occupied,occupied,1,
65.997524260057986,38.440728514824634,-36.899999999999999,1.0350285375204471,37.45000000000001,-34.990541637403837,-1.116151191971031,occupied,occupied,1,
66.047522384497427,38.354748641470238,-36.899999999999999,0.99644991320694831,37.450000000000003,-35.037466936649182,-1.074202041206737,occupied,occupied,1,
66.097520508936853,38.296487940160318,-36.950000000000003,1.0168641433098091,37.450000000000003,-35.096132146390687,-1.0211171744364735,occupied,occupied,1,
66.147518633376293,38.21824682064608,-36.950000000000003,0.98514078918548476,37.442675506077279,-35.149999999999999,-0.97483647190250466,occupied,occupied,1,
66.197516757815734,38.149999999999999,-36.965433377696009,0.97298188930360385,37.40900821789355,-35.149999999999999,-0.98785139529813293,occupied,occupied,1,
66.247514882255174,38.091350884229087,-37,0.98341979447257366,37.393482648146971,-35.200000000000003,-0.9471293696080425,occupied,occupied,1,
66.297513006694615,38.019986539949457,-37,0.95819831262585153,37.357633268703957,-35.200000000000003,-0.95979852155548062,occupied,occupied,1,
66.347511131134041,37.967311403777522,-37.050000000000004,0.98749740927703478,37.339323080737778,-35.25,-0.91890478697491673,occupied,occupied,1,
66.397509255573482,37.897460356377366,-37.050000000000004,0.96503471635607008,37.302670287048294,-35.25,-0.93069079820886391,occupied,occupied,1,
66.447507380012922,37.828779226336536,-37.050000000000004,0.9440132209122386,37.266006201188794,-35.25,-0.94191187776849694,occupied,occupied,1,
66.497505504452363,37.775993060903872,-37.100000000000001,0.97649711540442463,37.229267119424598,-35.25,-0.95259833456335785,occupied,occupied,1,
66.547503628891803,37.708676709898697,-37.100000000000001,0.95791163531966217,37.200000000000003,-35.277257710746106,-0.9344787705500901,occupied,occupied,1,
66.597501753331244,37.642415190800619,-37.100000000000001,0.94057172219518326,37.168492693188377,-35.300000000000004,-0.92077255916251999,occupied,occupied,1,
66.64749987777067,37.589572093132723,-37.149999999999999,0.97592405723899334,37.130429350756728,-35.300000000000004,-0.93020082268796234,occupied,occupied,1,
66.697498002210111,37.524563922374746,-37.149999999999999,0.9606974626189051,37.092108518019927,-35.300000000000004,-0.9391756059716484,occupied,occupied,1,
66.747496126649551,37.460513637133651,-37.149999999999999,0.9465281366923971,37.053485754215664,-35.300000000000004,-0.94771886342999923,occupied,occupied,1,
66.797494251088992,37.397381741783263,-37.149999999999999,0.93335021698226828,37.024867895185032,-35.350000000000001,-0.90479193364357968,occupied,occupied,1,
66.847492375528432,37.335130830498898,-37.149999999999999,0.92109983435339615,36.984903444019778,-35.350000000000001,-0.91265566249998642,occupied,occupied,1,
66.897490499967859,37.282869104930917,-37.200000000000003,0.96054429951178399,36.94455931663753,-35.350000000000001,-0.92013470362913308,occupied,occupied,1,
66.947488624407299,37.22172526832653,-37.200000000000003,0.94986922538053964,36.903804903174972,-35.350000000000001,-0.92724914024750493,occupied,occupied,1,
66.99748674884674,37.16139660710278,-37.200000000000003,0.93995339129829847,36.862612650538075,-35.350000000000001,-0.93401882106251,occupied,occupied,1,
67.04748487328618,37.101853865993711,-37.200000000000003,0.93073996218004196,36.820957878555873,-35.350000000000001,-0.94046354245505759,occupied,occupied,1,
67.097482997725621,37.04306973274938,-37.200000000000003,0.92217410736002314,36.785960509604735,-35.399999999999999,-0.89609571657316922,occupied,occupied,1,
67.147481122165047,36.985018771216161,-37.200000000000003,0.91420295694655018,36.742900755173295,-35.399999999999999,-0.90200769539874748,occupied,occupied,1,
67.197479246604487,36.934019686198468,-37.25,0.95717619864850234,36.699352982484882,-35.399999999999999,-0.90764777744999159,occupied,occupied,1,
67.247477371043928,36.877015787064032,-37.25,0.95020057379038958,36.655301838101543,-35.399999999999999,-0.91303775641982265,occupied,occupied,1,
67.297475495483368,36.820712066921914,-37.25,0.94367836892288759,36.610733830639148,-35.399999999999999,-0.91819994603553734,occupied,occupied,1,
67.347473619922809,36.765089521158089,-37.25,0.93756336924941341,36.565637132197317,-35.399999999999999,-0.92315725874990029,occupied,occupied,1,
67.39747174436225,36.710130539207739,-37.25,0.93181109099641257,36.520001383278078,-35.399999999999999,-0.92793327206387688,occupied,occupied,1,
67.447469868801676,36.655818790338415,-37.25,0.92637871763195867,36.473817502258228,-35.399999999999999,-0.93255228400926593,occupied,occupied,1,
67.497467993241116,36.602139104693862,-37.25,0.92122503667065403,36.427077500148258,-35.399999999999999,-0.93703935931450255,occupied,occupied,1,
67.547466117680557,36.549077350457495,-37.25,0.91631037770504264,36.379774301303044,-35.399999999999999,-0.94142036770802573,occupied,occupied,1,
67.597464242119997,36.49662030766423,-37.25,0.9115965520820799,36.336353428151519,-35.450000000000003,-0.89552421661843551,occupied,occupied,1,
67.647462366559438,36.448969455273627,-37.300000000000004,0.9572258832102446,36.287949915887317,-35.450000000000003,-0.89976827188669062,occupied,occupied,1,
67.697460490998864,36.397041106402192,-37.300000000000004,0.9527709232591437,36.239414769245073,-35.450000000000003,-0.90393208534658631,occupied,occupied,1,
67.747458615438305,36.345274889045257,-37.300000000000004,0.94841982186620777,36.190754877776335,-35.450000000000003,-0.90802205276454728,occupied,occupied,1,
67.797456739877745,36.293667504671362,-37.300000000000004,0.9441638915989089,36.141969034145866,-35.450000000000003,-0.91204526309238731,occupied,occupied,1,
67.847454864317186,36.242215859577307,-37.300000000000004,0.93999459464518553,36.09305603707891,-35.450000000000003,-0.91600881393136091,occupied,occupied,1,
67.897452988756626,36.190917052539412,-37.300000000000004,0.93590353308810237,36.04401468135903,-35.450000000000003,-0.9199198169801136,occupied,occupied,1,
67.947451113196067,36.139768362907724,-37.300000000000004,0.93188243963781425,35.994843748027783,-35.450000000000003,-0.92378540348446669,occupied,occupied,1,
67.997449237635493,36.088767239104577,-37.300000000000004,0.92792316878759351,35.945541994747892,-35.450000000000003,-0.9276127297120913,occupied,occupied,1,
68.047447362074934,36.037911287492946,-37.300000000000004,0.92401768836348697,35.896108146296193,-35.450000000000003,-0.93140898247351067,occupied,occupied,1,
68.097445486514374,35.987198261578307,-37.300000000000004,0.92015807143729089,35.84654088515024,-35.450000000000003,-0.93518138471180723,occupied,occupied,1,
68.147443610953815,35.936626051509933,-37.300000000000004,0.91633648857516237,35.796838842135152,-35.450000000000003,-0.93893720118190072,occupied,occupied,1,
68.197441735393255,35.886192673847226,-37.300000000000004,0.91254520039478804,35.747000587096657,-35.450000000000003,-0.94268374424087997,occupied,occupied,1,
68.247439859832681,35.835896261558268,-37.300000000000004,0.90877655040552807,35.697024619567593,-35.450000000000003,-0.9464283797704317,occupied,occupied,1,
68.297437984272122,35.785735054216858,-37.300000000000004,0.90502295810670508,35.646909359394542,-35.450000000000003,-0.95017853325289936,occupied,occupied,1,
68.347436108711562,35.735707388365583,-37.300000000000004,0.90127691232040541,35.600000000000001,-35.494527196846143,-0.90928889377040212,occupied,occupied,1,
68.397434233151003,35.689583512410657,-37.350000000000001,0.94767302950475218,35.550026009689716,-35.5,-0.90758336694445618,occupied,occupied,1,
68.447432357590444,35.639839315450793,-37.350000000000001,0.943921375171627,35.499503487275632,-35.5,-0.91139373139911561,occupied,occupied,1,
68.49743048202987,35.590231606569517,-37.350000000000001,0.94015566204732626,35.448841813762726,-35.5,-0.91523946393256728,occupied,occupied,1,
68.54742860646931,35.54075903635367,-37.350000000000001,0.93636860765594077,35.398038886642802,-35.5,-0.91912837189791818,occupied,occupied,1,
68.597426730908751,35.491420310628698,-37.350000000000001,0.93255297200336895,35.347092469916809,-35.5,-0.92306835941221776,occupied,occupied,1,
68.647424855348191,35.44221418116787,-37.350000000000001,0.92870155190742809,35.296000183558135,-35.5,-0.92706743508880318,occupied,occupied,1,
68.697422979787632,35.393139436345031,-37.350000000000001,0.92480717542181901,35.244759492677815,-35.5,-0.93113372010332895,occupied,occupied,1,
68.747421104227072,35.344194891696084,-37.350000000000001,0.92086269633275097,35.193367696355807,-35.5,-0.93527545662198408,occupied,occupied,1,
68.797419228666499,35.295379380355072,-37.350000000000001,0.91686098870690791,35.141821916103325,-35.5,-0.93950101662164009,occupied,occupied,1,
68.847417353105939,35.246691743328604,-37.350000000000001,0.91279494146896678,35.0901190839189,-35.5,-0.9438189111332983,occupied,occupied,1,
68.89741547754538,35.198130819572533,-37.350000000000001,0.90865745298596268,35.038255929901091,-35.5,-0.94823779994228352,occupied,occupied,1,
68.94741360198482,35.14969543583355,-37.350000000000001,0.90444142563575503,34.986228969379574,-35.5,-0.9527665017797371,occupied,occupied,1,
68.997411726424261,35.101384396216169,-37.350000000000001,0.90013976033484755,34.938557459975065,-35.550000000000004,-0.90720984922210424,occupied,occupied,1,
69.047409850863687,35.053290038076618,-37.350000000000001,0.89575264078491079,34.886209162187036,-35.550000000000004,-0.91198517734249462,occupied,occupied,1,
69.097407975303128,35.010399351600576,-37.399999999999999,0.94150942044425479,34.833384968621822,-35.550000000000004,-0.91693995787664873,occupied,occupied,1,
69.147406099742568,34.963314684126907,-37.399999999999999,0.93694855252525788,34.780066633557496,-35.550000000000004,-0.92210492923299681,occupied,occupied,1,
69.197404224182009,34.916671550501292,-37.399999999999999,0.93226384352121283,34.72624274894541,-35.550000000000004,-0.9275111774052468,occupied,occupied,1,
69.247402348621449,34.870463626125044,-37.399999999999999,0.92743462743442329,34.671901209601522,-35.550000000000004,-0.93319081398457981,occupied,occupied,1,
69.297400473060875,34.824683770101764,-37.399999999999999,0.92244068325739881,34.617029134209069,-35.550000000000004,-0.93917701321191815,occupied,occupied,1,
69.347398597500316,34.779323909764635,-37.399999999999999,0.9172622085429073,34.561612788237085,-35.550000000000004,-0.94550404958954593,occupied,occupied,1,
69.397396721939757,34.734374922364232,-37.399999999999999,0.91187978776994716,34.50563750918888,-35.550000000000004,-0.95220733578038441,occupied,occupied,1,
69.447394846379197,34.696332970554835,-37.450000000000003,0.95669591737459969,34.449087634640456,-35.550000000000004,-0.95932346043226879,occupied,occupied,1,
69.497392970818638,34.652524414092767,-37.450000000000003,0.95089518586706057,34.398803748930789,-35.600000000000001,-0.91642218831715538,occupied,occupied,1,
69.547391095258078,34.609118472578871,-37.450000000000003,0.94484037441911295,34.341430842847757,-35.600000000000001,-0.9244259701960833,occupied,occupied,1,
69.597389219697504,34.566100722800016,-37.450000000000003,0.93851376543266751,34.28345643702432,-35.600000000000001,-0.93295298347890643,occupied,occupied,1,
69.647387344136945,34.523455065630003,-37.450000000000003,0.93189780667569455,34.224860336425898,-35.600000000000001,-0.94204424480521376,occupied,occupied,1,
69.697385468576385,34.481163602303639,-37.450000000000003,0.92497503299536854,34.165621035768581,-35.600000000000001,-0.95174207709222514,occupied,occupied,1,
69.747383593015826,34.448219779473881,-37.5,0.9685338732482216,34.105715675437125,-35.600000000000001,-0.96209013501491636,occupied,occupied,1,
69.797381717455266,34.407087401018885,-37.5,0.96103833439617048,34.050000000000004,-35.625615540804326,-0.94705718544571937,occupied,occupied,1,
69.847379841894693,34.366270685643421,-37.5,0.9531935016780273,33.993873152963396,-35.649999999999999,-0.93391537762548671,occupied,occupied,1,
69.897377966334133,34.325743402135458,-37.5,0.94498208024938513,33.932384927609533,-35.649999999999999,-0.9463748108426574,occupied,occupied,1,
69.947376090773574,34.285476951145483,-37.5,0.93638634913226071,33.870152231182111,-35.649999999999999,-0.95966075550745666,occupied,occupied,1,
69.997374215213014,34.245440280956792,-37.5,0.92738802246078811,33.807145036729402,-35.649999999999999,-0.97382283410203541,occupied,occupied,1,
70.047372339652455,34.205599816747622,-37.5,0.91796810336920431,33.755825585634256,-35.700000000000003,-0.93737468408911662,occupied,occupied,1,
70.097370464091881,34.179088044234227,-37.550000000000004,0.95981179046885545,33.691848406531705,-35.700000000000003,-0.95327536503360366,occupied,occupied,1,
70.147368588531322,34.140230705641869,-37.550000000000004,0.9496712646773604,33.627024871257149,-35.700000000000003,-0.97019337337567646,occupied,occupied,1,
70.197366712970762,34.101479971376932,-37.550000000000004,0.93906265375469899,33.575918088336593,-35.75,-0.93609475107960083,occupied,occupied,1,
70.247364837410203,34.062791615421013,-37.550000000000004,0.92796345037667427,33.510048062126288,-35.75,-0.95499311728729575,occupied,occupied,1,
70.297362961849643,34.024118767981356,-37.550000000000004,0.91634965559711878,33.443246578629036,-35.75,-0.9750552456239161,occupied,occupied,1,
70.347361086289084,34,-37.593051028487885,0.94965112406516172,33.39241651660771,-35.800000000000004,-0.94354450239623333,occupied,occupied,1,
70.39735921072851,33.964395059990807,-37.600000000000001,0.94453977685362034,33.324464584334763,-35.800000000000004,-0.96582956274366749,occupied,occupied,1,
70.447357335167951,33.92641842368338,-37.600000000000001,0.93154749109156976,33.255379745268066,-35.800000000000004,-0.98946601951406021,occupied,occupied,1,
70.497355459607391,33.888506845899613,-37.600000000000001,0.91802657644751662,33.204495329421619,-35.850000000000001,-0.96090177627765372,occupied,occupied,1,
70.547353584046832,33.850659884135183,-37.600000000000001,0.90396347941521293,33.150000000000006,-35.89020444079695,-0.94382577466838069,occupied,occupied,1,
70.597351708486272,33.834357836520169,-37.649999999999999,0.94376273028242097,33.082430369016905,-35.899999999999999,-0.96094063675032415,occupied,occupied,1,
70.647349832925698,33.797673467681108,-37.649999999999999,0.92898788123191489,33.009110626070743,-35.899999999999999,-0.9904733335803606,occupied,occupied,1,
70.697347957365139,33.761091369693581,-37.649999999999999,0.91365817314192899,32.957489804661932,-35.950000000000003,-0.96670760917844345,occupied,occupied,1,
70.747346081804579,33.749407456648328,-37.700000000000003,0.95356951843750859,32.899999999999999,-35.987818637205073,-0.95772795880460282,occupied,occupied,1,
70.79734420624402,33.714239508874286,-37.700000000000003,0.93763306239823585,32.828678166503749,-36,-0.97919214901283724,occupied,occupied,1,
70.84734233068346,33.679211516961963,-37.700000000000003,0.92113468485811678,32.776112784158933,-36.050000000000004,-0.95984573002940887,occupied,occupied,1,
70.897340455122901,33.644306247277235,-37.700000000000003,0.90405156518983265,32.700000000000003,-36.059217132139693,-0.98906298710506413,occupied,occupied,1,
70.947338579562327,33.609499185967266,-37.700000000000003,0.88635599812870092,32.649999999999999,-36.115870960639263,-0.96569786210804209,occupied,occupied,1,
70.997336704001768,33.600000000000001,-37.739560429523571,0.9149421155626829,32.5857127433312,-36.149999999999999,-0.97065619747959442,occupied,occupied,1,
71.047334828441208,33.573683792438821,-37.75,0.90925201494769159,32.530544718668267,-36.200000000000003,-0.9590732049288937,occupied,occupied,1,
71.097332952880649,33.550000000000004,-37.76293312018182,0.9064201804052241,32.474731670507744,-36.25,-0.94969635864941282,occupied,occupied,1,
71.147331077320089,33.545558905722082,-37.800000000000004,0.93373116500294095,32.399999999999999,-36.275928250794429,-0.97286263106524695,occupied,occupied,1,
71.197329201759516,33.514922973748682,-37.800000000000004,0.91498763005196382,32.350000000000001,-36.336920655044423,-0.95521201287472357,occupied,occupied,1,
71.247327326198956,33.484361073506591,-37.800000000000004,0.89560810370485699,32.300000000000004,-36.398303726181801,-0.93945690780659075,occupied,occupied,1,
71.297325450638397,33.453771905029988,-37.800000000000004,0.87551576404728781,32.240836104539603,-36.450000000000003,-0.9393432541993767,occupied,occupied,1,
71.347323575077837,33.450000000000003,-37.828176226029647,0.89361621434591398,32.150000000000006,-36.47050931893439,-0.98608041825776538,occupied,occupied,1,
71.397321699517278,33.450000000000003,-37.856765218295067,0.91394409882428129,32.100000000000001,-36.53712891856398,-0.97389592712282091,occupied,occupied,1,
71.447319823956704,33.450000000000003,-37.881876988473017,0.93119431667031405,32.050000000000004,-36.60452546577168,-0.96396449265080186,occupied,occupied,1,
71.497317948396145,33.445499640419385,-37.899999999999999,0.93979693026831534,32.000000000000007,-36.67281293441274,-0.95637218254763257,occupied,occupied,1,
71.547316072835585,33.420900349610577,-37.899999999999999,0.92075486306000554,31.949999999999999,-36.742101528018786,-0.95121648017710281,occupied,occupied,1,
71.597314197275026,33.400000000000006,-37.903097144698499,0.90595942443134636,31.900000000000006,-36.812497129040914,-0.94860478156215788,occupied,occupied,1,
71.647312321714466,33.399999999999999,-37.920338605396879,0.91582850135470895,31.850000000000001,-36.884100636016157,-0.94865242619222701,occupied,occupied,1,
71.697310446153907,33.399999999999999,-37.935589070071195,0.92405233005569953,31.800000000000001,-36.957007226576458,-0.95148024082051852,occupied,occupied,1,
71.747308570593333,33.399999999999999,-37.949165626127474,0.93090040990625855,31.783606182359136,-37.050000000000004,-0.91875571946395918,occupied,occupied,1,
71.797306695032773,33.377111940974245,-37.950000000000003,0.91105657743254032,31.700000000000003,-37.106950883529912,-0.96602527356367718,occupied,occupied,1,
71.847304819472214,33.350000000000001,-37.951636299538826,0.88728316742782642,31.68841061959489,-37.200000000000003,-0.93640441433048205,occupied,occupied,1,
71.897302943911654,33.350000000000001,-37.967485409895552,0.89352343378231169,31.649999999999999,-37.278560453151293,-0.94076596432941528,occupied,occupied,1,
71.947301068351095,33.350000000000001,-37.983828392397172,0.89936401997140258,31.600000000000001,-37.352402111694822,-0.96106580884816462,occupied,occupied,1,
71.997299192790521,33.350000000000001,-38.000577478024098,0.90474700581699008,31.600000000000001,-37.44302695615422,-0.93192459913512316,occupied,occupied,1,
72.047297317229962,33.350000000000001,-38.017647371370636,0.90962436507824906,31.550000000000004,-37.516862642536786,-0.95873998499728963,occupied,occupied,1,
72.097295441669402,33.350000000000001,-38.034954994936847,0.91395709691466187,31.532479443100552,-37.600000000000001,-0.95488394029866686,occupied,occupied,1,
72.147293566108843,33.337999866813888,-38.050000000000004,0.90547292047471961,31.5,-37.679475682452107,-0.96950222077441528,occupied,occupied,1,
72.197291690548283,33.299999999999997,-38.061721194185743,0.8701991363791004,31.449999999999999,-37.756888466554948,-1.0047469940030054,occupied,occupied,1,
72.24728981498771,33.300000000000004,-38.081068019447926,0.87300603486794426,31.450000000000003,-37.843141711846499,-0.9922309280536169,occupied,occupied,1,
72.29728793942715,33.300000000000004,-38.100313390369507,0.87512377149248743,31.450000000000003,-37.928529687403064,-0.98283468891637238,occupied,occupied,1,
72.347286063866591,33.299999999999997,-38.119389969840775,0.87655212892286372,31.399999999999999,-38.010542668382918,-1.0265631421615391,occupied,occupied,1,
72.397284188306031,33.300000000000004,-38.138229425251772,0.87729634304953574,31.400000000000006,-38.097034488142647,-1.0231501894378743,occupied,occupied,1,
72.447282312745472,33.300000000000004,-38.156762100788008,0.87736738138863601,31.400000000000002,-38.183716930016047,-1.0228238097336451,occupied,occupied,1,
72.497280437184912,33.300000000000004,-38.17491669128642,0.8767823660641676,31.400000000000002,-38.270952163321027,-1.0256431415152776,occupied,occupied,1,
72.547278561624339,33.300000000000004,-38.192619937541046,0.875565145173404,31.400000000000002,-38.359119128858367,-1.0317161609556424,occupied,occupied,1,
72.597276686063779,33.300000000000004,-38.209796366816697,0.87374701149995471,31.400000000000002,-38.448623470955212,-1.0412042635123335,occupied,occupied,1,
72.64727481050322,33.299999999999997,-38.226368108798759,0.87136755984434477,31.449999999999999,-38.531657610096694,-1.0036528879382227,occupied,occupied,1,
72.69727293494266,33.299999999999997,-38.242254826662425,0.86847566198985438,31.449999999999999,-38.623173863401249,-1.0203333046740677,occupied,occupied,1,
72.747271059382101,33.329651900279011,-38.25,0.89568552472394547,31.500000000000004,-38.704996681779051,-0.98969190609051161,occupied,occupied,1,
72.797269183821527,33.350000000000001,-38.256953494831912,0.91351513700971421,31.500000000000004,-38.800366778912242,-1.0146440880842553,occupied,occupied,1,
72.847267308260967,33.350000000000001,-38.267892493281906,0.91021066329721212,31.550000000000004,-38.882621426674703,-0.99186495600666913,occupied,occupied,1,
72.897265432700408,33.350000000000001,-38.277644832633392,0.90685808757890551,31.550000000000001,-38.984198609901313,-1.0268477432473782,occupied,occupied,1,
72.947263557139848,33.350000000000001,-38.286095457076144,0.90359408953574416,31.642497606614761,-39.050000000000004,-0.96699794886173362,occupied,occupied,1,
72.997261681579289,33.350000000000001,-38.293127595903321,0.90057451286213297,31.659203168554242,-39.149999999999999,-0.99495291825814769,occupied,occupied,1,
73.047259806018715,33.350000000000001,-38.298624765568114,0.89797408664986389,31.700000000000003,-39.241770476729833,-1.0025584262219227,occupied,occupied,1,
73.097257930458156,33.353847702730882,-38.300000000000004,0.90055902433136281,31.798333363459943,-39.300000000000004,-0.94866374745074578,occupied,occupied,1,
73.147256054897596,33.356552648834281,-38.300000000000004,0.90279963221502091,31.850000000000001,-39.387205917798617,-0.95508023241722095,occupied,occupied,1,
73.197254179337037,33.359929195026822,-38.300000000000004,0.90547844095546315,31.900000000000006,-39.476113016426744,-0.96925756229941162,occupied,occupied,1,
73.247252303776477,33.36527651646373,-38.300000000000004,0.90954881807146848,31.96687960336401,-39.550000000000004,-0.96608812082871065,occupied,occupied,1,
73.297250428215918,33.372566847144853,-38.300000000000004,0.91485591333328864,32.050000000000004,-39.605129286188912,-0.94324675305375871,occupied,occupied,1,
73.347248552655344,33.381738750675289,-38.300000000000004,0.92122325590903842,32.100000000000001,-39.690398476634009,-0.96982464110700883,occupied,occupied,1,
73.397246677094785,33.392708371852812,-38.300000000000004,0.92846736834774779,32.17239024066496,-39.75,-0.96670448172437962,occupied,occupied,1,
73.447244801534225,33.400000000000006,-38.306978701946463,0.9275975162812331,32.249471331181653,-39.800000000000004,-0.95729739172144301,occupied,occupied,1,
73.497242925973666,33.400000000000006,-38.327769801892551,0.91086046175737134,32.32333753799977,-39.850000000000001,-0.95364666697951195,occupied,occupied,1,
73.547241050413106,33.402869530535099,-38.350000000000001,0.89406438851422543,32.394732440997139,-39.899999999999999,-0.95494626351081779,occupied,occupied,1,
73.597239174852533,33.422567409897113,-38.350000000000001,0.90449082076218812,32.450000000000003,-39.973788069901374,-0.98827833123390529,occupied,occupied,1,
73.647237299291973,33.443304581828329,-38.350000000000001,0.91482577980646362,32.53236031964849,-40,-0.96993400562996357,occupied,occupied,1,
73.697235423731414,33.450000000000003,-38.379483499931837,0.8919069219274619,32.599458069991883,-40.050000000000004,-0.98267221796019455,occupied,occupied,1,
73.747233548170854,33.46413848676977,-38.399999999999999,0.87968269427778734,32.665861344140204,-40.100000000000001,-0.99841378792029678,occupied,occupied,1,
73.797231672610295,33.489406214860814,-38.399999999999999,0.89006832116558976,32.75,-40.108044938722202,-0.97115145717046336,occupied,occupied,1,
73.847229797049735,33.515307395472469,-38.399999999999999,0.9000064319051333,32.817550410856462,-40.149999999999999,-0.98396936666034396,occupied,occupied,1,
73.897227921489161,33.541790948473022,-38.399999999999999,0.90946668839339928,32.899999999999999,-40.150157016404165,-0.9546538022430362,occupied,occupied,1,
73.947226045928602,33.551976974140779,-38.450000000000003,0.8656668861409399,32.962984143103633,-40.200000000000003,-0.98079257862213853,occupied,occupied,1,
73.997224170368042,33.580896227517137,-38.450000000000003,0.87453381879584147,33.041797727711298,-40.200000000000003,-0.95662078759131852,occupied,occupied,1,
74.047222294807483,33.610173048260151,-38.450000000000003,0.88280063025103239,33.104456628389123,-40.25,-0.98689161643748835,occupied,occupied,1,
74.097220419246923,33.639765947441369,-38.450000000000003,0.89045782648731864,33.180645743118951,-40.25,-0.96717275089265631,occupied,occupied,1,
74.14721854368635,33.669632471750674,-38.450000000000003,0.89749728166923426,33.255228628809775,-40.25,-0.94958976150014296,occupied,occupied,1,
74.19721666812579,33.699729143554556,-38.450000000000003,0.90391203994509173,33.328440478001184,-40.25,-0.93398220977887003,occupied,occupied,1,
74.247214792565231,33.730011261412784,-38.450000000000003,0.90969612665918131,33.400000000000006,-40.252684105199243,-0.92294606858713424,occupied,occupied,1,
74.297212917004671,33.760432572827476,-38.450000000000003,0.91484438338313523,33.463547499792618,-40.300000000000004,-0.95882601094744491,occupied,occupied,1,
74.347211041444112,33.79094482050246,-38.450000000000003,0.91935233778649428,33.534936097966472,-40.300000000000004,-0.94827730055578363,occupied,occupied,1,
74.397209165883538,33.821497153365542,-38.450000000000003,0.92321611839305162,33.605672898141123,-40.300000000000004,-0.93933055461763315,occupied,occupied,1,
74.447207290322979,33.852035383046747,-38.450000000000003,0.92643242542109749,33.675919025221113,-40.300000000000004,-0.93193163242487997,occupied,occupied,1,
74.497205414762419,33.882501054312897,-38.450000000000003,0.92899857223507898,33.745831341224047,-40.300000000000004,-0.92604283174376167,occupied,occupied,1,
74.54720353920186,33.913006318607657,-38.450000000000003,0.93092396501173691,33.815391865369556,-40.300000000000004,-0.92164953730361632,occupied,occupied,1,
74.5972016636413,33.944130815480825,-38.450000000000003,0.93224519233564318,33.88412115808886,-40.300000000000004,-0.91872783798659874,occupied,occupied,1,
74.647199788080741,33.97602760187732,-38.450000000000003,0.93296595825627771,33.951960389444437,-40.300000000000004,-0.91719058396232311,occupied,occupied,1,
74.697197912520167,34.00880250126179,-38.450000000000003,0.93308565372110608,34.018886431798833,-40.300000000000004,-0.91694182868424357,occupied,occupied,1,
74.747196036959608,34.04255117902607,-38.450000000000003,0.93260323298804293,34.084873860077167,-40.300000000000004,-0.91788081431724333,occupied,occupied,1,
74.797194161399048,34.077358296049546,-38.450000000000003,0.93151852447648498,34.149895081023864,-40.300000000000004,-0.91990297944270882,occupied,occupied,1,
74.847192285838489,34.113296930576261,-38.450000000000003,0.92983350149631339,34.213920532521172,-40.300000000000004,-0.92290099358612165,occupied,occupied,1,
74.897190410277929,34.150428264704644,-38.450000000000003,0.92755345792538546,34.276918953259489,-40.300000000000004,-0.9267657956798494,occupied,occupied,1,
74.947188534717355,34.188801521695517,-38.450000000000003,0.92468804505379931,34.338857721174215,-40.300000000000004,-0.9313876169282197,occupied,occupied,1,
74.997186659156796,34.228454132521826,-38.450000000000003,0.92125213830871944,34.399703257332582,-40.300000000000004,-0.93665697215617294,occupied,occupied,1,
75.047184783596236,34.269412104746294,-38.450000000000003,0.91726651508265011,34.459421490451938,-40.300000000000004,-0.94246560720169481,occupied,occupied,1,
75.097182908035677,34.311690563784289,-38.450000000000003,0.91275833635755343,34.517978375972184,-40.300000000000004,-0.94870739296900763,occupied,occupied,1,
75.147181032475117,34.350000000000001,-38.405487922471444,0.9525872763588864,34.57534046258192,-40.300000000000004,-0.95527915921206641,occupied,occupied,1,
75.197179156914544,34.393969071173196,-38.399999999999999,0.95270554952910713,34.631475498375181,-40.300000000000004,-0.96208146289871221,occupied,occupied,1,
75.247177281353984,34.439968155020956,-38.399999999999999,0.9468892507498724,34.686353068091805,-40.300000000000004,-0.96901928709553509,occupied,occupied,1,
75.297175405793425,34.48732408808474,-38.399999999999999,0.94071782733465514,34.739945252574813,-40.300000000000004,-0.9760026668293531,occupied,occupied,1,
75.347173530232865,34.536009564496645,-38.399999999999999,0.93425059401779709,34.792227301055547,-40.300000000000004,-0.98294723837388542,occupied,occupied,1,
75.397171654672306,34.585991368044866,-38.399999999999999,0.92755289079168701,34.843178306563182,-40.300000000000004,-0.98977470806679191,occupied,occupied,1,
75.447169779111746,34.637231354189375,-38.399999999999999,0.92069554223533268,34.886056860653483,-40.25,-0.94596300518760634,occupied,occupied,1,
75.497167903551173,34.689687412984675,-38.399999999999999,0.91375424432640706,34.934412579049635,-40.25,-0.9523621526074818,occupied,occupied,1,
75.547166027990613,34.736877738701573,-38.350000000000001,0.95722149997107087,34.981470893483518,-40.25,-0.95845744269290856,occupied,occupied,1,
75.597164152430054,34.791871342590973,-38.350000000000001,0.95032504961800335,35.027231456618296,-40.25,-0.96419692290541237,occupied,occupied,1,
75.647162276869494,34.848003955724806,-38.350000000000001,0.94358773516067873,35.071700602898609,-40.25,-0.96953541559486012,occupied,occupied,1,
75.697160401308935,34.905224775744145,-38.350000000000001,0.93709906829590661,35.11489182227448,-40.25,-0.97443441830608257,occupied,occupied,1,
75.747158525748361,34.958395025597369,-38.300000000000004,0.98120823861517958,35.156826156876633,-40.25,-0.97886189121710909,occupied,occupied,1,
75.797156650187802,35.018128400688951,-38.300000000000004,0.97544345793560461,35.197532508046756,-40.25,-0.98279192978897956,occupied,occupied,1,
75.847154774627242,35.078856216773595,-38.300000000000004,0.97020171570787062,35.232991645972319,-40.200000000000003,-0.93604006605389645,occupied,occupied,1,
75.897152899066683,35.140528958370453,-38.300000000000004,0.96557577612206236,35.271958604178145,-40.200000000000003,-0.93896452321453483,occupied,occupied,1,
75.947151023506123,35.200959846590884,-38.25,1.0117091177464983,35.30925990339739,-40.200000000000003,-0.94129597756285321,occupied,occupied,1,
75.997149147945549,35.267222865086211,-38.25,1.008554532207292,35.344196007145385,-40.200000000000003,-0.94296407252043735,occupied,occupied,1,
76.04714727238499,35.335951159132797,-38.25,1.0064702663818628,35.376697428712312,-40.200000000000003,-0.94395539446364729,occupied,occupied,1,
76.09714539682443,35.407292620368167,-38.25,1.005725032314255,35.406670418562804,-40.200000000000003,-0.94427506695114993,occupied,occupied,1,
76.147143521263871,35.481456116806612,-38.25,1.0066271653916299,35.4339987819653,-40.200000000000003,-0.94395023595142968,occupied,occupied,1,
76.197141645703311,35.55871839247974,-38.25,1.0095366556140357,35.458545968664595,-40.200000000000003,-0.94303460159861763,occupied,occupied,1,
76.247139770142752,35.639433474135686,-38.25,1.0148800976126471,35.48015749884204,-40.200000000000003,-0.94161391881207546,occupied,occupied,1,
76.297137894582178,35.724044744103274,-38.25,1.0231692172397013,35.498664229403346,-40.200000000000003,-0.93981228455964227,occupied,occupied,1,
76.347136019021619,35.813099842445162,-38.25,1.0350236309733414,35.513887061227905,-40.200000000000003,-0.93779878588119225,occupied,occupied,1,
76.397134143461059,35.907268502758157,-38.25,1.0511983639927418,35.525643798052741,-40.200000000000003,-0.93579368814070607,occupied,occupied,1,
76.4471322679005,36.007363293097107,-38.25,1.0726163090501819,35.533758952507483,-40.200000000000003,-0.93407277285197654,occupied,occupied,1,
76.49713039233994,36.099586472104683,-38.300000000000004,1.0482673963146489,35.538077287542905,-40.200000000000003,-0.93296771450567884,occupied,occupied,1,
76.547128516779367,36.200000000000003,-38.333080270841748,1.0477957344229389,35.538481683394565,-40.200000000000003,-0.93285965163613305,occupied,occupied,1,
76.597126641218807,36.311737679038899,-38.350000000000001,1.0723141493023207,35.535122893911883,-40.200000000000003,-0.93408325013725446,occupied,occupied,1,
76.647124765658248,36.410159888330014,-38.399999999999999,1.0674208145021602,35.532175627437155,-40.200000000000003,-0.93529143701466244,occupied,occupied,1,
76.697122890097688,36.5,-38.460052388713294,1.0557397304421912,35.531475784937754,-40.200000000000003,-0.93560575570135163,occupied,occupied,1,
76.747121014537129,36.598486747379113,-38.5,1.0714795266927377,35.533255188472793,-40.200000000000003,-0.93469052444699241,occupied,occupied,1,
76.797119138976569,36.654396919453532,-38.600000000000001,1.018928507441289,35.537712153484946,-40.200000000000003,-0.93222111945725217,occupied,occupied,1,
76.847117263415996,36.739949677298171,-38.649999999999999,1.0292419793286822,35.545018354885187,-40.200000000000003,-0.9278887943509011,occupied,occupied,1,
76.897115387855436,36.824302246330831,-38.700000000000003,1.0433628168067406,35.549999999999997,-40.206296235499416,-0.92964873006355431,occupied,occupied,1,
76.947113512294877,36.899999999999999,-38.758633560669878,1.0495796856411892,35.549999999999997,-40.220332374322751,-0.94015985053790763,occupied,occupied,1,
76.997111636734317,36.941312958240125,-38.850000000000001,1.0124293405218701,35.549999999999997,-40.235362884691874,-0.95098148506932179,occupied,occupied,1,
77.047109761173758,37.000000000000007,-38.919422841509316,1.0068662467920311,35.551241565600925,-40.25,-0.96019668457026497,occupied,occupied,1,
77.097107885613184,37.050000000000004,-38.994114494783211,0.99490803532412608,35.570547171847835,-40.25,-0.94571791342052869,occupied,occupied,1,
77.147106010052624,37.100000000000009,-39.066419280369324,0.98789836714364621,35.593360758224641,-40.25,-0.92804138262379343,occupied,occupied,1,
77.197104134492065,37.150000000000006,-39.137143554602801,0.98513370483101481,35.6198600401382,-40.25,-0.90689635963095971,occupied,occupied,1,
77.247102258931506,37.200000000000003,-39.206962874521196,0.98606928070314437,35.649999999999999,-40.250184055453886,-0.88230178317752717,occupied,occupied,1,
77.297100383370946,37.250000000000007,-39.276057494577344,0.99049205180691313,35.650000000000006,-40.272078010300504,-0.89419807331748657,occupied,occupied,1,
77.347098507810372,37.289813994246977,-39.350000000000001,0.98665775110467413,35.650000000000006,-40.294387239927936,-0.90565754890928329,occupied,occupied,1,
77.397096632249813,37.300000000000004,-39.437938108789815,0.95293930675511584,35.650000000000006,-40.317326506703751,-0.91677295837704442,occupied,occupied,1,
77.447094756689253,37.350000000000001,-39.502277584397341,0.96806646399348395,35.649999999999999,-40.341067144688218,-0.92760437411448493,occupied,occupied,1,
77.497092881128694,37.399999999999999,-39.565997679935855,0.98589483233426656,35.684454580220397,-40.350000000000001,-0.90030656868120607,occupied,occupied,1,
77.547091005568134,37.400000000000006,-39.650307793984645,0.95193341237667084,35.700000000000003,-40.370292874959034,-0.89424602549650178,occupied,occupied,1,
77.597089130007575,37.45000000000001,-39.711336467525726,0.97517886940406706,35.70000000000001,-40.398679924344712,-0.90496501541748509,occupied,occupied,1,
77.647087254447001,37.45000000000001,-39.790156514163471,0.94727598968250526,35.70000000000001,-40.428126877751311,-0.91538505968112083,occupied,occupied,1,
77.697085378886442,37.45000000000001,-39.865939276384168,0.92214572754393076,35.725643847012357,-40.450000000000003,-0.89843963744641253,occupied,occupied,1,
77.747083503325882,37.5,-39.92323541444911,0.95187892761835924,35.75,-40.474640369134406,-0.88293643749375272,occupied,occupied,1,
77.797081627765323,37.500000000000007,-39.994898317745474,0.93102309209964262,35.750000000000007,-40.508602946662577,-0.89281693536188378,occupied,occupied,1,
77.847079752204763,37.5,-40.064232377987203,0.91210388398738784,35.75,-40.543662249177423,-0.9023803406311327,occupied,occupied,1,
77.89707787664419,37.500000000000007,-40.131447154459188,0.89488772325874777,35.750000000000007,-40.57983564037626,-0.91164271775325034,occupied,occupied,1,
77.94707600108363,37.500000000000007,-40.196725168263796,0.87916781838385794,35.750000000000007,-40.617135647703996,-0.92062243918037834,occupied,occupied,1,
77.997074125523071,37.549999999999997,-40.248929321381333,0.9160204634180229,35.774663238506683,-40.649999999999999,-0.90405599265661785,occupied,occupied,1,
78.047072249962511,37.550000000000004,-40.311424616186088,0.90262515274200361,35.800000000000004,-40.684492741419028,-0.88669869331404683,occupied,occupied,1,
78.097070374401952,37.550000000000004,-40.372320784252935,0.89025410927839099,35.800000000000004,-40.725784735624813,-0.89508528840469936,occupied,occupied,1,
78.147068498841378,37.549999999999997,-40.431721939236326,0.87877205599424302,35.799999999999997,-40.76816354369705,-0.90327534887805805,occupied,occupied,1,
78.197066623280818,37.549999999999997,-40.489716694902427,0.86805665745956917,35.799999999999997,-40.811642274858862,-0.91130729604468352,occupied,occupied,1,
78.247064747720259,37.600000000000009,-40.537526715098657,0.90877441021405636,35.835223747697974,-40.850000000000001,-0.88345179606299928,occupied,occupied,1,
78.2970628721597,37.600000000000001,-40.593196442902496,0.89922080503593649,35.850000000000001,-40.893389614736542,-0.87633993467864246,occupied,occupied,1,
78.34706099659914,37.600000000000001,-40.64757968938239,0.89014017882854291,35.850000000000001,-40.940487253213888,-0.88420331693255227,occupied,occupied,1,
78.397059121038581,37.600000000000001,-40.700717422914678,0.881445374999552,35.850000000000001,-40.988707106201701,-0.89209291262768708,occupied,occupied,1,
78.447057245478007,37.616190033398603,-40.75,0.88945976681270833,35.850000000000001,-41.038086182129248,-0.90007114446275083,occupied,occupied,1,
78.497055369917447,37.649999999999999,-40.795220483972017,0.91555662561012985,35.850000000000001,-41.088669248233757,-0.90820656549959966,occupied,occupied,1,
78.547053494356888,37.649999999999999,-40.844707490099189,0.90756862758950296,35.899999999999999,-41.132293477453366,-0.86590415205005933,occupied,occupied,1,
78.597051618796328,37.649999999999999,-40.892950310053067,0.89968810737855953,35.899999999999999,-41.185320317016632,-0.87456672803034374,occupied,occupied,1,
78.647049743235769,37.650000000000006,-40.939945538228741,0.891855315621778,35.900000000000006,-41.239672919954764,-0.88362673254326485,occupied,occupied,1,
78.697047867675195,37.650000000000006,-40.986923133084105,0.88382312130471608,35.900000000000006,-41.294186013090716,-0.89294655353497976,occupied,occupied,1,
78.747045992114636,37.650000000000006,-41.035036643482144,0.875426977041038,35.900000000000006,-41.347679493164954,-0.90228097182395639,occupied,occupied,1,
78.797044116554076,37.70000000000001,-41.075268175553951,0.91752477936927013,35.95000000000001,-41.391061491853911,-0.86073994181813707,occupied,occupied,1,
78.847042240993517,37.699999999999996,-41.125630608952221,0.90856395564550751,35.949999999999996,-41.442291483302952,-0.869855035859185,occupied,occupied,1,
78.897040365432957,37.700000000000003,-41.1771724154816,0.89940149535578329,35.950000000000003,-41.492386593255638,-0.87876047079627673,occupied,occupied,1,
78.947038489872384,37.70000000000001,-41.229862615654589,0.89010987468175928,35.95000000000001,-41.541307545987884,-0.88738778906644034,occupied,occupied,1,
78.997036614311824,37.700000000000003,-41.283659075598671,0.88076778276733103,35.950000000000003,-41.589027403225067,-0.89567524066948823,occupied,occupied,1,
79.047034738751265,37.700000000000003,-41.338509736296039,0.871458939880566,35.950000000000003,-41.63553266016666,-0.90356855773873856,occupied,occupied,1,
79.097032863190705,37.75,-41.386169216383756,0.91293619975307216,36,-41.672639136488371,-0.86035594062446408,occupied,occupied,1,
79.147030987630146,37.750000000000007,-41.443302086672311,0.90390080181198185,36.000000000000007,-41.717093981433948,-0.86738743041821276,occupied,occupied,1,
79.197029112069586,37.750000000000007,-41.501346576551796,0.89515949207145573,36.000000000000007,-41.760437597833217,-0.87391601714477041,occupied,occupied,1,
79.247027236509012,37.750000000000007,-41.560223436362392,0.88680299642772809,36.000000000000007,-41.802710275462545,-0.87991709094796722,occupied,occupied,1,
79.297025360948453,37.75,-41.619851371858502,0.87891945949344108,36,-41.843965034488939,-0.88537273109677728,occupied,occupied,1,
79.347023485387894,37.799999999999997,-41.674340796828638,0.92192920274823753,36,-41.884243343672615,-0.89026810416168811,occupied,occupied,1,
79.397021609827334,37.800000000000004,-41.736746652195023,0.91509750399239986,36.000000000000007,-41.922780393136208,-0.89449044710822945,occupied,occupied,1,
79.447019734266775,37.800000000000011,-41.801067983522657,0.9089675705865069,36.000000000000007,-41.959154369336829,-0.8979611234630922,occupied,occupied,1,
79.497017858706201,37.800000000000011,-41.867336033204516,0.90374500979976258,36.000000000000007,-41.993317320204547,-0.90065829452945045,occupied,occupied,1,
79.547015983145641,37.800000000000004,-41.935627587550591,0.89965313935118019,36,-42.025201044452622,-0.90257420595833371,occupied,occupied,1,
79.597014107585082,37.850000000000001,-42.004715006326784,0.9469580881955264,36,-42.054719753450733,-0.90371759239654581,occupied,occupied,1,
79.647012232024522,37.850000000000009,-42.07874517046006,0.9458856833906667,36.000000000000007,-42.081772548832383,-0.90411679364005582,occupied,occupied,1,
79.697010356463963,37.850000000000009,-42.155469324759565,0.94683120163057433,36.000000000000007,-42.106246092595349,-0.90382352753548201,occupied,occupied,1,
79.747008480903389,37.900000000000006,-42.238088029721709,1.0002684179091761,36.000000000000007,-42.128017865449529,-0.90291718551023425,occupied,occupied,1,
79.79700660534283,37.900000000000006,-42.322919543504092,1.0066210259623698,36.000000000000007,-42.146960454784413,-0.9015093681415195,occupied,occupied,1,
79.84700472978227,37.899999999999999,-42.411771946615737,1.0164756649430164,35.950000000000003,-42.156399356154502,-0.95017508187474986,occupied,occupied,1,
79.897002854221711,37.900000000000006,-42.505222192157717,1.030514632363162,35.95000000000001,-42.16719353756843,-0.94856681399609288,occupied,occupied,1,
79.947000978661151,37.900000000000006,-42.603960610005124,1.0495574057182941,35.950000000000003,-42.174593382724289,-0.94715394444297174,occupied,occupied,1,
79.996999103100592,37.86761822312085,-42.700000000000003,1.0410284949304947,35.950000000000003,-42.178510123842528,-0.94623377779042028,occupied,occupied,1,
80.046997227540018,37.850000000000001,-42.804104990645683,1.0540830802162977,35.950000000000003,-42.179045696936761,-0.94609169231031609,occupied,occupied,1,
80.096995351979459,37.804562596641567,-42.899999999999999,1.043682019691659,35.950000000000003,-42.178863570779882,-0.94615218807799106,occupied,occupied,1,
80.146993476418899,37.799999999999997,-43.013292506906701,1.0833247902713166,35.949999999999996,-42.178816332824638,-0.94617034032413339,occupied,occupied,1,
80.19699160085834,37.75,-43.108266431109072,1.0796349077803509,35.949999999999996,-42.178684145564048,-0.94622866748801249,occupied,occupied,1,
80.24698972529778,37.700000000000003,-43.20351353898787,1.0817782052529714,35.950000000000003,-42.178214829055385,-0.94645685128983892,occupied,occupied,1,
80.296987849737206,37.650000000000006,-43.300090420465438,1.0903773620408554,35.950000000000003,-42.177115411457173,-0.94704082548401147,occupied,occupied,1,
80.346985974176647,37.600000000000009,-43.399252567682574,1.1063194133400895,35.950000000000003,-42.175039883177433,-0.94823569589968948,occupied,occupied,1,
80.396984098616088,37.5,-43.460954553320974,1.0658023745550933,35.949999999999996,-42.171571378580268,-0.95038436563154671,occupied,occupied,1,
80.446982223055528,37.433581778630817,-43.550000000000004,1.0748303489558997,35.950000000000003,-42.166195807576244,-0.95394488178183201,occupied,occupied,1,
80.496980347494969,37.350000000000001,-43.625286788855796,1.0683151073342549,35.950000000000003,-42.158261797394459,-0.95953161408532295,occupied,occupied,1,
80.546978471934409,37.264198881299336,-43.700000000000003,1.066518910801951,35.952608167664387,-42.149999999999999,-0.96394167736355929,occupied,occupied,1,
80.596976596373835,37.15740680111216,-43.75,1.0391971319834883,35.964163242578756,-42.149999999999999,-0.95675632187796611,occupied,occupied,1,
80.646974720813276,37.051873468505967,-43.800000000000004,1.0198049284475901,35.976779921491499,-42.149999999999999,-0.94954169793186616,occupied,occupied,1,
80.696972845252716,36.950000000000003,-43.855381757414769,1.0143352745800129,35.989941668618506,-42.149999999999999,-0.94271325271257755,occupied,occupied,1,
80.746970969692157,36.850000000000001,-43.906604479071817,1.0133882243302357,35.99882061133232,-42.149999999999999,-0.93857633671789875,occupied,occupied,1,
80.796969094131597,36.751698357634062,-43.950000000000003,1.0126421375494785,36,-42.144391507047096,-0.94318823615203884,occupied,occupied,1,
80.846967218571024,36.660837357731175,-44,1.0265706543024982,36.000000000000007,-42.147865525641095,-0.93992575415642698,occupied,occupied,1,
80.896965343010464,36.558329581846849,-44,0.99440520054867831,35.994415216738076,-42.149999999999999,-0.93963187540825288,occupied,occupied,1,
80.946963467449905,36.463466673690675,-44,0.9686748779032881,35.983621719692046,-42.149999999999999,-0.94254232060606546,occupied,occupied,1,
80.996961591889345,36.386009260967121,-44.050000000000004,0.99928935658283113,35.968699389794736,-42.149999999999999,-0.94599918977164588,occupied,occupied,1,
81.046959716328786,36.301281895301564,-44.050000000000004,0.98251064406100985,35.950000000000003,-42.150290698264982,-0.94940405412450279,occupied,occupied,1,
81.096957840768212,36.221448524131034,-44.050000000000004,0.96916524171232366,35.935364201749572,-42.200000000000003,-0.90282413846921394,occupied,occupied,1,
81.146955965207653,36.145871275062447,-44.050000000000004,0.9585922481614999,35.908412382794793,-42.200000000000003,-0.90658514970632276,occupied,occupied,1,
81.196954089647093,36.074048988965984,-44.050000000000004,0.95025856337362002,35.878520383316122,-42.200000000000003,-0.91004556112521562,occupied,occupied,1,
81.246952214086534,36.005593686830721,-44.050000000000004,0.9437286604663232,35.850000000000001,-42.248175598155854,-0.86480128688390212,occupied,occupied,1,
81.296950338525974,35.940212661714,-44.050000000000004,0.93864149754036341,35.813994888227022,-42.25,-0.86577833341473021,occupied,occupied,1,
81.346948462965415,35.877695316262439,-44.050000000000004,0.93469295628960913,35.775391713381289,-42.25,-0.86821192948846926,occupied,occupied,1,
81.396946587404841,35.817178820793167,-44.050000000000004,0.93159933933362848,35.735065518805655,-42.25,-0.87027263013681511,occupied,occupied,1,
81.446944711844282,35.757017070281847,-44.050000000000004,0.92918549196013489,35.694505549895773,-42.25,-0.8718996504417944,occupied,occupied,1,
81.496942836283722,35.697146730277488,-44.050000000000004,0.92742599478507159,35.653744639823252,-42.25,-0.87309719069624803,occupied,occupied,1,
81.546940960723163,35.637562948039054,-44.050000000000004,0.92629857270568006,35.612763145995018,-42.25,-0.87387226090468229,occupied,occupied,1,
81.596939085162603,35.578074920789362,-44,0.87578027150487947,35.571542691293601,-42.25,-0.87423191988756466,occupied,occupied,1,
81.646937209602029,35.519539838470898,-44,0.8758483241869196,35.530066194312283,-42.25,-0.87418333386024283,occupied,occupied,1,
81.69693533404147,35.461265696780607,-44,0.8764752456326268,35.488317891293171,-42.25,-0.8737338336570295,occupied,occupied,1,
81.74693345848091,35.403250105885981,-44,0.87763805306116738,35.446283349987574,-42.25,-0.87289096986244741,occupied,occupied,1,
81.796931582920351,35.345491407928613,-44,0.87931354705742903,35.403949475710114,-42.25,-0.87166256519788854,occupied,occupied,1,
81.846929707359791,35.287988673520189,-44,0.88147833792042574,35.361304509928743,-42.25,-0.87005676360288775,occupied,occupied,1,
81.896927831799218,35.230741693967744,-44,0.88410887199727606,35.318338021784356,-42.25,-0.86808207554438888,occupied,occupied,1,
81.946925956238658,35.173750969384351,-44,0.88718145804556892,35.275040892977451,-42.25,-0.86574741918290943,occupied,occupied,1,
81.996924080678099,35.11701769286131,-44,0.89067229366689926,35.231405296488504,-42.25,-0.86306215711622136,occupied,occupied,1,
82.046922205117539,35.064168900573407,-43.950000000000003,0.8444262455547471,35.187424669619631,-42.25,-0.86003612851021793,occupied,occupied,1,
82.09692032955698,35.008296231180061,-43.950000000000003,0.84865617097339041,35.143093681854857,-42.25,-0.85667967650898302,occupied,occupied,1,
82.14691845399642,34.952670834693933,-43.950000000000003,0.85323176980126858,35.098408198037987,-42.25,-0.85300367089104046,occupied,occupied,1,
82.196916578435847,34.897296254190401,-43.950000000000003,0.85812942107107681,35.053365237361021,-42.25,-0.84901952600645147,occupied,occupied,1,
82.246914702875287,34.842176610263131,-43.950000000000003,0.86332551049437434,35.007962928643522,-42.25,-0.84473921408784225,occupied,occupied,1,
82.296912827314728,34.787316565538866,-43.950000000000003,0.86879645692509988,34.967344106389689,-42.200000000000003,-0.89043914851971695,occupied,occupied,1,
82.346910951754168,34.732721286713009,-43.950000000000003,0.87451873916302547,34.921470885575317,-42.200000000000003,-0.88563080308350939,occupied,occupied,1,
82.396909076193609,34.678396404314348,-43.950000000000003,0.88046892308386626,34.875220361965624,-42.200000000000003,-0.88056477060444904,occupied,occupied,1,
82.446907200633035,34.624347970396187,-43.950000000000003,0.88662368907277633,34.828594479843233,-42.200000000000003,-0.87525503451216469,occupied,occupied,1,
82.496905325072476,34.576611375162145,-43.899999999999999,0.84259768772980836,34.781596043015931,-42.200000000000003,-0.86971616027093945,occupied,occupied,1,
82.546903449511916,34.523309987235706,-43.899999999999999,0.84907106456519565,34.734228656335908,-42.200000000000003,-0.86396328563768299,occupied,occupied,1,
82.596901573951357,34.470286388878499,-43.899999999999999,0.85568182169070595,34.68649666622786,-42.200000000000003,-0.85801210781697745,occupied,occupied,1,
82.646899698390797,34.417547795677926,-43.899999999999999,0.86240755782565515,34.644900903555332,-42.149999999999999,-0.90229905678809341,occupied,occupied,1,
82.696897822830223,34.365101620775533,-43.899999999999999,0.86922610419621116,34.596573077794716,-42.149999999999999,-0.896015815602485,occupied,occupied,1,
82.746895947269664,34.312955423342949,-43.899999999999999,0.87611555259518925,34.547878483320709,-42.149999999999999,-0.88958228228747127,occupied,occupied,1,
82.796894071709104,34.261006458691639,-43.899999999999999,0.88307082456195407,34.49893419092983,-42.149999999999999,-0.88302928748379583,occupied,occupied,1,
82.846892196148545,34.209039043612805,-43.899999999999999,0.89011509400408928,34.44996216146221,-42.149999999999999,-0.87639104771019127,occupied,occupied,1,
82.896890320587985,34.157046919147881,-43.899999999999999,0.89724927241955066,34.400968112855203,-42.149999999999999,-0.86966825501052258,occupied,occupied,1,
82.946888445027426,34.10502973884028,-43.899999999999999,0.90447350824905337,34.351951756445388,-42.149999999999999,-0.86286077896946134,occupied,occupied,1,
82.996886569466852,34.0601278873444,-43.850000000000001,0.86128062590940857,34.310053534769629,-42.100000000000001,-0.90647581354737272,occupied,occupied,1,
83.046884693906293,34.00814544908075,-43.850000000000001,0.86867321707680423,34.261077590224204,-42.100000000000001,-0.89951078579829646,occupied,occupied,1,
83.096882818345733,33.956136988928534,-43.850000000000001,0.87615617279455349,34.212078545761372,-42.100000000000001,-0.89246082376349545,occupied,occupied,1,
83.146880942785174,33.904102155213742,-43.850000000000001,0.88372965230707834,34.163056107881481,-42.100000000000001,-0.88532578763883985,occupied,occupied,1,
83.196879067224614,33.852040594465777,-43.850000000000001,0.8913938177264038,34.114009981393579,-42.100000000000001,-0.87810553510968292,occupied,occupied,1,
83.246877191664041,33.799951951385353,-43.850000000000001,0.89914883404796919,34.064939869387352,-42.100000000000001,-0.87079992133650119,occupied,occupied,1,
83.296875316103481,33.747835868812004,-43.850000000000001,0.90699486916683258,34.023502890472976,-42.050000000000004,-0.91399176088607059,occupied,occupied,1,
83.346873440542922,33.695691987691674,-43.850000000000001,0.91493209389421093,33.974470335402934,-42.050000000000004,-0.90652813546920341,occupied,occupied,1,
83.396871564982362,33.643519947044105,-43.850000000000001,0.92296068197442294,33.92541298698778,-42.050000000000004,-0.89897885762854968,occupied,occupied,1,
83.446869689421803,33.599236360565932,-43.800000000000004,0.88045790501896859,33.8763305428362,-42.050000000000004,-0.89134377289197408,occupied,occupied,1,
83.496867813861243,33.547093621340942,-43.800000000000004,0.88865611954727397,33.827222698697838,-42.050000000000004,-0.88362272419623489,occupied,occupied,1,
83.54686593830067,33.494921726321451,-43.800000000000004,0.89694607591407571,33.786179646208417,-42,-0.92646588409300912,occupied,occupied,1,
83.59686406274011,33.442720308183759,-43.800000000000004,0.90532795912349306,33.737106991867392,-42,-0.91858638084158473,occupied,occupied,1,
83.646862187179551,33.390488997515284,-43.800000000000004,0.91380195719204671,33.688008115292675,-42,-0.910620588558537,occupied,occupied,1,
83.696860311618991,33.33822742278047,-43.800000000000004,0.9223682611678018,33.638882706204626,-42,-0.90256834032027622,occupied,occupied,1,
83.746858436058432,33.285935210286546,-43.800000000000004,0.9310270651497724,33.589730452320481,-42,-0.89442946653824684,occupied,occupied,1,
83.796856560497858,33.233611984149313,-43.800000000000004,0.93977856630771228,33.549077124190354,-41.950000000000003,-0.93692552719800359,occupied,occupied,1,
83.846854684937298,33.181257366258663,-43.800000000000004,0.94862296490227194,33.499957672630948,-41.950000000000003,-0.92862765376370549,occupied,occupied,1,
83.896852809376739,33.137572045469497,-43.75,0.90680902486121795,33.450810537611282,-41.950000000000003,-0.92024279513712537,occupied,occupied,1,
83.946850933816179,33.085241160323172,-43.75,0.91582472932959347,33.401635400257021,-41.950000000000003,-0.91177077161237408,occupied,occupied,1,
83.99684905825562,33.032877849343805,-43.75,0.92493378402334692,33.352431939542562,-41.950000000000003,-0.90321140073708495,occupied,occupied,1,
84.046847182695046,32.980481726899704,-43.75,0.93413640103012907,33.303199832259942,-41.950000000000003,-0.8945644972928577,occupied,occupied,1,
84.096845307134487,32.928052404960994,-43.75,0.94343279562421878,33.262991151543247,-41.899999999999999,-0.93664272518926495,occupied,occupied,1,
84.146843431573927,32.875589493064126,-43.75,0.95282318628890916,33.213788898528016,-41.899999999999999,-0.92783596354556586,occupied,occupied,1,
84.196841556013368,32.832321369587383,-43.700000000000003,0.91146322551196091,33.164557136833885,-41.899999999999999,-0.91894126668037324,occupied,occupied,1,
84.246839680452808,32.779878465985085,-43.700000000000003,0.92102616257240688,33.115295535960364,-41.899999999999999,-0.9099584389004729,occupied,occupied,1,
84.296837804892249,32.727400910505089,-43.700000000000003,0.93068359924588484,33.066003763070071,-41.899999999999999,-0.90088728165530008,occupied,occupied,1,
84.346835929331675,32.674888304347824,-43.700000000000003,0.94043576627093184,33.026175737917235,-41.850000000000001,-0.94262102017598504,occupied,occupied,1,
84.396834053771116,32.622340246100684,-43.700000000000003,0.95028289770224927,32.976911361116365,-41.850000000000001,-0.93338922759011878,occupied,occupied,1,
84.446832178210556,32.579428212713836,-43.649999999999999,0.90929836884555404,32.927615929193145,-41.850000000000001,-0.92406866639509233,occupied,occupied,1,
84.496830302649997,32.526897044855772,-43.649999999999999,0.91931916527426139,32.878289101416414,-41.850000000000001,-0.91465912724010645,occupied,occupied,1,
84.546828427089437,32.474329337946735,-43.649999999999999,0.92943547284160666,32.828930534557422,-41.850000000000001,-0.90516039781703306,occupied,occupied,1,
84.596826551528864,32.421724681539381,-43.649999999999999,0.93964753824770719,32.789479194003988,-41.800000000000004,-0.94655059064492941,occupied,occupied,1,
84.646824675968304,32.369082662387989,-43.649999999999999,0.94995561162576458,32.740145523976082,-41.800000000000004,-0.93689034055208797,occupied,occupied,1,
84.696822800407745,32.316402864409305,-43.649999999999999,0.96035994656912793,32.69077920859646,-41.800000000000004,-0.92714042352009085,occupied,occupied,1,
84.746820924847185,32.273892842358855,-43.600000000000001,0.91982941053059575,32.641379896120078,-41.800000000000004,-0.91730061608213764,occupied,occupied,1,
84.796819049286626,32.221226063454012,-43.600000000000001,0.93040899718842629,32.591947232137834,-41.800000000000004,-0.90737069170529427,occupied,occupied,1,
84.846817173726052,32.168520384263488,-43.600000000000001,0.94108544623414925,32.549999999999997,-41.763807798628839,-0.93431544360213792,occupied,occupied,1,
84.896815298165492,32.115775378792527,-43.600000000000001,0.95185902443572323,32.503458336254795,-41.75,-0.93832564260257734,occupied,occupied,1,
84.946813422604933,32.07355881046886,-43.550000000000004,0.91162533806080559,32.454013738809586,-41.75,-0.92814256917606697,occupied,occupied,1,
84.996811547044373,32.020824286717449,-43.550000000000004,0.92257521339045911,32.404534494613351,-41.75,-0.91786862537331027,occupied,occupied,1,
85.046809671483814,31.968049291953516,-43.550000000000004,0.93362285498639064,32.355020237256653,-41.75,-0.90750356992549086,occupied,occupied,1,
85.096807795923255,31.91523338967384,-43.550000000000004,0.9447685431600864,32.305470597454971,-41.75,-0.89704715835209559,occupied,occupied,1,
85.146805920362681,31.862376140184235,-43.550000000000004,0.9560125619215919,32.266816010312404,-41.700000000000003,-0.93768002362371983,occupied,occupied,1,
85.196804044802121,31.820498949951482,-43.5,0.9161547970196946,32.217285528174678,-41.700000000000003,-0.92705967467318728,occupied,occupied,1,
85.246802169241562,31.767648875197473,-43.5,0.92757663373001087,32.167718697235628,-41.700000000000003,-0.91634740551500093,occupied,occupied,1,
85.296800293681002,31.714756275596208,-43.5,0.93909748561256601,32.118115138231474,-41.700000000000003,-0.90554295958709774,occupied,occupied,1,
85.346798418120443,31.661820700164871,-43.5,0.95071765073251113,32.079770406859367,-41.649999999999999,-0.9459061805334622,occupied,occupied,1,
85.396796542559869,31.620229322551733,-43.450000000000003,0.91115704418547505,32.030183931675552,-41.649999999999999,-0.93493688125327767,occupied,occupied,1,
85.44679466699931,31.567298285647524,-43.450000000000003,0.92295626895705951,31.980559738899395,-41.649999999999999,-0.92387480852237469,occupied,occupied,1,
85.49679279143875,31.514323068086014,-43.450000000000003,0.93485553011190725,31.930897438731254,-41.649999999999999,-0.9127196933305578,occupied,occupied,1,
85.546790915878191,31.461303206955233,-43.450000000000003,0.94685514020078387,31.892860344584971,-41.600000000000001,-0.95281366331186312,occupied,occupied,1,
85.596789040317631,31.408238235770881,-43.450000000000003,0.95895541574825927,31.843213016078877,-41.600000000000001,-0.9414927049601135,occupied,occupied,1,
85.646787164757058,31.366976302848297,-43.399999999999999,0.9197719542825894,31.793526565919805,-41.600000000000001,-0.93007807394304398,occupied,occupied,1,
85.696785289196498,31.313912417379829,-43.399999999999999,0.93205306730047233,31.743800593195914,-41.600000000000001,-0.91856948841057229,occupied,occupied,1,
85.746783413635939,31.26080217900568,-43.399999999999999,0.94443561957593403,31.699999999999999,-41.575215268699431,-0.93245916744699708,occupied,occupied,1,
85.796781538075379,31.207645108471574,-43.399999999999999,0.95691994271212488,31.656355774845654,-41.550000000000004,-0.94671900995665004,occupied,occupied,1,
85.84677966251482,31.166661299309233,-43.350000000000001,0.91803460843057361,31.606602056370431,-41.550000000000004,-0.93494889654824265,occupied,occupied,1,
85.89677778695426,31.113502557220396,-43.350000000000001,0.93070121854206622,31.556807362101221,-41.550000000000004,-0.92308386879422522,occupied,occupied,1,
85.946775911393686,31.060295708732312,-43.350000000000001,0.94347041455382885,31.50697127588996,-41.550000000000004,-0.91112362789740453,occupied,occupied,1,
85.996774035833127,31.007040261128513,-43.350000000000001,0.95634254364568483,31.469594853486139,-41.5,-0.9506070495295339,occupied,occupied,1,
86.046772160272567,30.966331204580023,-43.300000000000004,0.9177558947837432,31.419768732020295,-41.5,-0.93847835532887292,occupied,occupied,1,
86.096770284712008,30.913071268631946,-43.300000000000004,0.93081185590038451,31.369900141187323,-41.5,-0.92625373766388663,occupied,occupied,1,
86.146768409151449,30.859761425985816,-43.300000000000004,0.94397160768873989,31.319988652343017,-41.5,-0.91393288390399097,occupied,occupied,1,
86.196766533590875,30.806401169745492,-43.300000000000004,0.95723551343520952,31.282912518194319,-41.450000000000003,-0.95314744953334563,occupied,occupied,1,
86.246764658030315,30.765963468235839,-43.25,0.91894824255950147,31.23300872668835,-41.450000000000003,-0.9406568965608918,occupied,occupied,1,
86.296762782469756,30.712595842580566,-43.25,0.93239762376185564,31.183060929527983,-41.450000000000003,-0.92806936009903584,occupied,occupied,1,
86.346760906909196,30.659176460380404,-43.25,0.94595206046796931,31.133068684923508,-41.450000000000003,-0.91538451320225467,occupied,occupied,1,
86.396759031348637,30.605704799814546,-43.25,0.95961193263445865,31.096290623481156,-41.399999999999999,-0.95433019041488953,occupied,occupied,1,
86.446757155788077,30.565535021676911,-43.200000000000003,0.92162486967982471,31.046303753575327,-41.399999999999999,-0.94147431543384319,occupied,occupied,1,
86.496755280227504,30.512053041422941,-43.200000000000003,0.93547196217176432,30.996271296554259,-41.399999999999999,-0.92852034430442287,occupied,occupied,1,
86.546753404666944,30.458517402384551,-43.200000000000003,0.94942543712032457,30.950000000000003,-41.385947690155191,-0.93002685719632339,occupied,occupied,1,
86.596751529106385,30.418570351141906,-43.149999999999999,0.91165784635872427,30.90971057872116,-41.350000000000001,-0.95414458775551059,occupied,occupied,1,
86.646749653545825,30.365022238641384,-43.149999999999999,0.9257998074086502,30.859635071484405,-41.350000000000001,-0.94091973617924463,occupied,occupied,1,
86.696747777985266,30.31141905904142,-43.149999999999999,0.94004913195969275,30.80951234794335,-41.350000000000001,-0.92759562131892326,occupied,occupied,1,
86.746745902424692,30.257760263071578,-43.149999999999999,0.954406230235058,30.759341937965154,-41.350000000000001,-0.91417188603116939,occupied,occupied,1,
86.796744026864133,30.218075243109329,-43.100000000000001,0.91694041496885481,30.723153313521049,-41.300000000000004,-0.95257927126363451,occupied,occupied,1,
86.846742151303573,30.164400894327862,-43.100000000000001,0.93148792683711368,30.672983449840313,-41.300000000000004,-0.93898159062944442,occupied,occupied,1,
86.896740275743014,30.110669479561249,-43.100000000000001,0.9461442417350695,30.622764690281635,-41.300000000000004,-0.92528342313545886,occupied,occupied,1,
86.946738400182454,30.071203102340917,-43.050000000000004,0.90889883872030408,30.586819219375812,-41.25,-0.96349534524474567,occupied,occupied,1,
86.99673652462188,30.017453885881025,-43.050000000000004,0.92374696875039874,30.536599241817427,-41.25,-0.94962216214461492,occupied,occupied,1,
87.046734649061321,29.963646123018673,-43.050000000000004,0.93870496730276998,30.486329132411459,-41.25,-0.93564759513256279,occupied,occupied,1,
87.096732773500761,29.909779234538561,-43.050000000000004,0.95377327684211299,30.436008394404318,-41.25,-0.92157125915467764,occupied,occupied,1,
87.146730897940202,29.870568855250632,-43,0.91683164758336499,30.400000000000006,-41.20119849250603,-0.95826413674159316,occupied,occupied,1,
87.196729022379643,29.816680940388316,-43,0.93209389327286307,30.350028224604809,-41.200000000000003,-0.94526044876838033,occupied,occupied,1,
87.246727146819083,29.76273237409055,-43,0.94746756683646449,30.299651799636099,-41.200000000000003,-0.93090472574244953,occupied,occupied,1,
87.296725271258509,29.723736458471979,-42.950000000000003,0.91074760200026883,30.250000000000004,-41.197412255677861,-0.91914778208314551,occupied,occupied,1,
87.34672339569795,29.669764509526285,-42.950000000000003,0.92631675727994722,30.213854798556621,-41.149999999999999,-0.95411783148327545,occupied,occupied,1,
87.39672152013739,29.615730349412942,-42.950000000000003,0.94199849589442453,30.163419531191398,-41.149999999999999,-0.93948056054950901,occupied,occupied,1,
87.446719644576831,29.561633366292888,-42.950000000000003,0.95779329473764085,30.112930529447812,-41.149999999999999,-0.92473919159630458,occupied,occupied,1,
87.496717769016271,29.522887229409655,-42.899999999999999,0.92137955461317855,30.062387262558957,-41.149999999999999,-0.90989330483953001,occupied,occupied,1,
87.546715893455698,29.468763476240813,-42.899999999999999,0.93737216200204565,30.027304215192007,-41.100000000000001,-0.94729432230443456,occupied,occupied,1,
87.596714017895138,29.41457529053152,-42.899999999999999,0.95347903996109962,29.976751798874751,-41.100000000000001,-0.93226813994743485,occupied,occupied,1,
87.646712142334579,29.376039310066925,-42.850000000000001,0.91728854492054135,29.926143756491381,-41.100000000000001,-0.91713640638598704,occupied,occupied,1,
87.696710266774019,29.321821877528279,-42.850000000000001,0.93359493033356822,29.891298329327956,-41.050000000000004,-0.95434135809206244,occupied,occupied,1,
87.74670839121346,29.267538365657103,-42.850000000000001,0.9500168378878161,29.840679169926833,-41.050000000000004,-0.93902799522730929,occupied,occupied,1,
87.796706515652886,29.229210762212769,-42.800000000000004,0.91405025927672301,29.790002990923977,-41.050000000000004,-0.92360801248733981,occupied,occupied,1,
87.846704640092327,29.174895472965424,-42.800000000000004,0.93067344045820866,29.75,-41.016726220074517,-0.94304227735636692,occupied,occupied,1,
87.896702764531767,29.120512418845681,-42.800000000000004,0.94741343778278198,29.70470488632623,-41,-0.94501379702996258,occupied,occupied,1,
87.946700888971208,29.082391386570642,-42.75,0.91167150762800453,29.653957131500707,-41,-0.92930307144077218,occupied,occupied,1,
87.996699013410648,29.027973968177371,-42.75,0.92861461392977129,29.603150352749882,-41,-0.91348415469527333,occupied,occupied,1,
88.046697137850089,28.97348705908556,-42.75,0.94567587406345144,29.568821022041114,-40.950000000000003,-0.95022035923845727,occupied,occupied,1,
88.096695262289515,28.935570762867243,-42.700000000000003,0.91015938662913132,29.517998170547482,-40.950000000000003,-0.93421630319578242,occupied,occupied,1,
88.146693386728955,28.88104684358775,-42.700000000000003,0.92742566227399004,29.467114817720741,-40.950000000000003,-0.91810289895294261,occupied,occupied,1,
88.196691511168396,28.826451665908916,-42.700000000000003,0.94481147443960867,29.433019471857627,-40.899999999999999,-0.95464226366864813,occupied,occupied,1,
88.246689635607837,28.788738238480292,-42.649999999999999,0.90952128788789244,29.382117917527609,-40.899999999999999,-0.93834219286665199,occupied,occupied,1,
88.296687760047277,28.734103342929853,-42.649999999999999,0.92711409538954248,29.331154347253005,-40.899999999999999,-0.92193157786011737,occupied,occupied,1,
88.346685884486703,28.679395378155078,-42.649999999999999,0.94482786834586763,29.297291941251935,-40.850000000000001,-0.95827385323574699,occupied,occupied,1,
88.396684008926144,28.641888103134441,-42.600000000000001,0.90976312295023765,29.246302620954779,-40.850000000000001,-0.94167332190872466,occupied,occupied,1,
88.446682133365584,28.58715349390129,-42.600000000000001,0.92768011059703592,29.195239498150144,-40.850000000000001,-0.92495816725521196,occupied,occupied,1,
88.496680257805025,28.532355319931686,-42.600000000000001,0.94571466647254554,29.150000000000006,-40.833129068781119,-0.92600054648133234,occupied,occupied,1,
88.546678382244465,28.495076357951088,-42.550000000000004,0.91086509790044978,29.110474084088992,-40.800000000000004,-0.94418594218866381,occupied,occupied,1,
88.596676506683892,28.440255016774032,-42.550000000000004,0.92909948884394855,29.059292746749083,-40.800000000000004,-0.9271622683262688,occupied,occupied,1,
88.646674631123332,28.38536978361158,-42.550000000000004,0.94745064736853635,29.008036792485083,-40.800000000000004,-0.9100245755993156,occupied,occupied,1,
88.696672755562773,28.348314535244139,-42.5,0.91281285655275279,28.974599983604961,-40.75,-0.94587847414971726,occupied,occupied,1,
88.746670880002213,28.293404618174524,-42.5,0.93136197452279001,28.923297552694507,-40.75,-0.9285479988248978,occupied,occupied,1,
88.796669004441654,28.238430539063081,-42.5,0.95002702060652566,28.871919893063161,-40.75,-0.91110402304178195,occupied,occupied,1,
88.846667128881094,28.200000000000003,-42.454379867427178,0.92025866771551357,28.83866905246299,-40.700000000000003,-0.94675683243647413,occupied,occupied,1,
88.896665253320521,28.146594264436196,-42.450000000000003,0.93445868113264907,28.787242806849843,-40.700000000000003,-0.92912135602613422,occupied,occupied,1,
88.946663377759961,28.091529696131584,-42.450000000000003,0.95343481004880626,28.735740783702351,-40.700000000000003,-0.91137293482708626,occupied,occupied,1,
88.996661502199402,28.050000000000004,-42.413260292720757,0.93334989460252671,28.700000000000003,-40.657214411858149,-0.93913432046966372,occupied,occupied,1,
89.046659626638842,27.999816267549896,-42.399999999999999,0.93838053536339938,28.651117792437358,-40.649999999999999,-0.92888850693359526,occupied,occupied,1,
89.096657751078283,27.950000000000003,-42.385728334344101,0.94242677099009231,28.600000000000001,-40.648634134355497,-0.91229591977368973,occupied,occupied,1,
89.146655875517709,27.908248561277716,-42.350000000000001,0.92364193080439161,28.566593586874689,-40.600000000000001,-0.94609553010510206,occupied,occupied,1,
89.196653999957149,27.85306329240051,-42.350000000000001,0.94311827535039638,28.514912194786184,-40.600000000000001,-0.92785579437615306,occupied,occupied,1,
89.24665212439659,27.800000000000001,-42.344248736113769,0.95655488723823712,28.463154119488625,-40.600000000000001,-0.90950434001828406,occupied,occupied,1,
89.296650248836031,27.76160813462236,-42.300000000000004,0.92888298312983097,28.430428504488955,-40.550000000000004,-0.94456856071871209,occupied,occupied,1,
89.346648373275471,27.706328363227097,-42.300000000000004,0.94866244917436837,28.378616110203708,-40.550000000000004,-0.92602974282273032,occupied,occupied,1,
89.396646497714897,27.650983931986421,-42.300000000000004,0.96855409124142977,28.326726677065761,-40.550000000000004,-0.90737987815284438,occupied,occupied,1,
89.446644622154338,27.614980253960908,-42.25,0.93492395570350439,28.294165513059752,-40.5,-0.94225281172602049,occupied,occupied,1,
89.496642746593778,27.559604869302152,-42.25,0.9550034136249832,28.242220053963361,-40.5,-0.92341706388532419,occupied,occupied,1,
89.546640871033219,27.523765773918687,-42.200000000000003,0.92148929593508899,28.199999999999999,-40.474994206666857,-0.93132956071461082,occupied,occupied,1,
89.596638995472659,27.468358527673498,-42.200000000000003,0.94175510516289762,28.157795384154053,-40.450000000000003,-0.9391550944675332,occupied,occupied,1,
89.6466371199121,27.412886569829595,-42.200000000000003,0.9621313332453505,28.105714967406296,-40.450000000000003,-0.92002466148215889,occupied,occupied,1,
89.696635244351526,27.37724168404894,-42.149999999999999,0.92880612873218482,28.053556997104923,-40.450000000000003,-0.9007846459149802,occupied,occupied,1,
89.746633368790967,27.321736937452844,-42.149999999999999,0.94936649539826612,28.021309320197584,-40.399999999999999,-0.93528241585792782,occupied,occupied,1,
89.796631493230407,27.28625115880936,-42.100000000000001,0.91615344206362059,27.969092224157414,-40.399999999999999,-0.91585963663578296,occupied,occupied,1,
89.846629617669848,27.230712804482614,-42.100000000000001,0.93689643917847598,27.936976375213177,-40.350000000000001,-0.95024643600111314,occupied,occupied,1,
89.896627742109288,27.175109841917269,-42.100000000000001,0.95774799706234315,27.884698960113376,-40.350000000000001,-0.93064198296358502,occupied,occupied,1,
89.946625866548715,27.139811069525432,-42.050000000000004,0.92471810205723692,27.832343635450272,-40.350000000000001,-0.91092929187942007,occupied,occupied,1,
89.996623990988155,27.084173721239342,-42.050000000000004,0.94574999675053817,27.800000000000001,-40.300912270174031,-0.94414818780653131,occupied,occupied,1,
90.046622115427596,27.049028676738843,-42,0.91282841612110899,27.747956384090816,-40.300000000000004,-0.92524120718054537,occupied,occupied,1,
90.096620239867036,26.99335621430528,-42,0.93403909581862865,27.700000000000003,-40.289010867941414,-0.91713060193562468,occupied,occupied,1,
90.146618364306477,26.937619402185202,-42,0.9553563774509517,27.663631908659802,-40.25,-0.93926605447513867,occupied,occupied,1,
90.196616488745917,26.900000000000002,-41.956369653048128,0.9295127878979057,27.61107411746735,-40.25,-0.91908770798419426,occupied,occupied,1,
90.246614613185344,26.846881791997092,-41.950000000000003,0.94410589807153944,27.558438380506455,-40.25,-0.89880288389545882,occupied,occupied,1,
90.296612737624784,26.800000000000001,-41.928699320357502,0.94259852736980387,27.526744842045638,-40.200000000000003,-0.93265063091408484,occupied,occupied,1,
90.346610862064225,26.756256255574353,-41.899999999999999,0.93313474029651555,27.474045133749907,-40.200000000000003,-0.91218931624003796,occupied,occupied,1,
90.396608986503665,26.700383386150001,-41.899999999999999,0.9549077906486001,27.442470036234297,-40.149999999999999,-0.94593218058341622,occupied,occupied,1,
90.446607110943106,26.650000000000006,-41.886960204329355,0.96261195224633078,27.389705402919958,-40.149999999999999,-0.92529557582087929,occupied,occupied,1,
90.496605235382532,26.609830222342048,-41.850000000000001,0.94438520034898987,27.336862856781973,-40.149999999999999,-0.90455407705864233,occupied,occupied,1,
90.546603359821972,26.553856965379246,-41.850000000000001,0.96643386338434267,27.300000000000001,-40.112610422213187,-0.92439980807259392,occupied,occupied,1,
90.596601484261413,26.519382945437268,-41.800000000000004,0.93413405805862992,27.252507293109446,-40.100000000000001,-0.9172090514566652,occupied,occupied,1,
90.646599608700853,26.463372448634228,-41.800000000000004,0.95635257547168973,27.200000000000003,-40.098894211911109,-0.89739526382595158,occupied,occupied,1,
90.696597733140294,26.429038843039471,-41.75,0.92415122282069861,27.168197484267555,-40.050000000000004,-0.92958972372554038,occupied,occupied,1,
90.74659585757972,26.37299061813852,-41.75,0.94653792788820168,27.115144667188101,-40.050000000000004,-0.90839943831063785,occupied,occupied,1,
90.796593982019161,26.338795252586522,-41.700000000000003,0.91443354786365738,27.083930108344681,-40,-0.94169843916359419,occupied,occupied,1,
90.846592106458601,26.282708846003793,-41.700000000000003,0.93698675919652819,27.03080982707154,-40,-0.92033795066831614,occupied,occupied,1,
90.896590230898042,26.226559786901053,-41.700000000000003,0.95964009925671401,26.999701907324248,-39.950000000000003,-0.9535375554247516,occupied,occupied,1,
90.946588355337482,26.192524554586068,-41.649999999999999,0.92769590217091247,26.946513425244508,-39.950000000000003,-0.93200816489911098,occupied,occupied,1,
90.996586479776923,26.136337136005231,-41.649999999999999,0.95051313602671472,26.893247614698229,-39.950000000000003,-0.91037736928391888,occupied,occupied,1,
91.046584604216349,26.100000000000005,-41.605448506816458,0.92463014049510905,26.850000000000005,-39.92741307959519,-0.91338588092844453,occupied,occupied,1,
91.09658272865579,26.046209076286431,-41.600000000000001,0.94164158799087139,26.808917713461138,-39.899999999999999,-0.92161482625299285,occupied,occupied,1,
91.14658085309523,26.000000000000004,-41.577617498650824,0.94017168195852097,26.755507122054116,-39.899999999999999,-0.8997173047072281,occupied,occupied,1,
91.196578977534671,25.956111134211003,-41.550000000000004,0.93304896856508468,26.72468138496307,-39.850000000000001,-0.93261451404400986,occupied,occupied,1,
91.246577101974111,25.900000000000002,-41.549169084856757,0.95544644801265799,26.671351567389234,-39.850000000000001,-0.91060789724279823,occupied,occupied,1,
91.296575226413538,25.865761290627116,-41.5,0.92486906209431363,26.640824687151625,-39.800000000000004,-0.94347867551560771,occupied,occupied,1,
91.346573350852978,25.809030692051401,-41.5,0.94844687981576958,26.587605781773725,-39.800000000000004,-0.92136037504664769,occupied,occupied,1,
91.396571475292419,25.775129345329212,-41.450000000000003,0.91714987960740324,26.550000000000004,-39.766068973908389,-0.93650818813429781,occupied,occupied,1,
91.446569599731859,25.71814795564493,-41.450000000000003,0.94101759843609889,26.504281867072876,-39.75,-0.93194970685702927,occupied,occupied,1,
91.4965677241713,25.684218842433111,-41.399999999999999,0.90992642373981636,26.451161530698162,-39.75,-0.90960678208062828,occupied,occupied,1,
91.546565848610726,25.62697727292726,-41.399999999999999,0.93410676196981612,26.421391850880397,-39.700000000000003,-0.94235121029187541,occupied,occupied,1,
91.596563973050166,25.593031857849724,-41.350000000000001,0.9032346562330128,26.368365794443982,-39.700000000000003,-0.91985138486179796,occupied,occupied,1,
91.646562097489607,25.535519796070819,-41.350000000000001,0.92775102109206886,26.338947626486004,-39.649999999999999,-0.95254051978281684,occupied,occupied,1,
91.696560221929047,25.499999999999996,-41.303300062018977,0.9007656006668403,26.28601086648203,-39.649999999999999,-0.92986657901858039,occupied,occupied,1,
91.746558346368488,25.44377505602381,-41.300000000000004,0.9219881252351374,26.250000000000004,-39.614552039181007,-0.94636234748627246,occupied,occupied,1,
91.796556470807928,25.400000000000006,-41.270418077827912,0.91425594743119121,26.204108129010642,-39.600000000000001,-0.9396282015585149,occupied,occupied,1,
91.846554595247355,25.35174086272481,-41.25,0.91685701228460248,26.151216534801261,-39.600000000000001,-0.91662638012507369,occupied,occupied,1,
91.896552719686795,25.299999999999997,-41.236509042187997,0.92734618287181059,26.122668642008353,-39.550000000000004,-0.94911230159453941,occupied,occupied,1,
91.946550844126236,25.259413195385182,-41.200000000000003,0.9123979065996819,26.06984667205278,-39.550000000000004,-0.92588999797444516,occupied,occupied,1,
91.996548968565676,25.200770872526004,-41.200000000000003,0.9383247732943375,26.041703067930406,-39.5,-0.95829510355702174,occupied,occupied,1,
92.046547093005117,25.166786082051104,-41.149999999999999,0.90865242609229158,25.988944259640014,-39.5,-0.93483450604916674,occupied,occupied,1,
92.096545217444543,25.107807595323038,-41.149999999999999,0.93503404897961229,25.950000000000003,-39.472353399503739,-0.94214099950474184,occupied,occupied,1,
92.146543341883984,25.073851467593794,-41.100000000000001,0.90566369918025769,25.908518941427786,-39.450000000000003,-0.94343602551725392,occupied,occupied,1,
92.196541466323424,25.014519932764401,-41.100000000000001,0.93252867283971042,25.855742242295754,-39.450000000000003,-0.91953908349461633,occupied,occupied,1,
92.246539590762865,24.980599069286818,-41.050000000000004,0.90347649248159168,25.828579724322811,-39.399999999999999,-0.95167072305556699,occupied,occupied,1,
92.296537715202305,24.920896125305223,-41.050000000000004,0.93085461256399438,25.775841304911843,-39.399999999999999,-0.92748638416738971,occupied,occupied,1,
92.346535839641732,24.887016218862339,-41,0.9021373502967035,25.749134878346307,-39.350000000000001,-0.95951476087510057,occupied,occupied,1,
92.396533964081172,24.826921918164409,-41,0.93005971555244582,25.696425898188284,-39.350000000000001,-0.9350239746012593,occupied,occupied,1,
92.446532088520613,24.793087690221128,-40.950000000000003,0.90169474686227435,25.650000000000002,-39.337984675938813,-0.92392627395739857,occupied,occupied,1,
92.496530212960053,24.732580380321654,-40.950000000000003,0.93019386957152406,25.617502623885962,-39.300000000000004,-0.94212751767877556,occupied,occupied,1,
92.546528337399494,24.698795511536314,-40.899999999999999,0.90219925262374234,25.564697594842023,-39.300000000000004,-0.91708258861833736,occupied,occupied,1,
92.596526461838934,24.637851707331386,-40.899999999999999,0.93130917813160397,25.539077029894639,-39.25,-0.94877249084696436,occupied,occupied,1,
92.64652458627836,24.599999999999998,-40.857470404854837,0.91223431586953285,25.486268682987525,-39.25,-0.92336729693445974,occupied,occupied,1,
92.696522710717801,24.550000000000004,-40.836908744396325,0.91847745376539947,25.450000000000003,-39.22003748134243,-0.93200158726411209,occupied,occupied,1,
92.746520835157241,24.509033342595025,-40.800000000000004,0.90626346040986372,25.408329461367135,-39.200000000000003,-0.9291475315040939,occupied,occupied,1,
92.796518959596682,24.449999999999999,-40.794958136955678,0.93090641346476166,25.383734981682117,-39.149999999999999,-0.96058725249174703,occupied,occupied,1,
92.846517084036122,24.413511747625407,-40.75,0.90993650294745354,25.330881766571832,-39.149999999999999,-0.93439745587393119,occupied,occupied,1,
92.896515208475549,24.351097092437278,-40.75,0.94110044695308426,25.300000000000004,-39.111779605817119,-0.95209335926372785,occupied,occupied,1,
92.946513332914989,24.317522788817637,-40.700000000000003,0.91478378820022743,25.253925821212711,-39.100000000000001,-0.93909070568513053,occupied,occupied,1,
92.99651145735443,24.254556451815141,-40.700000000000003,0.94671280338756458,25.200846062892637,-39.100000000000001,-0.91217504369552449,occupied,occupied,1,
93.04650958179387,24.221031317311013,-40.649999999999999,0.9208694470748533,25.177460050770318,-39.050000000000004,-0.94320027323782119,occupied,occupied,1,
93.096507706233311,24.187691636395357,-40.600000000000001,0.89518787902345576,25.124303309183333,-39.050000000000004,-0.91581776028380046,occupied,occupied,1,
93.146505830672751,24.123997913745885,-40.600000000000001,0.92826107770255317,25.100000000000001,-39.002423996536855,-0.94385781788438983,occupied,occupied,1,
93.196503955112178,24.090708288976639,-40.550000000000004,0.90308318632811957,25.050000000000001,-38.997131862315008,-0.92219488560376595,occupied,occupied,1,
93.246502079551618,24.026378554268966,-40.550000000000004,0.93703005199518097,25.025982539988561,-38.950000000000003,-0.94955631715585875,occupied,occupied,1,
93.296500203991059,23.99313211701261,-40.5,0.91238117238964844,24.972613125863806,-38.950000000000003,-0.9211626767451776,occupied,occupied,1,
93.346498328430499,23.950000000000006,-40.465780125265766,0.90663721824613741,24.950000000000006,-38.901496688038726,-0.94996792878509217,occupied,occupied,1,
93.39649645286994,23.89491216061888,-40.450000000000003,0.92315876710496747,24.897447901187494,-38.899999999999999,-0.92280383032691449,occupied,occupied,1,
93.446494577309366,23.850000000000001,-40.418190819962618,0.92098972738061935,24.850000000000001,-38.890324518911726,-0.9050374996581636,occupied,occupied,1,
93.496492701748807,23.795991939069168,-40.399999999999999,0.93549751520118518,24.822719440972424,-38.850000000000001,-0.92371451228908974,occupied,occupied,1,
93.546490826188247,23.750000000000004,-40.369407044037686,0.93554537594952614,24.800000000000004,-38.803395080550835,-0.94989713703885414,occupied,occupied,1,
93.596488950627688,23.700000000000006,-40.344562290847108,0.94291192094362164,24.748411502466151,-38.800000000000004,-0.923860520681274,occupied,occupied,1,
93.646487075067128,23.663341717385272,-40.300000000000004,0.92678882999418044,24.699999999999999,-38.791601076456878,-0.90349194285455758,occupied,occupied,1,
93.696485199506554,23.600000000000005,-40.293957141174516,0.95784801264782726,24.674504369550188,-38.75,-0.92320575956768725,occupied,occupied,1,
93.746483323945995,23.562822871530869,-40.25,0.94317029313107392,24.620073075752014,-38.75,-0.89198038033572791,occupied,occupied,1,
93.796481448385435,23.530069493152187,-40.200000000000003,0.92133919736763081,24.600000000000005,-38.70136499331479,-0.92003479309329994,occupied,occupied,1,
93.846479572824876,23.461377146232941,-40.200000000000003,0.96142431248653204,24.550000000000004,-38.694830590518976,-0.89616408890421007,occupied,occupied,1,
93.896477697264316,23.42859995142917,-40.149999999999999,0.94029280225419254,24.527794260054858,-38.649999999999999,-0.91933837841446364,occupied,occupied,1,
93.946475821703757,23.396048551244064,-40.100000000000001,0.91937886950114034,24.472759140126787,-38.649999999999999,-0.88666811001300871,occupied,occupied,1,
93.996473946143183,23.32620971773251,-40.100000000000001,0.96119202650674818,24.449999999999996,-38.606406957907254,-0.90795878974824062,occupied,occupied,1,
94.046472070582624,23.29388503895332,-40.050000000000004,0.94084810159382781,24.400000000000006,-38.598908842084796,-0.88374934870335931,occupied,occupied,1,
94.096470195022064,23.25,-40.0154668381671,0.94016186072400998,24.381530460050445,-38.550000000000004,-0.9113116702208558,occupied,occupied,1,
94.146468319461505,23.191277523591999,-40,0.96398035335111776,24.325182139447541,-38.550000000000004,-0.87673681065276587,occupied,occupied,1,
94.196466443900945,23.149999999999995,-39.962113565781436,0.95973393900836457,24.299999999999997,-38.509881448849988,-0.89269099103527849,occupied,occupied,1,
94.246464568340372,23.100000000000001,-39.93526798099515,0.96989756343438549,24.250759270035026,-38.5,-0.86973312636219069,occupied,occupied,1,
94.296462692779812,23.056743167129454,-39.899999999999999,0.96960801727826573,24.233663080524302,-38.450000000000003,-0.89791453480653871,occupied,occupied,1,
94.346460817219253,23,-39.881231661928034,0.99096171104934672,24.200000000000003,-38.420616261102374,-0.89938147184869699,occupied,occupied,1,
94.396458941658693,22.953357901434636,-39.850000000000001,0.99660320227710164,24.159004788918207,-38.399999999999999,-0.88915511131953173,occupied,occupied,1,
94.446457066098134,22.922488106384904,-39.800000000000004,0.97805623119790952,24.142512174205251,-38.350000000000001,-0.9169262821939449,occupied,occupied,1,
94.49645519053756,22.891967198552667,-39.75,0.95960797756720395,24.100000000000001,-38.330983746807291,-0.90397737765476216,occupied,occupied,1,
94.546453314977001,22.850000000000005,-39.713691040499455,0.95932428224840749,24.067532769336246,-38.300000000000004,-0.90639498988124356,occupied,occupied,1,
94.596451439416441,22.800000000000004,-39.68668221500684,0.97164594505796487,24.050000000000004,-38.251840087519334,-0.93131804062670365,occupied,occupied,1,
94.646449563855882,22.758403774881714,-39.649999999999999,0.97146683598694905,24,-38.240877563671603,-0.90661389358568001,occupied,occupied,1,
94.696447688295322,22.728743117505829,-39.600000000000001,0.95371472454375317,23.976220015400663,-38.200000000000003,-0.92143823209240339,occupied,occupied,1,
94.746445812734763,22.699412185853472,-39.550000000000004,0.93604971036231344,23.949999999999999,-38.162002066252604,-0.93224045580000725,occupied,occupied,1,
94.796443937174189,22.649999999999999,-39.52240218352231,0.94877293715809308,23.900192034046462,-38.149999999999999,-0.90769356545649116,occupied,occupied,1,
94.846442061613629,22.600000000000005,-39.495308467225513,0.96256469124653354,23.884947907449572,-38.100000000000001,-0.93426868139594255,occupied,occupied,1,
94.89644018605307,22.566817981525443,-39.450000000000003,0.95186184189172518,23.850000000000001,-38.07151491411755,-0.93142709625260345,occupied,occupied,1,
94.94643831049251,22.53827149268411,-39.399999999999999,0.93486037683248457,23.808385482523864,-38.050000000000004,-0.91870093782280704,occupied,occupied,1,
94.996436434931951,22.500000000000004,-39.360556017304795,0.93250156078616786,23.793602380790304,-38,-0.94486888635808708,occupied,occupied,1,
95.046434559371377,22.449999999999999,-39.333421229315945,0.94743239584651762,23.75,-37.980321001228958,-0.92896847476963429,occupied,occupied,1,
95.096432683810818,22.405951077953645,-39.300000000000004,0.95399150193946713,23.716431518496702,-37.950000000000003,-0.92745979560876568,occupied,occupied,1,
95.146430808250258,22.378131396088371,-39.25,0.93763223468057266,23.699999999999999,-37.902114696778767,-0.95025849220143255,occupied,occupied,1,
95.196428932689699,22.349999999999998,-39.200615160031937,0.92220884805784176,23.649999999999999,-37.888374581253522,-0.92494445813867443,occupied,occupied,1,
95.246427057129139,22.300000000000004,-39.173366689543698,0.9381776894310847,23.624223676917548,-37.850000000000001,-0.93395151057164427,occupied,occupied,1,
95.296425181568566,22.250000000000004,-39.145957020723785,0.95430513459436317,23.600000000000001,-37.810149454195518,-0.9448741236101299,occupied,occupied,1,
95.346423306008006,22.21876644158667,-39.100000000000001,0.94431702418024155,23.550000000000004,-37.795639935386731,-0.91942597451989017,occupied,occupied,1,
95.396421430447447,22.200000000000003,-39.04214361839631,0.91736274862042944,23.531659880007382,-37.75,-0.93815690004502517,occupied,occupied,1,
95.446419554886887,22.16532816791905,-39,0.91302907503856989,23.499999999999996,-37.717341721364917,-0.93806821011459796,occupied,occupied,1,
95.496417679326328,22.139147385574024,-38.950000000000003,0.8973872957732324,23.45206357345571,-37.700000000000003,-0.91541410438117454,occupied,occupied,1,
95.546415803765768,22.100000000000005,-38.912636615702532,0.90009859858013952,23.450000000000003,-37.638878287459669,-0.95596182036318156,occupied,occupied,1,
95.596413928205195,22.049999999999997,-38.885596310794426,0.91802680986021534,23.424445230243016,-37.600000000000001,-0.96395554002142336,occupied,occupied,1,
95.646412052644635,22.009224314514352,-38.850000000000001,0.92360292874280081,23.399999999999995,-37.559964147439203,-0.97335503289744729,occupied,occupied,1,
95.696410177084076,21.98426196385477,-38.800000000000004,0.90800967635937935,23.350000000000001,-37.543324428273657,-0.94791970698137029,occupied,occupied,1,
95.746408301523516,21.950000000000003,-38.758861430665455,0.90547009464141792,23.328692894629022,-37.5,-0.96148630530948265,occupied,occupied,1,
95.796406425962957,21.899999999999995,-38.732216416743725,0.92452595711494878,23.299999999999997,-37.463289568731021,-0.96496480645269833,occupied,occupied,1,
95.846404550402383,21.856215799533622,-38.700000000000003,0.93542583504484544,23.25,-37.44557184681554,-0.93973399520202683,occupied,occupied,1,
95.896402674841823,21.832445230843682,-38.649999999999999,0.91973486114084124,23.230661950809278,-37.399999999999999,-0.95576773709552243,occupied,occupied,1,
95.946400799281264,21.800000000000001,-38.608046597604137,0.91604637645977638,23.200000000000003,-37.36441308934711,-0.9565518994284834,occupied,occupied,1,
95.996398923720704,21.750000000000004,-38.58182633733086,0.93609412539173975,23.150000000000006,-37.345694187104066,-0.93153075472319402,occupied,occupied,1,
96.046397048160145,21.706443459883275,-38.550000000000004,0.94775516540797899,23.130269668686513,-37.300000000000004,-0.94691659320220523,occupied,occupied,1,
96.096395172599586,21.683840727332587,-38.5,0.93182441542626726,23.100000000000001,-37.263412002846273,-0.94824392382806988,occupied,occupied,1,
96.146393297039012,21.649999999999999,-38.460076987891775,0.93112234016834616,23.050000000000001,-37.243765934156308,-0.9234429941995439,occupied,occupied,1,
96.196391421478452,21.600000000000001,-38.434334874027904,0.95204591315112175,23.027476033202056,-37.200000000000003,-0.93508694030879047,occupied,occupied,1,
96.246389545917893,21.560077403593862,-38.399999999999999,0.95984395231040598,23,-37.160362181598494,-0.94017683822117359,occupied,occupied,1,
96.296387670357333,21.550000000000008,-38.34024112954576,0.9285451264889294,22.996488361547669,-37.100000000000001,-0.97684896385295295,occupied,occupied,1,
96.346385794796774,21.517495384384699,-38.300000000000004,0.92707611247394861,22.950000000000006,-37.076322889630518,-0.95692366040325649,occupied,occupied,1,
96.3963839192362,21.496697588210168,-38.25,0.91045818746551777,22.906267516722686,-37.050000000000004,-0.94072721204658571,occupied,occupied,1,
96.446382043675641,21.450000000000003,-38.22224779128765,0.92806535955050684,22.89011290625815,-37,-0.96080066165873146,occupied,occupied,1,
96.496380168115081,21.400000000000006,-38.197424825507085,0.95015927351744733,22.850000000000005,-36.970146119885733,-0.94950201767938769,occupied,occupied,1,
96.546378292554522,21.376923297980142,-38.149999999999999,0.93716565342982272,22.800000000000001,-36.948398505558053,-0.92535775616180793,occupied,occupied,1,
96.596376416993962,21.350000000000001,-38.106055381192583,0.92941254201414747,22.781309552605695,-36.899999999999999,-0.94227563123584523,occupied,occupied,1,
96.646374541433389,21.300000000000008,-38.081740686537685,0.95200314030136601,22.750000000000007,-36.862055108185643,-0.94276146514173231,occupied,occupied,1,
96.696372665872829,21.259029674696613,-38.050000000000004,0.96294263356254928,22.700000000000003,-36.839608384524595,-0.91892966317230518,occupied,occupied,1,
96.74637079031227,21.240045879283457,-38,0.94533346841736943,22.67017257563511,-36.800000000000004,-0.92155227195821376,occupied,occupied,1,
96.79636891475171,21.199999999999996,-37.96788320537398,0.95537629540149249,22.649999999999995,-36.752101564646324,-0.93687765106828436,occupied,occupied,1,
96.846367039191151,21.149999999999995,-37.944294598885151,0.97854029536051734,22.634630225473266,-36.700000000000003,-0.95856991193372942,occupied,occupied,1,
96.896365163630591,21.150000000000002,-37.878812231490549,0.93648283717799807,22.600000000000001,-36.664038736348495,-0.95512352898269237,occupied,occupied,1,
96.946363288070017,21.106171136413938,-37.850000000000001,0.95158262722952724,22.550000000000004,-36.641001288784224,-0.93158482975501977,occupied,occupied,1,
96.996361412509458,21.087581248686924,-37.800000000000004,0.93374252731497387,22.521511158795967,-36.600000000000001,-0.93605826076522536,occupied,occupied,1,
97.046359536948898,21.050000000000001,-37.765842212570931,0.94064967138743549,22.5,-36.553221776715532,-0.94957473895492728,occupied,occupied,1,
97.096357661388339,21,-37.74200054046581,0.96371935336584325,22.450000000000003,-36.530318258497061,-0.92590334771418659,occupied,occupied,1,
97.14635578582778,20.971652592810138,-37.700000000000003,0.95855025484350498,22.408915908115322,-36.5,-0.91380810762935671,occupied,occupied,1,
97.196353910267206,20.950000000000003,-37.652365053735181,0.94465356811014167,22.391474806587166,-36.450000000000003,-0.93245360530034338,occupied,occupied,1,
97.246352034706646,20.899999999999999,-37.628313000012149,0.96765624199340361,22.350000000000001,-36.420104564136672,-0.9197408080521523,occupied,occupied,1,
97.296350159146087,20.899999999999999,-37.562557145931287,0.92557691547608323,22.350000000000001,-36.355725806888223,-0.96093888909499525,occupied,occupied,1,
97.346348283585527,20.850000000000005,-37.538374503747221,0.94855269781987017,22.300000000000004,-36.333029450167928,-0.9370126545845705,occupied,occupied,1,
97.396346408024968,20.81698289804481,-37.5,0.94942829083531011,22.262465946780139,-36.300000000000004,-0.92924710533646482,occupied,occupied,1,
97.446344532464394,20.797920377668909,-37.450000000000003,0.93217534257772916,22.245452317748381,-36.25,-0.94807695898986499,occupied,occupied,1,
97.496342656903835,20.749999999999996,-37.423864563783752,0.95240599466968956,22.199999999999996,-36.223630691575273,-0.9298961457946292,occupied,occupied,1,
97.546340781343275,20.699999999999999,-37.399351859987455,0.97531211362419734,22.151256133787303,-36.200000000000003,-0.90739584299324694,occupied,occupied,1,
97.596338905782716,20.679979642904382,-37.350000000000001,0.95932653602791695,22.134481264970248,-36.149999999999999,-0.92629669478789012,occupied,occupied,1,
97.646337030222156,20.649999999999999,-37.308829289459283,0.95627303659284035,22.100000000000001,-36.114678162490478,-0.92215633765599203,occupied,occupied,1,
97.696335154661597,20.64144312920795,-37.25,0.92550269001200069,22.100000000000005,-36.051056789120182,-0.96257913243360838,occupied,occupied,1,
97.746333279101023,20.600000000000001,-37.21817114168703,0.9373307202086304,22.050000000000001,-36.028609811576523,-0.93818418458266228,occupied,occupied,1,
97.796331403540464,20.550000000000004,-37.193262594854559,0.9602139257893364,22.007518355591241,-36,-0.92346210186627353,occupied,occupied,1,
97.846329527979904,20.522323425040113,-37.149999999999999,0.95425002159079453,21.991238183433165,-35.950000000000003,-0.94251316010187869,occupied,occupied,1,
97.896327652419345,20.5,-37.102334877426948,0.94141030074289755,21.950000000000003,-35.920451188530308,-0.92924441193925178,occupied,occupied,1,
97.946325776858785,20.450000000000003,-37.077158060068065,0.96428917078563303,21.900000000000002,-35.898043024086924,-0.90461753316638849,occupied,occupied,1,
97.996323901298211,20.450000000000003,-37.011295788155017,0.92276620333539816,21.900000000000002,-35.835053218144559,-0.9443295584038891,occupied,occupied,1,
98.046322025737652,20.400000000000006,-36.985967009860438,0.94567131920530678,21.865695665082935,-35.800000000000004,-0.93974150856483551,occupied,occupied,1,
98.096320150177093,20.363021558556717,-36.950000000000003,0.95182652953531799,21.849961439050318,-35.75,-0.95892991967591745,occupied,occupied,1,
98.146318274616533,20.343384348568467,-36.899999999999999,0.9357407982510082,21.800000000000008,-35.727667314147475,-0.93404343590905403,occupied,occupied,1,
98.196316399055974,20.300000000000004,-36.869059969765267,0.9501745023566236,21.756645513937304,-35.700000000000003,-0.91758280687314353,occupied,occupied,1,
98.2463145234954,20.250000000000004,-36.843307002567833,0.97308610638437765,21.741191444894366,-35.649999999999999,-0.93679177654520007,occupied,occupied,1,
98.29631264793484,20.25,-36.777521029595235,0.93201995941657678,21.699999999999999,-35.620659373066914,-0.92292718062419787,occupied,occupied,1,
98.346310772374281,20.202018378592058,-36.75,0.95240171024666276,21.699999999999999,-35.558557131659114,-0.96162155152324869,occupied,occupied,1,
98.396308896813721,20.182219268993688,-36.700000000000003,0.93681300165945591,21.650000000000006,-35.536303286286106,-0.93630480451877951,occupied,occupied,1,
98.446307021253162,20.150000000000006,-36.659823090742414,0.93714079531100292,21.617718468246018,-35.5,-0.93352408751801541,occupied,occupied,1,
98.496305145692602,20.099999999999998,-36.633593732830988,0.96015059718618045,21.599999999999998,-35.452269830301027,-0.94917550452840771,occupied,occupied,1,
98.546303270132029,20.059188375676825,-36.600000000000001,0.97147157949218943,21.550000000000001,-35.42999555252301,-0.92363520017302037,occupied,occupied,1,
98.596301394571469,20.050000000000001,-36.541571282921019,0.94267159757702512,21.550000000000001,-35.368562748234766,-0.96152088808370195,occupied,occupied,1,
98.64629951901091,20.019270772739606,-36.5,0.9413155135927308,21.499999999999996,-35.346310919600505,-0.93579863815622288,occupied,occupied,1,
98.69629764345035,19.999338627184471,-36.450000000000003,0.92635532690874489,21.480913321476002,-35.300000000000004,-0.94916155511739186,occupied,occupied,1,
98.746295767889791,19.950000000000006,-36.422753925195963,0.94867264590198108,21.450000000000006,-35.262950142459651,-0.94741406478649914,occupied,occupied,1,
98.796293892329217,19.899999999999999,-36.395855915915611,0.97182432718519562,21.399999999999999,-35.240645248804057,-0.92145634017723332,occupied,occupied,1,
98.846292016768658,19.900000000000002,-36.330438163241475,0.93195952486105171,21.400000000000002,-35.179914825679433,-0.95846475298635614,occupied,occupied,1,
98.896290141208098,19.854396178220615,-36.299999999999997,0.9496720348953771,21.359969741413224,-35.149999999999999,-0.94486003244591921,occupied,occupied,1,
98.946288265647539,19.834321868264009,-36.25,0.93532762436629902,21.346326006975392,-35.100000000000001,-0.96431879417593913,occupied,occupied,1,
98.996286390086979,19.800000000000001,-36.210810796990017,0.9389759474578413,21.300000000000001,-35.074905045116807,-0.94258773127818241,occupied,occupied,1,
99.046284514526405,19.75,-36.183368664646935,0.96232516070928398,21.253339060845402,-35.049999999999997,-0.92037313213189997,occupied,occupied,1,
99.096282638965846,19.750000000000004,-36.118221920580403,0.92316413909679795,21.240025236417782,-35,-0.93978928727445088,occupied,occupied,1,
99.146280763405287,19.700000000000003,-36.090588543980815,0.94662643128298207,21.200000000000003,-34.970112677296505,-0.92566258695697912,occupied,occupied,1,
99.196278887844727,19.66717680013808,-36.050000000000004,0.94869197373262315,21.200000000000003,-34.910441077927558,-0.96131888982545066,occupied,occupied,1,
99.246277012284168,19.649999999999999,-35.99777063348953,0.93137584615788649,21.149999999999999,-34.888018723798659,-0.93451517452433464,occupied,occupied,1,
99.296275136723608,19.626832892867604,-35.950000000000003,0.92164972227167674,21.121043557392557,-34.850000000000001,-0.93379241101626309,occupied,occupied,1,
99.346273261163034,19.600000000000005,-35.90492067046133,0.91659611275757136,21.100000000000005,-34.806232492176122,-0.94273594825349594,occupied,occupied,1,
99.396271385602475,19.550000000000008,-35.876702450765507,0.94032301995162282,21.096207396644377,-34.75,-0.9728460070814704,occupied,occupied,1,
99.446269510041915,19.5,-35.848286757106258,0.96406346458231928,21.050000000000001,-34.724750013299911,-0.95031236442382605,occupied,occupied,1,
99.496267634481356,19.500000000000004,-35.783620898643761,0.92617793235088486,21.002976145214937,-34.700000000000003,-0.92670402424069998,occupied,occupied,1,
99.546265758920796,19.456967864300353,-35.75,0.94148896638901813,20.9910275793643,-34.649999999999999,-0.9461919413340214,occupied,occupied,1,
99.596263883360223,19.436695522818454,-35.700000000000003,0.9288963308659266,20.949999999999999,-34.620911364547275,-0.92973830881475616,occupied,occupied,1,
99.646262007799663,19.400000000000002,-35.661679930374731,0.93659613773269601,20.950000000000003,-34.562671379392782,-0.96348801701715214,occupied,occupied,1,
99.696260132239104,19.350000000000001,-35.632678055464481,0.96067972608407326,20.900000000000002,-34.539913783530906,-0.93579957884243037,occupied,occupied,1,
99.746258256678544,19.350000000000005,-35.568466007307414,0.92375082448321455,20.874217088901261,-34.5,-0.93766190322390763,occupied,occupied,1,
99.796256381117985,19.300000000000008,-35.539343051872088,0.9480471455414623,20.850000000000005,-34.459008651983844,-0.94129729515268645,occupied,occupied,1,
99.846254505557425,19.264514443061934,-35.5,0.95473337411448012,20.850000000000001,-34.401260345643593,-0.97425425656500442,occupied,occupied,1,
99.896252629996852,19.249999999999996,-35.446161089058251,0.93606756931045332,20.799999999999997,-34.37818031494551,-0.94624030504869305,occupied,occupied,1,
99.946250754436292,19.22445202033143,-35.399999999999999,0.93098517883413667,20.757180626190568,-34.350000000000001,-0.92690528597235955,occupied,occupied,1,
99.996248878875733,19.200000000000003,-35.353122927165259,0.92473555254421747,20.750000000000004,-34.297421883554492,-0.95063232962740307,occupied,occupied,1,
100.04624700331517,19.150000000000006,-35.32358376352493,0.94950321502303348,20.735435965407106,-34.25,-0.96522634752899994,occupied,occupied,1,
100.09624512775461,19.150000000000002,-35.260219464393721,0.91404587099638557,20.700000000000003,-34.21672655044312,-0.9544769309691411,occupied,occupied,1,
100.14624325219404,19.100000000000005,-35.230547936644932,0.93902316042624134,20.650000000000006,-34.19313293925503,-0.9261121903752717,occupied,occupied,1,
100.19624137663348,19.051068873870676,-35.200000000000003,0.9627667751110236,20.650000000000006,-34.136087583957256,-0.95777751625929075,occupied,occupied,1,
100.24623950107292,19.050000000000001,-35.137634498998516,0.92917949766161034,20.618631281327058,-34.100000000000001,-0.95158881615848256,occupied,occupied,1,
100.29623762551236,19.011649841485433,-35.100000000000001,0.94047291084258022,20.600000000000005,-34.055498322557696,-0.9605373416897558,occupied,occupied,1,
100.3462357499518,18.992098531967851,-35.049999999999997,0.92940754051749119,20.549999999999997,-34.031563352415937,-0.93184746330089485,occupied,occupied,1,
100.39623387439123,18.950000000000006,-35.014720935286867,0.94541214450605482,20.550000000000008,-33.974952169392488,-0.96275951614964173,occupied,occupied,1,
100.44623199883067,18.950000000000003,-34.95213960344293,0.91138265805183549,20.501305199633389,-33.950000000000003,-0.93546102975672707,occupied,occupied,1,
100.49623012327011,18.900000000000002,-34.921882466309704,0.9370347084597811,20.491345614543306,-33.899999999999999,-0.95416190741002549,occupied,occupied,1,
100.54622824770955,18.850000000000001,-34.891456424375491,0.96273846961889553,20.450000000000003,-33.870157281058212,-0.9354322129438214,occupied,occupied,1,
100.59622637214899,18.850000000000005,-34.829136958495255,0.92927941676970616,20.450000000000003,-33.813963092356616,-0.96560263193170892,occupied,occupied,1,
100.64622449658843,18.800000000000004,-34.798563029070351,0.95519029353268681,20.400000000000002,-33.789499237297584,-0.93642534815217482,occupied,occupied,1,
100.69622262102786,18.800000000000004,-34.736475918674032,0.92214220989215701,20.373689709038224,-33.75,-0.93517683605998358,occupied,occupied,1,
100.7462207454673,18.759230039518229,-34.700000000000003,0.93738462239128417,20.350000000000001,-33.708862581944352,-0.93688922329968072,occupied,occupied,1,
100.79621886990674,18.740134971067931,-34.649999999999999,0.92722263485447876,20.350000000000001,-33.653068675466848,-0.96632891638828911,occupied,occupied,1,
100.84621699434618,18.700000000000003,-34.613011416294455,0.94194265084942663,20.300000000000004,-33.628240915094928,-0.93682634507124629,occupied,occupied,1,
100.89621511878562,18.700000000000003,-34.55137371335789,0.90970673870982899,20.255274431112007,-33.600000000000001,-0.91347468356804107,occupied,occupied,1,
100.94621324322505,18.650000000000006,-34.520336496272463,0.93623576050572743,20.250000000000007,-33.547627875025007,-0.93623908895130381,occupied,occupied,1,
100.99621136766449,18.600000000000001,-34.48912529938184,0.96281875490929869,20.237119790999827,-33.5,-0.94990968058815062,occupied,occupied,1,
101.04620949210393,18.600000000000001,-34.427717828078421,0.93113550563491543,20.200000000000003,-33.467017133644866,-0.93512970174722998,occupied,occupied,1,
101.09620761654337,18.550000000000001,-34.39634447733583,0.95792420802557721,20.150000000000002,-33.441628098952194,-0.90526750598400463,occupied,occupied,1,
101.14620574098281,18.550000000000008,-34.335147245495413,0.92663861475898046,20.150000000000006,-33.386402392069286,-0.93350030395181582,occupied,occupied,1,
101.19620386542223,18.506123946498505,-34.299999999999997,0.94652473320785757,20.118366994043576,-33.350000000000001,-0.92479235493017953,occupied,occupied,1,
101.24620198986167,18.487390188569641,-34.25,0.93735435292173752,20.100000000000001,-33.305777376293243,-0.93135289195134163,occupied,occupied,1,
101.29620011430112,18.450000000000003,-34.210909210642725,0.94994133671722869,20.100000000000005,-33.250913673793299,-0.95900901118886805,occupied,occupied,1,
101.34619823874056,18.450000000000003,-34.150117984815232,0.9194426847551368,20.050000000000004,-33.225135832968434,-0.92868934008376036,occupied,occupied,1,
101.39619636318,18.399999999999999,-34.118238619603922,0.94684710809737749,20,-33.19916740171405,-0.89833361572172044,occupied,occupied,1,
101.44619448761944,18.399999999999995,-34.057643270333905,0.916737938871655,19.999999999999996,-33.144471525275229,-0.925511402551352,occupied,occupied,1,
101.49619261205886,18.350000000000001,-34.025588713722598,0.94434735459520536,19.982281321385962,-33.100000000000001,-0.93210056078005477,occupied,occupied,1,
101.5461907364983,18.350000000000001,-33.965184558048144,0.91462513760472874,19.950000000000003,-33.063778228883777,-0.92182071519289144,occupied,occupied,1,
101.59618886093774,18.300000000000008,-33.932951543746036,0.94243952971244571,19.950000000000006,-33.009425955317816,-0.94843315571131837,occupied,occupied,1,
101.64618698537718,18.250964976347838,-33.899999999999999,0.96920772128532851,19.900000000000002,-32.983049728000296,-0.91761879711847805,occupied,occupied,1,
101.69618510981662,18.250000000000007,-33.840319200728821,0.94112124435962641,19.900000000000006,-32.928860352265083,-0.94388730534057286,occupied,occupied,1,
101.74618323425605,18.214070438725678,-33.799999999999997,0.95314950274709465,19.854154536193779,-32.899999999999999,-0.91764600899857962,occupied,occupied,1,
101.79618135869549,18.200000000000006,-33.747683811077387,0.94039026444783003,19.846788897311345,-32.850000000000001,-0.93517628915092366,occupied,occupied,1,
101.84617948313493,18.177516305478139,-33.700000000000003,0.93738284434125574,19.800000000000008,-32.821462269091718,-0.90768677050226176,occupied,occupied,1,
101.89617760757437,18.150000000000002,-33.655037531710121,0.9402445086496749,19.800000000000004,-32.767587483944077,-0.93327292849361365,occupied,occupied,1,
101.94617573201381,18.141299969181695,-33.600000000000001,0.92191033179484938,19.749999999999996,-32.740590887662513,-0.90195912941215195,occupied,occupied,1,
101.99617385645324,18.100000000000005,-33.562372545327584,0.94068204632460217,19.750000000000007,-32.686867841232718,-0.92720673165235057,occupied,occupied,1,
102.04617198089268,18.100000000000001,-33.502855659201749,0.91285984634900919,19.718329204824229,-32.649999999999999,-0.91644389841823692,occupied,occupied,1,
102.09617010533212,18.050000000000004,-33.469681055786602,0.94170109560352422,19.700000000000003,-32.606084462289537,-0.92063589761218712,occupied,occupied,1,
102.14616822977156,18.050000000000001,-33.410328152678893,0.91425256907508201,19.699999999999999,-32.552672142895823,-0.9453371252169207,occupied,occupied,1,
102.196166354211,18.000000000000007,-33.37695528357338,0.94330002162833204,19.650000000000006,-32.525231134678556,-0.91356131563156484,occupied,occupied,1,
102.24616447865044,17.949999999999999,-33.34339227775007,0.97240967694251368,19.649999999999999,-32.47196113057133,-0.93792857694689757,occupied,occupied,1,
102.29616260308987,17.949999999999999,-33.284187461370514,0.94547733494233344,19.599999999999998,-32.444301630126574,-0.90598376632993671,occupied,occupied,1,
102.34616072752931,17.900833729795629,-33.25,0.97386024006522254,19.600000000000005,-32.391170314581537,-0.93001854871210476,occupied,occupied,1,
102.39615885196875,17.900000000000002,-33.191369829712407,0.94823169002689867,19.576480537357707,-32.350000000000001,-0.92753220302826611,occupied,occupied,1,
102.44615697640819,17.86484522363499,-33.149999999999999,0.96117053576591693,19.550000000000001,-32.310293459163539,-0.92160764953083663,occupied,occupied,1,
102.49615510084763,17.850000000000001,-33.098494632725242,0.95156188398130748,19.550000000000001,-32.257452545327922,-0.94510671985375183,occupied,occupied,1,
102.54615322528706,17.850000000000001,-33.039753788854007,0.92558976295642148,19.5,-32.229324303813591,-0.91269638185968915,occupied,occupied,1,
102.5961513497265,17.811390425324429,-33,0.94279444551538372,19.5,-32.176612836775199,-0.93586697055974155,occupied,occupied,1,
102.64614947416594,17.800000000000008,-32.946955435709796,0.92985966789704932,19.450000000000006,-32.148256559972602,-0.90328514201401178,occupied,occupied,1,
102.69614759860538,17.776098256011164,-32.899999999999999,0.93099083173910646,19.449999999999999,-32.095670956127897,-0.9261285126609986,occupied,occupied,1,
102.74614572304482,17.75,-32.854079698987704,0.93470192000463181,19.435817787236768,-32.050000000000004,-0.9330576400265892,occupied,occupied,1,
102.79614384748426,17.741075114240591,-32.800000000000004,0.91955185774213755,19.400000000000002,-32.014620588023732,-0.91589157569515489,occupied,occupied,1,
102.84614197192369,17.700000000000003,-32.761118824177935,0.94011581499880037,19.400000000000006,-31.962305482709898,-0.93820863900464202,occupied,occupied,1,
102.89614009636313,17.699999999999996,-32.702945097608065,0.91545197261796141,19.349999999999998,-31.933455380603117,-0.90515628414029925,occupied,occupied,1,
102.94613822080257,17.649999999999999,-32.668065041785454,0.94610078646484963,19.349999999999998,-31.881257010086337,-0.92714956486202038,occupied,occupied,1,
102.99613634524201,17.649999999999995,-32.610018311038587,0.92179639173682004,19.304722250915958,-31.850000000000001,-0.89911919136700325,occupied,occupied,1,
103.04613446968145,17.600000000000001,-32.574910563474475,0.95265640526992701,19.300000000000004,-31.80008374059463,-0.91559320478063599,occupied,occupied,1,
103.09613259412087,17.600000000000001,-32.516986581849103,0.92871021938759302,19.295891218926585,-31.75,-0.93255694122338806,occupied,occupied,1,
103.14613071856031,17.549999999999997,-32.481647578274348,0.95978237910270658,19.249999999999996,-31.718779237590116,-0.90353941415210115,occupied,occupied,1,
103.19612884299976,17.550000000000001,-32.423842106398396,0.93619323772622731,19.25,-31.666944907948025,-0.9246918659333242,occupied,occupied,1,
103.2461269674392,17.550000000000001,-32.366182036131029,0.91281777284913612,19.200000000000003,-31.637337016700002,-0.89098794350432209,occupied,occupied,1,
103.29612509187864,17.499999999999996,-32.330577052514826,0.94424536480279053,19.199999999999996,-31.58560677664877,-0.91182055857491784,occupied,occupied,1,
103.34612321631806,17.500000000000004,-32.273028997039667,0.92122480646460891,19.200000000000003,-31.534014832048864,-0.93245853651958432,occupied,occupied,1,
103.3961213407575,17.450000000000003,-32.237183555848993,0.95286665440505613,19.159556335628892,-31.5,-0.90885901273901692,occupied,occupied,1,
103.44611946519694,17.450000000000003,-32.179743294368734,0.93020002448175432,19.150000000000002,-31.452627467301536,-0.918771967185945,occupied,occupied,1,
103.49611758963638,17.449999999999996,-32.1224427375451,0.90774426241740036,19.149999999999999,-31.401269460684233,-0.93889887995154275,occupied,occupied,1,
103.54611571407582,17.400000000000002,-32.086317027782528,0.93974368886227932,19.100000000000001,-31.371082102079939,-0.90458843929273236,occupied,occupied,1,
103.59611383851527,17.400000000000006,-32.029117811555977,0.91763999975589283,19.100000000000005,-31.319817196594176,-0.92439891470416669,occupied,occupied,1,
103.64611196295469,17.350000000000001,-31.992742255586403,0.94985619697552182,19.100000000000001,-31.268684709984257,-0.94401796181734843,occupied,occupied,1,
103.69611008739413,17.350000000000005,-31.935640164088685,0.92810378517128522,19.050000000000004,-31.238196678152708,-0.90940197429575009,occupied,occupied,1,
103.74610821183357,17.350000000000001,-31.87867215725278,0.9065596771910488,19.050000000000001,-31.187151801187056,-0.92870608090865037,occupied,occupied,1,
103.79610633627301,17.300000000000001,-31.842001803242407,0.93913622316675971,19.050000000000001,-31.136236435025999,-0.94782025618660337,occupied,occupied,1,
103.84610446071245,17.300000000000001,-31.785124488386181,0.91794181333635128,19.013607053048027,-31.100000000000001,-0.92755126355187545,occupied,occupied,1,
103.89610258515188,17.25,-31.748194686898287,0.95073805404129386,19,-31.05460703833387,-0.93169755607691485,occupied,occupied,1,
103.94610070959132,17.250000000000004,-31.691403839993832,0.92989272645034471,19.000000000000004,-31.003900401052363,-0.95030965057090278,occupied,occupied,1,
103.99609883403076,17.25,-31.634741515833994,0.90925337584002108,18.950000000000003,-30.972788595994178,-0.9150770953423395,occupied,occupied,1,
104.0460969584702,17.199999999999996,-31.597502106036611,0.94241336401917408,18.949999999999996,-30.922158557448494,-0.93337684509793006,occupied,occupied,1,
104.09609508290964,17.199999999999999,-31.540919817670993,0.92212178814404944,18.899999999999999,-30.890774185618881,-0.8979576999213601,occupied,occupied,1,
104.14609320734907,17.159001080873601,-31.5,0.9458790528679818,18.900000000000002,-30.840217108046932,-0.9159455094668425,occupied,occupied,1,
104.19609133178851,17.150000000000002,-31.446904624340497,0.93556057134628701,18.872787848914889,-30.800000000000001,-0.90467951227375498,occupied,occupied,1,
104.24608945622795,17.149999999999999,-31.390521127820548,0.91582021357081556,18.849999999999998,-30.758069031395241,-0.89801430321200415,occupied,occupied,1,
104.29608758066739,17.10729234526686,-31.350000000000001,0.94179914587877422,18.850000000000005,-30.707701198720969,-0.91550473878576388,occupied,occupied,1,
104.34608570510683,17.100000000000005,-31.296373537484154,0.93017695809601852,18.850000000000005,-30.657452333251438,-0.93280997294192791,occupied,occupied,1,
104.39608382954627,17.099999999999998,-31.240179071065331,0.91098552801300658,18.799999999999997,-30.625403107292232,-0.8967615465616251,occupied,occupied,1,
104.4460819539857,17.055616409592325,-31.199999999999999,0.93914074379292156,18.800000000000008,-30.575216056811445,-0.91375674018988906,occupied,occupied,1,
104.49608007842514,17.050000000000004,-31.145880030932169,0.92626052568561967,18.800000000000004,-30.525145101155868,-0.93056791362814373,occupied,occupied,1,
104.54607820286458,17.021144854700481,-31.099999999999998,0.93819932144678331,18.75,-30.492751429481778,-0.89420100048754747,occupied,occupied,1,
104.59607632730402,17,-31.051353967995862,0.94210984463851133,18.75,-30.442736664203011,-0.91070288806711208,occupied,occupied,1,
104.64607445174346,17.000000000000007,-30.995395150388674,0.92380999306166012,18.750000000000007,-30.392835120141424,-0.92702187127706692,occupied,occupied,1,
104.69607257618289,16.969340494638747,-30.949999999999999,0.93810217223011239,18.729598117157646,-30.349999999999998,-0.92160395983373744,occupied,occupied,1,
104.74607070062233,16.949999999999999,-30.900685627938053,0.94058013880186175,18.699999999999999,-30.310237769700294,-0.90634397260541488,occupied,occupied,1,
104.79606882506177,16.949999999999999,-30.844889772875121,0.92282479619215529,18.699999999999999,-30.260497092003373,-0.92217244105685237,occupied,occupied,1,
104.84606694950121,16.917331391930446,-30.800000000000001,0.93967517164892667,18.700000000000006,-30.210865792383292,-0.93781956357160801,occupied,occupied,1,
104.89606507394065,16.899999999999999,-30.749977315867358,0.94051733462118159,18.649999999999999,-30.177693863277788,-0.90068019690764234,occupied,occupied,1,
104.94606319838007,16.899999999999999,-30.694334578408188,0.92330508883072948,18.649999999999999,-30.128105450537848,-0.91601963107296469,occupied,occupied,1,
104.99606132281951,16.865005753564343,-30.649999999999999,0.94303462496897017,18.649999999999999,-30.078623530471603,-0.93117868459297271,occupied,occupied,1,
105.04605944725895,16.850000000000001,-30.599199529702361,0.94192206777021048,18.600000000000001,-30.04507915073345,-0.89371117293683455,occupied,occupied,1,
105.0960575716984,16.850000000000005,-30.543700022254857,0.92525174452004966,18.600000000000005,-29.995634336350552,-0.90856285790456881,occupied,occupied,1,
105.14605569613784,16.850000000000001,-30.488303719598832,0.90877899035277543,18.600000000000001,-29.946293117089251,-0.92323506342323103,occupied,occupied,1,
105.19605382057728,16.799999999999997,-30.448322525062128,0.94479569692587828,18.59038244895055,-29.900000000000002,-0.92766976470503892,occupied,occupied,1,
105.2460519450167,16.800000000000004,-30.392961570831563,0.92866783803739839,18.550000000000004,-29.863052472592301,-0.899802465904327,occupied,occupied,1,
105.29605006945614,16.800000000000004,-30.337734136812493,0.91274530239760632,18.550000000000004,-29.813804090452667,-0.91400117521733881,occupied,occupied,1,
105.34604819389558,16.750000000000007,-30.297442469781171,0.94917076463335681,18.550000000000008,-29.764615390221927,-0.92803585604312977,occupied,occupied,1,
105.39604631833502,16.749999999999996,-30.242315535497106,0.93360466504400397,18.549999999999997,-29.7154836892928,-0.94190907635461263,occupied,occupied,1,
105.44604444277446,16.750000000000004,-30.187319811753973,0.9182365030299382,18.500000000000004,-29.68087617440127,-0.90357170801068543,occupied,occupied,1,
105.49604256721389,16.750000000000007,-30.132452398235305,0.90306306250500556,18.500000000000007,-29.631688353979651,-0.91717445716633583,occupied,occupied,1,
105.54604069165333,16.699999999999999,-30.091857832648234,0.94004412132544157,18.5,-29.582551905784701,-0.93062221106478882,occupied,occupied,1,
105.59603881609277,16.700000000000003,-30.037080493444218,0.92520782821913317,18.450000000000003,-29.547453676266638,-0.8919972840616589,occupied,occupied,1,
105.64603694053221,16.700000000000003,-29.98242516730631,0.91055785287097524,18.450000000000003,-29.498256597337353,-0.90518420043554682,occupied,occupied,1,
105.69603506497165,16.649999999999995,-29.94156867452612,0.94792864679197564,18.449999999999996,-29.449105651817955,-0.91822242660344011,occupied,occupied,1,
105.74603318941109,16.649999999999999,-29.886997521527249,0.93360226360150289,18.449999999999999,-29.399998482543253,-0.93111435400325615,occupied,occupied,1,
105.79603131385052,16.649999999999995,-29.832542476048246,0.91945402545326493,18.449999999999996,-29.350932778486069,-0.94386234617715015,occupied,occupied,1,
105.84602943828996,16.650000000000002,-29.778200965566104,0.90548094647724953,18.400000000000002,-29.315136682121448,-0.90474791491075501,occupied,occupied,1,
105.8960275627294,16.600000000000005,-29.737055289811725,0.94336385201200967,18.400000000000006,-29.266001573647607,-0.91725206845949514,occupied,occupied,1,
105.94602568716884,16.600000000000001,-29.682789783677176,0.92969612349677233,18.399999999999999,-29.216903314790297,-0.92961832056369476,occupied,occupied,1,
105.99602381160828,16.600000000000005,-29.628632412860927,0.91619568719648936,18.400000000000002,-29.167839763378673,-0.94184894784780149,occupied,occupied,1,
106.04602193604771,16.600000000000001,-29.574580779877579,0.90285967854959026,18.350000000000001,-29.131469151989396,-0.90236826128784586,occupied,occupied,1,
106.09602006048715,16.550000000000004,-29.533155423319791,0.9412296432737649,18.350000000000005,-29.082331317901971,-0.91436793541235173,occupied,occupied,1,
106.14601818492659,16.550000000000004,-29.479172824578008,0.92818129337242428,18.350000000000005,-29.03322403199299,-0.92623784091411354,occupied,occupied,1,
106.19601630936603,16.550000000000004,-29.425291041147322,0.91528978641842229,18.350000000000005,-28.984145309711913,-0.9379801767449798,occupied,occupied,1,
106.24601443380547,16.550000000000004,-29.371507840664545,0.90255237016653522,18.300000000000004,-28.947215834905606,-0.89814852286121771,occupied,occupied,1,
106.2960125582449,16.5,-29.329814232952007,0.94138457715742907,18.300000000000001,-28.898059015883419,-0.9096725714649323,occupied,occupied,1,
106.34601068268434,16.5,-29.276094222472384,0.92891763070589217,18.300000000000001,-28.848927025160155,-0.92107475156479812,occupied,occupied,1,
106.39600880712378,16.5,-29.222468321017821,0.91659745031347162,18.300000000000001,-28.799818024715826,-0.93235719298207531,occupied,occupied,1,
106.44600693156322,16.5,-29.168934451472467,0.90442138750891443,18.300000000000001,-28.750730213370211,-0.94352200577094691,occupied,occupied,1,
106.49600505600266,16.450000000000006,-29.126985818946206,0.94369121390891031,18.250000000000007,-28.713157069114679,-0.90326688907748931,occupied,occupied,1,
106.5460031804421,16.450000000000003,-29.07351034936125,0.93176889107690231,18.250000000000004,-28.663986787634645,-0.91422936125413545,occupied,occupied,1,
106.59600130488153,16.449999999999999,-29.020122858158807,0.91998360042187866,18.25,-28.614834450953907,-0.92507972993149545,occupied,occupied,1,
106.64599942932097,16.450000000000006,-28.966821413701606,0.90833278916949078,18.250000000000007,-28.565698390776639,-0.93582004601539881,occupied,occupied,1,
106.69599755376041,16.449999999999999,-28.913604121018942,0.89681393068497806,18.25,-28.516576972173649,-0.94645234332977191,occupied,occupied,1,
106.74599567819985,16.400000000000006,-28.871385802503688,0.93660238952012409,18.200000000000006,-28.478385274222319,-0.90580077353334698,occupied,occupied,1,
106.79599380263929,16.400000000000002,-28.818221338007213,0.92531662116772095,18.200000000000003,-28.42917843004615,-0.9162464063268041,occupied,occupied,1,
106.84599192707871,16.400000000000002,-28.765137463673078,0.91415600188797885,18.200000000000003,-28.37998342559483,-0.92658939958610287,occupied,occupied,1,
106.89599005151815,16.399999999999999,-28.712132417931358,0.90311809105829288,18.199999999999999,-28.330798745586435,-0.93683173697073829,occupied,occupied,1,
106.94598817595759,16.399999999999995,-28.659204472776462,0.89220047155589943,18.199999999999996,-28.281622904734839,-0.94697538749748955,occupied,occupied,1,
106.99598630039704,16.349999999999998,-28.616737974405684,0.93246805629232221,18.149999999999995,-28.242840488340011,-0.90595499896080167,occupied,occupied,1,
107.04598442483648,16.350000000000009,-28.563858724867828,0.92176352405933404,18.150000000000006,-28.193577533886749,-0.91592746204098507,occupied,occupied,1,
107.0959825492759,16.350000000000005,-28.511053463514255,0.91117273152988065,18.150000000000002,-28.144321012453826,-0.92580649825492811,occupied,occupied,1,
107.14598067371534,16.350000000000001,-28.458320583973713,0.90069333864451773,18.150000000000002,-28.095069545641859,-0.9355940345215592,occupied,occupied,1,
107.19597879815478,16.300000000000001,-28.415653975097239,0.94131233227418276,18.129099429891379,-28.050000000000001,-0.92397787408336185,occupied,occupied,1,
107.24597692259422,16.300000000000004,-28.362968177523054,0.93103065600728174,18.100000000000005,-28.006478875929442,-0.9039310934988769,occupied,occupied,1,
107.29597504703366,16.300000000000004,-28.310351975260208,0.92085400321947586,18.100000000000001,-27.957143434466595,-0.91347319586185283,occupied,occupied,1,
107.3459731714731,16.299999999999997,-28.25780387450574,0.91078010445943658,18.099999999999998,-27.907809640821966,-0.92293087702371268,occupied,occupied,1,
107.39597129591253,16.299999999999997,-28.205322409660688,0.90080670954307951,18.099999999999998,-27.858476237978454,-0.93230601661715984,occupied,occupied,1,
107.44596942035197,16.25,-28.162455146900705,0.9418352557041656,18.100000000000001,-27.809141992529668,-0.94160048385575246,occupied,occupied,1,
107.49596754479141,16.25,-28.110018884068115,0.93204054231750766,18.100000000000001,-27.759805694046047,-0.95081613795994491,occupied,occupied,1,
107.54596566923085,16.250000000000007,-28.057646847000562,0.92234016246134332,18.050000000000008,-27.719849416407609,-0.90908199097985665,occupied,occupied,1,
107.59596379367029,16.250000000000004,-28.005337671586439,0.91273192885957188,18.050000000000004,-27.67042532802925,-0.91816027929113442,occupied,occupied,1,
107.64596191810972,16.249999999999996,-27.953090019058362,0.90321367137225794,18.049999999999997,-27.620997499781303,-0.92716482537637512,occupied,occupied,1,
107.69596004254916,16.199999999999999,-27.910050846898596,0.94461325593482337,18.050000000000001,-27.571564801787648,-0.93609746151612205,occupied,occupied,1,
107.7459581669886,16.199999999999999,-27.857847604329958,0.93525511213193935,18.049999999999997,-27.522126124168828,-0.94496001179446321,occupied,occupied,1,
107.79595629142804,16.200000000000006,-27.805703812450275,0.92598095720778772,18.000000000000007,-27.481681009842816,-0.90295063708697676,occupied,occupied,1,
107.84595441586748,16.200000000000003,-27.753618223303949,0.91678867686747068,18,-27.432155993285523,-0.91169101001133646,occupied,occupied,1,
107.89595254030691,16.199999999999999,-27.701589611515619,0.90767617198336648,18,-27.382623569869473,-0.92036631541221148,occupied,occupied,1,
107.94595066474635,16.197820748692639,-27.649999999999999,0.90085404853821927,17.999999999999996,-27.333082699173069,-0.92897835619347613,occupied,occupied,1,
107.99594878918579,16.150000000000002,-27.606425366082043,0.94043802912707952,18.000000000000004,-27.283532357912758,-0.9375289287091364,occupied,occupied,1,
108.04594691362523,16.150000000000002,-27.554496551568811,0.93154143645365384,18.000000000000004,-27.233971539362379,-0.9460198231195005,occupied,occupied,1,
108.09594503806467,16.150000000000006,-27.502621798527624,0.92271674468386178,17.950000000000003,-27.192999862115649,-0.90371851108281898,occupied,occupied,1,
108.14594316250411,16.150000000000002,-27.450799982031636,0.91396191740508903,17.950000000000003,-27.14335467034131,-0.91210561137919977,occupied,occupied,1,
108.19594128694354,16.150000000000002,-27.39902999650716,0.90527493116041935,17.950000000000003,-27.093697837769586,-0.92043800551920729,occupied,occupied,1,
108.24593941138298,16.134039161070401,-27.349999999999998,0.91283958418844269,17.949999999999996,-27.04402841438306,-0.92871746888670637,occupied,occupied,1,
108.29593753582242,16.100000000000005,-27.304010515425915,0.93879206774304458,17.950000000000003,-26.994345463970337,-0.93694577217302111,occupied,occupied,1,
108.34593566026186,16.100000000000001,-27.252336143275596,0.93028779409708107,17.950000000000003,-26.944648063604994,-0.94512468169894559,occupied,occupied,1,
108.3959337847013,16.099999999999998,-27.200711111291714,0.92184372957913485,17.919357650133275,-26.900000000000002,-0.92219787286718069,occupied,occupied,1,
108.44593190914073,16.099999999999998,-27.149134399319689,0.91345790415571992,17.899999999999999,-26.853420557751608,-0.9106711143336389,occupied,occupied,1,
108.49593003358017,16.100000000000001,-27.097605003473532,0.90512835873199626,17.900000000000002,-26.803626198978691,-0.91872019240711023,occupied,occupied,1,
108.54592815801961,16.076119180181763,-27.050000000000001,0.92104679972271275,17.900000000000002,-26.753815559429761,-0.92672658133264652,occupied,occupied,1,
108.59592628245905,16.050000000000001,-27.002759124234952,0.93927816740245584,17.900000000000002,-26.703987771409306,-0.93469203547411794,occupied,occupied,1,
108.64592440689849,16.050000000000001,-26.951322821548796,0.93109897583166157,17.900000000000002,-26.654141977358655,-0.94261830651206724,occupied,occupied,1,
108.69592253133791,16.050000000000004,-26.899931702402291,0.92296863894155534,17.900000000000002,-26.604277329323352,-0.95050714374705425,occupied,occupied,1,
108.74592065577735,16.050000000000001,-26.848584833879581,0.91488524261123394,17.850000000000001,-26.562344119382082,-0.90773203664298219,occupied,occupied,1,
108.79591878021679,16.050000000000004,-26.797281296347077,0.90684688180389839,17.850000000000005,-26.512401453302687,-0.91555716916092522,occupied,occupied,1,
108.84591690465624,16.02473853941218,-26.75,0.92442469945688588,17.850000000000001,-26.462439165225682,-0.92334980875652262,occupied,occupied,1,
108.89591502909568,16,-26.702643492427359,0.94150906207345886,17.850000000000001,-26.412456438192088,-0.93111170210858618,occupied,occupied,1,
108.94591315353512,16,-26.651431917429615,0.93358941617741353,17.849999999999998,-26.362452462357137,-0.93884459479706861,occupied,occupied,1,
108.99591127797454,16.000000000000004,-26.60026183495825,0.92570755455048137,17.850000000000001,-26.312426434474652,-0.94655023159210805,occupied,occupied,1,
109.04590940241398,16.000000000000004,-26.549132382411099,0.91786160939627348,17.850000000000001,-26.26237755738309,-0.9542303567413003,occupied,occupied,1,
109.09590752685342,16,-26.49804270756805,0.91004972028430087,17.799999999999997,-26.220027679172226,-0.91129383764592342,occupied,occupied,1,
109.14590565129286,15.980459360443414,-26.450000000000003,0.92204084187481561,17.800000000000001,-26.169904955739128,-0.91893210002777836,occupied,occupied,1,
109.1959037757323,15.950000000000001,-26.403652125390938,0.94510599551931729,17.800000000000001,-26.119758734144316,-0.92654981087071175,occupied,occupied,1,
109.24590190017173,15.950000000000001,-26.352654409472787,0.93738179469840133,17.800000000000001,-26.069588235223243,-0.93414871774436181,occupied,occupied,1,
109.29590002461117,15.949999999999999,-26.301694865013154,0.92968454315340499,17.800000000000001,-26.0193926834887,-0.94173056891913232,occupied,occupied,1,
109.34589814905061,15.950000000000003,-26.250772683267964,0.9220124105441585,17.800000000000004,-25.969171306627882,-0.94929711364621139,occupied,occupied,1,
109.39589627349005,15.950000000000003,-26.199887063036062,0.91436357228637555,17.750000000000004,-25.92651694927245,-0.90627675987677014,occupied,occupied,1,
109.44589439792949,15.950000000000003,-26.149037210168132,0.90673620926031284,17.750000000000004,-25.876226087872698,-0.91382027391951259,occupied,occupied,1,
109.49589252236893,15.938249598809582,-26.100000000000001,0.91101261512829357,17.75,-25.825908804064305,-0.92135347817923563,occupied,occupied,1,
109.54589064680836,15.900000000000004,-26.054993810285538,0.94210579101631109,17.750000000000004,-25.77556433277341,-0.92887813005374953,occupied,occupied,1,
109.5958887712478,15.9,-26.004236145850147,0.93453043532480173,17.75,-25.725191909736559,-0.93639598912598832,occupied,occupied,1,
109.64588689568724,15.900000000000002,-25.953512837544455,0.92696958330306423,17.75,-25.674790771004371,-0.94390881744252464,occupied,occupied,1,
109.69588502012668,15.9,-25.90282311907395,0.91942143798568354,17.699999999999999,-25.631886178569601,-0.90085514147411228,occupied,occupied,1,
109.74588314456612,15.900000000000002,-25.852166228393237,0.91188420635261302,17.700000000000003,-25.581420017331094,-0.90836399397736023,occupied,occupied,1,
109.79588126900555,15.9,-25.801541407217009,0.90435609904987257,17.700000000000003,-25.530924550336763,-0.91587286545644586,occupied,occupied,1,
109.84587939344499,15.85,-25.758463147482757,0.94739696513973615,17.699999999999999,-25.480399010272002,-0.92338353091071246,occupied,occupied,1,
109.89587751788443,15.850000000000001,-25.707900020778737,0.93988172461763564,17.700000000000003,-25.429842627789331,-0.93089776901491605,occupied,occupied,1,
109.94587564232387,15.850000000000001,-25.657368412687447,0.93237051321578979,17.700000000000003,-25.379254631012166,-0.93841736240178653,occupied,occupied,1,
109.99587376676331,15.85,-25.606867575813247,0.92486155373307422,17.699999999999999,-25.328634245037801,-0.94594409794600809,occupied,occupied,1,
110.04587189120274,15.850000000000003,-25.556396764204639,0.91735307144086931,17.650000000000002,-25.28550545016375,-0.90291671736044976,occupied,occupied,1,
110.09587001564218,15.850000000000003,-25.505955232862167,0.90984329380843543,17.650000000000006,-25.2348245943971,-0.91046212647533609,occupied,occupied,1,
110.14586814008162,15.799999999999999,-25.463082001843905,0.95289573525890092,17.649999999999999,-25.184110711667913,-0.91801981086883766,occupied,occupied,1,
110.19586626452106,15.799999999999999,-25.412706866705062,0.94537955918630445,17.649999999999999,-25.133363011270333,-0.92559157623218191,occupied,occupied,1,
110.2458643889605,15.800000000000001,-25.362360490375895,0.93785703867040027,17.650000000000002,-25.082580697111954,-0.93317923375160061,occupied,occupied,1,
110.29586251339994,15.800000000000004,-25.312042128267542,0.93032640862972105,17.650000000000006,-25.03176296721173,-0.9407846004026531,occupied,occupied,1,
110.34586063783937,15.800000000000001,-25.261751034396308,0.92278590499913715,17.600000000000001,-24.988499338093074,-0.89783665048362826,occupied,occupied,1,
110.39585876227881,15.800000000000001,-25.211486460882931,0.91523376445462001,17.600000000000001,-24.937625274956979,-0.9054803671862508,occupied,occupied,1,
110.44585688671825,15.799999999999999,-25.161247657448772,0.90766822413714476,17.600000000000001,-24.886715069543936,-0.91314701685292587,occupied,occupied,1,
110.49585501115769,15.750000000000004,-25.118680148064868,0.9506687980926779,17.600000000000005,-24.83576789335449,-0.92083844043602003,occupied,occupied,1,
110.54585313559713,15.750000000000004,-25.068512717868877,0.94307451505917783,17.600000000000001,-24.784782909599087,-0.92855648599332874,occupied,occupied,1,
110.59585126003655,15.749999999999998,-25.018370513924886,0.93546181560967201,17.599999999999998,-24.733759272684868,-0.93630300899842633,occupied,occupied,1,
110.64584938447599,15.75,-24.968252773776889,0.92782893872469085,17.600000000000001,-24.682696127699735,-0.94407987265444016,occupied,occupied,1,
110.69584750891543,15.749999999999998,-24.91815873015284,0.92017412264939291,17.550000000000001,-24.63933764017176,-0.90129264899873129,occupied,occupied,1,
110.74584563335488,15.750000000000002,-24.868087610446015,0.9124956046101016,17.550000000000001,-24.588221891899714,-0.90913136609971912,occupied,occupied,1,
110.79584375779432,15.700000000000001,-24.825843438670528,0.95539710384563792,17.550000000000001,-24.537065746992496,-0.9170057788724193,occupied,occupied,1,
110.84584188223374,15.700000000000005,-24.775833754699367,0.94766883107991273,17.550000000000004,-24.485882526812972,-0.92491540322113075,occupied,occupied,1,
110.89584000667318,15.700000000000003,-24.725789966400445,0.93990525180555684,17.550000000000004,-24.434713585291583,-0.93285353128409387,occupied,occupied,1,
110.94583813111262,15.699999999999999,-24.675709919841758,0.9321073889499415,17.550000000000001,-24.383562247600853,-0.94081820017413775,occupied,occupied,1,
110.99583625555206,15.699999999999999,-24.625594220156842,0.92427671055255212,17.5,-24.340352583785887,-0.89818393130492791,occupied,occupied,1,
111.0458343799915,15.700000000000003,-24.575443480872529,0.91641469110853824,17.500000000000004,-24.28926456854132,-0.90619288318250224,occupied,occupied,1,
111.09583250443094,15.650000000000004,-24.533232310760063,0.95915466375022651,17.500000000000004,-24.238194784788458,-0.914223872939954,occupied,occupied,1,
111.14583062887037,15.650000000000004,-24.483036473114126,0.95123805518038762,17.500000000000004,-24.187143937389671,-0.92227532686347979,occupied,occupied,1,
111.19582875330981,15.65,-24.4328060168198,0.94329434417995184,17.5,-24.136112735843113,-0.93034567006417002,occupied,occupied,1,
111.24582687774925,15.65,-24.382541583640986,0.93532502728472688,17.5,-24.085101893941438,-0.93843332666824864,occupied,occupied,1,
111.29582500218869,15.649999999999999,-24.332243822108779,0.92733160679056992,17.5,-24.034112129429548,-0.94653672000824429,occupied,occupied,1,
111.34582312662813,15.650000000000002,-24.281913387176036,0.91931559058153456,17.450000000000003,-23.991219007538458,-0.90400643866971064,occupied,occupied,1,
111.39582125106756,15.650000000000004,-24.231550939871774,0.9112784919562843,17.450000000000003,-23.940289321749056,-0.91213405878243081,occupied,occupied,1,
111.445819375507,15.6,-24.189262028500007,0.95387446121913388,17.449999999999999,-23.889381411261741,-0.92027291414791557,occupied,occupied,1,
111.49581749994644,15.600000000000003,-24.138850366000081,0.94580180875274944,17.450000000000003,-23.8384960046019,-0.92842142832732311,occupied,occupied,1,
111.54581562438588,15.600000000000003,-24.088407228552043,0.93771241034009112,17.450000000000003,-23.787633832584092,-0.93657802492390307,occupied,occupied,1,
111.59581374882532,15.600000000000005,-24.037933296587898,0.92960779797204474,17.450000000000003,-23.736795627959946,-0.94474112777968855,occupied,occupied,1,
111.64581187326475,15.6,-23.987429254943322,0.92148950829757592,17.399999999999999,-23.694129344790891,-0.90224973767357497,occupied,occupied,1,
111.69580999770419,15.600000000000003,-23.936895792504782,0.91335908244062292,17.400000000000002,-23.643348160353622,-0.91042001940848905,occupied,occupied,1,
111.74580812214363,15.549999999999999,-23.894493100079764,0.95587946543397495,17.399999999999999,-23.592591665806541,-0.91859232043430816,occupied,occupied,1,
111.79580624658307,15.550000000000001,-23.843906789533428,0.94773003783523024,17.400000000000002,-23.541860596989398,-0.92676506816807547,occupied,occupied,1,
111.84580437102251,15.550000000000004,-23.793291659641397,0.93957288318815391,17.400000000000002,-23.491155689973684,-0.9349366911184297,occupied,occupied,1,
111.89580249546195,15.550000000000001,-23.742648410994672,0.93140955829967964,17.400000000000002,-23.440477680702294,-0.94310561908497614,occupied,occupied,1,
111.94580061990138,15.550000000000002,-23.691977746536757,0.92324162365842333,17.400000000000006,-23.389827304628867,-0.95127028335767649,occupied,occupied,1,
111.99579874434082,15.550000000000001,-23.641280371206349,0.91507064324527287,17.350000000000001,-23.347369487567516,-0.90876696123637701,occupied,occupied,1,
112.04579686878026,15.500000000000004,-23.598717656507457,0.95755977188300179,17.350000000000005,-23.296773054196397,-0.9169189670907929,occupied,occupied,1,
112.0957949932197,15.500000000000004,-23.547963964172666,0.94938659709767925,17.350000000000001,-23.246204963836796,-0.92506225370719186,occupied,occupied,1,
112.14579311765914,15.500000000000005,-23.497184193622818,0.94121484822239554,17.350000000000005,-23.195665945784384,-0.93319525999286779,occupied,occupied,1,
112.19579124209857,15.500000000000002,-23.446379053707201,0.93304610177845992,17.350000000000005,-23.14515672710338,-0.94131642720162556,occupied,occupied,1,
112.24578936653801,15.5,-23.395549253557679,0.92488193696305254,17.350000000000001,-23.094678032261012,-0.94942419913226228,occupied,occupied,1,
112.29578749097745,15.5,-23.344695502227658,0.91672393545601316,17.314476978159536,-23.050000000000001,-0.92152853450130157,occupied,occupied,1,
112.34578561541689,15.5,-23.29381850833596,0.90857368122709581,17.300000000000001,-23.001923297079689,-0.9149401833635592,occupied,occupied,1,
112.39578373985633,15.456258865785529,-23.25,0.94474334226995182,17.300000000000004,-22.951526523647381,-0.92300069428336851,occupied,occupied,1,
112.44578186429577,15.450000000000005,-23.200076400137529,0.94295122214769667,17.300000000000004,-22.901161646261873,-0.93104184883323593,occupied,occupied,1,
112.49577998873519,15.450000000000003,-23.149116970405437,0.93483103266957013,17.300000000000001,-22.850829370866023,-0.93906210516913369,occupied,occupied,1,
112.54577811317463,15.449999999999999,-23.098135628739442,0.92672471386599686,17.300000000000001,-22.800530398674944,-0.94705992502977143,occupied,occupied,1,
112.59577623761407,15.450000000000005,-23.047133076326823,0.91863385986338542,17.300000000000004,-22.750265425807036,-0.95503377393006306,occupied,occupied,1,
112.64577436205352,15.450000000000003,-22.996110011844024,0.91056006605812378,17.300000000000004,-22.700035142914139,-0.96298212135369099,occupied,occupied,1,
112.69577248649296,15.419088834442773,-22.949999999999999,0.93380721880308304,17.25,-22.65781934011672,-0.92027078229934045,occupied,occupied,1,
112.74577061093238,15.399999999999999,-22.901959822523473,0.94509886356041828,17.25,-22.607636075962191,-0.92816739295248718,occupied,occupied,1,
112.79576873537182,15.400000000000004,-22.850853483143354,0.93708176959623291,17.250000000000004,-22.557488046426766,-0.93603415833239156,occupied,occupied,1,
112.84576685981126,15.400000000000004,-22.799727903857558,0.92908790654430717,17.250000000000004,-22.507375917137548,-0.94386956337836558,occupied,occupied,1,
112.8957649842507,15.4,-22.748583766044099,0.92111887572276085,17.25,-22.457300346487255,-0.95167209780010653,occupied,occupied,1,
112.94576310869014,15.400000000000002,-22.697421746509463,0.91317627870892581,17.250000000000004,-22.40726198526551,-0.95944025626163409,occupied,occupied,1,
112.99576123312957,15.375945330935442,-22.649999999999999,0.929608088158144,17.200000000000003,-22.36507177469057,-0.91656620732811922,occupied,occupied,1,
113.04575935756901,15.350000000000003,-22.602823698311497,0.94797798831099833,17.200000000000003,-22.315076407832056,-0.92426625408320939,occupied,occupied,1,
113.09575748200845,15.35,-22.551577212466334,0.94011896043044518,17.199999999999999,-22.265118667117829,-0.93192764641543679,occupied,occupied,1,
113.14575560644789,15.350000000000003,-22.500314014012783,0.93229256862881504,17.200000000000006,-22.215199170273323,-0.93954889744692605,occupied,occupied,1,
113.19575373088733,15.350000000000001,-22.449034752711288,0.92450041625006585,17.200000000000003,-22.165318525664489,-0.94712852600576314,occupied,occupied,1,
113.24575185532677,15.350000000000003,-22.397740071718765,0.91674410591108313,17.200000000000003,-22.115477331931537,-0.95466505679818103,occupied,occupied,1,
113.2957499797662,15.35,-22.346430607239995,0.90902523931768342,17.199999999999999,-22.065676177623946,-0.9621570205781923,occupied,occupied,1,
113.34574810420564,15.317577534358286,-22.299999999999997,0.93413501669759613,17.149999999999999,-22.023461352926571,-0.91903678211482487,occupied,occupied,1,
113.39574622864508,15.300000000000002,-22.251271823554305,0.94426590448385861,17.150000000000002,-21.97369827660021,-0.9264417354130553,occupied,occupied,1,
113.44574435308452,15.300000000000004,-22.199876549462573,0.93666228031033871,17.150000000000002,-21.923975463843032,-0.93379793285807877,occupied,occupied,1,
113.49574247752396,15.300000000000001,-22.14846748456246,0.92910231714085967,17.149999999999999,-21.874293460841468,-0.94110392690907341,occupied,occupied,1,
113.54574060196339,15.300000000000002,-22.097045226832471,0.92158761368155928,17.150000000000002,-21.824652801967652,-0.94835827674514883,occupied,occupied,1,
113.59573872640283,15.300000000000002,-22.045610365323224,0.91411976678972984,17.150000000000002,-21.775054009421837,-0.95555954841880009,occupied,occupied,1,
113.64573685084227,15.26041360373576,-22,0.94671327680231565,17.100000000000001,-21.732674433920888,-0.91219529211654626,occupied,occupied,1,
113.69573497528171,15.25,-21.950313127680726,0.94989199901657384,17.100000000000001,-21.682806273787055,-0.91934846622060007,occupied,occupied,1,
113.74573309972115,15.250000000000002,-21.899319161718637,0.94260772087910827,17.100000000000001,-21.632755876793038,-0.92649794356855075,occupied,occupied,1,
113.79573122416058,15.250000000000004,-21.848526691271637,0.93537218146593415,17.100000000000005,-21.582518889661284,-0.93365434336392283,occupied,occupied,1,
113.84572934860002,15.25,-21.79793091016462,0.92817425711079982,17.100000000000001,-21.532091137536558,-0.94082836052004271,occupied,occupied,1,
113.89572747303946,15.25,-21.747526895735497,0.92100294811535888,17.100000000000001,-21.481468613404232,-0.94803076201323777,occupied,occupied,1,
113.9457255974789,15.23133503747834,-21.699999999999999,0.93270524657532694,17.100000000000005,-21.430647467381323,-0.95527238279006976,occupied,occupied,1,
113.99572372191834,15.199999999999999,-21.654507624899725,0.95721737920539585,17.050000000000001,-21.386857775642827,-0.91204355544424243,occupied,occupied,1,
114.04572184635778,15.200000000000003,-21.604685111355202,0.95006651081927407,17.050000000000004,-21.33566543319381,-0.91939105415460376,occupied,occupied,1,
114.09571997079721,15.199999999999999,-21.555043622614722,0.94290106016592301,17.050000000000001,-21.284274026845445,-0.92680912432606266,occupied,occupied,1,
114.14571809523665,15.200000000000001,-21.505577475016221,0.93571069860977174,17.050000000000001,-21.232680165653999,-0.93430880435193331,occupied,occupied,1,
114.19571621967609,15.200000000000005,-21.456280817068908,0.92848523573347208,17.050000000000004,-21.180880555250035,-0.94190116932028145,occupied,occupied,1,
114.24571434411553,15.200000000000003,-21.407147623678696,0.92121461914220082,17.050000000000004,-21.128871987711758,-0.94959732479358749,occupied,occupied,1,
114.29571246855497,15.199999999999999,-21.358171690938804,0.91388893381720537,17,-21.08425999007321,-0.90683279667075722,occupied,occupied,1,
114.34571059299439,15.150000000000002,-21.317052877707919,0.95708877788912794,17.000000000000004,-21.031921769189179,-0.91475516567163961,occupied,occupied,1,
114.39570871743383,15.150000000000002,-21.268479500934912,0.94964022242607482,17.000000000000004,-20.979375185421397,-0.92281306277185982,occupied,occupied,1,
114.44570684187327,15.150000000000002,-21.2200533507812,0.94210940461370207,17.000000000000004,-20.926617178689362,-0.93101760311746307,occupied,occupied,1,
114.49570496631272,15.149999999999999,-21.171767359607177,0.93448699209168629,17,-20.873644723460792,-0.93937989383774645,occupied,occupied,1,
114.54570309075216,15.150000000000002,-21.123614258739927,0.92676378371533019,17,-20.820454821094362,-0.94791102665407656,occupied,occupied,1,
114.59570121519158,15.150000000000002,-21.075586577685012,0.9189307063731269,17,-20.767044492700073,-0.95662207033214364,occupied,occupied,1,
114.64569933963102,15.1,-21.036170316367865,0.96169510542466186,16.949999999999999,-20.721904444746379,-0.91480776909112571,occupied,occupied,1,
114.69569746407046,15.100000000000003,-20.98853404128187,0.95364325188173704,16.950000000000003,-20.668208158293183,-0.92388402390215474,occupied,occupied,1,
114.7456955885099,15.100000000000005,-20.941008517092417,0.94545711116623465,16.950000000000003,-20.614291513402559,-0.93317111189975543,occupied,occupied,1,
114.79569371294934,15.1,-20.893585331414492,0.93712814752219498,16.949999999999999,-20.560151406448306,-0.94267986988765595,occupied,occupied,1,
114.84569183738878,15.100000000000001,-20.84625587377656,0.92864793504923204,16.950000000000003,-20.505784721341968,-0.95242107103218765,occupied,occupied,1,
114.89568996182821,15.100000000000003,-20.799011340196596,0.92000815306309802,16.950000000000003,-20.45118832610715,-0.96240541709896099,occupied,occupied,1,
114.94568808626765,15.100000000000001,-20.751842738635446,0.91120058141658555,16.900000000000002,-20.40596673679288,-0.92172882493015029,occupied,occupied,1,
114.99568621070709,15.049999999999999,-20.714563790268901,0.95317285374838334,16.899999999999999,-20.35111667664972,-0.93219018938100628,occupied,occupied,1,
115.04568433514653,15.050000000000001,-20.668500017480753,0.94418927434610089,16.900000000000002,-20.295278870362282,-0.94308230776825641,occupied,occupied,1,
115.09568245958597,15.050000000000002,-20.625439214444874,0.93551223920341431,16.900000000000002,-20.236164401550962,-0.95499956450308277,occupied,occupied,1,
115.1456805840254,15.049999999999999,-20.585514563881979,0.92707577292101773,16.899999999999999,-20.173409055524434,-0.96826877359780084,occupied,occupied,1,
115.19567870846484,15.049999999999997,-20.548786541502071,0.91882942497210385,16.849999999999998,-20.118626172841257,-0.93185637839010071,occupied,occupied,1,
115.24567683290428,15.050000000000001,-20.515384197069253,0.9107698304378864,16.850000000000001,-20.048470828453123,-0.94880218854725196,occupied,occupied,1,
115.29567495734372,15,-20.499729554570767,0.95493187895708942,16.849999999999998,-19.973472326177504,-0.96846269066094837,occupied,occupied,1,
115.34567308178316,15,-20.475164728964181,0.94790158479335473,16.850000000000001,-19.892823338021287,-0.99158842435990258,occupied,occupied,1,
115.3956712062226,14.999999999999998,-20.455051754056981,0.94157006315908931,16.849999999999998,-19.805459622351332,-1.0191619270868721,occupied,occupied,1,
115.44566933066203,14.974358023010822,-20.449999999999999,0.96386104506749981,16.800000000000001,-19.729706411267976,-0.99873710078748346,occupied,occupied,1,
115.49566745510147,14.955783894236056,-20.449999999999999,0.98101464912958269,16.800000000000004,-19.626848066237031,-1.0385675232062819,occupied,occupied,1,
115.54566557954091,14.954605708360962,-20.449999999999996,0.98210607875599076,16.800000000000001,-19.512071476284962,-1.087963970110041,occupied,occupied,1,
115.59566370398035,14.966949013764417,-20.449999999999999,0.97129161481597326,16.75,-19.411339023737462,-1.092221758808323,occupied,occupied,1,
115.64566182841979,14.989207865806829,-20.449999999999999,0.95244756319670953,16.750000000000004,-19.266626299681267,-1.1690524378503344,occupied,occupied,1,
115.69565995285922,15,-20.464026908352583,0.95196881837827318,16.699999999999999,-19.136940158861066,-1.2046858226516621,occupied,occupied,1,
115.74565807729866,15,-20.488631741629181,0.96779131093769988,16.5929362190451,-19.049999999999997,-1.1786259565032571,occupied,occupied,1,
115.7956562017381,15.010991475041758,-20.5,0.96777422928977863,16.5,-18.959022975079318,-1.1750642104279043,occupied,occupied,1,
115.84565432617754,15.026224166548397,-20.499999999999996,0.95751920070756946,16.38647418135065,-18.899999999999999,-1.1425474893690883,occupied,occupied,1,
115.89565245061698,15.034339977687132,-20.5,0.95242506310008357,16.27724390498496,-18.850000000000001,-1.1133218169634851,occupied,occupied,1,
115.9456505750564,15.036333606984403,-20.5,0.95124901536630091,16.200000000000003,-18.767130942865364,-1.1360829283859641,occupied,occupied,1,
115.99564869949585,15.033025383423169,-20.5,0.95300621456693058,16.100000000000005,-18.727176766280849,-1.1161329906180946,occupied,occupied,1,
116.04564682393529,15.025099169751618,-20.5,0.95692223315014346,16.000581401279732,-18.699999999999999,-1.0904090991034001,occupied,occupied,1,
116.09564494837473,15.013128353057654,-20.5,0.9623934869211126,15.91963226070969,-18.649999999999999,-1.0977641125329702,occupied,occupied,1,
116.14564307281417,15.000000000000002,-20.494591832036868,0.96303493477907498,15.842476763384953,-18.600000000000001,-1.1104272198946941,occupied,occupied,1,
116.19564119725361,14.999149119096677,-20.449999999999999,0.92230317290533903,15.748159734146979,-18.599999999999998,-1.0735717984939301,occupied,occupied,1,
116.24563932169303,14.975888678018357,-20.450000000000003,0.93069039191084724,15.659897524483254,-18.600000000000001,-1.0417112157852737,occupied,occupied,1,
116.29563744613247,14.950301681214651,-20.449999999999999,0.93922015719525598,15.593610573196871,-18.550000000000001,-1.0667325667001495,occupied,occupied,1,
116.34563557057191,14.922424201059519,-20.449999999999999,0.9478178487343567,15.513452687028694,-18.549999999999997,-1.0419848226949033,occupied,occupied,1,
116.39563369501136,14.88943085775818,-20.449999999999996,0.95728648330894994,15.440441778574872,-18.549999999999997,-1.0209988941983643,occupied,occupied,1,
116.4456318194508,14.850462143232271,-20.450000000000003,0.9678716057984893,15.374820276419955,-18.550000000000001,-1.00315641324134,occupied,occupied,1,
116.49562994389022,14.805600545585349,-20.449999999999996,0.9796321209588813,15.315890772945636,-18.549999999999997,-0.98770011233050758,occupied,occupied,1,
116.54562806832966,14.754741408170634,-20.449999999999999,0.99277724819773994,15.263227190970197,-18.550000000000001,-0.97408771699668939,occupied,occupied,1,
116.5956261927691,14.69757105742767,-20.449999999999999,1.0076748933985107,15.216636951481357,-18.549999999999997,-0.96195182310635907,occupied,occupied,1,
116.64562431720854,14.633528596561918,-20.449999999999999,1.0248804454962877,15.176141290597716,-18.549999999999997,-0.95108224031758759,occupied,occupied,1,
116.69562244164798,14.561745287536256,-20.449999999999999,1.0451919404527463,15.141971109224691,-18.549999999999997,-0.94142880950282126,occupied,occupied,1,
116.74562056608741,14.480952406854394,-20.449999999999999,1.0697423023655572,15.11457706952814,-18.550000000000001,-0.9331256945699421,occupied,occupied,1,
116.79561869052685,14.389343858420224,-20.450000000000003,1.1001464524792897,15.100000000000001,-18.535597345706822,-0.94190390790113598,occupied,occupied,1,
116.84561681496629,14.284373071445289,-20.449999999999999,1.1387313631035187,15.100000000000001,-18.509983068996668,-0.96576690944582588,occupied,occupied,1,
116.89561493940573,14.162454024858913,-20.450000000000003,1.1888911975156398,15.1,-18.511651514949857,-0.96428954385268317,occupied,occupied,1,
116.94561306384517,14.018522468702523,-20.449999999999999,1.2556267019660197,15.100000000000003,-18.534375145985337,-0.94419425257096146,occupied,occupied,1,
116.99561118828461,13.845392823535988,-20.449999999999999,1.3463447067829508,15.114514878772132,-18.549999999999997,-0.93853401890180932,occupied,occupied,1,
117.04560931272404,13.65,-20.438606035434873,1.4523266328472435,15.148821492110256,-18.550000000000001,-0.95875167826018226,occupied,occupied,1,
117.09560743716348,13.600000000000003,-20.252807061227291,1.3439272624341101,15.182620854023225,-18.549999999999997,-0.98077500997729028,occupied,occupied,1,
117.14560556160292,13.550000000000001,-20.098031510400855,1.2697732625723865,15.213648531445076,-18.550000000000001,-1.0026985179726009,occupied,occupied,1,
117.19560368604236,13.519168023381525,-19.949999999999999,1.1958310828280181,15.239994440377259,-18.549999999999997,-1.0225565202365101,occupied,occupied,1,
117.2456018104818,13.500000000000002,-19.813721231602671,1.1282672023507734,15.259739418218379,-18.550000000000001,-1.0382217016676449,occupied,occupied,1,
117.29559993492123,13.450000000000005,-19.714104224745714,1.1137705687362582,15.270980641627268,-18.549999999999997,-1.0475043196692104,occupied,occupied,1,
117.34559805936067,13.450000000000003,-19.594706285951339,1.0519060250381762,15.271843462850443,-18.550000000000001,-1.0482189300626186,occupied,occupied,1,
117.39559618380011,13.400000000000002,-19.513727468287321,1.0570513207965839,15.260490164643421,-18.550000000000001,-1.0382277264585502,occupied,occupied,1,
117.44559430823955,13.400000000000002,-19.414376544821103,1.0130396906544608,15.235135736943038,-18.550000000000001,-1.0154745400677019,occupied,occupied,1,
117.49559243267899,13.35,-19.344841910514479,1.0300608211802715,15.194079519732274,-18.550000000000001,-0.97802357391031225,occupied,occupied,1,
117.54559055711842,13.35,-19.25878907678258,0.99716634541754079,15.135760413737188,-18.549999999999997,-0.92411505266997596,occupied,occupied,1,
117.59558868155786,13.349999999999998,-19.178572417712566,0.96853391355417628,15.099999999999998,-18.534860790434998,-0.8961013481236505,occupied,occupied,1,
117.6455868059973,13.350000000000003,-19.103277357187796,0.94332855466899934,15.100000000000003,-18.502766063881165,-0.90683733340396044,occupied,occupied,1,
117.69558493043674,13.300000000000001,-19.046981005682468,0.97304851923257651,15.1,-18.469328618363608,-0.917370027167977,occupied,occupied,1,
117.74558305487618,13.300000000000002,-18.97530628672342,0.95180492939061312,15.100000000000003,-18.435498941253879,-0.92739489240133066,occupied,occupied,1,
117.79558117931562,13.299999999999999,-18.905280159976186,0.9323076827333513,15.1,-18.401223429038602,-0.93693633237101248,occupied,occupied,1,
117.84557930375504,13.250000000000004,-18.849847460814644,0.96609491102351341,15.050000000000004,-18.379520646908752,-0.89433711188914089,occupied,occupied,1,
117.89557742819449,13.249999999999998,-18.781886469660972,0.94946328351243359,15.049999999999999,-18.343339233943205,-0.903189862102173,occupied,occupied,1,
117.94557555263393,13.250000000000004,-18.71529673502808,0.93421328063973408,15.050000000000004,-18.306645563544901,-0.91159163319990999,occupied,occupied,1,
117.99557367707337,13.250000000000004,-18.649985254480143,0.92023115783884746,15.050000000000004,-18.269409796288119,-0.91956167815602907,occupied,occupied,1,
118.04557180151281,13.25,-18.585867473332669,0.90741161264301795,15.050000000000001,-18.231606782294985,-0.92711847356829713,occupied,occupied,1,
118.09556992595223,13.250000000000002,-18.522866724076525,0.89565704360811282,15.050000000000002,-18.193215432556929,-0.93428010667889561,occupied,occupied,1,
118.14556805039167,13.200000000000006,-18.46943300763547,0.93559744677665024,15.050000000000006,-18.15421813538082,-0.94106459410618215,occupied,occupied,1,
118.19556617483111,13.200000000000006,-18.40787214192471,0.92561114197334138,15.050000000000006,-18.114600216982137,-0.94749014251704144,occupied,occupied,1,
118.24556429927055,13.200000000000001,-18.347283743351067,0.91644954036729565,15.050000000000001,-18.074349444225852,-0.95357536097465556,occupied,occupied,1,
118.29556242371,13.200000000000005,-18.287616439310181,0.90803780404296264,15.050000000000004,-18.033455566746504,-0.95933943399500943,occupied,occupied,1,
118.34556054814942,13.200000000000006,-18.228824416479025,0.90030590770489349,15.000000000000005,-17.998312990297237,-0.91439393458318086,occupied,occupied,1,
118.39555867258886,13.200000000000003,-18.17086701759435,0.89318815756547676,15.000000000000004,-17.955682265640434,-0.91962856716801578,occupied,occupied,1,
118.4455567970283,13.200000000000005,-18.113708366686211,0.88662275292142312,15.000000000000004,-17.912425109675517,-0.92459643578899686,occupied,occupied,1,
118.49555492146774,13.15,-18.062560977944088,0.93082562674229929,15,-17.868534607220052,-0.9293212041655029,occupied,occupied,1,
118.54555304590718,13.150000000000004,-18.006600698329802,0.92516184824071401,15.000000000000004,-17.824004107058546,-0.93382753181068401,occupied,occupied,1,
118.59555117034662,13.149999999999999,-17.951394752198123,0.91988996083822472,14.999999999999998,-17.77882692142466,-0.93814116274874526,occupied,occupied,1,
118.64554929478605,13.150000000000004,-17.89692281609538,0.91495948360072488,15.000000000000004,-17.73299603749906,-0.94228901585780656,occupied,occupied,1,
118.69554741922549,13.150000000000002,-17.84316797105885,0.91032228852254538,15.000000000000002,-17.686503836906763,-0.94629928059961255,occupied,occupied,1,
118.74554554366493,13.150000000000002,-17.790116473421566,0.9059323625882727,15.000000000000002,-17.639341818814149,-0.95020152171856453,occupied,occupied,1,
118.79554366810437,13.100000000000001,-17.741710441894252,0.95190160732335538,14.950000000000003,-17.595453220522074,-0.90387078572583346,occupied,occupied,1,
118.84554179254381,13.100000000000005,-17.689951144455179,0.94786898842099077,14.950000000000005,-17.546836216907362,-0.90765839819636052,occupied,occupied,1,
118.89553991698324,13.1,-17.638908351770802,0.94395927807223001,14.949999999999999,-17.497553163184975,-0.91143321122488219,occupied,occupied,1,
118.94553804142268,13.099999999999998,-17.588579384057198,0.94013297319349798,14.949999999999999,-17.447589505638128,-0.91523172028771282,occupied,occupied,1,
118.99553616586212,13.100000000000001,-17.538963945898644,0.93635195834457796,14.950000000000001,-17.396928452469357,-0.91909248474546013,occupied,occupied,1,
119.04553429030156,13.1,-17.49006397741331,0.93257940917700766,14.949999999999999,-17.345550630706796,-0.92305635987259593,occupied,occupied,1,
119.095532414741,13.100000000000007,-17.440664369016787,0.92870249198261068,14.950000000000006,-17.294650722254907,-0.92705072033865676,occupied,occupied,1,
119.14553053918044,13.1,-17.388953146203914,0.92466653164222934,14.899999999999999,-17.249926997983465,-0.880694448851426,occupied,occupied,1,
119.19552866361987,13.050000000000002,-17.33855056799792,0.9707403627093284,14.900000000000002,-17.203530444990836,-0.88418023764445763,occupied,occupied,1,
119.24552678805931,13.050000000000001,-17.281799661766435,0.96679178057315751,14.9,-17.159475161085414,-0.88724793946168012,occupied,occupied,1,
119.29552491249875,13.050000000000006,-17.222539200648981,0.96315115242227667,14.900000000000006,-17.117825377406319,-0.88980998715353654,occupied,occupied,1,
119.34552303693819,13.050000000000001,-17.160739034659109,0.96002346832621754,14.9,-17.078638451358074,-0.89179739390057255,occupied,occupied,1,
119.39552116137763,13.050000000000002,-17.096360349342877,0.95763849340405749,14.900000000000004,-17.041960983041399,-0.89316114217349551,occupied,occupied,1,
119.44551928581706,13.050000000000001,-17.02935435935531,0.9562520033665397,14.9,-17.007824333813534,-0.89387327401329941,occupied,occupied,1,
119.4955174102565,13.049999999999999,-16.959661346358441,0.95614686174228924,14.899999999999999,-16.976239547279167,-0.89392741696810007,occupied,occupied,1,
119.54551553469594,13.000000000000004,-16.885589003818492,1.00765998417445,14.900000000000002,-16.947191732455813,-0.89333841040024342,occupied,occupied,1,
119.59551365913538,13.000000000000004,-16.808979784894785,1.0111372328110013,14.900000000000004,-16.920634055356501,-0.89214064393541281,occupied,occupied,1,
119.64551178357482,13,-16.729291894393977,1.0169570017123595,14.9,-16.896481599102241,-0.89038470793497937,occupied,occupied,1,
119.69550990801424,13.029784713190233,-16.649999999999999,0.99552210364789551,14.900000000000004,-16.874605487046267,-0.88813201636146477,occupied,occupied,1,
119.74550803245369,13.050000000000002,-16.568202092819664,0.98662407857353718,14.900000000000002,-16.854660721878311,-0.88542254108158225,occupied,occupied,1,
119.79550615689313,13.100000000000003,-16.493531242772953,0.94999657480385147,14.950000000000003,-16.843068360476643,-0.93273447254534536,occupied,occupied,1,
119.84550428133257,13.100000000000005,-16.412222442800822,0.96633748086731552,14.950000000000005,-16.82143280295751,-0.92837967978214841,occupied,occupied,1,
119.89550240577201,13.150000000000006,-16.344563747706513,0.93324570438284959,14.950000000000006,-16.797445898262207,-0.92285295740535078,occupied,occupied,1,
119.94550053021145,13.150000000000002,-16.266801014960866,0.95323403310541788,14.950000000000001,-16.771086460257902,-0.9160716696458544,occupied,occupied,1,
119.99549865465087,13.200000000000001,-16.205328416116746,0.92257377330350687,14.950000000000001,-16.742358347975664,-0.90797290671107145,occupied,occupied,1,
120.04549677909031,13.200000000000005,-16.130705870370559,0.94527968876593738,14.950000000000005,-16.71128661322626,-0.8985136833272791,occupied,occupied,1,
120.09549490352975,13.250000000000002,-16.074698657806024,0.9161779627309431,15,-16.695655593443441,-0.94072470459338697,occupied,occupied,1,
120.1454930279692,13.25,-16.002914545452189,0.94082540984394947,15,-16.661103012826818,-0.92885693178121564,occupied,occupied,1,
120.19549115240864,13.300000000000004,-15.9517608532521,0.91259670060574472,15.000000000000005,-16.624286754089226,-0.91559669378577591,occupied,occupied,1,
120.24548927684806,13.300000000000002,-15.882613446533574,0.93853054814997283,15.035597933317222,-16.599999999999998,-0.93948533389933475,occupied,occupied,1,
120.2954874012875,13.350000000000001,-15.835804078210165,0.91063316643241521,15.050000000000002,-16.565653710043108,-0.93941561267766172,occupied,occupied,1,
120.34548552572694,13.350000000000005,-15.76918257055052,0.93728857884901151,15.050000000000004,-16.523262289651917,-0.92245232320160542,occupied,occupied,1,
120.39548365016638,13.350000000000001,-15.703494675710379,0.96424266524669444,15.050000000000002,-16.478875730486376,-0.9042368717313094,occupied,occupied,1,
120.44548177460582,13.4,-15.66228685407013,0.936116257079183,15.087517707562192,-16.449999999999996,-0.926196287475753,occupied,occupied,1,
120.49547989904525,13.400000000000004,-15.600739536466934,0.96232960919511179,15.100000000000005,-16.406734243610902,-0.91906016114597544,occupied,occupied,1,
120.54547802348469,13.450000000000001,-15.566139528018928,0.93206187925232431,15.100000000000001,-16.354260911066074,-0.8964991162892928,occupied,occupied,1,
120.59547614792413,13.450000000000005,-15.510965958962007,0.95584945289507228,15.150000000000004,-16.322506101413016,-0.92792266782691191,occupied,occupied,1,
120.64547427236357,13.500000000000004,-15.482849274474953,0.92277472998421939,15.200000000000003,-16.287424156112898,-0.95800721914298181,occupied,occupied,1,
120.69547239680301,13.500000000000002,-15.434325502570037,0.94340321809784389,15.200000000000003,-16.225403178303925,-0.93164448504053965,occupied,occupied,1,
120.74547052124245,13.523108517747472,-15.399999999999999,0.93674843142290709,15.250000000000002,-16.183213811412429,-0.95945252466363729,occupied,occupied,1,
120.79546864568188,13.550000000000001,-15.370570571210321,0.92417991330391802,15.250000000000002,-16.114935171752013,-0.93164299272445339,occupied,occupied,1,
120.84546677012132,13.550000000000002,-15.332945498902024,0.93900087633737939,15.300000000000002,-16.064954362521881,-0.95792742394653896,occupied,occupied,1,
120.89546489456076,13.550000000000002,-15.299528591245583,0.95160101954470988,15.324160127551224,-15.999999999999995,-0.95583295118008338,occupied,occupied,1,
120.9454630190002,13.550000000000004,-15.270495249036797,0.96195626244589849,15.350000000000005,-15.931897750849409,-0.95571244444900771,occupied,occupied,1,
120.99546114343964,13.561964158988198,-15.25,0.95748670055765706,15.350000000000001,-15.851116571232623,-0.92888900458521084,occupied,occupied,1,
121.04545926787907,13.600000000000003,-15.241106580230568,0.92395739871938598,15.400000000000004,-15.783055604685201,-0.95585874790435388,occupied,occupied,1,
121.09545739231851,13.600000000000001,-15.223834276881314,0.92865650877837114,15.416069186102607,-15.699999999999998,-0.94879950524286816,occupied,occupied,1,
121.14545551675795,13.600000000000001,-15.210696485344151,0.93174740095226738,15.450000000000003,-15.617415911165713,-0.96243334315338036,occupied,occupied,1,
121.19545364119739,13.600000000000005,-15.197202452027618,0.93437446483811337,15.450000000000005,-15.528124437326078,-0.94498961919506619,occupied,occupied,1,
121.24545176563683,13.600000000000003,-15.181367735843132,0.93686486791195756,15.500000000000002,-15.449659867165549,-0.98198391918136718,occupied,occupied,1,
121.29544989007626,13.600000000000001,-15.163016288194747,0.93911076389468617,15.500000000000002,-15.365927946041028,-0.9716935538966277,occupied,occupied,1,
121.3454480145157,13.6,-15.142026275190444,0.94100436123071851,15.5,-15.285640964502413,-0.96441558696604934,occupied,occupied,1,
121.39544613895514,13.599999999999998,-15.11832215161458,0.94244797192730867,15.499999999999998,-15.208593334024995,-0.95969526305100805,occupied,occupied,1,
121.44544426339458,13.65,-15.092991137240727,0.89334832357435412,15.549999999999999,-15.135731413732298,-1.0071323343736756,occupied,occupied,1,
121.49544238783402,13.650000000000002,-15.06267459672074,0.89368404359565823,15.550000000000002,-15.063553208911729,-1.0063161595515369,occupied,occupied,1,
121.54544051227346,13.650000000000002,-15.029759507301073,0.89337258532385178,15.550000000000002,-14.99430678676524,-1.0069581478364036,occupied,occupied,1,
121.59543863671288,13.649999999999999,-14.994273562836042,0.89241021494878381,15.549999999999997,-14.927890969730678,-1.0087490757650142,occupied,occupied,1,
121.64543676115233,13.649999999999999,-14.95625511810622,0.89081525332834843,15.550000000000001,-14.864229638481902,-1.0114120435266007,occupied,occupied,1,
121.69543488559177,13.650000000000002,-14.915748369338456,0.88862718525335649,15.500000000000004,-14.806230176528446,-0.96461166458666669,occupied,occupied,1,
121.74543301003121,13.650000000000006,-14.872799238401688,0.88590557234293876,15.500000000000005,-14.748345674484318,-0.96827583452418153,occupied,occupied,1,
121.79543113447065,13.650000000000006,-14.827451844378837,0.8827290165986279,15.500000000000005,-14.692988804868282,-0.97215111672385113,occupied,occupied,1,
121.84542925891007,13.65,-14.780149738291048,0.87922028713656908,15.5,-14.639719465970124,-0.97610196556890816,occupied,occupied,1,
121.89542738334951,13.65,-14.732586253667419,0.87555028218424436,15.5,-14.586691004093661,-0.98019361820939244,occupied,occupied,1,
121.94542550778895,13.600000000000001,-14.689032298597555,0.92190311892265631,15.500000000000002,-14.533701323278798,-0.98443570507833311,occupied,occupied,1,
121.99542363222839,13.6,-14.641453834788372,0.9179595138578025,15.5,-14.480750394965016,-0.98882458392858841,occupied,occupied,1,
122.04542175666784,13.600000000000001,-14.593793937639647,0.9138773204398678,15.450000000000001,-14.432205505938255,-0.9431662496628137,occupied,occupied,1,
122.09541988110728,13.600000000000007,-14.54605263309899,0.90965917113988704,15.450000000000006,-14.379467289114899,-0.9478258696694053,occupied,occupied,1,
122.1454180055467,13.600000000000001,-14.498230010866932,0.90530771813152711,15.450000000000001,-14.326764929790855,-0.95262131012235807,occupied,occupied,1,
122.19541612998614,13.600000000000005,-14.4503262227497,0.90082563338890453,15.450000000000005,-14.274098632150361,-0.95754896923793054,occupied,occupied,1,
122.24541425442558,13.6,-14.402341481013783,0.89621560875319128,15.4,-14.226357110597453,-0.91236684682654612,occupied,occupied,1,
122.29541237886502,13.550000000000002,-14.359286887606798,0.94173081294128269,15.400000000000002,-14.173886145652526,-0.91753609504078448,occupied,occupied,1,
122.34541050330446,13.550000000000002,-14.311260313404027,0.93688509032621159,15.400000000000002,-14.121449010872894,-0.92282680418018315,occupied,occupied,1,
122.39540862774389,13.550000000000002,-14.263150596014134,0.93191957135931291,15.400000000000002,-14.069046123648224,-0.92823540771970092,occupied,occupied,1,
122.44540675218333,13.549999999999999,-14.214958172327632,0.92683700541589087,15.4,-14.016677951736845,-0.93375834174520844,occupied,occupied,1,
122.49540487662277,13.550000000000002,-14.166683531620579,0.92164016226716017,15.400000000000002,-13.964345011945779,-0.9393920450157206,occupied,occupied,1,
122.54540300106221,13.550000000000001,-14.11832721393246,0.91633183198419055,15.4,-13.912047868810014,-0.94513295904037897,occupied,occupied,1,
122.59540112550165,13.550000000000002,-14.069889808451714,0.91091482481885144,15.350000000000003,-13.865465583951107,-0.90065611322433692,occupied,occupied,1,
122.64539924994108,13.5,-14.027150559763275,0.95572478648916948,15.35,-13.813342069205516,-0.90658938427649027,occupied,occupied,1,
122.69539737438052,13.500000000000005,-13.978649915477538,0.95011016264109871,15.350000000000005,-13.76125314133405,-0.91261938224940797,occupied,occupied,1,
122.74539549881996,13.500000000000004,-13.930067052903553,0.94439521980295627,15.350000000000003,-13.709199542155222,-0.91874257899351597,occupied,occupied,1,
122.7953936232594,13.500000000000004,-13.881402741497515,0.9385828296732347,15.350000000000003,-13.657182054653568,-0.92495544908810401,occupied,occupied,1,
122.84539174769884,13.500000000000004,-13.832657791969879,0.93267588384823952,15.350000000000003,-13.605201501654289,-0.93125447000195993,occupied,occupied,1,
122.89538987213828,13.500000000000004,-13.783833054722624,0.92667729358762818,15.350000000000003,-13.553258744499781,-0.93763612226678172,occupied,occupied,1,
122.94538799657771,13.500000000000007,-13.734929418296772,0.92058998956459681,15.300000000000006,-13.507667512445622,-0.89369994698112964,occupied,occupied,1,
122.99538612101715,13.499999999999998,-13.685947807831173,0.91441692160181964,15.299999999999999,-13.455880992617555,-0.90022649776809582,occupied,occupied,1,
123.04538424545659,13.450000000000001,-13.643354663856252,0.95857734976701992,15.300000000000001,-13.404131891863726,-0.90682543103925661,occupied,occupied,1,
123.09538236989603,13.450000000000005,-13.594291576015035,0.95225090507220878,15.300000000000004,-13.352421212169386,-0.91349325555293714,occupied,occupied,1,
123.14538049433547,13.450000000000001,-13.545150314742928,0.94584734132989134,15.300000000000002,-13.300749987452033,-0.92022648357090764,occupied,occupied,1,
123.1953786187749,13.450000000000003,-13.495931936148542,0.93936966927511401,15.300000000000002,-13.249119282246168,-0.92702163110279279,occupied,occupied,1,
123.24537674321434,13.450000000000003,-13.446637525387825,0.93282091789065191,15.300000000000002,-13.197530190388497,-0.93387521816108066,occupied,occupied,1,
123.29537486765378,13.450000000000001,-13.397268195185788,0.92620413407446567,15.270432272052433,-13.15,-0.91094453097156614,occupied,occupied,1,
123.34537299209322,13.450000000000005,-13.347825084362213,0.91952238229806726,15.250000000000004,-13.101328488385597,-0.89727715860567847,occupied,occupied,1,
123.39537111653266,13.437748259117145,-13.300000000000004,0.92514658281356688,15.250000000000004,-13.049923551010057,-0.9042780815747683,occupied,occupied,1,
123.44536924097208,13.399999999999999,-13.255671100904394,0.95645688164688336,15.25,-12.998561688461395,-0.91132395398849364,occupied,occupied,1,
123.49536736541152,13.400000000000002,-13.206059836561263,0.94960515209094454,15.250000000000004,-12.94724412112636,-0.9184113292485756,occupied,occupied,1,
123.54536548985097,13.4,-13.156376397390209,0.9427004789063882,15.250000000000002,-12.895972090822207,-0.92553676589930456,occupied,occupied,1,
123.59536361429041,13.400000000000002,-13.10662203059092,0.9357460010508466,15.250000000000002,-12.844746859490593,-0.93269682794843189,occupied,occupied,1,
123.64536173872985,13.400000000000002,-13.056798000806253,0.92874487346404588,15.204807136169487,-12.799999999999999,-0.89424004473642738,occupied,occupied,1,
123.69535986316929,13.400000000000002,-13.006905588714044,0.92170026668689753,15.200000000000003,-12.749589600640789,-0.89659880599562414,occupied,occupied,1,
123.74535798760871,13.400000000000004,-12.956946089628003,0.91461536647782382,15.200000000000005,-12.698542724468638,-0.90383790460881208,occupied,occupied,1,
123.79535611204815,13.400000000000002,-12.906920812105183,0.90749337342648373,15.200000000000003,-12.647544686391111,-0.91109838246334207,occupied,occupied,1,
123.84535423648759,13.35,-12.864059805666509,0.95085734544425804,15.199999999999999,-12.596596828787746,-0.91837684106123485,occupied,occupied,1,
123.89535236092703,13.350000000000005,-12.813927594661122,0.94367378497780674,15.200000000000005,-12.54570050628001,-0.92566988886641377,occupied,occupied,1,
123.94535048536648,13.350000000000001,-12.763730410765628,0.93646236851110809,15.200000000000001,-12.494857084420429,-0.93297414167583381,occupied,occupied,1,
123.9953486098059,13.350000000000003,-12.713469600966373,0.92922634871954546,15.200000000000003,-12.44406793837973,-0.94028622299652931,occupied,occupied,1,
124.04534673424534,13.350000000000005,-12.663146518577586,0.92196899174219349,15.154296838451494,-12.4,-0.90141609415862733,occupied,occupied,1,
124.09534485868478,13.350000000000003,-12.612762521884736,0.9146935767911496,15.150000000000004,-12.349958136447286,-0.9043902984067913,occupied,occupied,1,
124.14534298312422,13.350000000000005,-12.562318972790893,0.90740339576155182,15.150000000000006,-12.299344859961607,-0.91170500783026054,occupied,occupied,1,
124.19534110756366,13.299999999999999,-12.519123596462695,0.95063276224312809,15.149999999999999,-12.248788239671068,-0.91901458555582416,occupied,occupied,1,
124.24533923200309,13.300000000000002,-12.46856336937377,0.94332273257907773,15.150000000000004,-12.198289677994701,-0.92631569991306328,occupied,occupied,1,
124.29533735644253,13.300000000000002,-12.417944491573973,0.93600742352963207,15.150000000000002,-12.147850578962631,-0.93360502872610329,occupied,occupied,1,
124.34533548088197,13.300000000000002,-12.367268324828618,0.92869017459133718,15.150000000000002,-12.097472346873589,-0.94087925972253916,occupied,occupied,1,
124.39533360532141,13.299999999999999,-12.31653622774764,0.92137433660706181,15.130471115458763,-12.049999999999999,-0.92840026188616842,occupied,occupied,1,
124.44533172976085,13.299999999999999,-12.265749554448197,0.9140632713904695,15.1,-12.004170187495241,-0.9048440283957272,occupied,occupied,1,
124.49532985420029,13.300000000000002,-12.214909653218411,0.90676035135415889,15.100000000000003,-11.953965324503391,-0.91205573134594076,occupied,occupied,1,
124.54532797863972,13.300000000000002,-12.164017865181277,0.89946895914168323,15.100000000000003,-11.903823722716872,-0.9192396463728969,occupied,occupied,1,
124.59532610307916,13.250000000000004,-12.120279099541113,0.94270873727883142,15.100000000000003,-11.853746765992412,-0.92639251327634264,occupied,occupied,1,
124.6453242275186,13.25,-12.069283550189201,0.93544970618818613,15.1,-11.803712614186065,-0.93351469209487892,occupied,occupied,1,
124.69532235195804,13.25,-12.018315075565232,0.92821974244675909,15.1,-11.753665892931091,-0.94061390180007898,occupied,occupied,1,
124.74532047639748,13.250000000000004,-11.967375615387473,0.92101792020430495,15.100000000000003,-11.703603632338753,-0.94769170385221269,occupied,occupied,1,
124.79531860083691,13.250000000000005,-11.916464649564674,0.91384295361079282,15.050000000000004,-11.660631756117148,-0.90424683222755531,occupied,occupied,1,
124.84531672527635,13.250000000000004,-11.865581660873268,0.90669355853919653,15.050000000000002,-11.610515486379658,-0.9112884967547501,occupied,occupied,1,
124.89531484971579,13.250000000000002,-11.814726134788273,0.89956845255536455,15.050000000000002,-11.560383258424318,-0.91831226376160302,occupied,occupied,1,
124.94531297415523,13.199999999999999,-11.770943754332624,0.94296040269803905,15.049999999999999,-11.510234538595014,-0.92531936627943334,occupied,occupied,1,
124.99531109859467,13.200000000000001,-11.720123942255581,0.93587757042442754,15.050000000000002,-11.460068796619312,-0.93231103856876063,occupied,occupied,1,
125.04530922303411,13.200000000000003,-11.669331271544522,0.92881536359519346,15.050000000000002,-11.409885505431127,-0.93928851615940012,occupied,occupied,1,
125.09530734747354,13.200000000000003,-11.618565237270571,0.9217725051584893,15.050000000000002,-11.359684140992714,-0.94625303589013998,occupied,occupied,1,
125.14530547191298,13.199999999999999,-11.567825336313259,0.91474771968412394,15.050000000000001,-11.309464182115766,-0.95320583594788388,occupied,occupied,1,
125.19530359635242,13.200000000000003,-11.517111067186047,0.90773973333329505,15.000000000000002,-11.266195001009843,-0.90966469944036188,occupied,occupied,1,
125.24530172079186,13.200000000000001,-11.466421929860259,0.90074727382820396,15.000000000000002,-11.215924666774784,-0.91659938512635919,occupied,occupied,1,
125.2952998452313,13.150000000000002,-11.422705259633288,0.94424948640541451,15.000000000000002,-11.165635399996948,-0.92352590499834075,occupied,occupied,1,
125.34529796967072,13.15,-11.372055678042818,0.93728300268708586,15.000000000000002,-11.115326689468423,-0.93044550370093615,occupied,occupied,1,
125.39529609411017,13.150000000000002,-11.321430946030452,0.93032840593024202,15.000000000000004,-11.064998025904172,-0.93735942733432409,occupied,occupied,1,
125.44529421854961,13.150000000000002,-11.27083056795068,0.92338442927375464,15.000000000000002,-11.014648901761129,-0.94426892349052438,occupied,occupied,1,
125.49529234298905,13.150000000000004,-11.220254048699807,0.91644980734499015,15.000000000000004,-10.964278811057158,-0.95117524128929287,occupied,occupied,1,
125.54529046742849,13.15,-11.169700893537001,0.90952327622863893,14.950000000000001,-10.920801131470069,-0.90760387715303292,occupied,occupied,1,
125.59528859186791,13.150000000000004,-11.119170607904088,0.90260357343528475,14.950000000000003,-10.870384439653783,-0.91450802399418185,occupied,occupied,1,
125.64528671630735,13.149999999999999,-11.068662697245202,0.89568943786980892,14.949999999999999,-10.819946483100459,-0.92141258325572362,occupied,occupied,1,
125.69528484074679,13.100000000000005,-11.02508471978124,0.93925456592258205,14.950000000000005,-10.769486760445234,-0.92831881063233412,occupied,occupied,1,
125.74528296518623,13.100000000000003,-10.974620556292773,0.93234785288468802,14.950000000000005,-10.719004770951152,-0.9352279634386591,occupied,occupied,1,
125.79528108962568,13.100000000000003,-10.924178495001208,0.9254430978457453,14.950000000000005,-10.66850001432768,-0.94214130064325596,occupied,occupied,1,
125.84527921406512,13.100000000000001,-10.873758039652147,0.91853904510027717,14.950000000000001,-10.617971990550016,-0.94906008290210986,occupied,occupied,1,
125.89527733850454,13.1,-10.823358693059486,0.91163444025703411,14.950000000000001,-10.567420199677885,-0.95598557259205863,occupied,occupied,1,
125.94527546294398,13.099999999999998,-10.772979956923518,0.9047280302057763,14.899999999999999,-10.523766731276298,-0.91244208616679057,occupied,occupied,1,
125.99527358738342,13.1,-10.722621331648934,0.89781856308360286,14.899999999999999,-10.473172451780593,-0.91938388674623561,occupied,occupied,1,
126.04527171182286,13.050000000000004,-10.679219210583783,0.94138369972101055,14.900000000000004,-10.422554116991101,-0.92633602504203238,occupied,occupied,1,
126.0952698362623,13.049999999999997,-10.628908273904162,0.93446560138232204,14.899999999999999,-10.371911225466155,-0.9332997700992911,occupied,occupied,1,
126.14526796070173,13.050000000000002,-10.578617152522156,0.92754086619526321,14.900000000000002,-10.321243274920443,-0.940276392765512,occupied,occupied,1,
126.19526608514117,13.050000000000006,-10.528345339745531,0.92060824764976334,14.900000000000006,-10.270549762046073,-0.94726716572271297,occupied,occupied,1,
126.24526420958061,13.050000000000001,-10.478092326647136,0.91366650039079833,14.900000000000002,-10.219830182333663,-0.95427336351954617,occupied,occupied,1,
126.29526233402005,13.050000000000002,-10.427857601883186,0.90671438018226902,14.850000000000001,-10.17607791021857,-0.9108094884738559,occupied,occupied,1,
126.34526045845949,13.050000000000002,-10.377640651511054,0.89975064387037251,14.850000000000003,-10.125319712262064,-0.91784828229114246,occupied,occupied,1,
126.39525858289892,13.050000000000006,-10.327440958807919,0.89277404934650184,14.850000000000007,-10.074535137035037,-0.92490616309093843,occupied,occupied,1,
126.44525670733836,13.000000000000004,-10.284300624391188,0.93627690460968349,14.850000000000005,-10.023723673215118,-0.93198441209208305,occupied,occupied,1,
126.4952548317778,13.000000000000002,-10.234152555004295,0.92927347874728561,14.850000000000001,-9.9728848073657232,-0.93908431245763579,occupied,occupied,1,
126.54525295621724,12.999999999999998,-10.184021385922925,0.92225365084679367,14.849999999999998,-9.9220180237605664,-0.94620714932654215,occupied,occupied,1,
126.59525108065668,13,-10.133906587174479,0.91521618395569426,14.85,-9.8711228042096906,-0.95335420984521568,occupied,occupied,1,
126.64524920509612,13,-10.08380762507411,0.90815984205371614,14.800000000000001,-9.8273231953776321,-0.9100217392732779,occupied,occupied,1,
126.69524732953555,13.000000000000004,-10.033723962045292,0.90108339001218374,14.800000000000002,-9.7763930519879043,-0.91721779440995799,occupied,occupied,1,
126.74524545397499,13.000000000000004,-9.9836550564409166,0.89398559355292451,14.800000000000004,-9.7254341114206486,-0.9244417644812527,occupied,occupied,1,
126.79524357841443,12.950000000000001,-9.9407990990011577,0.93738077927614294,14.799999999999999,-9.6744458434699041,-0.93169494330229119,occupied,occupied,1,
126.84524170285387,12.950000000000005,-9.8907852076884524,0.93024046929859272,14.800000000000004,-9.6234277145784226,-0.9389786267739032,occupied,occupied,1,
126.89523982729331,12.949999999999999,-9.840785631110414,0.92307530453127573,14.799999999999997,-9.5723791876684317,-0.94629411291439625,occupied,occupied,1,
126.94523795173274,12.949999999999999,-9.7907998090373312,0.91588405558685848,14.800000000000001,-9.521299721974442,-0.95364270189132949,occupied,occupied,1,
126.99523607617218,12.950000000000005,-9.7408271762547898,0.90866549379147854,14.750000000000004,-9.4775033243190148,-0.910493501733182,occupied,occupied,1,
127.04523420061162,12.950000000000001,-9.690867162389166,0.9014183911393554,14.750000000000002,-9.4263923152653586,-0.91790756776992255,occupied,occupied,1,
127.09523232505106,12.900000000000002,-9.6482988935184526,0.9446831862107723,14.750000000000002,-9.3752499275081558,-0.92535845445910603,occupied,occupied,1,
127.1452304494905,12.900000000000002,-9.5983967686305292,0.93738035216516669,14.750000000000002,-9.3240756032271914,-0.93284746865994417,occupied,occupied,1,
127.19522857392992,12.900000000000002,-9.5485067236870727,0.93004549721391228,14.750000000000004,-9.2728687800624865,-0.94037591946351429,occupied,occupied,1,
127.24522669836936,12.900000000000004,-9.4986281652395697,0.92267739793213432,14.750000000000005,-9.2216288909541575,-0.94794511822515992,occupied,occupied,1,
127.29522482280881,12.900000000000002,-9.4487604937910685,0.91527483140128041,14.700000000000003,-9.1778798269513935,-0.90499337292123239,occupied,occupied,1,
127.34522294724825,12.900000000000002,-9.3989031036275303,0.90783657515884408,14.700000000000005,-9.1266112838757163,-0.91264216272956022,occupied,occupied,1,
127.39522107168769,12.893788732051393,-9.3499999999999961,0.90664409379139488,14.700000000000001,-9.0753091456825246,-0.92033543808907536,occupied,occupied,1,
127.44521919612713,12.850000000000007,-9.3068570393617485,0.94342857144849046,14.700000000000006,-9.0239780736882409,-0.92807363512795726,occupied,occupied,1,
127.49521732056655,12.850000000000003,-9.2570526296911169,0.93588049691976949,14.700000000000003,-8.9726240277103724,-0.93585656517648597,occupied,occupied,1,
127.54521544500599,12.85,-9.2072459073985335,0.92829151562548573,14.699999999999999,-8.9212466649781419,-0.9436848642108201,occupied,occupied,1,
127.59521356944543,12.85,-9.1574365767242583,0.92066104734243881,14.65,-8.8776183505089552,-0.90095862748605859,occupied,occupied,1,
127.64521169388487,12.850000000000005,-9.1076243386600684,0.91298850945512755,14.650000000000004,-8.8262368488872642,-0.90887287918030835,occupied,occupied,1,
127.69520981832432,12.85,-9.0578088908469532,0.90527331686679968,14.65,-8.7748314965853407,-0.916834310487603,occupied,occupied,1,
127.74520794276374,12.799999999999999,-9.015895150037867,0.9481359500909512,14.65,-8.7234019150906068,-0.92484357261876493,occupied,occupied,1,
127.79520606720318,12.800000000000004,-8.9661176785816288,0.94034077911363545,14.650000000000004,-8.6719477200450221,-0.93290132069765963,occupied,occupied,1,
127.84520419164262,12.799999999999999,-8.9163366487610656,0.93250131344666953,14.6,-8.6284649570108627,-0.8903728212403984,occupied,occupied,1,
127.89520231608206,12.799999999999999,-8.8665517459761496,0.92461695903165375,14.599999999999998,-8.5770068361050473,-0.89852216205380642,occupied,occupied,1,
127.9452004405215,12.800000000000001,-8.8167626518098867,0.91668711890676091,14.600000000000001,-8.5255234964216644,-0.90672184389649446,occupied,occupied,1,
127.99519856496093,12.800000000000004,-8.7669690439178609,0.90871119311249737,14.600000000000003,-8.4740145313757065,-0.91497253670986667,occupied,occupied,1,
128.04519668940037,12.750000000000002,-8.7253564589152806,0.95135423119295626,14.600000000000003,-8.4224795279993128,-0.92327491487329305,occupied,occupied,1,
128.09519481383981,12.750000000000004,-8.6756016692320745,0.94329223374064841,14.600000000000003,-8.370918066814621,-0.93162965732097003,occupied,occupied,1,
128.14519293827925,12.750000000000002,-8.6258419679533738,0.93518247466887394,14.550000000000002,-8.3276138364688261,-0.88935582813782976,occupied,occupied,1,
128.19519106271869,12.750000000000004,-8.5760770185005484,0.92702434316047899,14.550000000000002,-8.2760481938053196,-0.89780915490119362,occupied,occupied,1,
128.24518918715813,12.750000000000002,-8.5263064798621979,0.91881722495238194,14.550000000000001,-8.22445539366276,-0.90631676416726004,occupied,occupied,1,
128.29518731159757,12.749999999999998,-8.4765300064750608,0.91056050223479823,14.549999999999997,-8.1728349919513548,-0.91487935211443561,occupied,occupied,1,
128.34518543603701,12.700000000000001,-8.4352350456208782,0.95296886392677715,14.550000000000002,-8.1211865374725942,-0.92349762004520308,occupied,occupied,1,
128.39518356047645,12.700000000000001,-8.3854980796590013,0.94461986557903321,14.549999999999999,-8.069509571779264,-0.93217227451321993,occupied,occupied,1,
128.44518168491587,12.700000000000001,-8.335754724206101,0.93621954304618826,14.500000000000002,-8.0263969018752608,-0.89017095797961421,occupied,occupied,1,
128.49517980935531,12.700000000000001,-8.286004617276209,0.92776726564136902,14.500000000000002,-7.974715165085045,-0.89895141085084806,occupied,occupied,1,
128.54517793379475,12.700000000000001,-8.2362473917788197,0.91926239864980019,14.5,-7.923004113371622,-0.90779024193483471,occupied,occupied,1,
128.59517605823419,12.650000000000004,-8.1952387702331304,0.96146520546682313,14.500000000000004,-7.8712632609902276,-0.91668817767024002,occupied,occupied,1,
128.64517418267363,12.650000000000002,-8.145521700862508,0.95286284421441547,14.500000000000002,-7.8194921142784644,-0.92564595036924613,occupied,occupied,1,
128.69517230711307,12.649999999999999,-8.0957970059453732,0.94420613219670446,14.5,-7.7676901715003863,-0.93466429835711984,occupied,occupied,1,
128.74517043155251,12.65,-8.0460643000169014,0.93549442005254635,14.450000000000001,-7.7247814463993185,-0.89295373946105017,occupied,occupied,1,
128.79516855599195,12.65,-7.9963231919055247,0.92672705387843834,14.449999999999999,-7.6729737776484663,-0.90208535960206437,occupied,occupied,1,
128.84516668043139,12.65,-7.9465732846057282,0.91790337511401709,14.449999999999999,-7.6211343941269059,-0.91127963143182444,occupied,occupied,1,
128.89516480487083,12.632492871069163,-7.9000000000000048,0.92681735566747547,14.450000000000003,-7.569262763769868,-0.92053731605735933,occupied,occupied,1,
128.94516292931024,12.600000000000005,-7.8562034295477385,0.95091618830551916,14.450000000000005,-7.5173583456924327,-0.92985918128355283,occupied,occupied,1,
128.99516105374968,12.600000000000001,-7.8064846544587372,0.94193041102714214,14.450000000000001,-7.4654205900131698,-0.93924600176782191,occupied,occupied,1,
129.04515917818912,12.600000000000001,-7.7567560821363735,0.93288582517471985,14.400000000000002,-7.4227275091489258,-0.89784492716764264,occupied,occupied,1,
129.09515730262856,12.600000000000005,-7.7070172880456074,0.92378174999381601,14.400000000000006,-7.3707826707552275,-0.90735279390633361,occupied,occupied,1,
129.145155427068,12.6,-7.6572678409896353,0.91461749938187831,14.4,-7.3188034485386879,-0.9169277894267801,occupied,occupied,1,
129.19515355150745,12.600000000000005,-7.6075073029517739,0.90539238175761305,14.400000000000004,-7.2667892588708147,-0.92657071436696659,occupied,occupied,1,
129.24515167594689,12.550000000000004,-7.5672628878413706,0.94700536873107677,14.400000000000004,-7.2147395082851062,-0.93628237697688366,occupied,occupied,1,
129.29514980038633,12.550000000000004,-7.5175427660596759,0.93766842718274424,14.400000000000004,-7.1626535932829531,-0.94606359328995293,occupied,occupied,1,
129.34514792482577,12.550000000000001,-7.4678108725513992,0.92826871526846655,14.350000000000001,-7.1201871156059156,-0.90499129803921896,occupied,occupied,1,
129.39514604926521,12.550000000000002,-7.4180667447477306,0.91880552139637817,14.350000000000003,-7.0680923165736633,-0.91490167997895677,occupied,occupied,1,
129.44514417370465,12.550000000000002,-7.3683099125072706,0.90927812786624829,14.350000000000003,-7.0159601650998198,-0.92488390000863296,occupied,occupied,1,
129.49514229814406,12.550000000000001,-7.3185398979403304,0.89968581072486076,14.350000000000001,-6.9637900200683873,-0.93493880369907068,occupied,occupied,1,
129.5451404225835,12.5,-7.2786777426138931,0.94100270308712219,14.35,-6.9115812293838434,-0.94506724525139552,occupied,occupied,1,
129.59513854702294,12.500000000000005,-7.2289479604656499,0.93129163223537559,14.350000000000003,-6.8593331297535958,-0.95527008768854393,occupied,occupied,1,
129.64513667146238,12.5,-7.1792042173365171,0.92151365297402088,14.300000000000001,-6.8171034024345456,-0.91454653126631991,occupied,occupied,1,
129.69513479590182,12.500000000000002,-7.1294460073947645,0.91166801846768808,14.300000000000002,-6.7648441232736731,-0.92488705391774118,occupied,occupied,1,
129.74513292034126,12.500000000000002,-7.0796728162170854,0.90175397492821596,14.300000000000002,-6.7125441890205702,-0.93530438802795235,occupied,occupied,1,
129.7951310447807,12.500000000000004,-7.0298841205906486,0.89177076145301692,14.300000000000004,-6.660202894378914,-0.94579943013516043,occupied,occupied,1,
129.84512916922014,12.449999999999999,-6.9904199401538509,0.93277568475935235,14.299999999999999,-6.6078195217783104,-0.95637308655039743,occupied,occupied,1,
129.89512729365958,12.450000000000003,-6.9406709873428092,0.92266652280232686,14.300000000000004,-6.5553933411656464,-0.96702627356533033,occupied,occupied,1,
129.94512541809902,12.450000000000005,-6.8909056396377544,0.91248611274646441,14.250000000000004,-6.5134096105078605,-0.92667218713118304,occupied,occupied,1,
129.99512354253847,12.449999999999999,-6.8411233420571067,0.90223366760514601,14.25,-6.4609694031636566,-0.93747202006780461,occupied,occupied,1,
130.04512166697788,12.450000000000001,-6.7913235298827326,0.89190839249456011,14.25,-6.4084848648861152,-0.94835393755960695,occupied,occupied,1,
130.09511979141732,12.450000000000003,-6.7415056284395964,0.88150948445272648,14.250000000000004,-6.3559552186250041,-0.9593188938889915,occupied,occupied,1,
130.14511791585676,12.411380079820592,-6.7000000000000011,0.9105443961336428,14.25,-6.3033796736117713,-0.97036785439396711,occupied,occupied,1,
130.1951160402962,12.400000000000004,-6.6526971133636525,0.91165834218023645,14.200000000000005,-6.2615984055382468,-0.93034008324327622,occupied,occupied,1,
130.24511416473564,12.4,-6.6042179031358286,0.90130544821643543,14.199999999999999,-6.2076274751615887,-0.94186680840007198,occupied,occupied,1,
130.29511228917508,12.400000000000002,-6.5577233996001558,0.89119371374964806,14.200000000000003,-6.1513958363258903,-0.95409815711425439,occupied,occupied,1,
130.34511041361452,12.4,-6.5131545472966792,0.88122827413827765,14.169172243050319,-6.0999999999999979,-0.93554554379603427,occupied,occupied,1,
130.39510853805396,12.400000000000002,-6.4704530983436763,0.87132610516448039,14.150000000000002,-6.0439125323959599,-0.92990593274707045,occupied,occupied,1,
130.4451066624934,12.4,-6.4295588603535698,0.86141481531381525,14.15,-5.9808577511587746,-0.9451932454986679,occupied,occupied,1,
130.49510478693284,12.36467436983005,-6.4000000000000039,0.88803635310098195,14.1,-5.9287430951151583,-0.91013997671942115,occupied,occupied,1,
130.54510291137225,12.350000000000005,-6.3673880031886396,0.89337023332804377,14.100000000000005,-5.861130569092448,-0.92838622393446846,occupied,occupied,1,
130.59510103581169,12.35,-6.3325059423859935,0.88337320471434,14.069818255782298,-5.7999999999999963,-0.91699826017796671,occupied,occupied,1,
130.64509916025114,12.35,-6.2992422710126705,0.87321217524345807,14.049999999999999,-5.7337410045789099,-0.91837697473992674,occupied,occupied,1,
130.69509728469058,12.350000000000007,-6.2674817258094615,0.86284920344510818,14.050000000000006,-5.6581820567587622,-0.94304284391134752,occupied,occupied,1,
130.74509540913002,12.316630954462104,-6.25,0.88802408972706504,13.999999999999998,-5.5985580091948135,-0.9169989048243582,occupied,occupied,1,
130.79509353356946,12.299999999999999,-6.2288151212741862,0.89554782492311369,13.949999999999999,-5.5383898935493328,-0.89307930085769505,occupied,occupied,1,
130.8450916580089,12.300000000000002,-6.2023496606830308,0.88498642558412455,13.950000000000001,-5.4551782644072997,-0.92630181636209385,occupied,occupied,1,
130.89508978244834,12.300000000000001,-6.176680728799572,0.87404568521261183,13.900000000000002,-5.3926086228188339,-0.90774248047293593,occupied,occupied,1,
130.94508790688778,12.299680998837658,-6.1499999999999995,0.86222546584224835,13.849999999999998,-5.3316508499420987,-0.89082454393085575,occupied,occupied,1,
130.99508603132722,12.25,-6.1495418264597212,0.9055998860716884,13.84007359639468,-5.2499999999999982,-0.9212853154398909,occupied,occupied,1,
131.04508415576666,12.249999999999998,-6.1211792385308925,0.89128101138224447,13.799999999999997,-5.1852434324223697,-0.91937517717371908,occupied,occupied,1,
131.09508228020607,12.236256890389113,-6.1000000000000023,0.89174534380783577,13.750000000000005,-5.1276075039135511,-0.9074115054800993,occupied,occupied,1,
131.14508040464551,12.199999999999998,-6.0936229427898967,0.91846183702377349,13.699999999999998,-5.0712595290852125,-0.89681416118748869,occupied,occupied,1,
131.19507852908495,12.199999999999999,-6.0623930093515987,0.90052511989803286,13.672155135415091,-4.9999999999999982,-0.91494166554536271,occupied,occupied,1,
131.24507665352439,12.200000000000003,-6.0296146745490358,0.88098937569824542,13.615185407325592,-4.9500000000000028,-0.89898747319864525,occupied,occupied,1,
131.29507477796383,12.194151965455228,-5.9999999999999982,0.86731841575002655,13.55972664787511,-4.8999999999999977,-0.88619069835978104,occupied,occupied,1,
131.34507290240327,12.152234843578151,-6.0000000000000027,0.89961566604247256,13.550000000000004,-4.8120219902906038,-0.93478864709574905,occupied,occupied,1,
131.39507102684271,12.150000000000004,-5.9667497124770046,0.8794323084636132,13.500000000000004,-4.7565735446360007,-0.93358350978242066,occupied,occupied,1,
131.44506915128215,12.128940682817737,-5.9499999999999975,0.88358170924017876,13.449999999999999,-4.7009306778679312,-0.93448646632572174,occupied,occupied,1,
131.4950672757216,12.100000000000003,-5.9417504852421752,0.89859728716570486,13.394760740821116,-4.6499999999999995,-0.9303435790448551,occupied,occupied,1,
131.54506540016104,12.099999999999998,-5.9046895986314212,0.87206633910460185,13.338352048341406,-4.6000000000000023,-0.92674736564872129,occupied,occupied,1,
131.59506352460048,12.06956326250922,-5.8999999999999977,0.88926930878541033,13.281483342821238,-4.549999999999998,-0.92491102433020456,occupied,occupied,1,
131.64506164903989,12.050000000000006,-5.8839010885981802,0.89000560796175221,13.22471034946506,-4.5000000000000009,-0.92524275745922635,occupied,occupied,1,
131.69505977347933,12.044251809776704,-5.849999999999997,0.86751889289019446,13.16836731826994,-4.4499999999999966,-0.92792970744204861,occupied,occupied,1,
131.74505789791877,12.010611169735867,-5.850000000000005,0.88822768992119328,13.112396930323181,-4.4000000000000048,-0.93287962768339094,occupied,occupied,1,
131.79505602235821,11.977618761249969,-5.849999999999997,0.90784235220463105,13.056751982513687,-4.3499999999999979,-0.94000193485935402,occupied,occupied,1,
131.84505414679765,11.950000000000005,-5.8427578786906844,0.91775072978645023,13.000000000000004,-4.3020465189856427,-0.94673083191485996,occupied,occupied,1,
131.89505227123709,11.945059985281457,-5.8000000000000034,0.88484906910192795,12.946296143622694,-4.2500000000000036,-0.96040805248571637,occupied,occupied,1,
131.94505039567653,11.911180164185517,-5.7999999999999998,0.90288928996765871,12.891435507864012,-4.1999999999999993,-0.97351699301325367,occupied,occupied,1,
131.99504852011597,11.9,-5.761047789602376,0.87516851037708288,12.807725409716308,-4.1999999999999948,-0.93060988711999615,occupied,occupied,1,
132.04504664455541,11.871053473503554,-5.7500000000000036,0.87982746201041229,12.754766448232656,-4.150000000000003,-0.94799873916533361,occupied,occupied,1,
132.09504476899485,11.835580944181007,-5.7500000000000027,0.8966456103596403,12.699999999999999,-4.1036785581916648,-0.96281522381269657,occupied,occupied,1,
132.14504289343429,11.800000000000004,-5.7498031186195657,0.91268945063659579,12.624251754828229,-4.0999999999999988,-0.93155600090836022,occupied,occupied,1,
132.19504101787371,11.787717503274656,-5.7000000000000002,0.87330364988664311,12.572892018181204,-4.0500000000000007,-0.9539891615857633,occupied,occupied,1,
132.24503914231315,11.750257218608237,-5.6999999999999993,0.88908830118761861,12.5,-4.047659872221665,-0.92539292938920359,occupied,occupied,1,
132.29503726675259,11.712428544074559,-5.7000000000000028,0.90441882512238003,12.448824058325938,-4.0000000000000027,-0.94822208811729958,occupied,occupied,1,
132.34503539119203,11.674168440528218,-5.6999999999999993,0.9193381748889482,12.398794906878051,-3.9499999999999997,-0.97475356410751468,occupied,occupied,1,
132.39503351563147,11.649999999999999,-5.6632216730458538,0.89432307933531896,12.329074055222137,-3.950000000000002,-0.94857411624284715,occupied,occupied,1,
132.44503164007091,11.61514222656872,-5.6499999999999986,0.89460710615459194,12.261161579144623,-3.9499999999999984,-0.9240025286770811,occupied,occupied,1,
132.49502976451035,11.574531828274722,-5.6499999999999986,0.90877760492280035,12.213160502973594,-3.8999999999999981,-0.9541090218335464,occupied,occupied,1,
132.54502788894979,11.533369919174664,-5.6499999999999968,0.92264719420745445,12.147755324147855,-3.8999999999999972,-0.93206826263331666,occupied,occupied,1,
132.59502601338923,11.500000000000002,-5.6252401122331079,0.91011048050231547,12.100000000000001,-3.85220762161791,-0.96169191632731077,occupied,occupied,1,
132.64502413782867,11.465596933038832,-5.5999999999999996,0.8970148192716989,12.037610303377308,-3.8499999999999992,-0.94409878283056814,occupied,occupied,1,
132.69502226226808,11.422059390606361,-5.6000000000000023,0.91034181000138747,11.975799221333887,-3.8500000000000019,-0.9251765909235804,occupied,occupied,1,
132.74502038670752,11.377899701928868,-5.5999999999999952,0.92348016092262264,11.930575918828312,-3.7999999999999954,-0.95945664118367302,occupied,occupied,1,
132.79501851114696,11.348025024698977,-5.5499999999999989,0.88428218511400092,11.870737403970805,-3.7999999999999989,-0.94211542533231629,occupied,occupied,1,
132.8450166355864,11.302172245202474,-5.5499999999999989,0.89725305427356383,11.812030086073003,-3.7999999999999998,-0.92550722011721709,occupied,occupied,1,
132.89501476002584,11.255666124921325,-5.5499999999999954,0.91012678752476162,11.754386538453089,-3.7999999999999945,-0.90954957130207537,occupied,occupied,1,
132.94501288446529,11.208479310083154,-5.5499999999999989,0.92294217176670079,11.711724959662185,-3.7499999999999996,-0.94608329189617246,occupied,occupied,1,
132.99501100890473,11.160737726047863,-5.5500000000000034,0.93569682307205693,11.655656502123216,-3.7500000000000036,-0.93110380766276402,occupied,occupied,1,
133.04500913334417,11.12652800198833,-5.4999999999999982,0.89645845949740754,11.599820292904839,-3.7499999999999991,-0.9164137347405088,occupied,occupied,1,
133.09500725778361,11.078634826924812,-5.5000000000000009,0.90886610742583773,11.550000000000006,-3.7280252048014062,-0.92473139508318059,occupied,occupied,1,
133.14500538222305,11.030802530519908,-5.5000000000000009,0.92106753855091827,11.501735646766932,-3.7000000000000015,-0.93951785319495118,occupied,occupied,1,
133.19500350666249,10.983027801932545,-5.4999999999999973,0.93306602142961537,11.446180081879348,-3.6999999999999966,-0.9255652046127979,occupied,occupied,1,
133.2450016311019,10.947959549714524,-5.4499999999999984,0.89328882539384247,11.390783723620977,-3.6999999999999984,-0.91186857743726024,occupied,occupied,1,
133.29499975554134,10.900080074609487,-5.4500000000000002,0.90494212326116485,11.347983871071074,-3.6500000000000004,-0.9499481190132133,occupied,occupied,1,
133.34499787998078,10.852251661297888,-5.450000000000002,0.91640036557510696,11.292685121686773,-3.6500000000000017,-0.93670018027504376,occupied,occupied,1,
133.39499600442022,10.804471345398818,-5.4500000000000011,0.92766658142497782,11.237535330386162,-3.6500000000000012,-0.92369627201383875,occupied,occupied,1,
133.44499412885966,10.756736251758326,-5.450000000000002,0.9387437357202566,11.182530351112096,-3.6500000000000012,-0.91093207777909546,occupied,occupied,1,
133.4949922532991,10.720671996183007,-5.3999999999999986,0.89830033965934342,11.139294557379177,-3.5999999999999979,-0.94973776837372492,occupied,occupied,1,
133.54499037773854,10.672822553615894,-5.4000000000000021,0.90905217768522539,11.084370710019654,-3.6000000000000014,-0.93739627408355719,occupied,occupied,1,
133.59498850217798,10.62501288133414,-5.3999999999999995,0.91962218710637245,11.029582579962119,-3.5999999999999996,-0.92528340425811084,occupied,occupied,1,
133.64498662661742,10.577240402197182,-5.3999999999999995,0.93001313285629117,10.974926431071777,-3.6000000000000001,-0.91339517176915042,occupied,occupied,1,
133.69498475105686,10.529502616051325,-5.3999999999999986,0.94022772585934422,10.920398631158049,-3.5999999999999983,-0.90172767387929165,occupied,occupied,1,
133.74498287549631,10.492469279326967,-5.3499999999999988,0.8991423551870682,10.876667831185747,-3.5499999999999989,-0.94140335933631336,occupied,occupied,1,
133.79498099993572,10.444610174943532,-5.3499999999999961,0.90905015824268565,10.822202734804897,-3.5499999999999963,-0.93012795745537136,occupied,occupied,1,
133.84497912437516,10.396781212955963,-5.349999999999997,0.91878829860781319,10.767858198633027,-3.5499999999999972,-0.91906319955496651,occupied,occupied,1,
133.8949772488146,10.348980149263904,-5.3499999999999943,0.92835932048443948,10.713630950611005,-3.549999999999994,-0.90820546381343159,occupied,occupied,1,
133.94497537325404,10.301204806097154,-5.3499999999999988,0.93776572269300829,10.659517810146051,-3.549999999999998,-0.89755120058497062,occupied,occupied,1,
133.99497349769348,10.253453069918082,-5.3499999999999961,0.94700996038287144,10.615295202787099,-3.4999999999999964,-0.9380443436410727,occupied,occupied,1,
134.04497162213292,10.215331186129507,-5.2999999999999945,0.90517962206383407,10.561229869089077,-3.4999999999999947,-0.92775406437251984,occupied,occupied,1,
134.09496974657236,10.167451725463808,-5.2999999999999989,0.91413832274062523,10.507272001737835,-3.4999999999999982,-0.91765801423763105,occupied,occupied,1,
134.1449678710118,10.119592247008057,-5.2999999999999972,0.92294100903750387,10.453418737230612,-3.4999999999999973,-0.90775288278993926,occupied,occupied,1,
134.19496599545124,10.071750849794418,-5.3000000000000007,0.93159000318030194,10.4,-3.4981737020178612,-0.899891777430881,occupied,occupied,1,
134.24496411989068,10.023925688075897,-5.3000000000000016,0.94008759084207794,10.354961888140616,-3.4500000000000028,-0.93929660770628887,occupied,occupied,1,
134.29496224433009,9.9761149694948532,-5.2999999999999989,0.94843602257443815,10.301246460252628,-3.4499999999999988,-0.92991710883679191,occupied,occupied,1,
134.34496036876953,9.9369469607183127,-5.2499999999999964,0.90589821062606091,10.247627223163816,-3.4499999999999966,-0.92071675303574108,occupied,occupied,1,
134.39495849320897,9.8890048606871197,-5.2500000000000009,0.91398109768576885,10.194101674038089,-3.4500000000000006,-0.91169249458556534,occupied,occupied,1,
134.44495661764842,9.8410743433308863,-5.2499999999999964,0.92192055888506064,10.14066738131315,-3.4499999999999975,-0.90284134021504936,occupied,occupied,1,
134.49495474208786,9.7931537923381935,-5.25,0.92971873978875563,10.095493321488163,-3.399999999999999,-0.94482365527373768,occupied,occupied,1,
134.5449528665273,9.74524163716492,-5.2500000000000018,0.93737775678395063,10.042086004954918,-3.4000000000000012,-0.93628618818821141,occupied,occupied,1,
134.59495099096674,9.6973363515041662,-5.2499999999999991,0.9448996982809742,9.9887652124713764,-3.399999999999999,-0.92791390189514755,occupied,occupied,1,
134.64494911540618,9.6500000000000039,-5.2463558468682194,0.94859915538883333,9.9355287607920388,-3.4000000000000012,-0.91970397486168587,occupied,occupied,1,
134.69494723984562,9.6091306047837168,-5.2000000000000028,0.90896775914592665,9.8823745298623891,-3.4000000000000017,-0.91165362999361665,occupied,occupied,1,
134.74494536428506,9.5610971723366394,-5.2000000000000046,0.91611156686418627,9.8293004612285859,-3.4000000000000039,-0.90376013305656866,occupied,occupied,1,
134.7949434887245,9.5130669979433087,-5.1999999999999975,0.92312571539398824,9.7763045564938391,-3.3999999999999981,-0.89602079113912803,occupied,occupied,1,
134.84494161316391,9.4650387382362915,-5.2000000000000011,0.93001218873799252,9.7305611574190998,-3.3500000000000001,-0.93894531615308829,occupied,occupied,1,
134.89493973760335,9.4170110862324439,-5.1999999999999975,0.93677294901551622,9.6775819934222795,-3.3499999999999979,-0.93148752470696039,occupied,occupied,1,
134.94493786204279,9.3689827700400397,-5.200000000000002,0.94340993747025015,9.6246773764449305,-3.3500000000000023,-0.92417666875301951,occupied,occupied,1,
134.99493598648223,9.3209525515955018,-5.2000000000000002,0.94992507545389093,9.5718455189170157,-3.3499999999999996,-0.91701018883659713,occupied,occupied,1,
135.04493411092167,9.2795723460071571,-5.149999999999995,0.90587956740005249,9.5190846868299293,-3.3499999999999943,-0.90998556013734366,occupied,occupied,1,
135.09493223536111,9.2314089574825324,-5.1499999999999977,0.91217313000126954,9.4663931984454663,-3.3499999999999979,-0.90310029113972357,occupied,occupied,1,
135.14493035980055,9.183242119992741,-5.1499999999999995,0.91834993677360377,9.413769423043389,-3.3499999999999992,-0.89635192233488514,occupied,occupied,1,
135.19492848423999,9.135070706108932,-5.1499999999999959,0.92441185451391128,9.3674934761964721,-3.2999999999999954,-0.9401310771600061,occupied,occupied,1,
135.24492660867944,9.0868936168766652,-5.1499999999999995,0.93036073434672639,9.3148805450180419,-3.3000000000000003,-0.93363444789043248,occupied,occupied,1,
135.29492473311888,9.0387097807041421,-5.1500000000000021,0.93619841259997405,9.2623326694233867,-3.3000000000000012,-0.92726803366600075,occupied,occupied,1,
135.34492285755832,8.9905181522719815,-5.1500000000000004,0.94192671166511177,9.2098484000710936,-3.3000000000000012,-0.92102947611806241,occupied,occupied,1,
135.39492098199773,8.9481314580046778,-5.099999999999997,0.89721057911251501,9.1574263334875994,-3.2999999999999976,-0.9149164431746668,occupied,occupied,1,
135.44491910643717,8.8998090203873463,-5.0999999999999996,0.90273836946958896,9.1050651110295888,-3.2999999999999998,-0.90892662791423617,occupied,occupied,1,
135.49491723087661,8.8514777018674913,-5.1000000000000023,0.90816171454241523,9.0527634178797509,-3.3000000000000025,-0.90305774744184886,occupied,occupied,1,
135.54491535531605,8.8031365430217132,-5.0999999999999988,0.91348240241223722,9.0060028553810518,-3.2499999999999978,-0.94760726245893179,occupied,occupied,1,
135.59491347975549,8.7547846060923309,-5.099999999999997,0.91870221100442162,8.9537099337683568,-3.2499999999999973,-0.94196199459287289,occupied,occupied,1,
135.64491160419493,8.7064209740070133,-5.0999999999999961,0.9238229088851303,8.9014747263303011,-3.249999999999996,-0.93643136574922625,occupied,occupied,1,
135.69490972863437,8.6580447493911805,-5.0999999999999996,0.92884625605200832,8.8492960771396643,-3.25,-0.93101316615321728,occupied,occupied,1,
135.74490785307381,8.6096550536492451,-5.0999999999999952,0.93377400471180627,8.79717287013613,-3.2499999999999951,-0.92570520504021714,occupied,occupied,1,
135.79490597751325,8.5612188156974902,-5.1000000000000014,0.93861147143748558,8.7451356175436405,-3.2500000000000018,-0.92050804865833491,occupied,occupied,1,
135.84490410195269,8.5126325970987295,-5.1000000000000005,0.94337488857886598,8.6932818453724874,-3.2499999999999991,-0.91542422668396339,occupied,occupied,1,
135.89490222639213,8.4686881374575425,-5.049999999999998,0.89784362741363022,8.6416171257398169,-3.2499999999999978,-0.91044408060971727,occupied,occupied,1,
135.94490035083155,8.4197046833662252,-5.0500000000000034,0.90249371733111161,8.5948740338124292,-3.200000000000002,-0.95578083217327969,occupied,occupied,1,
135.99489847527099,8.3705607193921114,-5.0500000000000007,0.907096518670369,8.5435223869242929,-3.2000000000000006,-0.95097122456062388,occupied,occupied,1,
136.04489659971043,8.3212526290939053,-5.0499999999999998,0.91166131129466699,8.4923637303832873,-3.1999999999999988,-0.9462350822064528,occupied,occupied,1,
136.09489472414987,8.2717771030214529,-5.0500000000000025,0.91619747237510418,8.4413958269602354,-3.200000000000002,-0.94156206844567181,occupied,occupied,1,
136.14489284858931,8.2221311333205751,-5.0499999999999963,0.92071446736926532,8.3906162328536222,-3.1999999999999971,-0.93694191333322052,occupied,occupied,1,
136.19489097302875,8.1723120071382152,-5.0500000000000007,0.9252218402953909,8.3400222912673687,-3.2000000000000015,-0.93236442671959741,occupied,occupied,1,
136.24488909746819,8.1223172989149415,-5.0499999999999989,0.92972920333627818,8.2896111266825088,-3.1999999999999997,-0.9278195106438214,occupied,occupied,1,
136.29488722190763,8.0721448616575966,-5.0500000000000025,0.93424622581505612,8.239379639890835,-3.2000000000000024,-0.92329717099986619,occupied,occupied,1,
136.34488534634707,8.0263207007106274,-5.0000000000000009,0.88857802391483187,8.1893245038533475,-3.2000000000000002,-0.91878752844002953,occupied,occupied,1,
136.39488347078651,7.9758050222446757,-4.9999999999999982,0.89314195354333281,8.1439876365015955,-3.1499999999999981,-0.96448701687521954,occupied,occupied,1,
136.44488159522592,7.9251162473831949,-4.9999999999999973,0.89774390417377392,8.0943013895150173,-3.1499999999999968,-0.95997609957226071,occupied,occupied,1,
136.49487971966536,7.8742531611424091,-5,0.90239364462687421,8.0447895419085196,-3.1500000000000004,-0.95544990561216625,occupied,occupied,1,
136.5448778441048,7.8232147593339798,-4.9999999999999991,0.90710093431368655,7.9954477417860792,-3.1499999999999999,-0.95089911957337991,occupied,occupied,1,
136.59487596854424,7.7720002362426897,-5.0000000000000044,0.91187550983960619,7.9462713908268263,-3.1500000000000052,-0.9463145868189905,occupied,occupied,1,
136.64487409298368,7.7206089720522399,-5.0000000000000018,0.9167270714519955,7.8972556464463679,-3.1500000000000012,-0.94168731925167826,occupied,occupied,1,
136.69487221742312,7.6690405201202543,-4.9999999999999973,0.92166526940455362,7.8483954250628374,-3.1499999999999977,-0.93700850022984972,occupied,occupied,1,
136.74487034186257,7.617294594198766,-4.9999999999999982,0.92669969031167221,7.7996854064663808,-3.1499999999999981,-0.93226948866888271,occupied,occupied,1,
136.79486846630201,7.565371055692804,-5.0000000000000036,0.93183984356562111,7.7511200392824273,-3.1500000000000035,-0.92746182235752217,occupied,occupied,1,
136.84486659074145,7.5132699010435449,-5.0000000000000053,0.93709514788815873,7.7026935475091118,-3.1500000000000048,-0.92257722052524327,occupied,occupied,1,
136.89486471518089,7.4609912493173223,-4.9999999999999973,0.94247491808615436,7.654399938101033,-3.1499999999999977,-0.91760758570152223,occupied,occupied,1,
136.94486283962033,7.4138785106030847,-4.9499999999999948,0.8977036667540006,7.6062330095637671,-3.1499999999999941,-0.91254500491252399,occupied,occupied,1,
136.99486096405974,7.3613696037584004,-4.950000000000002,0.90334651099784946,7.5581863615134592,-3.1500000000000012,-0.90738175026423595,occupied,occupied,1,
137.04485908849918,7.3086920169565861,-4.9500000000000011,0.9091398399345153,7.5158523325992688,-3.1000000000000001,-0.95242278226683796,occupied,occupied,1,
137.09485721293862,7.2558460461025929,-4.9499999999999984,0.9150923883788824,7.4681657448195589,-3.0999999999999974,-0.94705144453609014,occupied,occupied,1,
137.14485533737806,7.2028320468935032,-4.9499999999999993,0.92121272578184521,7.4205865970584091,-3.0999999999999988,-0.94155860857927898,occupied,occupied,1,
137.1948534618175,7.1500628401764086,-4.9499999999999975,0.92745421261604633,7.372691439463912,-3.0999999999999974,-0.93589317668652705,occupied,occupied,1,
137.24485158625694,7.0984828032324332,-4.950000000000002,0.93365565914311499,7.3235490086092998,-3.1000000000000014,-0.92998454132551167,occupied,occupied,1,
137.29484971069638,7.0481337242267195,-4.9499999999999975,0.93974115361211352,7.2731648571013467,-3.0999999999999974,-0.92389481158142095,occupied,occupied,1,
137.34484783513582,6.9990275247594216,-4.9499999999999948,0.94564382110453415,7.2215750332163706,-3.0999999999999952,-0.91769388138538088,occupied,occupied,1,
137.39484595957526,6.9511827843662344,-4.9499999999999957,0.9513012602072376,7.1688079900080091,-3.0999999999999961,-0.91145495844581614,occupied,occupied,1,
137.4448440840147,6.9046242064485241,-4.9499999999999993,0.95665531381765589,7.1148843791812695,-3.0999999999999996,-0.90525481834168142,occupied,occupied,1,
137.49484220845414,6.8593821485994058,-4.9499999999999984,0.96165197705814642,7.0598167510059682,-3.0999999999999992,-0.89917419156746548,occupied,occupied,1,
137.54484033289356,6.8154921942704147,-4.9500000000000011,0.96624143720382893,7.0036091482169409,-3.1000000000000023,-0.89329828766415997,occupied,occupied,1,
137.594838457333,6.7729947422133483,-4.9499999999999993,0.97037824383403071,6.9462565812371411,-3.0999999999999983,-0.88771746545058761,occupied,occupied,1,
137.64483658177244,6.7361456637818424,-4.8999999999999959,0.92384459154845489,6.8919554463970254,-3.0499999999999958,-0.9327050814629062,occupied,occupied,1,
137.69483470621188,6.6960276866271986,-4.9000000000000004,0.92700154013263814,6.831714558999729,-3.0500000000000003,-0.92796771226327146,occupied,occupied,1,
137.74483283065132,6.6573733282992729,-4.9000000000000012,0.92959805687199304,6.7701776411076242,-3.0500000000000007,-0.92383789103345482,occupied,occupied,1,
137.79483095509076,6.6202347387772065,-4.8999999999999968,0.93160784268360441,6.7072926441429948,-3.0499999999999963,-0.92043942423122282,occupied,occupied,1,
137.8448290795302,6.5846656675213282,-4.8999999999999986,0.93301128659602706,6.642993149672872,-3.0499999999999985,-0.91790797019886061,occupied,occupied,1,
137.89482720396964,6.5507204806007273,-4.9000000000000021,0.93379632278630609,6.5771968107859822,-3.0500000000000025,-0.9163931259080913,occupied,occupied,1,
137.94482532840908,6.518452922696568,-4.9000000000000004,0.93395935723795176,6.5098035774171459,-3.0500000000000016,-0.9160608618877093,occupied,occupied,1,
137.99482345284852,6.4879145583101723,-4.900000000000003,0.9335062137482919,6.44069370297579,-3.050000000000002,-0.91709633925397627,occupied,occupied,1,
138.04482157728796,6.4591528193712753,-4.8999999999999986,0.93245302094994631,6.3697255393223626,-3.049999999999998,-0.9197071336848921,occupied,occupied,1,
138.09481970172737,6.4322085822077248,-4.9000000000000012,0.9308269251410396,6.2967331412602885,-3.0500000000000007,-0.92412687350190892,occupied,occupied,1,
138.14481782616681,6.4071131979831231,-4.8999999999999977,0.92866646805909803,6.2215237205970313,-3.049999999999998,-0.93061926956071206,occupied,occupied,1,
138.19481595060626,6.3838849109328013,-4.9000000000000021,0.92602141635313917,6.1438750138014031,-3.0500000000000012,-0.93948247019360986,occupied,occupied,1,
138.2448140750457,6.3625246224389471,-4.9000000000000039,0.92295177590123911,6.0635326554375935,-3.0500000000000038,-0.95105361265327104,occupied,occupied,1,
138.29481219948514,6.3430110009988327,-4.9000000000000004,0.9195256797124951,5.9802076795866386,-3.0500000000000003,-0.96571336349335779,occupied,occupied,1,
138.34481032392458,6.3252950024493444,-4.8999999999999977,0.91581581937034706,5.8819061718096171,-2.9999999999999973,-1.0352335534380566,occupied,occupied,1,
138.39480844836402,6.3092939526729435,-4.8999999999999977,0.9118941188423284,5.7895917557123457,-2.9999999999999973,-1.0579003814864938,occupied,occupied,1,
138.44480657280346,6.294885452244694,-4.899999999999995,0.90782445025239533,5.6930471783176912,-2.9999999999999956,-1.0852157670948193,occupied,occupied,1,
138.4948046972429,6.2819014766984038,-4.9000000000000021,0.90365338274398366,5.5918206622413589,-3.0000000000000013,-1.1177846030675276,occupied,occupied,1,
138.54480282168234,6.2700796148112605,-4.899999999999995,0.89938271915429369,5.4854769515775805,-2.9999999999999947,-1.1562440317791984,occupied,occupied,1,
138.59480094612175,6.255898030788642,-4.9000000000000021,0.89368218512402264,5.3778555998110535,-3.0000000000000027,-1.199391753034166,occupied,occupied,1,
138.64479907056119,6.2370786878210707,-4.899999999999995,0.88545288772722774,5.299999999999998,-3.0555132406155057,-1.1834231048622648,occupied,occupied,1,
138.69479719500063,6.2134681582040816,-4.8999999999999968,0.87439352280541172,5.25,-3.1495673354172,-1.1236768976531852,occupied,occupied,1,
138.74479531944007,6.1850178018694431,-4.8999999999999995,0.86029536633013137,5.1836887542287071,-3.1999999999999993,-1.1126871124691873,occupied,occupied,1,
138.79479344387951,6.1517714813944,-4.8999999999999977,0.84304386651763386,5.1227492525156952,-3.2499999999999982,-1.1015349432832175,occupied,occupied,1,
138.84479156831895,6.1500000000000021,-4.9552574830546652,0.88864518303521189,5.0999100985350223,-3.3499999999999996,-1.0295676279067152,occupied,occupied,1,
138.89478969275839,6.1394945873133766,-5,0.92002042696240749,5.0500000000000016,-3.3987633674549866,-1.0167183807215909,occupied,occupied,1,
138.94478781719783,6.1000000000000014,-5.0070451291878024,0.90334294072757393,5.0000000000000009,-3.440763373523466,-1.0106159245897965,occupied,occupied,1,
138.99478594163728,6.082215636972756,-5.049999999999998,0.92803320196329875,4.9500000000000011,-3.4769318913300022,-1.0101245633180045,occupied,occupied,1,
139.04478406607672,6.0500000000000016,-5.0773192085540177,0.93119565626034428,4.9000000000000012,-3.5077681171038373,-1.0145665667958161,occupied,occupied,1,
139.09478219051616,6.0108801085371013,-5.0999999999999952,0.92623541750083516,4.8992536844309225,-3.5999999999999956,-0.94077109206764742,occupied,occupied,1,
139.14478031495557,5.9999999999999982,-5.1652874947424356,0.972140196684253,4.8499999999999979,-3.6214366431567822,-0.95295082764206396,occupied,occupied,1,
139.19477843939501,5.9628887569266071,-5.1999999999999984,0.97780958919034711,4.8095403642511672,-3.6499999999999977,-0.95421331825330469,occupied,occupied,1,
139.24477656383445,5.9339971232945823,-5.2499999999999947,1.0007483779278326,4.7879213221603916,-3.6999999999999944,-0.92694188296611502,occupied,occupied,1,
139.29477468827389,5.900000000000003,-5.2963467393387926,1.0179265431307665,4.7500000000000036,-3.7252986944990854,-0.92904339993324159,occupied,occupied,1,
139.34477281271333,5.8326890484814111,-5.3000000000000025,0.98129523445808364,4.7498231200626915,-3.800000000000002,-0.86873141911481444,occupied,occupied,1,
139.39477093715277,5.7967273345831201,-5.349999999999997,1.0010241739148524,4.7000000000000011,-3.8035336285151709,-0.8948579649733317,occupied,occupied,1,
139.44476906159221,5.7499999999999982,-5.3883947683474887,1.0056139403045361,4.6825741045667915,-3.8500000000000001,-0.86683272262616229,occupied,occupied,1,
139.49476718603165,5.6999999999999984,-5.4255410271263464,1.0080002710753215,4.6499999999999986,-3.8722632304120972,-0.86687890203570117,occupied,occupied,1,
139.54476531047109,5.6392665546171656,-5.4500000000000002,0.99469376196958048,4.623008707398613,-3.8999999999999999,-0.8587570768802899,occupied,occupied,1,
139.59476343491053,5.592835592996197,-5.4999999999999956,1.0115730592127417,4.5999999999999996,-3.9313391492367193,-0.84488038201261684,occupied,occupied,1,
139.64476155934997,5.5433287010999122,-5.5499999999999989,1.0279567288662057,4.5707038294135147,-3.9499999999999993,-0.84447461594272466,occupied,occupied,1,
139.69475968378939,5.4616071005660025,-5.5499999999999972,0.98620066086017399,4.5325336595610821,-3.949999999999998,-0.86398242704780948,occupied,occupied,1,
139.74475780822883,5.407105714106291,-5.5999999999999996,1.0028642731391888,4.4973284354000835,-3.9499999999999993,-0.88133176147347125,occupied,occupied,1,
139.79475593266827,5.3233286275320006,-5.6000000000000014,0.96329421784363267,4.4650784801114014,-3.9500000000000015,-0.89656957167093265,occupied,occupied,1,
139.84475405710771,5.263858307419147,-5.6499999999999995,0.98119932304551483,4.4357341832928139,-3.9499999999999993,-0.90977650042764813,occupied,occupied,1,
139.89475218154715,5.2000000000000011,-5.6973732000978687,0.99692078046596444,4.4090724095360203,-3.9499999999999988,-0.92111977014224067,occupied,occupied,1,
139.94475030598659,5.1167639604620403,-5.7000000000000028,0.96606743675935902,4.4000000000000012,-3.9912517261582909,-0.88692237389105444,occupied,occupied,1,
139.99474843042603,5.0499999999999998,-5.7371859650199548,0.97554949437328464,4.3750851761593168,-4.0000000000000018,-0.8881363956044781,occupied,occupied,1,
140.04474655486547,4.9752457081069776,-5.7499999999999982,0.96136828331627855,4.3458414641511682,-3.9999999999999982,-0.89837624277045858,occupied,occupied,1,
140.09474467930491,4.898268442895481,-5.7499999999999973,0.93619031936590935,4.3158484541966748,-3.9999999999999982,-0.90818302766443504,occupied,occupied,1,
140.14474280374435,4.8391949846288878,-5.8000000000000052,0.96579582519160734,4.2850332932426198,-4.0000000000000044,-0.91757752605877374,occupied,occupied,1,
140.19474092818376,4.7658611020643971,-5.799999999999998,0.94496902763963586,4.2533380412039659,-3.9999999999999982,-0.92657575887062682,occupied,occupied,1,
140.2447390526232,4.6947045505546248,-5.799999999999998,0.92616980928461401,4.2207175356877098,-3.9999999999999982,-0.93519090005209238,occupied,occupied,1,
140.29473717706264,4.6255434744537389,-5.7999999999999954,0.90918493520969634,4.1871374093697762,-3.9999999999999956,-0.94343479854637136,occupied,occupied,1,
140.34473530150208,4.5582152929237996,-5.7999999999999989,0.89382209622360875,4.1525722768762874,-3.9999999999999982,-0.95131916028444607,occupied,occupied,1,
140.39473342594152,4.5030076004236932,-5.8500000000000041,0.93098447919969218,4.117004097265152,-4.0000000000000044,-0.9588564412088656,occupied,occupied,1,
140.44473155038096,4.4381626832411394,-5.8499999999999996,0.91821105946692827,4.0804207097747334,-3.9999999999999987,-0.96606050259084497,occupied,occupied,1,
140.49472967482041,4.3748312448258453,-5.8499999999999996,0.9066100772532204,4.0499999999999998,-4.0400374772517305,-0.93226992736056247,occupied,occupied,1,
140.54472779925985,4.3129096750130413,-5.8499999999999979,0.89604932298695872,4.012525430872989,-4.0499999999999972,-0.92884264480937961,occupied,occupied,1,
140.59472592369929,4.2523066421518214,-5.8499999999999961,0.88640847960860591,3.9722976815315838,-4.0499999999999963,-0.93524050360073419,occupied,occupied,1,
140.64472404813873,4.1999999999999984,-5.8985203084251188,0.92660868622616188,3.9311023559906162,-4.0500000000000007,-0.94136702925139404,occupied,occupied,1,
140.69472217257817,4.1415733164975972,-5.8999999999999995,0.91992045365260333,3.8889380958640665,-4.0499999999999989,-0.94724974606261114,occupied,occupied,1,
140.74472029701758,4.0840960927079539,-5.9000000000000004,0.91236510627000533,3.8458038317585381,-4.0499999999999998,-0.95291857232378629,occupied,occupied,1,
140.79471842145702,4.0277291952702052,-5.8999999999999995,0.90535107324551611,3.801698147151698,-4.0499999999999989,-0.95840589447145352,occupied,occupied,1,
140.84471654589646,3.9724258426788897,-5.9000000000000012,0.89879804826726395,3.75661869891008,-4.0500000000000016,-0.96374664201580429,occupied,occupied,1,
140.8947146703359,3.9181461124489445,-5.9000000000000021,0.89263149196438751,3.7161720706288586,-4.1000000000000023,-0.91866459470094375,occupied,occupied,1,
140.94471279477534,3.8702977552260105,-5.9500000000000011,0.93707719632992081,3.6689628007313067,-4.1000000000000014,-0.9238461669232213,occupied,occupied,1,
140.99471091921478,3.8178535291288744,-5.9499999999999975,0.93146737955172421,3.620814740119203,-4.0999999999999979,-0.92899608001269185,occupied,occupied,1,
141.04470904365422,3.7664003566877362,-5.9499999999999993,0.92605457046409845,3.5717163867232755,-4.0999999999999996,-0.93416096762849643,occupied,occupied,1,
141.09470716809366,3.7159194806374369,-5.9499999999999993,0.92078132957344938,3.5216530224166411,-4.1000000000000005,-0.9393905594705847,occupied,occupied,1,
141.1447052925331,3.6663963698861339,-5.9500000000000011,0.91559367290684102,3.4706062105218329,-4.1000000000000005,-0.94473796056712156,occupied,occupied,1,
141.19470341697254,3.6178202621540572,-5.9500000000000002,0.91044077611257923,3.4185532691744549,-4.0999999999999996,-0.95025998824775482,occupied,occupied,1,
141.24470154141198,3.5701837243579484,-5.950000000000002,0.90527473271748848,3.3709996026485194,-4.1500000000000021,-0.90571237776705449,occupied,occupied,1,
141.2946996658514,3.5291177288048754,-6.0000000000000009,0.95036757000673944,3.3171426848526595,-4.1500000000000004,-0.91173699721244506,occupied,occupied,1,
141.34469779029084,3.4825528461302979,-5.9999999999999991,0.94497482172904768,3.263164691896987,-4.1499999999999995,-0.91798818440336027,occupied,occupied,1,
141.39469591473028,3.4358225674386884,-6.0000000000000009,0.93938243757373963,3.2092558454677698,-4.1500000000000012,-0.9244395709626565,occupied,occupied,1,
141.44469403916972,3.3889249811524516,-6.0000000000000027,0.93359503605944894,3.1554196533421148,-4.1500000000000021,-0.93108315014744047,occupied,occupied,1,
141.49469216360916,3.3418584986415176,-5.9999999999999947,0.92761743606673586,3.1016597844420501,-4.149999999999995,-0.93791075249088451,occupied,occupied,1,
141.5446902880486,3.2946218556420046,-5.9999999999999973,0.9214546592257441,3.0546460553557742,-4.1999999999999966,-0.89447165665907669,occupied,occupied,1,
141.59468841248804,3.2472141125820295,-5.9999999999999991,0.91511193163582705,3.0012176834887665,-4.1999999999999984,-0.90161981607120245,occupied,occupied,1,
141.64468653692748,3.2000000000000011,-6.0026120598379196,0.91123217127482292,2.9478705001566636,-4.1999999999999984,-0.90892703136772757,occupied,occupied,1,
141.69468466136692,3.1590297021369405,-6.0499999999999954,0.95241670122934419,2.8946086097708652,-4.1999999999999948,-0.91638465634937671,occupied,occupied,1,
141.74468278580636,3.1112520547966169,-6.0500000000000025,0.94558837007667562,2.84143623637733,-4.200000000000002,-0.92398392750084024,occupied,occupied,1,
141.7946809102458,3.0632953912966174,-6.049999999999998,0.93860237444163497,2.78835771240507,-4.1999999999999984,-0.93171597473699364,occupied,occupied,1,
141.84467903468521,3.0151602590327014,-6.049999999999998,0.93146488829887164,2.7429391638863239,-4.2499999999999982,-0.88900327254401779,occupied,occupied,1,
141.89467715912465,2.9668475164034205,-6.0499999999999989,0.92418228851737438,2.6901850802466458,-4.2499999999999982,-0.89695529650474703,occupied,occupied,1,
141.9446752835641,2.9183583261770192,-6.0500000000000007,0.91676115167531602,2.6375307012072939,-4.25,-0.90501384951065333,occupied,occupied,1,
141.99467340800354,2.8776028580631032,-6.0999999999999952,0.95982986304877072,2.584980582502812,-4.2499999999999956,-0.9131698155828305,occupied,occupied,1,
142.04467153244298,2.8288655461206589,-6.099999999999997,0.95216789653178768,2.5325393301970496,-4.2499999999999973,-0.92141402754935653,occupied,occupied,1,
142.09466965688242,2.7799491118687318,-6.0999999999999952,0.94438720516081531,2.4802115865158143,-4.2499999999999947,-0.92973727952655294,occupied,occupied,1,
142.14466778132186,2.7308557850894917,-6.1000000000000014,0.93649506455756848,2.4280020153252737,-4.2500000000000018,-0.93813033958598935,occupied,occupied,1,
142.1946659057613,2.6815880603256943,-6.1000000000000014,0.92849892738458806,2.3841767136081309,-4.3000000000000016,-0.89590604661552542,occupied,occupied,1,
142.24466403020074,2.632148685269792,-6.1000000000000014,0.92040641597112693,2.3322855951885129,-4.3000000000000016,-0.90439984026351572,occupied,occupied,1,
142.29466215464018,2.5825406484558262,-6.1000000000000023,0.91222531428344267,2.2805184914156631,-4.3000000000000025,-0.91293697530704521,occupied,occupied,1,
142.34466027907959,2.5412084774566872,-6.1500000000000004,0.95467111032772545,2.2288799649383444,-4.2999999999999989,-0.92150827867854002,occupied,occupied,1,
142.39465840351903,2.4913165901065559,-6.1499999999999986,0.9463440605991722,2.1773745313178265,-4.2999999999999989,-0.93010461076823481,occupied,occupied,1,
142.44465652795847,2.4412580989883987,-6.150000000000003,0.93795130784718783,2.1260066435920759,-4.3000000000000025,-0.93871687809552162,occupied,occupied,1,
142.49465465239791,2.3910368053900841,-6.1499999999999968,0.9295011710874852,2.0833281398088994,-4.3499999999999961,-0.89661071564721195,occupied,occupied,1,
142.54465277683735,2.3406566887010447,-6.1499999999999995,0.9210020873941972,2.0322672853399557,-4.3499999999999996,-0.90522463021383504,occupied,occupied,1,
142.59465090127679,2.2901218911581527,-6.1499999999999968,0.91246260078926533,1.9813485624282909,-4.349999999999997,-0.91382898834290749,occupied,occupied,1,
142.64464902571623,2.2394367021802584,-6.1500000000000021,0.90389135073600324,1.9305760276367305,-4.3500000000000023,-0.92241500808758747,occupied,occupied,1,
142.69464715015567,2.1971810214237841,-6.1999999999999993,0.94602710165151016,1.879951821649575,-4.3499999999999996,-0.93097432754064224,occupied,occupied,1,
142.74464527459511,2.1462070224737522,-6.1999999999999984,0.93741795276608153,1.8294706374779279,-4.3499999999999988,-0.93950024938877641,occupied,occupied,1,
142.79464339903456,2.0950996234506785,-6.2000000000000002,0.92880299947024847,1.7791346916078066,-4.3499999999999996,-0.94798517135630278,occupied,occupied,1,
142.844641523474,2.04386299904627,-6.1999999999999993,0.9201904159530887,1.7374586086516572,-4.3999999999999986,-0.9057021467277212,occupied,occupied,1,
142.89463964791341,1.9925013147655799,-6.2000000000000011,0.91158840860601409,1.6873873969542985,-4.4000000000000012,-0.91408804214919792,occupied,occupied,1,
142.94463777235285,1.941018718018336,-6.1999999999999993,0.90300521075972473,1.6374639153704635,-4.3999999999999986,-0.9224113220378144,occupied,occupied,1,
142.99463589679229,1.8978006622734456,-6.2499999999999982,0.94514667841316313,1.5876913436875775,-4.3999999999999977,-0.93066455661924097,occupied,occupied,1,
143.04463402123173,1.8460304133731511,-6.2499999999999956,0.93661629981991223,1.5380727667931646,-4.3999999999999959,-0.93884042111157373,occupied,occupied,1,
143.09463214567117,1.7941441195697381,-6.2500000000000027,0.92812840248196304,1.4886111661642532,-4.4000000000000039,-0.94693169938588795,occupied,occupied,1,
143.14463027011061,1.7421458005025547,-6.2500000000000009,0.91969130881973549,1.4393094114381466,-4.4000000000000012,-0.95493128747573441,occupied,occupied,1,
143.19462839455005,1.6900394168223836,-6.2500000000000027,0.91131334597443392,1.39827482409147,-4.4500000000000028,-0.91217961468415698,occupied,occupied,1,
143.24462651898949,1.6378288621138237,-6.25,0.90300284089356264,1.3492134051202285,-4.4499999999999993,-0.919988898532489,occupied,occupied,1,
143.29462464342893,1.585517954972179,-6.2500000000000018,0.89476811550683466,1.3003124423141614,-4.450000000000002,-0.92768687281263573,occupied,occupied,1,
143.34462276786837,1.5409308789612135,-6.3000000000000016,0.93722538061738403,1.2515743132630237,-4.4500000000000028,-0.93526686826180616,occupied,occupied,1,
143.39462089230781,1.4883212889495698,-6.2999999999999972,0.92915039312524161,1.2030012447251044,-4.4499999999999966,-0.94272233963098195,occupied,occupied,1,
143.44461901674723,1.4356151490985771,-6.3000000000000016,0.92117523331017714,1.1545953048667648,-4.450000000000002,-0.95004686811233185,occupied,occupied,1,
143.49461714118667,1.3828159448724953,-6.2999999999999963,0.913308211420368,1.1063583956201704,-4.4499999999999975,-0.9572341635443371,occupied,occupied,1,
143.54461526562611,1.3299270513382213,-6.2999999999999989,0.90555761300750603,1.065633726462512,-4.4999999999999973,-0.91374196693359333,occupied,occupied,1,
143.59461339006555,1.2769517262896897,-6.3000000000000034,0.89793169470723322,1.0176025447977159,-4.5000000000000036,-0.92065621846621482,occupied,occupied,1,
143.64461151450499,1.2238931035698084,-6.3000000000000052,0.89043868014774741,0.96973808330496092,-4.5000000000000053,-0.92741576240969348,occupied,occupied,1,
143.69460963894443,1.1776628707883456,-6.3499999999999979,0.93356179850959853,0.92204155564742074,-4.4999999999999991,-0.93401477468743499,occupied,occupied,1,
143.74460776338387,1.1242885050695177,-6.3499999999999988,0.92633772457358721,0.87451397540093778,-4.4999999999999982,-0.94044756454542733,occupied,occupied,1,
143.79460588782331,1.0708326453094876,-6.3499999999999952,0.9192705871627509,0.82715614948968863,-4.4999999999999947,-0.94670857526512042,occupied,occupied,1,
143.84460401226275,1.0172979219889091,-6.3500000000000041,0.91236851275909603,0.77996867194188302,-4.5000000000000044,-0.95279238457064441,occupied,occupied,1,
143.89460213670219,0.96368681323495164,-6.3500000000000005,0.90563957875477341,0.7391879960544856,-4.5499999999999998,-0.90830631870618228,occupied,occupied,1,
143.9446002611416,0.9100016395011381,-6.3500000000000014,0.89909181011835604,0.69215726981951819,-4.5500000000000025,-0.91404253939962155,occupied,occupied,1,
143.99459838558104,0.86210438573241843,-6.4000000000000004,0.94307538092062582,0.64529077773542109,-4.5500000000000007,-0.91958619344350823,occupied,occupied,1,
144.04459651002048,0.80807948516064476,-6.4000000000000004,0.93689114052344347,0.59858826654307051,-4.5500000000000016,-0.92493231262077802,occupied,occupied,1,
144.09459463445992,0.75388899597890813,-6.3999999999999968,0.93090299144879551,0.55214021767698163,-4.5499999999999972,-0.93006518924272807,occupied,occupied,1,
144.14459275889936,0.69918732669761907,-6.3999999999999986,0.92509885221533972,0.50629998384470931,-4.5499999999999989,-0.93492951505029287,occupied,occupied,1,
144.1945908833388,0.64394603011311247,-6.3999999999999986,0.9195153288886615,0.46111150380411564,-4.5499999999999989,-0.93949743707359334,occupied,occupied,1,
144.24458900777825,0.58816886156564474,-6.3999999999999995,0.91419415800569859,0.41658480281245669,-4.5499999999999998,-0.94374585427085955,occupied,occupied,1,
144.29458713221769,0.53615770231790383,-6.4499999999999957,0.95936282044750554,0.3770308403858999,-4.5999999999999952,-0.89746817837503901,occupied,occupied,1,
144.34458525665713,0.47893993543293772,-6.4499999999999993,0.95466587860986174,0.33348883465402551,-4.5999999999999988,-0.90104315642709631,occupied,occupied,1,
144.39458338109657,0.42114819817380872,-6.4499999999999966,0.95036418933180766,0.29060596995680077,-4.5999999999999979,-0.90423584122676504,occupied,occupied,1,
144.44458150553601,0.36277468240544541,-6.4500000000000011,0.94650570345733209,0.24839165706177468,-4.6000000000000014,-0.9070269983007917,occupied,occupied,1,
144.49457962997542,0.30380838523832321,-6.4500000000000028,0.9431402657071396,0.20685474589402256,-4.6000000000000023,-0.90939853501529255,occupied,occupied,1,
144.54457775441486,0.24423493416128955,-6.4499999999999957,0.94031983983905321,0.16600331257805356,-4.5999999999999943,-0.91133352583594418,occupied,occupied,1,
144.5945758788543,0.18560914937773901,-6.4999999999999973,0.9881234847377629,0.12584442491086828,-4.5999999999999979,-0.91281623610837703,occupied,occupied,1,
144.64457400329374,0.12418584031504865,-6.4999999999999956,0.9865438711767115,0.087378671674766151,-4.6499999999999959,-0.86382224601829183,occupied,occupied,1,
144.69457212773318,0.062052847836511466,-6.4999999999999982,0.98568683562073645,0.048005590109159252,-4.6499999999999986,-0.8643664948131885,occupied,occupied,1,
144.74457025217262,-0.00082067467051544045,-6.4999999999999956,0.98561689426438948,0.0092994380455450418,-4.6499999999999959,-0.86441078571269236,occupied,occupied,1,
144.79456837661206,-0.064470156318019473,-6.4999999999999982,0.98640227901134259,-0.028740564684298687,-4.6499999999999986,-0.8639427168524858,occupied,occupied,1,
144.8445665010515,-0.12723810215431614,-6.4499999999999975,0.9380864958848496,-0.066117862125335713,-4.6499999999999977,-0.86295089510435508,occupied,occupied,1,
144.89456462549094,-0.19179237794902448,-6.4499999999999984,0.94077178750165169,-0.10036805252315781,-4.5999999999999988,-0.91148586392796882,occupied,occupied,1,
144.94456274993038,-0.25721710604144504,-6.450000000000002,0.94452860122935323,-0.1356277842761815,-4.6000000000000023,-0.9094627588280062,occupied,occupied,1,
144.99456087436982,-0.32356778212273252,-6.4499999999999993,0.94944189144941227,-0.17021221570514861,-4.5999999999999996,-0.90690342388156264,occupied,occupied,1,
145.04455899880924,-0.39090592239755872,-6.4499999999999966,0.95560223810628486,-0.20413880724751632,-4.5999999999999961,-0.90380141772035383,occupied,occupied,1,
145.09455712324868,-0.45929937140530869,-6.4499999999999984,0.96310629641889822,-0.23743010600515058,-4.5999999999999988,-0.9001505218778193,occupied,occupied,1,
145.14455524768812,-0.52183048428193413,-6.4000000000000048,0.92157071544731828,-0.27011434463834005,-4.6000000000000041,-0.89594435050318888,occupied,occupied,1,
145.19455337212756,-0.59152101015254288,-6.3999999999999995,0.93192357106364199,-0.29999999999999827,-4.5861493801665656,-0.90520423353529011,occupied,occupied,1,
145.244551496567,-0.66246174331509289,-6.3999999999999968,0.94392112703647135,-0.32467744158906231,-4.5499999999999963,-0.93666341892059501,occupied,occupied,1,
145.29454962100644,-0.73474732557585665,-6.3999999999999959,0.95768552381088046,-0.35463207743111319,-4.5499999999999963,-0.93096150564489877,occupied,occupied,1,
145.34454774544588,-0.79701050757254044,-6.3500000000000005,0.92204819327176302,-0.38411002944043882,-4.5500000000000007,-0.92470214308713861,occupied,occupied,1,
145.39454586988532,-0.87105082998110772,-6.3499999999999988,0.93945090991797364,-0.41317616588189388,-4.5499999999999989,-0.91787221975655042,occupied,occupied,1,
145.44454399432476,-0.93268900774504582,-6.3000000000000043,0.90706317058861374,-0.44190475822710429,-4.5500000000000043,-0.91045414145407699,occupied,occupied,1,
145.4945421187642,-1.0077412684504572,-6.3000000000000007,0.92820324579045121,-0.45602005483437957,-4.5,-0.95445346682446386,occupied,occupied,1,
145.54454024320364,-1.0657254377109822,-6.2500000000000036,0.89818203228545679,-0.48618721285996674,-4.5000000000000036,-0.94528333328653158,occupied,occupied,1,
145.59453836764305,-1.1385353832893632,-6.2499999999999973,0.92179545661436957,-0.51842172505676021,-4.4999999999999964,-0.93482538489490963,occupied,occupied,1,
145.64453649208249,-1.2,-6.2213327986180369,0.91595605576875816,-0.55273702938573332,-4.4999999999999956,-0.92304801076470722,occupied,occupied,1,
145.69453461652193,-1.2625769707244181,-6.2000000000000028,0.91859839655686615,-0.58912694405720045,-4.5000000000000036,-0.90993515206018727,occupied,occupied,1,
145.74453274096138,-1.332534602955679,-6.1999999999999966,0.94488821232522635,-0.6068331130394975,-4.4499999999999957,-0.9496150609542281,occupied,occupied,1,
145.79453086540082,-1.3801846648053151,-6.1500000000000021,0.91741458126676056,-0.6464376555771375,-4.450000000000002,-0.93417518797244559,occupied,occupied,1,
145.84452898984026,-1.4478321628504813,-6.1499999999999959,0.94462644550649466,-0.6880799814012597,-4.4499999999999948,-0.91742172175901748,occupied,occupied,1,
145.8945271142797,-1.4916187264313243,-6.0999999999999988,0.91719143084476484,-0.73169409026927601,-4.4499999999999984,-0.89939477758191499,occupied,occupied,1,
145.94452523871914,-1.556900579795482,-6.1000000000000005,0.94479837250800558,-0.75357567480706833,-4.4000000000000012,-0.9354491917703377,occupied,occupied,1,
145.99452336315858,-1.5999999999999994,-6.0560360553091552,0.92371131193781875,-0.80037701590379662,-4.3999999999999968,-0.91527001835861332,occupied,occupied,1,
146.04452148759802,-1.6599202667349955,-6.0500000000000043,0.94453332098631537,-0.84897573357876377,-4.4000000000000039,-0.89397994680806736,occupied,occupied,1,
146.09451961203743,-1.6999999999999988,-6.0065257635637277,0.92335491389236024,-0.87434945146252541,-4.3500000000000023,-0.92753039688478611,occupied,occupied,1,
146.14451773647687,-1.7570356871050414,-6.0000000000000009,0.94307609883634103,-0.9259710221180496,-4.3500000000000005,-0.90440014658332379,occupied,occupied,1,
146.19451586091631,-1.7999999999999985,-5.9682609002550615,0.93413690800262728,-0.95379320504074405,-4.2999999999999972,-0.93646737167681637,occupied,occupied,1,
146.24451398535575,-1.8483706891184042,-5.9500000000000011,0.93977668420403493,-1.008331463823477,-4.3000000000000007,-0.91175400688215391,occupied,occupied,1,
146.29451210979519,-1.8999999999999984,-5.9408884074880266,0.95509044140301169,-1.0499999999999983,-4.2719523978073752,-0.91783438474692669,occupied,occupied,1,
146.34451023423463,-1.934046276461824,-5.8999999999999968,0.93408346415611332,-1.0961436120303296,-4.2499999999999973,-0.9164788490507122,occupied,occupied,1,
146.39450835867407,-1.9874201928875284,-5.8999999999999977,0.95819599101629327,-1.1499999999999986,-4.2406304781753645,-0.90050780179640211,occupied,occupied,1,
146.44450648311351,-2.014200374097828,-5.8499999999999961,0.92553991588789386,-1.1894625135302919,-4.1999999999999966,-0.91909894813224668,occupied,occupied,1,
146.49450460755295,-2.0645941082564403,-5.8500000000000023,0.94795954813923511,-1.2499999999999984,-4.1989152042279008,-0.89313919012438858,occupied,occupied,1,
146.5445027319924,-2.0999999999999983,-5.8226487990466387,0.93895868494008361,-1.2883334030175035,-4.1499999999999959,-0.92022303549751783,occupied,occupied,1,
146.59450085643184,-2.1363692335439457,-5.7999999999999989,0.93429726122679868,-1.3499999999999981,-4.1463090908199973,-0.89684178171043238,occupied,occupied,1,
146.64449898087125,-2.1819214249845515,-5.7999999999999954,0.95367401659419015,-1.3928106874342865,-4.0999999999999952,-0.92054468892475838,occupied,occupied,1,
146.69449710531069,-2.2030280467669638,-5.75,0.91699945045348485,-1.4499999999999988,-4.0812596266919838,-0.91377789065762016,occupied,occupied,1,
146.74449522975013,-2.2454734033527841,-5.7499999999999956,0.93422968657295913,-1.502974254038298,-4.0499999999999954,-0.92084578001397566,occupied,occupied,1,
146.79449335418957,-2.2859919979581313,-5.7499999999999991,0.95020200407862465,-1.5499999999999985,-4.0007004540091256,-0.94762125499011163,occupied,occupied,1,
146.84449147862901,-2.3043794564961546,-5.7000000000000002,0.91097949376876197,-1.618942794849257,-4.0000000000000009,-0.92200261665393457,occupied,occupied,1,
146.89448960306845,-2.3423839915204052,-5.700000000000002,0.92491065404776729,-1.6690264456557729,-3.9500000000000011,-0.95016544696062732,occupied,occupied,1,
146.94448772750789,-2.361538821949452,-5.6500000000000039,0.88483794492438794,-1.7384730332599494,-3.9500000000000037,-0.92574510399528875,occupied,occupied,1,
146.99448585194733,-2.3994428932070986,-5.649999999999995,0.89759621127601097,-1.7897309680112021,-3.8999999999999946,-0.95557637424485442,occupied,occupied,1,
147.04448397638677,-2.4368837949563051,-5.650000000000003,0.90963028377959942,-1.8585829949759836,-3.900000000000003,-0.93344644149742484,occupied,occupied,1,
147.09448210082621,-2.4582545336147748,-5.600000000000005,0.86857065840635772,-1.9111149210912544,-3.850000000000005,-0.96496738472020582,occupied,occupied,1,
147.14448022526565,-2.495728738663813,-5.599999999999997,0.8794640194570903,-1.9795181756535472,-3.8499999999999965,-0.94508341630975667,occupied,occupied,1,
147.19447834970507,-2.5328081649389649,-5.5999999999999952,0.88966643094212638,-2.0473118788938374,-3.8499999999999956,-0.92643010937824155,occupied,occupied,1,
147.24447647414451,-2.5695168124523908,-5.5999999999999943,0.89919226294884458,-2.1015375673754715,-3.7999999999999945,-0.96064766936327839,occupied,occupied,1,
147.29447459858395,-2.605878104671099,-5.6000000000000032,0.90805489249197691,-2.1691008147424062,-3.8000000000000034,-0.94418008207184811,occupied,occupied,1,
147.34447272302339,-2.6419149446987782,-5.6000000000000005,0.91626673588383123,-2.2361698960922163,-3.7999999999999998,-0.92889695454277788,occupied,occupied,1,
147.39447084746283,-2.6672368205744608,-5.5500000000000043,0.87276649139401452,-2.2923706580353094,-3.7500000000000036,-0.96585381737471865,occupied,occupied,1,
147.44446897190227,-2.7035455863243918,-5.5500000000000007,0.87987754905463866,-2.3594210017894985,-3.7499999999999991,-0.95272216983689184,occupied,occupied,1,
147.49446709634171,-2.7395926445525838,-5.5499999999999989,0.88635518144837022,-2.4260880891646934,-3.7499999999999987,-0.94074227250666187,occupied,occupied,1,
147.54446522078115,-2.7753997729220878,-5.5499999999999989,0.89220832703846842,-2.4924091914142856,-3.7499999999999987,-0.92990134837136373,occupied,occupied,1,
147.59446334522059,-2.810988476978697,-5.5500000000000016,0.89744506032375959,-2.5514053019974474,-3.700000000000002,-0.97067790798784093,occupied,occupied,1,
147.64446146966003,-2.846380037498407,-5.5499999999999972,0.90207260608746676,-2.6179872334201839,-3.6999999999999975,-0.96197226272731384,occupied,occupied,1,
147.69445959409947,-2.8815955566729707,-5.5500000000000052,0.90609735086901,-2.6843304719781664,-3.7000000000000046,-0.95439008892725241,occupied,occupied,1,
147.74445771853888,-2.9166560032332098,-5.5500000000000007,0.90952485173912145,-2.750471029979658,-3.7000000000000015,-0.9479243253139904,occupied,occupied,1,
147.79445584297832,-2.9515822566044294,-5.5500000000000016,0.91235984245562418,-2.8164446592609633,-3.7000000000000015,-0.94256931258393262,occupied,occupied,1,
147.84445396741776,-2.9863951501798618,-5.5499999999999998,0.91460623707344324,-2.8822869126732056,-3.6999999999999993,-0.93832077852019391,occupied,occupied,1,
147.8944520918572,-3.0211155137930765,-5.5499999999999989,0.91626713108085978,-2.9480332041937425,-3.6999999999999984,-0.93517582617609452,occupied,occupied,1,
147.94445021629664,-3.0557642154633364,-5.5499999999999989,0.91734480013195108,-3.0137188677913596,-3.6999999999999988,-0.93313292501387135,occupied,occupied,1,
147.99444834073608,-3.0903622024945068,-5.5499999999999963,0.91784069644453314,-3.0793792151894572,-3.6999999999999962,-0.9321919048925742,occupied,occupied,1,
148.04444646517553,-3.1249305419521374,-5.5499999999999998,0.91775544293148748,-3.1450495925674318,-3.7000000000000006,-0.93235395280641276,occupied,occupied,1,
148.09444458961497,-3.1594904606690184,-5.5499999999999972,0.91708882513510681,-3.2107654364810498,-3.6999999999999971,-0.93362161227657159,occupied,occupied,1,
148.14444271405441,-3.1940633847266846,-5.5499999999999989,0.91583978103148733,-3.276562328899514,-3.6999999999999984,-0.93599878530998326,occupied,occupied,1,
148.19444083849385,-3.2286709785524916,-5.5499999999999954,0.91400638877517226,-3.3424760516231142,-3.6999999999999953,-0.93949073683808615,occupied,occupied,1,
148.24443896293326,-3.2633410317389364,-5.549999999999998,0.91158541572511209,-3.4085365833834365,-3.699999999999998,-0.94410360677228633,occupied,occupied,1,
148.2944370873727,-3.2982953511528907,-5.5499999999999963,0.90855861339657662,-3.4745714334787454,-3.6999999999999962,-0.94982058827356464,occupied,occupied,1,
148.34443521181214,-3.3336501141465598,-5.5499999999999998,0.90491588555815794,-3.5405107104553002,-3.6999999999999993,-0.95661340679939466,occupied,occupied,1,
148.39443333625158,-3.3694207920192905,-5.5500000000000043,0.90065446714587771,-3.5999805327758536,-3.7500000000000036,-0.91405151291197617,occupied,occupied,1,
148.44443146069102,-3.405621429957455,-5.5499999999999963,0.89577146128056417,-3.6650178829741891,-3.7499999999999956,-0.92282319389624701,occupied,occupied,1,
148.49442958513046,-3.4422647493988587,-5.5500000000000034,0.89026390012943635,-3.7300593040050813,-3.7500000000000027,-0.9325980545070075,occupied,occupied,1,
148.5444277095699,-3.4705908962544152,-5.5999999999999996,0.93489233157405816,-3.7951308932893193,-3.7499999999999996,-0.94335850622035555,occupied,occupied,1,
148.59442583400934,-3.5073872585713373,-5.599999999999997,0.92826460410973388,-3.8507205187094526,-3.7999999999999958,-0.90418668515202139,occupied,occupied,1,
148.64442395844878,-3.5446684758060796,-5.5999999999999996,0.92101235002073234,-3.91517132537868,-3.7999999999999998,-0.91672331147724717,occupied,occupied,1,
148.69442208288822,-3.582442537125083,-5.5999999999999979,0.91313225591005898,-3.9797343091132524,-3.799999999999998,-0.93019103426166183,occupied,occupied,1,
148.74442020732766,-3.6207165737155549,-5.5999999999999988,0.90462113367207342,-4.0444308559845554,-3.7999999999999994,-0.94457701498553648,occupied,occupied,1,
148.79441833176708,-3.6594969403170334,-5.6000000000000014,0.89547593083097221,-4.0999999999999996,-3.8371436509579735,-0.92158363146957134,occupied,occupied,1,
148.84441645620652,-3.6987892928079655,-5.600000000000005,0.8856937352818165,-4.1610970363523556,-3.850000000000005,-0.92434174772427835,occupied,occupied,1,
148.89441458064596,-3.7246840999123854,-5.6499999999999986,0.92717182363231576,-4.2256083321404914,-3.8499999999999988,-0.94122992289687168,occupied,occupied,1,
148.9444127050854,-3.7643178170259621,-5.6500000000000004,0.91629869901123306,-4.2903392387951689,-3.8500000000000005,-0.95898755544702929,occupied,occupied,1,
148.99441082952484,-3.8044852576099677,-5.6500000000000004,0.90478684748824556,-4.3400064569306096,-3.9000000000000004,-0.92531778201298021,occupied,occupied,1,
149.04440895396428,-3.8451896046892888,-5.6500000000000021,0.89263359718078183,-4.4045469475008314,-3.900000000000003,-0.94458730324387552,occupied,occupied,1,
149.09440707840372,-3.8697784982955179,-5.6999999999999957,0.93253739888237619,-4.4527097762624228,-3.9499999999999953,-0.91199746791524805,occupied,occupied,1,
149.14440520284316,-3.9108983870796017,-5.7000000000000011,0.9193082118133894,-4.5171544449007088,-3.9500000000000011,-0.9327302347758788,occupied,occupied,1,
149.1944033272826,-3.9525695202603686,-5.7000000000000046,0.90543550691878583,-4.5819141896650617,-3.9500000000000037,-0.95428885784823625,occupied,occupied,1,
149.24440145172204,-3.9947935844591975,-5.7000000000000046,0.89091681986742421,-4.6470036331273876,-3.9500000000000042,-0.97666930869097857,occupied,occupied,1,
149.29439957616148,-4.018290253741104,-5.7499999999999973,0.92933883903748549,-4.6931553512018755,-3.9999999999999978,-0.94627916572007609,occupied,occupied,1,
149.34439770060089,-4.060983029831724,-5.75,0.91375523697304795,-4.75,-4.0208440536795909,-0.94762185321450998,occupied,occupied,1,
149.39439582504033,-4.1042383376018741,-5.7499999999999982,0.89752315530779492,-4.8032742162065372,-4.049999999999998,-0.94058760293736465,occupied,occupied,1,
149.44439394947977,-4.1480571553791652,-5.7499999999999947,0.88064014039717398,-4.8685629918332198,-4.0499999999999945,-0.9657424473576931,occupied,occupied,1,
149.49439207391922,-4.1706221987643506,-5.7999999999999989,0.91765678896768843,-4.9124438768905367,-4.0999999999999996,-0.93714762178239119,occupied,occupied,1,
149.54439019835866,-4.2149483227308639,-5.7999999999999954,0.89971648418003813,-4.9779444156149859,-4.0999999999999952,-0.96365761614346857,occupied,occupied,1,
149.5943883227981,-4.2500000000000009,-5.8213463654977629,0.90462919453721424,-5.0208267937096807,-4.1499999999999986,-0.93590676527539751,occupied,occupied,1,
149.64438644723754,-4.2816357273255319,-5.8499999999999961,0.91719326069008666,-5.0866111717462577,-4.1499999999999959,-0.96376007900772342,occupied,occupied,1,
149.69438457167698,-4.3270120816296531,-5.8500000000000023,0.89756833489048271,-5.1286325375054549,-4.2000000000000028,-0.93685128866311618,occupied,occupied,1,
149.74438269611642,-4.3499999999999988,-5.8959735743376562,0.92867167905184944,-5.1948938266245843,-4.1999999999999984,-0.96610322660844672,occupied,occupied,1,
149.79438082055586,-4.3937954883804435,-5.9000000000000021,0.91254440476437504,-5.2362028613781995,-4.2500000000000018,-0.94006191663285621,occupied,occupied,1,
149.84437894499527,-4.4401391504569414,-5.900000000000003,0.89126896293052482,-5.2999999999999998,-4.2557471052757849,-0.96424397488098001,occupied,occupied,1,
149.89437706943471,-4.4602707643746893,-5.9499999999999957,0.92604768118994807,-5.3436347422303303,-4.2999999999999963,-0.9455377209151602,occupied,occupied,1,
149.94437519387415,-4.5071193041063324,-5.9499999999999975,0.90373672597709065,-5.3999999999999995,-4.3201089930067011,-0.95469826932868562,occupied,occupied,1,
149.99437331831359,-4.5499999999999998,-5.9581228883205517,0.8900604791178176,-5.4499999999999993,-4.3517811526051062,-0.95122542260991527,occupied,occupied,1,
150.04437144275303,-4.5739416208464121,-6.0000000000000044,0.91469603229142138,-5.490356175111331,-4.4000000000000039,-0.92916286558242911,occupied,occupied,1,
150.09436956719247,-4.5999999999999996,-6.0375140830502518,0.93410404571140815,-5.5499999999999998,-4.4142854311912867,-0.94668601599560598,occupied,occupied,1,
150.14436769163191,-4.6407029105138395,-6.0499999999999963,0.92412844365578406,-5.5971184891545489,-4.4499999999999957,-0.93993452713319725,occupied,occupied,1,
150.19436581607135,-4.6893473434250597,-6.0500000000000016,0.89897805388058272,-5.6352750791324544,-4.5000000000000018,-0.9168631509554892,occupied,occupied,1,
150.24436394051079,-4.7074981958625246,-6.1000000000000023,0.93201377725084833,-5.7000000000000002,-4.5063868085584513,-0.94539476516943932,occupied,occupied,1,
150.29436206495023,-4.7499999999999982,-6.1107360514792832,0.91847031917976407,-5.7415802598387602,-4.5500000000000043,-0.93061822226140634,occupied,occupied,1,
150.34436018938968,-4.7744203599278858,-6.1499999999999995,0.93833045553007299,-5.7786039221005332,-4.5999999999999996,-0.90852758626354257,occupied,occupied,1,
150.39435831382909,-4.8244671977708551,-6.1499999999999977,0.91093397302255474,-5.8480757503078147,-4.5999999999999979,-0.94655747213319885,occupied,occupied,1,
150.44435643826853,-4.8499999999999996,-6.1874574413860763,0.9279379155734222,-5.884590483668215,-4.6500000000000004,-0.92520882793348402,occupied,occupied,1,
150.49435456270797,-4.892374783464299,-6.1999999999999993,0.91450533337580675,-5.920548547191669,-4.6999999999999984,-0.90404939178846622,occupied,occupied,1,
150.54435268714741,-4.9090042548397479,-6.2500000000000009,0.94616670789448654,-5.9908558225308495,-4.7000000000000011,-0.94404566496621756,occupied,occupied,1,
150.59435081158685,-4.9606293954699199,-6.25,0.91644191335728054,-6.026348439676422,-4.75,-0.92360077125207951,occupied,occupied,1,
150.64434893602629,-5,-6.2679635146608357,0.90810710036940834,-6.0613062381650007,-4.7999999999999972,-0.90332542985172737,occupied,occupied,1,
150.69434706046573,-5.0293136146668056,-6.3000000000000043,0.91672067856434125,-6.1325098247793921,-4.8000000000000043,-0.94527875161998953,occupied,occupied,1,
150.74434518490517,-5.0499999999999998,-6.3435066202599675,0.93934158014517644,-6.1670436681467233,-4.8499999999999952,-0.92569155127824509,occupied,occupied,1,
150.79434330934461,-5.0985066676682473,-6.3500000000000005,0.91531880418463885,-6.2010640013942657,-4.9000000000000004,-0.90625542547305626,occupied,occupied,1,
150.84434143378405,-5.1139974439171141,-6.400000000000003,0.94557614113361244,-6.2499999999999991,-4.9300445326972966,-0.91218349974568236,occupied,occupied,1,
150.89433955822349,-5.1682842363230623,-6.3999999999999986,0.91221400107036454,-6.3000000000000007,-4.9587292636378635,-0.92028208494147867,occupied,occupied,1,
150.9443376826629,-5.1999999999999984,-6.429281403561161,0.91549272205162202,-6.3399970661300333,-5.0000000000000036,-0.91274102704908822,occupied,occupied,1,
150.99433580710235,-5.2387182922328615,-6.4499999999999993,0.90738482673727383,-6.3999999999999995,-5.0162376085274403,-0.93767609366499594,occupied,occupied,1,
151.04433393154179,-5.2536460448071125,-6.4999999999999982,0.93668363873380167,-6.4459461949719516,-5.049999999999998,-0.94056958022284676,occupied,occupied,1,
151.09433205598123,-5.3000000000000007,-6.5118348565005206,0.91622584438102295,-6.4782675944911681,-5.0999999999999996,-0.92268475329844257,occupied,occupied,1,
151.14433018042067,-5.3245777659780371,-6.5499999999999972,0.92962338755304885,-6.5101229142630856,-5.1499999999999968,-0.90491123970864906,occupied,occupied,1,
151.19432830486011,-5.3499999999999988,-6.5870467244827209,0.94131259854536053,-6.5499999999999989,-5.1901274243304085,-0.90025834256389459,occupied,occupied,1,
151.24432642929955,-5.3963325863486435,-6.5999999999999988,0.92079494772937009,-6.6160235858013126,-5.1999999999999984,-0.93598886686667793,occupied,occupied,1,
151.29432455373899,-5.4104536095970577,-6.6499999999999986,0.94906914571734546,-6.6499999999999995,-5.2467498397488486,-0.92325194485602047,occupied,occupied,1,
151.34432267817843,-5.4689689914586612,-6.6499999999999986,0.91018135759374996,-6.6999999999999984,-5.2752004181914218,-0.93522137192935872,occupied,occupied,1,
151.39432080261787,-5.4999999999999991,-6.6812095217355374,0.91258551246792408,-6.7499999999999991,-5.3037444511822258,-0.94749782453459819,occupied,occupied,1,
151.44431892705731,-5.5425412633551918,-6.7000000000000011,0.89776768461736778,-6.7838011125799111,-5.3500000000000005,-0.93614234951663355,occupied,occupied,1,
151.49431705149672,-5.5564094858835178,-6.7499999999999956,0.92504570820383669,-6.8137811213867323,-5.399999999999995,-0.91980751895761637,occupied,occupied,1,
151.54431517593616,-5.5999999999999996,-6.7681278888972711,0.90846132039485539,-6.8500000000000005,-5.4429441794190856,-0.91324443627013463,occupied,occupied,1,
151.5943133003756,-5.6308854753423754,-6.7999999999999998,0.91031542454408576,-6.9000000000000004,-5.4712043649821513,-0.92716913766029763,occupied,occupied,1,
151.64431142481504,-5.6499999999999995,-6.8441529394704572,0.9289071269105792,-6.9495894588918876,-5.4999999999999973,-0.94076661103141457,occupied,occupied,1,
151.69430954925448,-5.6999999999999993,-6.8565610709900691,0.90293880952306427,-6.9785264041869599,-5.5499999999999989,-0.92510156159294588,occupied,occupied,1,
151.74430767369392,-5.7198429605805527,-6.8999999999999986,0.91997589135311453,-7.0070690583991695,-5.5999999999999979,-0.90949152483809559,occupied,occupied,1,
151.79430579813337,-5.7499999999999982,-6.9329962550140536,0.92207397345060627,-7.0499999999999989,-5.6352492135704972,-0.91481126618073894,occupied,occupied,1,
151.84430392257281,-5.7964625635999836,-6.9499999999999966,0.901076198071595,-7.1000000000000005,-5.6634792456580261,-0.93041103897073874,occupied,occupied,1,
151.89430204701225,-5.8095881888080534,-7,0.9267305885339876,-7.1416251033873044,-5.6999999999999993,-0.93453842528475906,occupied,occupied,1,
151.94430017145169,-5.8499999999999988,-7.0233971356928233,0.9140270300978256,-7.1692190451896867,-5.7499999999999947,-0.91951575761722759,occupied,occupied,1,
151.9942982958911,-5.8873892474903755,-7.0499999999999989,0.90547925822577746,-7.1999999999999993,-5.7966056165521644,-0.90944345860336007,occupied,occupied,1,
152.04429642033054,-5.9002802355240975,-7.0999999999999979,0.93056644672743405,-7.25,-5.8247828408322739,-0.92629171846792779,occupied,occupied,1,
152.09429454476998,-5.9499999999999993,-7.1153313702281968,0.90483670799122318,-7.2999999999999989,-5.8530795853232815,-0.94334606665408871,occupied,occupied,1,
152.14429266920942,-5.9793478905705504,-7.1499999999999995,0.90696100573871119,-7.3300019111915073,-5.8999999999999995,-0.9333558918144127,occupied,occupied,1,
152.19429079364886,-5.9999999999999991,-7.1927276905740998,0.9207118135444089,-7.3563610611362158,-5.9499999999999993,-0.91887711909413039,occupied,occupied,1,
152.2442889180883,-6.0499999999999989,-7.2087672720251668,0.8945690130352093,-7.3999999999999995,-5.9840116573635456,-0.92821081888228396,occupied,occupied,1,
152.29428704252774,-6.0724705350109325,-7.2499999999999973,0.90552136878163969,-7.4500000000000002,-6.0123124656566587,-0.94635817902430797,occupied,occupied,1,
152.34428516696718,-6.0999999999999996,-7.2867069785926377,0.90946793977883811,-7.4895800185299279,-6.0500000000000052,-0.95074086000610836,occupied,occupied,1,
152.39428329140662,-6.1500000000000012,-7.3036674921697324,0.88328693136129766,-7.5151242545537684,-6.0999999999999996,-0.93670748128868453,occupied,occupied,1,
152.44428141584606,-6.1668639435514798,-7.3500000000000014,0.90117566042475783,-7.5499999999999989,-6.1415703015945837,-0.9354973335064336,occupied,occupied,1,
152.4942795402855,-6.2000000000000002,-7.3820615337576285,0.89721295339048557,-7.5999999999999996,-6.170002756387488,-0.9545663206592051,occupied,occupied,1,
152.54427766472492,-6.2496695720329694,-7.4000000000000021,0.87129885443515009,-7.6484260688519417,-6.2000000000000011,-0.97166607669980865,occupied,occupied,1,
152.59427578916436,-6.2499999999999991,-7.4602027404104074,0.91014435037240449,-7.6735464970298199,-6.2500000000000044,-0.95829759469913722,occupied,occupied,1,
152.6442739136038,-6.2740272406124209,-7.4999999999999956,0.91751228763526782,-7.6999999999999993,-6.2987083797317203,-0.94702515297626388,occupied,occupied,1,
152.69427203804324,-6.2999999999999998,-7.5381005710201405,0.92209360710106836,-7.7231881170999195,-6.3500000000000005,-0.93183394906524453,occupied,occupied,1,
152.74427016248268,-6.3499999999999996,-7.5562842090411131,0.89526093036861565,-7.75,-6.3981068297736163,-0.92170765544868649,occupied,occupied,1,
152.79426828692212,-6.3692482240865775,-7.6000000000000014,0.90819296993638976,-7.7999999999999989,-6.4270770375982229,-0.94188781749122197,occupied,occupied,1,
152.84426641136156,-6.3999999999999995,-7.6342346260232841,0.90601325448441383,-7.8499999999999996,-6.4562682622560894,-0.96216895134212355,occupied,occupied,1,
152.894264535801,-6.4500000000000002,-7.6530103810870216,0.87894210609262124,-7.8822128425624802,-6.5,-0.95971679791740083,occupied,occupied,1,
152.94426266024044,-6.4499999999999993,-7.7119939022980297,0.91582856214286412,-7.8999999999999995,-6.5552025609864559,-0.93907472572241713,occupied,occupied,1,
152.99426078467988,-6.4760229855825964,-7.7499999999999947,0.91908671298873323,-7.9306421397845961,-6.5999999999999943,-0.93521015746414571,occupied,occupied,1,
153.04425890911932,-6.5,-7.7895839661931845,0.92472572620244275,-7.9545766531572992,-6.6500000000000021,-0.92309592534157803,occupied,occupied,1,
153.09425703355873,-6.5499999999999998,-7.8089127980874649,0.89718560171855288,-7.9999999999999991,-6.6831728065119362,-0.93851331930103266,occupied,occupied,1,
153.14425515799817,-6.5721297148048476,-7.8499999999999961,0.90480116364304752,-8.0500000000000007,-6.7129868033031483,-0.9598434645168562,occupied,occupied,1,
153.19425328243761,-6.5999999999999996,-7.8866370444198255,0.90495132513725984,-8.0499999999999989,-6.7811477765535084,-0.91839903103886544,occupied,occupied,1,
153.24425140687705,-6.5999999999999988,-7.9443390208974209,0.93983538454531279,-8.0999999999999996,-6.8110703244094681,-0.94013747122668101,occupied,occupied,1,
153.2942495313165,-6.6499999999999986,-7.9642365957121717,0.91183517616607335,-8.1382757216782906,-6.8499999999999979,-0.94732802671884153,occupied,occupied,1,
153.34424765575594,-6.6790376701396603,-7.9999999999999947,0.90992370409063417,-8.1499999999999986,-6.9086984902609618,-0.92165189113519452,occupied,occupied,1,
153.39424578019538,-6.7000000000000002,-8.0417302978203207,0.91785248423219423,-8.1850007282983412,-6.9499999999999984,-0.925270465064855,occupied,occupied,1,
153.44424390463482,-6.6999999999999993,-8.0986556394420575,0.95147121298531478,-8.2081050258193926,-7.0000000000000027,-0.91438649407048833,occupied,occupied,1,
153.49424202907426,-6.75,-8.1191361834448497,0.92301762509809782,-8.25,-7.0363121562717108,-0.92698450296107127,occupied,occupied,1,
153.5442401535137,-6.7859205170977575,-8.1500000000000004,0.91185807053386136,-8.2538028238830847,-7.1000000000000005,-0.89290741743775148,occupied,occupied,1,
153.59423827795314,-6.7999999999999998,-8.1964715323364299,0.92734407336212343,-8.2999999999999989,-7.1332712815022674,-0.91124091879184954,occupied,occupied,1,
153.64423640239255,-6.8038105830031679,-8.2499999999999964,0.95509013017862099,-8.3499999999999996,-7.1640594408455884,-0.93434592622804824,occupied,occupied,1,
153.69423452683199,-6.8499999999999996,-8.2737529277281254,0.93084445093890567,-8.3499999999999996,-7.2298804558558158,-0.89663187928614196,occupied,occupied,1,
153.74423265127143,-6.8499999999999996,-8.3296169894725836,0.96265582185529253,-8.3999999999999986,-7.2608243064559721,-0.9201128307597457,occupied,occupied,1,
153.79423077571087,-6.8999999999999995,-8.3509963094643513,0.93353057190986422,-8.438301974811548,-7.2999999999999989,-0.92952235493274082,occupied,occupied,1,
153.84422890015031,-6.9096493593292925,-8.3999999999999968,0.95310886901822311,-8.4499999999999993,-7.3572775981157612,-0.90698524247342083,occupied,occupied,1,
153.89422702458975,-6.9499999999999984,-8.4282170239013112,0.93541348389246293,-8.4830453640532166,-7.3999999999999968,-0.91051672510394943,occupied,occupied,1,
153.94422514902919,-6.9499999999999993,-8.4834362585727003,0.96607336571516955,-8.4999999999999982,-7.4534468380945329,-0.89494200399485813,occupied,occupied,1,
153.99422327346863,-7,-8.5054298710135914,0.93650350627495149,-8.527177030209014,-7.5000000000000027,-0.89192721626403038,occupied,occupied,1,
154.04422139790807,-7.0158590556822356,-8.5499999999999989,0.94766771100608005,-8.5499999999999989,-7.5493585566829093,-0.88396318388401929,occupied,occupied,1,
154.09421952234752,-7.0499999999999998,-8.5826491488812913,0.9368102655014181,-8.5999999999999996,-7.5810714027993091,-0.90863222383458497,occupied,occupied,1,
154.14421764678693,-7.0499999999999998,-8.6372692648831357,0.96635640015730451,-8.6499999999999986,-7.6130309151395013,-0.93339731995632191,occupied,occupied,1,
154.19421577122637,-7.0999999999999996,-8.6598886957928549,0.93634272761808268,-8.6499999999999986,-7.6769451397721777,-0.89905315183751133,occupied,occupied,1,
154.24421389566581,-7.1226445166088004,-8.6999999999999993,0.93860292997537187,-8.6999999999999993,-7.7091008754882697,-0.92417225665945069,occupied,occupied,1,
154.29421202010525,-7.1499999999999995,-8.7371619301730732,0.93510922826816811,-8.6999999999999993,-7.7726200497301488,-0.89049780478368024,occupied,occupied,1,
154.34421014454469,-7.1499999999999995,-8.7912253465001591,0.96357553079770764,-8.75,-7.8049803219559353,-0.9159667667945115,occupied,occupied,1,
154.39420826898413,-7.1999999999999993,-8.8144818885312617,0.93311750030583296,-8.7796776996196524,-7.8499999999999988,-0.91772202487739352,occupied,occupied,1,
154.44420639342357,-7.2302309271593845,-8.8499999999999979,0.92572649931173123,-8.7999999999999989,-7.900692833177291,-0.90876499399856447,occupied,occupied,1,
154.49420451786301,-7.2499999999999991,-8.8918612616074366,0.93037469918245297,-8.8224851027472262,-7.9500000000000028,-0.90260430628343202,occupied,occupied,1,
154.54420264230245,-7.25,-8.9454075180753243,0.95779159984287143,-8.8499999999999996,-7.9962613051781997,-0.90255206019872258,occupied,occupied,1,
154.59420076674189,-7.2999999999999998,-8.9693124288839314,0.92688742624518938,-8.9000000000000004,-8.0293109859692979,-0.92880724494444145,occupied,occupied,1,
154.64419889118133,-7.3388681686350257,-8.9999999999999982,0.90882189005216296,-8.9000000000000004,-8.0917080067731604,-0.89731402395346349,occupied,occupied,1,
154.69419701562074,-7.3499999999999996,-9.0468474916179957,0.92266175007438878,-8.9499999999999993,-8.1249884466426039,-0.92390915265394669,occupied,occupied,1,
154.74419514006019,-7.3499999999999996,-9.0999136188366982,0.94905649030444239,-9,-8.1585277890718473,-0.95060328988833043,occupied,occupied,1,
154.79419326449963,-7.4000000000000004,-9.1244783045417357,0.91770322597457654,-9,-8.2205735396982682,-0.91997025533452759,occupied,occupied,1,
154.84419138893907,-7.3999999999999986,-9.1773175621984873,0.94359617587634559,-9.0499999999999989,-8.2543537523129178,-0.94700219351851056,occupied,occupied,1,
154.89418951337851,-7.4499999999999993,-9.2022165063645769,0.91201691372158677,-9.0499999999999989,-8.3160873394548833,-0.91697868508341462,occupied,occupied,1,
154.94418763781795,-7.458822216363596,-9.2499999999999964,0.9273524114539381,-9.0999999999999996,-8.3501160656223021,-0.94434617882516358,occupied,occupied,1,
154.99418576225739,-7.4999999999999991,-9.2800735492216297,0.90560739366576448,-9.1212783548396583,-8.3999999999999986,-0.9391345817636324,occupied,occupied,1,
155.04418388669683,-7.5,-9.3324842461135145,0.93051361509256358,-9.1500000000000004,-8.4458352774826722,-0.94262449876186705,occupied,occupied,1,
155.09418201113627,-7.5499999999999998,-9.3580607271334504,0.89847878124753433,-9.1631280549432965,-8.4999999999999947,-0.92866388781088882,occupied,occupied,1,
155.14418013557571,-7.5499999999999989,-9.4102693030307805,0.92289941093407035,-9.1999999999999993,-8.5415315444278157,-0.94182718919327901,occupied,occupied,1,
155.19417826001515,-7.5734976052737197,-9.4499999999999993,0.92051977009441877,-9.2046153953797205,-8.5999999999999996,-0.91878587204347273,occupied,occupied,1,
155.24417638445456,-7.5999999999999988,-9.4882286773136819,0.91458627919482349,-9.2499999999999982,-8.637198751284167,-0.94195672730887725,occupied,occupied,1,
155.294174508894,-7.5999999999999996,-9.5402298765818472,0.93832937164163033,-9.25,-8.697602155131877,-0.91437715583539281,occupied,occupied,1,
155.34417263333344,-7.6499999999999986,-9.5669463444681302,0.90586097403335097,-9.2999999999999989,-8.732258633354915,-0.94324788568351736,occupied,occupied,1,
155.39417075777288,-7.6883208552807183,-9.6000000000000032,0.88650139230146929,-9.3499999999999979,-8.7669364478031344,-0.97230802826693929,occupied,occupied,1,
155.44416888221232,-7.6999999999999993,-9.6466570560628533,0.89689033761244008,-9.3499999999999996,-8.8264691283754164,-0.94571874646486664,occupied,occupied,1,
155.49416700665176,-7.6999999999999993,-9.6992085588966148,0.92020617571445462,-9.3999999999999986,-8.8609286784638215,-0.97523919620698851,occupied,occupied,1,
155.54416513109121,-7.7499999999999991,-9.727347659680305,0.88773514262361675,-9.3999999999999986,-8.919831329110302,-0.94926856562991857,occupied,occupied,1,
155.59416325553065,-7.75,-9.780204219027949,0.91090338982874353,-9.4499999999999993,-8.954044394117826,-0.97921302359544615,occupied,occupied,1,
155.64416137997009,-7.7999999999999989,-9.8089995875823934,0.87845702204211062,-9.4499999999999993,-9.0123432455931756,-0.95379878084995251,occupied,occupied,1,
155.69415950440953,-7.7999999999999998,-9.8621774317202355,0.9015215705036389,-9.4922501222998488,-9.0500000000000007,-0.97553534312991674,occupied,occupied,1,
155.74415762884894,-7.832380207675981,-9.9000000000000004,0.88864267063176172,-9.5,-9.1040003354008441,-0.95921317812721862,occupied,occupied,1,
155.79415575328838,-7.8500000000000005,-9.9451026044307955,0.89212326262816599,-9.5239606723791628,-9.1500000000000004,-0.96107194679925245,occupied,occupied,1,
155.84415387772782,-7.8499999999999996,-9.9987358230998797,0.91509230384907236,-9.5499999999999989,-9.194796050465385,-0.96541804124972619,occupied,occupied,1,
155.89415200216726,-7.9000000000000004,-10.028950566379027,0.88277199118592087,-9.5534935286637808,-9.2499999999999947,-0.94501487663954176,occupied,occupied,1,
155.9441501266067,-7.9000000000000004,-10.082949312365514,0.90575285323224475,-9.5999999999999996,-9.2847223928102256,-0.97232228240602958,occupied,occupied,1,
155.99414825104614,-7.8999999999999995,-10.137102218269069,0.92874239120666779,-9.5999999999999996,-9.3410632461248468,-0.94840385913517233,occupied,occupied,1,
156.04414637548558,-7.9499999999999993,-10.16806288870521,0.89656870521079945,-9.6500000000000004,-9.3737704720344794,-0.97983755228799496,occupied,occupied,1,
156.09414449992502,-7.9499999999999993,-10.222607754331712,0.91964133598196807,-9.6500000000000004,-9.4296238055484434,-0.95621141490971795,occupied,occupied,1,
156.14414262436446,-8,-10.254041240079914,0.88760522046755541,-9.6500000000000004,-9.4852284161860005,-0.93271704720477444,occupied,occupied,1,
156.1941407488039,-7.9999999999999991,-10.308985520911939,0.91080473765613057,-9.6999999999999993,-9.5173178683598749,-0.96449195142997191,occupied,occupied,1,
156.24413887324334,-8.0303468177003676,-10.350000000000003,0.90060811192865342,-9.6999999999999993,-9.572479028281208,-0.94120637672806928,occupied,occupied,1,
156.29413699768276,-8.0499999999999989,-10.396198370691861,0.9022987156852551,-9.75,-9.6041362930160528,-0.97316451639692014,occupied,occupied,1,
156.3441351221222,-8.0500000000000007,-10.45176645143277,0.92577596967594622,-9.75,-9.6588747070424201,-0.95003780528210335,occupied,occupied,1,
156.39413324656164,-8.0661963898564917,-10.499999999999995,0.93149993988154234,-9.75,-9.7134279044954734,-0.92696454967931197,occupied,occupied,1,
156.44413137100108,-8.0999999999999996,-10.540204778663114,0.91790890276155768,-9.7880531906004862,-9.75,-0.94594387214275488,occupied,occupied,1,
156.49412949544052,-8.0999999999999996,-10.59644706549515,0.94177814591143216,-9.7999999999999989,-9.7985816056462127,-0.93614338919592022,occupied,occupied,1,
156.54412761987996,-8.1062645030337066,-10.649999999999999,0.9588896652713601,-9.8000000000000007,-9.8526105324357047,-0.91315998595750714,occupied,occupied,1,
156.5941257443194,-8.1500000000000004,-10.686100683018177,0.93473157766012405,-9.813781658104304,-9.9000000000000039,-0.90541072381711352,occupied,occupied,1,
156.64412386875884,-8.1500000000000004,-10.74332474323845,0.95921985260689668,-9.8499999999999996,-9.9363328873466337,-0.92259731584377824,occupied,occupied,1,
156.69412199319828,-8.1548837490777331,-10.800000000000004,0.97919503002671404,-9.8499999999999996,-9.9883243022342878,-0.90022949425837195,occupied,occupied,1,
156.74412011763772,-8.1999999999999993,-10.839189630274603,0.95555976056106928,-9.8499999999999996,-10.038833090281177,-0.87830789854365721,occupied,occupied,1,
156.79411824207716,-8.1999999999999993,-10.902153415742994,0.98322359976873441,-9.8999999999999986,-10.063286636307756,-0.91248140725109361,occupied,occupied,1,
156.84411636651657,-8.2347370625849567,-10.950000000000001,0.97348574943027733,-9.9000000000000004,-10.110584466463619,-0.8913786125731219,occupied,occupied,1,
156.89411449095601,-8.25,-11.00967195767706,0.98701808121293444,-9.8999999999999986,-10.156541973728689,-0.87048851891309131,occupied,occupied,1,
156.94411261539545,-8.3000000000000007,-11.053260188989679,0.96298971112096499,-9.902286872846382,-10.200000000000003,-0.85232738872978342,occupied,occupied,1,
156.99411073983489,-8.3000000000000007,-11.125783932736427,0.99751991823007402,-9.9499999999999993,-10.217128480969366,-0.88613470245440762,occupied,occupied,1,
157.04410886427434,-8.3031842624609116,-11.199999999999999,1.0310572949436823,-9.9645778585113582,-10.25,-0.88276837135861652,occupied,occupied,1,
157.09410698871378,-8.3534892005618122,-11.249999999999995,1.012818469952173,-10,-10.268437398287286,-0.90407040365203262,occupied,occupied,1,
157.14410511315322,-8.4000000000000004,-11.304199999548079,1.0013283872947589,-10.009105828646899,-10.299999999999999,-0.89541598316684423,occupied,occupied,1,
157.19410323759266,-8.4499999999999993,-11.358332687328453,0.98838109185001366,-10.049999999999999,-10.308692392500571,-0.92518749812170753,occupied,occupied,1,
157.2441013620321,-8.4499999999999993,-11.449315975483021,1.0392320762780174,-10.050000000000001,-10.341259598349801,-0.90699220034212558,occupied,occupied,1,
157.29409948647154,-8.5139809836847054,-11.499999999999995,1.0165580689548599,-10.08019862942206,-10.349999999999996,-0.9265162255123025,occupied,occupied,1,
157.34409761091098,-8.5500000000000007,-11.574395844835461,1.0327762423818521,-10.115776894550308,-10.349999999999998,-0.9548863216259198,occupied,occupied,1,
157.39409573535039,-8.5999999999999996,-11.642242571860507,1.0365631528018302,-10.144499760241615,-10.349999999999998,-0.97723186504757042,occupied,occupied,1,
157.44409385978983,-8.6661170935898824,-11.699999999999999,1.024460326421158,-10.166844395287558,-10.35,-0.99412393836958612,occupied,occupied,1,
157.49409198422927,-8.7432635276227924,-11.750000000000005,1.0022509058890698,-10.183369069469977,-10.350000000000005,-1.0062072021278676,occupied,occupied,1,
157.54409010866871,-8.8000000000000007,-11.823268524454843,1.0145415087946714,-10.194702043106581,-10.350000000000001,-1.0141807329612111,occupied,occupied,1,
157.59408823310815,-8.8589799288549713,-11.899999999999999,1.0318191025132399,-10.244837185624904,-10.299999999999999,-1.0849237576712187,occupied,occupied,1,
157.64408635754759,-8.9445637240294005,-11.949999999999998,1.0158467535481093,-10.243955091277275,-10.299999999999999,-1.0843717887179809,occupied,occupied,1,
157.69408448198703,-9.0313365630668585,-11.999999999999995,1.0038605191413994,-10.240163452118084,-10.299999999999995,-1.0821074690341768,occupied,occupied,1,
157.74408260642647,-9.0999999999999996,-12.080139570369679,1.0319767767023293,-10.23424285321323,-10.299999999999999,-1.0788059549072608,occupied,occupied,1,
157.79408073086591,-9.1999999999999993,-12.114281502661408,1.0097119076804038,-10.198658065795952,-10.35,-1.0176033497505925,occupied,occupied,1,
157.84407885530536,-9.2730109954647446,-12.199999999999998,1.0511496837046395,-10.194152187393676,-10.349999999999998,-1.015490366102838,occupied,occupied,1,
157.89407697974477,-9.3669665797064798,-12.250000000000004,1.0568721846590736,-10.189537684198248,-10.350000000000003,-1.0135440106854288,occupied,occupied,1,
157.94407510418421,-9.4615953642704742,-12.299999999999999,1.0679991587359325,-10.185417134076966,-10.349999999999998,-1.012005157232138,occupied,occupied,1,
157.99407322862365,-9.5720395074140363,-12.299999999999997,1.0322644476982565,-10.182756968608865,-10.349999999999998,-1.0111336577643706,occupied,occupied,1,
158.04407135306309,-9.6630465590379355,-12.349999999999998,1.0552905859081723,-10.183101092131096,-10.349999999999998,-1.0112177536324032,occupied,occupied,1,
158.09406947750253,-9.7542056718530112,-12.399999999999999,1.0831145867554968,-10.185681752509417,-10.35,-1.0118010698232147,occupied,occupied,1,
158.14406760194197,-9.8547502686464039,-12.400000000000004,1.0646487676896357,-10.189710275630013,-10.350000000000003,-1.0125363964877092,occupied,occupied,1,
158.19406572638141,-9.947031967090318,-12.449999999999999,1.1013290996696132,-10.194532721996346,-10.35,-1.0132055119362253,occupied,occupied,1,
158.24406385082085,-10.046135063355868,-12.449999999999998,1.0919135438810039,-10.199579377185035,-10.349999999999998,-1.0136849832476853,occupied,occupied,1,
158.29406197526029,-10.144881903591886,-12.449999999999998,1.0869137375321365,-10.205743197076037,-10.299999999999997,-1.0639475078866762,occupied,occupied,1,
158.34406009969973,-10.244226650918007,-12.449999999999999,1.0863538727230697,-10.207417670471161,-10.299999999999997,-1.0639611974565404,occupied,occupied,1,
158.39405822413917,-10.345146720473258,-12.449999999999999,1.0904324151178997,-10.207709115191211,-10.300000000000001,-1.0639559192697663,occupied,occupied,1,
158.44405634857858,-10.448704377533838,-12.449999999999998,1.0995395245357718,-10.20603591398258,-10.299999999999997,-1.0641120146919132,occupied,occupied,1,
158.49405447301802,-10.556116311742876,-12.449999999999996,1.1142953394179027,-10.201753793345674,-10.299999999999995,-1.0647119562203669,occupied,occupied,1,
158.54405259745747,-10.668839817137069,-12.449999999999999,1.135614811270597,-10.199999999999999,-10.326615928365371,-1.0389128822308611,occupied,occupied,1,
158.59405072189691,-10.788686926624862,-12.450000000000003,1.1648093670811823,-10.196372056320532,-10.350000000000001,-1.0171248449388859,occupied,occupied,1,
158.64404884633635,-10.900474640826317,-12.4,1.150765513556351,-10.18263776515494,-10.35,-1.0212818570305895,occupied,occupied,1,
158.69404697077579,-11.015902145804283,-12.349999999999994,1.1458536262711843,-10.163796160056332,-10.349999999999996,-1.0281023555618163,occupied,occupied,1,
158.74404509521523,-11.130512313740825,-12.300000000000004,1.1488731342083034,-10.14449951666592,-10.350000000000005,-1.0362404179888074,occupied,occupied,1,
158.79404321965467,-11.243842492954396,-12.250000000000002,1.1593382361529136,-10.126005001435859,-10.350000000000001,-1.0451028851847504,occupied,occupied,1,
158.84404134409411,-11.35,-12.190782549036731,1.165872804778127,-10.108904257516143,-10.349999999999998,-1.054217066116683,occupied,occupied,1,
158.89403946853355,-11.429835766551271,-12.100000000000001,1.1386847279958385,-10.093757755952012,-10.350000000000001,-1.0630428778643577,occupied,occupied,1,
158.94403759297299,-11.536854951557986,-12.050000000000001,1.1671350302256136,-10.08108695383997,-10.35,-1.0710026918951505,occupied,occupied,1,
158.9940357174124,-11.596402618413753,-11.950000000000005,1.1328597835752032,-10.071372057429826,-10.350000000000005,-1.0775062974020977,occupied,occupied,1,
159.04403384185184,-11.65,-11.853234783592358,1.1024686183745991,-10.065054618210098,-10.349999999999996,-1.0819687640786297,occupied,occupied,1,
159.09403196629128,-11.745359661517028,-11.800000000000004,1.13752326186554,-10.062543957806771,-10.350000000000005,-1.0838206315138361,occupied,occupied,1,
159.14403009073072,-11.782132148280656,-11.699999999999998,1.1023688879672087,-10.064226536633027,-10.349999999999998,-1.0825109006093654,occupied,occupied,1,
159.19402821517016,-11.85,-11.629118432460663,1.1140353608146025,-10.07047773430876,-10.350000000000001,-1.0775037007472723,occupied,occupied,1,
159.2440263396096,-11.9,-11.547943343989026,1.1091994341054874,-10.08167601011297,-10.35,-1.068269368795324,occupied,occupied,1,
159.29402446404904,-11.917749030703101,-11.449999999999998,1.0719202960105507,-10.098220042447002,-10.349999999999998,-1.0542701326915134,occupied,occupied,1,
159.34402258848849,-11.949999999999999,-11.365151671133892,1.0572888634417053,-10.12045818011261,-10.350000000000001,-1.0350199536603006,occupied,occupied,1,
159.39402071292793,-12,-11.291599363915592,1.066929404574517,-10.148157105071768,-10.35,-1.0105525976633905,occupied,occupied,1,
159.44401883736737,-12.010458627292952,-11.200000000000001,1.036258116987204,-10.182517189474778,-10.350000000000001,-0.97964612183287825,occupied,occupied,1,
159.49401696180678,-12.050000000000001,-11.124277889015348,1.041638176523608,-10.199999999999999,-10.339227109539774,-0.96803959027265341,occupied,occupied,1,
159.54401508624622,-12.090690360161535,-11.049999999999995,1.0514598994214213,-10.199999999999999,-10.319472323477171,-0.97545418957534447,occupied,occupied,1,
159.59401321068566,-12.1,-10.965552628495161,1.0309943363726362,-10.20365538136903,-10.299999999999995,-0.97875271584748358,occupied,occupied,1,
159.6440113351251,-12.1,-10.881006755630192,1.0041856934032278,-10.25,-10.292741868418766,-0.93709109714619609,occupied,occupied,1,
159.69400945956454,-12.15,-10.814001920204499,1.0326470104931631,-10.25,-10.268122547993551,-0.94421522269493063,occupied,occupied,1,
159.74400758400398,-12.15,-10.734091743020528,1.0116057057712042,-10.27962506458352,-10.249999999999998,-0.92040030216325674,occupied,occupied,1,
159.79400570844342,-12.15,-10.656907387238292,0.99320313215598433,-10.299999999999999,-10.226937359610982,-0.90610574863666615,occupied,occupied,1,
159.84400383288286,-12.15,-10.582208774453665,0.97714702334769443,-10.300000000000001,-10.197436254449094,-0.9124428507124589,occupied,occupied,1,
159.8940019573223,-12.15,-10.509781708109617,0.96317542357819019,-10.299999999999999,-10.166741341285864,-0.91836030376545386,occupied,occupied,1,
159.94400008176174,-12.15,-10.439435909916,0.95105367361075166,-10.299999999999999,-10.134835696740247,-0.92385466811337569,occupied,occupied,1,
159.99399820620118,-12.15,-10.371003071585793,0.94057149063481849,-10.299999999999999,-10.1017119618883,-0.92892515332101089,occupied,occupied,1,
160.0439963306406,-12.15,-10.30433496347546,0.93154021044076762,-10.300000000000001,-10.067370305010844,-0.93357433010660851,occupied,occupied,1,
160.09399445508004,-12.15,-10.239301631511621,0.92379023496036816,-10.299999999999999,-10.031816646387131,-0.93780854540346514,occupied,occupied,1,
160.14399257951948,-12.149999999999999,-10.175789704174175,0.91716870777088177,-10.300000000000001,-9.9950611251967061,-0.94163811900246908,occupied,occupied,1,
160.19399070395892,-12.15,-10.113700822886194,0.91153742462752152,-10.299999999999999,-9.95711678341676,-0.94507738771686134,occupied,occupied,1,
160.24398882839836,-12.15,-10.05295020223503,0.90677097506782922,-10.300000000000001,-9.9179984392406393,-0.94814465059693209,occupied,occupied,1,
160.2939869528378,-12.15,-9.9934653210063207,0.90275510388934144,-10.299999999999999,-9.8777217221471822,-0.95086205741362462,occupied,occupied,1,
160.34398507727724,-12.15,-9.9351847409571246,0.89938527703969684,-10.300000000000001,-9.8363022426434696,-0.95325547293660373,occupied,occupied,1,
160.39398320171668,-12.15,-9.8780570473695484,0.89656543442133518,-10.300000000000001,-9.7937548713358513,-0.9553543416175776,occupied,occupied,1,
160.44398132615612,-12.15,-9.8220399034937387,0.89420691165812194,-10.300000000000001,-9.7500931039616283,-0.95719157110103603,occupied,occupied,1,
160.49397945059556,-12.149999999999999,-9.7670992097868083,0.89222751348238638,-10.35,-9.7069979699421101,-0.90877558452462903,occupied,occupied,1,
160.543977575035,-12.15,-9.7132083581761961,0.89055072268465696,-10.35,-9.6609224978706933,-0.91020850919168883,occupied,occupied,1,
160.59397569947441,-12.15,-9.660347571253638,0.8891050302372967,-10.35,-9.6138166084798637,-0.91149629445860991,occupied,occupied,1,
160.64397382391385,-12.149999999999999,-9.6085033161742572,0.88782337405421019,-10.35,-9.5656825222489754,-0.91268589290122271,occupied,occupied,1,
160.69397194835329,-12.15,-9.5576677830700856,0.88664267574545974,-10.35,-9.5165187761763832,-0.91382760747732605,occupied,occupied,1,
160.74397007279273,-12.15,-9.5074043965613502,0.88550122178770796,-10.35,-9.466768178754295,-0.91495741483732274,occupied,occupied,1,
160.79396819723218,-12.15,-9.457162683501144,0.88437391444430369,-10.35,-9.4169964400162272,-0.91607417620304588,occupied,occupied,1,
160.84396632167162,-12.199999999999999,-9.4080445319931449,0.93327179019923279,-10.35,-9.3672053289693213,-0.91717892260119793,occupied,occupied,1,
160.89396444611106,-12.199999999999999,-9.3578315607806459,0.93216914367078174,-10.35,-9.3173946689006577,-0.91827273388844399,occupied,occupied,1,
160.9439625705505,-12.199999999999999,-9.3076395206427769,0.93107731337208488,-10.35,-9.2675642857041094,-0.91935669638221895,occupied,occupied,1,
160.99396069498994,-12.200000000000001,-9.2574684331304056,0.92999518689250382,-10.35,-9.2177140077674533,-0.9204319028183936,occupied,occupied,1,
161.04395881942938,-12.199999999999999,-9.2073183193424661,0.92892164794756071,-10.35,-9.1678436658139848,-0.92149945230805197,occupied,occupied,1,
161.09395694386882,-12.199999999999999,-9.1571891997979158,0.92785557646938854,-10.35,-9.117953092825001,-0.9225604502906446,occupied,occupied,1,
161.14395506830823,-12.200000000000001,-9.1070810942146743,0.92679584869627807,-10.35,-9.0680421238698319,-0.92361600848730241,occupied,occupied,1,
161.19395319274767,-12.199999999999999,-9.056994021340584,0.92574133726449515,-10.35,-9.0181105959875811,-0.92466724485113561,occupied,occupied,1,
161.24395131718711,-12.199999999999999,-9.0069279987635991,0.92469091130067926,-10.35,-8.9681583480481901,-0.92571528351617571,occupied,occupied,1,
161.29394944162655,-12.199999999999999,-8.9568830427220583,0.92364343651523972,-10.35,-8.9181852206135801,-0.92676125474446969,occupied,occupied,1,
161.34394756606599,-12.199999999999999,-8.9068591679120317,0.9225977752966863,-10.35,-8.8681910557958386,-0.92780629487140243,occupied,occupied,1,
161.39394569050543,-12.199999999999999,-8.8568563872921171,0.9215527868067821,-10.35,-8.8181756971128262,-0.92885154624930633,occupied,occupied,1,
161.44394381494487,-12.199999999999999,-8.8068747118858379,0.92050732707654548,-10.35,-8.7681389893413453,-0.92989815718927971,occupied,occupied,1,
161.49394193938431,-12.199999999999999,-8.7569141505819523,0.9194602491029924,-10.35,-8.7180807783681544,-0.93094728190132525,occupied,occupied,1,
161.54394006382375,-12.199999999999999,-8.7069747099319184,0.91841040294657916,-10.35,-8.6680009110380833,-0.93200008043277538,occupied,occupied,1,
161.59393818826319,-12.199999999999999,-8.6570563939454228,0.91735663582933735,-10.399999999999999,-8.618957536593232,-0.88304651983651117,occupied,occupied,1,
161.64393631270261,-12.199999999999999,-8.607159203883624,0.91629779223356844,-10.4,-8.5688400203168431,-0.8841100392949498,occupied,occupied,1,
161.69393443714205,-12.199999999999999,-8.5572831380505239,0.91523271400113804,-10.4,-8.518701560952417,-0.88518072132180869,occupied,occupied,1,
161.74393256158149,-12.199999999999999,-8.5074281915823153,0.91416024043321553,-10.4,-8.4685420115620591,-0.88625974806851426,occupied,occupied,1,
161.79393068602093,-12.199999999999999,-8.4575943562346687,0.91307920839050172,-10.4,-8.4183612252785469,-0.88734830710814216,occupied,occupied,1,
161.84392881046037,-12.200000000000001,-8.407781620168322,0.91198845239377868,-10.399999999999999,-8.3681590551395129,-0.88844759136325147,occupied,occupied,1,
161.89392693489981,-12.199999999999999,-8.3579899677330545,0.91088680472482242,-10.399999999999999,-8.3179353539198164,-0.8895587990321282,occupied,occupied,1,
161.94392505933925,-12.199999999999999,-8.3082193792501613,0.90977309552756314,-10.4,-8.2676899739622822,-0.89068313351356143,occupied,occupied,1,
161.99392318377869,-12.200000000000001,-8.2584698307933362,0.90864615290944917,-10.4,-8.217422767006596,-0.89182180333012651,occupied,occupied,1,
162.04392130821813,-12.199999999999999,-8.2087412939680195,0.90750480304292036,-10.4,-8.1671335840164865,-0.89297602205003468,occupied,occupied,1,
162.09391943265757,-12.199999999999999,-8.1590337356896736,0.90634787026699293,-10.4,-8.1168222750055783,-0.89414700820755655,occupied,occupied,1,
162.14391755709701,-12.199999999999999,-8.1093471179612422,0.90517417718883408,-10.4,-8.0664886888621989,-0.89533598522204072,occupied,occupied,1,
162.19391568153642,-12.199999999999999,-8.0596813976489159,0.90398254478527817,-10.4,-8.0161326731722085,-0.89654418131560021,occupied,occupied,1,
162.24391380597586,-12.199999999999999,-8.0100365262573714,0.90277179250425532,-10.4,-7.9657540740410138,-0.8977728294294226,occupied,occupied,1,
162.29391193041531,-12.200000000000001,-7.9604124497042825,0.90154073836598148,-10.4,-7.9153527359145608,-0.89902316713885044,occupied,occupied,1,
162.34391005485475,-12.199999999999999,-7.910809108093968,0.90028819906395463,-10.4,-7.8649285013991239,-0.90029643656711877,occupied,occupied,1,
162.39390817929419,-12.199999999999999,-7.8612264354907788,0.89901299006561086,-10.4,-7.8144812110804969,-0.90159388429790943,occupied,occupied,1,
162.44390630373363,-12.199999999999999,-7.8116643596918705,0.89771392571260655,-10.399999999999999,-7.7640107033421968,-0.90291676128667231,occupied,occupied,1,
162.49390442817307,-12.199999999999999,-7.7621228019995794,0.89638981932060735,-10.4,-7.7135168141828814,-0.9042663227708343,occupied,occupied,1,
162.54390255261251,-12.199999999999999,-7.7126016769939998,0.89503948327864746,-10.399999999999999,-7.6629993770335609,-0.90564382817880251,occupied,occupied,1,
162.59390067705195,-12.199999999999999,-7.6631008923055406,0.89366172914783615,-10.4,-7.6124582225743582,-0.9070505410379095,occupied,occupied,1,
162.64389880149139,-12.200000000000001,-7.6136203483874034,0.89225536775944481,-10.4,-7.561893178550732,-0.90848772888130447,occupied,occupied,1,
162.69389692593083,-12.199999999999999,-7.5641599382883031,0.89081920931226655,-10.4,-7.5113040695894595,-0.90995666315379653,occupied,occupied,1,
162.74389505037024,-12.199999999999999,-7.5147195474260826,0.88935206346922047,-10.399999999999999,-7.4606907170150238,-0.91145861911670534,occupied,occupied,1,
162.79389317480968,-12.199999999999999,-7.4652990533613579,0.88785273945305254,-10.399999999999999,-7.4100529386654914,-0.91299487575179616,occupied,occupied,1,
162.84389129924912,-12.199999999999999,-7.4158983255725177,0.88632004614121362,-10.399999999999999,-7.3593905487092073,-0.91456671566421321,occupied,occupied,1,
162.89388942368856,-12.199999999999999,-7.3665172252309556,0.88475279215966351,-10.4,-7.3087033574611366,-0.91617542498462512,occupied,occupied,1,
162.943887548128,-12.199999999999999,-7.3171556049778026,0.88314978597570826,-10.449999999999999,-7.2596346276939308,-0.86779529106916886,occupied,occupied,1,
162.99388567256744,-12.199999999999999,-7.2678133087015757,0.88150983598967592,-10.449999999999999,-7.2089360007839813,-0.86948032314532719,occupied,occupied,1,
163.04388379700688,-12.199999999999999,-7.2184901713177503,0.87983175062548113,-10.449999999999999,-7.1582132161979581,-0.87120603061126634,occupied,occupied,1,
163.09388192144633,-12.199999999999999,-7.169186018549027,0.87811433841991715,-10.449999999999999,-7.107466067922056,-0.87297370971055799,occupied,occupied,1,
163.14388004588577,-12.199999999999999,-7.1199006667079079,0.87635640811067761,-10.449999999999999,-7.0566943450527404,-0.8747846596212101,occupied,occupied,1,
163.19387817032521,-12.200000000000001,-7.0706339224808659,0.87455676872302512,-10.449999999999999,-7.0058978316169984,-0.8766401823536768,occupied,occupied,1,
163.24387629476465,-12.199999999999999,-7.0213855827177785,0.87271422965518186,-10.449999999999999,-6.9550763063971939,-0.87854158264813731,occupied,occupied,1,
163.29387441920406,-12.25,-6.9740961739584719,0.9208652512938339,-10.449999999999999,-6.9042295427353988,-0.88049016787209622,occupied,occupied,1,
163.3438725436435,-12.25,-6.9249314233460355,0.91893520501761972,-10.449999999999999,-6.8533573084033588,-0.88248724791501509,occupied,occupied,1,
163.39387066808294,-12.25,-6.8757856478088328,0.91695878571459211,-10.449999999999999,-6.8024593653724983,-0.88453413508635648,occupied,occupied,1,
163.44386879252238,-12.25,-6.8266586027259786,0.91493480870645838,-10.449999999999999,-6.7515354696775267,-0.88663214400970836,occupied,occupied,1,
163.49386691696182,-12.25,-6.7775500324658919,0.91286209017631681,-10.449999999999999,-6.700585371234645,-0.88878259151828376,occupied,occupied,1,
163.54386504140126,-12.25,-6.728268582161105,0.91073457183200912,-10.449999999999999,-6.6497957580968752,-0.89097516730929271,occupied,occupied,1,
163.5938631658407,-12.25,-6.6786186631106901,0.90855962346244379,-10.449999999999999,-6.5993611464331101,-0.89318446323519241,occupied,occupied,1,
163.64386129028014,-12.25,-6.6286025832687372,0.9063569372170539,-10.449999999999999,-6.5492844563981194,-0.89538981669989604,occupied,occupied,1,
163.69385941471958,-12.25,-6.5782232183352969,0.90414667236673041,-10.449999999999999,-6.4995681161009458,-0.89757101503812331,occupied,occupied,1,
163.74385753915902,-12.25,-6.5274839373987037,0.90194941928475481,-10.449999999999999,-6.4502140102623446,-0.8997083289126262,occupied,occupied,1,
163.79385566359844,-12.25,-6.4763885382972601,0.89978616102865916,-10.449999999999999,-6.401223420085973,-0.9017825429056977,occupied,occupied,1,
163.84385378803788,-12.25,-6.4249411828141847,0.89767823240939848,-10.449999999999999,-6.3525969649694565,-0.90377498259663314,occupied,occupied,1,
163.89385191247732,-12.25,-6.3731463321606148,0.89564727688194534,-10.450000000000001,-6.3043345465267233,-0.90566753786924692,occupied,occupied,1,
163.94385003691676,-12.25,-6.3210086831900298,0.89371520159240836,-10.449999999999999,-6.2564352953950895,-0.90744268221770175,occupied,occupied,1,
163.9938481613562,-12.25,-6.268533105772069,0.8919041309141521,-10.449999999999999,-6.2088975212971302,-0.90908348784830517,occupied,occupied,1,
164.04384628579564,-12.25,-6.215724581734527,0.8902363587999722,-10.449999999999999,-6.1617186668184418,-0.91057363640938394,occupied,occupied,1,
164.09384441023508,-12.25,-6.1625881457629808,0.88873430026954403,-10.449999999999999,-6.1148952653510431,-0.91189742522070427,occupied,occupied,1,
164.14384253467452,-12.25,-6.1091288286258365,0.88742044234135953,-10.449999999999999,-6.0684229036360184,-0.91303976891832717,occupied,occupied,1,
164.19384065911396,-12.25,-6.0553516030682539,0.8863172947066883,-10.449999999999999,-6.0222961893174194,-0.91398619647979484,occupied,occupied,1,
164.2438387835534,-12.25,-6.0012613326948925,0.88544734042990925,-10.449999999999999,-5.9765087238951748,-0.91472284364780565,occupied,occupied,1,
164.29383690799284,-12.25,-5.9468627241333465,0.88483298694531887,-10.449999999999999,-5.9310530814328519,-0.91523644082748667,occupied,occupied,1,
164.34383503243225,-12.25,-5.8921602827416484,0.88449651760524239,-10.449999999999999,-5.8859207933399258,-0.91551429659227157,occupied,occupied,1,
164.39383315687169,-12.25,-5.8371582720916848,0.88446004401838596,-10.449999999999999,-5.8411023395054791,-0.91554427699525087,occupied,occupied,1,
164.44383128131113,-12.25,-5.7818606774294716,0.88474545940133431,-10.449999999999999,-5.7965871460138017,-0.91531478094535035,occupied,occupied,1,
164.49382940575057,-12.25,-5.7262711732760705,0.88537439314920419,-10.450000000000001,-5.75236358961675,-0.91481471197016995,occupied,occupied,1,
164.54382753019001,-12.25,-5.6703930952994313,0.88636816681526975,-10.449999999999999,-5.7084190090811067,-0.91403344674736231,occupied,occupied,1,
164.59382565462946,-12.25,-5.6142294165478939,0.88774775167261555,-10.449999999999999,-5.6647397234639856,-0.91296080084352094,occupied,occupied,1,
164.6438237790689,-12.25,-5.5577827280971093,0.88953372801482467,-10.449999999999999,-5.6213110573014111,-0.91158699215123096,occupied,occupied,1,
164.69382190350834,-12.25,-5.5010552241235695,0.89174624633679034,-10.449999999999999,-5.5781173726247939,-0.90990260256013733,occupied,occupied,1,
164.74382002794778,-12.25,-5.4440486913762225,0.89440499052114286,-10.449999999999999,-5.5351421076451874,-0.90789853843494084,occupied,occupied,1,
164.79381815238722,-12.25,-5.3867645029781848,0.89752914314108645,-10.449999999999999,-5.4923678218708014,-0.90556599050026831,occupied,occupied,1,
164.84381627682666,-12.25,-5.3292036164441461,0.90113735297621034,-10.449999999999999,-5.4497762473434657,-0.90289639374860775,occupied,occupied,1,
164.89381440126607,-12.25,-5.2713665758024035,0.90524770482131856,-10.449999999999999,-5.4073483456373275,-0.8998813879937736,occupied,occupied,1,
164.94381252570551,-12.25,-5.2129916081136445,0.90990407430351516,-10.449999999999999,-5.3653224133962736,-0.89653016868404967,occupied,occupied,1,
164.99381065014495,-12.25,-5.1536796453893787,0.91519568284714303,-10.399999999999999,-5.3287919997847899,-0.94307349481843517,occupied,occupied,1,
165.04380877458439,-12.25,-5.0933656772438631,0.92120271992585023,-10.4,-5.2888607724266459,-0.93909788272967853,occupied,occupied,1,
165.09380689902383,-12.25,-5.0319713499398331,0.92801396323209184,-10.4,-5.2497852897294059,-0.93476431460095566,occupied,occupied,1,
165.14380502346327,-12.25,-4.9694006246918727,0.93572905090659053,-10.399999999999999,-5.2115977228593433,-0.93005749485922795,occupied,occupied,1,
165.19380314790271,-12.25,-4.9055372846804337,0.94446103010549853,-10.4,-5.174337356827051,-0.92496494563840015,occupied,occupied,1,
165.24380127234215,-12.25,-4.8402417136690117,0.95433950090811559,-10.399999999999999,-5.1380508311428885,-0.91947753136866739,occupied,occupied,1,
165.29379939678159,-12.25,-4.7733467906301081,0.96551453517467811,-10.399999999999999,-5.1027925177605358,-0.91359016843406382,occupied,occupied,1,
165.34379752122103,-12.300000000000001,-4.6948156004013546,1.02912010321298,-10.4,-5.0686250255627154,-0.90730275513678282,occupied,occupied,1,
165.39379564566045,-12.300000000000001,-4.6230635682675079,1.0436529618595596,-10.35,-5.0464765641177189,-0.95178647973090147,occupied,occupied,1,
165.44379377009989,-12.300000000000001,-4.5488901220209961,1.0601535547303815,-10.35,-5.0158307859832547,-0.94497327010178178,occupied,occupied,1,
165.49379189453933,-12.299999999999999,-4.4719386312915477,1.0789272783204005,-10.300000000000001,-4.9998251630670563,-0.98956593907964085,occupied,occupied,1,
165.54379001897877,-12.271735777101869,-4.4000000000000004,1.0709092330596575,-10.300000000000001,-4.973528642714987,-0.98254567969542939,occupied,occupied,1,
165.59378814341821,-12.25,-4.3239175577515327,1.0723538260766656,-10.297075051425887,-4.9500000000000028,-0.97847407485871263,occupied,occupied,1,
165.64378626785765,-12.25,-4.2373051945079867,1.1000029686899955,-10.25,-4.944267934925052,-1.0212693656268426,occupied,occupied,1,
165.69378439229709,-12.239051782094341,-4.1500000000000004,1.1201465752928339,-10.25,-4.9258147805425692,-1.0148512152355276,occupied,occupied,1,
165.74378251673653,-12.199999999999999,-4.069801803723081,1.1144473972407947,-10.25,-4.9099745279662548,-1.0088496160294163,occupied,occupied,1,
165.79378064117597,-12.199999999999999,-3.9675673108597955,1.156670246413833,-10.243751215124544,-4.8999999999999995,-1.0104338184856658,occupied,occupied,1,
165.84377876561541,-12.15,-3.8835390763552793,1.1496829006582143,-10.225894419197296,-4.9000000000000004,-1.0264088013095105,occupied,occupied,1,
165.89377689005485,-12.1,-3.795392512552878,1.1488948139169648,-10.217716776276815,-4.9000000000000048,-1.0335688938303145,occupied,occupied,1,
165.94377501449426,-12.050000000000001,-3.7021271673348233,1.1555140292469015,-10.217536630748961,-4.8999999999999968,-1.0337372863594534,occupied,occupied,1,
165.9937731389337,-12,-3.6024550867776264,1.1710623732613308,-10.223815965972983,-4.8999999999999968,-1.0285858996590767,occupied,occupied,1,
166.04377126337315,-11.943540160935813,-3.4999999999999964,1.1891197115948313,-10.23513198416839,-4.8999999999999959,-1.0196488363625567,occupied,occupied,1,
166.09376938781259,-11.85,-3.4228615336272652,1.1691613409618371,-10.25,-4.9001462148605475,-1.0085369920049958,occupied,occupied,1,
166.14376751225203,-11.750089546734966,-3.3499999999999961,1.1489401479782242,-10.25,-4.9184611873811059,-1.0213914268150091,occupied,occupied,1,
166.19376563669147,-11.671831521775445,-3.2499999999999991,1.1711750900434781,-10.25,-4.943444204437462,-1.0400142166096429,occupied,occupied,1,
166.24376376113091,-11.550271149309634,-3.2000000000000037,1.1354568693538492,-10.268745168189465,-4.9500000000000046,-1.0336002622786975,occupied,occupied,1,
166.29376188557035,-11.469674823578206,-3.0999999999999952,1.1724678737226941,-10.287018727149354,-4.9499999999999957,-1.0232496496441732,occupied,occupied,1,
166.34376001000979,-11.362238469511839,-3.0500000000000012,1.1601681309523473,-10.297962152049966,-4.9500000000000011,-1.0176023068831488,occupied,occupied,1,
166.39375813444923,-11.25,-3.0254221882339105,1.1297006326174848,-10.300000000000001,-4.954995652776196,-1.0210559214968384,occupied,occupied,1,
166.44375625888867,-11.147250401685298,-3.0000000000000027,1.1096347105854969,-10.300000000000001,-4.9529577996394147,-1.0191859512665795,occupied,occupied,1,
166.49375438332808,-11.061167616504893,-2.949999999999994,1.1234150658334481,-10.295104534466917,-4.949999999999994,-1.018278807170236,occupied,occupied,1,
166.54375250776752,-10.961864075080973,-2.9500000000000042,1.0897318888890821,-10.284504405752838,-4.9500000000000046,-1.0218590093751445,occupied,occupied,1,
166.59375063220696,-10.869512612276441,-2.9499999999999957,1.0616674394875243,-10.269982910299223,-4.9499999999999957,-1.0262587717452607,occupied,occupied,1,
166.6437487566464,-10.782920226200119,-2.9500000000000002,1.038134228659696,-10.251969219176535,-4.9499999999999993,-1.0311431746527158,occupied,occupied,1,
166.69374688108584,-10.70114353932609,-2.9499999999999984,1.0182916484020765,-10.242588553119825,-4.8999999999999986,-0.98489897542148463,occupied,occupied,1,
166.74374500552528,-10.623431901157581,-2.9499999999999971,1.0014831370716519,-10.21729519454377,-4.8999999999999977,-0.99036199356956223,occupied,occupied,1,
166.79374312996472,-10.549184595662281,-2.9499999999999988,0.98719014578888686,-10.198829032507543,-4.8499999999999996,-0.94484220917659723,occupied,occupied,1,
166.84374125440416,-10.477918503531161,-2.9499999999999957,0.97499831383188917,-10.167899327095189,-4.8499999999999961,-0.95012814688648162,occupied,occupied,1,
166.89373937884361,-10.409243548021127,-2.949999999999998,0.96457249871660755,-10.135084691154596,-4.8499999999999979,-0.9551053593622848,occupied,occupied,1,
166.94373750328305,-10.34284396559271,-2.9499999999999957,0.95563823136676473,-10.10052545671166,-4.8499999999999961,-0.95975161400318987,occupied,occupied,1,
166.99373562772249,-10.278463962685905,-2.9499999999999988,0.94796784496538333,-10.069975077229802,-4.7999999999999989,-0.91374309268275966,occupied,occupied,1,
167.0437337521619,-10.215896700610193,-2.9499999999999997,0.94137001718314472,-10.03160898948345,-4.7999999999999998,-0.91778623242911817,occupied,occupied,1,
167.09373187660134,-10.150567808070198,-2.9999999999999978,0.88548788787712429,-9.9962870605527758,-4.7499999999999982,-0.87129967726970825,occupied,occupied,1,
167.14373000104078,-10.09165754685492,-2.9999999999999991,0.8806098493695429,-9.9547567647347837,-4.7499999999999991,-0.87473678994279114,occupied,occupied,1,
167.19372812548022,-10.034085912382968,-2.9999999999999991,0.87636787953964079,-9.912040708761463,-4.7499999999999991,-0.87788268173346762,occupied,occupied,1,
167.24372624991966,-9.9746462553315016,-3.0499999999999998,0.82255680700330702,-9.8681679844182479,-4.75,-0.88077452370621689,occupied,occupied,1,
167.2937243743591,-9.9198369310932275,-3.0499999999999972,0.81929313077136068,-9.8259984074220075,-4.6999999999999975,-0.83337309945324023,occupied,occupied,1,
167.34372249879854,-9.8661387831388208,-3.0499999999999998,0.81636826738328461,-9.7796256618225907,-4.7000000000000002,-0.8358982123831834,occupied,occupied,1,
167.39372062323798,-9.813537761531606,-3.0500000000000025,0.81370126284884503,-9.7321698823196616,-4.700000000000002,-0.83830380123765691,occupied,occupied,1,
167.44371874767742,-9.762037654298453,-3.0500000000000025,0.81121594706743838,-9.6836045788741494,-4.7000000000000028,-0.84064716691038588,occupied,occupied,1,
167.49371687211686,-9.7116605353798828,-3.0500000000000007,0.80883983130344117,-9.6338861618888689,-4.7000000000000011,-0.84299213750328916,occupied,occupied,1,
167.54371499655628,-9.662447991525335,-3.0499999999999994,0.80650328494710577,-9.5853598731204102,-4.6499999999999986,-0.79535269422181143,occupied,occupied,1,
167.59371312099572,-9.6144632627219089,-3.049999999999994,0.8041390078842342,-9.5332484701599878,-4.649999999999995,-0.79792086694282061,occupied,occupied,1,
167.64371124543516,-9.5677945190707749,-3.050000000000002,0.80168186145654952,-9.4797964995986561,-4.6500000000000012,-0.8007362024178607,occupied,occupied,1,
167.6937093698746,-9.5227460296286264,-3.0499999999999972,0.79907681253587226,-9.4246677178593785,-4.6499999999999977,-0.80392641741705206,occupied,occupied,1,
167.74370749431404,-9.4796566825236255,-3.0500000000000034,0.79626245032535448,-9.3674740412166049,-4.650000000000003,-0.80766552343488229,occupied,occupied,1,
167.79370561875348,-9.4386366344657002,-3.0499999999999954,0.79317069683765073,-9.3080366612278045,-4.649999999999995,-0.81215056478250802,occupied,occupied,1,
167.84370374319292,-9.3997778964844567,-3.0499999999999989,0.78974514083447733,-9.2461709529326992,-4.6499999999999986,-0.81761141360741529,occupied,occupied,1,
167.89370186763236,-9.363146437827341,-3.0499999999999958,0.7859430541460799,-9.1816874596266764,-4.6499999999999959,-0.82431386969235831,occupied,occupied,1,
167.9436999920718,-9.3354722323328243,-3.0000000000000031,0.83218309050011607,-9.1143938818736618,-4.650000000000003,-0.83256182600863937,occupied,occupied,1,
167.99369811651124,-9.3045344709758417,-3,0.82772935112987578,-9.0440979840759432,-4.6500000000000004,-0.84269788874283491,occupied,occupied,1,
168.04369624095068,-9.275936983234045,-2.9999999999999991,0.82291010086263805,-8.9706115369388151,-4.6499999999999995,-0.85510170724700207,occupied,occupied,1,
168.09369436539009,-9.2495456108488998,-2.9999999999999942,0.81773855795976347,-8.9045368288564717,-4.5999999999999943,-0.81903603240138256,occupied,occupied,1,
168.14369248982953,-9.2251510025943002,-2.9999999999999991,0.81222376128314466,-8.8258432791473869,-4.5999999999999988,-0.8368507239977222,occupied,occupied,1,
168.19369061426897,-9.2024643558067449,-3.0000000000000009,0.8063581905746755,-8.7436356206431238,-4.6000000000000014,-0.85813086262208493,occupied,occupied,1,
168.24368873870841,-9.1974720709320188,-2.949999999999998,0.8527105393575134,-8.657790589587103,-4.5999999999999979,-0.8833067708403548,occupied,occupied,1,
168.29368686314785,-9.1791867075454867,-2.9500000000000011,0.84669731326343489,-8.5682146741831904,-4.6000000000000005,-0.91278750495775685,occupied,occupied,1,
168.3436849875873,-9.1605531003685599,-2.950000000000002,0.83987855576721937,-8.4965895606284576,-4.5500000000000016,-0.89241691040020255,occupied,occupied,1,
168.39368311202674,-9.1381914326753328,-2.9499999999999975,0.83092796281188208,-8.4069907107865642,-4.5499999999999972,-0.92823504717060845,occupied,occupied,1,
168.44368123646618,-9.1119102598173676,-2.9500000000000015,0.81960967884381075,-8.3430125339968662,-4.5000000000000018,-0.91062259249201771,occupied,occupied,1,
168.49367936090562,-9.0999999999999996,-2.9158759430029084,0.84450387015490436,-8.2568731900210324,-4.5,-0.9500188646306521,occupied,occupied,1,
168.54367748534506,-9.0764072800888105,-2.8999999999999959,0.84705937527340913,-8.1997481493570206,-4.4499999999999966,-0.93367958131046358,occupied,occupied,1,
168.5936756097845,-9.0500000000000007,-2.8845014939715834,0.84718812539342325,-8.1166798722566416,-4.4499999999999984,-0.97541222389549254,occupied,occupied,1,
168.64367373422391,-9.0328974108098468,-2.8499999999999988,0.86772570675403027,-8.065582143369129,-4.3999999999999986,-0.9593481359310172,occupied,occupied,1,
168.69367185866335,-9,-2.8374739704997145,0.86061547797334925,-7.9999999999999991,-4.3775617619466267,-0.97564986379069607,occupied,occupied,1,
168.74366998310279,-8.9812727917509392,-2.7999999999999972,0.88155332904131145,-7.9397758691024682,-4.3499999999999961,-0.98585552814187982,occupied,occupied,1,
168.79366810754223,-8.9499999999999993,-2.7785026343171833,0.88168742808737799,-7.8971904144561851,-4.2999999999999954,-0.96854559972092358,occupied,occupied,1,
168.84366623198167,-8.9215603155101171,-2.7499999999999991,0.88870373519843271,-7.8499999999999996,-4.2605367479648093,-0.96331213318073627,occupied,occupied,1,
168.89366435642111,-8.8999999999999986,-2.7093836411379115,0.90914742809740423,-7.7999999999999989,-4.228238154172292,-0.96619761529191972,occupied,occupied,1,
168.94366248086055,-8.8538177338301498,-2.7000000000000002,0.88948013788694613,-7.7499999999999991,-4.1988297576478546,-0.97194518479689851,occupied,occupied,1,
168.99366060529999,-8.8355930710282955,-2.6500000000000012,0.91878896426262147,-7.7165621745348965,-4.1500000000000012,-0.95263566614780981,occupied,occupied,1,
169.04365872973943,-8.7999999999999989,-2.6217668747145724,0.9200209540104316,-7.6499999999999995,-4.1473502267223319,-0.99045138651775055,occupied,occupied,1,
169.09365685417887,-8.7591719157595307,-2.6000000000000014,0.91271770241679229,-7.617353799700691,-4.1000000000000023,-0.97242118110350673,occupied,occupied,1,
169.14365497861829,-8.7396242470670433,-2.550000000000002,0.94056011524362637,-7.5999999999999996,-4.0334605476508658,-0.93010784592418227,occupied,occupied,1,
169.19365310305773,-8.6999999999999993,-2.5258545882628836,0.9354717762314172,-7.5578134824688465,-4,-0.92938605635945826,occupied,occupied,1,
169.24365122749717,-8.6613053902975405,-2.4999999999999973,0.93211956530093443,-7.5,-3.9870059843761951,-0.95462816746694845,occupied,occupied,1,
169.29364935193661,-8.6412117648846944,-2.4500000000000011,0.9590748302086658,-7.4612084853280116,-3.9500000000000011,-0.94943446758491001,occupied,occupied,1,
169.34364747637605,-8.5813738226992093,-2.4500000000000046,0.92200089615780367,-7.4331280418335703,-3.9000000000000052,-0.92758510435034913,occupied,occupied,1,
169.39364560081549,-8.5500000000000007,-2.4134339028626597,0.93112001879934192,-7.3999999999999995,-3.8570232829259692,-0.91453712656421959,occupied,occupied,1,
169.44364372525493,-8.5,-2.3997230525529067,0.91062703436068504,-7.3499999999999996,-3.8357015689387586,-0.92908335032537004,occupied,occupied,1,
169.49364184969437,-8.478461557975697,-2.349999999999997,0.93591928796550428,-7.3118711501294626,-3.7999999999999963,-0.9251108514139853,occupied,occupied,1,
169.54363997413381,-8.4499999999999993,-2.308518285788705,0.95035057405730439,-7.2857092024722085,-3.7499999999999982,-0.90260452351344533,occupied,occupied,1,
169.59363809857325,-8.3999999999999986,-2.2931864220225213,0.93082098310553274,-7.2499999999999991,-3.7123914859122493,-0.89582704357345688,occupied,occupied,1,
169.64363622301269,-8.3721472166409896,-2.2500000000000009,0.94680764342366042,-7.1999999999999993,-3.6928903065508489,-0.91218712101695587,occupied,occupied,1,
169.6936343474521,-8.3494623312738643,-2.2000000000000046,0.97128924037509512,-7.1693956926786404,-3.6500000000000052,-0.89821798655007312,occupied,occupied,1,
169.74363247189154,-8.2999999999999989,-2.1823875015269953,0.95371319835571144,-7.1042751315167285,-3.6499999999999977,-0.93933841393157735,occupied,occupied,1,
169.79363059633098,-8.2621337645462845,-2.1500000000000017,0.95489796514400593,-7.0802919774316493,-3.6000000000000019,-0.91573027418371067,occupied,occupied,1,
169.84362872077043,-8.1999999999999993,-2.146865887512786,0.91807441267479928,-7.0499999999999989,-3.5582524191170544,-0.90250569860674701,occupied,occupied,1,
169.89362684520987,-8.1730776740702922,-2.0999999999999979,0.93741215539450928,-7,-3.5412058158477508,-0.92086269861271086,occupied,occupied,1,
169.94362496964931,-8.1482432829996938,-2.049999999999998,0.96053333912883776,-6.970079333367531,-3.4999999999999982,-0.90777345907451412,occupied,occupied,1,
169.99362309408875,-8.0999999999999996,-2.0282699244600373,0.94700517584106514,-6.9476616000234124,-3.4499999999999962,-0.88307684301914391,occupied,occupied,1,
170.04362121852819,-8.0566627140862508,-1.9999999999999978,0.94171788559804614,-6.8999999999999995,-3.4316273220303568,-0.8987780865087095,occupied,occupied,1,
170.09361934296763,-8.0304161278402955,-1.9499999999999971,0.96416363641556635,-6.8634767883948733,-3.3999999999999972,-0.8970852512792844,occupied,occupied,1,
170.14361746740707,-7.9635686184148531,-1.9499999999999971,0.92230980361826531,-6.8020056062489909,-3.3999999999999972,-0.93557303209334963,occupied,occupied,1,
170.19361559184651,-7.9364174277160364,-1.8999999999999959,0.94442426544037872,-6.7810238312116926,-3.3499999999999961,-0.90960765522421472,occupied,occupied,1,
170.24361371628592,-7.9000000000000004,-1.8609859036045147,0.95231790827738882,-6.75,-3.3129434537361933,-0.89989177946975873,occupied,occupied,1,
170.29361184072536,-7.8499999999999996,-1.8386408614125116,0.93887571358037203,-6.700311735789378,-3.3000000000000034,-0.92052032728795441,occupied,occupied,1,
170.3436099651648,-7.8124490450711699,-1.8000000000000034,0.94612135691509947,-6.6801257816944428,-3.250000000000004,-0.89362209606526688,occupied,occupied,1,
170.39360808960424,-7.7499999999999991,-1.7929109362975841,0.91337637279597361,-6.6213184032810117,-3.2500000000000009,-0.92972717457549969,occupied,occupied,1,
170.44360621404368,-7.7151778823653006,-1.7500000000000018,0.92608605958037526,-6.5999999999999996,-3.2019523493894044,-0.90470265958253293,occupied,occupied,1,
170.49360433848312,-7.6855205830952587,-1.7000000000000002,0.94778775461800402,-6.5499999999999998,-3.191356411842929,-0.92665908159208499,occupied,occupied,1,
170.54360246292256,-7.6499999999999995,-1.6573267827846476,0.96033716878058084,-6.5235458106505151,-3.149999999999995,-0.9096821824815976,occupied,occupied,1,
170.593600587362,-7.5878050678105744,-1.650000000000001,0.92883857310861551,-6.4660792668069975,-3.1500000000000008,-0.94419873902296991,occupied,occupied,1,
170.64359871180145,-7.5499999999999998,-1.6100804796635368,0.93828738736735029,-6.4461394963504688,-3.1000000000000005,-0.91599635267812496,occupied,occupied,1,
170.69359683624089,-7.5000000000000009,-1.5864898273731396,0.92760033657779073,-6.4000000000000004,-3.0854095431519548,-0.93163615035722103,occupied,occupied,1,
170.74359496068033,-7.4593894711993398,-1.5499999999999992,0.93311736179621618,-6.3692725721793702,-3.0499999999999989,-0.92116278249938444,occupied,occupied,1,
170.79359308511974,-7.3999999999999995,-1.5393696687177343,0.90693018250630131,-6.3490268299225994,-3,-0.89251016629225788,occupied,occupied,1,
170.84359120955918,-7.3612801385904998,-1.4999999999999969,0.91640354666362744,-6.2929355556545783,-2.9999999999999964,-0.92516104571116264,occupied,occupied,1,
170.89358933399862,-7.3298302941335614,-1.4500000000000026,0.93901894743993197,-6.2499999999999982,-2.9820404869793498,-0.93532934406634238,occupied,occupied,1,
170.94358745843806,-7.2631253934883615,-1.4499999999999993,0.90072614229870507,-6.2171173283326242,-2.9499999999999997,-0.92797089996139837,occupied,occupied,1,
170.9935855828775,-7.2312691903198196,-1.399999999999995,0.92365709778862715,-6.1966425754949741,-2.8999999999999959,-0.89855371112013382,occupied,occupied,1,
171.04358370731694,-7.1990103838394308,-1.3499999999999996,0.94664289046053218,-6.1418049709912577,-2.9000000000000004,-0.92957225843776992,occupied,occupied,1,
171.09358183175638,-7.1326245343786612,-1.3499999999999992,0.90938162332450589,-6.1000000000000005,-2.8814273920027142,-0.93766555690045617,occupied,occupied,1,
171.14357995619582,-7.0999240524963048,-1.2999999999999947,0.93270510475538504,-6.0669835806029999,-2.8499999999999952,-0.92994516259894688,occupied,occupied,1,
171.19357808063526,-7.0499999999999998,-1.2755072792920097,0.92555336088161999,-6.0132907445890034,-2.8499999999999988,-0.95959740439347241,occupied,occupied,1,
171.2435762050747,-7.0007081589380249,-1.2500000000000013,0.91990545933243351,-5.992636067318152,-2.8000000000000007,-0.9290697546449912,occupied,occupied,1,
171.29357432951412,-6.9500000000000002,-1.2266237628779337,0.91201416511564981,-5.9500000000000002,-2.7837730118736199,-0.93858405806728318,occupied,occupied,1,
171.34357245395356,-6.9013339262831481,-1.2000000000000042,0.90828084279427623,-5.9187429295945853,-2.7500000000000044,-0.92692624818304026,occupied,occupied,1,
171.393570578393,-6.8672164006467353,-1.1500000000000012,0.9324095741439824,-5.8663209456974901,-2.7500000000000018,-0.95486139520251234,occupied,occupied,1,
171.44356870283244,-6.8017687864756438,-1.1499999999999977,0.89786914359638792,-5.8452820053838375,-2.6999999999999984,-0.92349489535995632,occupied,occupied,1,
171.49356682727188,-6.7671162210822473,-1.0999999999999941,0.92239515330690292,-5.7999999999999989,-2.6893068132956723,-0.93803757374034813,occupied,occupied,1,
171.54356495171132,-6.7019761611583011,-1.0999999999999988,0.8887094804442135,-5.7722281973092482,-2.6499999999999986,-0.91875594834867447,occupied,occupied,1,
171.59356307615076,-6.6667583522109188,-1.0499999999999976,0.91365213425474467,-5.7210688437209285,-2.6499999999999972,-0.94493029503593351,occupied,occupied,1,
171.6435612005902,-6.6310236664565076,-0.99999999999999656,0.93869832243543982,-5.6995531695736599,-2.5999999999999961,-0.91268961275350324,occupied,occupied,1,
171.69355932502964,-6.5660995160647015,-0.99999999999999567,0.90622229912767971,-5.6490184853446213,-2.5999999999999956,-0.93796793425568925,occupied,occupied,1,
171.74355744946908,-6.529744297789545,-0.94999999999999918,0.93171640437381864,-5.5999999999999988,-2.5982649221183425,-0.96068992428764632,occupied,occupied,1,
171.79355557390852,-6.4650917334407145,-0.95000000000000362,0.90014934655088286,-5.577308361294115,-2.5500000000000043,-0.92964826954221635,occupied,occupied,1,
171.84355369834793,-6.4281757653440987,-0.89999999999999802,0.92615907574971912,-5.5278312905149187,-2.5499999999999976,-0.95350051400461466,occupied,occupied,1,
171.89355182278737,-6.3640964226537395,-0.89999999999999825,0.8956621789104503,-5.4999999999999991,-2.5102025802779426,-0.93174444720666605,occupied,occupied,1,
171.94354994722681,-6.3269678222995918,-0.84999999999999876,0.92235749478008566,-5.4561158635799272,-2.4999999999999987,-0.94335500558160645,occupied,occupied,1,
171.99354807166625,-6.2635581518637427,-0.84999999999999942,0.89295128747795893,-5.4070205688111708,-2.4999999999999991,-0.96612284530468517,occupied,occupied,1,
172.04354619610569,-6.2262111109667906,-0.8000000000000006,0.92031037713960606,-5.383704008826629,-2.4500000000000006,-0.93234129469636351,occupied,occupied,1,
172.09354432054513,-6.1634307607998498,-0.79999999999999816,0.89194633270477797,-5.3499999999999988,-2.4194854504335757,-0.9203457868999706,occupied,occupied,1,
172.14354244498458,-6.1258605595838356,-0.75000000000000111,0.91994745995356908,-5.3105746692308839,-2.4000000000000008,-0.92048484877408521,occupied,occupied,1,
172.19354056942402,-6.0636719564751802,-0.74999999999999878,0.89257893673201694,-5.2615826987411882,-2.3999999999999986,-0.94204559634614515,occupied,occupied,1,
172.24353869386346,-6.0258758878380414,-0.7000000000000034,0.92120087447055043,-5.2367111689345096,-2.3500000000000041,-0.90781004773907181,occupied,occupied,1,
172.2935368183029,-5.9642441412387885,-0.6999999999999964,0.89478302016810385,-5.1877347471992659,-2.3499999999999961,-0.92880323746590943,occupied,occupied,1,
172.34353494274234,-5.9262214264724005,-0.6499999999999958,0.92400499703452788,-5.1499999999999995,-2.3261302233413401,-0.92313664033742904,occupied,occupied,1,
172.39353306718175,-5.8651142295711445,-0.65000000000000324,0.89849465482442459,-5.1131192080803949,-2.3000000000000029,-0.91478869654316319,occupied,occupied,1,
172.44353119162119,-5.8268659327758208,-0.59999999999999998,0.92829630602278213,-5.0643073672787935,-2.2999999999999998,-0.93489868264933285,occupied,occupied,1,
172.49352931606063,-5.766253461344764,-0.59999999999999976,0.9036519228842208,-5.037729724518238,-2.2499999999999991,-0.90002400009076966,occupied,occupied,1,
172.54352744050007,-5.7277824033117293,-0.5499999999999966,0.93401324536142871,-4.9888775059800832,-2.2499999999999973,-0.91962653822671259,occupied,occupied,1,
172.59352556493951,-5.6676372132810098,-0.54999999999999982,0.91019478321133995,-4.9401673559185051,-2.2499999999999996,-0.93891646097355796,occupied,occupied,1,
172.64352368937895,-5.6289478855704091,-0.49999999999999467,0.94109609525033,-4.8999999999999995,-2.230035738530864,-0.93623943056055237,occupied,occupied,1,
172.69352181381839,-5.5692448100152641,-0.49999999999999745,0.9180649452441898,-4.8638750445217083,-2.1999999999999971,-0.92246392061812865,occupied,occupied,1,
172.74351993825783,-5.5303432898906708,-0.44999999999999951,0.94948685047182702,-4.8152115610554231,-2.2000000000000002,-0.94099282135405415,occupied,occupied,1,
172.79351806269727,-5.4710593361485911,-0.45000000000000329,0.92720575080321077,-4.7867806754803697,-2.1500000000000026,-0.9053436442871079,occupied,occupied,1,
172.84351618713671,-5.4121265850542253,-0.44999999999999951,0.90534161007113101,-4.7380215734497737,-2.1499999999999995,-0.92343327128256869,occupied,occupied,1,
172.89351431157615,-5.373067450605495,-0.40000000000000402,0.93756206402576348,-4.6999999999999993,-2.1227583908213692,-0.91200985028576176,occupied,occupied,1,
172.94351243601557,-5.3145160290121041,-0.3999999999999988,0.91639044006016346,-4.6600270626616487,-2.0999999999999983,-0.90524503584452087,occupied,occupied,1,
172.99351056045501,-5.2752592042573605,-0.34999999999999942,0.94908016943356932,-4.6112457070010677,-2.1000000000000001,-0.92266071128110216,occupied,occupied,1,
173.04350868489445,-5.2170712539375268,-0.34999999999999731,0.92856706602189654,-4.5812395428113657,-2.0499999999999972,-0.88644862671291313,occupied,occupied,1,
173.09350680933389,-5.1776278620019678,-0.29999999999999871,0.96170767817128888,-4.5323341765522844,-2.0499999999999989,-0.90347433452378223,occupied,occupied,1,
173.14350493377333,-5.1197873431659477,-0.29999999999999549,0.94182017664971562,-4.4834930679239466,-2.0499999999999963,-0.92026747024173683,occupied,occupied,1,
173.19350305821277,-5.0622402409424705,-0.30000000000000071,0.9222759632085088,-4.4499999999999984,-2.0073555190858192,-0.89153245588709717,occupied,occupied,1,
173.24350118265221,-5.0226623258244025,-0.25000000000000211,0.95609963718854829,-4.4036573649173079,-2.0000000000000027,-0.90015119220590489,occupied,occupied,1,
173.29349930709165,-4.9654351139276223,-0.249999999999998,0.93713029345464449,-4.3547244997907013,-1.9999999999999987,-0.91637111043462616,occupied,occupied,1,
173.34349743153109,-4.9084785290181232,-0.24999999999999878,0.91847469674996096,-4.3058315976632917,-1.9999999999999996,-0.93238546108784737,occupied,occupied,1,
173.39349555597053,-4.8687779087849661,-0.19999999999999807,0.95293163477979814,-4.2739660885453077,-1.9499999999999982,-0.8953922279392913,occupied,occupied,1,
173.44349368040994,-4.8121176037622888,-0.19999999999999973,0.93480281895609318,-4.2249143628198347,-1.9500000000000004,-0.91108657268505366,occupied,occupied,1,
173.49349180484938,-4.7722735521848048,-0.14999999999999891,0.96963284996642263,-4.1924543456727612,-1.8999999999999986,-0.87392086832883087,occupied,occupied,1,
173.54348992928882,-4.7159000634325707,-0.15000000000000413,0.95200195018022449,-4.1432422801476472,-1.9000000000000048,-0.88931196568442372,occupied,occupied,1,
173.59348805372827,-4.6597660147947115,-0.1499999999999998,0.93464009563080896,-4.0940489235536131,-1.8999999999999995,-0.90452706026402363,occupied,occupied,1,
173.64348617816771,-4.6198345840042441,-0.10000000000000264,0.97002665371215857,-4.0499999999999989,-1.8839336292937334,-0.90270681553870946,occupied,occupied,1,
173.69348430260715,-4.5639694518689904,-0.099999999999997757,0.95311831189100837,-4.0114788011171099,-1.8499999999999983,-0.88202362244765131,occupied,occupied,1,
173.74348242704659,-4.5083262573585197,-0.10000000000000131,0.9364535182253847,-3.9621248441132315,-1.8500000000000005,-0.89680477885965704,occupied,occupied,1,
173.79348055148603,-4.4683296828968588,-0.049999999999995381,0.97235063027706303,-3.912771584187051,-1.8499999999999956,-0.91143407107340091,occupied,occupied,1,
173.84347867592547,-4.4129405906007069,-0.050000000000001599,0.95609696885876871,-3.8786779992138736,-1.8000000000000025,-0.87363976536158827,occupied,occupied,1,
173.89347680036491,-4.3577576199601431,-0.050000000000001488,0.94006263933157408,-3.8291477728279597,-1.8000000000000014,-0.88803155148166435,occupied,occupied,1,
173.94347492480435,-4.3027738542307805,-0.049999999999999378,0.9242391085922973,-3.7796076547333768,-1.7999999999999992,-0.90228843631266686,occupied,occupied,1,
173.99347304924376,-4.2627805736561344,-2.2204460492503131e-16,0.96076185538630987,-3.7300523608236635,-1.7999999999999998,-0.91641670531261243,occupied,occupied,1,
174.0434711736832,-4.2080315181778527,-6.6613381477509392e-16,0.94529436726987592,-3.6951310347310495,-1.7500000000000013,-0.87831932699762583,occupied,occupied,1,
174.09346929812264,-4.1534678902991855,5.1070259132757201e-15,0.93001502611155074,-3.6453921914563052,-1.7499999999999951,-0.8922475553389605,occupied,occupied,1,
174.14346742256208,-4.1134678745472613,0.049999999999997713,0.96694384475696304,-3.5956288793180802,-1.7500000000000027,-0.90606368992621822,occupied,occupied,1,
174.19346554700152,-4.0591303222347124,0.050000000000001266,0.95198225083278842,-3.5458362490392377,-1.7499999999999987,-0.9197738245086543,occupied,occupied,1,
174.24346367144096,-4.0049657382471882,0.050000000000000377,0.93718713916965801,-3.4999999999999996,-1.7358871837538468,-0.91871787723063614,occupied,occupied,1,
174.2934617958804,-3.9509683310959502,0.050000000000002154,0.92255088815729391,-3.4601670312155162,-1.699999999999998,-0.89497102806939188,occupied,occupied,1,
174.34345992031984,-3.9110462608358505,0.10000000000000309,0.95996584480367741,-3.4101492421556427,-1.6999999999999966,-0.90842860587388741,occupied,occupied,1,
174.39345804475929,-3.8572629808742573,0.099999999999995648,0.94559730342460202,-3.3600893444149409,-1.7000000000000042,-0.92180239262072483,occupied,occupied,1,
174.44345616919873,-3.8036359838660529,0.10000000000000042,0.9313671527540146,-3.3099829011936182,-1.6999999999999993,-0.93509832135259108,occupied,occupied,1,
174.49345429363817,-3.7501599956770426,0.099999999999999645,0.91726819184815089,-3.2734459467375476,-1.6500000000000008,-0.89650033926498129,occupied,occupied,1,
174.54345241807758,-3.7103636658069021,0.15000000000000357,0.95509258682396947,-3.223146775448217,-1.6499999999999961,-0.90968093783010651,occupied,occupied,1,
174.59345054251702,-3.6570926405992235,0.14999999999999847,0.94121351981271162,-3.1727943656954163,-1.6500000000000006,-0.92279957538667556,occupied,occupied,1,
174.64344866695646,-3.603900830762222,0.15000000000000047,0.92743133464309369,-3.1224466568203164,-1.6500000000000004,-0.93584484499482712,occupied,occupied,1,
174.6934467913959,-3.5507466541110477,0.1500000000000018,0.91373470434153659,-3.0854376321514247,-1.5999999999999976,-0.89706967104444602,occupied,occupied,1,
174.74344491583534,-3.5000000000000004,0.15896692531731893,0.90939859621156494,-3.0350987685252315,-1.5999999999999948,-0.90996882115827504,occupied,occupied,1,
174.79344304027478,-3.4576864258544076,0.20000000000000207,0.93829529097236231,-2.9848037199600159,-1.5999999999999976,-0.92278451750818757,occupied,occupied,1,
174.84344116471422,-3.4045648068137155,0.20000000000000451,0.92483590739519184,-2.9345524122282005,-1.5999999999999959,-0.93551665356308278,occupied,occupied,1,
174.89343928915366,-3.3514802251207536,0.20000000000000095,0.91146267192256225,-2.8843447698943323,-1.5999999999999985,-0.94816512243027373,occupied,occupied,1,
174.9434374135931,-3.2999999999999985,0.20607723435183267,0.90445183154225206,-2.8470766012266466,-1.5500000000000016,-0.90909355199938735,occupied,occupied,1,
174.99343553803254,-3.258237343313056,0.25000000000000111,0.9365914517219045,-2.7968757727241944,-1.5499999999999994,-0.92159435675264689,occupied,occupied,1,
175.04343366247195,-3.2051827533840278,0.250000000000006,0.92345754181015072,-2.7467181892451698,-1.549999999999994,-0.93401110033997514,occupied,occupied,1,
175.0934317869114,-3.1521645767977966,0.250000000000002,0.91041038898898508,-2.6966037695029632,-1.5499999999999985,-0.94634367365450933,occupied,occupied,1,
175.14342991135084,-3.0999999999999996,0.25325005842819748,0.90080137725336573,-2.6499999999999995,-1.5362109341906824,-0.94437358575273,occupied,occupied,1,
175.19342803579028,-3.058729589481382,0.29999999999999816,0.93611392325291098,-2.6089966706711234,-1.5000000000000013,-0.91921884966454936,occupied,occupied,1,
175.24342616022972,-3.0057387388571435,0.29999999999999927,0.92330823477872848,-2.5589300137853983,-1.5,-0.93131788301435248,occupied,occupied,1,
175.29342428466916,-2.9527836481548513,0.29999999999999705,0.9105899287609398,-2.5089059914122638,-1.5000000000000029,-0.94333223091979768,occupied,occupied,1,
175.3434224091086,-2.8998641972305617,0.30000000000000304,0.89795914525264908,-2.4589245147490293,-1.4999999999999964,-0.95526178156285413,occupied,occupied,1,
175.39342053354804,-2.8499999999999992,0.31241002033322629,0.8981881590116032,-2.4089854936080277,-1.5000000000000004,-0.967106422724065,occupied,occupied,1,
175.44341865798748,-2.8062162513375517,0.34999999999999509,0.92440034136033922,-2.3711733611266141,-1.4500000000000046,-0.92742640980270752,occupied,occupied,1,
175.49341678242692,-2.753320792620026,0.35000000000000353,0.91201372572489703,-2.3212367836898777,-1.4499999999999966,-0.93912014052388093,occupied,occupied,1,
175.54341490686636,-2.7004602825488884,0.3500000000000022,0.89971527858321065,-2.2713421873745392,-1.4499999999999984,-0.95072854374862759,occupied,occupied,1,
175.59341303130577,-2.6499999999999986,0.35999127648605989,0.89777260544020554,-2.2214894753842653,-1.4500000000000011,-0.96225150479656507,occupied,occupied,1,
175.64341115574521,-2.6065981763448005,0.40000000000000535,0.92674658938740961,-2.183433133953443,-1.3999999999999946,-0.92232578699542911,occupied,occupied,1,
175.69340928018465,-2.5537587555605232,0.40000000000000085,0.91469459041866319,-2.1335809164173609,-1.3999999999999999,-0.93369644410488151,occupied,occupied,1,
175.74340740462409,-2.5009535599250117,0.40000000000000002,0.90273142384374161,-2.0837700849476155,-1.3999999999999995,-0.94498123016775637,occupied,occupied,1,
175.79340552906353,-2.4499999999999993,0.40789890607055129,0.89896255656379642,-2.0340005358141986,-1.4000000000000006,-0.95618002792235857,occupied,occupied,1,
175.84340365350297,-2.4068667738105973,0.4499999999999994,0.93036009486632187,-1.9956936396757534,-1.3500000000000003,-0.91600480575171939,occupied,occupied,1,
175.89340177794242,-2.3540796511053452,0.44999999999999812,0.91864572502196329,-1.9459225588269147,-1.3500000000000014,-0.92704986525753352,occupied,occupied,1,
175.94339990238186,-2.3013259962980435,0.45000000000000129,0.90702087015470645,-1.8961922371533555,-1.3499999999999983,-0.93800849622370008,occupied,occupied,1,
175.9933980268213,-2.2486056654974496,0.45000000000000234,0.89548568226796477,-1.8465025636552288,-1.3499999999999972,-0.94888057867673536,occupied,occupied,1,
176.04339615126074,-2.199999999999998,0.46840971997742104,0.90289704571425322,-1.7968534256908193,-1.3499999999999981,-0.9596659921681111,occupied,occupied,1,
176.09339427570018,-2.1542649382538528,0.49999999999999734,0.9238807397895733,-1.7499999999999987,-1.3374765722570612,-0.95754167261412215,occupied,occupied,1,
176.14339240013959,-2.1015588976051047,0.50000000000000155,0.91259731842539393,-1.7085920434134232,-1.2999999999999987,-0.92979866194725858,occupied,occupied,1,
176.19339052457903,-2.0488853804244052,0.49999999999999833,0.90140427021912894,-1.6589788115480051,-1.3000000000000025,-0.94034140507183517,occupied,occupied,1,
176.24338864901847,-2.0000000000000004,0.51747596403901897,0.90817673756843709,-1.6094054397524971,-1.3000000000000003,-0.95079690139326201,occupied,occupied,1,
176.29338677345791,-1.9542953962578586,0.54999999999999938,0.93041367036542344,-1.5598718059334198,-1.3000000000000012,-0.96116502707341767,occupied,occupied,1,
176.34338489789735,-1.9016328839816805,0.54999999999999816,0.91947489887839751,-1.5209522483291236,-1.2500000000000013,-0.92033969676998795,occupied,occupied,1,
176.39338302233679,-1.8490020576103332,0.55000000000000226,0.90862722727754652,-1.4714118712682454,-1.2499999999999971,-0.93055040112647747,occupied,occupied,1,
176.44338114677623,-1.7964027547451225,0.55000000000000226,0.89787081680772174,-1.4219106433756741,-1.2499999999999976,-0.94067326519791417,occupied,occupied,1,
176.49337927121567,-1.7499999999999987,0.57988084875996659,0.91771606848125531,-1.3724484344027925,-1.2500000000000004,-0.95070816207865672,occupied,occupied,1,
176.54337739565511,-1.7015278642220919,0.60000000000000353,0.92766818950419938,-1.3230251122414012,-1.2499999999999973,-0.96065496431692532,occupied,occupied,1,
176.59337552009455,-1.6489354389603821,0.59999999999999998,0.91716923108500958,-1.2837836482003431,-1.2000000000000002,-0.91949509053047374,occupied,occupied,1,
176.64337364453399,-1.5963736521503227,0.59999999999999698,0.90676228653374369,-1.234350781344481,-1.2000000000000031,-0.92928252745814333,occupied,occupied,1,
176.69337176897341,-1.5438423304079549,0.59999999999999942,0.89644752253672977,-1.1849561769997017,-1.2000000000000011,-0.93898138404292153,occupied,occupied,1,
176.74336989341285,-1.4999999999999993,0.6438117525191378,0.93088429136013695,-1.1355996944313826,-1.2000000000000006,-0.94859152956073844,occupied,occupied,1,
176.79336801785229,-1.448664522277715,0.65000000000000258,0.92704543090580172,-1.0862811909295031,-1.1999999999999971,-0.95811283269941261,occupied,occupied,1,
176.84336614229173,-1.3961357479326342,0.64999999999999969,0.91699141560988551,-1.0467068792487122,-1.1500000000000001,-0.91661174054733618,occupied,occupied,1,
176.89336426673117,-1.3436365036546136,0.65000000000000202,0.90703036107844348,-0.99737589062971954,-1.1499999999999981,-0.92597166077870008,occupied,occupied,1,
176.94336239117061,-1.2911666044703185,0.64999999999999714,0.89716243975999987,-0.94808221940863024,-1.1500000000000024,-0.9352422358706739,occupied,occupied,1,
176.99336051561005,-1.2481675340285143,0.69999999999999962,0.93827146830665609,-0.89882571375852716,-1.1500000000000012,-0.94442333101413423,occupied,occupied,1,
177.04335864004949,-1.1956670868945991,0.70000000000000295,0.92857395541042265,-0.84960621975591211,-1.1499999999999966,-0.95351481076527977,occupied,occupied,1,
177.09335676448893,-1.1431951922539598,0.70000000000000151,0.91897020745753755,-0.80042358135692782,-1.1499999999999977,-0.96251653903762269,occupied,occupied,1,
177.14335488892837,-1.0907516552129071,0.70000000000000329,0.90946040197522537,-0.76045261374690432,-1.0999999999999963,-0.92059354717309372,occupied,occupied,1,
177.19335301336778,-1.0383362785817822,0.70000000000000118,0.90004471752111537,-0.71125385920631023,-1.0999999999999996,-0.92943141215768288,occupied,occupied,1,
177.24335113780722,-0.99494490760190746,0.75000000000000222,0.94152617634276037,-0.66209125177610928,-1.0999999999999979,-0.93817900165633195,occupied,occupied,1,
177.29334926224666,-0.94249544450749845,0.750000000000003,0.93228344800519347,-0.61296462568334298,-1.0999999999999976,-0.94683617579604828,occupied,occupied,1,
177.3433473866861,-0.89007330682610941,0.75000000000000255,0.92313549674652329,-0.5638738129075247,-1.0999999999999979,-0.9554027940084836,occupied,occupied,1,
177.39334551112555,-0.83767838373244008,0.75000000000000067,0.91408252285524405,-0.52354448276892185,-1.0499999999999989,-0.91312302325459538,occupied,occupied,1,
177.44334363556499,-0.78531464668399409,0.749999999999997,0.90512532839003845,-0.4744298296538576,-1.0500000000000036,-0.92152443811142848,occupied,occupied,1,
177.49334176000443,-0.7415295526436908,0.80000000000000271,0.94698912077714925,-0.42534345490107905,-1.0499999999999983,-0.92983629689112801,occupied,occupied,1,
177.54333988444387,-0.68914158613872489,0.79999999999999938,0.93820856419223408,-0.37628499033597007,-1.0500000000000012,-0.9380588073562055,occupied,occupied,1,
177.59333800888331,-0.63678604917031922,0.80000000000000027,0.92952370023501374,-0.32725406947077212,-1.0499999999999996,-0.94619217549262968,occupied,occupied,1,
177.64333613332275,-0.58446255608834496,0.80000000000000415,0.92093430107505658,-0.28652633367385649,-0.99999999999999534,-0.90355631074694287,occupied,occupied,1,
177.69333425776219,-0.53217072294472434,0.80000000000000493,0.91244014073382529,-0.23745981536971231,-0.99999999999999456,-0.91152655826144013,occupied,occupied,1,
177.7433323822016,-0.48800711986767686,0.85000000000000586,0.9546923587081273,-0.18841988169860485,-0.99999999999999378,-0.91940809571628013,occupied,occupied,1,
177.79333050664104,-0.43568812960681275,0.85000000000000364,0.94637380192044984,-0.13940617227306176,-0.999999999999997,-0.9272011227200142,occupied,occupied,1,
177.84332863108048,-0.38339978680770109,0.85000000000000309,0.93814999090113005,-0.090418328350420824,-0.99999999999999667,-0.93490583715092079,occupied,occupied,1,
177.89332675551992,-0.33114171368492223,0.85000000000000275,0.93002070635787193,-0.049285336631405635,-0.94999999999999729,-0.8919131610713863,occupied,occupied,1,
177.94332487995936,-0.27891353411251196,0.84999999999999754,0.92198573080498902,-0.00025920815934943331,-0.95000000000000251,-0.89945552088895775,occupied,occupied,1,
177.9933230043988,-0.22671487361535847,0.85000000000000386,0.91404484855399604,0.048741993686302179,-0.94999999999999707,-0.90690997948091379,occupied,occupied,1,
