x_m,y_m,s_m,psi_rad,kappa_inv_m
-0.039017493933181054,-0.046005989517670667,0,0.15011981029461757,-0.034659542657468539
0.010424762221463751,-0.038571264990918515,0.049998124439437866,0.14838768067221292,-0.034628232313992077
0.059879816361715646,-0.031222153237232302,0.099996248878875732,0.14665711784678837,-0.03459686863578889
0.10934750885301077,-0.023958598714775466,0.14999437331831361,0.14492812445373465,-0.034565452872076262
0.15882768040677306,-0.016780545437400127,0.19999249775775146,0.14320070306608992,-0.034533986267806425
0.20832017208211712,-0.0096879369789670648,0.24999062219718932,0.14147485619475159,-0.034502470063616751
0.2578248252871867,-0.0026807164777079076,0.29998874663662722,0.13975058628870135,-0.034470905495781037
0.30734148178102583,0.0042411733594983547,0.34998687107606508,0.13802789573521335,-0.034439293796161535
0.35686998367471334,0.011077790252754361,0.39998499551550293,0.1363067868600891,-0.034407636192162368
0.40641017343318986,0.01782919234488128,0.44998311995494078,0.13458726192786918,-0.034375933906683351
0.45596189387646396,0.024495438197078927,0.49998124439437863,0.13286932314206826,-0.034344188158075287
0.50552498818115632,0.031076586784643895,0.54997936883381648,0.13115297264539855,-0.034312400160095853
0.55509929988181739,0.037572697492667194,0.59997749327325445,0.12943821252000298,-0.034280571121866839
0.60468467287224992,0.043983830111744122,0.6499756177126923,0.12772504478768876,-0.034248702247831851
0.65428095140693487,0.050310044833708781,0.69997374215213015,0.12601347141015851,-0.034216794737715453
0.70388798010219145,0.056551402247345152,0.749971866591568,0.12430349428925098,-0.034184849786482771
0.75350560393747856,0.062707963334128744,0.79996999103100586,0.12259511526717878,-0.034152868584300618
0.80313366825654486,0.068779789463960697,0.84996811547044371,0.12088833612677102,-0.034120852316499022
0.85277201876882502,0.074766942390944197,0.89996623990988156,0.11918315859170882,-0.034088802163533813
0.90242050155030429,0.080669484249108026,0.94996436434931941,0.11747958432678011,-0.034056719300950535
0.95207896304479067,0.08648747754819254,0.99996248878875726,0.11577761493812044,-0.034024604899348658
1.0017472500650091,0.092220985169426437,1.0499606132281951,0.11407725197346127,-0.033992460124347215
1.051425209793668,0.097870070361312955,1.099958737667633,0.11237849692237922,-0.033960286136551034
1.1011126897843482,0.10343479673540899,1.1499568621070708,0.11068135121655244,-0.033928084091518103
1.1508095379627037,0.10891522826215277,1.1999549865465089,0.10898581623000675,-0.033895855139727607
1.2005156026272825,0.11431142926666188,1.2499531109859467,0.10729189327937523,-0.033863600426549088
1.2502307324505002,0.11962346442456193,1.2999512354253846,0.10559958362415293,-0.033831321092212374
1.2999547764795163,0.12485139875781873,1.3499493598648225,0.10390888846695567,-0.033799018271778364
1.3496875841372566,0.12999529763059869,1.3999474843042603,0.10221980895377406,-0.033766693095110725
1.3994290052229716,0.13505522674509554,1.4499456087436982,0.10053234617424359,-0.033734346686848535
1.4491788899133045,0.14003125213742409,1.499943733183136,0.098846501161897998,-0.033701980166379757
1.4989370887629831,0.14492344017348857,1.5499418576225739,0.097162274894435519,-0.033669594647815375
1.5487034527055255,0.14973185754486831,1.5999399820620117,0.095479668293984896,-0.033637191239964802
1.5984778330540612,0.15445657126472837,1.6499381065014496,0.093798682227367786,-0.033604771046311641
1.6482600815019544,0.15909764866372622,1.6999362309408874,0.092119317506368245,-0.033572335164990717
1.698050050123491,0.16365515738593936,1.7499343553803253,0.090441574887999615,-0.033539884688765745
1.7478475913744822,0.16812916538480002,1.7999324798197631,0.088765455074775207,-0.033507420705007715
1.7976525580929645,0.17251974091905395,1.849930604259201,0.087090958714974936,-0.033474944295674304
1.8474648034996899,0.17682695254871542,1.8999287286986388,0.085418086402919868,-0.033442456537290145
1.8972841811987244,0.1810508691310472,1.9499268531380767,0.083746838679242541,-0.033409958500927567
1.9471105451780113,0.185191559816553,1.9999249775775145,0.082077216031158903,-0.033377451252188432
1.9969437498097009,0.18924909404496598,2.0499231020169524,0.080409218892747672,-0.033344935851186898
2.0467836498507506,0.19322354154127594,2.0999212264563902,0.078742847645220895,-0.033312413352532509
2.0966301004434817,0.19711497231176767,2.1499193508958281,0.077078102617195526,-0.033279884805314262
2.1464829571157558,0.20092345664004516,2.1999174753352659,0.075414984084978029,-0.033247351253085818
2.1963420757814305,0.20464906508309511,2.2499155997747038,0.073753492272839005,-0.033214813733850941
2.24620731274084,0.2082918684673675,2.2999137242141416,0.072093627353287032,-0.033182273280049968
2.2960785246810067,0.21185193788485188,2.3499118486535795,0.070435389447351365,-0.033149730918546991
2.3459555686760392,0.21532934468918435,2.3999099730930178,0.068778778624857914,-0.033117187670617783
2.3958383021872343,0.21872416049175072,2.4499080975324556,0.067123794904714901,-0.033084644551938498
2.4457265830636468,0.22203645715783724,2.4999062219718935,0.065470438255182756,-0.033052102572574946
2.4956202695419676,0.22526630680275186,2.5499043464113313,0.063818708594166385,-0.033019562736972916
2.5455192202470069,0.22841378178800295,2.5999024708507692,0.062168605789487422,-0.032987026043948736
2.5954232941916837,0.23147895471746185,2.6499005952902071,0.060520129659171827,-0.032954493486681093
2.6453323507773026,0.23446189843356163,2.6998987197296449,0.058873279971728108,-0.03292196605270304
2.6952462497936396,0.23736268601350016,2.7498968441690828,0.057228056446431252,-0.032889444723895121
2.7451648514189917,0.24018139076545897,2.7998949686085206,0.055584458753607048,-0.032856930476478877
2.7950880162203537,0.24291808622484665,2.8498930930479585,0.05394248651491225,-0.032824424281011171
2.8450156051534217,0.245572846150549,2.8998912174873963,0.052302139303619419,-0.032791927102379194
2.8949474795626502,0.24814574452120031,2.9498893419268342,0.050663416644899907,-0.032759439899796079
2.9448835011811405,0.25063685553146298,2.999887466366272,0.049026318016111202,-0.032726963626797279
2.9948235321308734,0.25304625358834254,3.0498855908057099,0.047390842847073088,-0.032694499231237295
3.0447674349224392,0.25537401330749382,3.0998837152451477,0.045756990520359045,-0.032662047655287504
3.0947150724550547,0.25762020950956088,3.1498818396845856,0.044124760371577927,-0.032629609835434288
3.1446663080164927,0.2597849172165288,3.1998799641240234,0.042494151689657714,-0.032597186702477847
3.1946210052829129,0.26186821164808988,3.2498780885634613,0.04086516371713185,-0.032564779181531688
3.2445790283188618,0.26387016821803444,3.2998762130028991,0.039237795650419176,-0.032532388192022768
3.2945402415769802,0.26579086253064677,3.349874337442337,0.037612046640112813,-0.03250001464769206
3.3445045098978965,0.267630370377128,3.3998724618817748,0.035987915791262148,-0.032467659456595931
3.3944716985099936,0.26938876773203047,3.4498705863212127,0.034365402163658264,-0.032435323521107944
3.4444416730291914,0.27106613074971231,3.4998687107606505,0.032744504772117808,-0.032403007737921416
3.4944142994588829,0.27266253576081362,3.5498668352000884,0.031125222586761137,-0.032370712998052178
3.544389444189243,0.27417805926873096,3.5998649596395262,0.029507554533310131,-0.032338440186842593
3.5943669739974542,0.27561277794614003,3.6498630840789641,0.027891499493355187,-0.032306190183965244
3.6443467560469873,0.27696676863150577,3.6998612085184019,0.026277056304651981,-0.032273963863428033
3.6943286578875854,0.27824010832563306,3.7498593329578398,0.024664223761394585,-0.032241762093579047
3.7443125474547148,0.27943287418821916,3.7998574573972776,0.023053000614504781,-0.032209585737112682
3.7942982930692692,0.28054514353443283,3.8498555818367155,0.02144338557191244,-0.032177435651075753
3.8442857634371568,0.28157699383150814,3.8998537062761534,0.019835377298838521,-0.032145312686874331
3.8942748276489718,0.28252850269535884,3.9498518307155912,0.018228974418074344,-0.032113217690281186
3.9442653551795011,0.2833997478872064,3.9998499551550291,0.016624175510265283,-0.032081151501443521
3.9942572158872531,0.28419080731022922,4.0498480795944669,0.015020979114192637,-0.032049114954891447
4.0442502800140794,0.28490175900623005,4.0998462040339048,0.013419383727051534,-0.032017108879546653
4.0942444181846334,0.28553268115231961,4.1498443284733426,0.011819387804732797,-0.031985134098731931
4.1442395014058517,0.2860836520576201,4.1998424529127805,0.010220989762103307,-0.0319531914301808
4.1942354010664911,0.28655475015998666,4.2498405773522183,0.0086241879732832354,-0.031921281686047867
4.2442319889365194,0.28694605402274642,4.2998387017916562,0.0070289807719269423,-0.031889405672919625
4.294229137166611,0.28725764233145645,4.349836826231094,0.0054353664514993211,-0.031857564191825519
4.3442267182875787,0.28748959389068124,4.3998349506705319,0.0038433432655533071,-0.031825758038249573
4.3942246052097147,0.28764198762078591,4.4498330751099697,0.0022529094280085257,-0.031793988002142601
4.4442226712222244,0.28771490255475041,4.4998311995494076,0.00066406311342651124,-0.031762254867934658
4.4942207899925295,0.28770841783500134,4.5498293239888454,-0.00092319754271156997,-0.031730559414547957
4.5442188355659017,0.2876226127102619,4.5998274484282833,-0.0025088744437388876,-0.031698902415410145
4.5942166823643191,0.28745756653242116,4.6498255728677211,-0.0040929695315131071,-0.031667284638468268
4.6442142051861524,0.28721335875342202,4.699823697307159,-0.0056754847861545344,-0.031635706846202871
4.6942112792053834,0.28689006892216606,4.7498218217465968,-0.0072564222257706134,-0.031604169795642484
4.7442077799708473,0.28648777668143999,4.7998199461860356,-0.0088357839061819401,-0.031572674238378617
4.7942035834054835,0.28600656176485884,4.8498180706254734,-0.010413571920650566,-0.031541220920581245
4.8441985658057201,0.28544650399382671,4.8998161950649113,-0.011989788399613385,-0.031509810583014393
4.8941926037598877,0.2848076772617093,4.9498143195043491,-0.01356532975386197,-0.031567103466831468
4.9441855708577114,0.28408992647630726,4.999812443943787,-0.015148339731651458,-0.031755732692456025
4.9941773352869321,0.28329280136532209,5.0498105683832248,-0.016740790080228208,-0.031944732531013771
5.0441677627388923,0.28241583154689381,5.0998086928226627,-0.018342699338599274,-0.032134103323746242
5.0941567166271629,0.28145854595363851,5.1498068172621005,-0.019954086059668801,-0.032323845284948402
5.1441440580684414,0.28042047283973848,5.1998049417015384,-0.021574968803846632,-0.032513958500414088
5.1941296458636543,0.27930113978848103,5.2498030661409762,-0.023205366132587876,-0.032704442925859979
5.244113336478871,0.27810007372025913,5.2998011905804141,-0.024845296601848518,-0.032895298385327287
5.2940949840261853,0.27681680090103683,5.349799315019852,-0.026494778755461412,-0.033086524569561584
5.3440744402445555,0.27545084695128519,5.3997974394592898,-0.028153831118430908,-0.033278121034371541
5.3940515544805701,0.27400173685539214,5.4497955638987277,-0.029822472190144736,-0.033470087198967095
5.4440261736692026,0.27246899497155574,5.4997936883381655,-0.031500720437502336,-0.033662422344277368
5.4939981423145099,0.27085214504216248,5.5497918127776034,-0.0331885942879587,-0.033855125611248649
5.5439673024702891,0.26915071020465858,5.5997899372170412,-0.034886112122482445,-0.034048195999123697
5.5939334937207006,0.26736421300291974,5.6497880616564791,-0.036593292268426614,-0.034241632363701958
5.6438965531609746,0.26549217539911912,5.6997861860959169,-0.038310152992316743,-0.03443543341558257
5.6938563153778361,0.26353411878611527,5.7497843105353548,-0.040036712492541003,-0.034629597718388805
5.7438126124301947,0.26148956400034262,5.7997824349747926,-0.041772988891960884,-0.034824123686977036
5.793765273829675,0.25935803133523067,5.8497805594142305,-0.043519000230426971,-0.03501900958562873
5.8437141265211752,0.25713904055514419,5.8997786838536683,-0.045274764457204984,-0.035214253526227715
5.8936589948634115,0.25483211090985819,5.9497768082931062,-0.04704029942331038,-0.035409853466422295
5.9435997006094992,0.25243676114956848,5.999774932732544,-0.04881562287375054,-0.035605807207773642
5.9935360628875118,0.24995250954044698,6.0497730571719819,-0.050600752439674171,-0.035802112393891306
6.0434678981810688,0.24737887388074259,6.0997711816114197,-0.052395705630427176,-0.035998766508555873
6.0933950203099556,0.24471537151744119,6.1497693060508576,-0.054200499825514281,-0.036195766873830575
6.1433172404107301,0.2419615193634824,6.1997674304902954,-0.056015152266465078,-0.036393110648161947
6.1932343669175181,0.2391168339155379,6.2497655549297333,-0.057839680048609843,-0.03659079482447132
6.2431462055425531,0.2361808312723748,6.2997636793691711,-0.059674100112749651,-0.036788816228236536
6.2930525592570623,0.23315302715378153,6.349761803808609,-0.061518429236740294,-0.036987171515566498
6.3429532282720595,0.23003293692008314,6.3997599282480468,-0.063372684026975074,-0.037185857171268932
6.3928480100192271,0.22682007559224404,6.4497580526874847,-0.065236880909771477,-0.037384869506911764
6.4427366991318689,0.22351395787256434,6.4997561771269226,-0.067111036122661061,-0.037584204658880245
6.492619087425938,0.22011409816597474,6.5497543015663604,-0.068995165705581868,-0.037783858586430005
6.542494963881162,0.21662001060193709,6.5997524260057983,-0.070889285491973653,-0.037983827069737588
6.5923641146222334,0.21303120905695425,6.6497505504452361,-0.072793411099775468,-0.038184105707949938
6.6422263229001191,0.2093472071776955,6.699748674884674,-0.074707557922325765,-0.038384689917233206
6.692081369073458,0.20556751840474521,6.7497467993241118,-0.076631741119163779,-0.038585574928822572
6.7419290305901791,0.20169165599696551,6.7997449237635497,-0.0785659756067391,-0.038786755787075321
6.7917690819690106,0.19771913305651306,6.8497430482029875,-0.08051027604901291,-0.038988227347525779
6.8416012947813529,0.19364946255446902,6.8997411726424254,-0.082464656847973036,-0.039189984274946819
6.8914254376332016,0.18948215735712196,6.9497392970818632,-0.084429132134046792,-0.039392021041416828
6.9412412761472027,0.1852167302528932,6.9997374215213011,-0.086403715756418489,-0.039594331924394814
6.9910485729449015,0.18085269397991449,7.0497355459607389,-0.088388421273250917,-0.03979691100480455
7.0408470876291496,0.17638956125425975,7.0997336704001768,-0.090383261941811219,-0.039999752165129326
7.0906365767666735,0.17182684479883789,7.1497317948396146,-0.092388250708501915,-0.040202849087519324
7.1404167938708616,0.16716405737294895,7.1997299192790525,-0.094403400198797574,-0.040406195251912531
7.1901874893846909,0.16240071180251339,7.2497280437184903,-0.096428722707086634,-0.040609783934171098
7.2399484106640219,0.15753632101095896,7.2997261681579282,-0.098464230186426721,-0.04081360820423547
7.2896993019608187,0.15257039805081324,7.349724292597366,-0.1005099342381959,-0.041017660924295957
7.3394399044068841,0.14750245613594987,7.3997224170368039,-0.10256584610166511,-0.041221934746986398
7.3891699559976862,0.14233200867453241,7.4497205414762417,-0.10463197664347482,-0.041426422113599252
7.4388891915764752,0.13705856930264484,7.4997186659156796,-0.10670833634702422,-0.041631115252325102
7.4885973428186396,0.13168165191861381,7.5497167903551174,-0.10879493530177302,-0.041836006176518246
7.5382941382163517,0.12620077071802568,7.5997149147945553,-0.11089178319245735,-0.04204108668299008
7.5879793030634808,0.12061544022944212,7.6497130392339932,-0.11299888928822104,-0.042246348350332669
7.6376525594408218,0.11492517535081764,7.699711163673431,-0.11511626243166345,-0.042451782537273657
7.6873136262016493,0.10912949138661418,7.7497092881128689,-0.11724391102780883,-0.042657380381065743
7.7369622189573288,0.10322790408565588,7.7997074125523067,-0.11938184303298321,-0.04286313279591069
7.7865980500639091,0.097219929679615527,7.8497055369917446,-0.12153006594364213,-0.043069030471424144
7.8362208286082389,0.09110508492230654,7.8997036614311824,-0.12368858678508764,-0.043275063871137387
7.8858302603949975,0.084882887129623455,7.9497017858706203,-0.12585741210013507,-0.043481223231043406
7.9354260479338974,0.07855285422021932,7.9996999103100581,-0.12803654793770025,-0.04368749855818712
7.9850078904272701,0.072114504756896347,8.0496980347494969,-0.13022599984131777,-0.043893879629302308
8.0345754837580756,0.065567357988712632,8.0996961591889338,-0.13242577283759316,-0.044100355989497561
8.0841285204783002,0.05891093389380718,8.1496942836283726,-0.13463587142459005,-0.044306916950993834
8.1336666897977459,0.052144753222942833,8.1996924080678095,-0.13685629956015605,-0.044513551591915737
8.1831896775733135,0.04526833754376805,8.2496905325072483,-0.13908706065018916,-0.044720248755138803
8.2326971662986281,0.03828120928580242,8.2996886569466852,-0.14132815753684669,-0.044926997047195459
8.2821888350943116,0.031182891786118341,8.349686781386124,-0.14357959248670796,-0.045133784837242397
8.3316643596984292,0.023972909335782389,8.3996849058255609,-0.1458413671788735,-0.045340600256090352
8.3811234124576934,0.01665078722697251,8.4496830302649997,-0.14811348269303062,-0.045547431195301108
8.4305656623190366,0.0092160518008322367,8.4996811547044366,-0.15039593949746871,-0.045754265306352383
8.4799907748217187,0.0016682304960329714,8.5496792791438754,-0.15268873743705647,-0.045961089999873819
8.5293984120899609,-0.0059931481019495636,8.5996774035833123,-0.154991875721182,-0.046167892444957032
8.5787882328261222,-0.013768554210850742,8.6496755280227511,-0.15730535291166126,-0.046374659568541546
8.6281598923044314,-0.021658456800922668,8.699673652462188,-0.15962916691061621,-0.046581378054879607
8.6775130423652733,-0.029663323543538664,8.7496717769016268,-0.16196331494833016,-0.046788034345082885
8.7268473314100934,-0.03778362075909468,8.7996699013410637,-0.16430779357108152,-0.046994614636753244
8.7761624043968194,-0.046019813364208739,8.8496680257805025,-0.16666259862895924,-0.047201104883699996
8.825457902836094,-0.054372364818252666,8.8996661502199395,-0.1690277252636746,-0.047407490795747687
8.8747334647878056,-0.062841737069146641,8.9496642746593782,-0.17140316789635118,-0.047613757838634717
8.9239887248585799,-0.071428390498518055,8.9996623990988152,-0.17378892021532585,-0.047819891234008219
8.9732233141997551,-0.080132783866158588,9.0496605235382539,-0.17618497516394513,-0.04802587595951581
9.0224368605060832,-0.088955374253815361,9.0996586479776909,-0.17859132492837032,-0.048231696748998146
9.0716289880151066,-0.097896617008312564,9.1496567724171296,-0.18100796092539409,-0.048437338092784145
9.1207993175072311,-0.10695696568401848,9.1996548968565666,-0.18343487379027543,-0.048642784238092367
9.1699474663065299,-0.11613687198465714,9.2496530212960053,-0.18587205336459658,-0.04884801918954048
9.2190730482822651,-0.12543678570447775,9.2996511457354423,-0.18831948868414861,-0.049053026709766426
9.2681756738511645,-0.13485715466878648,9.349649270174881,-0.19077716796685065,-0.049257790320162587
9.3172549499804305,-0.14439842467384734,9.399647394614318,-0.19324507860070783,-0.049462293301727245
9.3663104801916575,-0.1540610394261881,9.4496455190537567,-0.19572320713182048,-0.049666518696035014
9.4153418645652813,-0.16384544048124952,9.4996436434931937,-0.19821153925243298,-0.049870449306328259
9.4643486997460826,-0.17375206718148276,9.5496417679326324,-0.20071005978905218,-0.050074067698733939
9.5133305789494056,-0.18378135659383737,9.5996398923720712,-0.20321875269062425,-0.050277356203606412
9.5622870919682015,-0.19393374344667422,9.6496380168115081,-0.20573760101678221,-0.050480296917000414
9.6112178251809759,-0.20420966006611668,9.6996361412509469,-0.2082665869261715,-0.050682871702275353
9.6601223615605338,-0.21460953631184473,9.7496342656903838,-0.21080569166485821,-0.050885062191834203
9.7090002806836679,-0.22513379951235252,9.7996323901298226,-0.21335489555482823,-0.051086849788999147
9.7578511587416905,-0.2357828743996771,9.8496305145692595,-0.21591417798258331,-0.051288215670026241
9.8066745685519088,-0.2465571830436134,9.8996286390086983,-0.21848351738784122,-0.051489140786261503
9.8554700795699546,-0.25745714478542681,9.9496267634481352,-0.22106289125234699,-0.051689605866440606
9.9042372579032421,-0.26848317617110884,9.999624887887574,-0.22365227608880758,-0.051889591419134636
9.9529756663250524,-0.27963569088410817,10.049623012327011,-0.22625164742994147,-0.05208907773534311
10.001684864289851,-0.29091509967766582,10.09962113676645,-0.22886097981767278,-0.052288044891237728
10.050364407949495,-0.30232181030668576,10.149619261205887,-0.23148024679246113,-0.0524864727510575
10.099013850170397,-0.31385622745919495,10.199617385645325,-0.23410942088278092,-0.052684340970157888
10.147632740551749,-0.32551875268740127,10.249615510084762,-0.23674847359475734,-0.052881628998215573
10.196220625444672,-0.33730978433836711,10.299613634524201,-0.23939737540196532,-0.053078316082590303
10.244777047972514,-0.34922971748432391,10.349611758963638,-0.24205609573540246,-0.053274381271845833
10.293301548052067,-0.36127894385263909,10.399609883403077,-0.24472460297364038,-0.053469803419431347
10.341793662415903,-0.37345785175546009,10.449608007842514,-0.24740286443316467,-0.053664561187524391
10.390252924635728,-0.38576682601904894,10.499606132281952,-0.25009084635890994,-0.053858633051037129
10.438678860535472,-0.39820626579241802,10.549604256721389,-0.2527905266628514,-0.054198336072834509
10.487070907230093,-0.41077689511054033,10.599602381160828,-0.25551184680128025,-0.054658907414706859
10.535428419339752,-0.42347972554444158,10.649600505600265,-0.25825624790198543,-0.055121610588023909
10.583750738764149,-0.43631578012867617,10.699598630039704,-0.26102383675131025,-0.055586453345327524
10.632037197036738,-0.44928608360849676,10.749596754479141,-0.26381472049319465,-0.056053442233730391
10.680287115201445,-0.46239166236877749,10.79959487891858,-0.26662900656818683,-0.056522582565987411
10.728499803689449,-0.47563354435815969,10.849593003358017,-0.26946680265098621,-0.056993878390715964
10.776674562196019,-0.48901275900832769,10.899591127797455,-0.27232821658647699,-0.057467332461775406
10.824810679557599,-0.50253033714833795,10.949589252236892,-0.27521335632420996,-0.057942946206816177
10.872907433629141,-0.51618731091389658,10.999587376676331,-0.27812232985129126,-0.058420719695011718
10.920964091161776,-0.52998471365149979,11.049585501115768,-0.28105524512363611,-0.058900651603985194
10.968979907681097,-0.54392357981738226,11.099583625555207,-0.28401220999555671,-0.059382739185949308
11.016954127365731,-0.55800494487107144,11.149581749994644,-0.28699333214762252,-0.059866978233069884
11.064885982926848,-0.57222984516361031,11.199579874434082,-0.28999871901278518,-0.060353363042078619
11.112774695488312,-0.58659931782023378,11.249577998873519,-0.29302847770070822,-0.060841886378149558
11.160619474467724,-0.60111440061745791,11.299576123312958,-0.29608271492027388,-0.061332539438063334
11.208419517458527,-0.61577613185448143,11.349574247752395,-0.29916153690023106,-0.061825311812682526
11.256174010113154,-0.63058555021879992,11.399572372191834,-0.30226504930795123,-0.062320191448763766
11.303882126027503,-0.64554369464594996,11.449570496631271,-0.30539335716625704,-0.062817164610134479
11.35154302662675,-0.66065160417328328,11.49956862107071,-0.30854656476829684,-0.063316215838264314
11.399155861052671,-0.67591031778767607,11.549566745510147,-0.3117247755904301,-0.063817327912264007
11.446719766052755,-0.69132087426713063,11.599564869949585,-0.31492809220310886,-0.064320481808347096
11.494233865870848,-0.7068843120160555,11.649562994389022,-0.31815661617970098,-0.06482565665878906
11.541697272140039,-0.7226016688943051,11.699561118828461,-0.3214104480032694,-0.065332829710428753
11.589109083777505,-0.73847398203976378,11.749559243267898,-0.32468968697125455,-0.065841976282751333
11.636468386881672,-0.75450228768444483,11.799557367707337,-0.32799443109805515,-0.066353069725599553
11.683774254631816,-0.77068762096401089,11.849555492146774,-0.33132477701548602,-0.066866081376562719
11.731025747190257,-0.78703101572063194,11.899553616586212,-0.33468081987109788,-0.06738098051809456
11.778221911608,-0.80353350429933035,11.949551741025649,-0.33806265322439222,-0.067897734334421783
11.825361781730264,-0.82019611733644171,11.999549865465088,-0.34147036894065819,-0.068416307868261791
11.872444378111163,-0.83701988354328827,12.049547989904525,-0.34490405708307287,-0.068936663977509499
11.919468707925983,-0.85400582948089054,12.099546114343964,-0.34836380580222048,-0.069458763291830886
11.966433764889608,-0.87115497932857455,12.149544238783401,-0.35184970122362913,-0.069982564169322067
12.013338529178471,-0.88846835464541107,12.199542363222839,-0.35536182733312394,-0.070508022653275687
12.060181967356243,-0.90594697412447223,12.249540487662276,-0.35890026586001228,-0.071035092429132071
12.106963032303799,-0.92359185333991789,12.299538612101715,-0.36246509615812367,-0.071563724781695551
12.153680663153565,-0.94140400448686501,12.349536736541152,-0.36605639508472121,-0.072093868552700946
12.200333785228484,-0.95938443611398294,12.399534860980591,-0.36967423687730033,-0.072625470098816119
12.246921309985831,-0.97753415284879486,12.449532985420028,-0.37331869302830079,-0.07315847325017294
12.293442134966147,-0.99585415511565056,12.499531109859467,-0.376989832157761,-0.073692819269521398
12.339895143747444,-1.0143454388463515,12.549529234298904,-0.38068771988394728,-0.074228446812106372
12.386279205905032,-1.0330089951834081,12.599527358738342,-0.38441241869199583,-0.074765291886370225
12.432593176977221,-1.051845810175972,12.649525483177779,-0.38816398780062172,-0.075303287815589953
12.478835898436891,-1.0708568644683041,12.699523607617218,-0.3919424830269167,-0.075842365200555664
12.525006197669619,-1.0900431329809874,12.749521732056655,-0.39574795664932877,-0.076382451883412111
12.571102887958286,-1.1094055845847479,12.799519856496094,-0.39958045726885516,-0.076923472912777041
12.617124768474559,-1.1289451817669751,12.849517980935532,-0.40344002966852871,-0.077465350510261974
12.663070624277493,-1.148662880290968,12.899516105374969,-0.40732671467126735,-0.078008004038521192
12.708939226319522,-1.1685596288479503,12.949514229814408,-0.4112405489961663,-0.07855134997095993
12.754729331460133,-1.188636368701927,12.999512354253845,-0.41518156511332233,-0.07909530186323499
12.800439682487461,-1.2088940333274243,13.049510478693284,-0.41914979109727835,-0.079639770326686343
12.846069008148119,-1.2293335480402188,13.099508603132721,-0.42314525047919155,-0.080184663003838821
12.891616023185502,-1.2499558296211242,13.14950672757216,-0.42716796209782981,-0.08072988454611886
12.937079428387003,-1.2707617859330105,13.199504852011597,-0.43121793994952379,-0.081275336593934266
12.982457910639997,-1.2917523155309909,13.249502976451035,-0.4352951930371603,-0.081820917759260717
13.027750142997508,-1.3129283072661591,13.299501100890472,-0.4393997252183976,-0.082366523610894873
13.072955095927762,-1.3342899838205957,13.349499225329911,-0.44345966014012528,-0.078168674769544297
13.118076307942596,-1.355827991643318,13.399497349769348,-0.44718581511249922,-0.070881656116527608
13.163120912650387,-1.3775257721660992,13.449495474208787,-0.45054743895949095,-0.063587367854926982
13.208096311939361,-1.3993666520689847,13.499493598648224,-0.45354423734730959,-0.056288504331112633
13.25301007003298,-1.421334021916441,13.549491723087662,-0.45617604035989773,-0.048987355467247362
13.297869892687075,-1.4434113335299075,13.599489847527099,-0.45844278339303657,-0.041685851508650444
13.342683606813083,-1.4655820962558805,13.649487971966538,-0.46034449030763053,-0.034385608596642692
13.387459140499415,-1.4878298722823668,13.699486096405975,-0.46188125887636666,-0.027087974893112897
13.432204503394575,-1.5101382711545774,13.749484220845414,-0.46305324854559327,-0.019794077035051271
13.476927767408126,-1.532490943638281,13.799482345284851,-0.46386067052431412,-0.012504866742309356
13.52163704768058,-1.5548715750774413,13.849480469724289,-0.46430378020434843,-0.0052211674391633989
13.566340483768212,-1.5772638783902697,13.899478594163726,-0.46438287190948896,0.0020562792198561596
13.61104622098634,-1.5996515868462269,13.949476718603165,-0.46409827596661113,0.009326767007546791
13.65576239185244,-1.6220184467648724,13.999474843042602,-0.46345035808767809,0.016589579038563482
13.700497097569304,-1.6443482102758071,14.049472967482041,-0.46243952104813441,0.023843942007947809
13.745258389495975,-1.6666246282816362,14.099471091921478,-0.46106620864363312,0.031088980823206009
13.79005425053519,-1.6888314437548602,14.149469216360917,-0.45933091190393965,0.038323673704934343
13.834892576404203,-1.7109523855170441,14.199467340800354,-0.45723417753778867,0.045546807852951676
13.879781156725402,-1.7329711626311646,14.249465465239792,-0.45477661857801133,0.052756935792507884
13.924727655899622,-1.7548714595488457,14.299463589679229,-0.45195892718922082,0.059952332548684324
13.969739593724606,-1.7766369321508093,14.349461714118668,-0.44878188959226994,0.067130953832366086
14.014824325731121,-1.7982512048199264,14.399459838558105,-0.44524640304941887,0.074290395463778733
14.059989023217524,-1.8196978686857705,14.449457962997544,-0.4413534948417282,0.081427854306951611
14.105240652975137,-1.8409604811792608,14.499456087436981,-0.43710434315521862,0.088540091040369501
14.15058595670838,-1.8620225670346413,14.549454211876419,-0.43250029977472043,0.095623395144150206
14.196031430166983,-1.8828676208738455,14.599452336315856,-0.42754291446389342,0.10267355254112355
14.241583302022084,-1.9034791115049079,14.649450460755295,-0.4222339608866002,0.10968581638660023
14.287247512533717,-1.9238404880612192,14.699448585194732,-0.41657546389866129,0.1166548815574803
14.333028626560447,-1.9439376288555699,14.749446709634171,-0.41082291540512478,0.10753313883415773
14.378916943804976,-1.9637888190551991,14.799444834073608,-0.4059077154679463,0.089097766261850772
14.424893259762435,-1.9834353833783653,14.849442958513047,-0.40191202694374445,0.070749046810469229
14.470938802359267,-2.0029191837055911,14.899441082952483,-0.39883188210144865,0.052471886247200422
14.517035315654008,-2.022282110337728,14.949439207391922,-0.3966641372190351,0.034248538869949961
14.563164926444049,-2.0415660706042593,14.999437331831359,-0.39540658721515187,0.016059319061873495
14.609310010012132,-2.0608129841718608,15.049435456270798,-0.39505804551885298,-0.0021167181263034782
14.655453055342612,-2.0800647827088339,15.099433580710235,-0.39561839047189157,-0.020301116970651623
14.701576530034041,-2.0993634115894597,15.149431705149674,-0.39708857900868866,-0.03851537016590037
14.747662745086565,-2.1187508313341117,15.199429829589111,-0.39947062777003034,-0.056780265019071699
14.793693719758526,-2.1382690164773352,15.249427954028549,-0.40276756120573776,-0.0751152147662736
14.839651046691142,-2.1579599495050585,15.299426078467986,-0.40698332562960121,-0.093537563562964457
14.885515757760091,-2.1778656075193403,15.349424202907425,-0.41212266765381678,-0.11206185489918268
14.931268191099832,-2.1980279391561082,15.399422327346862,-0.41819097494674284,-0.13069905495196116
14.976887860135998,-2.218488829291545,15.449420451786301,-0.42519407690753536,-0.14945572511255928
15.022353325682992,-2.2392900489969723,15.499418576225738,-0.43313800264437347,-0.16833314155686144
15.067642072541116,-2.2604731881924436,15.549416700665176,-0.44202869365337827,-0.18732636457513815
15.112730392459923,-2.2820795684851767,15.599414825104613,-0.45187166888361158,-0.20642326657933255
15.157593275734136,-2.3041501337437751,15.649412949544052,-0.46267164048985399,-0.22560353536101502
15.202204314365016,-2.3267253162282779,15.699411073983489,-0.474432079661262,-0.24483767845784679
15.246535620074072,-2.3498448763338868,15.749409198422928,-0.48715473342893895,-0.26408606506036075
15.290557761050369,-2.373547714512271,15.799407322862365,-0.50083909547270045,-0.28329805367196903
15.334239721997058,-2.3978716547089185,15.849405447301804,-0.51548183672387626,-0.30241126605753388
15.377548892063466,-2.4228531993396505,15.899403571741241,-0.5310762047681552,-0.32135107957358761
15.420451085949487,-2.4485272571794061,15.949401696180679,-0.54761140504579831,-0.34003041996412214
15.462910603200193,-2.4749268467203569,15.999399820620116,-0.5650719810212711,-0.35834994261759145
15.504890330596719,-2.5020827791819009,16.049397945059557,-0.58343721496022349,-0.37619869048811494
15.546351892060148,-2.5300233271530477,16.099396069498994,-0.60268057524954988,-0.3934553089150889
15.587254733930285,-2.5587754503736231,16.149394193938431,-0.62294659438039079,-0.42100195558975567
15.627542834259668,-2.5883825680081456,16.199392318377868,-0.64485755957311042,-0.45580770453057895
15.667145392894671,-2.6189003130056792,16.249390442817308,-0.66856119988168139,-0.49274502163542355
15.705983709253726,-2.6503846112659191,16.299388567256745,-0.69416876159945817,-0.53199363261372723
15.74397044405503,-2.6828909398852092,16.349386691696182,-0.72179926756466728,-0.57368195875040395
15.781008761776558,-2.7164735361332628,16.399384816135619,-0.75157645942988716,-0.61786631675246007
15.816991567609184,-2.7511842864596927,16.44938294057506,-0.78362453118270137,-0.66450329404839292
15.851800928952112,-2.787071244652624,16.499381065014497,-0.81806230736150798,-0.7134152179041815
15.885307805275263,-2.8241767366985231,16.549379189453933,-0.85499554056123128,-0.76424976153477409
15.917372246581916,-2.8625350322819769,16.59937731389337,-0.89450709912034454,-0.81643664026402707
15.947844253614381,-2.9021696048539067,16.649375438332811,-0.93664502968371899,-0.8691471393319864
15.976565511608484,-2.9430900684965939,16.699373562772248,-0.98140885119556276,-0.92126567619564292
16.003372198088147,-2.9852889712355712,16.749371687211685,-1.0287349841496736,-0.97138596764307028
16.028099340249412,-3.0287385527403905,16.799369811651122,-1.0783694625245903,-0.99532595431874571
16.050656629954513,-3.0733535755632202,16.849367936090562,-1.126411866379089,-0.92594259149000324
16.071125642488976,-3.1189651869232389,16.899366060529999,-1.1709298038503122,-0.85471469796776756
16.089627594867117,-3.165410217029248,16.949364184969436,-1.2118824210671775,-0.78360598651553404
16.106296036627231,-3.2125449560812434,16.999362309408873,-1.2493134440644755,-0.7140396721507033
16.12127113091416,-3.2602452497965904,17.049360433848314,-1.2833251664997203,-0.64694716557631782
16.134695254930943,-3.3084054887513914,17.099358558287751,-1.314055832113417,-0.58285002952027121
16.146709863298966,-3.3569369515757304,17.149356682727188,-1.3416613912488649,-0.52194962628472186
16.157453447866907,-3.4057658503976462,17.199354807166625,-1.3663015950525201,-0.46420921341899485
16.167060389406547,-3.4548313154506562,17.249352931606065,-1.3881298451935373,-0.40942142228195633
16.175660503002931,-3.5040834630499651,17.299351056045502,-1.4072860071007569,-0.3572593220438422
16.183379107872106,-3.5534816222815606,17.349349180484939,-1.4238913834903244,-0.30731206924623311
16.190337489373832,-3.6029927486049598,17.399347304924376,-1.4380451280600639,-0.25910724880345198
16.196653658087062,-3.6525900222722401,17.449345429363817,-1.4498214902214612,-0.21212212151500418
16.202441898637467,-3.7022517740209571,17.499343553803254,-1.4594625794857741,-0.18323598479796221
16.207772247971178,-3.751964780720876,17.549341678242691,-1.4684394170667445,-0.17579903147798925
16.212665502182485,-3.8017227259263828,17.599339802682127,-1.4770368131279148,-0.16806148931591894
16.217140543418271,-3.8515200394403957,17.649337927121568,-1.4852403049087179,-0.1600461148427447
16.221217021209533,-3.9013515767746996,17.699336051561005,-1.4930365821676972,-0.15177621624115412
16.224915286280652,-3.9512126231466493,17.749334176000442,-1.5004135092001585,-0.14327543306233914
16.228256323672689,-4.0010988924298116,17.799332300439879,-1.5073601362408942,-0.13456753279523012
16.231261685835385,-4.0510065213602777,17.849330424879319,-1.513866701180806,-0.12567622710770937
16.2339534262623,-4.1009320592641716,17.899328549318756,-1.5199246226301897,-0.11662500973817666
16.236354034168471,-4.1508724536457002,17.949326673758193,-1.5255264854436772,-0.1074370171836584
16.238486370628479,-4.2008250320044569,17.99932479819763,-1.5306660198586979,-0.098134912561487764
16.240373606512684,-4.2507874803101773,18.049322922637071,-1.5353380754037635,-0.088740792324753542
16.242039162474715,-4.3007578184534347,18.099321047076508,-1.5395385906896681,-0.079276114939378778
16.243506651178169,-4.350734373271079,18.149319171515945,-1.5432645601647621,-0.069761650086291635
16.244799849764352,-4.4007157486814545,18.199317295955382,-1.5465103484455884,-0.059900141629306465
16.245943392699552,-4.4507007783688284,18.249315420394822,-1.549249767304254,-0.049687545794419676
16.246962747327494,-4.5006885001311288,18.299313544834259,-1.5514795566027628,-0.039513330576833219
16.247883337877564,-4.5506781424777563,18.349311669273696,-1.5532015013961775,-0.029372057437601521
16.248730509693477,-4.6006690860442623,18.399309793713133,-1.5544171035221821,-0.019257856168437972
16.249529542688915,-4.6506608242387495,18.449307918152574,-1.5551275630361716,-0.009164544877704588
16.250305665875398,-4.7006529243198978,18.499306042592011,-1.5553337655446013,0.00091425388497187537
16.251084072570414,-4.7506449888017785,18.549304167031448,-1.5550362752697975,0.010984999804824432
16.251889935902497,-4.8006366170732724,18.599302291470885,-1.5542353337336852,0.02105412317463384
16.252748424236049,-4.8506273671164903,18.649300415910325,-1.5529308640035624,0.031127913845942573
16.253684716140164,-4.9006167172103572,18.699298540349762,-1.5511224804986954,0.04121240965528665
16.254724014524367,-4.9506040275099723,18.749296664789199,-1.5488095044107579,0.051313283263957024
16.255891559559338,-5.0005885014023796,18.799294789228636,-1.5459909848425506,0.061435726420871542
16.257212639992495,-5.0505691465527729,18.849292913668076,-1.5426657258165437,0.071584330760018619
16.258712047113271,-5.1005447530450976,18.899291038107513,-1.5389005543685343,0.076175594080244782
16.260401144585046,-5.1505143080242917,18.94928916254695,-1.5351232056001824,0.074922889240402302
16.262277414577287,-5.20047718608404,18.999287286986387,-1.5314086567494765,0.073663568168932228
16.264337685461676,-5.2504328159353735,19.049285411425828,-1.5277572289561565,0.072398015368991112
16.266578768916968,-5.3003806618403839,19.099283535865265,-1.5241692244202241,0.071126603928265197
16.26899746109838,-5.3503202231933722,19.149281660304702,-1.5206449269765521,0.069849695368835743
16.271590543767942,-5.4002510340755245,19.199279784744142,-1.5171846026762641,0.06856763952829302
16.274354785385448,-5.4501726627858327,19.249277909183579,-1.5137885003732741,0.067280774470838883
16.277286942159673,-5.5000847113492295,19.299276033623016,-1.5104568523145532,0.06598942642712971
16.280383759059678,-5.5499868150035701,19.349274158062453,-1.5071898747327173,0.06469390976156851
16.283641970786022,-5.5998786416669484,19.399272282501894,-1.5039877684395861,0.063394526965740439
16.287058302702047,-5.6497598913867986,19.449270406941331,-1.5008507194194456,0.062091568676681752
16.290629471725097,-5.699630295772077,19.499268531380768,-1.497778899420805,0.060785313718666967
16.294352187178038,-5.7494896174099592,19.549266655820205,-1.4947724665455033,0.059476029167207095
16.29822315160115,-5.7993376492684332,19.599264780259645,-1.4918315658340795,0.058163970433957442
16.302239061524858,-5.8491742140855196,19.649262904699082,-1.4889563298464268,0.056849381371270193
16.30639660820356,-5.8989991637473533,19.699261029138519,-1.4861468792367147,0.05553249439510477
16.310692478311104,-5.9488123786549965,19.749259153577956,-1.4834033233217725,0.054213530625100287
16.315123354598327,-5.9986137670821345,19.799257278017397,-1.480725760642039,0.052892700040578965
16.319685916513315,-6.0484032645241053,19.849255402456834,-1.4781142795143505,0.051570201651329979
16.324376840784907,-6.0981808330394864,19.89925352689627,-1.4755689585758394,0.05024622368203719
16.329192801970208,-6.1479464605850911,19.949251651335707,-1.4730898673182959,0.048920943769261184
16.334130472966656,-6.1977001603453292,19.999249775775148,-1.4706770666123876,0.047594529169925674
16.33918652548957,-6.2474419700566983,20.049247900214585,-1.4683306092211899,0.046267136980302576
16.344357630515795,-6.2971719513282212,20.099246024654022,-1.4660505403025241,0.04493891436453519
16.349640458694367,-6.3468901889586933,20.149244149093459,-1.4638368978996485,0.043609998791778355
16.355031680724903,-6.3965967902510279,20.199242273532899,-1.4616897134199027,0.042280518281098509
16.360527967704723,-6.4462918843248707,20.249240397972336,-1.4596090121009233,0.040950591653296356
16.366125991445454,-6.4959756214276734,20.299238522411773,-1.457594813464115,0.039620328788886938
16.371822424760083,-6.5456481722449249,20.34923664685121,-1.4556471317550845,0.038289830891504631
16.377613941721325,-6.5953097272100152,20.399234771290651,-1.4537659763707831,0.036959190756051551
16.383497217892309,-6.6449604958141473,20.449232895730088,-1.451951352273138,0.035628493040953377
16.389468930530402,-6.6946007059167689,20.499231020169525,-1.450203260388979,0.034297814543930868
16.395525758765174,-6.7442306030568098,20.549229144608962,-1.4485216979961033,0.032967224480741769
16.401664383751566,-6.79385044976513,20.599227269048402,-1.4469066590953383,0.031636784766388072
16.407881488798971,-6.843460524878382,20.649225393487839,-1.4453581347684934,0.030306550298329255
16.414173759477428,-6.8930611228547098,20.699223517927276,-1.4438761135221074,0.028976569241276784
16.420537883701726,-6.9426525530911105,20.749221642366713,-1.4424605816169327,0.027646883313198888
16.426970551794533,-6.9922351392431548,20.799219766806154,-1.4411115233830887,0.02631752807218006
16.433468456529337,-7.0418092185468328,20.849217891245591,-1.4398289215208615,0.024988533203837593
16.440028293154334,-7.0913751411427741,20.899216015685028,-1.4386127573871252,0.023659922809021915
16.446646759398078,-7.1409332694029111,20.949214140124464,-1.4374630112673756,0.022331715691562001
16.453320555458006,-7.1904839772596754,20.999212264563905,-1.4363796626333809,0.021003925645850581
16.460046383972582,-7.2400276495376792,21.049210389003342,-1.4353626903864627,0.019676561744093345
16.466820949978271,-7.2895646812879775,21.099208513442779,-1.4344120730864234,0.018349628623074345
16.473640960852027,-7.3390954771248404,21.149206637882216,-1.4335277891661535,0.017023126770317185
16.48050312624046,-7.3886204505649618,21.199204762321656,-1.4327098171319486,0.015697052809547838
16.48740415797646,-7.4381400233692636,21.249202886761093,-1.4319581357495681,0.014371399785380956
16.494340769984298,-7.4876546248867362,21.29920101120053,-1.4312727242160888,0.013046157447193006
16.501309678174074,-7.5371646914008084,21.349199135639967,-1.4306535623175785,0.011721312532134936
16.508307600326528,-7.5866706654777349,21.399197260079408,-1.4301006305726462,0.010396849047285195
16.515331255968984,-7.6361729953169757,21.449195384518845,-1.4296139103619041,0.0090727485509434769
16.522377366243514,-7.6856721341034859,21.499193508958282,-1.4291933840433875,0.0077489904330856358
16.529442653768051,-7.7351685393616982,21.549191633397719,-1.428839035053973,0.0064255521950147866
16.536523842491523,-7.7846626723110504,21.599189757837159,-1.4285508479968339,0.0051024097282532975
16.543617657543781,-7.834154997222905,21.649187882276596,-1.4283288087149675,0.0037795375927328926
16.550721011419814,-7.8836459540242441,21.699186006716033,-1.4281568045246729,0.0033748472242634293
16.557832730445647,-7.9331357094696955,21.74918413115547,-1.4279884233747042,0.0033606530932498938
16.564952764956221,-7.9826242692605529,21.799182255594911,-1.4278207516560291,0.0033464688947496468
16.572081079654879,-8.0321116370548857,21.849180380034348,-1.4276537888740299,0.0033322945491832488
16.579217639271651,-8.0815978165249156,21.899178504473785,-1.4274875345380673,0.0033181299770100778
16.586362408563051,-8.1310828113569364,21.949176628913222,-1.4273219881614776,0.0033039750987275138
16.593515352311869,-8.1805666252512577,21.999174753352662,-1.4271571492615711,0.0032898298348701359
16.60067643532696,-8.2300492619221242,22.049172877792099,-1.4269930173596301,0.0032756941060089308
16.607845622443044,-8.2795307250976666,22.099171002231536,-1.426829591980908,0.0032615678327504827
16.615022878520509,-8.3290110185198429,22.149169126670973,-1.4266668726546263,0.0032474509357361594
16.622208168445205,-8.3784901459443599,22.199167251110413,-1.4265048589139733,0.0032333433356413095
16.629401457128228,-8.4279681111406362,22.24916537554985,-1.4263435502961033,0.0032192449531744443
16.636602709505734,-8.47744491789169,22.299163499989287,-1.4261829463421334,0.0032051557090764351
16.643811890538728,-8.5269205699942052,22.349161624428724,-1.4260230465971429,0.0031910755241196672
16.651028965212863,-8.5763950712582933,22.399159748868165,-1.425863850610172,0.003177004319107266
16.658253898538224,-8.6258684255075551,22.449157873307602,-1.4257053579342196,0.0031629420148722395
16.665486655549145,-8.6753406365789836,22.499155997747039,-1.4255475681262417,0.0031488885322766809
16.672727201303985,-8.7248117083229157,22.549154122186479,-1.4253904807471507,0.0031348437922109206
16.679975500884954,-8.7742816446029614,22.599152246625916,-1.4252340953618139,0.0031208077155927211
16.687231519397873,-8.8237504492959484,22.649150371065353,-1.4250784115390513,0.003106780223366436
16.694495221971987,-8.873218126291869,22.69914849550479,-1.4249234288516355,0.0030927612365021823
16.701766573759777,-8.9226846794938179,22.749146619944231,-1.4247691468762891,0.003078750675995009
16.709045539936753,-8.9721501128179355,22.799144744383668,-1.4246155651936849,0.0030647484628640569
16.716332085701207,-9.021614430193317,22.849142868823105,-1.4244626833884437,0.0030507545181517413
16.723626176274081,-9.071077635562073,22.899140993262542,-1.4243105010491333,0.0030367687629228642
16.730927776898714,-9.1205397328791111,22.949139117701982,-1.4241590177682679,0.0030227911182638327
16.73823685284065,-9.1700007261121694,22.999137242141419,-1.4240082331423063,0.0030088215052817861
16.745553369387437,-9.219460619241751,23.049135366580856,-1.4238581467716518,0.0029948598451037464
16.752877291848439,-9.2689194162610704,23.099133491020293,-1.4237087582606502,0.0029809060588757777
16.760208585554608,-9.3183771211759741,23.149131615459734,-1.4235600672175901,0.0029669600677621412
16.767547215858297,-9.3678337380049186,23.19912973989917,-1.4234120732547006,0.0029530217929444307
16.774893148133053,-9.4172892707788858,23.249127864338607,-1.4232647759881514,0.0029390911556207277
16.782246347773409,-9.4667437235413097,23.299125988778044,-1.4231181750380517,0.0029251680770047538
16.789606780194717,-9.5161971003481689,23.349124113217485,-1.4229722700284497,0.0029112524783249712
16.796974410832863,-9.5656494052676173,23.399122237656922,-1.4228270605873317,0.0028973442808237974
16.80434920514417,-9.6151006423803249,23.449120362096359,-1.4226825463466208,0.0028834434057566512
16.811731128605103,-9.6645508157791067,23.499118486535796,-1.4225387269421776,0.0028695497743911626
16.819120146712134,-9.7139999295690291,23.549116610975236,-1.4223956020137984,0.0028556633080062677
16.826516224981489,-9.7634479878673002,23.599114735414673,-1.4222531712052158,0.0028417839278913493
16.833919328948983,-9.8128949948032425,23.64911285985411,-1.4221114341640968,0.0028279115553453593
16.841329424169796,-9.8623409545182312,23.699110984293547,-1.4219703905420431,0.0028140461116759573
16.848746476218277,-9.9117858711656339,23.749109108732988,-1.4218300399945913,0.0028001875181986181
16.856170450687738,-9.961229748910764,23.799107233172425,-1.4216903821812115,0.0027863356962357705
16.863601313190248,-10.010672591930808,23.849105357611862,-1.4215514167653074,0.0027724905671159066
16.871039029356471,-10.060114404414874,23.899103482051299,-1.4214131434142157,0.0027586520521726767
16.878483564835392,-10.10955519056378,23.949101606490739,-1.4212755617992068,0.0027448200727440593
16.885934885294155,-10.158994954590103,23.999099730930176,-1.4211386715954837,0.0027309945501714271
16.893392956417884,-10.208433700718128,24.049097855369613,-1.4210024724821817,0.0027171754057986716
16.90085774390942,-10.257871433183753,24.09909597980905,-1.4208669641423692,0.0027033625609713115
16.908329213489178,-10.307308156234479,24.149094104248491,-1.4207321462630473,0.0026895559370355999
16.915807330894911,-10.356743874129341,24.199092228687928,-1.420598018535149,0.0026757554553376198
16.923292061881497,-10.406178591138856,24.249090353127364,-1.4204645806535405,0.0026619610372223979
16.930783372220787,-10.455612311544986,24.299088477566801,-1.42033183231702,0.002648172604032988
16.938281227701339,-10.50504503964107,24.349086602006242,-1.4201997732283191,0.0026343900771095773
16.94578559412826,-10.554476779731768,24.399084726445679,-1.4200684030941024,0.0026206133777885868
16.953296437322997,-10.603907536133102,24.449082850885116,-1.4199377216249667,0.0026068424274017319
16.960813723123113,-10.653337313172266,24.499080975324553,-1.4198077285354431,0.0025930771472751479
16.968337417382106,-10.70276611518765,24.549079099763993,-1.4196784235439961,0.0025793174587284587
16.975867485969182,-10.752193946528807,24.59907722420343,-1.4195498063730243,0.0025655632830738672
16.98340389476909,-10.80162081155637,24.649075348642867,-1.4194218767488607,0.0025518145416152283
16.990946609681888,-10.851046714642033,24.699073473082304,-1.4192946344017734,0.0025380711556471335
16.998495596622739,-10.900471660168481,24.749071597521745,-1.4191680790659653,0.0025243330464539905
17.00605082152174,-10.949895652529351,24.799069721961182,-1.4190422104795761,0.0025106001353090894
17.013612250323671,-10.99931869612918,24.849067846400619,-1.418917028384681,0.0024968723434736833
17.021179848987853,-11.048740795383374,24.899065970840056,-1.4187925325272932,0.0024831495921960552
17.028753583487866,-11.098161954718103,24.949064095279496,-1.4186687226573629,0.002469431802710587
17.036333419811431,-11.147582178570406,24.999062219718933,-1.4185455985287794,0.0024557188962367983
17.04391932396015,-11.197001471387942,25.04906034415837,-1.4184231598993711,0.0024420107939784551
17.051511261949312,-11.246419837629073,25.099058468597807,-1.4183014065309061,0.0024283074171225936
17.0591091998077,-11.295837281762786,25.149056593037248,-1.4181803381890941,0.0024146086868385855
17.066713103577403,-11.345253808268643,25.199054717476685,-1.4180599546435859,0.0024009145242772012
17.074322939313561,-11.394669421636745,25.249052841916122,-1.4179402556679761,0.0023872248505696454
17.081938673084224,-11.444084126367681,25.299050966355559,-1.4178212410398019,0.0023735395868266173
17.089560270970097,-11.493497926972482,25.349049090794999,-1.4177029105405463,0.0023598586541373526
17.097187699064371,-11.542910827972577,25.399047215234436,-1.4175852639556377,0.0023461819735686694
17.104820923472513,-11.592322833899747,25.449045339673873,-1.417468301074452,0.0023325094661640062
17.112459910312037,-11.641733949296066,25.49904346411331,-1.417352021690313,0.0023188410529424706
17.120104625712329,-11.691144178713934,25.54904158855275,-1.4172364256004943,0.0023051766548978403
17.127755035814445,-11.740553526715914,25.599039712992187,-1.4171215126062202,0.0022915161929976456
17.135411106770871,-11.78996199787475,25.649037837431624,-1.4170072825126672,0.0022778595881821706
17.143072804745366,-11.839369596773338,25.699035961871065,-1.416893735128965,0.0022642067613634787
17.150740095912724,-11.888776328004649,25.749034086310502,-1.4167808702681988,0.0022505576334244481
17.158412946458576,-11.938182196171713,25.799032210749939,-1.4166686877474102,0.0022369121252177899
17.166091322579206,-11.987587205887548,25.849030335189376,-1.4165571873875984,0.0022232701575650633
17.173775190481322,-12.036991361775149,25.899028459628816,-1.4164463690137223,0.0022096316512556975
17.181464516381862,-12.086394668467415,25.949026584068253,-1.4163362324547024,0.002195996527045998
17.18915926650779,-12.135797130607129,25.99902470850769,-1.4162267775434216,0.0021823647056581682
17.196859407095879,-12.185198752846865,26.049022832947127,-1.4161180041167278,0.0021687361077793147
17.204564904392541,-12.234599539849082,26.099020957386568,-1.416009912015435,0.0021551106540604252
17.21227572465358,-12.28399949628591,26.149019081826005,-1.4159025010843254,0.002141488265115417
17.219991834144,-12.333398626839193,26.199017206265442,-1.4157957711721512,0.0021278688615201029
17.227713199137831,-12.382796936200457,26.249015330704879,-1.4156897221316376,0.0021142523638111987
17.235439785917869,-12.43219442907084,26.299013455144319,-1.4155843538194821,0.0021006386924853171
17.243171560775515,-12.481591110161062,26.349011579583756,-1.41547966609636,0.0020870277679979491
17.250908490010552,-12.530986984191392,26.399009704023193,-1.4153756588269237,0.0020734195107624614
17.25865053993094,-12.58038205589159,26.44900782846263,-1.4152723318798062,0.0020598138411490777
17.266397676852609,-12.629776330000874,26.499005952902071,-1.4151696851276225,0.0020462106794838569
17.274149867099272,-12.679169811267897,26.549004077341507,-1.4150677184469729,0.0020326099460476724
17.281907077002181,-12.728562504450636,26.599002201780944,-1.4149664317184443,0.0020190115610751987
17.289669272899953,-12.777954414316493,26.649000326220381,-1.4148658248266128,0.0020054154447538513
17.297436421138368,-12.827345545642112,26.698998450659822,-1.4147658976600466,0.001991821517222791
17.305208488070132,-12.876735903213383,26.748996575099259,-1.4146666501113077,0.0019782296985718811
17.312985440054685,-12.926125491825434,26.798994699538696,-1.4145680820769546,0.001964639908840638
17.320767243458004,-12.975514316282567,26.848992823978133,-1.4144701934575452,0.0019510520680171991
17.328553864652399,-13.024902381398221,26.898990948417573,-1.4143729841576391,0.001937466096037277
17.336345270016281,-13.074289691994938,26.94898907285701,-1.4142764540858006,0.0019238819127831131
17.344141425933969,-13.123676252904303,26.998987197296447,-1.4141806031546,0.0019102994380824345
17.3519422987955,-13.173062068966921,27.048985321735884,-1.414085431280619,0.0018967185917073935
17.359747854996403,-13.222447145032458,27.098983446175325,-1.4139909383844507,0.0018831392933734876
17.36755806093748,-13.271831485959353,27.148981570614762,-1.4138971243907046,0.001869561462738571
17.375372883024625,-13.321215096615127,27.198979695054199,-1.4138039892280077,0.0018559850194016984
17.383192287666354,-13.370597981875754,27.248977819493636,-1.4137115381005787,0.0018338542596907786
17.391016087606008,-13.419980170978777,27.298975943933076,-1.4136288669183068,0.0014730997171954825
17.39884352461301,-13.469361783715616,27.348974068372513,-1.4135642352902047,0.001112247036319171
17.406673707715466,-13.518742961097193,27.39897219281195,-1.4135176478213394,0.00075130828247186611
17.4145057457524,-13.568123844316093,27.448970317251387,-1.4134891085137533,0.00039029551288648434
17.422338747396033,-13.617504574694333,27.498968441690828,-1.4134786207667613,2.9220781117489797e-05
17.430171821173882,-13.666885293630367,27.548966566130265,-1.4134861873770206,-0.00033190385844595482
17.438004075490845,-13.716266142546068,27.598964690569701,-1.4135118105383768,-0.0006930663460595044
17.445834618651361,-13.765647262833831,27.648962815009138,-1.413555491841483,-0.0010542546120997317
17.453662558881508,-13.81502879580334,27.698960939448579,-1.4136172322731919,-0.0014154565725360228
17.461487004351223,-13.864410882628675,27.748959063888016,-1.4136970322157236,-0.0017766601244054824
17.469307063196524,-13.913793664295174,27.798957188327453,-1.4137948914456042,-0.0021378531412896812
17.477121843541834,-13.963177281546391,27.84895531276689,-1.4139108091323824,-0.0024990234687976439
17.484930453522413,-14.012561874831063,27.89895343720633,-1.4140447838371157,-0.0028601589200571401
17.492732001306848,-14.061947584249996,27.948951561645767,-1.4141968135106362,-0.0032212472712169625
17.50052559511975,-14.11133454950312,27.998949686085204,-1.4143668954915878,-0.0035822762569630447
17.508310343264512,-14.160722909836394,28.048947810524641,-1.4145550265042424,-0.0039432335660505727
17.516085354146288,-14.210112803988864,28.098945934964082,-1.4147612026560912,-0.004304106836855069
17.523849736295094,-14.259504370139686,28.148944059403519,-1.4149854194352161,-0.0046648836529452212
17.531602598389181,-14.308897745855301,28.198942183842956,-1.4152276717074392,-0.0050255515386802936
17.539343049278543,-14.35829306803641,28.248940308282393,-1.4154879537132521,-0.0053860979548328589
17.547070198008665,-14.407690472865282,28.298938432721833,-1.4157662590645281,-0.0057465102942432398
17.554783153844557,-14.457090095752928,28.34893655716127,-1.4160625807410185,-0.0061067758775046844
17.562481026295011,-14.50649207128644,28.398934681600707,-1.4163769110866324,-0.0064668819486844572
17.570162925137108,-14.55589653317635,28.448932806040144,-1.4167092418055047,-0.0068268156710822626
17.577827960441116,-14.6053036142041,28.498930930479585,-1.4170595639578527,-0.0071865641230293388
17.58547524259555,-14.654713446169533,28.548929054919022,-1.4174278679556234,-0.0075461142937306011
17.593103882332688,-14.704126159838568,28.598927179358459,-1.4178141435579352,-0.0079054530791533122
17.600712990754293,-14.753541884890559,28.648925303797895,-1.4182183798663104,-0.0082645672779618224
17.608301679357975,-14.802960749867449,28.698923428237336,-1.4186405653197218,-0.0086234435875160009
17.615869060063421,-14.85238288211978,28.748921552676773,-1.419080687689412,-0.008982068599900972
17.623414245239459,-14.901808407755979,28.79891967711621,-1.4195387340735424,-0.0093404287980367023
17.630936347731382,-14.951237451590263,28.84891780155565,-1.4200146908916362,-0.0096985105518372638
17.638434480888606,-15.000670137090983,28.898915925995087,-1.420508543878835,-0.010056300114435245
17.645907758592848,-15.05010658632902,28.948914050434524,-1.4210202780799648,-0.010413783618471679
17.653355295286747,-15.099546919926487,28.998912174873961,-1.4215498778434226,-0.010770947072455985
17.66077620600284,-15.148991257005417,29.048910299313402,-1.4220973268148784,-0.011127776357196729
17.668169606393153,-15.198439715136747,29.098908423752839,-1.4226626079308047,-0.011484257222308066
17.675534612759186,-15.247892410289426,29.148906548192276,-1.4232457034118298,-0.011840375282793771
17.682870342082417,-15.297349456779724,29.198904672631713,-1.4238465947559247,-0.012196116015712013
17.69017591205532,-15.346810967220662,29.248902797071153,-1.4244652627314234,-0.012551464756923925
17.697450441112931,-15.396277052471849,29.29890092151059,-1.4251016873698861,-0.012906406697930001
17.704693048464918,-15.445747821589224,29.348899045950027,-1.4257558479588008,-0.013260926882794517
17.711902854128198,-15.495223381775276,29.398897170389464,-1.4264277230341402,-0.013615010205164675
17.71907897896018,-15.544703838329395,29.448895294828905,-1.427117290372766,-0.013968641405384855
17.726220544692502,-15.594189294598454,29.498893419268342,-1.4278245269846959,-0.014321805067710162
17.733326673965408,-15.643679851927686,29.548891543707779,-1.4285494091052306,-0.01467448561762222
17.740396490362713,-15.693175609611785,29.598889668147216,-1.4292919121869507,-0.015026667319249719
17.747429118447357,-15.742676664846297,29.648887792586656,-1.4300520108915882,-0.015378334272897988
17.754423683797608,-15.792183112679274,29.698885917026093,-1.4308296790817743,-0.015729470412689128
17.761379313043868,-15.84169504596326,29.74888404146553,-1.431624889812676,-0.01608005950431728
17.768295133906154,-15.89121255530754,29.798882165904967,-1.4324376153235194,-0.016430085142921002
17.775170275232188,-15.940735729030804,29.848880290344407,-1.433267827029014,-0.016779530751077052
17.782003867036174,-15.990264653113933,29.898878414783844,-1.4341154955106741,-0.017128379576916326
17.788795040538229,-16.039799411153343,29.948876539223281,-1.4349805905080553,-0.017476614692368293
17.795542928204508,-16.089340084314575,29.998874663662718,-1.4358630809099018,-0.017824218991534271
17.802246674132586,-16.13888674989089,30.048872788102159,-1.4367599200287637,-0.017590729457723771
17.808907414275847,-16.188439215507046,30.098870912541596,-1.4375782817520182,-0.015145527017330742
17.815530628408563,-16.237996711216532,30.148869036981033,-1.4382744686016202,-0.012703485414930701
17.822122364214177,-16.287558404062942,30.19886716142047,-1.4388486286744329,-0.010264205653296216
17.828688664084428,-16.337123473525335,30.24886528585991,-1.4393008899188215,-0.0078272810248011283
17.835235565818426,-16.386691109159294,30.298863410299347,-1.4396313597887456,-0.0053922986916344687
17.841769103344014,-16.436260508245102,30.348861534738784,-1.439840124976334,-0.0029588412457335774
17.848295307455757,-16.485830873441664,30.398859659178221,-1.4399272512220316,-0.00052648825255883114
17.854820206564227,-16.535401410444912,30.448857783617662,-1.4398927832016173,0.0019051822170950111
17.861349827451122,-16.584971325649789,30.498855908057099,-1.4397367444895952,0.0043365920630614755
17.867890196024973,-16.634539823814301,30.548854032496536,-1.4394591375986818,0.0067681616353021763
17.874447338071914,-16.684106105724513,30.598852156935973,-1.439059944095312,0.0092003082127299456
17.881027279996289,-16.733669365859257,30.648850281375413,-1.4385391247913069,0.011633444477172742
17.887636049545694,-16.783228790053439,30.69884840581485,-1.4378966200120482,0.014067976978339451
17.894279676515016,-16.832783553158603,30.748846530254287,-1.4371323499417112,0.016504304585717066
17.900964193424109,-16.882332816699904,30.798844654693724,-1.4362462150463093,0.018942816923424699
17.907695636163606,-16.931875726528521,30.848842779133165,-1.4352380965754963,0.021383892784168215
17.914480044603252,-16.981411410467807,30.898840903572601,-1.4341078571442802,0.023827898518526069
17.921323463157382,-17.030938975953902,30.948839028012038,-1.4328553413959435,0.026275186396073878
17.928231941301608,-17.08045750766841,30.998837152451475,-1.4314803767476962,0.028726092934889671
17.935211534036391,-17.129966065172702,31.048835276890916,-1.4299827742204159,0.031180937196775282
17.94226830228413,-17.179463680489736,31.098833401330353,-1.4283623293559531,0.033640019042616473
17.949408313232766,-17.228949355768297,31.14883152576979,-1.4266188232197921,0.036103617351952458
17.956637640593584,-17.278422060842384,31.198829650209227,-1.4247520234968598,0.038571988195151084
17.963962364788301,-17.327880730837084,31.248827774648667,-1.4227616856780769,0.041045362963728425
17.971388573049484,-17.377324263752801,31.298825899088104,-1.4206475543419832,0.043523946453848689
17.978922359430012,-17.426751518042472,31.348824023527541,-1.4184093645333646,0.04600791490257846
17.986569824715037,-17.476161310183311,31.398822147966978,-1.4160468432412383,0.048497413976294201
17.994337076229876,-17.525552412243307,31.448820272406419,-1.4135597109786242,0.050992556711106307
18.002230227537154,-17.57492354944478,31.498818396845856,-1.4109476834664716,0.053493421405838418
18.010255398016366,-17.624273397726309,31.548816521285293,-1.408210473424099,0.056000049468693421
18.018418712319061,-17.673600581305514,31.59881464572473,-1.4053477924684197,0.058512443219486399
18.026726299692776,-17.722903670245305,31.64881277016417,-1.4023593531241061,0.061030563650081214
18.035184293166573,-17.772181178026528,31.698810894603607,-1.3992448709467054,0.06355432814650952
18.043798828591427,-17.821431559130691,31.748809019043044,-1.3960040667605083,0.066083608177157138
18.052576043528266,-17.870653206636383,31.798807143482481,-1.3926366690127492,0.068618226952363345
18.061522075976644,-17.919844449833541,31.848805267921922,-1.3891424162454338,0.071157957061802515
18.070643062937126,-17.969003551859995,31.898803392361359,-1.3855210596857621,0.073702518097121611
18.079945138803669,-18.018128707383141,31.948801516800795,-1.3817723659543231,0.076251574269404487
18.089434433565319,-18.067218040257721,31.998799641240232,-1.3778961198968347,0.078804732027464727
18.099117070840222,-18.11626960132368,32.048797765679673,-1.3738921275269704,0.081361537696331837
18.108999165699021,-18.165281366156751,32.098795890119113,-1.3697602190940141,0.083921475138367563
18.119086822299085,-18.214251232925204,32.148794014558547,-1.3655002522625073,0.086483963458511434
18.129386131311726,-18.263177020297224,32.198792138997987,-1.3611121154062873,0.089048354765688828
18.139903167139675,-18.312056465421094,32.248790263437421,-1.356595731012648,0.091613932007883245
18.150643984919803,-18.360887221987184,32.298788387876861,-1.3519510591925008,0.094179906899126684
18.161614617306597,-18.409666858381428,32.348786512316302,-1.347178101291481,0.096745417958124455
18.172821071032775,-18.458392855940808,32.398784636755735,-1.3422769035958848,0.099309528679695239
18.184269323243704,-18.507062607321732,32.448782761195176,-1.3372475611262518,0.1018712258616008
18.195965317603594,-18.555673414993237,32.498780885634616,-1.3320902215102017,0.10442941811069488
18.207914960171571,-18.604222489866292,32.54877901007405,-1.3268050889250032,0.10698293455353063
18.220124115047554,-18.652706950073011,32.59877713451349,-1.3213924280988829,0.10953052377778337
18.23259859978803,-18.701123819907401,32.648775258952924,-1.3158525683589923,0.11207085303170838
18.245344180593531,-18.749470028941936,32.698773383392364,-1.3101859077123268,0.11460250770977738
18.258366567270652,-18.79774241133325,32.748771507831805,-1.3043929169446231,0.11712399115314573
18.271671407972654,-18.845937705330901,32.798769632271238,-1.2984741437207603,0.11963372479397769
18.285264168258244,-18.894052585925923,32.848767756710679,-1.2924484282864164,0.12028859630225308
18.299145640860804,-18.942084968398401,32.898765881150119,-1.2864884137350037,0.11811959380207605
18.313310536655571,-18.99003453609221,32.948764005589553,-1.2806370348193736,0.11594321896410704
18.327753153362831,-19.037901188374736,32.998762130028993,-1.2748946290104382,0.11376070647922369
18.342467791753595,-19.085684922573883,33.048760254468426,-1.2692614736435595,0.11157322716730822
18.357448759077172,-19.133385831469489,33.098758378907867,-1.2637377891102168,0.10938188808665014
18.372690372261349,-19.181004100744779,33.148756503347308,-1.2583237420386226,0.10718773286214731
18.388186960888241,-19.228540006407989,33.198754627786741,-1.2530194484528734,0.10499174221304026
18.403932869949585,-19.27599391219368,33.248752752226181,-1.24782497690112,0.10279483466125318
18.419922462385863,-19.323366266952799,33.298750876665622,-1.2427403515441959,0.1005978674019119
18.436150121414059,-19.370657602039916,33.348749001105055,-1.2377655551970321,0.098401637318204144
18.452610252649283,-19.417868528705178,33.398747125544496,-1.2329005323160884,0.096206882123446261
18.469297286025888,-19.46499973549826,33.448745249983929,-1.228145191926846,0.094014281613985284
18.486205677524111,-19.512051985690952,33.49874337442337,-1.2234994104861951,0.091824459017377666
18.503329910708047,-19.55902611472359,33.54874149886281,-1.2189630346753915,0.089637982421201953
18.520664498081882,-19.605923027682412,33.598739623302244,-1.2145358841197409,0.087455366268643836
18.538203982269852,-19.65274369680958,33.648737747741684,-1.2102177540322865,0.085277072908130441
18.555942937027783,-19.699489159054071,33.698735872181125,-1.2060084177787271,0.083103514184882488
18.57387596809167,-19.746160513663998,33.748733996620558,-1.2019076293620534,0.080935053063505499
18.591997713870452,-19.792758919825104,33.798732121059999,-1.1979151258254712,0.078772005271425569
18.610302845989398,-19.839285594348055,33.848730245499432,-1.1940306295728242,0.076614640953945726
18.628786069690651,-19.885741809406749,33.898728369938873,-1.1902538506061593,0.074463186332547018
18.647442124097363,-19.932128890329839,33.948726494378313,-1.1865844886804529,0.072317825358888616
18.66626578234764,-19.978448213446903,33.998724618817747,-1.1830222353758924,0.070178701357763593
18.685251851604679,-20.024701203990684,34.048722743257187,-1.1795667760884072,0.06804591865302316
18.704395172948793,-20.070889334055838,34.098720867696628,-1.1762177919394681,0.065919544171233566
18.723690621157701,-20.117014120615664,34.148718992136061,-1.1729749616063181,0.063799609018452247
18.743133104380192,-20.163077123596029,34.198717116575502,-1.1698379630741664,0.0616861100262526
18.762717292775726,-20.209080059710381,34.248715241014935,-1.1668421079265783,0.056706090236583843
18.782431550980718,-20.255027410239215,34.298713365454375,-1.1642040585186209,0.048822829928541908
18.802257914913596,-20.300926502723019,34.348711489893816,-1.1619597283734484,0.040956340711308277
18.822178230696917,-20.346784901648281,34.398709614333249,-1.1601083399487391,0.033104130251407134
18.842174424712372,-20.392610268295268,34.44870773877269,-1.1586492477843782,0.025263416969113137
18.862228488304122,-20.438410341909734,34.49870586321213,-1.1575819515405039,0.017431186753624654
18.882322461841063,-20.484192921339854,34.548703987651564,-1.1569061062330843,0.009604248396375116
18.902438418291894,-20.529965847028919,34.598702112091004,-1.1566215297239915,0.0017792880329751686
18.922558446461888,-20.575736983250337,34.648700236530438,-1.1567282075072334,-0.0060470770852483298
18.94266463403741,-20.621514200470525,34.698698360969878,-1.1572262948163796,-0.013878245148589201
18.96273905058144,-20.667305357721538,34.748696485409319,-1.1581161160608215,-0.021717576321356027
18.982763730624278,-20.713118284867477,34.798694609848752,-1.1593981615806972,-0.029568338892700947
19.002720656994473,-20.758960764646901,34.848692734288193,-1.161073081692571,-0.037433654694445255
19.022591744538701,-20.804840514376561,34.898690858727633,-1.1631416779807275,-0.045316443449045986
19.042358824383506,-20.850765167202447,34.948688983167067,-1.165604891772571,-0.053219365734417733
19.062003628902261,-20.896742252796894,34.998687107606507,-1.1684637897223142,-0.061144764287887128
19.081507777545045,-20.942779177373957,35.048685232045941,-1.171719546412425,-0.069094603411249747
19.100852763724429,-20.988883202961997,35.098683356485381,-1.1753734238754232,-0.077070406306742542
19.12001994293129,-21.035061425812177,35.148681480924822,-1.1794267479277549,-0.085073190233055374
19.138990522289124,-21.081320753884519,35.198679605364255,-1.183880881207471,-0.093103399465707878
19.157745551737175,-21.127667883292307,35.248677729803696,-1.188737192802525,-0.10116083613598531
19.176265917116556,-21.174109273773084,35.298675854243136,-1.1939970243804829,-0.10924458917296959
19.194532335328663,-21.220651122985004,35.348673978682569,-1.1996616527162487,-0.11735296166253396
19.212525351865096,-21.267299339733889,35.39867210312201,-1.2057322485628694,-0.12548339714563797
19.230225340948678,-21.314059516086438,35.44867022756145,-1.2122098318236243,-0.13363240552666447
19.24761250855801,-21.360936898408657,35.498668352000884,-1.2190952230277938,-0.14179548946994472
19.264666898611939,-21.407936357389527,35.548666476440324,-1.2263889911608632,-0.14996707237596105
19.281368402593738,-21.455062357143031,35.598664600879758,-1.234091397960192,-0.15814042925795929
19.297697419123285,-21.502318702390518,35.648662725319198,-1.2421234611901324,-0.16023426299243521
19.313647845676662,-21.549704177632286,35.698660849758639,-1.2500462270625576,-0.15668221044988764
19.329226586052432,-21.597213153646081,35.748658974198072,-1.2577905251478201,-0.15309598894719834
19.344441223254606,-21.644839987916569,35.798657098637513,-1.2653547512024421,-0.14947973119798361
19.359299496758986,-21.692579204514168,35.848655223076953,-1.272737502593752,-0.14583736811852924
19.373809289405305,-21.740425495543178,35.898653347516387,-1.2799375680598997,-0.14217262310782733
19.387978614768883,-21.788373721899561,35.948651471955827,-1.2869539172279048,-0.13848900806833866
19.401815605044561,-21.836418913382161,35.998649596395261,-1.2937856899736215,-0.13478982103990955
19.415328499469616,-21.884556268201493,36.048647720834701,-1.3004321857009804,-0.13107814531417022
19.428525633306425,-21.932781151930484,36.098645845274142,-1.3068928526111505,-0.12735684989426935
19.441415427400024,-21.981089095941044,36.148643969713575,-1.3131672770255001,-0.12362859116463464
19.454006378320962,-22.029475795369535,36.198642094153016,-1.3192551728194992,-0.11989581563728413
19.466307049098944,-22.077937106653604,36.248640218592456,-1.3251563710181586,-0.11616076364473037
19.478326060548419,-22.12646904468015,36.29863834303189,-1.33087080959709,-0.11242547385453444
19.490072083184035,-22.175067779584765,36.34863646747133,-1.3363985235274276,-0.10869178848646779
19.501553829719665,-22.223729633238428,36.398634591910763,-1.3417396350967241,-0.10496135912038172
19.512780048142492,-22.272451075457699,36.448632716350204,-1.3468943445328558,-0.10123565299021806
19.523759515351834,-22.321228719977103,36.498630840789644,-1.3518629209533217,-0.097515959667245591
19.534501031340827,-22.370059320177514,36.548628965229078,-1.3566456936534619,-0.093803398047025505
19.545013413927936,-22.418939764700621,36.598627089668518,-1.3612430437568011,-0.090098923552338755
19.555305493986108,-22.467867072819192,36.648625214107959,-1.3656553962210025,-0.086403335492165348
19.565386111184527,-22.516838389737348,36.698623338547392,-1.369883212220278,-0.082717284501465191
19.575264110203925,-22.565850981755162,36.748621462986833,-1.3739269818983055,-0.079041280012370485
19.584948337411639,-22.614902231347006,36.798619587426266,-1.3777872174948167,-0.075375697705883801
19.594447637974636,-22.663989632167375,36.848617711865707,-1.381464446843377,-0.071720786902782635
19.603770853389445,-22.713110784000698,36.898615836305147,-1.3849592072364516,-0.068076677858666446
19.612926819407338,-22.762263387669094,36.948613960744581,-1.3882720396521933,-0.064443388934287901
19.621924364333449,-22.811445239910654,36.998612085184021,-1.39140348333612,-0.06082083361799695
19.630772307678303,-22.860654228239213,37.048610209623462,-1.3943540707298241,-0.0572088273823574
19.639479459140496,-22.909888325794494,37.098608334062895,-1.3971243227380676,-0.053607094361815572
19.648054617899415,-22.959145586190765,37.148606458502336,-1.3997147443250855,-0.050015273842636057
19.656506572197401,-23.008424138370085,37.198604582941769,-1.4021258204305718,-0.04643292656025988
19.664844099190169,-23.057722181462168,37.24860270738121,-1.404358012195541,-0.042859540803009438
19.673075965049609,-23.107037979677546,37.29860083182065,-1.4064117534893883,-0.039294538322348867
19.681210925286415,-23.156369857161259,37.348598956260084,-1.408287447725421,-0.035737280059837319
19.689257725297789,-23.205716192953531,37.398597080699524,-1.4099854649617931,-0.032187071687477323
19.697225101092577,-23.255075415886242,37.448595205138965,-1.4115061392718262,-0.02864316898325964
19.705121780196563,-23.304445999541201,37.498593329578398,-1.4128497663807471,-0.025104783044085931
19.712956482711302,-23.35382645721749,37.548591454017838,-1.4140166015589724,-0.021571085352802871
19.720737922510317,-23.403215336915682,37.598589578457272,-1.4150068577653656,-0.018041212713105007
19.728474808555571,-23.452611216337086,37.648587702896712,-1.4158207040342545,-0.014514272067984129
19.736175846317163,-23.502012697895569,37.698585827336153,-1.4164582641007921,-0.010989345218489098
19.743849739279554,-23.551418403739056,37.748583951775586,-1.4169196152601253,-0.0074654934604557128
19.751505190517893,-23.600826970777632,37.798582076215027,-1.4172047874567226,-0.0039417621576304978
19.759150904327978,-23.650237045714182,37.848580200654467,-1.4173137626011512,-0.00041718527028431651
19.766795587893956,-23.699647280074952,37.898578325093901,-1.4172464741125752,0.0031092101412184508
19.774447952977141,-23.74905632523474,37.948576449533341,-1.4170028066862106,0.0066383994178587447
19.782116717610251,-23.798462827433781,37.998574573972775,-1.4165825962859944,0.01017135578829703
19.789810607780524,-23.847865422781922,38.048572698412215,-1.4159856303637306,0.013709045819714516
19.797538359085621,-23.897262732246073,38.098570822851656,-1.415211648306999,0.0172524248127853
19.805308718345643,-23.946653356617254,38.148568947291089,-1.4142603421191244,0.020802432120479206
19.813130445154648,-23.996035871453358,38.19856707173053,-1.4131313573355244,0.024359986370573881
19.821012313354625,-24.04540882199441,38.24856519616997,-1.4118242941817369,0.027925980572128445
19.828963112414598,-24.094770718046995,38.298563320609404,-1.4103387089794257,0.031501277086605335
19.83699164869715,-24.144120028835445,38.348561445048844,-1.4086741158075837,0.035086702445024757
19.845106746594123,-24.193455177816961,38.398559569488285,-1.4068299884271087,0.038683041993264146
19.8533167272406,-24.242774624773666,38.448557693927718,-1.404856605415483,0.03903590264505466
19.861622836150524,-24.292077973959241,38.498555818367159,-1.4029449297303156,0.037432939381274344
19.870021204304113,-24.341365692116078,38.548553942806592,-1.4011135543880449,0.035823825894733652
19.878507838268554,-24.390638289498913,38.598552067246032,-1.3993627783396878,0.034208902756056606
19.887078733666502,-24.43989630020388,38.648550191685473,-1.3976928837146365,0.032588502317118358
19.89572987591902,-24.489140281149236,38.698548316124906,-1.396104136226527,0.03096294891748046
19.904457240957772,-24.538370811042775,38.748546440564347,-1.3945967855681536,0.029332559115829014
19.913256795907529,-24.587588489337072,38.798544565003787,-1.3931710657942185,0.027697641945063311
19.922124499740072,-24.636793935173422,38.848542689443221,-1.3918271956907631,0.026058499189690634
19.931056303900689,-24.685987786315575,38.898540813882661,-1.3905653791301953,0.024415425684180789
19.940048152908403,-24.735170698073663,38.948538938322095,-1.3893858054109163,0.022768709630976575
19.94909598493139,-24.784343342220144,38.998537062761535,-1.3882886495805657,0.021118632936807952
19.958195732338702,-24.833506405897293,39.048535187200976,-1.387274072742037,0.019465471566058282
19.967343322229958,-24.882660590517983,39.098533311640409,-1.3863422223414161,0.017809495909868883
19.976534676944134,-24.931806610660029,39.14853143607985,-1.3854932324371023,0.016150971169734206
19.985765714549217,-24.980945192954756,39.19852956051929,-1.3847272239494126,0.014490157754343955
19.995032349314066,-25.030077074970553,39.248527684958724,-1.3840443048900399,0.012827311688447196
20.004330492164073,-25.079203004091966,39.298525809398164,-1.3834445705707918,0.011162685032529285
20.013656051122272,-25.128323736394886,39.348523933837598,-1.3829281037911023,0.0094965263121175834
20.023004931737368,-25.177440035518281,39.398522058277038,-1.3824949750038615,0.0078290809555468174
20.03237303750052,-25.226552671533312,39.448520182716479,-1.3821452424591723,0.0061605917390212088
20.041756270252272,-25.275662419809567,39.498518307155912,-1.3818789523256945,0.0044912992378525734
20.051150530581612,-25.324770059880152,39.548516431595353,-1.3816961387892972,0.0028214422827118175
20.060551718218523,-25.373876374304615,39.598514556034793,-1.381596824128799,0.0011512584198173292
20.069955732422041,-25.422982147531382,39.648512680474226,-1.3815810187686217,-0.00051901562607740265
20.079358472365222,-25.472088164759327,39.698510804913667,-1.3816487213082509,-0.0021891434869843445
20.088755837518942,-25.521195210799466,39.7485089293531,-1.3817999185284413,-0.0038588886863725148
20.098143728036206,-25.570304068936736,39.798507053792541,-1.3820345853741649,-0.0055280141743408763
20.107518045139813,-25.619415519799318,39.848505178231981,-1.3823526849144037,-0.0071962818645970855
20.116874691507533,-25.668530340195222,39.898503302671415,-1.3827541682786046,-0.0088634521729634239
20.126209571675886,-25.717649302018895,39.948501427110855,-1.3832389745706539,-0.010529283561980818
20.135518592438004,-25.766773171090865,39.998499551550296,-1.3838070307596946,-0.012193532088060016
20.144797663257169,-25.815902706034951,40.048497675989729,-1.3844582515487038,-0.013855950955819964
20.154042696689238,-25.865038657149761,40.09849580042917,-1.3851925392208888,-0.015516290079269036
20.163249608817885,-25.914181765286703,40.148493924868603,-1.3860097834643852,-0.017174295651358387
20.172414319703321,-25.963332760729898,40.198492049308044,-1.3869098611756356,-0.018829709722890883
20.181532753846479,-26.012492362081129,40.248490173747484,-1.3878926362419819,-0.020482269792044656
20.190600840670186,-26.061661275149977,40.298488298186918,-1.3889579593040242,-0.02213170840568392
20.199614515018951,-26.11084019184981,40.348486422626358,-1.3901056674983649,-0.023777752773655562
20.208569717678547,-26.16002978910004,40.398484547065799,-1.3913355841814199,-0.025420124397297229
20.21746239591722,-26.209230727735697,40.448482671505232,-1.392647518635036,-0.027058538713392588
20.226288504049716,-26.258443651425203,40.498480795944673,-1.394041265754737,-0.028692704754849058
20.23504400402512,-26.307669185594762,40.548478920384106,-1.3955166057213853,-0.030322324829277488
20.243724866040662,-26.356907936364699,40.598477044823547,-1.3970733036573242,-0.031947094216923412
20.252327069182016,-26.406160489495079,40.648475169262987,-1.3987111092678983,-0.03356670088912217
20.260846602089963,-26.45542740933341,40.698473293702421,-1.4004297564691168,-0.035180825248330133
20.269279463663636,-26.504709237818737,40.748471418141861,-1.4022289630044684,-0.036789139892793553
20.277621663778582,-26.554006493410757,40.798469542581302,-1.4041084300474382,-0.038391309402847684
20.285869224051098,-26.603319670121142,40.848467667020735,-1.4060678417971193,-0.039986990155937117
20.294018178626747,-26.652649236516112,40.898465791460175,-1.4081068650636794,-0.041575830167352522
20.302064575003122,-26.701995634744215,40.948463915899609,-1.4102251488468847,-0.043157468959726969
20.310004474885943,-26.751359279581784,40.998462040339049,-1.412422323908844,-0.044731537462305911
20.317833955079159,-26.800740557496962,41.04846016477849,-1.4146980023424669,-0.046297657941251145
20.325549108409589,-26.850139825734431,41.098458289217923,-1.4170517771372744,-0.047855443962266681
20.333146044686352,-26.899557411420965,41.148456413657364,-1.4194832217441351,-0.049404500386715212
20.340620891695586,-26.948993610694288,41.198454538096804,-1.4219918896406978,-0.05094442340244288
20.347972956615394,-26.998448220446477,41.248452662536238,-1.4243473515096132,-0.041443146724892244
20.355222547841553,-27.04791796082468,41.298450786975678,-1.4261276521741078,-0.029778819865016303
20.362398469021951,-27.097398444881097,41.348448911415112,-1.4273257518141782,-0.018152283359669869
20.369529474711683,-27.14688542422622,41.398447035854552,-1.4279432448713385,-0.0065516878783761752
20.376644266715573,-27.196374738029995,41.448445160293993,-1.4279811273471554,0.0050350297998903379
20.383771516587679,-27.245862258624449,41.498443284733426,-1.4274397899669227,0.016619993052872473
20.390939888397835,-27.295343837320914,41.548441409172867,-1.4263190189644932,0.028215233845254886
20.398178061207471,-27.344815250256673,41.598439533612307,-1.4246180044469534,0.039832540650874923
20.405514750696003,-27.394272144092284,41.648437658051741,-1.422335356430616,0.051483303229685556
20.412978729371748,-27.443709981399149,41.698435782491181,-1.4194691287695278,0.063178351692320459
20.420598844775949,-27.49312398553548,41.748433906930622,-1.4160168513273443,0.074927787378525734
20.428404035089176,-27.542509084991575,41.798432031370055,-1.4119755708541466,0.086740803267976022
20.43642334148808,-27.59185985700654,41.848430155809496,-1.407341901151369,0.098625491807710158
20.44468591659346,-27.641170470481775,41.898428280248929,-1.402112083196283,0.11058863837492587
20.45322102829936,-27.690434628182842,41.948426404688369,-1.3962820559826632,0.12263549896168148
20.462058058237659,-27.739645508314002,41.99842452912781,-1.3898475388912201,0.13476956118112446
20.471226494092971,-27.788795705625837,42.048422653567243,-1.3828041264330333,0.14699228834395758
20.480755914947324,-27.837877172309828,42.098420778006684,-1.375147396202018,0.15930284717205623
20.490675968804744,-27.886881159039085,42.148418902446124,-1.3668730308198509,0.1716978207265317
20.501016341428361,-27.935798156637976,42.198417026885558,-1.3579769545479325,0.18417090935219896
20.511806715619471,-27.984617838994748,42.248415151324998,-1.3484554850660406,0.1967126238913518
20.52307672008758,-28.033329007983696,42.298413275764432,-1.3383055006628781,0.20930997710254642
20.534855867105378,-28.081919541316427,42.348411400203872,-1.3275246227414423,0.22194618111629388
20.547173478224629,-28.13037634441816,42.398409524643313,-1.3161114130973071,0.23460036083824784
20.560058597445948,-28.17868530757746,42.448407649082746,-1.3040655848817559,0.24724729539392895
20.573539891409808,-28.226831269809139,42.498405773522187,-1.2913882254962237,0.259857201911812
20.587645536392497,-28.274797991000209,42.548403897961627,-1.2780820289026231,0.27239557799559388
20.602403092173841,-28.322568134052382,42.598402022401061,-1.2641515339688574,0.28482312097487977
20.617835913722864,-28.370124393599031,42.648400146840501,-1.2498465239001673,0.28625432675854445
20.63394776256964,-28.417454913126988,42.698398271279935,-1.2355302727693203,0.28641982840956315
20.650735733632448,-28.464549856888599,42.748396395719375,-1.221205355448572,0.28660092802769932
20.668196808236992,-28.511399408835185,42.798394520158816,-1.2068710017173747,0.28679722468029617
20.686327858219041,-28.557993771258136,42.848392644598249,-1.1925264636472066,0.28700822759617312
20.705125644192979,-28.604323165386337,42.89839076903769,-1.178171020090599,0.28723335629589342
20.724586813609367,-28.650377832188116,42.94838889347713,-1.1638039811578569,0.28747194085345013
20.7447078985929,-28.696148033346613,42.998387017916563,-1.1494246926899534,0.28772322229991393
20.765485313627437,-28.741624052549891,43.048385142356004,-1.1350325406813262,0.28798635318171523
20.786915353029585,-28.786796196939555,43.098383266795437,-1.1206269556984301,0.28826039828579381
20.808994188286267,-28.831654798873334,43.148381391234878,-1.1062074172416809,0.28854433554646697
20.831717865246173,-28.876190217951745,43.198379515674318,-1.0917734580614122,0.2888370571486491
20.855082301189412,-28.920392843336199,43.248377640113752,-1.0773246684134112,0.28913737084314284
20.879083281795353,-28.964253096371888,43.298375764553192,-1.062860700242739,0.28944400149014576
20.903716458028711,-29.007761433525044,43.348373888992633,-1.0483812712845655,0.28975559284739694
20.928977342966334,-29.050908349645855,43.398372013432066,-1.03388616906897,0.29007070961945614
20.954861308587493,-29.093684381564916,43.448370137871507,-1.019375254816504,0.29038783978441501
20.981363582551744,-29.136080112030555,43.49836826231094,-1.0048484672101157,0.29070539721388805
21.008479244989513,-29.178086173992401,43.548366386750381,-0.9903058260284423,0.29102172460138637
21.036203225331175,-29.219693255234795,43.598364511189821,-0.97574743562469635,0.29133509671313967
21.064530299201753,-29.260892103362004,43.648362635629255,-0.96117348823466098,0.29164372397407096
21.093455085408284,-29.301673531134732,43.698360760068695,-0.94658426709682086,0.29194575639995068
21.122972043049259,-29.34202842215706,43.748358884508136,-0.93198014936660978,0.29223928788474968
21.153075468766744,-29.38194773689866,43.798357008947569,-0.91736160881069029,0.29252236084977384
21.183759494201382,-29.421422519087116,43.84835513338701,-0.90272921824783681,0.29279297125886772
21.215018083610978,-29.460443902370123,43.898353257826443,-0.88808365175144388,0.29304907400001107
21.246845031771265,-29.499003117354668,43.948351382265884,-0.87342568655187636,0.29328858863181934
21.279233935697512,-29.537091521693448,43.998349506705324,-0.85876969751934884,0.29003089528797765
21.312167562123328,-29.574709976718704,44.048347631144757,-0.84481999518939577,0.26804460041361644
21.345602470028116,-29.611883689547494,44.098345755584198,-0.8319596712624443,0.24645216834187988
21.379492982872751,-29.648642588144664,44.148343880023639,-0.82016943508391849,0.22523542539077387
21.413795379162131,-29.685017497529511,44.198342004463072,-0.80943120503347421,0.20436447351205786
21.448467727899612,-29.7210400053131,44.248340128902512,-0.79972865357201917,0.18379928498098116
21.483469706764716,-29.756742361281308,44.298338253341946,-0.79104768022756478,0.16349099126007025
21.518762406605727,-29.792157407861772,44.348336377781386,-0.78337682758611005,0.14338287638265507
21.554308124714574,-29.827318538430209,44.398334502220827,-0.77670765466368974,0.12341109131495959
21.590070148273519,-29.8622596805379,44.44833262666026,-0.77103508114411834,0.10350510856471441
21.626012528553282,-29.897015301468048,44.498330751099701,-0.76635771496328442,0.083587936781500963
21.662099845546642,-29.931620433683008,44.548328875539141,-0.76267817476745425,0.063576114348503229
21.698296962030451,-29.96611071799023,44.598326999978575,-0.76000341784660319,0.043379499589359154
21.734568765351177,-30.000522462416736,44.648325124418015,-0.75834508329804939,0.022900873987775634
21.770879901177668,-30.034892707936027,44.698323248857449,-0.75771349964414203,0.0048482545640122247
21.807206055340853,-30.069247080574012,44.748321373296889,-0.75721868850923524,0.014977045533731873
21.843557946898763,-30.103574215850102,44.79831949773633,-0.7562131307323483,0.025268940513537567
21.879953190867155,-30.137855379482318,44.848317622175763,-0.75469019492792844,0.035662390956124654
21.916409504506554,-30.172071585760047,44.898315746615204,-0.75264641082150385,0.046092641856037467
21.952944566130881,-30.20620368719068,44.948313871054644,-0.75008160677547941,0.056492661699763906
21.989575870508702,-30.240232469223258,44.998311995494078,-0.74699899825595617,0.066794171208225131
22.026320583537721,-30.274138749174032,45.048310119933518,-0.74340522290798017,0.076928745758504002
22.063195399028267,-30.30790347833997,45.098308244372959,-0.73931031928056012,0.086828961654907319
22.100216400389368,-30.341507846054672,45.148306368812392,-0.73472764783968936,0.096429552696968526
22.137398930052523,-30.374933384390957,45.198304493251833,-0.72967375464008355,0.10566854118725011
22.174757469233231,-30.408162072024215,45.248302617691266,-0.72416817985095527,0.11448830681978377
22.212305530409932,-30.441176435717239,45.298300742130706,-0.71823321513420579,0.12283655806142688
22.250055564540361,-30.473959647829361,45.348298866570147,-0.71189361557593578,0.13066717370053546
22.288018918479143,-30.506495578560624,45.39829699100958,-0.70516584582797215,0.13933460376713697
22.326208407533993,-30.538765756661142,45.448295115449021,-0.69790660338288868,0.15105403799304679
22.364640519431703,-30.570746569573934,45.498293239888461,-0.69005968113646743,0.16285297002248059
22.403331756030088,-30.60241336318628,45.548291364327895,-0.68161959725224097,0.17479098093621032
22.442298263106618,-30.633740775194109,45.598289488767335,-0.67257798996008267,0.18692381903776903
22.481555858365976,-30.664702594352747,45.648287613206769,-0.66292379171126892,0.19930406625002681
22.521120045991214,-30.695271622606509,45.698285737646209,-0.65264337472598266,0.21198161954446385
22.561006017556618,-30.725419539057814,45.74828386208565,-0.64172067673778721,0.22500400366262888
22.601228638800734,-30.755116765141349,45.798281986525083,-0.63013731514010674,0.23841652299951455
22.641802421442183,-30.784332330765363,45.848280110964524,-0.61787269753093499,0.25226225337679381
22.682741478929891,-30.813033741610507,45.898278235403964,-0.60490413677393484,0.26658186822073626
22.724059464746915,-30.841186848249251,45.948276359843398,-0.5912069791073884,0.28141328820323497
22.765769491634071,-30.868755718283349,45.998274484282838,-0.57675475450135294,0.29679113868491558
22.807884029885365,-30.895702513315324,46.048272608722272,-0.5615193593460287,0.31274599545735238
22.850414782700192,-30.921987373285756,46.098270733161712,-0.54547128260196009,0.32930339662887226
22.893372536485963,-30.94756831153655,46.148268857601153,-0.52857988768248088,0.34648259755447491
22.936766984020633,-30.972401124911034,46.198266982040586,-0.51081376346787821,0.36429504722630018
22.980606518547344,-30.996439324273688,46.248265106480027,-0.4921411588223123,0.3827425695258298
23.024897997237719,-31.019634092017288,46.298263230919467,-0.4725305155939768,0.40181524246307032
23.069646473085161,-31.041934274390037,46.3482613553589,-0.45195111505319796,0.42148898448144106
23.114854895246399,-31.063286417769696,46.398259479798341,-0.4303738517105713,0.44172288068736543
23.160523779208219,-31.083634859244118,46.448257604237774,-0.40777214602896666,0.46245631494756445
23.206650849988556,-31.102921882904035,46.498255728677215,-0.3841230032050581,0.48360601716415924
23.253230663929202,-31.121087953934023,46.548253853116655,-0.35940821843316978,0.50506318859703769
23.30025421752487,-31.138072042680918,46.598251977556089,-0.33361571940101886,0.52669092995024769
23.34770855509948,-31.153812050109977,46.648250101995529,-0.30674102389782948,0.54832226245923754
23.395576390900537,-31.168245344145706,46.69824822643497,-0.27878877431807153,0.56975909327978369
23.443835764891098,-31.181309412984582,46.748246350874403,-0.24977429214328048,0.59077252081614873
23.492459694024333,-31.192942908441715,46.798244475313844,-0.21978523681818402,0.60245160537638121
23.541410935288081,-31.203111633080351,46.848242599753277,-0.18994739229640958,0.59102965005858044
23.590641307449726,-31.211829694754503,46.898240724192718,-0.16069107144057934,0.57921244721344523
23.640103536531118,-31.219118676268195,46.948238848632158,-0.13203271050454476,0.56713148766889665
23.689752605236936,-31.225002426605933,46.998236973071592,-0.10398241337496085,0.55490835493784163
23.739545856438028,-31.229506619623262,47.048235097511032,-0.0765444764093728,0.54265364274146688
23.789443042829028,-31.232658337084708,47.098233221950473,-0.04971795349999876,0.53046641418297424
23.839406329737749,-31.2344856818906,47.148231346389906,-0.023497236392655895,0.51843411910647019
23.88940025851501,-31.235017425263774,47.198229470829347,0.0021273704853878063,0.50663288030032883
23.939391677600369,-31.234282689825303,47.24822759526878,0.027169096893146408,0.49512806100242296
23.98934964790876,-31.232310668990134,47.298225719708221,0.051644187328003612,0.48397503321615515
24.039245328702236,-31.229130381919923,47.348223844147661,0.075571423549296121,0.47322007657357557
24.089051849206935,-31.224770462375254,47.398221968587094,0.098971694053278297,0.4629013492738796
24.138744170550037,-31.219258979187639,47.448220093026535,0.12186761290268093,0.45304988454658635
24.188298941794272,-31.212623285674393,47.498218217465975,0.14428318825847486,0.4436905773403263
24.237694353120393,-31.204889895110821,47.548216341905409,0.16624353945391224,0.43484313595045687
24.286909988542504,-31.196084379310452,47.598214466344849,0.18777466040707572,0.42652298182336351
24.335926679943569,-31.186231287410649,47.648212590784283,0.20890322650985685,0.41874208775964528
24.384726363702686,-31.175354082084983,47.698210715223723,0.22965644178736469,0.41150975026146824
24.433291940740034,-31.163475090579819,47.748208839663164,0.25006192301896346,0.40483329599251527
24.481607140431581,-31.150615468179023,47.798206964102597,0.2701476175929225,0.39871872543796383
24.529656388532434,-31.136795171922248,47.848205088542038,0.28994175207989042,0.3931712990731781
24.577424678987839,-31.1220329426259,47.898203212981478,0.30947280881633576,0.38819607286960944
24.62489744929524,-31.106346293474417,47.948201337420912,0.32876952815718891,0.38379839096185159
24.672060458900486,-31.089751503656188,47.998199461860352,0.34786093446505967,0.37998434392406438
24.718899669954393,-31.072263615712611,48.048197586299793,0.36677638433452991,0.37676120148621411
24.765401129652965,-31.053896435432794,48.098195710739226,0.38554563601063918,0.37413782876441626
24.811550853149893,-31.03466253333027,48.148193835178667,0.40419893937390505,0.37212509528256826
24.857335497016905,-31.014575020553689,48.1981919596181,0.42260316880469351,0.36144945410254903
24.902749824613924,-30.993663635971007,48.248190084057541,0.44030618483055706,0.34659368947900104
24.947795078773286,-30.971968528178508,48.298188208496981,0.45725165857989197,0.33116301135165693
24.992475050570516,-30.949530655021462,48.348186332936415,0.47341326192765754,0.31525320712881005
25.036795903994708,-30.926391396772406,48.398184457375855,0.48876931285929059,0.2989541174124693
25.080766028943025,-30.902592309460985,48.448182581815296,0.50330244782697287,0.28234848662630635
25.124395881031759,-30.878174910538341,48.498180706254729,0.51699924597690006,0.26551118339001983
25.167697813535252,-30.853180497463153,48.54817883069417,0.52984982297598326,0.2485087571596605
25.210685906029816,-30.827649998785688,48.598176955133603,0.54184741018869564,0.23139928792651945
25.253375793650729,-30.80162385644342,48.648175079573043,0.55298793266937496,0.21423248095407119
25.295784500124029,-30.775141937358185,48.698173204012484,0.5632695969987741,0.19704995781877332
25.337930277010795,-30.748243471996709,48.748171328451917,0.5726924976051927,0.17988569738539276
25.379832450930198,-30.720967017295376,48.798169452891358,0.58125824799841841,0.16276658480949141
25.421511279906763,-30.693350441242767,48.848167577330798,0.58896964138583052,0.14571303236021424
25.462987819441896,-30.665430926418598,48.898165701770232,0.59583034348330943,0.12873964208060576
25.504283798524078,-30.637244989824826,48.948163826209672,0.60184461900177932,0.11185588648360398
25.545421505301572,-30.608828516559353,48.998161950649106,0.6070170922274768,0.09506678935541138
25.586423681954091,-30.580216804982044,49.048160075088546,0.61135254137059603,0.078373593906018071
25.627313428004292,-30.551444621252038,49.098158199527987,0.61485572582320536,0.061774410015292783
25.668114111155266,-30.522546261292174,49.14815632396742,0.61753124515431468,0.045264836031012202
25.708849284609556,-30.493555618419549,49.198154448406861,0.61938342851942041,0.02883855354485592
25.749542609740914,-30.464506255043037,49.248152572846301,0.62041625314285909,0.012487895842944321
25.79021778294706,-30.435431476961291,49.298150697285735,0.62063329060958172,-0.0037956076357362968
25.830898465437084,-30.406364408942895,49.348148821725175,0.62003767984873503,-0.02002070740016557
25.871608214836527,-30.377338070259761,49.398146946164609,0.61863212587939043,-0.036195926605833623
25.912370417301123,-30.348385449048973,49.448145070604049,0.61641892359283124,-0.052329066169652654
25.953208219076345,-30.319539574252765,49.49814319504349,0.613400006048471,-0.068426718475703419
25.994144456359905,-30.290833583978408,49.548141319482923,0.60957701693788102,-0.084493786446259864
26.035198734254003,-30.262296679563118,49.598139443922364,0.60531798597235931,-0.082618938346064708
26.076370518058081,-30.23392956202299,49.648137568361804,0.60133303287905226,-0.076789978308648296
26.117650916674929,-30.205720728401957,49.698135692801237,0.59763881430489474,-0.070988723189519001
26.159031183252228,-30.177658590739124,49.748133817240678,0.59423400702149964,-0.065212650138167405
26.200502732454719,-30.149731524467825,49.798131941680111,0.59111742036352499,-0.059458983120791176
26.242057126116002,-30.121927870985793,49.848130066119552,0.58828800832612305,-0.053724715090155549
26.283686058676032,-30.094235939419882,49.898128190558992,0.58574488059512542,-0.048006628527052779
26.325381342428177,-30.066644007657871,49.948126314998426,0.58348731258839315,-0.042301314474987244
26.367134892593096,-30.039140322717813,49.998124439437866,0.58151475458034863,-0.036605190203124228
26.40893871223123,-30.01171310052424,50.048122563877307,0.57982683997465168,-0.03091451564385405
26.450784877001254,-29.984350525158803,50.09812068831674,0.57842339278241306,-0.025225408761020172
26.492665519773499,-29.957040747647454,50.148118812756181,0.57730443435517542,-0.01953386001262146
26.534572815056809,-29.929771884376201,50.198116937195614,0.57647018941462702,-0.013835746086191675
26.576498963323502,-29.902532015142192,50.248115061635055,0.57592109140872139,-0.0081268430749968645
26.618436175114113,-29.875309180977421,50.298113186074495,0.57565778722015071,-0.0024028392980788658
26.660376654994788,-29.848091381756308,50.348111310513929,0.57568114123824199,0.0033406520513116914
26.702312585318069,-29.820866573677353,50.398109434953369,0.57599223879857664,0.0091080802196621818
26.744236109784097,-29.793622666679816,50.44810755939281,0.5765923889829816,0.014903943957759996
26.786139316787725,-29.766347521864311,50.498105683832243,0.57748312676191726,0.020732778112952429
26.828014222538187,-29.739028948988182,50.548103808271684,0.578666214449857,0.026599139515773633
26.869852753938716,-29.711654704108863,50.598101932711117,0.58014364243231076,0.032507591916235853
26.911646731214546,-29.684212487451539,50.648100057150558,0.58191762911061129,0.038462689712892066
26.95338785027992,-29.656689941581678,50.698098181589998,0.58399061999741209,0.044468960204892251
26.99506766483692,-29.629074649966867,50.748096306029431,0.58636528588201642,0.050530884083896249
27.036677568203796,-29.601354136017314,50.798094430468872,0.58904451997021079,0.056652873869321496
27.078208774873001,-29.573515862700525,50.848092554908312,0.59203143388802837,0.062839249976910802
27.119652301809182,-29.545547232829009,50.898090679347746,0.59532935242336671,0.069094214098787674
27.160998949481975,-29.51743559014114,50.948088803787186,0.59894180686118759,0.075421819558889977
27.202241115803933,-29.489170888909694,50.99808692822662,0.60260698765777221,0.067292052199663555
27.243388069444137,-29.460767742169178,51.04808505266606,0.60563263736375794,0.053713667143809846
27.284458618490596,-29.432254213751822,51.098083177105501,0.60797584848822273,0.039996994840250689
27.325472083522321,-29.403658627343852,51.148081301544934,0.60963022929909128,0.026162855325524686
27.366448122441618,-29.375009430357149,51.198079425984375,0.61059041933506242,0.012231714664833108
27.407406643535737,-29.346335191373761,51.248077550423815,0.61085207695237176,-0.0017761017086966632
27.448367717299625,-29.317664599445955,51.298075674863249,0.61041187802673991,-0.015840177008635659
27.489351487060635,-29.289026464221696,51.348073799302689,0.60926752659672934,-0.02993975846608099
27.530378078302935,-29.26044971591126,51.39807192374213,0.60741777792418894,-0.044053506318242917
27.571467506647124,-29.231963404043281,51.448070048181563,0.60486247412711613,-0.058159243040301144
27.612639584448846,-29.203596693951592,51.498068172621004,0.60160259219919632,-0.072233709831380624
27.653913826029999,-29.175378859927125,51.548066297060437,0.59764030386923916,-0.086252337790031663
27.695309351625209,-29.147339273979135,51.598064421499878,0.59297904637120846,-0.10018904164448823
27.736844790218992,-29.11950738917615,51.648062545939318,0.58762360279213399,-0.11401604429859272
27.77853818156203,-29.091912716583717,51.698060670378752,0.58158019024404328,-0.12770374075958157
27.820406877787658,-29.06458479488564,51.748058794818192,0.57485655367324129,-0.14122061016078544
27.862467445197463,-29.037553151871471,51.798056919257633,0.56746206268573385,-0.15453318450168599
27.904735566943625,-29.010847257099833,51.848055043697066,0.55940780834539272,-0.16760608231498419
27.947225947502773,-28.984496465204199,51.898053168136506,0.55070669650929527,-0.18040211465206488
27.989952219996571,-28.958529949501504,51.94805129257594,0.5413735339259399,-0.19288246947689741
28.03292685757194,-28.932976625789074,51.99804941701538,0.53142510306076074,-0.2050069787201346
28.076161090187433,-28.907865066475022,52.048047541454821,0.52088022145880419,-0.21673446984023309
28.119664828260934,-28.883223405474169,52.098045665894254,0.50975978143365142,-0.22802320078297755
28.163446594701995,-28.85907923461199,52.148043790333695,0.49808676601142227,-0.23883137378916555
28.207513466874431,-28.835459492601441,52.198041914773135,0.48588623737997672,-0.24911771969634694
28.251871029998259,-28.812390347983087,52.248040039212569,0.47318529461057951,-0.25884214039706532
28.296523343399912,-28.789897077732949,52.298038163652009,0.46001299813591096,-0.26796639319134241
28.341472920845568,-28.768003943438877,52.348036288091443,0.44640040424811472,-0.27628835131262708
28.386719856956294,-28.746732202842065,52.398034412530883,0.43249583664666758,-0.28003078016608113
28.432260222956923,-28.726096165258067,52.448032536970324,0.41838687624831356,-0.28446348116524656
28.478089516351918,-28.706110034221513,52.498030661409757,0.40403909054397397,-0.28958430817312419
28.524203409185201,-28.686789661414267,52.548028785849198,0.38941800302679525,-0.29539705955587459
28.570597647457106,-28.668152583417367,52.598026910288638,0.37448881111562221,-0.30191089183810615
28.617267949023301,-28.650218068875695,52.648025034728072,0.35921613082980158,-0.30913982989844702
28.664209897744758,-28.633007175102293,52.698023159167512,0.3435637642585776,-0.31710233958294465
28.711418831694928,-28.61654281314393,52.748021283606946,0.32749448749127108,-0.3258209315715378
28.758889723215518,-28.600849820246705,52.798019408046386,0.31096985820105039,-0.3353217662869451
28.806617048557587,-28.58595503849407,52.848017532485827,0.29395004359837018,-0.34563422885866374
28.854594644765104,-28.571887398128446,52.89801565692526,0.27639367107121099,-0.35679044082130545
28.90281555136157,-28.558678003700262,52.9480137813647,0.2582577055842647,-0.36882467145759734
28.951271834310599,-28.546360220694954,52.998011905804141,0.23949735988496079,-0.38177260661194007
28.999954389654111,-28.534969759651855,53.048010030243574,0.2200660458247094,-0.39567042656961243
29.048852724219813,-28.524544753985445,53.098008154683015,0.19991537769805462,-0.41055363751201773
29.09795471086743,-28.515125826727502,53.148006279122448,0.17899524146337886,-0.42645559362281504
29.147246315970754,-28.506756140207319,53.198004403561889,0.15725394703084219,-0.44340563997223287
29.196711297253174,-28.499481421266324,53.248002528001329,0.13463848443999432,-0.46142680116007811
29.246330870822444,-28.493349952957573,53.298000652440763,0.11109490855171752,-0.48053293934349373
29.296083347354344,-28.488412521837866,53.347998776880203,0.086568880602777024,-0.50072531054322367
29.34594373899229,-28.484722307974735,53.397996901319644,0.061006398185386487,-0.52198846388170284
29.395883340783953,-28.482334702771933,53.447995025759077,0.034354747276512082,-0.54428545961674035
29.445869293492692,-28.481307037846701,53.497993150198518,0.0065637099377848646,-0.56755243439698233
29.495864138518684,-28.48169820674001,53.547991274637951,-0.022412941992843584,-0.59169262236970688
29.545825380489273,-28.483568160591695,53.597989399077392,-0.052615645013132546,-0.61657005407219201
29.595705078787528,-28.486977259567588,53.647987523516832,-0.08407692633963583,-0.64200330395121208
29.645449495668231,-28.491985464397342,53.697985647956266,-0.11681898597966474,-0.66775983826795471
29.69499883520664,-28.498651357545395,53.747983772395706,-0.15085102644377341,-0.69355171420410799
29.744289521815155,-28.507017597736805,53.797981896835147,-0.18525120326062375,-0.6778433535616859
29.793268688521689,-28.51704866567232,53.84798002127458,-0.21857466290862107,-0.65472476706055072
29.841893577871922,-28.528676984298663,53.897978145714021,-0.25068330470705291,-0.62933102809905694
29.890128833415815,-28.541828981593689,53.947976270153454,-0.28147567007691632,-0.6021524614383561
29.937946576632704,-28.556426783551196,53.997974394592894,-0.31087441721185638,-0.57366011122247274
29.985326239094803,-28.572389780721672,54.047972519032335,-0.33882490226952661,-0.54428847597395402
30.032254197814925,-28.589636032229699,54.097970643471768,-0.36529303726685597,-0.51442383115724999
30.078723268124723,-28.608083472811543,54.147968767911209,-0.39026269741440267,-0.48439777838435616
30.124732105931763,-28.627650908393608,54.197966892350649,-0.41373292036876175,-0.45448521410716403
30.170284564851066,-28.648258801753038,54.247965016790083,-0.43571509343143483,-0.42490570337752465
30.215389045323057,-28.669829861336481,54.297963141229523,-0.45623027289545337,-0.39582722617193761
30.260057863899476,-28.692289453577381,54.347961265668957,-0.4753067303965029,-0.36737137035712825
30.304306662452163,-28.715565862709038,54.397959390108397,-0.49297777894438133,-0.33961921626572533
30.348153869752604,-28.739590422966277,54.447957514547838,-0.50927989828010323,-0.31261734662464125
30.391620221953055,-28.76429754704419,54.497955638987271,-0.52425115539911127,-0.28638359211841402
30.434728343988755,-28.789624672469149,54.547953763426712,-0.53792990044167044,-0.26091227137639672
30.477502390699282,-28.815512144717061,54.597951887866152,-0.55035370911240167,-0.23617879932810207
30.519967744307728,-28.841903052889752,54.647950012305586,-0.56155853868831873,-0.21214362094738934
30.562150763597899,-28.868743030820152,54.697948136745026,-0.57157806402055755,-0.1887554830383924
30.6040785794616,-28.89598003377424,54.747946261184467,-0.58044316149572872,-0.16595409075528469
30.645778931271682,-28.923564098538154,54.7979443856239,-0.58818151176649003,-0.14367221370677616
30.687280038617477,-28.951447092645154,54.847942510063341,-0.59481729552037232,-0.12183731371320544
30.728610503201224,-28.979582456801612,54.897940634502774,-0.60037096018672398,-0.10037276649442332
30.769799236047941,-29.007924943183887,54.947938758942215,-0.6048590390113725,-0.079198745726789602
30.810875405559376,-29.036430351158966,54.997936883381655,-0.60829400721043791,-0.05823283213965319
30.851868402331011,-29.065055261113795,55.047935007821089,-0.61068416289348337,-0.037390404073258901
30.892807816872335,-29.093756766322183,55.097933132260529,-0.61203352311479353,-0.01658486024878017
30.933722534269403,-29.122493472924738,55.14793125669997,-0.61250689582359785,-0.0074439999388963701
30.974626142665368,-29.151245990018626,55.197929381139403,-0.61287626934599804,-0.0073313085763617603
31.015519209170876,-29.180013498282495,55.247927505578843,-0.6132399806420793,-0.0072175048765513129
31.056401892061022,-29.208795761233169,55.297925630018277,-0.61359797447412667,-0.0071026040037636389
31.097274351443769,-29.237592540320787,55.347923754457717,-0.61395019637478132,-0.0069866216084568857
31.138136749229055,-29.266403594955108,55.397921878897158,-0.61429659267118797,-0.0068695738233635782
31.178989249131476,-29.295228682557081,55.447920003336591,-0.61463711050923087,-0.0067514772591017935
31.219832016604251,-29.324067558563289,55.497918127776032,-0.6149716978769687,-0.0066323489995751238
31.260665218844565,-29.352919976482273,55.547916252215472,-0.61530030362843291,-0.0065122065967609536
31.30148902475413,-29.381785687920601,55.597914376654906,-0.61562287750679268,-0.0063910680652200106
31.342303604913607,-29.410664442620217,55.647912501094346,-0.61593937016735334,-0.0062689518761608184
31.383109131553702,-29.439555988494739,55.69791062553378,-0.61624973320023069,-0.0061458769511103482
31.423905778525778,-29.468460071666875,55.74790874997322,-0.61655391915269908,-0.0060218626551848493
31.464693721271541,-29.497376436506457,55.797906874412661,-0.61685188155119464,-0.0058969287899653449
31.505473136791895,-29.526304825669257,55.847904998852094,-0.61714357492295047,-0.0057710955859810618
31.546244203615093,-29.555244980136624,55.897903123291535,-0.61742895481724769,-0.0056443836948047738
31.587007101763973,-29.584196639255698,55.947901247730975,-0.6177079778262613,-0.0055168141807650792
31.627762012722577,-29.613159540780501,55.997899372170409,-0.61798060160548185,-0.0053884085122802008
31.668509119401847,-29.642133420913567,56.047897496609849,-0.61824678489369478,-0.0052591885528202363
31.709248606104872,-29.671118014348469,56.097895621049283,-0.61850648753249915,-0.0051291765515025095
31.749980658490934,-29.700113054312688,56.147893745488723,-0.61875967048534608,-0.0049983951333293806
31.790705463539371,-29.729118272611423,56.197891869928164,-0.61900629585608102,-0.0048668672890732016
31.831423209512415,-29.758133399671888,56.247889994367597,-0.61924632690697212,-0.0047346163648186246
31.872134085917441,-29.787158164588195,56.297888118807037,-0.61947972807620555,-0.0046016660511696917
31.912838283468673,-29.816192295166921,56.347886243246478,-0.61970646499483584,-0.0044680403721307988
31.953535994048078,-29.845235517973126,56.397884367685911,-0.61992650450316911,-0.0043337636736716419
31.994227410665779,-29.874287558376977,56.447882492125352,-0.62013981466656953,-0.0041988606119853916
32.03491272741983,-29.903348140600912,56.497880616564785,-0.62034636479066929,-0.0040633561414514744
32.075592139455509,-29.932416987767294,56.547878741004226,-0.62054612543597176,-0.0039272755023127513
32.116265842923774,-29.961493821946412,56.597876865443666,-0.62073906843182902,-0.0037906442080805338
32.156934034939667,-29.990578364205234,56.6478749898831,-0.6209251668897855,-0.0036534880326763472
32.197596913539762,-30.019670334656276,56.69787311432254,-0.62110439521626992,-0.003515832997325846
32.238254677639389,-30.048769452507063,56.747871238761981,-0.62127672912462961,-0.0033777053572153289
32.27890752698935,-30.077875436109924,56.797869363201414,-0.62144214564648759,-0.0032391315879249159
32.319555662132181,-30.106988003012209,56.847867487640855,-0.62160062314241937,-0.0031001383716513522
32.360199284358011,-30.136106870006714,56.897865612080288,-0.62175214131193535,-0.0029607525832347015
32.400838595660055,-30.165231753182539,56.947863736519729,-0.62189668120275832,-0.0028210012760023625
32.441473798689742,-30.19436236797619,56.997861860959169,-0.622034225219391,-0.0026809116674452139
32.482105096711543,-30.223498429222936,57.047859985398603,-0.62216475713096187,-0.0025405111247401662
32.522732693557465,-30.252639651208462,57.097858109838043,-0.62228826207834531,-0.0023998271501340322
32.563356793581228,-30.281785747720566,57.147856234277484,-0.62240472658054569,-0.0022588873662046402
32.603977601612357,-30.310936432101329,57.197854358716917,-0.62251413854034354,-0.0021177195010122197
32.644595322909787,-30.340091417299121,57.247852483156358,-0.62261648724919683,-0.0019763513731594954
32.685210163115556,-30.369250415921016,57.297850607595791,-0.62271176339139156,-0.001834810876773423
32.725822328208125,-30.398413140285101,57.347848732035231,-0.62279995904744201,-0.0016931259664257786
32.766432024455654,-30.427579302473042,57.397846856474672,-0.62288106769673501,-0.0015513246420077334
32.807039458369204,-30.456748614382597,57.447844980914105,-0.62295508421941614,-0.0014094349335744554
32.847644836655704,-30.485920787780188,57.497843105353546,-0.62302200489751969,-0.0012674848861754674
32.888248366170728,-30.515095534353257,57.547841229792986,-0.6230818274153378,-0.0011255025446877979
32.928850253870209,-30.544272565761919,57.59783935423242,-0.62313455085903269,-0.00098351593867003766
32.969450706776811,-30.573451593701115,57.64783747867186,-0.62318017571550643,-0.00084155306719806827
33.010049931896532,-30.602632329926823,57.697835603111301,-0.62321870387046141,-0.00069964188392470251
33.050648136218065,-30.631814486341728,57.747833727550734,-0.62325013860580214,-0.00055781028191387099
33.091245526636968,-30.660997775026509,57.797831851990175,-0.62327448459620283,-0.00041608607881890125
33.131842309916173,-30.690181908297134,57.847829976429608,-0.62329174790497333,-0.00027449700202908497
33.17243869263941,-30.719366598756746,57.897828100869049,-0.62330193597917738,-0.0001330706739520888
33.213034881402173,-30.748551559017077,57.947826225308489,-0.62330501482063738,1.1171340040694341e-05
33.253631086542505,-30.777736496496182,57.997824349747923,-0.62330079798870097,0.0001574737930713724
33.294227521441343,-30.806921114378461,58.047822474187363,-0.62328927139732737,0.00030357431931708089
33.334824399280151,-30.836105116110954,58.097820598626804,-0.62327044489785932,0.00044948269608120973
33.375421932946487,-30.865288205521004,58.147818723066237,-0.62324432785394401,0.00059520865489058291
33.416020335041935,-30.894470086791991,58.197816847505678,-0.62321092914378318,0.0007407618830056077
33.456619817889454,-30.923650464438808,58.247814971945111,-0.62317025716230978,0.00088615202491441436
33.497220593541421,-30.952829043283959,58.297813096384552,-0.62312231982328781,0.0010313886838151823
33.537822873786986,-30.982005528433252,58.347811220823992,-0.62306712456134183,0.0011764814230821874
33.578426870159781,-31.011179625251941,58.397809345263425,-0.62300467833391049,0.0013214397677197649
33.619032793945451,-31.040351039340791,58.447807469702866,-0.62293498762312915,0.0014662732058028773
33.6596408561891,-31.069519476512273,58.497805594142307,-0.62285805843764108,0.0016109911899043806
33.700251267702818,-31.098684642766845,58.54780371858174,-0.62277389631433611,0.0017556031385102242
33.740864239073062,-31.127846244269332,58.59780184302118,-0.62268250632002087,0.0019001184374222572
33.78147998066801,-31.157003987325282,58.647799967460614,-0.62258389305301731,0.0020445464411489945
33.822098702644965,-31.186157578357559,58.697798091900054,-0.62247806064469291,0.002188896474285188
33.862720614957681,-31.215306723882907,58.747796216339495,-0.62236501276092249,0.0023331778328800588
33.90334592736334,-31.244451130488407,58.797794340778928,-0.62224475260348089,0.0024773997857934975
33.943974849430198,-31.273590504808471,58.847792465218369,-0.62211728291136914,0.002621571576043783
33.984607590544393,-31.302724553501292,58.897790589657809,-0.62198260596207289,0.0027657024221425905
34.025244359917217,-31.331852983225815,58.947788714097243,-0.62184072357275422,0.0029098015194212864
34.065885366592177,-31.360975500618487,58.997786838536683,-0.62169163710137831,0.0030538780413470312
34.106530819452075,-31.390091812270231,59.047784962976117,-0.62153534744777361,0.0031979411408292538
34.147180927225854,-31.419201624703231,59.097783087415557,-0.62137185505462655,0.0033419999515168189
34.187835898495798,-31.448304644348056,59.147781211854998,-0.6212011599084134,0.0034860635890865024
34.228495941704175,-31.477400577520505,59.197779336294431,-0.62102326154026588,0.0036301411525222083
34.269161265160264,-31.506489130398705,59.247777460733872,-0.62083815902677542,0.0037742417253860535
34.309832077047197,-31.535570009000171,59.297775585173312,-0.62064585099072977,0.0039183743770813736
34.350508585429175,-31.564642919159194,59.347773709612746,-0.62044633560179008,0.0040625481641091117
34.391190998255674,-31.593707566502125,59.397771834052186,-0.62023961057711496,0.0042067721313056175
34.431879523372388,-31.622763656427477,59.447769958491619,-0.62002567318189361,0.0043510553130974286
34.472574368524803,-31.65181089408086,59.49776808293106,-0.61980452022984855,0.0044954067347224387
34.51327574136559,-31.68084898433267,59.547766207370501,-0.61957614808366246,0.0046398354134579685
34.55398384946114,-31.709877631755159,59.597764331809934,-0.61934055265534416,0.0047843503598389292
34.594698900298134,-31.73889654059959,59.647762456249374,-0.61909772940653596,0.004928960578869635
34.63542110128985,-31.767905414773296,59.697760580688815,-0.6188476733487599,0.0050736750712289209
34.676150659782756,-31.796903957816806,59.747758705128248,-0.61859037904360437,0.005218502834469339
34.716887783062653,-31.825891872880856,59.797756829567689,-0.61832584060285012,0.0053634528642100398
34.757632678361198,-31.854868862703565,59.847754954007122,-0.61805405168853744,0.005508534155324458
34.798385552861966,-31.883834629587348,59.897753078446563,-0.6177750055129736,0.0056537557031216224
34.839146613706788,-31.912788875376016,59.947751202886003,-0.61748869483868252,0.0057991265045225556
34.879916068001833,-31.941731301431744,59.997749327325437,-0.61719511197829313,0.0059446555592316168
34.920694122823761,-31.970661608612019,60.047747451764877,-0.6168942487943736,0.0060903518709023241
34.961480985225748,-31.999579497246593,60.097745576204318,-0.61658609669920217,0.0062362244482987855
35.002276862243498,-32.028484667114348,60.147743700643751,-0.61627064665448439,0.0063822823064521471
35.043081960901233,-32.057376817420163,60.197741825083192,-0.61594788917101029,0.0065285344678128378
35.083896488217469,-32.086255646771697,60.247739949522625,-0.61561781430825557,0.006674989963397944
35.124720651211078,-32.115120853156185,60.297738073962066,-0.61528041167392267,0.0068216578339354563
35.165554656906792,-32.14397213391706,60.347736198401506,-0.61493567042342967,0.0069685471310027862
35.206398712341247,-32.172809185730735,60.39773432284094,-0.61458357925933682,0.007115666918163557
35.247253024568387,-32.20163170458305,60.44773244728038,-0.61422412643072,0.0072630262720986575
35.288117800665283,-32.23043938574591,60.497730571719821,-0.61385729973248715,0.0074106342837350981
35.328993247737579,-32.259231923753681,60.547728696159254,-0.6134830865046369,0.0075585000593706275
35.369879572925086,-32.288009012379653,60.597726820598695,-0.61310147363146272,0.0077066327217955692
35.410776983407168,-32.316770344612259,60.647724945038128,-0.61271244754069998,0.0078550414114109592
35.451685686408155,-32.345515612631452,60.697723069477568,-0.6123159942026174,0.0080037352873440545
35.492605836386375,-32.374244583036791,60.747721193917009,-0.61192178247503692,0.0074727584362750746
35.533536694568618,-32.402958295279547,60.797719318356442,-0.61157428088992916,0.0064277067890315511
35.574476778429315,-32.431658852116932,60.847717442795883,-0.61127904775929476,0.005381943964700619
35.615424583721925,-32.460348391619604,60.897715567235323,-0.61103611832665172,0.0043354823993526316
35.6563786069255,-32.489029054501167,60.947713691674757,-0.61084552723129271,0.0032883338492800483
35.697337344927028,-32.517702983858577,60.997711816114197,-0.61070730853889255,0.0022405095264337272
35.73829929470228,-32.546372324913577,61.047709940553638,-0.61062149576532287,0.0011920202345397405
35.779262952994927,-32.575039224754747,61.097708064993071,-0.61058812189364664,0.00014287650588839937
35.820226815994531,-32.603705832079768,61.147706189432512,-0.61060721938425522,-0.00090691126123104379
35.861189379013503,-32.632374296937535,61.197704313871945,-0.6106788201781207,-0.0019573326644681324
35.902149136163466,-32.661046770469817,61.247702438311386,-0.6108029556931277,-0.003008377158740336
35.943104580030997,-32.68972540465208,61.297700562750826,-0.61097965681345856,-0.0040600339169734496
35.98405420135348,-32.718412352033134,61.34769868719026,-0.61120895387200047,-0.0051122916902730771
36.024996488694967,-32.747109765473134,61.3976968116297,-0.61149087662574908,-0.0061651386675507843
36.065929928122273,-32.775819797879592,61.447694936069141,-0.61182545422417867,-0.0072185623346177038
36.106853002882374,-32.804544601941451,61.497693060508574,-0.61221271517055675,-0.0082725493327910193
36.147764193080022,-32.833286329859931,61.547691184948015,-0.61265268727617472,-0.0093270853170125869
36.188661975357284,-32.862047133076842,61.597689309387448,-0.61314539760747588,-0.010382154813535528
36.229544822574404,-32.890829161999314,61.647687433826889,-0.61369087242605669,-0.011437741077197304
36.270411203492479,-32.919634565720656,61.697685558266329,-0.614289137121522,-0.012493825948322232
36.311259582458646,-32.94846549173743,61.747683682705762,-0.61494021613717842,-0.013550389709298295
36.352088419093384,-32.977324085661714,61.797681807145203,-0.61564413288854858,-0.014607410940869538
36.392896167980972,-33.006212490928803,61.847679931584643,-0.61640090967469496,-0.015664866378205508
36.433681278362904,-33.035132848499615,61.897678056024077,-0.61721056758234227,-0.016722730766799879
36.474442193834946,-33.06408729655768,61.947676180463517,-0.61807312638279555,-0.017780976718273323
36.515177352047736,-33.093077970200085,61.997674304902951,-0.61898860442163861,-0.018839574566137957
36.555885184411935,-33.122107001122536,62.047672429342391,-0.61995701850123641,-0.019898492221631873
36.596564115807531,-33.151176517297607,62.097670553781832,-0.62097838375601822,-0.020957695029680621
36.637212564298054,-33.180288642646161,62.147668678221265,-0.62205271352056857,-0.022017145625105629
36.677828940850794,-33.209445496702209,62.197666802660706,-0.62318001919055788,-0.02307680378920008
36.718411649060968,-33.238649194269072,62.247664927100146,-0.62436031007646797,-0.024136626306728717
36.758959084883529,-33.267901845068913,62.29766305153958,-0.62559359325022601,-0.025196566823562153
36.799469636370617,-33.297205553383748,62.34766117597902,-0.62687987338471884,-0.026256575705025032
36.839941683415745,-33.32656241768796,62.397659300418454,-0.62821915258624605,-0.027316599895124333
36.880373597505425,-33.355974530272455,62.447657424857894,-0.62961143021996357,-0.028376582776823107
36.920763741478339,-33.385443976859818,62.497655549297335,-0.63105670272837455,-0.029436464033530625
36.961110469292244,-33.41497283621014,62.547653673736768,-0.63255496344291429,-0.030496179511981587
37.001412125799938,-33.444563179717846,62.597651798176209,-0.63410620238874094,-0.031555661086727201
37.041667046533519,-33.474217070998499,62.647649922615649,-0.63571040608277485,-0.032614836526421234
37.081873557498419,-33.503936565466077,62.697648047055083,-0.63736755732511308,-0.033673629362144221
37.122029974977096,-33.533723709900087,62.747646171494523,-0.6390776349839149,-0.034731958757996277
37.162134605343027,-33.563580542002498,62.797644295933956,-0.64084061377387624,-0.035789739384209047
37.20218574488554,-33.593509089944376,62.847642420373397,-0.64265646402843069,-0.036846881293044254
37.242181679645796,-33.62351137190192,62.897640544812838,-0.64452515146582001,-0.03790328979775618
37.282120685264644,-33.653589395581953,62.947638669252271,-0.64644663694919791,-0.038958865354913663
37.322001026842599,-33.683745157736624,62.997636793691711,-0.64842087624093414,-0.040013503450384236
37.361820958812778,-33.713980643667398,63.047634918131152,-0.65044781975133104,-0.041067094489310722
37.401578724826706,-33.744297826717911,63.097633042570585,-0.65252741228191913,-0.042119523690396135
37.44127255765445,-33.774698667756276,63.147631167010026,-0.65465959276361663,-0.043170670984875106
37.480900679098639,-33.8051851146462,63.197629291449459,-0.65684429398993049,-0.044220410920500081
37.520461299923483,-33.835759101707247,63.2476274158889,-0.6590814423455128,-0.045268612570943646
37.559952619799162,-33.866422549164284,63.29762554032834,-0.6613709575303155,-0.046315139450985331
37.599372827262115,-33.897177362586142,63.347623664767774,-0.66371275227966919,-0.047359849437894286
37.638720099691774,-33.928025432313447,63.397621789207214,-0.66610673208058724,-0.048402594699407518
37.677992603304141,-33.958968632876001,63.447619913646655,-0.66855279488464281,-0.049443221628727392
37.717188493163178,-33.990008822399737,63.497618038086088,-0.67105083081778749,-0.050481570786969993
37.756302081080328,-34.021152646245113,63.547616162525529,-0.67412785957313059,-0.081662635778928377
37.795287846456809,-34.052456271029136,63.597614286964962,-0.67931449454473636,-0.12581783055123677
37.8340758694372,-34.084004493007704,63.647612411404403,-0.68671006029689152,-0.17002542501694026
37.872594237044979,-34.115881264498888,63.697610535843843,-0.69631724205703305,-0.21428225893174555
37.910768805444377,-34.148168810878502,63.747608660283277,-0.70813761327522295,-0.25854526585368515
37.948522743615435,-34.180947028750545,63.797606784722717,-0.72216937824600036,-0.30272101982077443
37.985776191736669,-34.214292764961669,63.847604909162158,-0.7384046013348935,-0.34665574900961643
38.022446069922296,-34.24827896466067,63.897603033601591,-0.75682596328749285,-0.39012655483659453
38.058446076946296,-34.282973686371804,63.947601158041032,-0.77740313032125519,-0.4328349107970505
38.0936869206271,-34.318438995491853,63.997599282480465,-0.800088883536752,-0.47440382956334687
38.128076819563091,-34.354729764396829,64.047597406919905,-0.8248152314527698,-0.51438029444666333
38.161522308234865,-34.391892426827788,64.097595531359346,-0.85148980914689598,-0.55224453932087059
38.193929362532863,-34.429963754626336,64.147593655798786,-0.87999293949769009,-0.58742740722136955
38.225204839773411,-34.468969743296718,64.197591780238227,-0.91017577575349584,-0.61933623046774067
38.255261758501476,-34.50892207872193,64.247589904677653,-0.9415313238990034,-0.63159278198404334
38.284041523745444,-34.549803936328992,64.297588029117094,-0.97338230626801836,-0.64325457450286772
38.311490971286688,-34.591590532924982,64.347586153556534,-1.0059297486110865,-0.6594422946484787
38.337547142525686,-34.634259667998798,64.397584277995975,-1.0393991296458482,-0.68013644588019295
38.362136636716102,-34.677790342695616,64.447582402435415,-1.0740167010358037,-0.70538378429909809
38.385174972555426,-34.72216125297394,64.497580526874842,-1.1100122431986494,-0.73527479057951739
38.406565929698104,-34.767349136566374,64.547578651314282,-1.1476206297571314,-0.76991801427820572
38.42620094073412,-34.813326897142325,64.597576775753723,-1.1870819634548493,-0.80940802272985923
38.44395863676062,-34.860061434435806,64.647574900193163,-1.2286398776126242,-0.85378348068664511
38.459704693389327,-34.907511121451492,64.697573024632604,-1.2725374221021843,-0.90297189848346837
38.473292178843742,-34.95562289614567,64.74757114907203,-1.3190097929397522,-0.95671828097174505
38.484562668125847,-35.004328984402406,64.797569273511471,-1.3682730708553261,-1.0144970010654391
38.493348446847683,-35.05354335434383,64.847567397950911,-1.4205081992781614,-1.0754106510016386
38.499476164528232,-35.103158128246626,64.897565522390352,-1.4758397967323751,-1.1380872913084654
38.502793375649709,-35.1530392757196,64.947563646829792,-1.532959141476971,-1.143281846155634
38.503254934105996,-35.203028445249963,64.997561771269233,-1.5901961803815088,-1.1467044044827961
38.500850724155484,-35.252961843344082,65.047559895708659,-1.6476693217408924,-1.1527662637771661
38.495573553223785,-35.302673682744661,65.097558020148099,-1.705515679223764,-1.1616564284321111
38.487419029578263,-35.351995146006971,65.14755614458754,-1.7638791548447994,-1.1734555295750282
38.47638592976746,-35.400753299313131,65.19755426902698,-1.8229047043439119,-1.1881225697671491
38.462477085719584,-35.448770077788595,65.247552393466421,-1.8827318483131916,-1.2054780356657473
38.445700814337755,-35.495861482052888,65.297550517905847,-1.9434872610329978,-1.2251841178934473
38.42607288923498,-35.541837147346826,65.347548642345288,-2.0052763384325734,-1.2467241361316981
38.403619017395876,-35.586500466557005,65.397546766784728,-2.0681737924979795,-1.2693849549155647
38.378377729117204,-35.62964945946203,65.447544891224169,-2.1322135548049657,-1.2922480179465892
38.350403516593992,-35.671078571813688,65.497543015663609,-2.1973785947699263,-1.3141961904549193
38.319772017022579,-35.710583223486893,65.547541140103036,-2.2631790070164883,-1.2910062209585447
38.286664400609439,-35.748038440467482,65.597539264542476,-2.325336542239099,-1.1947768221451827
38.251379056386213,-35.783451335259876,65.647537388981917,-2.3826303864026861,-1.0971911867591582
38.214203939840971,-35.816876623053176,65.697535513421357,-2.4350920231481554,-1.0019897940100855
38.17540024493303,-35.848398195188139,65.747533637860798,-2.4829063694511961,-0.91159802489317165
38.135199214431438,-35.87811849907321,65.797531762300238,-2.5263513648439715,-0.82735739284497656
38.093802142922613,-35.906150116938967,65.847529886739665,-2.5657508064672729,-0.74980715474986726
38.051382297305565,-35.932609592431106,65.897528011179105,-2.601440861973122,-0.67894166782561449
38.008087798009726,-35.957613219849485,65.947526135618546,-2.633748150824462,-0.61441353406641741
37.964044827394602,-35.981274395904947,65.997524260057986,-2.6629765206919771,-0.55567902705041339
37.919360790148602,-36.003702143006208,66.047522384497427,-2.6893998140358319,-0.50209410602124149
37.874127231257901,-36.025000477013833,66.097520508936853,-2.7132584373502815,-0.45297239519816901
37.828422432336694,-36.04526837084348,66.147518633376293,-2.7347580977436028,-0.407615421796719
37.782313675122658,-36.064600139293361,66.197516757815734,-2.7540695245619022,-0.36532282862518695
37.735857509563516,-36.083081817865214,66.247514882255174,-2.7717305093945139,-0.34855411145285103
37.689086209167343,-36.100750881341931,66.297513006694615,-2.78899591236374,-0.34196540399614794
37.642019687644805,-36.11761787193003,66.347511131134041,-2.8059138141840485,-0.33465966591431429
37.594677563490748,-36.133695146741971,66.397509255573482,-2.8224493225349043,-0.32667597481816063
37.547079186136699,-36.148997198334818,66.447507380012922,-2.8385696052637543,-0.31805750415348355
37.49924350723083,-36.163540550298663,66.497505504452363,-2.8542440710873018,-0.30885055562871666
37.451188964496538,-36.177343638157467,66.547503628891803,-2.8694445015767642,-0.29910358388635117
37.402933379600682,-36.190426678767672,66.597501753331244,-2.8841451348838172,-0.28886624657676729
37.354493870971019,-36.202811531445242,66.64749987777067,-2.8983227032152783,-0.27818850850900245
37.305886782028878,-36.214521553977562,66.697498002210111,-2.911956427363958,-0.26711982304984028
37.257127624868453,-36.22558145650077,66.747496126649551,-2.9250279726122805,-0.255708407933051
37.208231039029954,-36.23601715596584,66.797494251088992,-2.9375213710319157,-0.24400062659592017
37.15921076469651,-36.245855633599405,66.847492375528432,-2.9494229156135341,-0.23204048047615583
37.110079629389617,-36.255124797411455,66.897490499967859,-2.9607210318042676,-0.21986921267182424
37.060849547056726,-36.263853351428878,66.947488624407299,-2.9714061319414,-0.20752501918222799
37.01153152832196,-36.272070672963082,66.99748674884674,-2.9814704577971867,-0.19504286069537816
36.962135700611476,-36.27980669886098,67.04748487328618,-2.9909079160358005,-0.18245436557491768
36.91267133685313,-36.287091821357187,67.097482997725621,-2.9997139108770021,-0.16978781326243853
36.863146891480959,-36.293956793845005,67.147481122165047,-3.0078851777022071,-0.15706818664465216
36.813570042538331,-36.300432646621978,67.197479246604487,-3.0154196207630788,-0.14431728190597484
36.763947738760343,-36.306550612441569,67.247477371043928,-3.0223161575887372,-0.13155386485455395
36.714286250619814,-36.312342061518493,67.297475495483368,-3.0285745721564421,-0.11879386353608996
36.664591224430993,-36.317838445486373,67.347473619922809,-3.0341953784073366,-0.10605058800908115
36.61486773871966,-36.323071249692248,67.39747174436225,-3.0391796952617902,-0.093334969340716945
36.565120362204055,-36.328071953124656,67.447469868801676,-3.043529133920444,-0.080655811112908204
36.515353212753197,-36.332871995221545,67.497467993241116,-3.0472456979394242,-0.068020047901382247
36.46557001695377,-36.337502748748769,67.547466117680557,-3.0503316963047418,-0.055433006350301184
36.415774169814902,-36.341995497939145,67.597464242119997,-3.0527896695548984,-0.042898665421782889
36.365968617398011,-36.346379398083506,67.647462366559438,-3.054773856742194,-0.037955926675488832
36.316154831059791,-36.350668739233079,67.697460490998864,-3.0565945162525265,-0.034876761672637917
36.266333639354052,-36.354871205810596,67.747458615438305,-3.0582617448407374,-0.031818162748709244
36.21650582387749,-36.358994405321489,67.797456739877745,-3.0597765262072785,-0.028778346401318228
36.166672126069692,-36.363045901716688,67.847454864317186,-3.0611397547642394,-0.025755524641047734
36.1168332512974,-36.367033219433658,67.897452988756626,-3.0623522354357537,-0.022747905947562836
36.066989872846349,-36.370963847479707,67.947451113196067,-3.0634146835013807,-0.019753696037550065
36.01714263582889,-36.374845243551974,67.997449237635493,-3.0643277244736815,-0.01677109846733487
35.967292161018818,-36.378684838188022,68.047447362074934,-3.0650918940022311,-0.013798315092096187
35.917439048622143,-36.38249003894294,68.097445486514374,-3.0657076377974488,-0.010833546402383267
35.867583881994243,-36.386268234588059,68.147443610953815,-3.0661753115686028,-0.0078749917578828637
35.817727231312794,-36.390026799327515,68.197441735393255,-3.0664951809713288,-0.0049208495375644406
35.767869657216792,-36.39377309702882,68.247439859832681,-3.066667421560958,-0.0019693172247528187
35.718011714420904,-36.397514485464121,68.297437984272122,-3.0666921187488438,0.0009814085548273952
35.668153955315127,-36.401258320558739,68.347436108711562,-3.0665692677597889,0.0039331320243216001
35.618296933559996,-36.405011960643691,68.397434233151003,-3.0662987735895397,0.0068876582587774305
35.568441207685808,-36.408782770709401,68.447432357590444,-3.0658804509621969,0.0098467931825682899
35.518587344707612,-36.412578126656996,68.49743048202987,-3.0653140242882655,0.012812343543575078
35.468735923763454,-36.416405419544255,68.54742860646931,-3.064599127624938,0.015786116846499294
35.418887539787988,-36.420272059822615,68.597426730908751,-3.0637353046411171,0.01876992122711333
35.369042807229491,-36.424185481561651,68.647424855348191,-3.0627220085905824,0.021765565248937406
35.31920236382134,-36.428153146657046,68.697422979787632,-3.0615586022976617,0.024774857603081089
35.269366874417166,-36.432182549017874,68.747421104227072,-3.0602443581607459,0.027799606691274934
35.219537034900334,-36.436281218728361,68.797419228666499,-3.058778458180003,0.030841620071175024
35.169713576177045,-36.440456726178837,68.847417353105939,-3.0571599940167249,0.033902703741987027
35.119897268263607,-36.444716686160334,68.89741547754538,-3.0553879670928619,0.036984661247255947
35.070088924478078,-36.449068761915846,68.94741360198482,-3.0534612887405066,0.04008929257030943
35.020289405745537,-36.453520669141646,68.997411726424261,-3.0513787804123083,0.043218392796476275
34.97049974940645,-36.45808152750655,69.047409850863687,-3.0490351635525585,0.051704025167904281
34.920722058760241,-36.462771120838617,69.097407975303128,-3.0461996139969809,0.061729678591330585
34.870959086281651,-36.467614332142638,69.147406099742568,-3.0428617122034409,0.071798209692460715
34.821213828756441,-36.472636157004047,69.197404224182009,-3.0390194201782808,0.081905241535106782
34.771489562516344,-36.47786165739776,69.247402348621449,-3.0346709415344018,0.092045464195839893
34.721789881320134,-36.483315942224493,69.297400473060875,-3.0298147714738093,0.10221250141597066
34.672118733975736,-36.48902414438961,69.347398597500316,-3.0244497534154036,0.11239877841903664
34.622480461452916,-36.495011394016075,69.397396721939757,-3.0185751421634563,0.1225953928098075
34.572879833181062,-36.50130278740064,69.447394846379197,-3.0121906734050286,0.13279199087938859
34.523322082238003,-36.50792335134107,69.497392970818638,-3.0052966392054961,0.14297665206107205
34.473812938923324,-36.514898002518102,69.547391095258078,-2.997893969001642,0.15313578475888651
34.424358662421092,-36.52225150163089,69.597389219697504,-2.9899843154549282,0.16325403715362605
34.374966069926892,-36.530008402080732,69.647387344136945,-2.9815701442992468,0.1733142270536166
34.325642562758908,-36.538192993049677,69.697385468576385,-2.9726548271318576,0.18329729516213503
34.276396148841336,-36.546829236922655,69.747383593015826,-2.9632427358587736,0.19318228640002294
34.227235460934942,-36.55594070110665,69.797381717455266,-2.9533393372737566,0.20294636403175725
34.178169769959879,-36.565550484423994,69.847379841894693,-2.9429512860129265,0.21256486128283075
34.129208992742946,-36.575681138395851,69.897377966334133,-2.932086513898533,0.22201137485812078
34.080363693526927,-36.58635458388369,69.947376090773574,-2.9207543134774094,0.23125790423700232
34.031645078601983,-36.597592023719983,69.997374215213014,-2.908965413384581,0.24027503980067899
33.983064983470214,-36.609413852128021,70.047372339652455,-2.8967320430374337,0.24903220171899537
33.934635852024599,-36.621839561903798,70.097370464091881,-2.8840679841032086,0.25749793008721472
33.886370707327515,-36.634887650498733,70.147368588531322,-2.8709886062010512,0.26564022507303237
33.838283113700982,-36.648575526299446,70.197366712970762,-2.8575108844096828,0.27342693385643563
33.790387129997761,-36.662919416537441,70.247364837410203,-2.8436533963663555,0.28082617898872947
33.742697254102801,-36.677934278371602,70.297362961849643,-2.8294362970670961,0.28780682056187523
33.695228358917468,-36.693633714761887,70.347361086289084,-2.8148812699142178,0.29433894238805436
33.647995620285911,-36.710029896786914,70.39735921072851,-2.8000114530956539,0.30039435038575102
33.601014987501344,-36.72713498644984,70.447357335167951,-2.7847527887329231,0.31012251408618707
33.554305304998806,-36.744966594147648,70.497355459607391,-2.7689871039340939,0.32066369884109264
33.50788759809133,-36.763544901362465,70.547353584046832,-2.7526738318181172,0.3320324091549855
33.461784798645645,-36.782891343302886,70.597351708486272,-2.735770736943067,0.34426352284277312
33.416021930368082,-36.803028579264705,70.647349832925698,-2.7182337794251885,0.35739420630589408
33.370626309786573,-36.823980451598835,70.697347957365139,-2.7000170223109743,0.37146301311181507
33.325627762991161,-36.845771928735083,70.747346081804579,-2.6810725889694353,0.38650877380247456
33.281058857636332,-36.86842902702454,70.79734420624402,-2.6613506826090707,0.4025692091078934
33.236955148925283,-36.89197870536745,70.84734233068346,-2.6407996835935013,0.4196791915883929
33.193355437230039,-36.916448725710971,70.897340455122901,-2.6193663441469472,0.43786857422739311
33.150302033583706,-36.941867471571392,70.947338579562327,-2.5969961042302692,0.45715950046614823
33.107841027441559,-36.96826371582609,70.997336704001768,-2.5736335566448427,0.4775631112454129
33.066022548772047,-36.995666328230577,71.047334828441208,-2.5492230934426603,0.49907557447607848
33.024901013651437,-37.024103912596232,71.097332952880649,-2.5237097689296135,0.52167338590105961
32.98453533907395,-37.053604363515461,71.147331077320089,-2.4970404161148299,0.54530793366138974
32.944989108679941,-37.084194333218917,71.197329201759516,-2.469165052214179,0.56989938907583904
32.906330666686607,-37.115898600927224,71.247327326198956,-2.440038603244699,0.59533009019954564
32.868633112743744,-37.148739340312112,71.297325450638397,-2.4096229660087571,0.62143772784330009
32.831974166203331,-37.182735285817571,71.347323575077837,-2.3778894058751767,0.64800882630295531
32.796435865086721,-37.217900805973656,71.397321699517278,-2.3448212589116668,0.67477322443300181
32.7621040638249,-37.254244901663498,71.447319823956704,-2.310416866069589,0.70140048416618417
32.729067695827347,-37.291770159471092,71.497317948396145,-2.2746926158126697,0.72749934172592767
32.697417773409057,-37.330471704143278,71.547316072835585,-2.237685912943848,0.75262140991893178
32.66724610975708,-37.370336208583772,71.597314197275026,-2.1994578320533282,0.7762702610877168
32.638643766140611,-37.411341032655066,71.647312321714466,-2.1600951645485971,0.79791669268116594
32.611699252229783,-37.453453570707907,71.697310446153907,-2.1197115425057755,0.81702035136661011
32.586496536562095,-37.496630889186569,71.747308570593333,-2.0784473355232258,0.83305698004136353
32.563112346814663,-37.540819418848926,71.797306695032773,-2.0365849159604146,0.8322639869599322
32.541582865860811,-37.585940857359233,71.847304819472214,-1.9956109604545131,0.807213163794122
32.5218919386474,-37.631894639103251,71.897302943911654,-1.9558203348218315,0.78493831326289298
32.504019672997515,-37.67858598586772,71.947301068351095,-1.9170732297582527,0.76547307284485688
32.48794754821126,-37.725927309810373,71.997299192790521,-1.8792290699904115,0.74881700502795712
32.473659227883125,-37.773837329186968,72.047297317229962,-1.8421478628180035,0.73494924199658107
32.461141194628574,-37.822240164437524,72.097295441669402,-1.8056909447507565,0.72383899848556321
32.450383241599667,-37.871064435183136,72.147293566108843,-1.769721270395946,0.71545345402563876
32.441378850189551,-37.920242368727251,72.197291690548283,-1.7341033629534681,0.70976348086175312
32.434125477560777,-37.969708923247865,72.24728981498771,-1.6987030235601046,0.70674762276925895
32.42862477188816,-38.019400923689354,72.29728793942715,-1.6633868786969173,0.7063946379284598
32.424882727673946,-38.069256204813485,72.347286063866591,-1.6280218316921746,0.70870481963617904
32.422909788147301,-38.119212753611613,72.397284188306031,-1.5924744761778942,0.71369020796989158
32.422720896493658,-38.169207842061873,72.447282312745472,-1.556610526215239,0.72137370509040699
32.4243354923045,-38.219177140939308,72.497280437184912,-1.5202943196867404,0.73178700597277768
32.427777444007042,-38.269053806078709,72.547278561624339,-1.4833884585166577,0.74496715397582425
32.433074901950569,-38.318767530328351,72.597276686063779,-1.4457536613931561,0.76095142731702536
32.440260050167211,-38.36824355773409,72.64727481050322,-1.4072489218951938,0.77977016247009701
32.449368727574921,-38.417401661750034,72.69727293494266,-1.3677320868638525,0.80143703468179661
32.46043988173075,-38.466155097120726,72.747271059382101,-1.3270609953106911,0.82593626571771561
32.473514810668398,-38.51440954628189,72.797269183821527,-1.2850953444935771,0.85320625142948148
32.488636141850876,-38.562062096494749,72.847267308260967,-1.2416994720459242,0.88311925366635402
32.505846493494559,-38.609000304086379,72.897265432700408,-1.1967462528710981,0.91545716151820389
32.525186765013274,-38.655101427264512,72.947263557139848,-1.1501222941139961,0.9498839918710279
32.546694013587462,-38.700231938069606,72.997261681579289,-1.1017345532924891,0.98591686064960882
32.570398897184127,-38.744247454378865,73.047259806018715,-1.0515183824162861,1.0228986545206411
32.596322705157284,-38.786993259045524,73.097257930458156,-0.99944679431994765,1.0599774765875869
32.624473463752324,-38.828306012361502,73.147256054897596,-0.94568649392969106,1.0766392462892789
32.654798227720953,-38.868050636811041,73.197254179337037,-0.89265253462616234,1.0439283196105802
32.687154736536293,-38.906159965721301,73.247252303776477,-0.8413723637321977,1.0067294674165148
32.721387489417701,-38.942593795667946,73.297250428215918,-0.79203413046133275,0.96648061508400018
32.757340211122141,-38.977332083273446,73.347248552655344,-0.74475657791168803,0.92450667649514384
32.794859916174289,-39.010372351748998,73.397246677094785,-0.69959641766800662,0.88195654707119686
32.833799979470932,-39.041726746492337,73.447244801534225,-0.65655799350220367,0.83977370652709782
32.874022248464811,-39.071419037542555,73.497242925973666,-0.61560371162405469,0.79869358071263852
32.915398314774869,-39.099481784044521,73.547241050413106,-0.5766641122008469,0.75925909822973714
32.957810102384627,-39.125953793699601,73.597239174852533,-0.53964687775783937,0.72184645376598688
33.001149936208101,-39.150877941233844,73.647237299291973,-0.50444443280693485,0.68669482478045751
33.045320240889247,-39.174299359076691,73.697235423731414,-0.47094005124532989,0.65393579893121312
33.090232995616901,-39.196263980283902,73.747233548170854,-0.43901255423958369,0.62362004346083177
33.135809043811548,-39.216817395118696,73.797231672610295,-0.40853976944588888,0.59574008158470482
33.181977331180079,-39.236003974697155,73.847229797049735,-0.37940095530861628,0.57024892539830518
33.228674123954164,-39.253866214052579,73.897227921489161,-0.35147839248481066,0.54707483133735746
33.275842241841801,-39.270444250012837,73.947226045928602,-0.32465832389576144,0.52613269777913374
33.323430326987584,-39.285775514287266,73.997224170368042,-0.29883139630070799,0.50733270964705224
33.371392160666936,-39.299894487858239,74.047222294807483,-0.27389272600370618,0.49058682389600083
33.41968603262108,-39.312832528272558,74.097220419246923,-0.24974168295730942,0.4758136319522614
33.468274163311371,-39.324617746347585,74.14721854368635,-0.22628146254122075,0.46294206140561317
33.517122176293384,-39.335274912931219,74.19721666812579,-0.20341849301009232,0.45191430739106503
33.566198615911205,-39.344825379631409,74.247214792565231,-0.1810617086550082,0.44268832362582394
33.61547450421623,-39.353286999879977,74.297212917004671,-0.15912170340848655,0.43524015862503168
33.664922930120539,-39.360674038357338,74.347211041444112,-0.13750976608097293,0.42956639650576667
33.714518663080902,-39.366997057725463,74.397209165883538,-0.11613678568535481,0.42568695567936821
33.764237782868314,-39.372262771814263,74.447207290322979,-0.094912002337318946,0.42364851495275069
33.814057316046465,-39.37647385387119,74.497205414762419,-0.073741564798002521,0.42352887916854842
33.863954751294784,-39.37963077206885,74.54720353920186,-0.05271568367825314,0.41390375991946932
33.913906866411381,-39.381755124233599,74.5972016636413,-0.032426282841243992,0.39738827072571087
33.963891391022926,-39.38288701976775,74.647199788080741,-0.013008570185450919,0.37905997741239567
34.013888464041649,-39.383071792609094,74.697197912520167,0.0054507192817162793,0.35907762670401194
34.063880878806216,-39.38235928379946,74.747196036959608,0.022873135132885788,0.33761281698997758
34.113854231073802,-39.380803313364083,74.797194161399048,0.039188998764729539,0.31484384292843753
34.163796986778564,-39.378461138028115,74.847192285838489,0.054337594358706408,0.29095005316871791
34.213700473811194,-39.375392913774533,74.897190410277929,0.068267096517582837,0.26610699676475708
34.263558804809712,-39.37166117922304,74.947188534717355,0.080934278772400461,0.24048253162906502
34.313368739768642,-39.367330372229389,74.997186659156796,0.092304053318989651,0.21423396990986798
34.363129498219678,-39.362466388341197,75.047184783596236,0.10234889390086989,0.1875062506159586
34.412842530912677,-39.357136186102323,75.097182908035677,0.1110481915600627,0.1604310648804827
34.462511260485655,-39.351407440900346,75.147181032475117,0.11838758806515301,0.13312681554727021
34.512140799817452,-39.345348246231403,75.197179156914544,0.12435832524114174,0.10569926867426743
34.56173765556094,-39.339026859000263,75.247177281353984,0.12895664103304791,0.078242746663589935
34.611309423307809,-39.332511483744227,75.297175405793425,0.13218323569550444,0.050841716443637705
34.66086447958876,-39.325870089483374,75.347173530232865,0.13404282441345591,0.023572637333136991
34.710411674954628,-39.31917025215381,75.397171654672306,0.13454378625822447,-0.0034940520899284936
34.759960031542946,-39.312479015236548,75.447169779111746,0.13369791373423662,-0.030291913387057699
34.809518447936597,-39.305862761176812,75.497167903551173,0.13152026226984834,-0.056756545074720409
34.859095413745514,-39.299387086447737,75.547166027990613,0.12802909475463078,-0.082823756179661631
34.908698736191639,-39.293116673607216,75.597164152430054,0.12324591250165158,-0.10842794657974036
34.958335281016858,-39.287115154399373,75.647162276869494,0.11719556069668373,-0.13350075705167869
35.008010730232023,-39.281444958846777,75.697160401308935,0.10990639339946127,-0.15797004610227686
35.057729359530413,-39.276167146357828,75.747158525748361,0.10141048045015828,-0.18175924488743889
35.107493838544862,-39.271341216126544,75.797156650187802,0.091743836237767787,-0.20478713444443036
35.157305057466701,-39.267024895520485,75.847154774627242,0.080946648306804689,-0.22696807969745372
35.207161983830936,-39.263273906711746,75.897152899066683,0.069063482371961249,-0.2482127410768388
35.257062186101805,-39.260152397627607,75.947151023506123,0.055481492851428414,-0.29589005077405811
35.307002968178203,-39.257769709722346,75.997149147945549,0.039452923503240957,-0.34556081848080827
35.356977291848864,-39.256250614337098,76.04714727238499,0.020892482503315376,-0.39728316610543707
35.406971715804602,-39.255724981117488,76.09714539682443,-0.00031907783807425129,-0.45171403955230915
35.456964987966785,-39.256329188045612,76.147143521263871,-0.024332291590688272,-0.50944620029530352
35.506926308913243,-39.258207240158598,76.197141645703311,-0.051325357545860865,-0.57098874182851422
35.556813227921616,-39.26151149644766,76.247139770142752,-0.081499065051914371,-0.63672781180382365
35.606569156791203,-39.266402840163579,76.297137894582178,-0.11506917305196306,-0.70686328027523537
35.656120533713008,-39.273050054153373,76.347136019021619,-0.15225493669622256,-0.78131745850920853
35.705373751938787,-39.281628087080129,76.397134143461059,-0.19326233944077365,-0.85961486150689626
35.754212097760032,-39.292314836668773,76.4471322679005,-0.23826069606163477,-0.94073920515002252
35.802493124781748,-39.305286067322506,76.49713039233994,-0.28735190606514288,-1.0229871304942011
35.850047113061422,-39.320708175468923,76.547128516779367,-0.34053307992514636,-1.103857771135863
35.896677819570534,-39.33872794430625,76.597126641218807,-0.39745097712724708,-1.1492280729020481
35.942205156354653,-39.359377696246021,76.647124765658248,-0.45381504669985412,-1.1050362994008682
35.986523307556865,-39.382510010911631,76.697122890097688,-0.50792670414674634,-1.0594095302900075
36.029555013049475,-39.407956528581828,76.747121014537129,-0.55975393223817971,-1.0138867295854834
36.07124228785338,-39.435551302386529,76.797119138976569,-0.60933399199398741,-0.96969908361802293
36.111543289752639,-39.465134629435163,76.847117263415996,-0.65675817790096835,-0.92778130857945007
36.150429058257544,-39.496555643938855,76.897115387855436,-0.70215784014424909,-0.88880845457564905
36.187880373359548,-39.529673866921193,76.947113512294877,-0.7456925918024544,-0.85324455597690907
36.223884877264538,-39.564359936010717,76.997111636734317,-0.78754103666657704,-0.8213935650366555
36.258434519763199,-39.600495728541404,77.047109761173758,-0.82789397667242692,-0.79344695971162271
36.291523330364754,-39.637974060505059,77.097107885613184,-0.86694985866382479,-0.76952549153958005
36.323145484086815,-39.676698105915783,77.147106010052624,-0.90491214910158269,-0.7497146037646133
36.353293607283518,-39.716580643680437,77.197104134492065,-0.94198833540174387,-0.73409427415563988
36.381957259648779,-39.757543205903531,77.247102258931506,-0.97839030828756535,-0.72276468113029257
36.409125809720869,-39.79951245998992,77.297100383370946,-1.0139875433142407,-0.69941247314665156
36.434811031589668,-39.842405779476799,77.347098507810372,-1.0482775280552556,-0.67180723754750382
36.459041802598009,-39.886137431169168,77.397096632249813,-1.0811276272550356,-0.64191413619830906
36.481857200255568,-39.930624123966354,77.447094756689253,-1.1124381217626917,-0.61031480467699095
36.503305000682928,-39.975786282294642,77.497092881128694,-1.1421374030448579,-0.5775484811137469
36.523440133801607,-40.021548985892736,77.547091005568134,-1.1701793810778638,-0.54409443321365181
36.542323180563876,-40.06784259480898,77.597089130007575,-1.1965402063454118,-0.51036196194879702
36.5600189792927,-40.114603094373138,77.647087254447001,-1.2212146594326538,-0.47668687329011661
36.576595385297921,-40.16177220532316,77.697085378886442,-1.2442124952040385,-0.44333292847351485
36.592122207495059,-40.209297307612523,77.747083503325882,-1.2655549515296636,-0.41049672651419505
36.606670329282082,-40.257131224600784,77.797081627765323,-1.2852715584889614,-0.37831463001284127
36.620311008868917,-40.305231909247446,77.847079752204763,-1.3033973209292977,-0.3468706116916081
36.633115346329006,-40.353562067215925,77.89707787664419,-1.3199702985157784,-0.31620419410442918
36.645153900180603,-40.402088744648175,77.94707600108363,-1.3350295730107737,-0.28631792761006436
36.656496434499523,-40.450782901578727,77.997074125523071,-1.3486135706231053,-0.25718407653301345
36.667211777633113,-40.499618985955308,78.047072249962511,-1.3607586952362036,-0.22875035322664908
36.677367774856151,-40.54857451819224,78.097070374401952,-1.3714982234676523,-0.20094465814617973
36.687031319264975,-40.597629692119668,78.147068498841378,-1.3808614124702614,-0.17367885986614542
36.696268447462614,-40.646766995003972,78.197066623280818,-1.3888727742827445,-0.14685169250690119
36.705144488888465,-40.695970846871369,78.247064747720259,-1.395551475008727,-0.12035086886362191
36.713724259826868,-40.745227257509434,78.2970628721597,-1.4009108222178019,-0.094054513690259314
36.722072295093142,-40.79452349810493,78.34706099659914,-1.404957809152884,-0.067832019344028702
36.73025311209215,-40.843847783365227,78.397059121038581,-1.4076926892968697,-0.041544420052692349
36.738331503347297,-40.893188959052971,78.447057245478007,-1.4091085595060588,-0.015044374941097283
36.746372854693128,-40.942536189051829,78.497055369917447,-1.409190934319418,0.011824153628427526
36.754443487086156,-40.991878635240788,78.547053494356888,-1.4079172983881172,0.039226438508925925
36.762611020417694,-41.041205122704419,78.597051618796328,-1.4052566285420682,0.067337646640660012
36.77094475753718,-41.09050378178069,78.647049743235769,-1.4011693912415,0.095308820844335271
36.779492987084673,-41.139765699858003,78.697047867675195,-1.3969891257032099,0.071752923777995664
36.788217719732913,-41.188996682287204,78.747045992114636,-1.3940083659612534,0.047357644239840749
36.797058866002779,-41.238206904198883,78.797044116554076,-1.3922643264326005,0.022315528839996508
36.805954822809007,-41.287407253248425,78.847042240993517,-1.3917842547278769,-0.0031677354169699231
36.814842940725669,-41.336609018133053,78.897040365432957,-1.3925848446975733,-0.028876163066853526
36.823660012352214,-41.3858235564553,78.947038489872384,-1.3946717976436942,-0.054586556291482347
36.832342777388469,-41.435061952754012,78.997036614311824,-1.3980395441250011,-0.080071844497739297
36.840828439651546,-41.48433467855957,79.047034738751265,-1.4026711392309883,-0.10510468389421267
36.849055190518278,-41.533651266435697,79.097032863190705,-1.4085383441816246,-0.12946130766873745
36.856962732327695,-41.583020009877316,79.147030987630146,-1.4156019059810336,-0.15292558901284314
36.864492794137952,-41.632447700162572,79.197029112069586,-1.4238120440390971,-0.17529324089693321
36.871589631069554,-41.681939409959391,79.247027236509012,-1.4331091477966285,-0.19637603323024447
36.878200497447665,-41.731498331627868,79.297025360948453,-1.4434246823604582,-0.21600586655789478
36.884276000952411,-41.781125685498772,79.347023485387894,-1.4547081138711837,-0.23940723873346847
36.889751063945546,-41.830822771507215,79.397021609827334,-1.4678098982080581,-0.28475252494484365
36.89451787862815,-41.880592647959894,79.447019734266775,-1.483195328329959,-0.33087664533940397
36.898460408636694,-41.930434432094202,79.497017858706201,-1.5009206705862881,-0.37845939023724284
36.901458728252727,-41.980341725261454,79.547015983145641,-1.521074311306448,-0.42810784001928548
36.90338764564018,-42.030301553031741,79.597014107585082,-1.5437733134678653,-0.48036181691489183
36.904115583087588,-42.080293035339238,79.647012232024522,-1.569159907513805,-0.53568567122687771
36.903503770632639,-42.130285755224051,79.697010356463963,-1.5973972032208743,-0.59444501102319203
36.901405858360413,-42.180237808031443,79.747008480903389,-1.6286633146626639,-0.65686606598708619
36.897668107358726,-42.230093540123129,79.79700660534283,-1.6631429672319711,-0.72297524678944269
36.892130377065598,-42.279781035612686,79.84700472978227,-1.7010155580418977,-0.79251773433508699
36.884628178489137,-42.329209489217618,79.897002854221711,-1.7424386611862495,-0.86485755553420518
36.87499608995293,-42.37826671933388,79.947000978661151,-1.787526252372504,-0.93886866374331135
36.863072803993305,-42.426817225713044,79.996999103100592,-1.8363216643005127,-1.0128376331820002
36.848708572910816,-42.47470156316507,80.046997227540018,-1.8886224924556492,-1.0633254664357314
36.831831487210593,-42.521758877205507,80.096995351979459,-1.9416490403440985,-1.0584967193990378
36.812487967185255,-42.567857229607647,80.146993476418899,-1.994538215580745,-1.0578673192013113
36.790733612209202,-42.612868074881803,80.19699160085834,-2.0475050092005382,-1.0616284372437794
36.76662107378246,-42.656660848171292,80.24698972529778,-2.1007724780851915,-1.0699117517228225
36.740200761522935,-42.6991011216275,80.296987849737206,-2.1545687371691669,-1.0827868076864064
36.71152199140252,-42.740048902210511,80.346985974176647,-2.2091236148557543,-1.100250023292771
36.680634587246878,-42.779357148696235,80.396984098616088,-2.2646645311497031,-1.1222044641520963
36.647590951913891,-42.816870612133506,80.446982223055528,-2.321411121562666,-1.1484298599418812
36.612448618788633,-42.852425139767291,80.496980347494969,-2.3795681215245343,-1.1785431598123193
36.575273271279137,-42.885847624239496,80.546978471934409,-2.4393160770140097,-1.2119515248649906
36.536142171224775,-42.916956820582755,80.596976596373835,-2.5007996038293214,-1.2478023252096559
36.495147860580254,-42.945565280688022,80.646974720813276,-2.5641132376524927,-1.2849385415598384
36.452403227311962,-42.971484986820059,80.696972845252716,-2.6288553319909758,-1.2759275719875753
36.408098960154653,-42.994640025710396,80.746970969692157,-2.6903735693485196,-1.183479213286676
36.362502320031695,-43.015136083135417,80.796969094131597,-2.7471028882160033,-1.0852381035601784
36.31586025235967,-43.03312973722192,80.846967218571024,-2.7988748410347339,-0.9858447711615923
36.26838716848809,-43.048803332736099,80.896965343010464,-2.8457210311543495,-0.88865211157550827
36.220263675836918,-43.062352240489055,80.946963467449905,-2.887809499557644,-0.79579296236974828
36.171638332067644,-43.073975244667174,80.996961591889345,-2.9253888321806554,-0.70839872816735427
36.122631046211865,-43.083868000833888,81.046959716328786,-2.958744526493613,-0.62685653191843571
36.0733371168836,-43.092219087271786,81.096957840768212,-2.9881677563400664,-0.5510410715381322
36.023831273052451,-43.099208047917571,81.146955965207653,-3.0139345106955298,-0.48049586112948539
35.974171377850467,-43.105004867704203,81.196954089647093,-3.036292443645102,-0.41456113467297023
35.924401654669509,-43.109770433086105,81.246952214086534,-3.0554529285375644,-0.35245569821655653
35.874555413944051,-43.113657655170883,81.296950338525974,-3.0715862576369637,-0.29332250241268576
35.824657323093547,-43.116813044552153,81.346948462965415,-3.0848183978658335,-0.23624656588923412
35.774724806757668,-43.119368501640352,81.396946587404841,-3.0960057577897762,-0.22002689844062029
35.724767180226316,-43.12137433641935,81.446944711844282,-3.1068779828584674,-0.21483915784792648
35.674790879911413,-43.12284349122843,81.496942836283722,-3.1174850524577082,-0.20942250592424119
35.62480192513619,-43.123789331690112,81.546940960723163,-3.1278158574662078,-0.20379042734610786
35.574805916293585,-43.12422582958461,81.596939085162603,-3.1378599683566435,-0.19795659964391638
35.524808023809761,-43.124167519896488,81.646937209602029,3.1355776656509682,-0.19193476226669187
35.474812980422811,-43.123629457756202,81.69693533404147,3.1261354878722738,-0.18573859421839004
35.424825076695178,-43.122627175702611,81.74693345848091,3.1170071831113346,-0.17938160170031536
35.374848159614317,-43.121176641657051,81.796931582920351,3.1082004601616871,-0.17287701684064594
35.324885634114615,-43.119294217958206,81.846929707359791,3.0997223749755092,-0.16623770825165543
35.274940467329579,-43.116996621763199,81.896927831799218,3.0915793508200062,-0.15947610383390676
35.225015195369792,-43.114300887076219,81.946925956238658,3.0837772019841534,-0.15260412595441566
35.17511193241063,-43.111224328619961,81.996924080678099,3.0763211604192757,-0.14563313886738444
35.12523238186953,-43.107784507721639,82.046922205117539,3.0692159047093672,-0.13857390802619385
35.075377849452224,-43.103999200342457,82.09692032955698,3.0624655907892144,-0.13143657075490262
35.025549257850919,-43.09988636733884,82.14691845399642,3.056073883858673,-0.1242306176066424
34.975747162885057,-43.095464127006501,82.196916578435847,3.0500439909778487,-0.11696488363322254
34.925971770884892,-43.090750729923649,82.246914702875287,3.0443786938684534,-0.10964754872194347
34.876222957130793,-43.085764536078443,82.296912827314728,3.0390803814900029,-0.10228614611888157
34.826500285174646,-43.08052399423859,82.346910951754168,3.0341510820037274,-0.094887578247818294
34.776803026885759,-43.075047623495685,82.396909076193609,3.0295924937815877,-0.087458138947172692
34.727130183077492,-43.069353996896965,82.446907200633035,3.025406015160689,-0.08000354127798559
34.677480504589163,-43.063461727058318,82.496905325072476,3.0215927726849507,-0.072528950101641135
34.62785251371124,-43.057389453638287,82.546903449511916,3.0181536476143509,-0.065039018680758537
34.578244525862566,-43.051155832540005,82.596901573951357,3.0150893005182664,-0.057537928619216284
34.52865467140726,-43.04477952669474,82.646899698390797,3.0124001937999827,-0.050029432516790401
34.479080917641738,-43.038279198288677,82.696897822830223,3.0100866120361811,-0.042516898798848651
34.429521090720257,-43.031673502253874,82.746895947269664,3.0081486800257289,-0.035003358203796645
34.379973122733325,-43.024979420790963,82.796894071709104,3.0064625010907786,-0.033598056768152293
34.330436472485694,-43.018202095241229,82.846892196148545,3.0047823028622314,-0.033612464711351549
34.280911281906185,-43.011341529891325,82.896890320587985,3.0031013735912011,-0.033627299443160528
34.231397696018725,-43.004397707393011,82.946888445027426,3.0014196919571283,-0.033642560243076991
34.181895860149162,-42.997370609604666,82.996886569466852,2.9997372366751462,-0.033658246403447112
34.132405919932168,-42.990260217594681,83.046884693906293,2.998053986495461,-0.033674357229288049
34.082928021317201,-42.983066511644743,83.096882818345733,2.9963699202027061,-0.033690892038110369
34.033462310575295,-42.975789471253279,83.146880942785174,2.9946850166153309,-0.033707850159741086
33.984008934305372,-42.968429075138687,83.196879067224614,2.9929992545849906,-0.033725230936146627
33.934568039440705,-42.960985301242722,83.246877191664041,2.9913126129959422,-0.033743033721256172
33.885139773255133,-42.953458126733821,83.296875316103481,2.9896250707644447,-0.033761257880785045
33.835724283369615,-42.945847528010454,83.346873440542922,2.987936606838181,-0.033779902792058211
33.78632171775871,-42.938153480704422,83.396871564982362,2.9862472001956828,-0.033798967843833856
33.736932224756714,-42.93037595968422,83.446869689421803,2.9845568298457557,-0.033818452436127112
33.687555953064383,-42.922514939058431,83.496867813861243,2.9828654748269319,-0.03383835598003361
33.638193051754953,-42.914570392178923,83.54686593830067,2.9811731142069093,-0.033858677897553285
33.588843670280653,-42.906542291644307,83.59686406274011,2.9794797270820155,-0.033879417621413888
33.539507958479277,-42.898430609303297,83.646862187179551,2.9777852925766797,-0.033900574594894678
33.490186066580328,-42.890235316257979,83.696860311618991,2.9760897898429071,-0.033922148271649563
33.440878145211308,-42.881956382867187,83.746858436058432,2.974393198059758,-0.033944138115530875
33.391584345404212,-42.873593778749878,83.796856560497858,2.9726954964328489,-0.033966543600412187
33.342304818602017,-42.865147472788522,83.846854684937298,2.9709966641938608,-0.033989364210011301
33.293039716664694,-42.856617433132428,83.896852809376739,2.9692966806000376,-0.034012599437713127
33.243789191875841,-42.848003627201088,83.946850933816179,2.9675955249337211,-0.034036248786391991
33.194553396948855,-42.839306021687662,83.99684905825562,2.9658931765018699,-0.034060311768234
33.145332485033485,-42.830524582562298,84.046847182695046,2.9641896146356093,-0.034084787904558676
33.096126609721793,-42.821659275075497,84.096845307134487,2.9624848186897657,-0.03410967672564072
33.046935925054996,-42.812710063761621,84.146843431573927,2.9607787680424393,-0.034134977770530948
32.997760585529342,-42.803676912442185,84.196841556013368,2.9590714420945536,-0.034160690586877131
32.948600746102628,-42.794559784229357,84.246839680452808,2.9573628202694402,-0.034186814730744246
32.899456562200669,-42.785358641529434,84.296837804892249,2.955652882012421,-0.034213349766434253
32.850328189723534,-42.776073446046198,84.346835929331675,2.9539416067904032,-0.034240295266305308
32.801215785051667,-42.766704158784378,84.396834053771116,2.9522289740914696,-0.034267650810590779
32.752119505052434,-42.757250740053173,84.446832178210556,2.9505149634245016,-0.034295415987217255
32.703039507086579,-42.747713149469732,84.496830302649997,2.9487995543187986,-0.034323590391621986
32.653975949014125,-42.738091345962602,84.546828427089437,2.9470827263236949,-0.03435217362657024
32.604928989201234,-42.728385287775247,84.596826551528864,2.9453644590082169,-0.034381165301971217
32.555898786526086,-42.718594932469607,84.646824675968304,2.943644731960712,-0.034410565034693877
32.50688550038533,-42.708720236929594,84.696822800407745,2.9419235247885132,-0.034440372448381808
32.457889290700649,-42.698761157364672,84.746820924847185,2.9402008171176113,-0.034470587173267203
32.408910317924835,-42.688717649313396,84.796819049286626,2.9384765885923212,-0.034501208845984337
32.359948743048136,-42.678589667647067,84.846817173726052,2.9367508188749669,-0.034532237109381983
32.311004727604569,-42.668377166573215,84.896815298165492,2.9350234876455774,-0.034563671612335284
32.262078433678518,-42.658080099639342,84.946813422604933,2.933294574601597,-0.034595512009556184
32.213170023910628,-42.647698419736471,84.996811547044373,2.9315640594575836,-0.034627757961403688
32.164279661504587,-42.637232079102915,85.046809671483814,2.9298319219449471,-0.034660409133692421
32.115407510232991,-42.626681029327784,85.096807795923255,2.9280981418116649,-0.034693465197500939
32.066553734444142,-42.616045221354845,85.146805920362681,2.9263626988220421,-0.034726925828978329
32.017718499067946,-42.60532460548616,85.196804044802121,2.9246255727564434,-0.034760790709150419
31.968901969622696,-42.594519131385887,85.246802169241562,2.9228867434110732,-0.034795059523724262
31.920104312220939,-42.583628748083939,85.296800293681002,2.9211461905977294,-0.034829731962892331
31.87132569357609,-42.572653403979878,85.346798418120443,2.9194038941435929,-0.034864807721134636
31.822566281008868,-42.561593046846703,85.396796542559869,2.9176598338910225,-0.034900286497020441
31.773826242453236,-42.550447623834614,85.44679466699931,2.9159139896973416,-0.034936167993008499
31.725105746463232,-42.539217081474987,85.49679279143875,2.9141663414346657,-0.034972451915245832
31.676404962218822,-42.527901365684144,85.546790915878191,2.9124168689897063,-0.035009137973365724
31.627724059532692,-42.516500421767361,85.596789040317631,2.910665552263616,-0.03504622588028404
31.579063208856216,-42.505014194422728,85.646787164757058,2.9089123711718199,-0.0350837153519944
31.530422581286071,-42.49344262774521,85.696785289196498,2.9071573056438726,-0.035121606107361911
31.48180234857038,-42.481785665230525,85.746783413635939,2.9054003356233151,-0.035159897867915658
31.433202683115148,-42.47004324977928,85.796781538075379,2.9036414410675482,-0.035198590357639503
31.384623757990667,-42.458215323700941,85.84677966251482,2.9018806019477195,-0.035237683302761787
31.336065746937809,-42.446301828717964,85.89677778695426,2.9001177982486128,-0.035277176431543218
31.287528824374316,-42.434302705969927,85.946775911393686,2.8983530099685506,-0.035317069474063476
31.239013165401101,-42.422217896017585,85.996774035833127,2.8965862171193058,-0.035357362162006287
31.190518945808925,-42.410047338847178,86.046772160272567,2.89481739972604,-0.035398054228442569
31.142046342084264,-42.397790973874557,86.096770284712008,2.8930465378272214,-0.03543914540761256
31.093595531416124,-42.385448739949439,86.146768409151449,2.8912736114745896,-0.035480635434705692
31.045166691702057,-42.373020575359746,86.196766533590875,2.8894986007330994,-0.035522524045639284
30.99676000155457,-42.360506417835829,86.246764658030315,2.8877214856808942,-0.035564810976835372
30.948375640307674,-42.347906204554917,86.296762782469756,2.8859422464092939,-0.035607495964995524
30.900013788023074,-42.33521987214548,86.346760906909196,2.8841608630227782,-0.035650578746874315
30.851674625496493,-42.322447356691583,86.396759031348637,2.8823773156389909,-0.03569405905905098
30.803358334263987,-42.309588593737445,86.446757155788077,2.880591584388752,-0.035737936637698933
30.755065096608625,-42.296643518291965,86.496755280227504,2.8788036494160969,-0.035782211218353427
30.706795095566299,-42.283612064833093,86.546753404666944,2.8770134908782943,-0.035826882535678041
30.658548514932651,-42.270494167312663,86.596751529106385,2.8752210889459149,-0.035871950323228083
30.610325539268853,-42.257289759160813,86.646749653545825,2.8734264238028744,-0.035917414313213269
30.562126353908518,-42.243998773290791,86.696747777985266,2.8716294756465266,-0.035963274236257343
30.513951144963485,-42.230621142103573,86.746745902424692,2.8698302246877274,-0.036009529821156613
30.465800099330714,-42.217156797492699,86.796744026864133,2.8680286511509543,-0.03605618079463567
30.417673404698128,-42.203605670849015,86.846742151303573,2.8662247352743955,-0.036103226881101687
30.369571249551232,-42.189967693065526,86.896740275743014,2.864418457310085,-0.036150667802396307
30.321493823179448,-42.176242794542304,86.946738400182454,2.8626097975240343,-0.036198503277545174
30.273441315682426,-42.162430905191478,86.99673652462188,2.8607987361963807,-0.036246733022505841
30.225413917976244,-42.14853195444212,87.046734649061321,2.8589852536215412,-0.036295356749913209
30.177411821799794,-42.134545871245315,87.096732773500761,2.8571693301083876,-0.036344374168822857
30.129435219721319,-42.120472584079295,87.146730897940202,2.8553509459804394,-0.036393784984451602
30.081484305144343,-42.106312020954491,87.196729022379643,2.8535300815760496,-0.036443588897917038
30.033559272314456,-42.092064109418828,87.246727146819083,2.8517067172486299,-0.036493785605973092
29.985660316325138,-42.077728776562843,87.296725271258509,2.8498808333668615,-0.036544374800744947
29.937787633124312,-42.063305949025036,87.34672339569795,2.8480524103149412,-0.036595356169460427
29.889941419520767,-42.04879555299717,87.39672152013739,2.8462214284928349,-0.03664672939417938
29.842121873190294,-42.034197514229817,87.446719644576831,2.844387868316542,-0.03669849415152069
29.794329192681833,-42.019511758037552,87.496717769016271,2.8425517102183639,-0.0367506501123872
29.746563577423998,-42.004738209304676,87.546715893455698,2.8407129346472098,-0.036803196941687377
29.698825227731366,-41.989876792490698,87.596714017895138,2.8388715220689011,-0.036856134298055065
29.651114344810438,-41.974927431635926,87.646712142334579,2.8370274529664834,-0.03690946183356688
29.603431130766314,-41.959890050367228,87.696710266774019,2.835180707840574,-0.03696317919345634
29.555775788608528,-41.944764571903704,87.74670839121346,2.8333312672096986,-0.037017286015826392
29.50814852225767,-41.929550919062478,87.796706515652886,2.8314791116106686,-0.037071781931358419
29.460549536551248,-41.914249014264605,87.846704640092327,2.8296242215989436,-0.037126666563019578
29.412979037250334,-41.898858779541001,87.896702764531767,2.8277665777490437,-0.037181939525766303
29.365437231045309,-41.883380136538321,87.946700888971208,2.8259061606549372,-0.037237600426246728
29.317924325562384,-41.867813006525125,87.996699013410648,2.824042950930477,-0.037293648862499036
29.270440529369711,-41.852157310397935,88.046697137850089,2.8221769292098351,-0.03735008442364765
29.222986051983618,-41.836412968687426,88.096695262289515,2.8203080761479598,-0.037406906689596876
29.175561103874525,-41.820579901564628,88.146693386728955,2.8184363724210324,-0.037464115230721733
29.128165896473313,-41.804658028847257,88.196691511168396,2.816561798726962,-0.037521709607555832
29.080800642177586,-41.78864727000618,88.246689635607837,2.8146843357858877,-0.037579689370476281
29.033465554357356,-41.772547544171651,88.296687760047277,2.8128039643406821,-0.037638054059386722
28.986160847361766,-41.756358770140167,88.346685884486703,2.8109206655498129,-0.037694981661709377
28.938886707010678,-41.740080951963655,88.396684008926144,2.809039807470151,-0.037542003308780693
28.891643203747972,-41.723714427715024,88.446682133365584,2.8071666219647797,-0.037388069645853478
28.84443037737994,-41.70725961842205,88.496680257805025,2.8053011564269843,-0.037233195493698287
28.797248264789506,-41.690716946931438,88.546678382244465,2.8034434575085641,-0.037077395691643249
28.750096899942342,-41.674086837863022,88.596676506683892,2.8015935711189957,-0.036920685093486748
28.702976313893917,-41.657369717564393,88.646674631123332,2.7997515424248189,-0.036763078563458521
28.655886534796966,-41.640566014065612,88.696672755562773,2.7979174158492151,-0.036604590972229192
28.608827587909207,-41.623676157033977,88.746670880002213,2.7960912350717764,-0.036445237192969139
28.561799495601949,-41.606700577729129,88.796669004441654,2.7942730430284874,-0.036285032097460652
28.514802277368815,-41.589639708958209,88.846667128881094,2.7924628819118817,-0.036123990552261447
28.467835949835514,-41.572493985031457,88.896665253320521,2.7906607931714089,-0.035962127414924695
28.420900526769273,-41.555263841717661,88.946663377759961,2.7888668175139628,-0.035799457530272
28.373996019089677,-41.537949716200288,88.996661502199402,2.7870809949046271,-0.035635995726726211
28.327122434879204,-41.520552047033426,89.046659626638842,2.7853033645675733,-0.03547175681269963
28.280279779394569,-41.503071274098225,89.096657751078283,2.7835339649871522,-0.035306755573042609
28.23346805507877,-41.485507838559627,89.146655875517709,2.781772833909169,-0.035141006765552714
28.186687261572761,-41.467862182823083,89.196653999957149,2.780020008342305,-0.034974525117542538
28.139937395728658,-41.450134750491927,89.24665212439659,2.7782755245597457,-0.034807325322472708
28.09321845162232,-41.432325986324727,89.296650248836031,2.776539418100938,-0.034639422036644149
28.046530420567152,-41.414436336193098,89.346648373275471,2.7748117237735452,-0.034470829875956649
27.999873291127692,-41.396466247039712,89.396646497714897,2.773092475655532,-0.034301563412729066
27.95324704913423,-41.3784161668368,89.446644622154338,2.771381707097436,-0.034131637172586812
27.90665167769712,-41.360286544544685,89.496642746593778,2.7696794507247673,-0.033961065631412019
27.860087157221994,-41.342077830070878,89.546640871033219,2.7679857384405739,-0.033789863212361555
27.81355346542523,-41.323790474229504,89.596638995472659,2.7663006014281555,-0.033618044282950697
27.767050577349714,-41.305424928700916,89.6466371199121,2.7646240701539146,-0.033445623152203306
27.7205784653808,-41.28698164599173,89.696635244351526,2.7629561743703448,-0.03327261406786873
27.674137099263941,-41.268461079395642,89.746633368790967,2.7612969431192065,-0.033099031213710536
27.627726446117425,-41.249863682952615,89.796631493230407,2.7596464047346432,-0.032924888706843791
27.581346470455557,-41.231189911412351,89.846629617669848,2.7580045868467979,-0.032750200595177366
27.534997134202214,-41.212440220194303,89.896627742109288,2.7563715163851952,-0.032574980854887338
27.488678396709371,-41.193615065349775,89.946625866548715,2.7547472195824168,-0.032399243387975736
27.442390214775212,-41.174714903524283,89.996623990988155,2.7531317219778724,-0.032223002019894545
27.396132542662727,-41.155740191920245,90.046622115427596,2.7515250484216942,-0.032046270497238391
27.349905332118126,-41.136691388259933,90.096620239867036,2.7499272230787253,-0.031869062485503453
27.303708532389649,-41.117568950748925,90.146618364306477,2.748338269432629,-0.031691391566914778
27.25754209024689,-41.098373338039941,90.196616488745917,2.7467582102901109,-0.031513271238322073
27.211405950000362,-41.079105009197164,90.246614613185344,2.7451870677852397,-0.031334714909162897
27.165300053520735,-41.05976442366071,90.296612737624784,2.7436248633838578,-0.031155735899491041
27.119224340259269,-41.040352041211982,90.346610862064225,2.7420716178881097,-0.030976347438075213
27.073178747267395,-41.020868321938778,90.396608986503665,2.7405273514410413,-0.030796562660560727
27.027163209217626,-41.001313726201566,90.446607110943106,2.7389920835313117,-0.030616394607701231
26.981177658423601,-40.981688714599507,90.496605235382532,2.7374658329979691,-0.030435856223652431
26.935222024861304,-40.96199374793742,90.546603359821972,2.7359486180353318,-0.030254960354334975
26.889296236189676,-40.942229287192781,90.596601484261413,2.734440456197933,-0.030073719745859231
26.843400217771901,-40.922395793483432,90.646599608700853,2.7329413644055482,-0.029892147043016289
26.797533892696823,-40.902493728035587,90.696597733140294,2.7314513589483043,-0.029710254787833033
26.751697181800427,-40.882523552152406,90.74659585757972,2.7299704554918494,-0.029528055418189803
26.705890003687216,-40.862485727182616,90.796593982019161,2.7284986690825872,-0.029345561266500456
26.66011227475235,-40.84238071449014,90.846592106458601,2.7270360141529886,-0.02916278455845614
26.614363909203533,-40.822208975423742,90.896590230898042,2.7255825045269577,-0.028979737411829937
26.568644819082952,-40.801970971287247,90.946588355337482,2.7241381534252511,-0.028796431835341189
26.522954914289755,-40.781667163310246,90.996586479776923,2.7227029734709651,-0.028612879727582509
26.477294102602134,-40.761298012619093,91.046584604216349,2.7212769766950595,-0.028429092876003408
26.431662289699894,-40.740863980208488,91.09658272865579,2.7198601745419411,-0.028245082955954567
26.386059380115363,-40.720365524852184,91.14658085309523,2.7184516294796417,-0.028326107442189389
26.340485747542211,-40.699802061654552,91.196578977534671,2.7169936163354937,-0.02999675149285887
26.294943007477176,-40.679170271142112,91.246577101974111,2.7154520492440981,-0.031668451698034353
26.249432992729137,-40.658466395783655,91.296575226413538,2.713826866338827,-0.033341568741667341
26.203957555571222,-40.637686683216209,91.346573350852978,2.7121179879870363,-0.0350164525511426
26.158518569053971,-40.616827385954387,91.396571475292419,2.7103253173364732,-0.036693441949028245
26.113117928313688,-40.595884761137889,91.446569599731859,2.7084487408796973,-0.03837286428166977
26.06775755187466,-40.574855070318044,91.4965677241713,2.7064881290376377,-0.040055035023718689
26.022439382946708,-40.553734579285731,91.546565848610726,2.7044433367635801,-0.041740257357617223
25.977165390716308,-40.532519557941718,91.596563973050166,2.7023142041687871,-0.043428821727231753
25.931937571632716,-40.511206280211915,91.646562097489607,2.7001005571711318,-0.045121005364765716
25.886757950687294,-40.489791024008426,91.696560221929047,2.6978022081680413,-0.046817071790252233
25.84162858268666,-40.468270071239147,91.746558346368488,2.6954189567351787,-0.0485172702829079
25.796551553518803,-40.446639707867199,91.796556470807928,2.6929505903522801,-0.050221835323752198
25.751528981411219,-40.424896224022319,91.846554595247355,2.6903968851575715,-0.05193098600898189
25.706563018180358,-40.403035914165869,91.896552719686795,2.6877576067322577,-0.053644925433661513
25.661655850471966,-40.381055077312148,91.946550844126236,2.6850325109165807,-0.055363840045395407
25.616809700991041,-40.35895001730735,91.996548968565676,2.6822213446589678,-0.057087898967762209
25.572026829719423,-40.336717043168477,92.046547093005117,2.6793238468997171,-0.058817253293463295
25.527309535113254,-40.314352469480433,92.096545217444543,2.6763397494902952,-0.06055203534748288
25.482660155325114,-40.291852616877179,92.146543341883984,2.6732687781528872,-0.062292357918657427
25.438081069330519,-40.269213812549218,92.196541466323424,2.6701106534737216,-0.064038313464636759
25.393574698114382,-40.246432390858544,92.246539590762865,2.6668650919421468,-0.065789973284671385
25.34914350580533,-40.223504694008213,92.296537715202305,2.6635318070296305,-0.067547386665244888
25.30479000078482,-40.200427072782887,92.346535839641732,2.6601105103119052,-0.06931057999838966
25.26051673677873,-40.177195887367894,92.396533964081172,2.6566009126363479,-0.071079555873487868
25.216326313920977,-40.153807508244597,92.446532088520613,2.653002725335313,-0.072854292144313562
25.172221379786965,-40.130258317164738,92.496530212960053,2.64931566148665,-0.074634740973013133
25.12820463039521,-40.106544708206151,92.546528337399494,2.645539437222602,-0.076420827852979961
25.084278811172979,-40.082663088911453,92.596526461838934,2.6416737730879953,-0.078212450612985249
25.040446717883793,-40.058609881512155,92.64652458627836,2.6377183954486889,-0.080009478405161677
24.996711197511846,-40.034381524239336,92.696522710717801,2.6336730379508846,-0.081811750679898571
24.95307514910164,-40.00997447272357,92.746520835157241,2.6295374430320519,-0.083619076150927799
24.909541524546807,-39.985385201484746,92.796518959596682,2.6253113634836587,-0.085431231754445627
24.866113329327234,-39.96061020551489,92.846517084036122,2.6209945640662196,-0.087247961606293278
24.822793623183319,-39.935646001951582,92.896515208475549,2.6165868231759624,-0.08906897596206656
24.77958552072419,-39.91048913184364,92.946513332914989,2.6120879345629056,-0.090893950185126846
24.736492192008111,-39.88513616203528,92.99651145735443,2.6074977091043881,-0.092722523726169515
24.693516862969378,-39.859583687099096,93.04650958179387,2.6028159766206032,-0.094554299125388042
24.65066281585143,-39.833828331414189,93.096507706233311,2.5980425877481759,-0.096388841036691639
24.607933389511778,-39.807866751314691,93.146505830672751,2.5931774158569003,-0.098225675286309308
24.565331979652008,-39.7816956373427,93.196503955112178,2.5882203590139308,-0.10006428797067202
24.522862038952955,-39.755311716596921,93.246502079551618,2.5831713419917306,-0.10190412460201592
24.480527077111727,-39.728711755177684,93.296500203991059,2.5780303183174458,-0.10374458930991477
24.438330660773989,-39.70189256072689,93.346498328430499,2.5727972723605927,-0.10558504410752857
24.396276413355935,-39.674850985061468,93.39649645286994,2.5674722214556249,-0.1074248082317491
24.354368014749795,-39.64758392689847,93.446494577309366,2.5620552180554141,-0.10926315756684472
24.312609200907659,-39.620088334669823,93.496492701748807,2.5565463519113103,-0.11109932416153907
24.271003763296953,-39.592361209423693,93.546490826188247,2.5509457522747763,-0.11293249584984412
24.229555548221658,-39.564399607808973,93.596488950627688,2.5452535901151228,-0.11476181598622726
24.188268456004124,-39.536200645139736,93.646487075067128,2.5394700803474848,-0.11658638330586563
24.14714644002061,-39.507761498534485,93.696485199506554,2.5335954840643446,-0.11840525192098045
24.106193505585885,-39.479079410126047,93.746483323945995,2.5276301107636638,-0.12021743146422796
24.065413708680914,-39.450151690336,93.796481448385435,2.5215743205659344,-0.12202188739016448
24.024811154518378,-39.420975721207867,93.846479572824876,2.5154285264119625,-0.12381754144568
23.984389995941047,-39.391548959792047,93.896477697264316,2.5091931962326703,-0.1256032723200684
23.944154428452862,-39.361868945881312,93.946475821703757,2.5028708012892964,-0.12690703719550622
23.904107578829407,-39.331934785347116,93.996473946143183,2.4965526632527508,-0.12582783557650601
23.864249839734885,-39.301749277112201,94.046472070582624,2.4902884983954068,-0.1247481132216655
23.824581145777451,-39.27131575721841,94.096470195022064,2.4840783202807577,-0.1236683659554759
23.785101384005888,-39.24063754079485,94.146468319461505,2.4779221181447717,-0.12258907109792948
23.745810395314432,-39.209717920844703,94.196466443900945,2.4718198578196038,-0.12151068753223948
23.706707975843742,-39.178560167104244,94.246464568340372,2.4657714826528494,-0.12043365581110875
23.667793878376912,-39.147167524973675,94.296462692779812,2.4597769144206776,-0.11935839829876482
23.629067813726898,-39.115543214517004,94.346460817219253,2.4538360542329296,-0.11828531934596181
23.59052945211436,-39.083690429530357,94.396458941658693,2.4479487834287776,-0.11721480549527276
23.552178424533167,-39.051612336676108,94.446457066098134,2.4421149644613847,-0.11614722571401312
23.514014324102035,-39.019312074681409,94.49645519053756,2.4363344417702852,-0.11508293165224193
23.476036707400343,-38.986792753599033,94.546453314977001,2.4306070426402653,-0.11402225792335818
23.438245095786968,-38.954057454128893,94.596451439416441,2.424932578045746,-0.11296552240492037
23.400638976700474,-38.921109226998098,94.646449563855882,2.4193108434796646,-0.11191302655738729
23.363217804938657,-38.887951092397032,94.696447688295322,2.4137416197659212,-0.11086505575857389
23.325981003918315,-38.854586039471315,94.746445812734763,2.4082246738549649,-0.1098218796517846
23.288927966911,-38.82101702586457,94.796443937174189,2.4027597596014001,-0.10878375250555165
23.252058058256868,-38.787246977313217,94.846442061613629,2.3973466185235601,-0.10775091358317972
23.215370614554253,-38.753278787289418,94.89644018605307,2.39198498054435,-0.1067235875202769
23.178864945824138,-38.719115316690477,94.94643831049251,2.3866745647130005,-0.10570198470859339
23.142540336649379,-38.68475939357311,94.996436434931951,2.3814150799075384,-0.10468630168461515
23.106396047288143,-38.650213812930573,95.046434559371377,2.3762062255177465,-0.10367672152143689
23.070431314760793,-38.615481336510513,95.096432683810818,2.3710476921084807,-0.10267341422254417
23.034645353909838,-38.580564692671743,95.146430808250258,2.3659391620632277,-0.10167653711622249
22.999037358433338,-38.545466576278571,95.196428932689699,2.3608803102080445,-0.10068623524944098
22.963606501890272,-38.510189648629876,95.246427057129139,2.3558708044157317,-0.099702641780086088
22.928351938679228,-38.47473653742243,95.296425181568566,2.3509103061905536,-0.098725878366584432
22.893272804988985,-38.439109836745615,95.346423306008006,2.3459984712334965,-0.097756055553970433
22.858368219722031,-38.403312107106771,95.396421430447447,2.3411349499883749,-0.096793273155584392
22.823637268201733,-38.367345892014612,95.446419554886887,2.3363243531845193,-0.095148396149963385
22.789077547432733,-38.331215107390697,95.496417679326328,2.3316507481065583,-0.091802484448237201
22.754684026274848,-38.294926074343159,95.546415803765768,2.3271444733294051,-0.088455114930078224
22.720451330283165,-38.258485286059845,95.596413928205195,2.3228055754763255,-0.085107318005868099
22.686374004868124,-38.221899158704538,95.646412052644635,2.3186340526500118,-0.081760004870862629
22.652446520510523,-38.185174032258708,95.696410177084076,2.3146298602850219,-0.078413971859288861
22.618663277735905,-38.148316171657235,95.746408301523516,2.3107929167783707,-0.075069904958591588
22.585018611849161,-38.111331768198156,95.796406425962957,2.3071231088911595,-0.071728384445668369
22.551506797433213,-38.074226941208607,95.846404550402383,2.3036202969161348,-0.068389889611060878
22.518122052614896,-38.037007739948137,95.896402674841823,2.3002843196074387,-0.065054803540700007
22.48485854310389,-37.999680145732647,95.946400799281264,2.2971149988704296,-0.061723417928695332
22.451710386010596,-37.962250074262471,95.996398923720704,2.2941121442105814,-0.058395937898140897
22.418671653449845,-37.924723378138602,96.046397048160145,2.2912755569415624,-0.055072486810317248
22.385736375938201,-37.887105849552299,96.096395172599586,2.2886050341534849,-0.051753111045879784
22.3528985455937,-37.849403223134487,96.146393297039012,2.2861003724431121,-0.048437784744693888
22.32015211914706,-37.811621178951462,96.196391421478452,2.2837613714083598,-0.045126414493748365
22.287491020772677,-37.773765345633372,96.246389545917893,2.2815878369098046,-0.041818843955065702
22.25490914475181,-37.735841303626174,96.296387670357333,2.2795795841025233,-0.038514858428309422
22.22240035797579,-37.69785458855327,96.346385794796774,2.277736440241434,-0.035214189344502725
22.189958502302105,-37.659810694678896,96.3963839192362,2.2760582472637734,-0.031916518689785053
22.157577396772783,-37.621715078461889,96.446382043675641,2.2745448641520918,-0.028621483359559417
22.125250839707483,-37.583573162191918,96.496380168115081,2.2731961690812774,-0.025328679445394776
22.092972610681993,-37.545390337698983,96.546378292554522,2.2720120613528292,-0.022037666458262516
22.060736472404216,-37.507171970128617,96.596376416993962,2.2709924631194762,-0.018747971493212487
22.028536172499475,-37.468923401775342,96.646374541433389,2.2701373209029097,-0.015459093341696312
21.996365445216558,-37.430649955966629,96.696372665872829,2.2694466069070542,-0.012170506558744821
21.964218013067281,-37.392356940991675,96.74637079031227,2.2689203201289625,-0.0088816654932343374
21.932087588410948,-37.354049654067346,96.79636891475171,2.2685584872689297,-0.0055920082900729091
21.899967912958854,-37.315733353518887,96.846367039191151,2.2683514208104669,-0.003578508606555281
21.867855542357987,-37.277410930664821,96.896365163630591,2.2681500916444093,-0.0044750516602706991
21.835751747094768,-37.239081323772439,96.946363288070017,2.267903923291112,-0.0053721431073732433
21.803658248329477,-37.200743095242558,96.996361412509458,2.2676128883763078,-0.0062697810930111685
21.771576769429583,-37.162394807985528,97.046359536948898,2.2672769596311726,-0.0071679632394971143
21.739509036159326,-37.124035025658884,97.096357661388339,2.2668961099206699,-0.0080666865581103461
21.707456776867865,-37.085662312906258,97.14635578582778,2.2664703122763141,-0.0089659473605393242
21.675421722676283,-37.047275235598569,97.196353910267206,2.2659995399333668,-0.0098657411699623748
21.643405607662981,-37.008872361077287,97.246352034706646,2.2654837663724936,-0.010766062631776775
21.611410169047303,-36.970452258400108,97.296350159146087,2.2649229653658929,-0.01166690542398682
21.579437147370644,-36.932013498588468,97.346348283585527,2.264317111027903,-0.012568262167276452
21.547488286675936,-36.893554654878656,97.396346408024968,2.2636661778701304,-0.013470124334752151
21.515565334683885,-36.855074302974835,97.446344532464394,2.2629701408610816,-0.014372482161410832
21.483670042966846,-36.816571021305499,97.496342656903835,2.2622289754903373,-0.015275324553323436
21.451804167119576,-36.778043391283106,97.546340781343275,2.2614426578372742,-0.016178638996572632
21.419969466926513,-36.739489997566778,97.596338905782716,2.2606111646443403,-0.017082411465974091
21.388167706525621,-36.700909428328558,97.646337030222156,2.2597344733949032,-0.017986626333608435
21.356400654568279,-36.662300275523222,97.696335154661597,2.2588125623956676,-0.018891266277201873
21.324670084375448,-36.623661135162237,97.746333279101023,2.2578454108636943,-0.019796312188386296
21.292977774088953,-36.584990607590967,97.796331403540464,2.2568329990179841,-0.020701743080905697
21.261325506818565,-36.546287297770583,97.846329527979904,2.2557753081756737,-0.021607535998792306
21.229715070783961,-36.507549815563763,97.896327652419345,2.2546723208528046,-0.022513665924585868
21.198148259451621,-36.468776776024946,97.946325776858785,2.2535240208696941,-0.023420105687643644
21.166626871666139,-36.429966799694924,97.996323901298211,2.2523303934608712,-0.024326825872617801
21.135152711776005,-36.391118512900164,98.046322025737652,2.2510914253895993,-0.025233794728155536
21.103727589752964,-36.352230548056568,98.096320150177093,2.249807105066941,-0.026140978075919502
21.072353321305446,-36.313301543978319,98.146318274616533,2.2484774226753723,-0.027048339219989875
21.041031727985128,-36.274330146191538,98.196316399055974,2.2471023702969126,-0.027955838856752735
21.009764637286739,-36.235315007253043,98.2463145234954,2.2456819420457532,-0.028863434985360328
20.978553882739931,-36.1962547870734,98.29631264793484,2.2442161342053097,-0.029771082818893669
20.94740130399482,-36.157148153246709,98.346310772374281,2.2427049453697605,-0.030678734696276442
20.916308746898686,-36.117993781384286,98.396308896813721,2.2411483765899183,-0.031586339995126611
20.885278063564549,-36.078790355453847,98.446307021253162,2.2395464315234377,-0.032493845045637126
20.854311112431727,-36.03953656812461,98.496305145692602,2.2378991165893267,-0.033401193045603315
20.82340975831702,-36.000231121117011,98.546303270132029,2.2362064411266447,-0.034308323976772082
20.792575872456979,-35.960872725558268,98.596301394571469,2.2344684175573639,-0.035215174522629886
20.761811332540784,-35.92146010234341,98.64629951901091,2.2326850615533047,-0.036121677987794372
20.731118022733003,-35.881991982501276,98.69629764345035,2.2308563922070457,-0.037027764219180991
20.700497833686246,-35.842467107566158,98.746295767889791,2.2289824322067302,-0.037933359529103122
20.669952662543476,-35.802884229954834,98.796293892329217,2.2270632080146702,-0.038838386620487192
20.639484412929455,-35.763242113349008,98.846292016768658,2.225098750049642,-0.039742764514385652
20.609094994930711,-35.72353953308253,98.896290141208098,2.2230890928727138,-0.040646408479997988
20.578786325064439,-35.683775276534533,98.946288265647539,2.2210342753765429,-0.041549229967372002
20.548560326235105,-35.643948143526991,98.996286390086979,2.2189343409779356,-0.042451136543025569
20.51841892767926,-35.604056946727809,99.046284514526405,2.216789337813573,-0.043352031828676918
20.488364064897461,-35.564100512058374,99.096282638965846,2.2145993189386917,-0.044251815443332176
20.458397679573686,-35.524077679106355,99.146280763405287,2.2123643425286019,-0.045150382948934031
20.428521719481232,-35.483987301542562,99.196278887844727,2.2100844720827997,-0.046047625799834034
20.398738138375318,-35.443828247542598,99.246277012284168,2.207759776631518,-0.046943431296311136
20.369048895871934,-35.403599400212869,99.296275136723608,2.2053903309445118,-0.047837682542388578
20.339455957312286,-35.363299658020281,99.346273261163034,2.2029762157418076,-0.04873025840821435
20.30996129361289,-35.322927935225856,99.396271385602475,2.2005175179062291,-0.049621033497252276
20.280566881101066,-35.282483162322151,99.446269510041915,2.1980143306974465,-0.050509878118542885
20.251274701335284,-35.241964286473888,99.496267634481356,2.1954667539672728,-0.051396658264308961
20.222086740910029,-35.201370271961309,99.546265758920796,2.1928748943759291,-0.052281235593174824
20.193004991245459,-35.160700100626897,99.596263883360223,2.1902388656090328,-0.053163467419253901
20.164031429795703,-35.119952785494448,99.646262007799663,2.1875621930866842,-0.053703791513261483
20.135167321131419,-35.079127864482409,99.696260132239104,2.1848762699576025,-0.053737344690202402
20.106413003739537,-35.038225539682436,99.746258256678544,2.1821886421384793,-0.053771981176469377
20.077768756156178,-34.997246056753504,99.796256381117985,2.1794992555402173,-0.053807698000832065
20.049234858740313,-34.956189660942741,99.846254505557425,2.1768080562219447,-0.053844492204795903
20.020811593680005,-34.915056597114088,99.896252629996852,2.1741149903904158,-0.053882360841421915
19.992499244998459,-34.873847109776918,99.946250754436292,2.1714200043994714,-0.053921300974135278
19.964298098559617,-34.832561443114223,99.996248878875733,2.168723044749528,-0.053961309675522463
19.936208442074069,-34.791199841011725,100.04624700331517,2.1660240580871784,-0.054002384026115784
19.908230565104198,-34.749762547085986,100.09624512775461,2.1633229912047938,-0.054044521113167231
19.880364759069742,-34.708249804713638,100.14624325219404,2.1606197910402511,-0.054087718029408885
19.852611317252602,-34.666661857059694,100.19624137663348,2.157914404676661,-0.054131971871802347
19.824970534801974,-34.624998947106704,100.24623950107292,2.1552067793422132,-0.054177279740274809
19.797442708738821,-34.583261317683288,100.29623762551236,2.1524968624100369,-0.054223638736443348
19.770028137960534,-34.541449211493244,100.3462357499518,2.1497846013981641,-0.054271045962326236
19.742727123245249,-34.499562871144548,100.39623387439123,2.1470699439695422,-0.054319498519041248
19.715539967255783,-34.457602539178126,100.44623199883067,2.1443528379320984,-0.054368993505491611
19.6884669745438,-34.415568458097354,100.49623012327011,2.1416332312389015,-0.054419528017038303
19.661508451553246,-34.373460870396706,100.54622824770955,2.1389110719883537,-0.054471099144159693
19.634664706624083,-34.331280018591436,100.59622637214899,2.1361863084244876,-0.054523703971097064
19.607936049995359,-34.28902614524646,100.64622449658843,2.1334588889372927,-0.054577339574487758
19.581322793808496,-34.246699493006069,100.69622262102786,2.1307287620631508,-0.054632003021983393
19.55482525210995,-34.204300304623068,100.7462207454673,2.1279958764853024,-0.054687691370855607
19.528443740853888,-34.161828822988255,100.79621886990674,2.1252601810344038,-0.054744401666587235
19.502178577904701,-34.119285291160246,100.84621699434618,2.1225216246891652,-0.054802130941449263
19.476030083039127,-34.076669952394951,100.89621511878562,2.1197801565770376,-0.054860876213064333
19.449998577948083,-34.033983050175088,100.94621324322505,2.1170357259749726,-0.054920634482955845
19.424084386238491,-33.991224828240242,100.99621136766449,2.1142882823102771,-0.054981402735082362
19.398287833434814,-33.948395530616743,101.04620949210393,2.1115377751615312,-0.055043177934357645
19.372609246980069,-33.905495401647265,101.09620761654337,2.1087841542595589,-0.055105957025156832
19.347048956237064,-33.862524686021303,101.14620574098281,2.1060273694885168,-0.055169736929806909
19.321607292488906,-33.819483628804903,101.19620386542223,2.1032673708870138,-0.055234514547063136
19.296284588939571,-33.776372475470964,101.24620198986167,2.1005041086493357,-0.055300286750570679
19.271081180714155,-33.733191471929608,101.29620011430112,2.0977375331267449,-0.055367050387310782
19.245997404858812,-33.689940864558501,101.34619823874056,2.0949675948288506,-0.055434802276032244
19.221033600340348,-33.646620900233103,101.39619636318,2.0921942444250519,-0.055503539205668265
19.196190108045666,-33.60323182635733,101.44619448761944,2.0894174327460715,-0.055573257933737609
19.171467270780994,-33.55977389089427,101.49619261205886,2.0866371107855763,-0.055643955184730365
19.146865433270598,-33.516247342396632,101.5461907364983,2.0838532297018562,-0.055715627648479295
19.122384942155453,-33.472652430037783,101.59618886093774,2.0810657408196094,-0.055788271978515283
19.098026145991398,-33.428989403642355,101.64618698537718,2.0782745956317865,-0.055861884790407705
19.073789395247235,-33.385258513717503,101.69618510981662,2.0754797458015459,-0.055936462660089122
19.049675042302283,-33.341460011483605,101.74618323425605,2.0726811431642598,-0.056012002122165519
19.025683441443835,-33.297594148905794,101.79618135869549,2.0698787397296399,-0.056088499668209869
19.001814948864126,-33.253661178724812,101.84617948313493,2.0670724876839195,-0.056165951745041395
18.978069922657099,-33.209661354488503,101.89617760757437,2.0642623393921364,-0.056244354752989292
18.95444872281487,-33.165594930583332,101.94617573201381,2.061448247400512,-0.056323705044140401
18.930951711223759,-33.121462162265722,101.99617385645324,2.0586301644388985,-0.056403998920572525
18.907579251659996,-33.077263305693585,102.04617198089268,2.0558080434233177,-0.056485232632572192
18.884331709785162,-33.032998617958093,102.09617010533212,2.0529818374586037,-0.05656740237683696
18.861209453141338,-32.988668357115557,102.14616822977156,2.0501514998411339,-0.056650504294662521
18.838212851145659,-32.944272782218995,102.196166354211,2.0473169840616245,-0.0567345344701157
18.815342275084845,-32.899812153350396,102.24616447865044,2.0444782438080638,-0.056819488928190859
18.792598098109021,-32.85528673165242,102.29616260308987,2.0416352329686878,-0.05690536363295335
18.769980695225421,-32.810696779360683,102.34616072752931,2.0387879056350831,-0.056992154485666732
18.74749044329171,-32.766042559836031,102.39615885196875,2.0359362161053829,-0.057079857322905894
18.725127721008391,-32.721324337595981,102.44615697640819,2.0330801188874927,-0.057168467914657434
18.702892908912673,-32.676542378349779,102.49615510084763,2.0302195687026421,-0.057257981962398757
18.680786389368599,-32.631696949026988,102.54615322528706,2.0273545204886054,-0.057348395097175917
18.658808546560046,-32.586788317812577,102.5961513497265,2.0244849294034446,-0.057439702877655228
18.636959766481613,-32.541816754178811,102.64614947416594,2.0216107508291241,-0.057531900788167299
18.615240436929593,-32.496782528918033,102.69614759860538,2.0187319403752872,-0.0576249842367361
18.593650947492314,-32.451685914175279,102.74614572304482,2.0158484538831107,-0.057718948553095249
18.572191689540293,-32.406527183481366,102.79614384748426,2.0129602474292834,-0.057813788986690755
18.550863056215654,-32.361306611785388,102.84614197192369,2.0100672773300476,-0.057909500704672379
18.529665442421528,-32.316024475488227,102.89614009636313,2.0071695001453977,-0.058006078789870172
18.508599244810494,-32.270681052475048,102.94613822080257,2.0042668726833108,-0.058103518238762288
18.487664861772995,-32.225276622148698,102.99613634524201,2.0013593520041377,-0.058201813959428243
18.466862693425131,-32.179811465462912,103.04613446968145,1.9984468954250696,-0.058300960769492205
18.446193141595963,-32.134285864955459,103.09613259412087,1.9955294605247158,-0.058400953394055058
18.425656609814293,-32.088700104781282,103.14613071856031,1.9926070051477671,-0.058501786463616409
18.40525350329515,-32.043054470746064,103.19612884299976,1.9896794874097912,-0.058603454511985613
18.384984228925653,-31.997349250339564,103.2461269674392,1.9867468657021219,-0.058705951974183726
18.364849195250311,-31.951584732768847,103.29612509187864,1.9838090986968324,-0.058809273184336493
18.344848812456096,-31.905761208992192,103.34612321631806,1.980866145351863,-0.058913412373557704
18.324983492356615,-31.859878971752128,103.3961213407575,1.9779179649161913,-0.05901836366782591
18.30525364837608,-31.813938315609199,103.44611946519694,1.9749645169351606,-0.059124121085852493
18.285659695532697,-31.767939536975764,103.49611758963638,1.9720057612559012,-0.059230678536942423
18.26620205042137,-31.72188293414926,103.54611571407582,1.9690416580328414,-0.059338029818849954
18.246881131196023,-31.675768807346049,103.59611383851527,1.9660721677333421,-0.059446168615627473
18.227697357551286,-31.629597458734935,103.64611196295469,1.9630972511434353,-0.059555088495469748
18.20865115070378,-31.583369192471167,103.69611008739413,1.9601168693736848,-0.059664782908552934
18.189742933372521,-31.537084314729579,103.74610821183357,1.957130983865109,-0.0597752451848719
18.170973129759215,-31.490743133738917,103.79610633627301,1.9541395563952839,-0.059886468532071482
18.152342165527472,-31.444345959814957,103.84610446071245,1.9511425490844778,-0.059998446033279071
18.13385046778189,-31.39789310539463,103.89610258515188,1.9481399244019606,-0.060111170644932772
18.115498465046201,-31.351384885069361,103.94610070959132,1.9451316451723673,-0.06022463519461136
18.097286587241094,-31.30482161561908,103.99609883403076,1.9421176745822202,-0.06033883237886252
18.079215265661187,-31.258203616045485,104.0460969584702,1.9390979761865117,-0.060453754761034456
18.061284932951537,-31.211531207605852,104.09609508290964,1.9360725139154267,-0.060569394769108095
18.043496023083581,-31.164804713846699,104.14609320734907,1.9330412520811757,-0.060685744693532641
18.025848971330223,-31.118024460637081,104.19609133178851,1.9300041553849057,-0.060802796685066163
18.008344214240577,-31.071190776202322,104.24608945622795,1.9269611889237568,-0.060920542752620155
17.990982189613749,-31.024303991157154,104.29608758066739,1.9239123181979894,-0.061038974761111579
17.97376333647232,-30.977364438539418,104.34608570510683,1.9208575091182578,-0.061158084429320678
17.956688095034817,-30.930372453842995,104.39608382954627,1.9177967280129478,-0.061277863327759086
17.939756906687865,-30.88332837505142,104.4460819539857,1.9147299416356678,-0.061398302876545748
17.922970213957356,-30.836232542670672,104.49608007842514,1.9116571171727992,-0.061519394343295175
17.906328460479131,-30.789085299762274,104.54607820286458,1.9085782222511782,-0.061641128841017127
17.88983209096898,-30.741886991976493,104.59607632730402,1.9054932249458947,-0.061763497326029114
17.873481551191862,-30.694637967584914,104.64607445174346,1.9024020937881623,-0.061886490595884427
17.857277287930398,-30.647338577513093,104.69607257618289,1.8993047977733053,-0.062010099287316343
17.841219748952795,-30.59998917537327,104.74607070062233,1.896201306368859,-0.0621343138741988
17.82530938298002,-30.552590117496898,104.79606882506177,1.8930915895227667,-0.062259124665525988
17.809546639652115,-30.505141762966669,104.84606694950121,1.8899756176716576,-0.062384521803413633
17.793931969494007,-30.457644473648944,104.89606507394065,1.8868533617492595,-0.062510495261119875
17.778465823880396,-30.410098614225504,104.94606319838007,1.8837247931948771,-0.062637034841091482
17.763148654999963,-30.362504552225303,104.99606132281951,1.8805898839619744,-0.062764130173033991
17.747980915818978,-30.314862658056384,105.04605944725895,1.8774486065268836,-0.062891770712007619
17.732963060043936,-30.267173305037062,105.0960575716984,1.8743009338975654,-0.063019945736552938
17.718095542083546,-30.219436869427071,105.14605569613784,1.8711468396224802,-0.063148644346845431
17.703378817009931,-30.171653730458566,105.19605382057728,1.8679862977995518,-0.063277855462881713
17.688813295497333,-30.123824284020102,105.2460519450167,1.864824707205915,-0.062990599657501492
17.674398444868665,-30.075949212379925,105.29605006945614,1.8616921075870423,-0.062317738799342215
17.660132831155455,-30.028029459539201,105.34604819389558,1.8585932007277788,-0.061642859341038747
17.646014974449624,-29.980065967043771,105.39604631833502,1.8555280844858797,-0.060966083524566894
17.632043384459511,-29.932059663223367,105.44604444277446,1.8524968506825739,-0.060287530575144709
17.618216560918444,-29.884011463186589,105.49604256721389,1.8494995852538552,-0.059607316682423896
17.604532993986027,-29.835922268825623,105.54604069165333,1.8465363684026668,-0.058925554985810785
17.590991164641466,-29.787792968828935,105.59603881609277,1.8436072747516663,-0.058242355563743055
17.577589545069159,-29.739624438702972,105.64603694053221,1.8407123734964725,-0.057557825426797223
17.564326599036288,-29.691417540801737,105.69603506497165,1.8378517285591478,-0.056872068514460153
17.551200782262185,-29.643173124364299,105.74603318941109,1.835025398741754,-0.056185185695422121
17.538210542779549,-29.594892025559581,105.79603131385052,1.8322334378797931,-0.055497274771233035
17.525354321287416,-29.546575067539166,105.84602943828996,1.829475894995418,-0.054808430483185719
17.512630551495722,-29.498223060496745,105.8960275627294,1.8267528144502045,-0.054118744522264339
17.500037660461356,-29.449836801734094,105.94602568716884,1.824064236097328,-0.053428305542006227
17.487574068915936,-29.401417075734528,105.99602381160828,1.8214101954330848,-0.052737199174152462
17.475238191584864,-29.352964654241536,106.04602193604771,1.8187907237474981,-0.052045508046909328
17.463028437497961,-29.304480296344209,106.09602006048715,1.8162058482739956,-0.051353311805707305
17.450943210291648,-29.255964748568438,106.14601818492659,1.8136555923379789,-0.050660687136301841
17.438980908502376,-29.207418744973214,106.19601630936603,1.8111399755041711,-0.049967707790077372
17.427139925851694,-29.158843007252624,106.24601443380547,1.8086590137226513,-0.049274444611424002
17.415418651522721,-29.110238244842659,106.2960125582449,1.8062127194734736,-0.048580965567052964
17.403815470428221,-29.061605155033352,106.34601068268434,1.8038011019097893,-0.04788733577712645
17.392328763470118,-29.0129444230848,106.39600880712378,1.8014241669993349,-0.047193617548061971
17.380956907790683,-28.964256722348289,106.44600693156322,1.7990819176642783,-0.046499870406908429
17.369698277015306,-28.915542714390956,106.49600505600266,1.7967743539192764,-0.045806151137156428
17.358551241487127,-28.866803049125174,106.5460031804421,1.7945014730077435,-0.045112513815887122
17.347514168493188,-28.818038364940787,106.59600130488153,1.7922632695361922,-0.044419009852126247
17.336585422482717,-28.769249288841898,106.64599942932097,1.7900597356066679,-0.043725688026320292
17.325763365277112,-28.720436436586091,106.69599755376041,1.7878908609471491,-0.043032594530808252
17.315046356272081,-28.671600412827651,106.74599567819985,1.7857566330399317,-0.042339773011210065
17.304432752631843,-28.622741811263257,106.79599380263929,1.7836570372479013,-0.041647264608619852
17.293920909475396,-28.573861214780283,106.84599192707871,1.7815920569386701,-0.040955108002516068
17.283509180055358,-28.524959195608602,106.89599005151815,1.7795616736065856,-0.040263339454315455
17.273195915928991,-28.476036315474232,106.94598817595759,1.7775658669925247,-0.03957199285146816
17.262979467120029,-28.427093125746929,106.99598630039704,1.7756046152011336,-0.038881099751901446
17.252858182282143,-28.378130167633138,107.04598442483648,1.7736778948175529,-0.038190689429467288
17.242830408836969,-28.329147972284218,107.0959825492759,1.7717856810184163,-0.037500788918486148
17.232894493123275,-28.280147060993432,107.14598067371534,1.7699279476840639,-0.036811423059768679
17.223048780529759,-28.231127945350782,107.19597879815478,1.7681046675067127,-0.036122614546208652
17.213291615623124,-28.182091127409283,107.24597692259422,1.7663158120967248,-0.035434383968638662
17.203621342269358,-28.133037099853027,107.29597504703366,1.764561352086593,-0.034746749861761392
17.194036303747819,-28.083966346163688,107.3459731714731,1.7628412572325236,-0.034059728750056244
17.184534842859303,-28.034879340791079,107.39597129591253,1.7611554965138263,-0.033373335193690262
17.175115302027685,-27.985776549324317,107.44596942035197,1.7595040382299867,-0.032687581834340097
17.165776023395104,-27.936658428663293,107.49596754479141,1.7578868500954314,-0.032002479440880055
17.156515348911189,-27.887525427192077,107.54596566923085,1.7563038993320395,-0.03131803695491673
17.147331620416182,-27.838377984952242,107.59596379367029,1.7547551527593555,-0.030634261536109562
17.138223179718292,-27.789216533817847,107.64596191810972,1.7532405768825681,-0.029951158607264671
17.129188368665211,-27.740041497670173,107.69596004254916,1.7517601379782148,-0.029268731899149268
17.120225529210142,-27.690853292574019,107.7459581669886,1.7503138021776787,-0.02858698349501982
17.1113330034723,-27.641652326953739,107.79595629142804,1.7489015355484447,-0.027905913874816564
17.102509133792104,-27.592439001770167,107.84595441586748,1.7475233041731681,-0.027225521959017788
17.093752262781248,-27.543213710698051,107.89595254030691,1.7461790742265617,-0.026545805152127778
17.085060733367552,-27.493976840303247,107.94595066474635,1.7448688120501017,-0.025866759385770471
17.076432888835118,-27.444728770220998,107.99594878918579,1.7435924842246111,-0.025188379161393357
17.067867072859745,-27.395469873335163,108.04594691362523,1.7423500576407356,-0.024510657592565196
17.059361629538721,-27.346200515951775,108.09594503806467,1.7411414995671686,-0.023833586446766163
17.050914903417848,-27.296921057982882,108.14594316250411,1.7399667777170535,-0.023157156186882358
17.042525239511242,-27.247631853113973,108.19594128694354,1.7388258603119253,-0.022481356012028136
17.034190983324773,-27.198333249017917,108.24593941138298,1.7377187161446903,-0.021806173898557393
17.02591048086035,-27.149025587480576,108.29593753582242,1.7366453146385501,-0.02113159663941036
17.017682078631317,-27.09970920461495,108.34593566026186,1.7356056259059882,-0.020457609884219102
17.009504123666328,-27.050384431030654,108.3959337847013,1.7345996208047465,-0.019784198178346632
17.001374963511051,-27.001051592012388,108.44593190914073,1.7336272709920664,-0.019111345001596197
16.993292946226287,-26.951711007698378,108.49593003358017,1.7326885489770076,-0.018439032806470818
16.985256420382594,-26.902362993258908,108.54592815801961,1.7317834281708684,-0.01776724305598858
16.977263735051498,-26.853007859074143,108.59592628245905,1.7309118829357146,-0.017095956261049813
16.96931323979355,-26.803645910912568,108.64592440689849,1.7300738886310656,-0.016425152017381442
16.961403284643197,-26.754277450108631,108.69592253133791,1.7292694216587305,-0.015754809042045979
16.953532220090693,-26.704902773740542,108.74592065577735,1.7284984595058379,-0.015084905209540925
16.945698397061197,-26.65552217480824,108.79591878021679,1.7277609807860712,-0.014415417587495935
16.937900166891055,-26.60613594241061,108.84591690465624,1.7270569652791234,-0.013746322471970154
16.930135881301471,-26.556744361922817,108.89591502909568,1.7263863939683992,-0.013077595422372577
16.922403892369669,-26.507347715173552,108.94591315353512,1.7257492490769817,-0.012409211296017008
16.91470255249774,-26.457946280622274,108.99591127797454,1.7251455141018817,-0.011741144282326711
16.907030214379077,-26.408540333535754,109.04590940241398,1.724575173846578,-0.011073367936695723
16.899385230962832,-26.35913014616532,109.09590752685342,1.7240382144518842,-0.010405855214041483
16.891765955416151,-26.30971598792302,109.14590565129286,1.7235346234251323,-0.0097385785020413802
16.884170741084638,-26.260298125558567,109.1959037757323,1.7230643896677138,-0.0090715096540970718
16.876597941450918,-26.210876823335482,109.24590190017173,1.7226275035009706,-0.0084046200220221079
16.869045910091558,-26.161452343207763,109.29590002461117,1.7222239566904649,-0.0077378804884910028
16.861513000632371,-26.112024944995852,109.34589814905061,1.7218537424686253,-0.0070712614992516527
16.853997566702262,-26.062594886563048,109.39589627349005,1.7215168555557936,-0.0064047330951376652
16.846497961885731,-26.01316242399168,109.44589439792949,1.721213292179673,-0.0057382649438914458
16.839012539674155,-25.963727811759334,109.49589252236893,1.7209430500931904,-0.0050718263718220469
16.831539653415824,-25.91429130291483,109.54589064680836,1.7207061285907774,-0.004405386395317101
16.824077656265075,-25.864853149254404,109.5958887712478,1.7205025285230815,-0.0037389137522359193
16.816624901130531,-25.815413601498399,109.64588689568724,1.720332252310111,-0.003072376933207996
16.809179740622369,-25.765972909466861,109.69588502012668,1.7201953039528119,-0.0024057442128424828
16.801740526999097,-25.716531322256468,109.74588314456612,1.7200916890430924,-0.0017389836808997514
16.794305612113625,-25.667089088416702,109.79588126900555,1.7200214147722848,-0.0010720632734222003
16.786873347358892,-25.617646456126486,109.84587939344499,1.7199844899380534,-0.00040495080386364986
16.779442083613169,-25.568203673371105,109.89587751788443,1.7199809249497453,0.00026238600576087526
16.772010171185123,-25.518760988119141,109.94587564232387,1.7200107318321829,0.00092997949368684818
16.764575959758588,-25.469318648499311,109.99587376676331,1.7200739242278944,0.0015978620271472814
16.757137798337542,-25.419876902978075,110.04587189120274,1.7201705173977815,0.0022660659710243814
16.74969403519102,-25.370436000537417,110.09587001564218,1.7203005282202151,0.0029346236563849142
16.742243017798199,-25.320996190852291,110.14586814008162,1.7204639751885558,0.0036035673488842533
16.734783092793929,-25.271557724469247,110.19586626452106,1.7206608784070896,0.0042729292169954407
16.727312605914523,-25.222120852984645,110.2458643889605,1.7208912595853707,0.004942741300057606
16.719829901944216,-25.172685829223774,110.29586251339994,1.721155142030963,0.0056130354761044091
16.712333324662126,-25.123252907419701,110.34586063783937,1.7214525506405649,0.0062838434294616215
16.704821216790151,-25.073822343393424,110.39585876227881,1.7217835118895086,0.0069551966180719472
16.697291919941573,-25.024394394733406,110.44585688671825,1.7221480538196199,0.0076271262405449847
16.689743774570761,-24.9749693209763,110.49585501115769,1.7225462060254211,0.0082996632028874816
16.68217511992394,-24.925547383787858,110.54585313559713,1.7229779996386627,0.0089728380849015098
16.674584293991227,-24.876128847144415,110.59585126003655,1.7234434673111654,0.009646681106223411
16.6669696334599,-24.826713977514508,110.64584938447599,1.7239426431959579,0.010321222091985043
16.659329473669299,-24.77730304404151,110.69584750891543,1.724475562926685,0.010996490438064071
16.651662148567205,-24.727896318726703,110.74584563335488,1.7250422635952647,0.011672515075906489
16.643965990667926,-24.678494076612338,110.79584375779432,1.7256427837277846,0.012349324436908501
16.636239505483307,-24.629096568639564,110.84584188223374,1.7262619789353084,0.012156497019838447
16.628483012089575,-24.57970376365445,110.89584000667318,1.72685553290932,0.011586447790603027
16.620697906831339,-24.530315460210488,110.94583813111262,1.7274205699199319,0.011015778588789112
16.612885601358681,-24.480931451961823,110.99583625555206,1.7279570594006177,0.010444506588011042
16.605047508450642,-24.43155152999671,111.0458343799915,1.7284649716339606,0.0098726485834992623
16.597185041989931,-24.382175482962214,111.09583250443094,1.7289442777332205,0.0093002210115458086
16.589299616938909,-24.332803097189228,111.14583062887037,1.7293949496248766,0.0087272399691910654
16.581392649316861,-24.283434156817968,111.19582875330981,1.7298169600321631,0.0081537212341447392
16.573465556178206,-24.234068443923221,111.24582687774925,1.7302102824596071,0.0075796802849233541
16.56551975559206,-24.184705738640705,111.29582500218869,1.7305748911785757,0.0070051323212093359
16.557556666622574,-24.135345819292816,111.34582312662813,1.7309107612138501,0.0064300922844042494
16.549577709310373,-24.085988462515736,111.39582125106756,1.7312178683312267,0.0058545748783888308
16.541584304654691,-24.036633443385568,111.445819375507,1.7314961890261691,0.0052785945904552187
16.533577874596503,-23.987280535546081,111.49581749994644,1.7317457005135006,0.0047021657124321006
16.525559842002199,-23.937929511335525,111.54581562438588,1.7319663807181682,0.004125302361964997
16.517531630647987,-23.888580141914527,111.59581374882532,1.7321582082670655,0.0035480185039676077
16.509494665204937,-23.839232197394033,111.64581187326475,1.7323211624819375,0.0029703279722226423
16.501450371224369,-23.789885446963282,111.69580999770419,1.7324552233733665,0.0023922444911259068
16.493400175123849,-23.740539659018413,111.74580812214363,1.7325603716358506,0.0018137816975711723
16.48534550417337,-23.691194601290864,111.79580624658307,1.7326365886439774,0.0012349531629592273
16.477287786482012,-23.641850040976657,111.84580437102251,1.7326838564497029,0.00065577241533555999
16.469228450984595,-23.592505744865189,111.89580249546195,1.7327021577807389,7.6252961632809177e-05
16.461168927428648,-23.543161479469024,111.94580061990138,1.7326914760400571,-0.00050359168997084506
16.453110646361313,-23.493817011153187,111.99579874434082,1.7326517953065106,-0.0010837480076055887
16.445055039116305,-23.444472106265277,112.04579686878026,1.7325831003365826,-0.0016642024131650315
16.437003537800749,-23.395126531265678,112.0957949932197,1.7324853765672632,-0.0022449412596806779
16.428957575281849,-23.345780052857833,112.14579311765914,1.7323586101200594,-0.0028259508086246796
16.420918585173283,-23.296432438118771,112.19579124209857,1.7322027878061426,-0.0034072172071439944
16.412888001821404,-23.247083454630609,112.24578936653801,1.732017897132635,-0.0039887264652285637
16.404867260290622,-23.197732870609599,112.29578749097745,1.7318039263100333,-0.0045704644328598398
16.396857796349082,-23.148380455040321,112.34578561541689,1.7315608642607916,-0.0051524167770599207
16.388861046453044,-23.099025977805468,112.39578373985633,1.7312887006290363,-0.0057345689589614231
16.380878447730929,-23.049669209817722,112.44578186429577,1.7309874257914344,-0.0063169062108313547
16.372911437966732,-23.000309923152159,112.49577998873519,1.730657030869214,-0.0068994135130747824
16.364961455582442,-22.95094789117795,112.54577811317463,1.7302975077413285,-0.0074820755712445243
16.357029939619814,-22.901582888691127,112.59577623761407,1.7299088490587764,-0.0080648767930425261
16.349118329720998,-22.852214692046942,112.64577436205352,1.7294910482600656,-0.0086478012653429543
16.341228066108279,-22.80284307929255,112.69577248649296,1.7290440995878289,-0.0092308327312363957
16.333360589562687,-22.753467830300373,112.74577061093238,1.7285679981065876,-0.009813954567102821
16.325517341401358,-22.704088726900661,112.79576873537182,1.7280627397216548,-0.010397149759740539
16.317699763453753,-22.654705553015294,112.84576685981126,1.727528321199189,-0.01098040088353907
16.309909298036406,-22.605318094790796,112.8957649842507,1.7269647401873776,-0.011563690077731323
16.302147387926421,-22.555926140732389,112.94576310869014,1.7263719952387671,-0.012146999023715441
16.294415476333292,-22.506529481837234,112.99576123312957,1.7257500858337125,-0.012730308922479769
16.286715006869329,-22.457127911728751,113.04575935756901,1.7250990124049657,-0.013313600472123571
16.279047423518289,-22.407721226790212,113.09575748200845,1.7244187763633723,-0.013896853845506351
16.271414170602377,-22.358309226298935,113.14575560644789,1.7237093801246917,-0.014480048668024867
16.263816692747447,-22.308891712560644,113.19575373088733,1.7229708271375239,-0.015063163995536954
16.256256434846254,-22.259468491043354,113.24575185532677,1.7222031219123302,-0.015646178292455511
16.248734842019768,-22.210039370511709,113.2957499797662,1.7214062700515489,-0.016229069410015659
16.241253359576547,-22.160604163161228,113.34574810420564,1.7205802782807922,-0.016811814564739545
16.233813432969892,-22.111162684752774,113.39574622864508,1.7197251544811183,-0.017394390317109935
16.226416507752848,-22.061714754746426,113.44574435308452,1.7188409077223541,-0.01797677255048016
16.219064029531012,-22.01226019643611,113.49574247752396,1.7179275482974798,-0.018558936450222469
16.211757443912902,-21.962798837083291,113.54574060196339,1.716985087758035,-0.019140856483153248
16.204498196458033,-21.913330508051299,113.59573872640283,1.7160135389505589,-0.019722506377234491
16.197286397958862,-21.86385523910787,113.64573685084227,1.7151044790317584,-0.016159453659860313
16.190114571057979,-21.814374159462716,113.69573497528171,1.7143992973204414,-0.012048549764233875
16.182972553021326,-21.764888767946321,113.74573309972115,1.7138996697814821,-0.0079376129815200893
16.175850175330986,-21.715400545455228,113.79573122416058,1.7136055031313135,-0.0038304352010822395
16.168737277014419,-21.665910959447626,113.84572934860002,1.7135165153146279,0.00026922452184835845
16.161623714853267,-21.616421468867223,113.89572747303946,1.7136322371764894,0.0043576411676106899
16.154499373499252,-21.566933529060808,113.9457255974789,1.7139520141919991,0.0084311248594118558
16.147354175494979,-21.517448596648848,113.99572372191834,1.7144750082503197,0.012486021941583445
16.14017809119953,-21.467968134323371,114.04572184635778,1.7152001994931736,0.016518716090589167
16.132961148618289,-21.418493615544552,114.09571997079721,1.7161263882109545,0.02052562951801766
16.125693443135994,-21.36902652911024,114.14571809523665,1.7172521968024397,0.024503224321012429
16.118365147151273,-21.319568383571184,114.19571621967609,1.7185760718068033,0.028448004031515234
16.110966519610574,-21.270120711468309,114.24571434411553,1.7200962860190168,0.032356515410558936
16.103487915437853,-21.220685073367086,114.29571246855497,1.7218109407019586,0.036225350528562163
16.095919794855703,-21.171263061666284,114.34571059299439,1.7237179679104238,0.040051149166461603
16.08825273259222,-21.121856304159365,114.39570871743383,1.7258151329438203,0.043830601566074913
16.080477426966606,-21.072466467328798,114.44570684187327,1.7281000369455506,0.047560451551148443
16.072584708845067,-21.023095259353536,114.49570496631272,1.7305701196680308,0.051237500033462752
16.064565550456997,-20.973744432812062,114.54570309075216,1.7332226624228151,0.054858608910848226
16.056411074060346,-20.924415787066625,114.59570121519158,1.7360547912353559,0.058420705356214311
16.048112560442899,-20.875111170312262,114.64569933963102,1.7390634802238905,0.061920786489245649
16.039661457245476,-20.825832481280468,114.69569746407046,1.7422455552210887,0.065355924414358169
16.031049387091052,-20.776581670585571,114.7456955885099,1.7455976976562944,0.068723271601150659
16.022268155502854,-20.727360741706036,114.79569371294934,1.7491164487146915,0.072020066575995342
16.013309758593046,-20.678171751593894,114.84569183738878,1.7527982137880505,0.075243639886347219
16.004166390502704,-20.629016810908475,114.89568996182821,1.7566392672295452,0.078391420292554734
15.994830450573058,-20.579898083873672,114.94568808626765,1.7606357574226563,0.081460941135695242
15.985294550224983,-20.530817787748351,114.99568621070709,1.764783712172429,0.084449846825061639
15.975542552589788,-20.481779988732363,115.04568433514653,1.7698655175744344,0.13246364332489999
15.96546513443246,-20.432808123138336,115.09568245958597,1.7781896152404633,0.20075988288257501
15.954896253852096,-20.383940114852489,115.1456805840254,1.7899774316685673,0.27125637941886133
15.943664911647941,-20.335220303805563,115.19567870846484,1.8053747282996415,0.34538286888928504
15.931593010677206,-20.286702217978291,115.24567683290428,1.8245988431937226,0.42457507610687401
15.918492754412551,-20.238452013361879,115.29567495734372,1.847939094009603,0.51027361358303525
15.904164457456165,-20.19055262745275,115.34567308178316,1.8757562064375559,0.60388314194043957
15.888395061390211,-20.143108812583879,115.3956712062226,1.9084782579830479,0.70666920527114863
15.870957863164707,-20.096253140176987,115.44566933066203,1.9465892401982821,0.81955978789274309
15.851614249988605,-20.050152884818335,115.49566745510147,1.9906044713120699,0.94281073564309648
15.83011856963496,-20.005017326547105,115.54566557954091,2.041025093228396,1.0754996570516224
15.806227544185656,-19.961104357366739,115.59566370398035,2.0982629320120094,1.2148539283445623
15.779715608762533,-19.918724300417921,115.64566182841979,2.162529645246519,1.3555267525379493
15.750396915878104,-19.878237611928387,115.69565995285922,2.2336199510519221,1.4658403319917319
15.718233986958086,-19.839971613746478,115.74565807729866,2.3053391465765678,1.3999065838126743
15.683475247470829,-19.804045594383517,115.7956562017381,2.3733442105914082,1.3183117219807423
15.646426140652547,-19.770484728712976,115.84565432617754,2.4370078797958175,1.2272429453744018
15.607388332647034,-19.739257544435077,115.89565245061698,2.4959987690379331,1.1322251918221891
15.56664528734947,-19.710288526799985,115.9456505750564,2.5502335297863263,1.0376058524933482
15.524453624613914,-19.683471293362345,115.99564869949585,2.599813574602948,0.9464341862337684
15.481039359151586,-19.658680379411617,116.04564682393529,2.6449627904196111,0.86059566195620285
15.436597633671932,-19.635780703730699,116.09564494837473,2.6859752970944943,0.78105873062161124
15.391294605040413,-19.614634550305983,116.14564307281417,2.7231761934881455,0.70813544767539982
15.345270432655891,-19.595106334652488,116.19564119725361,2.7568945457005043,0.64170551623134742
15.298642654137089,-19.577065594391701,116.24563932169303,2.7874462742089019,0.58138745990716156
15.251509517000192,-19.560388656016983,116.29563744613247,2.8151243005767332,0.52665906602080848
15.203953297464667,-19.544958541139287,116.34563557057191,2.8400132570726595,0.4519060119835851
15.156063423843296,-19.53059558091725,116.39563369501136,2.8593299297086423,0.32203474400601512
15.10794775149323,-19.517006641583432,116.4456318194508,2.8723174640851425,0.19827177952811476
15.059699314097731,-19.503895931593732,116.49562994389022,2.8792105864338482,0.077756994012533873
15.011400164683449,-19.490972916313428,116.54562806832966,2.8800966093386684,-0.042538583459672701
14.963128822802375,-19.477946624904323,116.5956261927691,2.8749075658148895,-0.16579952654350955
14.914967686271394,-19.464519423659617,116.64562431720854,2.8634119459180938,-0.29538700133158574
14.867011077438475,-19.450380577468227,116.69562244164798,2.8452055771333407,-0.43484265686616075
14.819374662600309,-19.435200034348536,116.74562056608741,2.8197041074329445,-0.58780647429664445
14.772207008252611,-19.418623237898398,116.79561869052685,2.7861439290408825,-0.75773793148515867
14.725703898964543,-19.400268501950727,116.84561681496629,2.7436054994483889,-0.94726279981237371
14.680125456567481,-19.379729675118025,116.89561493940573,2.6910837448061868,-1.156898394134477
14.635814554711962,-19.356588414529927,116.94561306384517,2.6276427271808322,-1.3829352874764362
14.59321183997705,-19.330441699538788,116.99561118828461,2.5526959075955351,-1.6146170897096472
14.552823587623648,-19.300993527544872,117.04560931272404,2.4707586383734434,-1.6077470009304065
14.514924606501253,-19.268401935716369,117.09560743716348,2.3927597844889923,-1.5084904062760651
14.479585327145475,-19.233048702537275,117.14560556160292,2.3202111061774509,-1.3914582588471167
14.446786675213312,-19.195324165332288,117.19560368604236,2.2537526042466931,-1.2663481103123677
14.416439621073984,-19.155598673999442,117.2456018104818,2.1935865640736298,-1.1408219254253518
14.38840661165468,-19.114205974218279,117.29559993492123,2.1395937805650567,-1.0200755468669966
14.362520995759903,-19.071436071044186,117.34559805936067,2.0914526311843744,-0.90708545168309029
14.338602229827918,-19.027534760649839,117.39559618380011,2.0487372950528502,-0.80313864840167193
14.316466501001516,-18.982707033060858,117.44559430823955,2.0109882813075624,-0.70837922569939837
14.295933382611372,-18.937122238445564,117.49559243267899,1.9777579881013931,-0.62225004042447651
14.276829452119909,-18.890919688117961,117.54559055711842,1.9486374840259151,-0.54380256223784795
14.258989754486718,-18.844213975404404,117.59558868155786,1.9232707942489211,-0.47189121542044293
14.242257813914282,-18.797099703589733,117.6455868059973,1.9013550937706098,-0.40885615792874708
14.226507697437455,-18.749648014963554,117.69558493043674,1.8813317715092288,-0.39205708744777867
14.21169063185064,-18.70189667568523,117.74558305487618,1.8621549254495215,-0.37501340723411164
14.197771406707613,-18.653875870868255,117.79558117931562,1.8438342555210969,-0.35782421197591135
14.184713452803202,-18.605613682941364,117.84557930375504,1.8263748264658224,-0.34057578803532729
14.172479156105293,-18.557136089706951,117.89557742819449,1.8097777097479864,-0.3233416194555136
14.161030137878166,-18.50846699441675,117.94557555263393,1.7940406159561506,-0.30618274633851023
14.150327499761254,-18.459628281844299,117.99557367707337,1.7791585024083243,-0.28914838395619075
14.140332033818328,-18.410639894691855,118.04557180151281,1.7651241450307777,-0.27227671964089095
14.131004398561858,-18.361519925287435,118.09556992595223,1.7519286674640906,-0.25559581609359044
14.12230526265804,-18.312284718149769,118.14556805039167,1.739562023593723,-0.23912456244303393
14.114195418490988,-18.262948979679017,118.19556617483111,1.7280134323212561,-0.22287362695423413
14.106635868037285,-18.213525891889155,118.24556429927055,1.7172717654022376,-0.20684637686526633
14.099587883616117,-18.164027227716893,118.29556242371,1.7073258906427462,-0.19103974095347018
14.093013046072423,-18.114463466007305,118.34556054814942,1.6981649737485349,-0.17544499889881021
14.086873262852439,-18.064843904771315,118.39555867258886,1.6897787427394753,-0.16004848831898105
14.081130768272645,-18.015176771747182,118.4455567970283,1.682157719161153,-0.14483222562679024
14.075748108085026,-17.965469331664963,118.49555492146774,1.6752934204139667,-0.12977444079574388
14.070688110223635,-17.915727989923958,118.54555304590718,1.6691785374410102,-0.11485002894101515
14.065913843394268,-17.865958392668428,118.59555117034662,1.6638070918207974,-0.10003092356121267
14.061388564941545,-17.816165523392467,118.64554929478605,1.6591745760272218,-0.085286397523828772
14.05707565923786,-17.766353796591318,118.69554741922549,1.655278080314537,-0.070583298713145684
14.052938567609949,-17.716527148738805,118.74554554366493,1.6521164092896186,-0.055886227601105884
14.048940710694975,-17.666689127519557,118.79554366810437,1.6496901909097041,-0.041157664439138625
14.04504540392454,-17.616842979854066,118.84554179254381,1.6480019802112567,-0.026358053852958776
14.041215766748735,-17.566991739766088,118.89553991698324,1.6470563597084025,-0.011445855035278837
14.037414626094145,-17.517138316942997,118.94553804142268,1.6468600379623217,0.0036224339065518293
14.033604414504914,-17.467285587151636,118.99553616586212,1.6474219473883187,0.018892268125948276
14.02974706338038,-17.417436485672958,119.04553429030156,1.6487533418714495,0.034411054395253604
14.025823325407993,-17.367592563611364,119.095532414741,1.6495593454024207,-0.0084069386918729817
14.021920754319671,-17.31774698429416,119.14553053918044,1.6478800375334044,-0.058923143816166236
14.01816525228613,-17.267890140184484,119.19552866361987,1.6436510033651537,-0.11041385863377468
14.014685262528644,-17.218013368224188,119.24552678805931,1.6368215689246455,-0.16295337547884475
14.011611980912415,-17.168109975245041,119.29552491249875,1.6273380622239337,-0.21658407379183767
14.009079494475419,-17.118176339562627,119.34552303693819,1.6151459207043248,-0.27129546251123698
14.007224746937377,-17.068213095482616,119.39552116137763,1.600192918949793,-0.3270003415443386
14.006187252753751,-17.018226393963683,119.44551928581706,1.5824336530731695,-0.3835085028484409
14.006108473361534,-16.968229215749467,119.4955174102565,1.5618353769663622,-0.44049925905712239
14.007130766335971,-16.91824268976633,119.54551553469594,1.538385191910222,-0.49749531900748561
14.009395824862455,-16.868297339859058,119.59551365913538,1.5120984277548069,-0.5538420581901683
14.013042546849533,-16.818434149270125,119.64551178357482,1.4830278114058293,-0.60869781039552562
14.018204315717933,-16.768705299757499,119.69550990801424,1.4512727056131662,-0.66104193257011234
14.025004856287879,-16.719174284418447,119.74550803245369,1.4171738330371857,-0.6838534261575403
14.03348100136852,-16.669902193394307,119.79550615689313,1.3840586284890306,-0.64072188370102123
14.043530980102462,-16.620926579117967,119.84550428133257,1.353106676839865,-0.59742759991559324
14.055039318476071,-16.572272721533679,119.89550240577201,1.3243112255346419,-0.5545415942841494
14.067892272550383,-16.523956411292964,119.94550053021145,1.2976405779086517,-0.51249251733587975
14.081979203758017,-16.475985119942546,119.99549865465087,1.273044876647945,-0.47158099552612359
14.097193514402527,-16.428359171557492,120.04549677909031,1.250462057717979,-0.43199788495499397
14.113433212193838,-16.381072852989714,120.09549490352975,1.2298228577837074,-0.39384347582762314
14.130601175168499,-16.334115424225018,120.1454930279692,1.2110548799344689,-0.35714571164694059
14.148605183559441,-16.287472009445256,120.19549115240864,1.1940857972903713,-0.32187633293175288
14.16735777652034,-16.241124363132194,120.24548927684806,1.1788458121481742,-0.28796447434737005
14.186775981485081,-16.195051514688714,120.2954874012875,1.1652695009003688,-0.25530765109000869
14.206780953887931,-16.149230300573599,120.34548552572694,1.1532971716270062,-0.22378030793046111
14.227297555835465,-16.103635795825735,120.39548365016638,1.1428758492702815,-0.19324022066514446
14.248253299252458,-16.058241380594655,120.44548177460582,1.1340694732010737,-0.15136809797764222
14.269548862984998,-16.013005290095734,120.49547989904525,1.1280706993608867,-0.088724356454276121
14.291045009992031,-15.967864107703667,120.54547802348469,1.1251886010806769,-0.02660579137620081
14.312601188353316,-15.922751542064747,120.59547614792413,1.1254107220437468,0.035543390434122808
14.33407703997859,-15.877600707250069,120.64547427236357,1.128752828657628,0.098293924991087384
14.355330490036058,-15.832344829653595,120.69547239680301,1.1352592935352808,0.16221683191665445
14.376215822669538,-15.786918014651535,120.74547052124245,1.1450027017384403,0.22786642800947438
14.396581776479401,-15.741256162901475,120.79546864568188,1.1580824775818828,0.29575752364158647
14.416269712642523,-15.695298132010453,120.84546677012132,1.1746221462517943,0.36633294257791299
14.435111942077762,-15.648987244579377,120.89546489456076,1.1947646432686938,0.43991721251226623
14.452930347758716,-15.602273244020211,120.9454630190002,1.2186648782959204,0.51665244040967351
14.46953550504705,-15.555114787510723,120.99546114343964,1.2464785865218626,0.59641369228229479
14.484726583864049,-15.507482529694013,121.04545926787907,1.2783464420281776,0.67870466794095274
14.498292400711843,-15.459362776472743,121.09545739231851,1.3143726024289142,0.76254134411756058
14.510014895424128,-15.410761747914945,121.14545551675795,1.354390686587827,0.81333978558918629
14.519775350947912,-15.361728876440736,121.19545364119739,1.393791601240131,0.76196217016962575
14.527662075826797,-15.312359543985526,121.24545176563683,1.4305173875267627,0.70658043834079709
14.533800721919228,-15.262742105343529,121.29544989007626,1.464403973489496,0.64861024761747099
14.53832768363236,-15.212951348220802,121.3454480145157,1.495353107698344,0.58925940949296673
14.541386071108517,-15.163048485163875,121.39544613895514,1.5233208789360282,0.52949064567408843
14.543122383378494,-15.113081820191468,121.44544426339458,1.5483052375641242,0.47001721564380888
14.543683948043352,-15.063087860726867,121.49544238783402,1.570333899358916,0.41132080214837696
14.543217102947406,-15.013092677654431,121.54544051227346,1.5894534883028129,0.35368168191510369
14.541866040202278,-14.963113362598547,121.59543863671288,1.6057203279916799,0.29721342855230887
14.539772207623264,-14.913159479073105,121.64543676115233,1.6191929688847497,0.24189699317921851
14.537074158228782,-14.86323444571809,121.69543488559177,1.6299263401794011,0.18761129443732036
14.533907746439775,-14.81333682260785,121.74543301003121,1.637967316979015,0.13415916002434297
14.530406583352823,-14.763461495620609,121.79543113447065,1.6433514661046578,0.081288597542159322
14.526698120140997,-14.713601113558809,121.84542925891007,1.6465592880344184,0.059372613907502654
14.52284027806707,-14.663752064366541,121.89542738334951,1.6494957428046613,0.058089954633450513
14.518837671404494,-14.61391442930341,121.94542550778895,1.6523680641449814,0.056807207964300034
14.514693529463875,-14.564088362909946,121.99542363222839,1.655176251714169,0.055524533149648662
14.510411080295912,-14.514273992413385,122.04542175666784,1.6579203128504789,0.054242078162523244
14.505993550222934,-14.464471418390204,122.09541988110728,1.6606002620137792,0.052959979947464694
14.50144416340669,-14.414680715426886,122.1454180055467,1.663216120240506,0.051678364675109105
14.496766141451689,-14.364901932782621,122.19541612998614,1.6657679146114639,0.050397348002438697
14.491962703043384,-14.315135095052707,122.24541425442558,1.6682556777327653,0.049117035337799306
14.487037063620013,-14.26538020283177,122.29541237886502,1.6706794472301303,0.047837522109849068
14.481992435077441,-14.215637233376345,122.34541050330446,1.6730392652567212,0.046558894039662846
14.476832025505924,-14.165906141266753,122.39540862774389,1.6753351780146251,0.045281227415282684
14.47155903895794,-14.116186859067085,122.44540675218333,1.6775672352901183,0.044004589368030804
14.466176675246052,-14.066479297982815,122.49540487662277,1.6797354900027963,0.0427290381499612
14.460688129769938,-14.016783348516391,122.54540300106221,1.681839997768559,0.041454623411912007
14.45509659337163,-13.967098881119416,122.59540112550165,1.683880816476532,0.040181386481606275
14.449405252218019,-13.917425746842008,122.64539924994108,1.6858580058798605,0.038909360641362536
14.443617287709559,-13.867763777978032,122.69539737438052,1.6877716272003929,0.037638571404963732
14.437735876414544,-13.818112788707291,122.74539549881996,1.6896217427471514,0.036369036793337216
14.431764190027602,-13.768472575732876,122.7953936232594,1.6914084155485762,0.035100767608674831
14.425705395351869,-13.718842918914818,122.84539174769884,1.693131708998413,0.033833767706727053
14.419562654303721,-13.669223581899507,122.89538987213828,1.6947916865151607,0.032568034267007342
14.413339123939148,-13.619614312744089,122.94538799657771,1.6963884112149878,0.031303558060671463
14.407037956500998,-13.570014844536699,122.99538612101715,1.6979219455979713,0.030040323715910765
14.400662299486061,-13.520424896012011,123.04538424545659,1.6993923512475388,0.028778309980701296
14.394215295731287,-13.47084417216252,123.09538236989603,1.7007996885429715,0.027517489982799754
14.387700083518038,-13.421272364844276,123.14538049433547,1.7021440163848607,0.026257831486869939
14.381119796693806,-13.371709153379333,123.1953786187749,1.7034253919333133,0.024999297148736877
14.374477564810197,-13.322154205151859,123.24537674321434,1.7046438703588429,0.023741844766659487
14.367776513277052,-13.272607176203707,123.29537486765378,1.7057995046056551,0.022485427529762226
14.361019763530543,-13.223067711819047,123.34537299209322,1.7068923451674394,0.021229994263377301
14.354210433216171,-13.17353544711143,123.39537111653266,1.7079224398751984,0.019975489671675284
14.347351636384474,-13.124010007602921,123.44536924097208,1.7088898336972274,0.018721854577380018
14.340446483699386,-13.074491009800779,123.49536736541152,1.7097945685509768,0.017469026158784352
14.333498082658236,-13.024978061770113,123.54536548985097,1.7106366831267077,0.016216938184123088
14.326509537822599,-12.975470763702608,123.59536361429041,1.7114162127228074,0.014965521243416397
14.319483951059439,-12.925968708482729,123.64536173872985,1.7121331890926248,0.013714702977948395
14.312424421791528,-12.876471482249903,123.69535986316929,1.7127876403027331,0.012464408307484149
14.305334047256723,-12.826978664958846,123.74535798760871,1.7133795906024922,0.011214559655434208
14.298215922775048,-12.777489830936249,123.79535611204815,1.7139090603048275,0.0099650771720882006
14.291073142023185,-12.728004549436145,123.84535423648759,1.7143760656781197,0.0087158789561546605
14.28390879731537,-12.678522385192254,123.89535236092703,1.7147806188491377,0.0074668812747496717
14.276725979890223,-12.629042898969089,123.94535048536648,1.7151227277169339,0.0062179987820775891
14.269527780202722,-12.579565648111661,123.9953486098059,1.7154023958776425,0.0049691447370022786
14.262317288220508,-12.530090187093123,124.04534673424534,1.7156196225601386,0.0037202312197043971
14.255097593724159,-12.480616068062741,124.09534485868478,1.7157744025725046,0.0024711693477014176
14.247871786610306,-12.431142841391843,124.14534298312422,1.7158667262592922,0.001221869491393991
14.240642957197348,-12.381670056220816,124.19534110756366,1.7158965794695504,-2.7758510556279028e-05
14.233414196532696,-12.332197261004842,124.24533923200309,1.7158639435356242,-0.0012778051358471752
14.226188596701197,-12.282724004060981,124.29533735644253,1.7157687952627265,-0.002528360962854968
14.218969251133753,-12.23324983411498,124.34533548088197,1.7156111069293074,-0.0037795164544565858
14.211759254915716,-12.18377430084975,124.39533360532141,1.7153908462982468,-0.0050313617410739754
14.204561705094175,-12.13429695545463,124.44533172976085,1.715107976638923,-0.0062839864027221049
14.197379700983552,-12.08481735117639,124.49532985420029,1.7147624567602042,-0.0075374792498065831
14.190216344468743,-12.035335043871921,124.54532797863972,1.7143542410544386,-0.0087919281024338852
14.183074740305173,-11.985849592563337,124.59532610307916,1.7138832795525196,-0.010047419567988733
14.175957689744092,-11.936360604046152,124.6453242275186,1.71337413523677,-0.0099999503796943737
14.168865372962909,-11.88686806480553,124.69532235195804,1.7128859160908543,-0.0095294674280231809
14.161796637874241,-11.837372151977071,124.74532047639748,1.7124212321161159,-0.0090585118945146759
14.154750320535429,-11.787873042703477,124.79531860083691,1.7119801063908793,-0.0085871057439649602
14.147725255658079,-11.73837091270271,124.84531672527635,1.7115625608998828,-0.0081152707581625405
14.140720276674815,-11.688865936340957,124.89531484971579,1.7111686165432032,-0.0076430285449702465
14.133734215805452,-11.63935828670559,124.94531297415523,1.710798293144721,-0.0071704005475494307
14.126765904122642,-11.58984813567864,124.99531109859467,1.7104516094601208,-0.0066974080537236212
14.119814171617074,-11.540335654010928,125.04530922303411,1.7101285831844208,-0.0062240722054754368
14.112877847262164,-11.490821011396518,125.09530734747354,1.7098292309590277,-0.0057504140085660712
14.105955759078313,-11.44130437654713,125.14530547191298,1.7095535683783003,-0.0052764543422662187
14.099046734196795,-11.39178591726759,125.19530359635242,1.7093016099956317,-0.0048022139692013343
14.092149598923221,-11.342265800530775,125.24530172079186,1.709073369329031,-0.0043277135452893514
14.085263178800712,-11.292744192553647,125.2952998452313,1.7088688588662093,-0.0038529736297780929
14.078386298672724,-11.243221258872778,125.34529796967072,1.7086880900691597,-0.0033780146953601522
14.07151778274563,-11.193697164420854,125.39529609411017,1.7085310733782308,-0.0029028571383719749
14.064656454651011,-11.14417207360283,125.44529421854961,1.7083978182156876,-0.0024275212890570784
14.057801137507788,-11.094646150372336,125.49529234298905,1.7082883329887584,-0.0019520274218918568
14.050950653984138,-11.045119558308835,125.54529046742849,1.7082026250921634,-0.0014763957659714188
14.044103826359285,-10.995592460694166,125.59528859186791,1.7081407009101237,-0.0010006465154349907
14.037259476585147,-10.946065020589478,125.64528671630735,1.7081025658178468,-0.00052479983993357175
14.030416426347943,-10.896537400912466,125.69528484074679,1.7080882241824895,-4.887589513107409e-05
14.023573497129739,-10.847009764514652,125.74528296518623,1.7080976793635931,0.00042710516677004975
14.016729510269958,-10.797482274258284,125.79528108962568,1.7081309337129937,0.0009031231864908136
14.00988328702697,-10.747955093093937,125.84527921406512,1.7081879885742046,0.0013791579871215711
14.003033648639633,-10.698428384137477,125.89527733850454,1.708268844281271,0.001855189363572377
13.996179416389053,-10.648902310747429,125.94527546294398,1.7083735001570974,0.002331197072025182
13.989319411660386,-10.599377036602348,125.99527358738342,1.7085019545112472,0.0028071608193985776
13.982452456004783,-10.549852725777733,126.04527171182286,1.7086542046372173,0.0032830602528373105
13.975577371201579,-10.500329542823181,126.0952698362623,1.7088302468091878,0.0037588749492272044
13.96869297932067,-10.450807652839329,126.14526796070173,1.7090300762782467,0.0042345844047471685
13.961798102785162,-10.401287221554846,126.19526608514117,1.709253687268095,0.0047101680244629532
13.954891564434275,-10.351768415402828,126.24526420958061,1.7095010729702327,0.0051856051119770295
13.947972187586648,-10.302251401597649,126.29526233402005,1.7097722255386263,0.0056608748591312329
13.941038796103888,-10.252736348210931,126.34526045845949,1.710067136083868,0.0061359563357832533
13.934090214454608,-10.203223424247916,126.39525858289892,1.7103857946668193,0.0066108284796515633
13.927125267778813,-10.153712799723026,126.44525670733836,1.7107281902917557,0.0070854700862488657
13.920142781952798,-10.104204645735811,126.4952548317778,1.7110943108990027,0.0075598597988995129
13.913141583654463,-10.054699134545773,126.54525295621724,1.7114841433570838,0.0080339760988637557
13.906120500429182,-10.0051964396476,126.59525108065668,1.7118976734543692,0.0085077972955615831
13.899078360756254,-9.9556967358457698,126.64524920509612,1.7123348858902441,0.0089813015169140469
13.892013994115828,-9.9062001993287634,126.69524732953555,1.7127957642657934,0.0094544666998077013
13.884926231056532,-9.8567070077427825,126.74524545397499,1.713280291074017,0.0099272705806915645
13.877813903263672,-9.8072173402652449,126.79524357841443,1.7137884476895753,0.010399690686311035
13.870675843628156,-9.7577313776779739,126.84524170285387,1.7143202143580736,0.010871704324588937
13.863510886316019,-9.7082493024392704,126.89523982729331,1.714875570184901,0.011343288575668629
13.856317866838799,-9.6587712987564078,126.94523795173274,1.7154544931236166,0.011814420283113298
13.849095622124524,-9.6092975526567788,126.99523607617218,1.7160569599639077,0.012285076045286246
13.841842990589544,-9.5598282520588285,127.04523420061162,1.7166829463191191,0.012755232206910027
13.834558812211204,-9.5103635868427343,127.09523232505106,1.7173324266133605,0.013224864850813112
13.827241928601236,-9.4609037489198649,127.1452304494905,1.7180053740682133,0.013693949789881707
13.819891183080093,-9.4114489323018926,127.19522857392992,1.7187017606890378,0.014162462559217052
13.812505420752096,-9.3619993331693898,127.24522669836936,1.7194215572508911,0.014630378408508391
13.805083488581559,-9.3125551499396515,127.29522482280881,1.7201647332840697,0.015097672294632837
13.797624235469701,-9.2631165833334332,127.34522294724825,1.7209312570592945,0.015564318874493263
13.790126512332673,-9.2136838364417155,127.39522107168769,1.7217210955725313,0.016030292498093287
13.782589259604714,-9.1642571014400183,127.44521919612713,1.7225286231012187,0.016259981057151856
13.775011826908273,-9.1148365103704823,127.49521732056655,1.7233470245257765,0.016477387910132462
13.767393682102613,-9.0654221787052354,127.54521544500599,1.7241763086452331,0.016695308482043949
13.759734292023614,-9.0160142234346576,127.59521356944543,1.7250165016392112,0.016913762554296767
13.752033122426575,-8.9666127630981034,127.64521169388487,1.7258676306756489,0.0171327698800493
13.74428963794316,-8.9172179178134439,127.69520981832432,1.726729723909473,0.017352350187739042
13.736503302038562,-8.8678298093070289,127.74520794276374,1.7276028104814463,0.017572523184541253
13.728673576968763,-8.8184485609432812,127.79520606720318,1.728486920517196,0.017793308559759215
13.720799923738099,-8.7690742977555409,127.84520419164262,1.7293820851263966,0.018014725988139843
13.712881802056925,-8.719707146476404,127.89520231608206,1.7302883364021311,0.018236795133122992
13.704918670299532,-8.6703472355692934,127.9452004405215,1.7312057074203964,0.018459535650017268
13.696909985462131,-8.6209946952593892,127.99519856496093,1.732134232239785,0.018682967189111343
13.688855203121213,-8.5716496575661782,128.04519668940037,1.7330739459012994,0.018907109398710986
13.680753777391814,-8.5223122563351073,128.09519481383981,1.734024884428337,0.019131981928113429
13.67260516088618,-8.4729826272705484,128.14519293827925,1.7349870848268083,0.0193576044305095
13.664408804672476,-8.4236609079689639,128.19519106271869,1.735960585085401,0.01958399656581853
13.656164158233686,-8.3743472379522892,128.24518918715813,1.7369454241759876,0.019811178003456296
13.64787066942665,-8.3250417587017633,128.29518731159757,1.7379416420541702,0.020039168425034851
13.639527784441295,-8.2757446136924191,128.34518543603701,1.7389492796599553,0.020267987526993159
13.631134947760017,-8.2264559484279935,128.39518356047645,1.7399683789185552,0.020497655023159537
13.622691602117204,-8.177175910476139,128.44518168491587,1.7409989827413237,0.020728190647246368
13.614197188458856,-8.1279046495039537,128.49517980935531,1.7420411350268146,0.020959614155276557
13.605651145902488,-8.0786423173145252,128.54517793379475,1.7430948806619497,0.021191945327937993
13.597052911697055,-8.0293890678833861,128.59517605823419,1.7441602655233155,0.021425203972871038
13.588401921183108,-7.9801450573960215,128.64517418267363,1.7452373364785598,0.021659409926882794
13.579697607753086,-7.9309104442854039,128.69517230711307,1.7463261413879076,0.021894583058092512
13.570939402811689,-7.8816853892701166,128.74517043155251,1.7474267291057815,0.022130743268004734
13.562126735735859,-7.8324700553897513,128.79516855599195,1.7485391494825973,0.022367910493525343
13.553259033837861,-7.7832646080573022,128.84516668043139,1.749663453366286,0.022606104708824456
13.54433572232289,-7.7340692150807335,128.89516480487083,1.7507996926046179,0.022845345927275596
13.535356224252119,-7.6848840467146085,128.94516292931024,1.7519479200469525,0.023085654203177042
13.526319960503431,-7.6357092756985443,128.99516105374968,1.7531081895463851,0.023327049633461841
13.517226349732763,-7.5865450772987515,129.04515917818912,1.754280555961919,0.023569552359317517
13.50807480833563,-7.537391629350183,129.09515730262856,1.7554650751607168,0.023813182567725438
13.498864750408785,-7.4882491122992567,129.145155427068,1.756661804020428,0.024057960492919053
13.489595587712039,-7.4391177092471654,129.19515355150745,1.7578708004315868,0.024303906417759025
13.480266729630266,-7.3899976059937957,129.24515167594689,1.7590921233000762,0.024551040675023512
13.470877583135625,-7.3408889910825792,129.29514980038633,1.7603258325496502,0.024799383648610361
13.461427552749884,-7.2917920558455425,129.34514792482577,1.7615719891245216,0.025048955774652742
13.45191604050693,-7.2427069944491578,129.39514604926521,1.7628306549920003,0.025299777542543537
13.442342445915525,-7.1936340039410034,129.44514417370465,1.7641018931451788,0.025551869495865947
13.432706165922259,-7.1445732842971461,129.49514229814406,1.765385767605659,0.025805252233228743
13.423006594874561,-7.0955250384696811,129.5451404225835,1.766682343426331,0.026059946409006846
13.413243124484119,-7.0464894724358427,129.59513854702294,1.7679916866941667,0.026315972733977084
13.403415143790358,-6.9974667952469227,129.64513667146238,1.7693138645330633,0.026573351975856193
13.393522039124266,-6.9484572190789722,129.69513479590182,1.7706489451066847,0.026832104959727581
13.383563194072305,-6.8994609592831226,129.74513292034126,1.7719969976213494,0.027092252568365754
13.37353798944034,-6.8504782344357391,129.7951310447807,1.7733580923289605,0.027353815742454164
13.36344580321666,-6.8015092663840804,129.84512916922014,1.7747323005300915,0.027616815480717379
13.353286010543806,-6.7525542803335785,129.89512729365958,1.7761196945759217,0.027881272839715004
13.343057983672701,-6.7036135048493142,129.94512541809902,1.7775203478726016,0.028147208933980213
13.332761091935032,-6.6546871719454481,129.99512354253847,1.7789343348831639,0.02841464493556534
13.322394701706987,-6.6057755171318302,130.04512166697788,1.7803617311306372,0.028683602073693099
13.311958176375075,-6.5568787794704591,130.09511979141732,1.781802613200886,0.028954101634227146
13.301450876302159,-6.5079972016322429,130.14511791585676,1.7832570587454339,0.029226164959009066
13.290872105684421,-6.4591310414909451,130.1951160402962,1.7847479187624562,0.035861196152906123
13.280194350238167,-6.4102864286572379,130.24511416473564,1.7876594827383148,0.080627152583613929
13.269319759154612,-6.3614852999093427,130.29511228917508,1.7928126547408445,0.12553186381951525
13.2581390743341,-6.3127534488921446,130.34511041361452,1.8002146318802439,0.17058158660354919
13.24654317264188,-6.2641188103677665,130.39510853805396,1.8098722110066607,0.21575216974964878
13.234423337024868,-6.2156121878615238,130.4451066624934,1.821789984452644,0.26097767737709293
13.22167166119841,-6.1672679501740602,130.49510478693284,1.8359679668562101,0.30613907438249838
13.208181620321163,-6.1191246745644667,130.54510291137225,1.8523986685753724,0.35105352059954792
13.193848835511016,-6.0712257065969384,130.59510103581169,1.8710636666655569,0.39546515693564255
13.178572051760664,-6.0236195977172144,130.64509916025114,1.8919297777631752,0.4390386320296813
13.162254336024086,-5.9763603739715396,130.69509728469058,1.9149450080882704,0.48135694445891952
13.144804484024261,-5.9295075837587721,130.74509540913002,1.9400345400519767,0.52192536149263147
13.126138600843415,-5.8831260718077578,130.79509353356946,1.9670971022492276,0.56018308840973075
13.106181792824318,-5.8372854329275059,130.8450916580089,1.9960021428985328,0.59552386821712866
13.084870571750663,-5.7920587774777923,130.89508978244834,2.0264483201685768,0.61042919913306459
13.062194626816988,-5.7475006570282572,130.94508790688778,2.0564815979587578,0.59140415034976379
13.038210702319542,-5.7036325953352822,130.99508603132722,2.085631043400475,0.57505133113786222
13.01297508956918,-5.6604723317588572,131.04508415576666,2.1140269175873838,0.56123986166486217
12.986537984697792,-5.6180373067073299,131.09508228020607,2.1417934024513894,0.54985788115938161
12.958943960528982,-5.5763452505919195,131.14508040464551,2.169049608942121,0.54081469375357161
12.930232406595309,-5.5354147138541556,131.19507852908495,2.1959106742066807,0.53404224725723315
12.900437935060618,-5.4952655571910984,131.24507665352439,2.2224889231987444,0.52949627952631573
12.869590753092227,-5.4559194191531937,131.29507477796383,2.2488950846299733,0.52715738151469405
12.837717004277071,-5.4174001768344082,131.34507290240327,2.2752395620081147,0.52703216500499328
12.804839083298484,-5.3797344144187296,131.39507102684271,2.3016337687576853,0.52915468023348367
12.770975929444415,-5.342951913772211,131.44506915128215,2.3281915429393014,0.53358819858048379
12.736143306066063,-5.3070861813389962,131.4950672757216,2.3550306621797397,0.54042745294851136
12.700354074724968,-5.2721750258661553,131.54506540016104,2.3822744836142351,0.54980140795219545
12.663618501919395,-5.2382611723066228,131.59506352460048,2.4100394367662972,0.55848103403557581
12.625953582259337,-5.2053825160550167,131.64506164903989,2.4377725199670093,0.55055965480935554
12.587398208525347,-5.1735526487243728,131.69505977347933,2.4650618110968949,0.54074765783277923
12.547996644745542,-5.1427763575845624,131.74505789791877,2.4918158665993149,0.52917296190487506
12.507794841990419,-5.1130528785135683,131.79505602235821,2.5179502716105042,0.51598775553369369
12.466839794004976,-5.0843760293849005,131.84505414679765,2.5433886912367405,0.50136193569981335
12.425178919545305,-5.0567344458056116,131.89505227123709,2.5680635865679009,0.48547633612684454
12.382859490389245,-5.0301119021764915,131.94505039567653,2.5919165961918909,0.46851618641326898
12.339928119504561,-5.0044876986480462,131.99504852011597,2.6148986041713189,0.45066516288279879
12.296430319070952,-4.9798370937504135,132.04504664455541,2.6369695309603247,0.43210028865781169
12.252410133410109,-4.9561317630841897,132.09504476899485,2.658097893872911,0.41298783119696597
12.207909847721314,-4.9333402661667991,132.14504289343429,2.6782601885446211,0.39348024444795421
12.162969770103933,-4.9114285060028982,132.19504101787371,2.6974401430125452,0.37371411944874044
12.117628081752065,-4.8903601688271223,132.24503914231315,2.7156278926151134,0.35380904639916017
12.071920748454296,-4.8700971344633528,132.29503726675259,2.7328191180267192,0.33386725347335283
12.025881485537981,-4.8505998506133263,132.34503539119203,2.7490141814994469,0.31397387047703673
11.979541768048788,-4.8318276669674578,132.39503351563147,2.7642172887117669,0.29419766469396968
11.932930878107062,-4.8137391272242027,132.44503164007091,2.7784356962256278,0.27459210715810184
11.886075981897427,-4.7962922188753723,132.49502976451035,2.791678977894732,0.25519664563196187
11.839002229494699,-4.7794445819665867,132.54502788894979,2.8039583579095151,0.23603808199851717
11.791732871603484,-4.7631536790106956,132.59502601338923,2.8152861136016694,0.21713197374961687
11.744289388207964,-4.7473769288690102,132.64502413782867,2.8256750476391912,0.19848399986905757
11.696691625031432,-4.7320718077794162,132.69502226226808,2.8351380267231501,0.18009124955026584
11.648957934552223,-4.7171959208608154,132.74502038670752,2.8436875822115972,0.16194340736495433
11.601105319090994,-4.7027070474148607,132.79501851114696,2.8513355670928968,0.14402382065542374
11.553149574143498,-4.688563163220385,132.8450166355864,2.858092863266716,0.12631044427471375
11.505105430784109,-4.6747224428440752,132.89501476002584,2.8639691330199937,0.10877666475801118
11.456986696303758,-4.6611432447130534,132.94501288446529,2.8689726088419127,0.091392010896852394
11.408805955096046,-4.6477856693423494,132.99501100890473,2.8732683949657218,0.084285785509884248
11.360569253961623,-4.6346316033161132,133.04500913334417,2.8774588915819606,0.083341245762809033
11.312278158922561,-4.621678649559068,133.09500725778361,2.881602295284392,0.082402007867914767
11.263934107349469,-4.6089247627404246,133.14500538222305,2.885698872523152,0.081468125165319455
11.215538506106068,-4.5963678996454203,133.19500350666249,2.8897488922134165,0.080539642964433181
11.167092731975808,-4.5840060196481982,133.2450016311019,2.8937526253404191,0.079616598804452876
11.118598132092874,-4.5718370851566821,133.29499975554134,2.8977103445773778,0.078699022709470823
11.070056024377775,-4.5598590620303145,133.34499787998078,2.9016223239159737,0.077786937437889267
11.021467697975126,-4.5480699199709091,133.39499600442022,2.9054888383092323,0.076880358725824618
10.972834413694496,-4.5364676328876854,133.44499412885966,2.9093101633263578,0.075979295524274584
10.924157404452984,-4.5250501792369491,133.4949922532991,2.9130865748192756,0.075083750229812091
10.875437875718601,-4.5138155423370012,133.54499037773854,2.9168183486005637,0.074193718908610082
10.826677005954229,-4.5027617106590236,133.59498850217798,2.9205057601324134,0.073309191513634353
10.777875947061991,-4.4918866780946471,133.64498662661742,2.9241490842262485,0.07243015209487326
10.729035824826861,-4.4811884442006757,133.69498475105686,2.9277485947526918,0.071556579002474752
10.680157739359171,-4.4706650144216429,133.74498287549631,2.9313045643615236,0.070688445082694285
10.631242765535745,-4.4603144002908115,133.79498099993572,2.9348172642112496,0.069825717866585146
10.582291953439386,-4.4501346196102789,133.84497912437516,2.9382869637079025,0.068968359751369335
10.533306328795938,-4.4401236966106525,133.8949772488146,2.9417139302527455,0.068116328174442187
10.484286893408852,-4.4302796620909515,133.94497537325404,2.9450984289984854,0.067269575779985311
10.435234625590862,-4.4206005535392441,133.99497349769348,2.9484407226136233,0.066428050578171111
10.38615048059207,-4.4110844152345239,134.04497162213292,2.9517410710546095,0.065591696096945026
10.337035391025031,-4.4017292983304728,134.09496974657236,2.9549997313453664,0.064760451526407067
10.287890267285984,-4.3925332609215362,134.1449678710118,2.958216957363851,0.063934251855792448
10.238715997971815,-4.383494368091732,134.19496599545124,2.9613929996353017,0.063113028003068852
10.189513450301806,-4.3746106919483703,134.24496411989068,2.9645281051312078,0.062296706937329298
10.140283470481844,-4.3658803116299785,134.29496224433009,2.967622517077575,0.061485211792980665
10.091026884197099,-4.3573013133221954,134.34496036876953,2.9706764747603343,0.060678461978841157
10.04174449692189,-4.3488717902264122,134.39495849320897,2.9736902133472176,0.059876373277036016
9.9924370943565908,-4.3405898425369998,134.44495661764842,2.9766639637061214,0.059078857936854683
9.9431054428156767,-4.3324535773959605,134.49495474208786,2.9795979522307512,0.058285824760694098
9.893750289604764,-4.3244611088323683,134.5449528665273,2.982492400670727,0.057497179182760316
9.8443723634021936,-4.3166105576895566,134.59495099096674,2.9853475259648601,0.056712823340812617
9.7949723746329287,-4.3089000515382745,134.64494911540618,2.988163540077982,0.05593265614078502
9.7455510158370995,-4.3013277245765345,134.69494723984562,2.9909406498408422,0.055156573314350359
9.6961089620334775,-4.2938917175164972,134.74494536428506,2.993679056792681,0.054384467469458173
9.646646871077678,-4.2865901774586215,134.7949434887245,2.9963789570261605,0.053616228133859974
9.5971653840144686,-4.279421257753234,134.84494161316391,2.9990405410343168,0.052851741791627722
9.547665125425123,-4.2723831178499019,134.89493973760335,3.0016639935591454,0.05209089191268472
9.4981467037693221,-4.2654739231347287,134.94493786204279,3.0042494934414861,0.051333558975342267
9.448610711721539,-4.2586918447557593,134.99493598648223,3.0067972134718715,0.050579620481831261
9.3990577265022122,-4.2520350594366905,135.04493411092167,3.0093073202419682,0.049828950966815437
9.3494883102036255,-4.2455017492790352,135.09493223536111,3.0117799739962621,0.049081421998858003
9.2999030101100608,-4.239090101552784,135.14493035980055,3.014215328483667,0.048336902174797636
9.2503023590132685,-4.232798308475834,135.19492848423999,3.0166135308086424,0.047595257107000653
9.200686875522587,-4.2266245669821387,135.24492660867944,3.0189747212815043,0.046856349403418172
9.1510570643697449,-4.2205670784786733,135.29492473311888,3.0212990332675647,0.046120038640378183
9.1014134167086329,-4.2146240485912765,135.34492285755832,3.0235865930347257,0.045386181328026694
9.0517564104102242,-4.2087936868993978,135.39492098199773,3.0258375195991563,0.044654630868323893
9.0020865103524645,-4.2030742066597435,135.44491910643717,3.0280519245686808,0.043925237505475258
8.9524041687056553,-4.1974638245188283,135.49491723087661,3.0302299119834895,0.043197848268674142
8.9027098252124706,-4.1919607602142985,135.54491535531605,3.0323715781538123,0.042472306906995799
8.853003907463842,-4.1865632362650871,135.59491347975549,3.0344770114941215,0.041748453816295016
8.8032868311735974,-4.1812694776506154,135.64491160419493,3.0365462923533375,0.041026125957963719
8.7535590004271668,-4.1760777114763012,135.69490972863437,3.0385794928416483,0.040305156768987251
8.7038208079838277,-4.1709861666336003,135.74490785307381,3.0405766766502516,0.0395853760642257
8.6540726737399218,-4.1659926898783528,135.79490597751325,3.0425037500045917,0.036848124395296056
8.6043154277299543,-4.1610908249630141,135.84490410195269,3.0442530121527076,0.033118826270352675
8.5545501324461863,-4.1562713515256213,135.89490222639213,3.0458149402194556,0.029355438531579486
8.5047778165525099,-4.1515249186360306,135.94490035083155,3.0471879741146979,0.025563744999890305
8.4549994741433476,-4.1468421008040943,135.99489847527099,3.0483708443490412,0.021749583107249799
8.4052160683493025,-4.1422134130865791,136.04489659971043,3.049362574232156,0.017918824622967414
8.3554285351500397,-4.137629326266258,136.09489472414987,3.0501624811116681,0.01407735657815737
8.3056377873431906,-4.1330802820546264,136.14489284858931,3.0507701766648103,0.01023106245930242
8.2558447186325701,-4.1285567082722947,136.19489097302875,3.0511855662578928,0.0063858037359645096
8.2060502077979347,-4.1240490339622164,136.24488909746819,3.0514088473917758,0.0025474017811650978
8.1562551229076536,-4.1195477043920414,136.29488722190763,3.0514405072543145,-0.0012783797629341098
8.1064603255355241,-4.1150431959031497,136.34488534634707,3.0512813194032589,-0.0050858521265259504
8.0566666749436031,-4.1105260305652545,136.39488347078651,3.0509323396053372,-0.0088694180175846443
8.0068750321943316,-4.1059867905968161,136.44488159522592,3.050394900859335,-0.012623587651450769
7.9570862641564961,-4.1014161325129237,136.49487971966536,3.0496706076329003,-0.016342994167520494
7.9073012473699098,-4.0968048009635192,136.5448778441048,3.0487613293445888,-0.020022408398108382
7.857520871737683,-4.0921436422264996,136.59487596854424,3.0476691931244035,-0.023656752955788195
7.8077460440148325,-4.0874236173214129,136.64487409298368,3.0463965758877034,-0.027241115606573413
7.7579776910663147,-4.0826358147111454,136.69487221742312,3.0449460957590073,-0.030770761896657887
7.7082167628690303,-4.0777714625603645,136.74487034186257,3.0433206028838096,-0.034241147000771313
7.658464235235936,-4.0728219405211608,136.79486846630201,3.0415231696681286,-0.037647926760297622
7.6087211122424332,-4.067778791017826,136.84486659074145,3.0395570804870822,-0.040986967879563352
7.5589884283388962,-4.0626337300044755,136.89486471518089,3.0374258209053488,-0.04425435724903376
7.5092672501372313,-4.057378657171097,136.94486283962033,3.035133066453982,-0.047446410364791497
7.4595586778605618,-4.052005665575253,136.99486096405974,3.0326826710094559,-0.050559678814939335
7.4098638464497339,-4.0465070506787759,137.04485908849918,3.0300786548222995,-0.053590956805131075
7.3601839263267275,-4.0408753187712341,137.09485721293862,3.0273251922442008,-0.056537286697531677
7.3105201237972697,-4.0351031947617333,137.14485533737806,3.0244265992024819,-0.059395963541681564
7.260873005496836,-4.0291892573601702,137.1948534618175,3.0218287810722111,-0.039277496933272878
7.2112375808333553,-4.0231778757614123,137.24485158625694,3.0205301688759736,-0.012742015120901682
7.1616060011927214,-4.0171348017251463,137.29484971069638,3.0205488505300884,0.013446617755310196
7.1119703777877827,-4.0111250624587917,137.34484783513582,3.0218719884665326,0.039467557511469076
7.0623230024510137,-4.005213283541754,137.39484595957526,3.0244955603063599,0.065494479222344429
7.0126565481038758,-3.999464149749195,137.4448440840147,3.0284241149659388,0.091696752201448822
6.9629642751434968,-3.9939428531513146,137.49484220845414,3.0336705822501968,0.11824039033262908
6.9132402517670632,-3.988715530019677,137.54484033289356,3.0402561224868156,0.145288687322362
6.863479596268629,-3.9838496870087896,137.594838457333,3.0482099978734398,0.17300243042578234
6.8136787495224986,-3.9794146156119625,137.64483658177244,3.0575694412917285,0.20153956082375193
6.7638357861429474,-3.9754817919324981,137.69483470621188,3.0683794909293072,0.23105411451865335
6.7139507730779435,-3.9721252562535723,137.74483283065132,3.0806927497153982,0.26169423520914387
6.6640261845222604,-3.9694219636004928,137.79483095509076,3.0945690169550653,0.29359900209867135
6.6140673818134763,-3.9674520923232635,137.8448290795302,3.1100747254321717,0.32689376529407188
6.5640831661275056,-3.9662992925542282,137.89482720396964,3.1272821007351692,0.3616836375505636
6.5140864099016342,-3.9660508501324396,137.94482532840908,-3.1369173658820682,0.398044767864979
6.4640947695599396,-3.9667977342662732,137.99482345284852,-3.1160734080148607,0.43601304255545364
6.414131476466193,-3.9686344890636618,138.04482157728796,-3.0932911813441515,0.47556995696047744
6.3642261946024465,-3.9716589206853947,138.09481970172737,-3.0684931676283589,0.51662562151361224
6.314415921289271,-3.9759715243614471,138.14481782616681,-3.0416085294528212,0.55899926523566568
6.2647458909161742,-3.9816745906520126,138.19481595060626,-3.012578176079133,0.60239823200517428
6.2152704210318968,-3.9888709307638051,138.2448140750457,-2.9813608799225095,0.6463973610462479
6.1660536162439534,-3.9976621698989678,138.29481219948514,-2.9479403540219908,0.69042177032093521
6.1171698207439311,-4.008146579448689,138.34481032392458,-2.9123330195458381,0.73373726988906551
6.0687036896385536,-4.0204164568886744,138.39480844836402,-2.8745959548951432,0.77545360070302927
6.0207497396719418,-4.0345551181223023,138.44480657280346,-2.8348342483143707,0.8145459148701274
5.9734112500736734,-4.0506336383976205,138.4948046972429,-2.7932067267617224,0.84989877094325184
5.9267983861571008,-4.0687074681154236,138.54480282168234,-2.749973622152559,0.86640428617714516
5.8809992448249924,-4.0887548161677465,138.59480094612175,-2.7086993108160229,0.78445577325805804
5.8360208027033291,-4.110582880113828,138.64479907056119,-2.6715313233230322,0.70246489379721366
5.7918362135354098,-4.1339774572775436,138.69479719500063,-2.6384292304961834,0.62202776966612083
5.7484002702320982,-4.1587353722212237,138.74479531944007,-2.6092879670341622,0.544149303638086
5.7056538572620354,-4.1846664929478701,138.79479344387951,-2.5839648321348876,0.46934917402660692
5.6635277340617129,-4.2115942556428534,138.84479156831895,-2.5623008877885645,0.39777562886193252
5.6219455655163033,-4.2393551445878419,138.89478969275839,-2.5441368959143014,0.32930802249325952
5.580826232576551,-4.2677974928833757,138.94478781719783,-2.5293245943011295,0.26364009318412196
5.5400855164455249,-4.296779875226779,138.99478594163728,-2.5177343233448224,0.2003428454388814
5.4996372722164395,-4.3261692780442891,139.04478406607672,-2.5092599734858108,0.13890939632058555
5.4593942086433067,-4.3558391633179792,139.09478219051616,-2.5038220654009407,0.078785473630518257
5.4192683815675036,-4.3856674915600689,139.14478031495557,-2.5013695831714742,0.019389425280322416
5.3791714967997573,-4.4155347343938027,139.19477843939501,-2.5018809943696274,-0.039874707379191653
5.3390190180280737,-4.44532716575078,139.24477656383445,-2.5049077128824884,-0.078384566076004414
5.298750078926159,-4.474961945457844,139.29477468827389,-2.509714393152636,-0.11396572467965234
5.2583129047311949,-4.504366678261416,139.34477281271333,-2.5163124295662911,-0.15006079324328442
5.2176562248385423,-4.5334670572346143,139.39477093715277,-2.5247302936411056,-0.18677832417803306
5.1767295395161721,-4.5621863345540081,139.44476906159221,-2.5350014537836505,-0.22420859175695523
5.135483470183912,-4.5904448446106283,139.49476718603165,-2.5471632927641443,-0.26241663542463817
5.0938701944913118,-4.6181595763232792,139.54476531047109,-2.5612556444537211,-0.30143396211356438
5.0518439818952201,-4.6452438178969384,139.59476343491053,-2.5773188800631526,-0.34124882001100021
5.0093618433646361,-4.6716069039082635,139.64476155934997,-2.5953914735247343,-0.38179512050815645
4.9663843047816663,-4.6971541018351592,139.69475968378939,-2.6155069853890534,-0.42294033768506956
4.92287630667321,-4.7217866823396486,139.74475780822883,-2.6376904296042736,-0.46447307228036783
4.8788082227933858,-4.7454022233225785,139.79475593266827,-2.6619540329688753,-0.5060914301029551
4.8341569754909601,-4.7678952007362616,139.84475405710771,-2.68829246792943,-0.54739390367445473
4.7889074657324704,-4.7891584838581638,139.89475218154715,-2.7165470935452829,-0.5696173230384225
4.7430747377447302,-4.8091337602132818,139.94475030598659,-2.7444176023649134,-0.54503340445790394
4.6967147072993782,-4.827853067818161,139.99474843042603,-2.7710301697837485,-0.51935535576710667
4.6498842033216929,-4.8453625768461999,140.04474655486547,-2.7963384796599886,-0.49291350577646892
4.6026363486110187,-4.8617128961290552,140.09474467930491,-2.8203118928135193,-0.46600360929760665
4.5550202894381275,-4.876958116567419,140.14474280374435,-2.8429335922245702,-0.43888231603928662
4.5070810707474624,-4.8911549314708207,140.19474092818376,-2.8641985746828267,-0.41176546819886545
4.4588596329302979,-4.9043618529444624,140.2447390526232,-2.8841116158777091,-0.38482863774244325
4.4103929054425901,-4.9166385343097385,140.29473717706264,-2.9026853055319308,-0.35820929120130596
4.3617139737737274,-4.928045201131475,140.34473530150208,-2.9199382195263794,-0.33201001706273259
4.312852298738501,-4.9386421878582878,140.39473342594152,-2.9358932697950952,-0.30630233829256487
4.2638339701793928,-4.9484895732551868,140.44473155038096,-2.950576251450626,-0.28113073564513719
4.2146819804763904,-4.9576469054766381,140.49472967482041,-2.964014590456133,-0.25651660901354639
4.165416506459799,-4.9661730064907976,140.54472779925985,-2.97623628383259,-0.23246199395886752
4.1160551912148282,-4.9741258453181691,140.59472592369929,-2.9872690171573359,-0.20895292407861704
4.066613419767533,-4.9815624699158105,140.64472404813873,-2.997139440121102,-0.18596238621051578
4.0171045847187425,-4.9885389882952884,140.69472217257817,-3.0058725793364021,-0.16345285607212498
3.9675403395646383,-4.995110590432029,140.74472029701758,-3.0134913677052393,-0.1413784293722252
3.9179308387540268,-5.0013316035749584,140.79471842145702,-3.0200162708712548,-0.11968658057101676
3.8682849645386397,-5.0072555746075933,140.84471654589646,-3.0254649931553903,-0.098319591034647352
3.8186105414204334,-5.0129353740867622,140.8947146703359,-3.0298522475878333,-0.077215692660884072
3.768914539556508,-5.0184233174547286,140.94471279477534,-3.0331895769874389,-0.056309974039674505
3.7192032688803587,-5.0237712996662971,140.99471091921478,-3.0354852153758332,-0.035535095298030353
3.6694825659856192,-5.0290309400838336,141.04470904365422,-3.036743981278835,-0.01482185603982774
3.6197579760229379,-5.034253734967308,141.09470716809366,-3.036967196642375,0.0059003410035432004
3.5700349320081894,-5.0394912152224274,141.1447052925331,-3.0361526271851487,0.026703089306103555
3.5203189340432273,-5.0447951072684702,141.19470341697254,-3.0342944420598461,0.047658600018798424
3.4706157310253918,-5.0502174949464482,141.24470154141198,-3.0313831927477484,0.068839304103538099
3.4209314266125204,-5.0558102721706524,141.2946996658514,-3.0275090740369945,0.080337895132990181
3.3712697550256143,-5.0616005715389454,141.34469779029084,-3.0235557262297101,0.077792787233758279
3.3216309769416621,-5.0675839744611109,141.39469591473028,-3.0197309861807158,0.075193735798471398
3.2720150411157651,-5.073753943449443,141.44469403916972,-3.0160374989056256,0.072542832455410489
3.2224218067818735,-5.0801038187204712,141.49469216360916,-3.01247780351822,0.069842220849173353
3.1728510451521372,-5.0866268239533863,141.5446902880486,-3.0090543307671314,0.067094091251925267
3.1233024411494266,-5.0933160721039359,141.59468841248804,-3.0057694008351241,0.064300675324210896
3.0737755954253214,-5.1001645712514669,141.64468653692748,-3.0026252213972291,0.061464241057052151
3.024270026634003,-5.1071652304677464,141.69468466136692,-2.9996238859265194,0.058587087919215824
2.9747851739540914,-5.1143108656945024,141.74468278580636,-2.9967673722368766,0.055671542231025023
2.9253203998496229,-5.1215942056176722,141.7946809102458,-2.9940575412510944,0.052719952782336918
2.8758749930570993,-5.1290078975280302,141.84467903468521,-2.9914961359816377,0.049734686708313228
2.8264481717866028,-5.1365445131587517,141.89467715912465,-2.9890847807109289,0.04671812563293587
2.7770390871261545,-5.1441965544914643,141.9446752835641,-2.986824980357675,0.043672662086627373
2.7276468266337472,-5.1519564595240421,141.99467340800354,-2.9847181200153305,0.040600696200482476
2.6782704181058632,-5.1598166079939602,142.04467153244298,-2.9827654646489772,0.03750463267645409
2.6289088335079906,-5.1677693270524863,142.09466965688242,-2.9809681589368635,0.034386878029380556
2.5795609930526688,-5.1758068968861455,142.14466778132186,-2.9793272272431666,0.031249838093677852
2.5302257694118535,-5.1839215562826286,142.1946659057613,-2.9778435737090119,0.028095915784757536
2.4809019920492004,-5.1921055081394929,142.24466403020074,-2.9765179824493124,0.024927509102554337
2.4315884516578401,-5.2003509249149511,142.29466215464018,-2.9753511178436778,0.021747009362192763
2.3822839046892494,-5.2086499540207907,142.34466027907959,-2.9743435249104553,0.018556799634736672
2.3329870779592881,-5.2169947231582556,142.39465840351903,-2.9734956297538746,0.015359253379178159
2.2836966733167765,-5.2253773455984485,142.44465652795847,-2.972807740075226,0.012156733245236943
2.2344113723653267,-5.233789925408578,142.49465465239791,-2.9722800457401211,0.008951590025623379
2.1851298411923032,-5.2422245626321109,142.54465277683735,-2.9719126193946477,0.0057461617330382322
2.135850735191712,-5.2506733584086955,142.59465090127679,-2.9717054171255533,0.0025427727851140276
2.0865727037861372,-5.2591284200681248,142.64464902571623,-2.9716582791583552,-0.00065626673825645084
2.0372943981350704,-5.267581883084369,142.69464715015567,-2.971769040700714,-0.0037099744319334044
1.9880145273248253,-5.2760262164721823,142.74464527459511,-2.9720278295185572,-0.0066408334750052605
1.9387318559077777,-5.2844541884216936,142.79464339903456,-2.972432984044834,-0.0095647865234222886
1.8894451602260569,-5.2928585927949188,142.844641523474,-2.9729841535637269,-0.012481615331753513
1.8401532299414167,-5.3012322392546265,142.89463964791341,-2.9736809762623593,-0.015391093771605595
1.7908548712375252,-5.3095679533062583,142.94463777235285,-2.974523078765916,-0.018292985011223391
1.7415489100008672,-5.3178585763806074,142.99463589679229,-2.9755100755332218,-0.021187038754817113
1.6922341949790864,-5.3260969659666459,143.04463402123173,-2.9766415681158604,-0.024072988545089807
1.6429096009175919,-5.3342759958034467,143.09463214567117,-2.9779171442840857,-0.026950549132594315
1.5935740316743774,-5.3423885561398956,143.14463027011061,-2.9793363770229457,-0.029819413915930241
1.544226423312145,-5.3504275540709925,143.19462839455005,-2.9808988234022902,-0.032679252457223674
1.494865747166817,-5.3583859139591308,143.24462651898949,-2.982604023324543,-0.035529708077756593
1.4454910128919829,-5.3662565779484872,143.29462464342893,-2.9844514981543746,-0.03837039553905288
1.3961012714779508,-5.3740325065804733,143.34462276786837,-2.9864407492346783,-0.041200898815276242
1.3466956182410055,-5.3817066795183877,143.39462089230781,-2.9885712562937021,-0.044020768963496222
1.2972731957953125,-5.3892720963864704,143.44461901674723,-2.9908424757477583,-0.046829522097960631
1.2478331969697307,-5.3967217777359533,143.49461714118667,-2.9932538389064667,-0.049626637477930245
1.1983748677137886,-5.4040487661376329,143.54461526562611,-2.9958047500843272,-0.052411555714507514
1.1488975099545287,-5.4112461274128894,143.59461339006555,-2.9984945846263447,-0.055183677107156312
1.0994004844142438,-5.4183069520070823,143.64461151450499,-3.0013226868538183,-0.057942360118379034
1.0498832133835438,-5.4252243565112721,143.69460963894443,-3.0042883679375154,-0.060686919996415831
1.0003451834576238,-5.4319914853357929,143.74460776338387,-3.0073909037050854,-0.063416627555557617
0.95078594816493311,-5.4386015125494005,143.79460588782331,-3.0106295323950572,-0.066130708128409335
0.90120513063260588,-5.445047643867734,143.84460401226275,-3.0140034523567691,-0.068828340692945134
0.85160242609482284,-5.4513231188204827,143.89460213670219,-3.0175118197172495,-0.071508657196115516
0.80197760437477805,-5.4574212130814903,143.9446002611416,-3.021153746016418,-0.074170742078064358
0.75233051227913428,-5.463335240971646,143.99459838558104,-3.0249282958244175,-0.076813632011686492
0.70266107590771243,-5.4690585581348854,144.04459651002048,-3.0288344843515103,-0.079436315868706434
0.65296919348523264,-5.4745835678177315,144.09459463445992,-3.0329685120996994,-0.088327190699365801
0.60325338148450802,-5.4798888303438602,144.14459275889936,-3.0377045908486484,-0.10113487527996042
0.55351139046490183,-5.4849426159999997,144.1945908833388,-3.0430830718585966,-0.11402960167969096
0.50374140799739575,-5.4897127027054973,144.24458900777825,-3.0491090960189013,-0.12704263728376902
0.45394214518381176,-5.4941665294507978,144.29458713221769,-3.0557893230002495,-0.14020345265656139
0.40411290150781254,-5.4982711232835744,144.34458525665713,-3.0631318386003872,-0.15353959894955974
0.35425363500718399,-5.5019930328404456,144.39458338109657,-3.0711460544457094,-0.16707652436067477
0.30436503807394938,-5.5052982692265644,144.44458150553601,-3.0798425968882226,-0.18083732383354978
0.25444861952826153,-5.5081522552306152,144.49457962997542,-3.0892331815805969,-0.1948424158434533
0.20450679322456433,-5.5105197841291904,144.54457775441486,-3.0993304699461004,-0.20910914024519967
0.15454297344539003,-5.5123649895820597,144.5945758788543,-3.1101479034494166,-0.22365127159521503
0.10456167712917921,-5.5136513283956861,144.64457400329374,-3.1216995113242021,-0.23847844342165378
0.054568632765168004,-5.5143415782124166,144.69457212773318,-3.1339996872275493,-0.253595480740825
0.0045708955058468143,-5.5143978524625554,144.74457025217262,3.1361223769566275,-0.26900164094127238
-0.045423032298212922,-5.5137816351814637,144.79456837661206,3.1222817615847052,-0.28468976721425016
-0.095403076361244843,-5.5124538385261905,144.8445665010515,3.1076500058406449,-0.30064536424381677
-0.14535746324607213,-5.51037488600209,144.89456462549094,3.0922142703494804,-0.31684561309065062
-0.19527259298405031,-5.5075048244991613,144.94456274993038,3.0759630859427007,-0.3332583512509632
-0.2451329145141449,-5.5038034682042731,144.99456087436982,3.0588868463670114,-0.34984105474395827
-0.29492080766318451,-5.4992305772569372,145.04455899880924,3.0409783508358528,-0.36653987156680329
-0.34461647617025182,-5.4937460736068928,145.09455712324868,3.0222333923406923,-0.38328876943201973
-0.39419785704994564,-5.487310295863959,145.14455524768812,3.0026513841473448,-0.40000887444747885
-0.44364055233063882,-5.4798842939616801,145.19455337212756,2.982236012749,-0.41660808990737735
-0.49291778983216267,-5.4714301631523963,145.244551496567,2.9609959008369109,-0.43298109371776849
-0.54200042006599103,-5.4619114151993431,145.29454962100644,2.9389452588007074,-0.44900981679362184
-0.5908569564577878,-5.4512933826445371,145.34454774544588,2.91610449822302,-0.46456450035613867
-0.63945366579149665,-5.4395436497640093,145.39454586988532,2.8925007762695283,-0.47950541477315728
-0.68775471496388252,-5.4266325013729597,145.44454399432476,2.8681684363921671,-0.49368529429645913
-0.73572703568117237,-5.4125488618144288,145.4945421187642,2.8441725026687332,-0.46383112398104676
-0.78336004571335094,-5.397356611165927,145.54454024320364,2.8217951374153745,-0.43127227237476945
-0.8306545602567772,-5.3811408269209124,145.59453836764305,2.8010472362176633,-0.39869094355809259
-0.87761657062207221,-5.3639854824374895,145.64453649208249,2.7819242643700375,-0.36630430662226587
-0.92425661826188665,-5.3459728615164099,145.69453461652193,2.7644121704878728,-0.33427663753615988
-0.97058918266528782,-5.3271831540798606,145.74453274096138,2.7484899058540906,-0.30272451515309079
-1.0166321023479221,-5.3076942073976188,145.79453086540082,2.7341316618842595,-0.2717227870387795
-1.0624060416335814,-5.2875814086918478,145.84452898984026,2.7213088026805878,-0.2413107186408327
-1.1079340099326147,-5.2669176756524152,145.8945271142797,2.7099914943238139,-0.21149792157987876
-1.1532409355828832,-5.2457735333484843,145.94452523871914,2.7001500487570902,-0.18226981169848361
-1.1983532929200118,-5.2242172586390581,145.99452336315858,2.6917560094093242,-0.15359246881248964
-1.2432987788973471,-5.2023150760303833,146.04452148759802,2.6847830097633194,-0.12541685875633543
-1.2881060340632888,-5.1801313917084393,146.09451961203743,2.6792074364253309,-0.097682438886460915
-1.3328044018152931,-5.1577290550079633,146.14451773647687,2.6750089261539607,-0.070320206651638809
-1.3774237194039172,-5.135169638765487,146.19451586091631,2.6721707227145939,-0.043255273041729755
-1.4219941340066617,-5.1125137317993969,146.24451398535575,2.6706799150214016,-0.016409053785518175
-1.4665459372112719,-5.0898212381580459,146.29451210979519,2.6705275732642542,0.010298824877299523
-1.5111094113629542,-5.0671516787852484,146.34451023423463,2.6717087948690783,0.036948809218696144
-1.555714681377991,-5.0445644918920021,146.39450835867407,2.6742226673616862,0.063619795559610587
-1.6003915657787462,-5.0221193286111108,146.44450648311351,2.6780721505724041,0.090387511402236984
-1.6451694208505172,-4.9998763404640574,146.49450460755295,2.6832638761690872,0.11732281317085962
-1.6900769719631836,-4.9778964548003852,146.5445027319924,2.689807858270028,0.1444898182770174
-1.735142126270524,-4.9562416336859823,146.59450085643184,2.6977171049219857,0.17194379548915101
-1.7803917612365889,-4.9349751107295514,146.64449898087125,2.7070071166416154,0.19972874678545383
-1.8258514838091302,-4.9141615990591792,146.69449710531069,2.7176952552046569,0.22787462796536354
-1.871545355659392,-4.8938674621167433,146.74449522975013,2.7297999637356258,0.25639417682094373
-1.9174955807581355,-4.8741608372162144,146.79449335418957,2.7433398183242721,0.28527934955367912
-1.9637221530303579,-4.8551116998900969,146.84449147862901,2.7583323925376946,0.3144974116925921
-2.0102398359745455,-4.836785091702076,146.89448960306845,2.7742791358160162,0.31972026041131829
-2.0570445032018725,-4.8192043580828949,146.94448772750789,2.7902865946365285,0.32060068412700793
-2.1041249512617086,-4.8023761024710332,146.99448585194733,2.8063378576844151,0.32147246842035843
-2.1514697839270016,-4.7863067121500169,147.04448397638677,2.8224324881947265,0.32233540508849073
-2.1990674306957709,-4.7710023918460926,147.09448210082621,2.8385700365832167,0.32318918864230278
-2.2469061497129221,-4.7564691583899243,147.14448022526565,2.8547500354767177,0.32403341269683461
-2.2949740308762285,-4.7427128351480246,147.19447834970507,2.8709719945962258,0.32486756671921563
-2.3432589990336461,-4.7297390462544913,147.24447647414451,2.8872353954722718,0.3256910331648607
-2.3917488173529313,-4.7175532106176465,147.29447459858395,2.9035396860323575,0.32650308503650088
-2.4404310908723428,-4.7061605357031624,147.34447272302339,2.9198842750769343,0.32730288389994611
-2.4892932702605139,-4.695566011091624,147.39447084746283,2.9362685266683064,0.32808947839127645
-2.5383226558127836,-4.6857744018119147,147.44446897190227,2.9526917544579407,0.32886180325035741
-2.5875064017119414,-4.6767902414545564,147.49446709634171,2.9691532159793907,0.32961867891553126
-2.6368315205813335,-4.6686178250724524,147.54446522078115,2.9856521069355701,0.33035881171393111
-2.6862848883596726,-4.6612612018792863,147.59446334522059,3.002187555511211,0.33108079468110724
-2.7358532495260417,-4.6547241677594826,147.64446146966003,3.0187586167426765,0.33178310904238828
-2.7855232227041444,-4.6490102576068857,147.69445959409947,3.0353642669791827,0.33246412638667278
-2.8352813066724627,-4.6441227375131247,147.74445771853888,3.0520033984703523,0.33312211156099802
-2.8851138868086639,-4.6400645968298946,147.79445584297832,3.0686748141172511,0.33375522631134236
-2.935007241992984,-4.6368385401333336,147.84445396741776,3.0853772224244702,0.33436153369150251
-2.984947551995023,-4.634446979122167,147.8944520918572,3.1021092326922584,0.33493900325762144
-3.0349209053642707,-4.6328920244849874,147.94445021629664,3.1188693504877754,0.33548551706093527
-3.0849133078589084,-4.6321754777752764,147.99444834073608,3.1356559734406124,0.3359988764457581
-3.1349106913699702,-4.6322988233373739,148.04444646517553,-3.130717919796727,0.33647680965251009
-3.1848989234818461,-4.633263220327021,148.09444458961497,-3.1138835442629276,0.33691698022037397
-3.2348638175181037,-4.635069494877432,148.14444271405441,-3.0970281547847689,0.33731699617338623
-3.2847911431991772,-4.6377181324602201,148.19444083849385,-3.080153819785945,0.33767441996824399
-3.3346666394795914,-4.6412092496932225,148.24443896293326,-3.0632691261214222,0.3366800518436876
-3.3844764452961229,-4.6455379648711661,148.2944370873727,-3.0465950898030081,0.33031097298821671
-3.4342079944143165,-4.6506886675619166,148.34443521181214,-3.0302386618155355,0.32397819838779035
-3.4838496100969021,-4.656644239519788,148.39443333625158,-3.0141975983878457,0.31769857929624445
-3.5333903855674142,-4.663387567858952,148.44443146069102,-2.9984688568705198,0.31148723169587506
-3.5828201556752761,-4.6709016041192317,148.49442958513046,-2.983048680757673,0.30535760773030646
-3.6321294662961496,-4.6791694173058485,148.5444277095699,-2.9679326808291617,0.29932157980693008
-3.6813095421635027,-4.6881742411441243,148.59442583400934,-2.9531159118293209,0.29338953388917771
-3.7303522535786064,-4.6978995158172037,148.64442395844878,-2.9385929443210261,0.28757046893858329
-3.7792500824668802,-4.7083289245019024,148.69442208288822,-2.924357931469022,0.28187209987870604
-3.8279960881675255,-4.7194464250400747,148.74442020732766,-2.9104046706339739,0.27630096186813063
-3.8765838732869562,-4.7312362770975609,148.79441833176708,-2.8967266597591679,0.27086251406011774
-3.925007549894012,-4.7436830651689768,148.84441645620652,-2.8833171486134597,0.26556124138667347
-3.9732617062860238,-4.7567717177858571,148.89441458064596,-2.8701691850188071,0.26040075323001155
-4.0213413745086051,-4.7704875232785815,148.9444127050854,-2.8572756562406334,0.25538387813245284
-4.0692419987742703,-4.7848161424322715,148.99441082952484,-2.844629325754668,0.2505127539458783
-4.1169594048847591,-4.7997436183611368,149.04440895396428,-2.8322228656295638,0.24578891303632294
-4.1644897707510031,-4.8152563839156652,149.09440707840372,-2.8200488847739535,0.24121336233725724
-4.2118295980071894,-4.8313412668963807,149.14440520284316,-2.808099953321086,0.23678665820085973
-4.2589756848322136,-4.8479854933737085,149.1944033272826,-2.796368623387651,0.23250897610405433
-4.3059250999270109,-4.8651766893495489,149.24440145172204,-2.7848474464753923,0.22838017537752009
-4.3526751575915981,-4.8829028809755846,149.29439957616148,-2.7735289877693714,0.22439985919981228
-4.3992233940080796,-4.9011524935905637,149.34439770060089,-2.7624058375302547,0.22056743014224786
-4.4455675445739242,-4.9199143497316111,149.39439582504033,-2.7514706198239032,0.21688214161730815
-4.4917055222885489,-4.9391776663169198,149.44439394947977,-2.7407159987715515,0.21334314560120254
-4.5376353971320471,-4.9589320511620931,149.49439207391922,-2.7301346824985275,0.2099495370310038
-4.5833553763727632,-4.9791674989791215,149.54439019835866,-2.7197194249378085,0.20670039529457113
-4.6288637857378712,-4.9998743869948941,149.5943883227981,-2.7094630256227199,0.20359482324538278
-4.6741590489100604,-5.0210434755262687,149.64438644723754,-2.6993566677232224,0.20094978158128216
-4.7192392081585197,-5.0426668611948484,149.69438457167698,-2.6893447007132796,0.19953356064168301
-4.7641014144994518,-5.0647388866696463,149.74438269611642,-2.6794050750052953,0.1980564472679702
-4.8087428659655425,-5.0872540590676483,149.79438082055586,-2.6695407706534269,0.19652102946050642
-4.8531609472980337,-5.1102067614765216,149.84437894499527,-2.6597546369504612,0.19492994789150492
-4.8973532306195313,-5.1335912631906657,149.89437706943471,-2.6500493900895394,0.19328588413045927
-4.9413174755964908,-5.1574017299070114,149.94437519387415,-2.6404276114085032,0.19159154913070001
-4.9850516291111457,-5.1816322338402951,149.99437331831359,-2.6308917462016694,0.18984967205187203
-5.0285538244628638,-5.2062767637188285,150.04437144275303,-2.6214441030807576,0.18806298948542388
-5.0718223801227609,-5.2313292346254547,150.09436956719247,-2.6120868538630924,0.18623423514197684
-5.1148557980653191,-5.2567834976500665,150.14436769163191,-2.6028220339628851,0.18436613005118166
-5.1576527617034538,-5.2826333493237954,150.19436581607135,-2.5936515432587446,0.18246137331623119
-5.200212133453296,-5.3088725408069894,150.24436394051079,-2.5845771474089574,0.18052263345695654
-5.2425329519573109,-5.3354947868071854,150.29436206495023,-2.5756004795842329,0.17855254036728407
-5.2846144289935184,-5.3624937742052277,150.34436018938968,-2.5667230425868039,0.17655367790512089
-5.3264559460981307,-5.3898631703703108,150.39435831382909,-2.5579462113241962,0.17452857712541883
-5.368057050932947,-5.417596631149963,150.44435643826853,-2.5492712356047837,0.1724797101600995
-5.4094174534234449,-5.4456878085206926,150.49435456270797,-2.5406992432232927,0.17040948474242998
-5.4505370217021367,-5.474130357893638,150.54435268714741,-2.5322312433028227,0.16832023936723595
-5.4914157778419384,-5.5029179450379102,150.59435081158685,-2.5238681298706056,0.16621423907571473
-5.5320538935150552,-5.5320442526919669,150.64434893602629,-2.5156106856143516,0.16409367184135468
-5.5724516854576773,-5.5615029867595736,150.69434706046573,-2.5074595858193729,0.16196064554251127
-5.6126096108690984,-5.5912878821608967,150.74434518490517,-2.4994154024364668,0.15981718549125828
-5.6525282627370066,-5.6213927083184903,150.79434330934461,-2.4914786082599143,0.1576652324922875
-5.6922083651051514,-5.6518112742763291,150.84434143378405,-2.4836495811910093,0.15550664140225653
-5.7316507683110993,-5.6825374334611052,150.89433955822349,-2.4759286085615115,0.15334318015772433
-5.7708564442132255,-5.7135650880913236,150.9443376826629,-2.4683158914944952,0.15117652923909008
-5.8098264814224683,-5.7448881932391131,150.99433580710235,-2.4608115492821541,0.14900828153745219
-5.8485620805563903,-5.7765007605532936,151.04433393154179,-2.4534156237611335,0.14683994259089378
-5.8870645495391516,-5.8083968616593893,151.09433205598123,-2.4461280836662169,0.1446729311564261
-5.9253352989611479,-5.8405706312467345,151.14433018042067,-2.4389488289465735,0.1425085800847474
-5.9633758374651809,-5.8730162698142205,151.19432830486011,-2.4318776950388235,0.14034813746831754
-6.0011877672579708,-5.9057280461583659,151.24432642929955,-2.424914457067707,0.13819276802669692
-6.0387727797114543,-5.9387002995787146,151.29432455373899,-2.4180588339720335,0.13604355470174009
-6.0761326510050564,-5.9719274417605206,151.34432267817843,-2.4113104925566207,0.13390150043735036
-6.1132692379381046,-6.0054039584518666,151.39432080261787,-2.4046690514395892,0.131767530109692
-6.1501844738211826,-6.0391244108625193,151.44431892705731,-2.3981340849060828,0.12964249258780952
-6.1868803644959636,-6.0730834368343505,151.49431705149672,-2.3917051266545939,0.12752716289811247
-6.2233589844786339,-6.1072757517869105,151.54431517593616,-2.3853816734330802,0.12542224447086536
-6.2596224732319214,-6.1416961494509392,151.5943133003756,-2.3791631885611775,0.12332837144785209
-6.2956730315693132,-6.1763395024018708,151.64431142481504,-2.3730491053358911,0.1212461110320398
-6.3315129181942531,-6.2112007624052401,151.69430954925448,-2.3670388303191019,0.11917596586168344
-6.3671444463753142,-6.2462749605844561,151.74430767369392,-2.3611317465062185,0.11711837639292881
-6.4025699807606697,-6.2815572074240231,151.79430579813337,-2.3553272163755969,0.11507372327631904
-6.4377919343315861,-6.3170426926180792,151.84430392257281,-2.3496245848195265,0.1130423297142244
-6.4728127654985235,-6.3527266847781387,151.89430204701225,-2.3440231819574984,0.11102446378734505
-6.5076349753069458,-6.38860453097654,151.94430017145169,-2.3385223258387327,0.10902034074180667
-6.5422611048431243,-6.4246716562281323,151.9942982958911,-2.3331213250217364,0.10703012522247786
-6.5766937327143822,-6.4609235627925763,152.04429642033054,-2.32781948105352,0.10505393345168544
-6.6109354726956457,-6.4973558294007496,152.09429454476998,-2.3226160908366018,0.10309183534101946
-6.6449889715040342,-6.5339641103764503,152.14429266920942,-2.3175104488930907,0.10114385653237497
-6.6788569067049952,-6.5707441346667448,152.19429079364886,-2.3125018495286498,0.099209980362847394
-6.7125419847481584,-6.6076917047886017,152.2442889180883,-2.3075895889002123,0.097290149749208688
-6.746046939130629,-6.6448026956988686,152.29428704252774,-2.3027729669915509,0.095384268988434356
-6.7793745286853575,-6.6820730535941202,152.34428516696718,-2.2980512895009713,0.093492205471415096
-6.8125275359917135,-6.7194987946461424,152.39428329140662,-2.2934238696455691,0.091613791307584735
-6.8455087285762799,-6.7570760363245208,152.44428141584606,-2.2888828960948739,0.090432834879052515
-6.878319577473019,-6.7948021068017876,152.4942795402855,-2.2843668942641502,0.090214642666864464
-6.9109599268969424,-6.8326757890730523,152.54427766472492,-2.279861707206948,0.090000232213753653
-6.9434295203453633,-6.8706959645134686,152.59427578916436,-2.2753671451720474,0.089789630234156523
-6.9757281022170883,-6.9088615231733126,152.6442739136038,-2.2708830170873959,0.08958286285467644
-7.0078554176052803,-6.9471713637342649,152.69427203804324,-2.2664091305887015,0.089379955645030054
-7.0398112120921876,-6.9856243934623521,152.74427016248268,-2.2619452920465313,0.089180933648616026
-7.0715952315463344,-7.0242195281583415,152.79426828692212,-2.2574913065918398,0.088985821412697688
-7.1032072219214681,-7.0629556921048957,152.84426641136156,-2.2530469781400471,0.088794643018203029
-7.1346469290575412,-7.1018318180109423,152.894264535801,-2.2486121094136333,0.088607422109137843
-7.1659140984840386,-7.1408468469537416,152.94426266024044,-2.244186501963231,0.088424181921609946
-7.1970084752250658,-7.1799997283180916,152.99426078467988,-2.2397699561873026,0.088244945312467862
-7.2279298036063508,-7.2192894197329762,153.04425890911932,-2.2353622713504016,0.088069734787553103
-7.2586778270640062,-7.2587148870055342,153.09425703355873,-2.2309632456000514,0.087898572529569258
-7.28925228795576,-7.2982751040534497,153.14425515799817,-2.226572675982152,0.087731480425564584
-7.3196529273731503,-7.3379690528338966,153.19425328243761,-2.222190358455145,0.08756848009403928
-7.3498794849562152,-7.377795723271162,153.24425140687705,-2.21781608790273,0.087409592911672218
-7.3799316987096253,-7.417754113181676,153.2942495313165,-2.2134496581452998,0.08725484003967536
-7.4098093048202802,-7.4578432281966407,153.34424765575594,-2.209090861950092,0.087104242449780239
-7.4395120374769848,-7.4980620816830807,153.39424578019538,-2.2047394910399967,0.086957820949857226
-7.4690396286916378,-7.5384096946628256,153.44424390463482,-2.2003953361010993,0.086815596209174298
-7.4983918081216743,-7.578885095729051,153.49424202907426,-2.1960581867890165,0.0866775887833027
-7.5275683028942444,-7.6194873209612188,153.5442401535137,-2.1917278317339624,0.086543819138671416
-7.5565688374370747,-7.6602154138454903,153.59423827795314,-2.1874040585438133,0.086414307676754051
-7.5853931332847555,-7.7010684251566959,153.64423640239255,-2.1830866538098554,0.086289074758033046
-7.614040908938291,-7.7420454129114722,153.69423452683199,-2.1787754031036006,0.086168140725400189
-7.6425118796742515,-7.7831454422470472,153.74423265127143,-2.1744700909801464,0.086051525927462624
-7.6708057573810509,-7.8243675853345493,153.79423077571087,-2.1701705009765284,0.0859392507414138
-7.6989222503895407,-7.8657109212808125,153.84422890015031,-2.1658764156099726,0.085831335595620881
-7.7268610633084851,-7.9071745360339181,153.89422702458975,-2.1615876163744643,0.085727800991891756
-7.7546218968582883,-7.9487575222829499,153.94422514902919,-2.1573038837366436,0.085628667527453448
-7.7822044477065591,-7.9904589793572223,153.99422327346863,-2.1530249971304958,0.085533955916636428
-7.8096084083047002,-8.0322780131239124,154.04422139790807,-2.1487507349509656,0.085443687012271397
-7.8368334667257242,-8.0742137358845021,154.09421952234752,-2.1444808745464687,0.085357881826808174
-7.8638793065025334,-8.1162652662689805,154.14421764678693,-2.1402151922104271,0.085276561553163766
-7.8907456064674797,-8.1584317291290667,154.19421577122637,-2.1359534631717074,0.085199747585303937
-7.9174320405924643,-8.2007122554295275,154.24421389566581,-2.1316954615840795,0.08512746153856858
-7.9439382778300764,-8.2431059821383386,154.29421202010525,-2.1274409605146265,0.08505972526974441
-7.9702639819552603,-8.2856120521150292,154.34421014454469,-2.1231897319311903,0.084996560896894516
-7.9964088114079122,-8.3282296139979266,154.39420826898413,-2.1189415466887893,0.084937990818948733
-8.0223724191356389,-8.3709578220891316,154.44420639342357,-2.1146961745151427,0.084884037735065185
-8.0481544524376538,-8.4137958362389131,154.49420451786301,-2.1104533839951367,0.08483472466376403
-8.0737545528089854,-8.4567428217281915,154.54420264230245,-2.1062129425543876,0.084790074961844555
-8.0991723557850079,-8.4997979491493094,154.59420076674189,-2.1019746164418782,0.084750112343089434
-8.1244074907866644,-8.5429603942856467,154.64419889118133,-2.0977381707116338,0.084714860896761654
-8.1494595809659014,-8.5862293379894616,154.69419701562074,-2.0935033692035039,0.084684345105901143
-8.1743282430517219,-8.6296039660586086,154.74419514006019,-2.0892699745229932,0.084658589865424808
-8.1990130871961711,-8.6730834691111678,154.79419326449963,-2.0850377480202478,0.084637620500037369
-8.2235137168209409,-8.7166670424590436,154.84419138893907,-2.0808064497681,0.084621462781955564
-8.2478297284629569,-8.76035388597791,154.89418951337851,-2.0765758385394308,0.084610142948452219
-8.2719607116236151,-8.8041432039816954,154.94418763781795,-2.0723456717830699,0.084603687719222193
-8.2959062486184827,-8.8480342050964094,154.99418576225739,-2.0681157055987436,0.084602124313577914
-8.319665914406805,-8.8920261020949383,155.04418388669683,-2.0638856947147675,0.084605480467475458
-8.3432392764646863,-8.9361181118101864,155.09418201113627,-2.0596553924571794,0.084613784450371571
-8.3666258946149092,-8.9803094549672053,155.14418013557571,-2.0554245507256872,0.084627065081922706
-8.3898253208784368,-9.0245993560533009,155.19417826001515,-2.0511929199649539,0.084645351748520573
-8.4128372762629287,-9.0689869518033337,155.24417638445456,-2.0469847085171886,0.082664867509486331
-8.435665789614859,-9.1134691734322359,155.294174508894,-2.0429541361223333,0.078557004724443061
-8.4583194233269143,-9.158040714586253,155.34417263333344,-2.0391299681538819,0.074409212154571677
-8.4808070881627859,-9.2026962254837859,155.39417075777288,-2.0355140769281461,0.070226441384549462
-8.5031378276861016,-9.2474304193736092,155.44416888221232,-2.0321080891570675,0.066013563692874325
-8.5253208042227904,-9.2922380735539214,155.49416700665176,-2.028913390195402,0.061775361121005561
-8.5473652849735053,-9.3371140299556323,155.54416513109121,-2.0259311286947339,0.057516518965876236
-8.5692806282780705,-9.382053195257086,155.59416325553065,-2.0231622215998213,0.053241619637621952
-8.5910762700719179,-9.4270505405824121,155.64416137997009,-2.0206073594192877,0.048955137804580919
-8.612761710558642,-9.4721011008141716,155.69415950440953,-2.0182670117086641,0.044661436739950544
-8.6343465011206,-9.5171999735550568,155.74415762884894,-2.0161414327079954,0.040364765776509097
-8.6558402314862164,-9.5623423177753413,155.79415575328838,-2.014230667081029,0.03606925877001841
-8.6772525171679877,-9.6075233521802641,155.84415387772782,-2.0125345557081897,0.031778933468417016
-8.6985929871835275,-9.6527383533347866,155.89415200216726,-2.0110527414906176,0.027497691681549391
-8.7198712720678841,-9.697982653580441,155.9441501266067,-2.0097846751279147,0.023229320145933787
-8.7410969921836479,-9.7432516387799701,155.99414825104614,-2.0087296208374683,0.01897749197985699
-8.7622797463327782,-9.7885407459244149,156.04414637548558,-2.007886661988397,0.014745768626277784
-8.7834291006723149,-9.8338454606364056,156.09414449992502,-2.0072547066282409,0.01053760218425342
-8.8045545779342707,-9.8791613146020829,156.14414262436446,-2.0068324928853642,0.0063563380337761611
-8.8256656469489076,-9.9244838829631608,156.1941407488039,-2.0066185942346797,0.0022052176638044855
-8.8467717124698861,-9.9698087817002179,156.24413887324334,-2.0066114246186659,-0.001912618381273515
-8.867882105298305,-10.015131665035131,156.29413699768276,-2.0068092434197653,-0.0059941275152697792
-8.8890060727026619,-10.060448222880234,156.3441351221222,-2.0072101602839818,-0.010036362156125318
-8.9101527691315248,-10.105754178360383,156.39413324656164,-2.0078121397989728,-0.01403646686960228
-8.931331247215482,-10.151045285431769,156.44413137100108,-2.0086130060330025,-0.01799167566919891
-8.9525504490569201,-10.196317326623845,156.49412949544052,-2.0096104469439808,-0.021899309524038322
-8.9738191977920003,-10.241566110897899,156.54412761987996,-2.0108020186694429,-0.025756774116683246
-8.9951461894622664,-10.286787471726095,156.5941257443194,-2.012185149713094,-0.029561557895313843
-9.0165420726149925,-10.331976275363207,156.64412386875884,-2.014000752618994,-0.050432326585436935
-9.0380527121154959,-10.377110546885103,156.69412199319828,-2.0173664854179183,-0.084208125917489871
-9.0597532090704291,-10.422153809874692,156.74412011763772,-2.0224243599338347,-0.11817021752010634
-9.0817195256737353,-10.467067992879999,156.79411824207716,-2.0291910610320643,-0.15261187724071987
-9.1040280263987601,-10.511813139659006,156.84411636651657,-2.0376977181505542,-0.18781789622075751
-9.1267558801087691,-10.556346666814131,156.89411449095601,-2.0479895091739673,-0.22406546772099015
-9.1499814015645597,-10.600622584808159,156.94411261539545,-2.0601252699088182,-0.26162345629290029
-9.173784316405909,-10.644590670451104,156.99411073983489,-2.0741770169706166,-0.30074957398286439
-9.198245927241592,-10.688195582574144,157.04410886427434,-2.090229264495675,-0.34168483938373739
-9.2234491505672604,-10.731375917968723,157.09410698871378,-2.1083779798431936,-0.3846445332008035
-9.24947838489879,-10.774063212678817,157.14410511315322,-2.128728980278026,-0.42980471511322871
-9.2764191601218702,-10.816180905527371,157.19410323759266,-2.1513955233312063,-0.47728328207380855
-9.3043575075183185,-10.857643297634699,157.2441013620321,-2.1764947933589145,-0.52711461597879605
-9.3333789809961765,-10.898354564914525,157.29409948647154,-2.2041429465988447,-0.57921722671775222
-9.3635672557526064,-10.938207910970355,157.34409761091098,-2.2344483658712191,-0.63335463676333026
-9.395002235474518,-10.977084985015862,157.39409573535039,-2.2675028236082109,-0.68909130043542843
-9.427757619667064,-11.014855730923903,157.44409385978983,-2.3033703986684131,-0.74574779043097206
-9.4618979258862979,-11.051378872357912,157.49409198422927,-2.3420742838114541,-0.80236280608193478
-9.4974750342894048,-11.086503263594667,157.54409010866871,-2.3835820922546924,-0.85767330942127895
-9.5345244259164623,-11.120070328298015,157.59408823310815,-2.4277909188581717,-0.91012710194173618
-9.5730614138855046,-11.151917748261637,157.64408635754759,-2.4745141501425136,-0.95794241806527247
-9.6130777955660154,-11.181884433407351,157.69408448198703,-2.5234726500291194,-0.9992242270110121
-9.6545394445993313,-11.209816600411749,157.74408260642647,-2.5742931712901651,-1.0321353410396301
-9.6973853657141795,-11.235574535302566,157.79408073086591,-2.6265163343515661,-1.0551032758615009
-9.7415286130506473,-11.259039374062869,157.84407885530536,-2.6796151101953996,-1.067026299791211
-9.7868592187789769,-11.280119086506611,157.89407697974477,-2.7330226250174703,-1.0674325027194962
-9.8332489398392831,-11.298752866257495,157.94407510418421,-2.7861658617795935,-1.0565511918793704
-9.88055595415765,-11.314917520168748,157.99407322862365,-2.8380807158188475,-1.0094575566317392
-9.9286194785520632,-11.328672802121103,158.04407135306309,-2.8871990551662443,-0.95812126585557955
-9.977287701588887,-11.34010773375241,158.09406947750253,-2.9341444769167118,-0.92212660748264441
-10.026432006418514,-11.349284824770004,158.14406760194197,-2.9796287762873441,-0.89938529030480285
-10.075939662463155,-11.356241072332324,158.19406572638141,-3.024276343530977,-0.88846451170740093
-10.125707651550101,-11.360989719736839,158.24406385082085,-3.068653556622984,-0.88845816921393028
-10.175637479346852,-11.363521483233072,158.29406197526029,-3.1132926327252184,-0.8988925688983973
-10.225630502374957,-11.363805302885446,158.34406009969973,3.1244738699995938,-0.91965738472249337
-10.275583393628416,-11.361788717436667,158.39405822413917,3.0777550454712643,-0.95095167862238794
-10.325383425802295,-11.357398009849707,158.44405634857858,3.029199265755059,-0.99323326634648168
-10.37490328712162,-11.350538339387823,158.49405447301802,2.9782414872907652,-1.047156340772772
-10.423995181658116,-11.341094186121142,158.54405259745747,2.9242809297513412,-1.1134761684952219
-10.47248403407605,-11.32893060322573,158.59405072189691,2.866679645899755,-1.1928904841457353
-10.520159767371952,-11.31389601592665,158.64404884633635,2.8047714456284307,-1.2857761211712821
-10.566772199339859,-11.295835485311853,158.69404697077579,2.7388304498939937,-1.32157922869763
-10.612093666157994,-11.274743161766775,158.74404509521523,2.6734371880048946,-1.292226813206953
-10.655960270481469,-11.250770477664698,158.79404321965467,2.6097941273426861,-1.2519983090883875
-10.698242702578231,-11.224101721576764,158.84404134409411,2.5483777884918766,-1.2036280700897641
-10.738845826637222,-11.194938779579783,158.89403946853355,2.4895243454883045,-1.1499399182835146
-10.777706928974226,-11.163490858148146,158.94403759297299,2.4334327831152307,-1.0935581620715602
-10.814791913232305,-11.1299658575475,158.9940357174124,2.380179875421347,-1.0367262031904509
-10.85009034852775,-11.094563837804698,159.04403384185184,2.32974151993995,-0.98123098586716762
-10.883610152983763,-11.057472589174051,159.09403196629128,2.2820156853920968,-0.92840898285709905
-10.915372471777633,-11.018865043954989,159.14403009073072,2.2368436674869083,-0.87920286153765581
-10.945407075279736,-10.978898142334801,159.19402821517016,2.1940278195954837,-0.83424200039494012
-10.973748410119013,-10.937712750800779,159.2440263396096,2.1533450653401163,-0.79392835941737239
-11.000432300572831,-10.895434280159279,159.29402446404904,2.114556209968578,-0.75851759206156422
-11.025492979068442,-10.852173592648946,159.34402258848849,2.0773682203555572,-0.73270103900385841
-11.048951742964332,-10.808023550691695,159.39402071292793,2.0411938673190657,-0.71371147619387132
-11.070821160473081,-10.763064860682734,159.44401883736737,2.006057252370919,-0.69127369772667835
-11.091124573099766,-10.717377401821834,159.49401696180678,1.9721177917741681,-0.66591464813495371
-11.109896400158787,-10.671039410870419,159.54401508624622,1.9395077263087941,-0.63818892512272696
-11.127180779063972,-10.624126084404237,159.59401321068566,1.9083315330757653,-0.60864774958354662
-11.143030060504566,-10.57670847805073,159.6440113351251,1.8786667590337525,-0.57781343346555492
-11.157503260976949,-10.528852711352227,159.69400945956454,1.8505659652941311,-0.54616058756752761
-11.170664558584052,-10.480619462217502,159.74400758400398,1.824059437732336,-0.51410420394533862
-11.182581896988895,-10.432063717790268,159.79400570844342,1.799158334574418,-0.48199392999342577
-11.193325740675679,-10.383234739003003,159.84400383288286,1.7758579890791626,-0.45011337446907307
-11.202968004952366,-10.334176192988011,159.8940019573223,1.7541411488341261,-0.41868311404591141
-11.211581167982891,-10.284926409223809,159.94400008176174,1.7339809991828552,-0.38786612140179594
-11.219237560120741,-10.235518720072371,159.99399820620118,1.7153438779758692,-0.35777452197889437
-11.226008817769632,-10.185981852707062,160.0439963306406,1.6981916375153245,-0.32847682927437777
-11.231965484344231,-10.136340346201024,160.09399445508004,1.6824836458744863,-0.30000505334329813
-11.237176738896805,-10.086614973992143,160.14399257951948,1.6681784444967636,-0.27236129234802336
-11.241710232866485,-10.036823157617807,160.19399070395892,1.6552350940001137,-0.24552358870252755
-11.24563201653752,-9.9869793623626286,160.24398882839836,1.64361424769216,-0.21945095792543859
-11.249006538641821,-9.9370954692408358,160.2939869528378,1.6332789945818362,-0.19408758471601451
-11.251896704720155,-9.8871811206430724,160.34398507727724,1.6241955124793854,-0.16936623484873431
-11.254363982101232,-9.8372440391300771,160.39398320171668,1.6163335685125837,-0.1452109614703575
-11.256468541498354,-9.7872903204016026,160.44398132615612,1.6096669000707764,-0.12153919762654616
-11.258269427162285,-9.737324702545159,160.49397945059556,1.6041735045016658,-0.098263329291841464
-11.259824749218636,-9.6873508143929907,160.543977575035,1.5998358612496781,-0.075291839328285856
-11.261191893242989,-9.6373714062933384,160.59397569947441,1.5966411057689045,-0.052530105892962371
-11.262427743290734,-9.587388566897399,160.64397382391385,1.5945811705605133,-0.029880931078672221
-11.263588915510944,-9.5374039298332551,160.69397194835329,1.5936529050796564,-0.0072448685435932995
-11.264724344789363,-9.487418699703337,160.74397007279273,1.5933681692115131,-0.0054362676064132779
-11.265846186141701,-9.4374331627425043,160.79396819723218,1.5931072038374818,-0.0050023738750393371
-11.266955526064429,-9.3874473467491928,160.84396632167162,1.5928679868441922,-0.0045663047382819765
-11.268053454310266,-9.3374612787774112,160.89396444611106,1.5926506262443947,-0.0041280904188651154
-11.269141066010203,-9.28747498525121,160.9439625705505,1.5924552285271043,-0.0036877616466213141
-11.27021946159471,-9.237488492039617,160.99396069498994,1.5922818986321456,-0.0032453496638483199
-11.271289746714627,-9.1875018244901483,161.04395881942938,1.592130739924285,-0.0028008862304039605
-11.272353032158982,-9.1375150075474778,161.09395694386882,1.5920018541673813,-0.0023544036296549603
-11.273410433773495,-9.0875280657834541,161.14395506830823,1.5918953414979475,-0.0019059346737343519
-11.274463072376577,-9.0375410234829125,161.19395319274767,1.5918113003986194,-0.0014555127093797741
-11.275512073674411,-8.9875539047126498,161.24395131718711,1.5917498276712732,-0.0010031716237025525
-11.276558568174659,-8.9375667333942879,161.29394944162655,1.591711018409862,-0.00054894585006336053
-11.277603691098763,-8.8875795333778935,161.34394756606599,1.5916949659729562,-9.2870374018664317e-05
-11.278648582292922,-8.8375923285166689,161.39394569050543,1.5917017619559848,0.0003650192606676324
-11.279694386137601,-8.7876051427427502,161.44394381494487,1.5917314961631734,0.00082468694595609821
-11.280742251455651,-8.7376180001443089,161.49394193938431,1.5917842565791809,0.0012860960034147566
-11.281793331418969,-8.6876309250431323,161.54394006382375,1.5918601293404246,0.0017492091780711065
-11.282848783453657,-8.6376439420734297,161.59393818826319,1.5919591987061028,0.0022139886322358523
-11.283909769143715,-8.5876570762614488,161.64393631270261,1.5920815470289034,0.002680395939314315
-11.28497745413317,-8.5376703531061526,161.69393443714205,1.5922272547254057,0.0031483920776133665
-11.286053008026684,-8.4876837986607345,161.74393256158149,1.5923964002461712,0.0036179374241586139
-11.287137604288551,-8.4376974396147428,161.79393068602093,1.5925890600455281,0.0040889917485362106
-11.288232420140144,-8.3877113033771238,161.84392881046037,1.5928053085510454,0.004561514206769284
-11.28933863645568,-8.3377254181600513,161.89392693489981,1.5930452181327055,0.0050354633352431462
-11.29045743765637,-8.287739813063606,161.94392505933925,1.5933088590717719,0.0055107970446932174
-11.291590011602864,-8.2377545181609761,161.99392318377869,1.5935962995293587,0.0059874726142722864
-11.292737549486025,-8.187769564584185,162.04392130821813,1.593907605514707,0.0064654466857127588
-11.293901245715958,-8.1377849846105796,162.09391943265757,1.594242840853173,0.0069446752575958309
-11.295082297809273,-8.0878008117502365,162.14391755709701,1.5946020671539272,0.0074251136797427618
-11.296281906274611,-8.0378170808332143,162.19391568153642,1.5949853437773827,0.0079067166477540078
-11.297501274496314,-7.9878338280976822,162.24391380597586,1.5953927278023525,0.0083894381977031481
-11.298741608616339,-7.9378510912785423,162.29391193041531,1.5958242739929447,0.0088732317010064114
-11.300004117414256,-7.8878689096962482,162.34391005485475,1.5962800347652066,0.0093580498594879533
-11.301290012185413,-7.8378873243462488,162.39390817929419,1.5967600601535268,0.0098438447006545787
-11.302600506617191,-7.7879063779885174,162.44390630373363,1.5972643977768073,0.010330567573203508
-11.303936816663381,-7.7379261152372179,162.49390442817307,1.5977930928044191,0.010818169142781393
-11.305300160416555,-7.6879465826509028,162.54390255261251,1.5983461879219494,0.011306599388009434
-11.306691757978538,-7.6379678288228536,162.59390067705195,1.5989237232967557,0.01179580759679803
-11.30811283132887,-7.5879899044712928,162.64389880149139,1.5995257365433488,0.012285742362973154
-11.309564604191298,-7.538012862529599,162.69389692593083,1.6001522626886131,0.01277635158323313
-11.311048301898213,-7.4880367582369916,162.74389505037024,1.6008033341368799,0.013267582454451641
-11.31256515125312,-7.438061649228592,162.79389317480968,1.6014789806348804,0.01375938147135812
-11.314116380390965,-7.3880875956260015,162.84389129924912,1.6021792292365862,0.014251694424604885
-11.315703218636504,-7.3381146601270526,162.89388942368856,1.6029041042679713,0.0147444663992558
-11.317326896360509,-7.288142908095784,162.943887548128,1.6036536272917026,0.015237641773706538
-11.318988644833958,-7.2381724076518568,162.99388567256744,1.6044278170717934,0.015731164219066007
-11.320689696080054,-7.1882032297601768,163.04388379700688,1.605226689538229,0.016224976699012707
-11.322431282724194,-7.1382354483192918,163.09388192144633,1.6060502577516089,0.016719021470161383
-11.32421463784179,-7.0882691402499312,163.14388004588577,1.6068985318678133,0.017213240082948437
-11.326040994803982,-7.038304385582772,163.19387817032521,1.6077715191027295,0.017707573383066486
-11.32791158712109,-6.9883412675488827,163.24387629476465,1.6086692236970066,0.018201961513435533
-11.329827648284763,-6.9383798726479409,163.29387441920406,1.6095916468813167,0.018696343916978671
-11.331790411605594,-6.8884202907786971,163.3438725436435,1.6105387868406087,0.019190659339387923
-11.333801110052413,-6.8384626152687478,163.39387066808294,1.6115106386803724,0.019684845833513501
-11.335860976086028,-6.7885069429936058,163.44386879252238,1.612507194391456,0.020178840763517992
-11.337971241492609,-6.7385533744482942,163.49386691696182,1.6135284428159831,0.02067258081016914
-11.340129673118756,-6.6886018632263191,163.54386504140126,1.6143647519102318,0.012716567079092755
-11.34231986145719,-6.6386517332670989,163.5938631658407,1.6147998569880877,0.0046873478500250266
-11.344521755932689,-6.5887021175790066,163.64386129028014,1.6148334641097899,-0.0033421729066604026
-11.346715305823372,-6.5387521350201929,163.69385941471958,1.6144658250129482,-0.011361327165091618
-11.348880485854245,-6.4888009156213737,163.74385753915902,1.6136977242660047,-0.01935946521237018
-11.350997321770416,-6.4388476257520431,163.79385566359844,1.6125304789019068,-0.027325933835849126
-11.353045915998708,-6.3888914930087912,163.84385378803788,1.6109659391110736,-0.035250055911405676
-11.355006473501867,-6.3389318306666649,163.89385191247732,1.6090064899013066,-0.043121112281686406
-11.35685932792112,-6.2889680615380392,163.94385003691676,1.6066550535886222,-0.050928326778436263
-11.358584968091764,-6.238999741084517,163.9938481613562,1.6039150929413928,-0.058660855197210329
-11.360164065002506,-6.1890265796263328,164.04384628579564,1.6007906147611441,-0.066307778975230672
-11.361577499252585,-6.1390484634944134,164.09384441023508,1.5972861736475388,-0.073858104252619947
-11.362806389041577,-6.08906547497077,164.14384253467452,1.5934068756631241,-0.081300766913254885
-11.363832118705377,-6.0390779108633126,164.19384065911396,1.5891583815859234,-0.088624644103489872
-11.364636367788529,-5.9890862995650993,164.2438387835534,1.5845469094159073,-0.095818572614107742
-11.365201140618119,-5.9390914164507729,164.29383690799284,1.5795792357851619,-0.10287137438389644
-11.36550879631841,-5.8890942974687102,164.34383503243225,1.5742626959121526,-0.10977188924214393
-11.36554207917869,-5.8390962507941202,164.39383315687169,1.568605181738332,-0.11650901485369458
-11.365284149259535,-5.7890988664194651,164.44383128131113,1.5626151378914193,-0.12307175366539733
-11.364718613096546,-5.7391040235681476,164.49382940575057,1.5563015551337511,-0.12944926648049776
-11.363829554334609,-5.6891138958342875,164.54382753019001,1.5496739609774868,-0.13563093210998511
-11.362601564102146,-5.6391309539668164,164.59382565462946,1.542742407180248,-0.14160641237272767
-11.361019770912932,-5.5891579662357529,164.6438237790689,1.5355174538755199,-0.14736572154357933
-11.359069869864495,-5.5391979963417457,164.69382190350834,1.528010150141458,-0.15289929918621414
-11.356738150887077,-5.4892543988531273,164.74382002794778,1.5202320108684637,-0.1581980851616058
-11.354011525786028,-5.4393308121818107,164.79381815238722,1.5121949898496865,-0.16325359547925372
-11.350877553814074,-5.3894311491315179,164.84381627682666,1.5039114490868304,-0.16805799756321968
-11.347324465511074,-5.3395595851171205,164.89381440126607,1.4953941243828794,-0.17260418343940503
-11.343336865095287,-5.2897209000359267,164.94381252570551,1.4863692718731694,-0.18959570723797514
-11.338876878755444,-5.2399223020949082,164.99381065014495,1.4764221823244787,-0.20842315256884975
-11.333898038075089,-5.1901729422404275,165.04380877458439,1.4655140305434844,-0.22807322119328696
-11.328352022669849,-5.1404836618540877,165.09380689902383,1.4535986087122534,-0.24875001511573819
-11.322188215685381,-5.0908672851278638,165.14380502346327,1.4406193239822211,-0.27066553922055131
-11.315353253690674,-5.0413389672964053,165.19380314790271,1.4265087038595081,-0.29404360167442284
-11.307790570654165,-4.9919166102252541,165.24380127234215,1.4111877183951536,-0.3191232390840924
-11.299439934537533,-4.9426213592503405,165.29379939678159,1.3945649442826129,-0.34616159270636759
-11.29023697862614,-4.8934781975429136,165.34379752122103,1.3765356029001161,-0.37543602674610177
-11.280112734464119,-4.8445166567444451,165.39379564566045,1.3569805189800781,-0.40724510245412066
-11.268993179821788,-4.7957716651818325,165.44379377009989,1.3357650716619525,-0.44190778076106324
-11.256798824144523,-4.7472845566247877,165.49379189453933,1.3127382487577604,-0.47975989775761252
-11.243444366496014,-4.6991042633040312,165.54379001897877,1.2877319734267541,-0.52114651716610749
-11.228838478017169,-4.6512887145796382,165.59378814341821,1.2605609558088247,-0.56640819768553052
-11.212883783572037,-4.603906455756432,165.64378626785765,1.2310234369094648,-0.61585853338586649
-11.195477146243453,-4.5570384865697013,165.69378439229709,1.1989033421397786,-0.66974961006060096
-11.176510393488227,-4.510780291383373,165.74378251673653,1.1639745447843335,-0.72822147510937874
-11.155871662695814,-4.4652439872044223,165.79378064117597,1.1260081372509056,-0.79123177107716736
-11.133447580214742,-4.4205604445471067,165.84377876561541,1.0847837729403611,-0.85846309454973979
-11.109126508549993,-4.3768811344423959,165.89377689005485,1.0401061786634354,-0.92920956650824815
-11.082803079227952,-4.3343793229147618,165.94377501449426,0.99182768676509614,-1.0022519201321141
-11.054384141390488,-4.2932500853225317,165.9937731389337,0.9398768749551315,-1.0757430487513817
-11.023796061753211,-4.2537084851069116,166.04377126337315,0.88429190430093429,-1.1471423191511789
-10.990992984556126,-4.2159852242442382,166.09376938781259,0.82525483725133009,-1.2132516549666343
-10.955965217612372,-4.1803192238722451,166.14376751225203,0.763120438401375,-1.2704081988453477
-10.918746448719219,-4.1469470242317801,166.19376563669147,0.69843071816701074,-1.3148628358187275
-10.879418612833046,-4.1160890657931573,166.24376376113091,0.63207690343229295,-1.3150789967912493
-10.838160858795115,-4.0878618462091492,166.29376188557035,0.56879767324314334,-1.215271345718502
-10.795264354795778,-4.0621909134740362,166.34376001000979,0.51059902626104525,-1.1127304695094862
-10.751005542010979,-4.0389447830647258,166.39375813444923,0.45749826646465808,-1.0119703135656828
-10.705626327325934,-4.0179672725006439,166.44375625888867,0.40932534914491864,-0.91599383551294222
-10.659332966563404,-3.9990902364658436,166.49375438332808,0.36579336208062074,-0.82652309159773596
-10.612298052362746,-3.9821430062848537,166.54375250776752,0.326554663023987,-0.74431972098747112
-10.564664117070732,-3.966958773519754,166.59375063220696,0.29124104748011448,-0.66949142015091057
-10.516547813661239,-3.9533785001449244,166.6437487566464,0.25948998053119632,-0.60173915748800944
-10.468044049325632,-3.9412529994743735,166.69374688108584,0.23096017309098948,-0.54053671883040078
-10.419229748709808,-3.930443754008647,166.74374500552528,0.20533970614236799,-0.485251411682948
-10.370167117730421,-3.9208229120378224,166.79374312996472,0.1823493010857215,-0.43521990164040092
-10.320906390068323,-3.9122727826354393,166.84374125440416,0.16174263797552466,-0.3897924797630466
-10.271488094677679,-3.9046850477275408,166.89373937884361,0.14330502290910246,-0.34835634180477293
-10.221944905897741,-3.897959833861468,166.94373750328305,0.12685125124280361,-0.31034552871774157
-10.172303142846316,-3.8920047321639619,166.99373562772249,0.11222319471424734,-0.27524272502669872
-10.122583981022366,-3.8867338179090778,167.0437337521619,0.099287429053712961,-0.2425762805717486
-10.072804431342353,-3.8820666963540624,167.09373187660134,0.087933084447490276,-0.21191453762602666
-10.022978133671542,-3.8779275852890343,167.14373000104078,0.078070020324298287,-0.18285867827720001
-9.9731160038266093,-3.874244434091195,167.19372812548022,0.069627380534177025,-0.15503473006384239
-9.9232267663814824,-3.8709480719896932,167.24372624991966,0.062552563406193501,-0.12808498133067092
-9.8733174001440727,-3.8679713731967666,167.2937243743591,0.056810635725828715,-0.10165878638227943
-9.8233935190910788,-3.8652484225019235,167.34372249879854,0.052384226107616484,-0.075402529123948639
-9.7734597088007558,-3.8627136610461967,167.39372062323798,0.049273949652238282,-0.048948319605123192
-9.7235198370390545,-3.8603009876151555,167.44371874767742,0.047499442258459111,-0.021900783327975994
-9.6735773572345618,-3.85794278525483,167.49371687211686,0.04710112147151084,0.0061789705072492328
-9.6236356254122342,-3.8555688355858697,167.54371499655628,0.048142845392110035,0.035793496450020661
-9.5736982552821477,-3.8531050729322205,167.59371312099572,0.050715718870416641,0.067535125535153492
-9.5237695435382808,-3.8504721160151707,167.64371124543516,0.05494340800969446,0.10212072256156757
-9.4738552331018031,-3.8475797404319256,167.6937093698746,0.061222339324215662,0.14998457536928891
-9.423964141267124,-3.8443124263452861,167.74370749431404,0.069999594936187404,0.20168435884070987
-9.3741086958800395,-3.8405415229219795,167.79370561875348,0.081444425285872521,0.2566431150936509
-9.3243059441455696,-3.836130632835169,167.84370374319292,0.095711008175246248,0.31447881394037647
-9.2745789419091764,-3.8309367983564657,167.89370186763236,0.11292933583970731,0.37459866633358868
-9.224958205166665,-3.824812309506743,167.9436999920718,0.13319360732251126,0.43615729452262164
-9.1754831006637634,-3.8176072544580677,167.99369811651124,0.15654875904412316,0.4980258746495968
-9.1262029988887328,-3.8091728913117597,168.04369624095068,0.18297597774916863,0.55878457595014197
-9.077177964423198,-3.7993658384242903,168.09369436539009,0.21237871395411492,0.61675251057623626
-9.0284787334261658,-3.7880529531276399,168.14369248982953,0.24457140018600679,0.67006762311652079
-8.9801857484709782,-3.7751166055683099,168.19369061426897,0.27927353885303874,0.71682144723797669
-8.9323871064356499,-3.7604598852067488,168.24368873870841,0.31611175222183441,0.75523999613888981
-8.8851754300569183,-3.7440111516830608,168.29368686314785,0.35463152804842435,0.78388504554964278
-8.8386399223165704,-3.7257370006865091,168.3436849875873,0.3933507216859079,0.74266648130633894
-8.792814044225322,-3.7057484627375379,168.39368311202674,0.42866023089161637,0.67060232817583509
-8.7476840061728591,-3.6842337923376607,168.44368123646618,0.4604930909076817,0.6036068294931296
-8.7032238320214521,-3.6613660229039566,168.49367936090562,0.48910209936978927,0.54161171011006615
-8.6593993110881478,-3.6373017964365166,168.54367748534506,0.5147310360409949,0.48434112082247927
-8.6161705377575863,-3.6121825487600674,168.5936756097845,0.53760652139776643,0.43139621307602366
-8.5734937980579726,-3.5861360083247562,168.64367373422391,0.55793341403269892,0.38231307586405622
-8.5313229202776419,-3.5592778191111081,168.69367185866335,0.57589256215048712,0.33659994735623827
-8.4896101995899702,-3.5317131729122901,168.74366998310279,0.59164001366520724,0.29375918260642492
-8.448306990637052,-3.5035383887484288,168.79366810754223,0.60530703797275687,0.2532983909656138
-8.4073640436835273,-3.4748424125251507,168.84366623198167,0.61700050390077332,0.21473399761450498
-8.3667316425676379,-3.4457082332693414,168.89366435642111,0.62680329466878293,0.17758945886347816
-8.3263595875781782,-3.4162142274821234,168.94366248086055,0.63477453056515931,0.14138952858874901
-8.28619705386593,-3.3864354535035046,168.99366060529999,0.64094942281579703,0.10565131465612979
-8.2461976367480467,-3.3564378883491224,169.04365872973943,0.64593505839196663,0.096823178479684191
-8.2063438898896415,-3.3262470503332811,169.09365685417887,0.650638305523491,0.091284836854530052
-8.1666283250720682,-3.2958746568722086,169.14365497861829,0.65506037588567634,0.085577078237221355
-8.1270430530042148,-3.2653326346001847,169.19365310305773,0.65919301162708344,0.079708485464078868
-8.0875797900034456,-3.2346331190356041,169.24365122749717,0.6630283950308673,0.073688076057299448
-8.0482298777674224,-3.2037884394779619,169.29364935193661,0.66655916940342541,0.067525268600917662
-8.0089843048954013,-3.1728111042479377,169.34364747637605,0.66977845831040628,0.06122985031520143
-7.9698337300569886,-3.1417137863067239,169.39364560081549,0.67267988322838856,0.054811946155035256
-7.930768506699768,-3.1105093092740983,169.44364372525493,0.67525757969480216,0.04828198967056864
-7.8917787091837495,-3.0792106338495184,169.49364184969437,0.67750621204825345,0.041650695777420713
-7.8528541602272011,-3.047830844625012,169.54363997413381,0.67942098685649266,0.034929035491066324
-7.8139844595471804,-3.0163831372648828,169.59363809857325,0.68099766512963533,0.028128212588449174
-7.775159013574477,-2.9848808060120242,169.64363622301269,0.68223257341227117,0.02125964207092532
-7.7363670661229982,-2.9533372314694297,169.6936343474521,0.68312261383959172,0.014334930219540434
-7.6975977298913811,-2.9217658685934547,169.74363247189154,0.68366527323033688,0.0073658559573053523
-7.6588400186743062,-2.890180234826575,169.79363059633098,0.68385863127333779,0.00036435316614072887
-7.6200828801580007,-2.8585938982882078,169.84362872077043,0.68370136784539537,-0.0066575064507182098
-7.5813152291746473,-2.8270204659378613,169.89362684520987,0.68319276947657148,-0.01368753041427251
-7.5425259812858307,-2.7954735716190537,169.94362496964931,0.68233273495547764,-0.0207134229084826
-7.5037040865644409,-2.7639668638921782,169.99362309408875,0.681121780042383,-0.0277228031141558
-7.464838563440285,-2.7325139935642406,170.04362121852819,0.67956104123277283,-0.034703224942232005
-7.4259185324705896,-2.701128600825669,170.09361934296763,0.67765227848901755,-0.041642198657212713
-7.3869332498930298,-2.6698243019098897,170.14361746740707,0.67539787683397556,-0.048527214851829086
-7.34787214081397,-2.6386146751980748,170.19361559184651,0.67280084667833806,-0.055345771188600325
-7.3087248318784832,-2.6075132466996576,170.24361371628592,0.66986482273408476,-0.062085402262891436
-7.2694811832816164,-2.5765334748644566,170.29361184072536,0.66659406135194643,-0.068733712862753177
-7.2301313199138919,-2.5456887346463852,170.3436099651648,0.66299343610413597,-0.075278414821061068
-7.1906656618273113,-2.5149923004961421,170.39360808960424,0.65906887120339175,-0.081420023219480331
-7.1510763669905097,-2.4844554922532569,170.44360621404368,0.65495592859569329,-0.083107565652439458
-7.1113605253203485,-2.4540834541745031,170.49360433848312,0.6507580437466286,-0.084818066798578437
-7.0715162392673854,-2.4238801183785603,170.54360246292256,0.64647403489478761,-0.086552879532898683
-7.0315416203741972,-2.3938494954899463,170.593600587362,0.64210265290885316,-0.08831334624394864
-6.9914347892831517,-2.3639956782565159,170.64359871180145,0.63764258175653254,-0.090100801031714348
-6.9511938758701683,-2.3343228451898321,170.69359683624089,0.63309243886960864,-0.091916571631325578
-6.910817019516533,-2.3048352642399825,170.74359496068033,0.6284507754196198,-0.093761981071600456
-6.8703023695206547,-2.2755372965074114,170.79359308511974,0.62371607651711547,-0.095638349074872425
-6.829648085652928,-2.2464333999943018,170.84359120955918,0.61888676134726517,-0.097546993201649113
-6.7888523388592033,-2.2175281333986248,170.89358933399862,0.61396118325466631,-0.099489229740850296
-6.7479133121166832,-2.188826159951696,170.94358745843806,0.60893762978996402,-0.10146637434385528
-6.7068292014492243,-2.1603322513011745,170.9935855828775,0.60381432273132585,-0.10347974239794303
-6.6655982171075001,-2.1320512914392622,171.04358370731694,0.59858941809385169,-0.10553064913232148
-6.6242185849195865,-2.103988280674792,171.09358183175638,0.59326100614030086,-0.10762040944753937
-6.582688547834576,-2.0761483396581304,171.14357995619582,0.58782711140917898,-0.109750337455814
-6.5410063676192447,-2.0485367134244412,171.19357808063526,0.5822856927686566,-0.11192174572061817
-6.4991703268072429,-2.0211587755133005,171.2435762050747,0.5766346435236146,-0.11413594417437076
-6.4571787308068238,-1.9940200320911889,171.29357432951412,0.57087179157869927,-0.11639423870057458
-6.4150299102502313,-1.9671261261209552,171.34357245395356,0.56499489968429206,-0.11869792935528979
-6.3727222235678456,-1.9404828415534625,171.393570578393,0.55900166578030086,-0.12104830820552859
-6.3302540598028445,-1.9140961075369924,171.44356870283244,0.55288972345810206,-0.12344665675808378
-6.2876238416794328,-1.887972002636314,171.49356682727188,0.54665664256189883,-0.12589424295002563
-6.2448300289370149,-1.8621167590510923,171.54356495171132,0.54029992995209675,-0.12839231766974984
-6.2018711219448095,-1.8365367668226016,171.59356307615076,0.53381703045511186,-0.13094211077500265
-6.1587456656101853,-1.8112385780149416,171.6435612005902,0.52720532802552666,-0.13354482657209213
-6.1154522535961071,-1.7862289108560006,171.69355932502964,0.52046214714857808,-0.13620163871821453
-6.0719895328621538,-1.7615146538205853,171.74355744946908,0.51358475451271524,-0.13891368450684813
-6.0283562085454623,-1.7371028696367812,171.79355557390852,0.50657036098424946,-0.14168205849423801
-5.984551711707268,-1.7129995895622563,171.84355369834793,0.49950760875269951,-0.14045572697310546
-5.9405790326860544,-1.6892045103302264,171.89355182278737,0.4925268881507473,-0.13877775365780096
-5.8964423094924028,-1.6657151040645872,171.94354994722681,0.48563092210023695,-0.1370656904842073
-5.8521456513760732,-1.6425287100484292,171.99354807166625,0.47882137415886372,-0.13532117142921793
-5.8076931344358744,-1.6196425401303378,172.04354619610569,0.47209982636781961,-0.13354582252618499
-5.7630887981790995,-1.5970536828786788,172.09354432054513,0.4654677797628014,-0.13174125735254236
-5.7183366422903532,-1.5747591078059098,172.14354244498458,0.45892665510436909,-0.12990907276850985
-5.673440623619741,-1.552755669650189,172.19354056942402,0.4524777938159954,-0.12805084491792285
-5.628404653343182,-1.5310401126747404,172.24353869386346,0.44612245910964105,-0.12616812549723225
-5.5832325944150831,-1.5096090750282847,172.2935368183029,0.43986183730247913,-0.12426243830317868
-5.5379282591513395,-1.4884590930728518,172.34353494274234,0.43369703928780201,-0.1223352760555686
-5.4924954070609022,-1.4675866057239122,172.39353306718175,0.4276291021634897,-0.12038809750095614
-5.4469377428758348,-1.4469879587661578,172.44353119162119,0.42165899099726928,-0.11842232479402416
-5.4012589147832992,-1.426659409135794,172.49352931606063,0.41578760071594817,-0.11643934115376695
-5.3554625128558566,-1.4065971291578732,172.54352744050007,0.41001575810508523,-0.1144404887895915
-5.3095520676754377,-1.3867972107277691,172.59352556493951,0.40434422390576574,-0.1124270670908749
-5.2635310491447589,-1.3672556694263109,172.64352368937895,0.3987736949953849,-0.1104003310721168
-5.2174028654819198,-1.3479684485599734,172.69352181381839,0.39330480664006134,-0.10836149006474755
-5.1711708623826587,-1.3289314231138347,172.74351993825783,0.38793813480549966,-0.10631170664518021
-5.1248383223940213,-1.3101404036303081,172.79351806269727,0.38267419852052487,-0.10425209579051611
-5.0784084643682945,-1.2915911399557611,172.84351618713671,0.37751346226788285,-0.102183724244913
-5.0318844431563665,-1.2732793249174201,172.89351431157615,0.37245633841115966,-0.10010761009201422
-4.9852693494092319,-1.2552005978740552,172.94351243601557,0.36750318963352108,-0.098024722515619153
-4.9385662095296103,-1.2373505481563141,172.99351056045501,0.3626543313848265,-0.095935981738246565
-4.8917779857595054,-1.2197247183900033,173.04350868489445,0.3579100343277109,-0.093842259124672325
-4.8449075763952543,-1.2023186076987418,173.09350680933389,0.35327052677456305,-0.091744377437804517
-4.7979578161240566,-1.185127674783975,173.14350493377333,0.34873599710820186,-0.089643111234493991
-4.7509314764745154,-1.168147340880348,173.19350305821277,0.34430659617951437,-0.087539187389030118
-4.7038312663741815,-1.1513729925851601,173.24350118265221,0.33998243967595576,-0.085433285732385247
-4.656659832807744,-1.134799984561327,173.29349930709165,0.33576361045545461,-0.083326039795656892
-4.6094197615691304,-1.1184236421135827,173.34349743153109,0.3316501608407762,-0.081218037646556288
-4.5621135781013393,-1.1022392636382317,173.39349555597053,0.32764211486997757,-0.079109822808274513
-4.5147437484170743,-1.0862421229468737,173.44349368040994,0.32373947049903073,-0.077001895250521118
-4.4673126800950973,-1.0704274714654547,173.49349180484938,0.31994220175332072,-0.074894712443134365
-4.4198227233462504,-1.054790540309948,173.54348992928882,0.31625026082509605,-0.072788690463168298
-4.3722761721434553,-1.03932654224032,173.59348805372827,0.31266358011439238,-0.07068420514692722
-4.3246752654108667,-1.0240306734949367,173.64348617816771,0.30918207421141974,-0.068581593279030142
-4.2770221882667521,-1.0088981155075354,173.69348430260715,0.30580564181870856,-0.066481153811117397
-4.2293190733154846,-0.9939240365092995,173.74348242704659,0.30253416761172197,-0.064383149103418261
-4.1815680019846253,-0.97910359301887528,173.79348055148603,0.29936752403697314,-0.062287806182970973
-4.1337710059023731,-0.96443193122303439,173.84347867592547,0.29630557304692434,-0.060195318012801757
-4.0859300683115709,-0.94990418825105538,173.89347680036491,0.29334816777126194,-0.058105844766938218
-4.038047125516564,-0.93551549334596795,173.94347492480435,0.29049515412437044,-0.056019515106645483
-3.9901240683597008,-0.92126096893599085,173.99347304924376,0.28774637234906475,-0.053936427453787926
-3.9421627437239475,-0.90713573160940753,174.0434711736832,0.2851016584967947,-0.051856651257677605
-3.8941649560591136,-0.89313489299643223,174.09346929812264,0.28256084584475633,-0.049780228252262672
-3.846132468928253,-0.87925356056132642,174.14346742256208,0.28012376625042018,-0.04770717370089643
-3.7980670065723765,-0.86548683830847473,174.19346554700152,0.27779025144419656,-0.045637477626401059
-3.7499702554910255,-0.85182982740590185,174.24346367144096,0.27556013426100862,-0.043571106024492816
-3.7018438660366932,-0.83827762672981199,174.2934617958804,0.27343324981164946,-0.04150800205901467
-3.653689454020987,-0.82482533333364594,174.34345992031984,0.27140943659485278,-0.039448087237751811
-3.6055086023310139,-0.81146804284527285,174.39345804475929,0.26948853755107954,-0.037391262567945227
-3.5573028625545322,-0.79820084979588102,174.44345616919873,0.26767040105905415,-0.03533740969091112
-3.5090737566126893,-0.78501884788414666,174.49345429363817,0.2659548818761055,-0.033286391995455876
-3.4608227783989638,-0.77191713017914676,174.54345241807758,0.26434184202336869,-0.031238055710019266
-3.4125513950814832,-0.75889079053474229,174.59345054251702,0.26283045915684511,-0.029435422261743446
-3.3642607323227098,-0.74593610469595995,174.64344866695646,0.26135647953070174,-0.029526035929103734
-3.3159509978894315,-0.73305272194675486,174.6934467913959,0.25987796017202514,-0.029617018468614035
-3.2676222387826575,-0.72024089020935189,174.74344491583534,0.25839488262397792,-0.029708370434476186
-3.2192745027863521,-0.70750085840174171,174.79344304027478,0.25690722840242658,-0.029800092364432526
-3.1709078384756419,-0.69483287643813152,174.84344116471422,0.25541497899676491,-0.029892184779370935
-3.1225222952256426,-0.68223719522946902,174.89343928915366,0.25391811587077395,-0.029984648182923315
-3.0741179232201459,-0.66971406668383937,174.9434374135931,0.25241662046349655,-0.030077483061058938
-3.0256947734603394,-0.65726374370677743,174.99343553803254,0.25091047419013074,-0.030170689881672336
-2.9772528977733006,-0.64488648020143235,175.04343366247195,0.24939965844293485,-0.030264269094166067
-2.9287923488211187,-0.63258253106879858,175.0934317869114,0.24788415459217131,-0.030358221129026912
-2.8803131801096975,-0.62035215220776851,175.14342991135084,0.24636394398706013,-0.030452546397397039
-2.8318154459978704,-0.60819560051516697,175.19342803579028,0.24483900795676089,-0.030547245290639034
-2.7832992017063169,-0.59611313388563791,175.24342616022972,0.24330932781136883,-0.030642318179895604
-2.7347645033265642,-0.58410501121145164,175.29342428466916,0.24177488484293422,-0.030737765415643648
-2.6862114078302888,-0.57217149238228682,175.3434224091086,0.24023566032651011,-0.030833587327241809
-2.6376399730786595,-0.5603128382849154,175.39342053354804,0.23869163552122363,-0.030929784222472455
-2.5890502578315151,-0.54852931080274536,175.44341865798748,0.23714279167136229,-0.031026356387078083
-2.5404423217566041,-0.53682117281527097,175.49341678242692,0.23558911000748337,-0.031123304084291807
-2.4918162254391936,-0.52518868819750342,175.54341490686636,0.23403057174755693,-0.031220627554361436
-2.4431720303916662,-0.51363212181929108,175.59341303130577,0.23246715809813037,-0.031318327014067518
-2.3945097990627131,-0.50215173954442804,175.64341115574521,0.2308988502555018,-0.031416402656236603
-2.3458295948474479,-0.49074780822987191,175.69340928018465,0.22932562940694562,-0.031514854649246332
-2.297131482096626,-0.47942059572463314,175.74340740462409,0.22774747673193255,-0.031613683136526967
-2.2484155261266769,-0.46817037086874008,175.79340552906353,0.22616437340339793,-0.031712888236054754
-2.1996817932294959,-0.45699740349202822,175.84340365350297,0.22457630058902631,-0.031812470039840217
-2.1509303506824105,-0.44590196441285052,175.89340177794242,0.22298323945256551,-0.031912428613409947
-2.1021612667578542,-0.43488432543659739,175.94339990238186,0.22138517115515433,-0.032012763995282925
-2.053374610733516,-0.42394475935420556,175.9933980268213,0.21978207685669091,-0.032113476196439963
-2.0045704529026671,-0.41308353994057662,176.04339615126074,0.2181739377172309,-0.032214565199786695
-1.95574886458394,-0.40230094195274779,176.09339427570018,0.21656073489839286,-0.032316030959611608
-1.9069099181317264,-0.39159724112807198,176.14339240013959,0.21494244956480954,-0.032417873401036801
-1.8580536869463407,-0.38097271418221434,176.19339052457903,0.2133190628855956,-0.032520092419463013
-1.8091802454844472,-0.37042763880707497,176.24338864901847,0.21169055603585196,-0.032622687880008272
-1.7602896692694183,-0.35996229366856008,176.29338677345791,0.21005691019819223,-0.03272565961694035
-1.7113820349018345,-0.34957695840424929,176.34338489789735,0.20841810656430124,-0.032829007433102998
-1.6624574200698341,-0.33927191362089132,176.39338302233679,0.20677412633651523,-0.032932731099336303
-1.6135159035598463,-0.32904744089184174,176.44338114677623,0.20512495072944187,-0.033036830353890247
-1.5645575652671868,-0.31890382275432827,176.49337927121567,0.20347056097160304,-0.03314130490183239
-1.5155824862068068,-0.30884134270660546,176.54337739565511,0.20181093830711086,-0.033246154414449267
-1.466590748523904,-0.29886028520493269,176.59337552009455,0.20014606399736681,-0.033351378528641881
-1.4175824355047437,-0.28896093566044961,176.64337364453399,0.19847591932279646,-0.033456976846314865
-1.3685576315878301,-0.27914358043597165,176.69337176897341,0.19680048558462476,-0.0335629489337586
-1.3195164223743738,-0.26940850684249018,176.74336989341285,0.19511974410665658,-0.033669294321027221
-1.2704588946396866,-0.25975600313570629,176.79336801785229,0.19343367623711857,-0.033776012501308253
-1.2213851363439421,-0.25018635851228083,176.84336614229173,0.19174226335050773,-0.033883102930287859
-1.172295236643349,-0.24069986310600855,176.89336426673117,0.19004548684948613,-0.033990565025509255
-1.123189285901447,-0.23129680798385532,176.94336239117061,0.18834332816680815,-0.034098398165724846
-1.0740673757002015,-0.22197748514179319,176.99336051561005,0.18663576876727317,-0.03420660169024306
-1.0249295988510982,-0.2127421875004725,177.04335864004949,0.18492279014970792,-0.034315174898269178
-0.97577604940675289,-0.20359120890082449,177.09335676448893,0.18320437384899893,-0.0344241170482395
-0.92660682267204042,-0.19452484409940432,177.14335488892837,0.18148050143813921,-0.03453342735715053
-0.87742201521579577,-0.18554338876366994,177.19335301336778,0.17975115453032728,-0.034643104999881442
-0.82822172488185419,-0.1766471394669657,177.24335113780722,0.17801631478107527,-0.034753149108512287
-0.77900605080094154,-0.16783639368348716,177.29334926224666,0.17627596389037906,-0.034863558771634606
-0.72977509340189917,-0.15911144978294708,177.3433473866861,0.17453008360489822,-0.034974333033658316
-0.68052895447505379,-0.15047260673131208,177.39334551112555,0.17277876004912945,-0.035061147832707092
-0.63126775314905148,-0.14192007191531145,177.44334363556499,0.17102653063082154,-0.035030646363318561
-0.58199164790067437,-0.1334538295065705,177.49334176000443,0.16927582798258847,-0.035000074955712612
-0.53270080269967079,-0.12507383013499496,177.54333988444387,0.167526655568701,-0.034969434909570767
-0.48339538119413739,-0.11678002392962945,177.59333800888331,0.16577901678854404,-0.034938727521047389
-0.43407554670810783,-0.10857236052296015,177.64333613332275,0.16403291497678194,-0.034907954082706298
-0.38474146223965522,-0.10045078905529911,177.69333425776219,0.16228835340354458,-0.034877115883459542
-0.33539329045887484,-0.092415258179141396,177.7433323822016,0.16054533527461043,-0.034846214208506338
-0.28603119370595387,-0.084465716063530233,177.79333050664104,0.15880386373159483,-0.034815250339273469
-0.23665533398925626,-0.076602110398416925,177.84332863108048,0.1570639418521402,-0.034784225553356661
-0.18726587298349776,-0.068824388399028227,177.89332675551992,0.15532557265011171,-0.034753141124462719
-0.13786297202769807,-0.061132496810190722,177.94332487995936,0.15358875907578573,-0.034721998322352808
-0.088446792123400855,-0.053526381910690979,177.9933230043988,0.15185350401605058,-0.034690798412786793
