x,y
-0.039017493933181054,-0.046005989517670667
0.010424762221463751,-0.038571264990918515
0.059879816361715646,-0.031222153237232302
0.10934750885301077,-0.023958598714775466
0.15882768040677306,-0.016780545437400127
0.20832017208211712,-0.0096879369789670648
0.2578248252871867,-0.0026807164777079076
0.30734148178102583,0.0042411733594983547
0.35686998367471334,0.011077790252754361
0.40641017343318986,0.01782919234488128
0.45596189387646396,0.024495438197078927
0.50552498818115632,0.031076586784643895
0.55509929988181739,0.037572697492667194
0.60468467287224992,0.043983830111744122
0.65428095140693487,0.050310044833708781
0.70388798010219145,0.056551402247345152
0.75350560393747856,0.062707963334128744
0.80313366825654486,0.068779789463960697
0.85277201876882502,0.074766942390944197
0.90242050155030429,0.080669484249108026
0.95207896304479067,0.08648747754819254
1.0017472500650091,0.092220985169426437
1.051425209793668,0.097870070361312955
1.1011126897843482,0.10343479673540899
1.1508095379627037,0.10891522826215277
1.2005156026272825,0.11431142926666188
1.2502307324505002,0.11962346442456193
1.2999547764795163,0.12485139875781873
1.3496875841372566,0.12999529763059869
1.3994290052229716,0.13505522674509554
1.4491788899133045,0.14003125213742409
1.4989370887629831,0.14492344017348857
1.5487034527055255,0.14973185754486831
1.5984778330540612,0.15445657126472837
1.6482600815019544,0.15909764866372622
1.698050050123491,0.16365515738593936
1.7478475913744822,0.16812916538480002
1.7976525580929645,0.17251974091905395
1.8474648034996899,0.17682695254871542
1.8972841811987244,0.1810508691310472
1.9471105451780113,0.185191559816553
1.9969437498097009,0.18924909404496598
2.0467836498507506,0.19322354154127594
2.0966301004434817,0.19711497231176767
2.1464829571157558,0.20092345664004516
2.1963420757814305,0.20464906508309511
2.24620731274084,0.2082918684673675
2.2960785246810067,0.21185193788485188
2.3459555686760392,0.21532934468918435
2.3958383021872343,0.21872416049175072
2.4457265830636468,0.22203645715783724
2.4956202695419676,0.22526630680275186
2.5455192202470069,0.22841378178800295
2.5954232941916837,0.23147895471746185
2.6453323507773026,0.23446189843356163
2.6952462497936396,0.23736268601350016
2.7451648514189917,0.24018139076545897
2.7950880162203537,0.24291808622484665
2.8450156051534217,0.245572846150549
2.8949474795626502,0.24814574452120031
2.9448835011811405,0.25063685553146298
2.9948235321308734,0.25304625358834254
3.0447674349224392,0.25537401330749382
3.0947150724550547,0.25762020950956088
3.1446663080164927,0.2597849172165288
3.1946210052829129,0.26186821164808988
3.2445790283188618,0.26387016821803444
3.2945402415769802,0.26579086253064677
3.3445045098978965,0.267630370377128
3.3944716985099936,0.26938876773203047
3.4444416730291914,0.27106613074971231
3.4944142994588829,0.27266253576081362
3.544389444189243,0.27417805926873096
3.5943669739974542,0.27561277794614003
3.6443467560469873,0.27696676863150577
3.6943286578875854,0.27824010832563306
3.7443125474547148,0.27943287418821916
3.7942982930692692,0.28054514353443283
3.8442857634371568,0.28157699383150814
3.8942748276489718,0.28252850269535884
3.9442653551795011,0.2833997478872064
3.9942572158872531,0.28419080731022922
4.0442502800140794,0.28490175900623005
4.0942444181846334,0.28553268115231961
4.1442395014058517,0.2860836520576201
4.1942354010664911,0.28655475015998666
4.2442319889365194,0.28694605402274642
4.294229137166611,0.28725764233145645
4.3442267182875787,0.28748959389068124
4.3942246052097147,0.28764198762078591
4.4442226712222244,0.28771490255475041
4.4942207899925295,0.28770841783500134
4.5442188355659017,0.2876226127102619
4.5942166823643191,0.28745756653242116
4.6442142051861524,0.28721335875342202
4.6942112792053834,0.28689006892216606
4.7442077799708473,0.28648777668143999
4.7942035834054835,0.28600656176485884
4.8441985658057201,0.28544650399382671
4.8941926037598877,0.2848076772617093
4.9441855708577114,0.28408992647630726
4.9941773352869321,0.28329280136532209
5.0441677627388923,0.28241583154689381
5.0941567166271629,0.28145854595363851
5.1441440580684414,0.28042047283973848
5.1941296458636543,0.27930113978848103
5.244113336478871,0.27810007372025913
5.2940949840261853,0.27681680090103683
5.3440744402445555,0.27545084695128519
5.3940515544805701,0.27400173685539214
5.4440261736692026,0.27246899497155574
5.4939981423145099,0.27085214504216248
5.5439673024702891,0.26915071020465858
5.5939334937207006,0.26736421300291974
5.6438965531609746,0.26549217539911912
5.6938563153778361,0.26353411878611527
5.7438126124301947,0.26148956400034262
5.793765273829675,0.25935803133523067
5.8437141265211752,0.25713904055514419
5.8936589948634115,0.25483211090985819
5.9435997006094992,0.25243676114956848
5.9935360628875118,0.24995250954044698
6.0434678981810688,0.24737887388074259
6.0933950203099556,0.24471537151744119
6.1433172404107301,0.2419615193634824
6.1932343669175181,0.2391168339155379
6.2431462055425531,0.2361808312723748
6.2930525592570623,0.23315302715378153
6.3429532282720595,0.23003293692008314
6.3928480100192271,0.22682007559224404
6.4427366991318689,0.22351395787256434
6.492619087425938,0.22011409816597474
6.542494963881162,0.21662001060193709
6.5923641146222334,0.21303120905695425
6.6422263229001191,0.2093472071776955
6.692081369073458,0.20556751840474521
6.7419290305901791,0.20169165599696551
6.7917690819690106,0.19771913305651306
6.8416012947813529,0.19364946255446902
6.8914254376332016,0.18948215735712196
6.9412412761472027,0.1852167302528932
6.9910485729449015,0.18085269397991449
7.0408470876291496,0.17638956125425975
7.0906365767666735,0.17182684479883789
7.1404167938708616,0.16716405737294895
7.1901874893846909,0.16240071180251339
7.2399484106640219,0.15753632101095896
7.2896993019608187,0.15257039805081324
7.3394399044068841,0.14750245613594987
7.3891699559976862,0.14233200867453241
7.4388891915764752,0.13705856930264484
7.4885973428186396,0.13168165191861381
7.5382941382163517,0.12620077071802568
7.5879793030634808,0.12061544022944212
7.6376525594408218,0.11492517535081764
7.6873136262016493,0.10912949138661418
7.7369622189573288,0.10322790408565588
7.7865980500639091,0.097219929679615527
7.8362208286082389,0.09110508492230654
7.8858302603949975,0.084882887129623455
7.9354260479338974,0.07855285422021932
7.9850078904272701,0.072114504756896347
8.0345754837580756,0.065567357988712632
8.0841285204783002,0.05891093389380718
8.1336666897977459,0.052144753222942833
8.1831896775733135,0.04526833754376805
8.2326971662986281,0.03828120928580242
8.2821888350943116,0.031182891786118341
8.3316643596984292,0.023972909335782389
8.3811234124576934,0.01665078722697251
8.4305656623190366,0.0092160518008322367
8.4799907748217187,0.0016682304960329714
8.5293984120899609,-0.0059931481019495636
8.5787882328261222,-0.013768554210850742
8.6281598923044314,-0.021658456800922668
8.6775130423652733,-0.029663323543538664
8.7268473314100934,-0.03778362075909468
8.7761624043968194,-0.046019813364208739
8.825457902836094,-0.054372364818252666
8.8747334647878056,-0.062841737069146641
8.9239887248585799,-0.071428390498518055
8.9732233141997551,-0.080132783866158588
9.0224368605060832,-0.088955374253815361
9.0716289880151066,-0.097896617008312564
9.1207993175072311,-0.10695696568401848
9.1699474663065299,-0.11613687198465714
9.2190730482822651,-0.12543678570447775
9.2681756738511645,-0.13485715466878648
9.3172549499804305,-0.14439842467384734
9.3663104801916575,-0.1540610394261881
9.4153418645652813,-0.16384544048124952
9.4643486997460826,-0.17375206718148276
9.5133305789494056,-0.18378135659383737
9.5622870919682015,-0.19393374344667422
9.6112178251809759,-0.20420966006611668
9.6601223615605338,-0.21460953631184473
9.7090002806836679,-0.22513379951235252
9.7578511587416905,-0.2357828743996771
9.8066745685519088,-0.2465571830436134
9.8554700795699546,-0.25745714478542681
9.9042372579032421,-0.26848317617110884
9.9529756663250524,-0.27963569088410817
10.001684864289851,-0.29091509967766582
10.050364407949495,-0.30232181030668576
10.099013850170397,-0.31385622745919495
10.147632740551749,-0.32551875268740127
10.196220625444672,-0.33730978433836711
10.244777047972514,-0.34922971748432391
10.293301548052067,-0.36127894385263909
10.341793662415903,-0.37345785175546009
10.390252924635728,-0.38576682601904894
10.438678860535472,-0.39820626579241802
10.487070907230093,-0.41077689511054033
10.535428419339752,-0.42347972554444158
10.583750738764149,-0.43631578012867617
10.632037197036738,-0.44928608360849676
10.680287115201445,-0.46239166236877749
10.728499803689449,-0.47563354435815969
10.776674562196019,-0.48901275900832769
10.824810679557599,-0.50253033714833795
10.872907433629141,-0.51618731091389658
10.920964091161776,-0.52998471365149979
10.968979907681097,-0.54392357981738226
11.016954127365731,-0.55800494487107144
11.064885982926848,-0.57222984516361031
11.112774695488312,-0.58659931782023378
11.160619474467724,-0.60111440061745791
11.208419517458527,-0.61577613185448143
11.256174010113154,-0.63058555021879992
11.303882126027503,-0.64554369464594996
11.35154302662675,-0.66065160417328328
11.399155861052671,-0.67591031778767607
11.446719766052755,-0.69132087426713063
11.494233865870848,-0.7068843120160555
11.541697272140039,-0.7226016688943051
11.589109083777505,-0.73847398203976378
11.636468386881672,-0.75450228768444483
11.683774254631816,-0.77068762096401089
11.731025747190257,-0.78703101572063194
11.778221911608,-0.80353350429933035
11.825361781730264,-0.82019611733644171
11.872444378111163,-0.83701988354328827
11.919468707925983,-0.85400582948089054
11.966433764889608,-0.87115497932857455
12.013338529178471,-0.88846835464541107
12.060181967356243,-0.90594697412447223
12.106963032303799,-0.92359185333991789
12.153680663153565,-0.94140400448686501
12.200333785228484,-0.95938443611398294
12.246921309985831,-0.97753415284879486
12.293442134966147,-0.99585415511565056
12.339895143747444,-1.0143454388463515
12.386279205905032,-1.0330089951834081
12.432593176977221,-1.051845810175972
12.478835898436891,-1.0708568644683041
12.525006197669619,-1.0900431329809874
12.571102887958286,-1.1094055845847479
12.617124768474559,-1.1289451817669751
12.663070624277493,-1.148662880290968
12.708939226319522,-1.1685596288479503
12.754729331460133,-1.188636368701927
12.800439682487461,-1.2088940333274243
12.846069008148119,-1.2293335480402188
12.891616023185502,-1.2499558296211242
12.937079428387003,-1.2707617859330105
12.982457910639997,-1.2917523155309909
13.027750142997508,-1.3129283072661591
13.072955095927762,-1.3342899838205957
13.118076307942596,-1.355827991643318
13.163120912650387,-1.3775257721660992
13.208096311939361,-1.3993666520689847
13.25301007003298,-1.421334021916441
13.297869892687075,-1.4434113335299075
13.342683606813083,-1.4655820962558805
13.387459140499415,-1.4878298722823668
13.432204503394575,-1.5101382711545774
13.476927767408126,-1.532490943638281
13.52163704768058,-1.5548715750774413
13.566340483768212,-1.5772638783902697
13.61104622098634,-1.5996515868462269
13.65576239185244,-1.6220184467648724
13.700497097569304,-1.6443482102758071
13.745258389495975,-1.6666246282816362
13.79005425053519,-1.6888314437548602
13.834892576404203,-1.7109523855170441
13.879781156725402,-1.7329711626311646
13.924727655899622,-1.7548714595488457
13.969739593724606,-1.7766369321508093
14.014824325731121,-1.7982512048199264
14.059989023217524,-1.8196978686857705
14.105240652975137,-1.8409604811792608
14.15058595670838,-1.8620225670346413
14.196031430166983,-1.8828676208738455
14.241583302022084,-1.9034791115049079
14.287247512533717,-1.9238404880612192
14.333028626560447,-1.9439376288555699
14.378916943804976,-1.9637888190551991
14.424893259762435,-1.9834353833783653
14.470938802359267,-2.0029191837055911
14.517035315654008,-2.022282110337728
14.563164926444049,-2.0415660706042593
14.609310010012132,-2.0608129841718608
14.655453055342612,-2.0800647827088339
14.701576530034041,-2.0993634115894597
14.747662745086565,-2.1187508313341117
14.793693719758526,-2.1382690164773352
14.839651046691142,-2.1579599495050585
14.885515757760091,-2.1778656075193403
14.931268191099832,-2.1980279391561082
14.976887860135998,-2.218488829291545
15.022353325682992,-2.2392900489969723
15.067642072541116,-2.2604731881924436
15.112730392459923,-2.2820795684851767
15.157593275734136,-2.3041501337437751
15.202204314365016,-2.3267253162282779
15.246535620074072,-2.3498448763338868
15.290557761050369,-2.373547714512271
15.334239721997058,-2.3978716547089185
15.377548892063466,-2.4228531993396505
15.420451085949487,-2.4485272571794061
15.462910603200193,-2.4749268467203569
15.504890330596719,-2.5020827791819009
15.546351892060148,-2.5300233271530477
15.587254733930285,-2.5587754503736231
15.627542834259668,-2.5883825680081456
15.667145392894671,-2.6189003130056792
15.705983709253726,-2.6503846112659191
15.74397044405503,-2.6828909398852092
15.781008761776558,-2.7164735361332628
15.816991567609184,-2.7511842864596927
15.851800928952112,-2.787071244652624
15.885307805275263,-2.8241767366985231
15.917372246581916,-2.8625350322819769
15.947844253614381,-2.9021696048539067
15.976565511608484,-2.9430900684965939
16.003372198088147,-2.9852889712355712
16.028099340249412,-3.0287385527403905
16.050656629954513,-3.0733535755632202
16.071125642488976,-3.1189651869232389
16.089627594867117,-3.165410217029248
16.106296036627231,-3.2125449560812434
16.12127113091416,-3.2602452497965904
16.134695254930943,-3.3084054887513914
16.146709863298966,-3.3569369515757304
16.157453447866907,-3.4057658503976462
16.167060389406547,-3.4548313154506562
16.175660503002931,-3.5040834630499651
16.183379107872106,-3.5534816222815606
16.190337489373832,-3.6029927486049598
16.196653658087062,-3.6525900222722401
16.202441898637467,-3.7022517740209571
16.207772247971178,-3.751964780720876
16.212665502182485,-3.8017227259263828
16.217140543418271,-3.8515200394403957
16.221217021209533,-3.9013515767746996
16.224915286280652,-3.9512126231466493
16.228256323672689,-4.0010988924298116
16.231261685835385,-4.0510065213602777
16.2339534262623,-4.1009320592641716
16.236354034168471,-4.1508724536457002
16.238486370628479,-4.2008250320044569
16.240373606512684,-4.2507874803101773
16.242039162474715,-4.3007578184534347
16.243506651178169,-4.350734373271079
16.244799849764352,-4.4007157486814545
16.245943392699552,-4.4507007783688284
16.246962747327494,-4.5006885001311288
16.247883337877564,-4.5506781424777563
16.248730509693477,-4.6006690860442623
16.249529542688915,-4.6506608242387495
16.250305665875398,-4.7006529243198978
16.251084072570414,-4.7506449888017785
16.251889935902497,-4.8006366170732724
16.252748424236049,-4.8506273671164903
16.253684716140164,-4.9006167172103572
16.254724014524367,-4.9506040275099723
16.255891559559338,-5.0005885014023796
16.257212639992495,-5.0505691465527729
16.258712047113271,-5.1005447530450976
16.260401144585046,-5.1505143080242917
16.262277414577287,-5.20047718608404
16.264337685461676,-5.2504328159353735
16.266578768916968,-5.3003806618403839
16.26899746109838,-5.3503202231933722
16.271590543767942,-5.4002510340755245
16.274354785385448,-5.4501726627858327
16.277286942159673,-5.5000847113492295
16.280383759059678,-5.5499868150035701
16.283641970786022,-5.5998786416669484
16.287058302702047,-5.6497598913867986
16.290629471725097,-5.699630295772077
16.294352187178038,-5.7494896174099592
16.29822315160115,-5.7993376492684332
16.302239061524858,-5.8491742140855196
16.30639660820356,-5.8989991637473533
16.310692478311104,-5.9488123786549965
16.315123354598327,-5.9986137670821345
16.319685916513315,-6.0484032645241053
16.324376840784907,-6.0981808330394864
16.329192801970208,-6.1479464605850911
16.334130472966656,-6.1977001603453292
16.33918652548957,-6.2474419700566983
16.344357630515795,-6.2971719513282212
16.349640458694367,-6.3468901889586933
16.355031680724903,-6.3965967902510279
16.360527967704723,-6.4462918843248707
16.366125991445454,-6.4959756214276734
16.371822424760083,-6.5456481722449249
16.377613941721325,-6.5953097272100152
16.383497217892309,-6.6449604958141473
16.389468930530402,-6.6946007059167689
16.395525758765174,-6.7442306030568098
16.401664383751566,-6.79385044976513
16.407881488798971,-6.843460524878382
16.414173759477428,-6.8930611228547098
16.420537883701726,-6.9426525530911105
16.426970551794533,-6.9922351392431548
16.433468456529337,-7.0418092185468328
16.440028293154334,-7.0913751411427741
16.446646759398078,-7.1409332694029111
16.453320555458006,-7.1904839772596754
16.460046383972582,-7.2400276495376792
16.466820949978271,-7.2895646812879775
16.473640960852027,-7.3390954771248404
16.48050312624046,-7.3886204505649618
16.48740415797646,-7.4381400233692636
16.494340769984298,-7.4876546248867362
16.501309678174074,-7.5371646914008084
16.508307600326528,-7.5866706654777349
16.515331255968984,-7.6361729953169757
16.522377366243514,-7.6856721341034859
16.529442653768051,-7.7351685393616982
16.536523842491523,-7.7846626723110504
16.543617657543781,-7.834154997222905
16.550721011419814,-7.8836459540242441
16.557832730445647,-7.9331357094696955
16.564952764956221,-7.9826242692605529
16.572081079654879,-8.0321116370548857
16.579217639271651,-8.0815978165249156
16.586362408563051,-8.1310828113569364
16.593515352311869,-8.1805666252512577
16.60067643532696,-8.2300492619221242
16.607845622443044,-8.2795307250976666
16.615022878520509,-8.3290110185198429
16.622208168445205,-8.3784901459443599
16.629401457128228,-8.4279681111406362
16.636602709505734,-8.47744491789169
16.643811890538728,-8.5269205699942052
16.651028965212863,-8.5763950712582933
16.658253898538224,-8.6258684255075551
16.665486655549145,-8.6753406365789836
16.672727201303985,-8.7248117083229157
16.679975500884954,-8.7742816446029614
16.687231519397873,-8.8237504492959484
16.694495221971987,-8.873218126291869
16.701766573759777,-8.9226846794938179
16.709045539936753,-8.9721501128179355
16.716332085701207,-9.021614430193317
16.723626176274081,-9.071077635562073
16.730927776898714,-9.1205397328791111
16.73823685284065,-9.1700007261121694
16.745553369387437,-9.219460619241751
16.752877291848439,-9.2689194162610704
16.760208585554608,-9.3183771211759741
16.767547215858297,-9.3678337380049186
16.774893148133053,-9.4172892707788858
16.782246347773409,-9.4667437235413097
16.789606780194717,-9.5161971003481689
16.796974410832863,-9.5656494052676173
16.80434920514417,-9.6151006423803249
16.811731128605103,-9.6645508157791067
16.819120146712134,-9.7139999295690291
16.826516224981489,-9.7634479878673002
16.833919328948983,-9.8128949948032425
16.841329424169796,-9.8623409545182312
16.848746476218277,-9.9117858711656339
16.856170450687738,-9.961229748910764
16.863601313190248,-10.010672591930808
16.871039029356471,-10.060114404414874
16.878483564835392,-10.10955519056378
16.885934885294155,-10.158994954590103
16.893392956417884,-10.208433700718128
16.90085774390942,-10.257871433183753
16.908329213489178,-10.307308156234479
16.915807330894911,-10.356743874129341
16.923292061881497,-10.406178591138856
16.930783372220787,-10.455612311544986
16.938281227701339,-10.50504503964107
16.94578559412826,-10.554476779731768
16.953296437322997,-10.603907536133102
16.960813723123113,-10.653337313172266
16.968337417382106,-10.70276611518765
16.975867485969182,-10.752193946528807
16.98340389476909,-10.80162081155637
16.990946609681888,-10.851046714642033
16.998495596622739,-10.900471660168481
17.00605082152174,-10.949895652529351
17.013612250323671,-10.99931869612918
17.021179848987853,-11.048740795383374
17.028753583487866,-11.098161954718103
17.036333419811431,-11.147582178570406
17.04391932396015,-11.197001471387942
17.051511261949312,-11.246419837629073
17.0591091998077,-11.295837281762786
17.066713103577403,-11.345253808268643
17.074322939313561,-11.394669421636745
17.081938673084224,-11.444084126367681
17.089560270970097,-11.493497926972482
17.097187699064371,-11.542910827972577
17.104820923472513,-11.592322833899747
17.112459910312037,-11.641733949296066
17.120104625712329,-11.691144178713934
17.127755035814445,-11.740553526715914
17.135411106770871,-11.78996199787475
17.143072804745366,-11.839369596773338
17.150740095912724,-11.888776328004649
17.158412946458576,-11.938182196171713
17.166091322579206,-11.987587205887548
17.173775190481322,-12.036991361775149
17.181464516381862,-12.086394668467415
17.18915926650779,-12.135797130607129
17.196859407095879,-12.185198752846865
17.204564904392541,-12.234599539849082
17.21227572465358,-12.28399949628591
17.219991834144,-12.333398626839193
17.227713199137831,-12.382796936200457
17.235439785917869,-12.43219442907084
17.243171560775515,-12.481591110161062
17.250908490010552,-12.530986984191392
17.25865053993094,-12.58038205589159
17.266397676852609,-12.629776330000874
17.274149867099272,-12.679169811267897
17.281907077002181,-12.728562504450636
17.289669272899953,-12.777954414316493
17.297436421138368,-12.827345545642112
17.305208488070132,-12.876735903213383
17.312985440054685,-12.926125491825434
17.320767243458004,-12.975514316282567
17.328553864652399,-13.024902381398221
17.336345270016281,-13.074289691994938
17.344141425933969,-13.123676252904303
17.3519422987955,-13.173062068966921
17.359747854996403,-13.222447145032458
17.36755806093748,-13.271831485959353
17.375372883024625,-13.321215096615127
17.383192287666354,-13.370597981875754
17.391016087606008,-13.419980170978777
17.39884352461301,-13.469361783715616
17.406673707715466,-13.518742961097193
17.4145057457524,-13.568123844316093
17.422338747396033,-13.617504574694333
17.430171821173882,-13.666885293630367
17.438004075490845,-13.716266142546068
17.445834618651361,-13.765647262833831
17.453662558881508,-13.81502879580334
17.461487004351223,-13.864410882628675
17.469307063196524,-13.913793664295174
17.477121843541834,-13.963177281546391
17.484930453522413,-14.012561874831063
17.492732001306848,-14.061947584249996
17.50052559511975,-14.11133454950312
17.508310343264512,-14.160722909836394
17.516085354146288,-14.210112803988864
17.523849736295094,-14.259504370139686
17.531602598389181,-14.308897745855301
17.539343049278543,-14.35829306803641
17.547070198008665,-14.407690472865282
17.554783153844557,-14.457090095752928
17.562481026295011,-14.50649207128644
17.570162925137108,-14.55589653317635
17.577827960441116,-14.6053036142041
17.58547524259555,-14.654713446169533
17.593103882332688,-14.704126159838568
17.600712990754293,-14.753541884890559
17.608301679357975,-14.802960749867449
17.615869060063421,-14.85238288211978
17.623414245239459,-14.901808407755979
17.630936347731382,-14.951237451590263
17.638434480888606,-15.000670137090983
17.645907758592848,-15.05010658632902
17.653355295286747,-15.099546919926487
17.66077620600284,-15.148991257005417
17.668169606393153,-15.198439715136747
17.675534612759186,-15.247892410289426
17.682870342082417,-15.297349456779724
17.69017591205532,-15.346810967220662
17.697450441112931,-15.396277052471849
17.704693048464918,-15.445747821589224
17.711902854128198,-15.495223381775276
17.71907897896018,-15.544703838329395
17.726220544692502,-15.594189294598454
17.733326673965408,-15.643679851927686
17.740396490362713,-15.693175609611785
17.747429118447357,-15.742676664846297
17.754423683797608,-15.792183112679274
17.761379313043868,-15.84169504596326
17.768295133906154,-15.89121255530754
17.775170275232188,-15.940735729030804
17.782003867036174,-15.990264653113933
17.788795040538229,-16.039799411153343
17.795542928204508,-16.089340084314575
17.802246674132586,-16.13888674989089
17.808907414275847,-16.188439215507046
17.815530628408563,-16.237996711216532
17.822122364214177,-16.287558404062942
17.828688664084428,-16.337123473525335
17.835235565818426,-16.386691109159294
17.841769103344014,-16.436260508245102
17.848295307455757,-16.485830873441664
17.854820206564227,-16.535401410444912
17.861349827451122,-16.584971325649789
17.867890196024973,-16.634539823814301
17.874447338071914,-16.684106105724513
17.881027279996289,-16.733669365859257
17.887636049545694,-16.783228790053439
17.894279676515016,-16.832783553158603
17.900964193424109,-16.882332816699904
17.907695636163606,-16.931875726528521
17.914480044603252,-16.981411410467807
17.921323463157382,-17.030938975953902
17.928231941301608,-17.08045750766841
17.935211534036391,-17.129966065172702
17.94226830228413,-17.179463680489736
17.949408313232766,-17.228949355768297
17.956637640593584,-17.278422060842384
17.963962364788301,-17.327880730837084
17.971388573049484,-17.377324263752801
17.978922359430012,-17.426751518042472
17.986569824715037,-17.476161310183311
17.994337076229876,-17.525552412243307
18.002230227537154,-17.57492354944478
18.010255398016366,-17.624273397726309
18.018418712319061,-17.673600581305514
18.026726299692776,-17.722903670245305
18.035184293166573,-17.772181178026528
18.043798828591427,-17.821431559130691
18.052576043528266,-17.870653206636383
18.061522075976644,-17.919844449833541
18.070643062937126,-17.969003551859995
18.079945138803669,-18.018128707383141
18.089434433565319,-18.067218040257721
18.099117070840222,-18.11626960132368
18.108999165699021,-18.165281366156751
18.119086822299085,-18.214251232925204
18.129386131311726,-18.263177020297224
18.139903167139675,-18.312056465421094
18.150643984919803,-18.360887221987184
18.161614617306597,-18.409666858381428
18.172821071032775,-18.458392855940808
18.184269323243704,-18.507062607321732
18.195965317603594,-18.555673414993237
18.207914960171571,-18.604222489866292
18.220124115047554,-18.652706950073011
18.23259859978803,-18.701123819907401
18.245344180593531,-18.749470028941936
18.258366567270652,-18.79774241133325
18.271671407972654,-18.845937705330901
18.285264168258244,-18.894052585925923
18.299145640860804,-18.942084968398401
18.313310536655571,-18.99003453609221
18.327753153362831,-19.037901188374736
18.342467791753595,-19.085684922573883
18.357448759077172,-19.133385831469489
18.372690372261349,-19.181004100744779
18.388186960888241,-19.228540006407989
18.403932869949585,-19.27599391219368
18.419922462385863,-19.323366266952799
18.436150121414059,-19.370657602039916
18.452610252649283,-19.417868528705178
18.469297286025888,-19.46499973549826
18.486205677524111,-19.512051985690952
18.503329910708047,-19.55902611472359
18.520664498081882,-19.605923027682412
18.538203982269852,-19.65274369680958
18.555942937027783,-19.699489159054071
18.57387596809167,-19.746160513663998
18.591997713870452,-19.792758919825104
18.610302845989398,-19.839285594348055
18.628786069690651,-19.885741809406749
18.647442124097363,-19.932128890329839
18.66626578234764,-19.978448213446903
18.685251851604679,-20.024701203990684
18.704395172948793,-20.070889334055838
18.723690621157701,-20.117014120615664
18.743133104380192,-20.163077123596029
18.762717292775726,-20.209080059710381
18.782431550980718,-20.255027410239215
18.802257914913596,-20.300926502723019
18.822178230696917,-20.346784901648281
18.842174424712372,-20.392610268295268
18.862228488304122,-20.438410341909734
18.882322461841063,-20.484192921339854
18.902438418291894,-20.529965847028919
18.922558446461888,-20.575736983250337
18.94266463403741,-20.621514200470525
18.96273905058144,-20.667305357721538
18.982763730624278,-20.713118284867477
19.002720656994473,-20.758960764646901
19.022591744538701,-20.804840514376561
19.042358824383506,-20.850765167202447
19.062003628902261,-20.896742252796894
19.081507777545045,-20.942779177373957
19.100852763724429,-20.988883202961997
19.12001994293129,-21.035061425812177
19.138990522289124,-21.081320753884519
19.157745551737175,-21.127667883292307
19.176265917116556,-21.174109273773084
19.194532335328663,-21.220651122985004
19.212525351865096,-21.267299339733889
19.230225340948678,-21.314059516086438
19.24761250855801,-21.360936898408657
19.264666898611939,-21.407936357389527
19.281368402593738,-21.455062357143031
19.297697419123285,-21.502318702390518
19.313647845676662,-21.549704177632286
19.329226586052432,-21.597213153646081
19.344441223254606,-21.644839987916569
19.359299496758986,-21.692579204514168
19.373809289405305,-21.740425495543178
19.387978614768883,-21.788373721899561
19.401815605044561,-21.836418913382161
19.415328499469616,-21.884556268201493
19.428525633306425,-21.932781151930484
19.441415427400024,-21.981089095941044
19.454006378320962,-22.029475795369535
19.466307049098944,-22.077937106653604
19.478326060548419,-22.12646904468015
19.490072083184035,-22.175067779584765
19.501553829719665,-22.223729633238428
19.512780048142492,-22.272451075457699
19.523759515351834,-22.321228719977103
19.534501031340827,-22.370059320177514
19.545013413927936,-22.418939764700621
19.555305493986108,-22.467867072819192
19.565386111184527,-22.516838389737348
19.575264110203925,-22.565850981755162
19.584948337411639,-22.614902231347006
19.594447637974636,-22.663989632167375
19.603770853389445,-22.713110784000698
19.612926819407338,-22.762263387669094
19.621924364333449,-22.811445239910654
19.630772307678303,-22.860654228239213
19.639479459140496,-22.909888325794494
19.648054617899415,-22.959145586190765
19.656506572197401,-23.008424138370085
19.664844099190169,-23.057722181462168
19.673075965049609,-23.107037979677546
19.681210925286415,-23.156369857161259
19.689257725297789,-23.205716192953531
19.697225101092577,-23.255075415886242
19.705121780196563,-23.304445999541201
19.712956482711302,-23.35382645721749
19.720737922510317,-23.403215336915682
19.728474808555571,-23.452611216337086
19.736175846317163,-23.502012697895569
19.743849739279554,-23.551418403739056
19.751505190517893,-23.600826970777632
19.759150904327978,-23.650237045714182
19.766795587893956,-23.699647280074952
19.774447952977141,-23.74905632523474
19.782116717610251,-23.798462827433781
19.789810607780524,-23.847865422781922
19.797538359085621,-23.897262732246073
19.805308718345643,-23.946653356617254
19.813130445154648,-23.996035871453358
19.821012313354625,-24.04540882199441
19.828963112414598,-24.094770718046995
19.83699164869715,-24.144120028835445
19.845106746594123,-24.193455177816961
19.8533167272406,-24.242774624773666
19.861622836150524,-24.292077973959241
19.870021204304113,-24.341365692116078
19.878507838268554,-24.390638289498913
19.887078733666502,-24.43989630020388
19.89572987591902,-24.489140281149236
19.904457240957772,-24.538370811042775
19.913256795907529,-24.587588489337072
19.922124499740072,-24.636793935173422
19.931056303900689,-24.685987786315575
19.940048152908403,-24.735170698073663
19.94909598493139,-24.784343342220144
19.958195732338702,-24.833506405897293
19.967343322229958,-24.882660590517983
19.976534676944134,-24.931806610660029
19.985765714549217,-24.980945192954756
19.995032349314066,-25.030077074970553
20.004330492164073,-25.079203004091966
20.013656051122272,-25.128323736394886
20.023004931737368,-25.177440035518281
20.03237303750052,-25.226552671533312
20.041756270252272,-25.275662419809567
20.051150530581612,-25.324770059880152
20.060551718218523,-25.373876374304615
20.069955732422041,-25.422982147531382
20.079358472365222,-25.472088164759327
20.088755837518942,-25.521195210799466
20.098143728036206,-25.570304068936736
20.107518045139813,-25.619415519799318
20.116874691507533,-25.668530340195222
20.126209571675886,-25.717649302018895
20.135518592438004,-25.766773171090865
20.144797663257169,-25.815902706034951
20.154042696689238,-25.865038657149761
20.163249608817885,-25.914181765286703
20.172414319703321,-25.963332760729898
20.181532753846479,-26.012492362081129
20.190600840670186,-26.061661275149977
20.199614515018951,-26.11084019184981
20.208569717678547,-26.16002978910004
20.21746239591722,-26.209230727735697
20.226288504049716,-26.258443651425203
20.23504400402512,-26.307669185594762
20.243724866040662,-26.356907936364699
20.252327069182016,-26.406160489495079
20.260846602089963,-26.45542740933341
20.269279463663636,-26.504709237818737
20.277621663778582,-26.554006493410757
20.285869224051098,-26.603319670121142
20.294018178626747,-26.652649236516112
20.302064575003122,-26.701995634744215
20.310004474885943,-26.751359279581784
20.317833955079159,-26.800740557496962
20.325549108409589,-26.850139825734431
20.333146044686352,-26.899557411420965
20.340620891695586,-26.948993610694288
20.347972956615394,-26.998448220446477
20.355222547841553,-27.04791796082468
20.362398469021951,-27.097398444881097
20.369529474711683,-27.14688542422622
20.376644266715573,-27.196374738029995
20.383771516587679,-27.245862258624449
20.390939888397835,-27.295343837320914
20.398178061207471,-27.344815250256673
20.405514750696003,-27.394272144092284
20.412978729371748,-27.443709981399149
20.420598844775949,-27.49312398553548
20.428404035089176,-27.542509084991575
20.43642334148808,-27.59185985700654
20.44468591659346,-27.641170470481775
20.45322102829936,-27.690434628182842
20.462058058237659,-27.739645508314002
20.471226494092971,-27.788795705625837
20.480755914947324,-27.837877172309828
20.490675968804744,-27.886881159039085
20.501016341428361,-27.935798156637976
20.511806715619471,-27.984617838994748
20.52307672008758,-28.033329007983696
20.534855867105378,-28.081919541316427
20.547173478224629,-28.13037634441816
20.560058597445948,-28.17868530757746
20.573539891409808,-28.226831269809139
20.587645536392497,-28.274797991000209
20.602403092173841,-28.322568134052382
20.617835913722864,-28.370124393599031
20.63394776256964,-28.417454913126988
20.650735733632448,-28.464549856888599
20.668196808236992,-28.511399408835185
20.686327858219041,-28.557993771258136
20.705125644192979,-28.604323165386337
20.724586813609367,-28.650377832188116
20.7447078985929,-28.696148033346613
20.765485313627437,-28.741624052549891
20.786915353029585,-28.786796196939555
20.808994188286267,-28.831654798873334
20.831717865246173,-28.876190217951745
20.855082301189412,-28.920392843336199
20.879083281795353,-28.964253096371888
20.903716458028711,-29.007761433525044
20.928977342966334,-29.050908349645855
20.954861308587493,-29.093684381564916
20.981363582551744,-29.136080112030555
21.008479244989513,-29.178086173992401
21.036203225331175,-29.219693255234795
21.064530299201753,-29.260892103362004
21.093455085408284,-29.301673531134732
21.122972043049259,-29.34202842215706
21.153075468766744,-29.38194773689866
21.183759494201382,-29.421422519087116
21.215018083610978,-29.460443902370123
21.246845031771265,-29.499003117354668
21.279233935697512,-29.537091521693448
21.312167562123328,-29.574709976718704
21.345602470028116,-29.611883689547494
21.379492982872751,-29.648642588144664
21.413795379162131,-29.685017497529511
21.448467727899612,-29.7210400053131
21.483469706764716,-29.756742361281308
21.518762406605727,-29.792157407861772
21.554308124714574,-29.827318538430209
21.590070148273519,-29.8622596805379
21.626012528553282,-29.897015301468048
21.662099845546642,-29.931620433683008
21.698296962030451,-29.96611071799023
21.734568765351177,-30.000522462416736
21.770879901177668,-30.034892707936027
21.807206055340853,-30.069247080574012
21.843557946898763,-30.103574215850102
21.879953190867155,-30.137855379482318
21.916409504506554,-30.172071585760047
21.952944566130881,-30.20620368719068
21.989575870508702,-30.240232469223258
22.026320583537721,-30.274138749174032
22.063195399028267,-30.30790347833997
22.100216400389368,-30.341507846054672
22.137398930052523,-30.374933384390957
22.174757469233231,-30.408162072024215
22.212305530409932,-30.441176435717239
22.250055564540361,-30.473959647829361
22.288018918479143,-30.506495578560624
22.326208407533993,-30.538765756661142
22.364640519431703,-30.570746569573934
22.403331756030088,-30.60241336318628
22.442298263106618,-30.633740775194109
22.481555858365976,-30.664702594352747
22.521120045991214,-30.695271622606509
22.561006017556618,-30.725419539057814
22.601228638800734,-30.755116765141349
22.641802421442183,-30.784332330765363
22.682741478929891,-30.813033741610507
22.724059464746915,-30.841186848249251
22.765769491634071,-30.868755718283349
22.807884029885365,-30.895702513315324
22.850414782700192,-30.921987373285756
22.893372536485963,-30.94756831153655
22.936766984020633,-30.972401124911034
22.980606518547344,-30.996439324273688
23.024897997237719,-31.019634092017288
23.069646473085161,-31.041934274390037
23.114854895246399,-31.063286417769696
23.160523779208219,-31.083634859244118
23.206650849988556,-31.102921882904035
23.253230663929202,-31.121087953934023
23.30025421752487,-31.138072042680918
23.34770855509948,-31.153812050109977
23.395576390900537,-31.168245344145706
23.443835764891098,-31.181309412984582
23.492459694024333,-31.192942908441715
23.541410935288081,-31.203111633080351
23.590641307449726,-31.211829694754503
23.640103536531118,-31.219118676268195
23.689752605236936,-31.225002426605933
23.739545856438028,-31.229506619623262
23.789443042829028,-31.232658337084708
23.839406329737749,-31.2344856818906
23.88940025851501,-31.235017425263774
23.939391677600369,-31.234282689825303
23.98934964790876,-31.232310668990134
24.039245328702236,-31.229130381919923
24.089051849206935,-31.224770462375254
24.138744170550037,-31.219258979187639
24.188298941794272,-31.212623285674393
24.237694353120393,-31.204889895110821
24.286909988542504,-31.196084379310452
24.335926679943569,-31.186231287410649
24.384726363702686,-31.175354082084983
24.433291940740034,-31.163475090579819
24.481607140431581,-31.150615468179023
24.529656388532434,-31.136795171922248
24.577424678987839,-31.1220329426259
24.62489744929524,-31.106346293474417
24.672060458900486,-31.089751503656188
24.718899669954393,-31.072263615712611
24.765401129652965,-31.053896435432794
24.811550853149893,-31.03466253333027
24.857335497016905,-31.014575020553689
24.902749824613924,-30.993663635971007
24.947795078773286,-30.971968528178508
24.992475050570516,-30.949530655021462
25.036795903994708,-30.926391396772406
25.080766028943025,-30.902592309460985
25.124395881031759,-30.878174910538341
25.167697813535252,-30.853180497463153
25.210685906029816,-30.827649998785688
25.253375793650729,-30.80162385644342
25.295784500124029,-30.775141937358185
25.337930277010795,-30.748243471996709
25.379832450930198,-30.720967017295376
25.421511279906763,-30.693350441242767
25.462987819441896,-30.665430926418598
25.504283798524078,-30.637244989824826
25.545421505301572,-30.608828516559353
25.586423681954091,-30.580216804982044
25.627313428004292,-30.551444621252038
25.668114111155266,-30.522546261292174
25.708849284609556,-30.493555618419549
25.749542609740914,-30.464506255043037
25.79021778294706,-30.435431476961291
25.830898465437084,-30.406364408942895
25.871608214836527,-30.377338070259761
25.912370417301123,-30.348385449048973
25.953208219076345,-30.319539574252765
25.994144456359905,-30.290833583978408
26.035198734254003,-30.262296679563118
26.076370518058081,-30.23392956202299
26.117650916674929,-30.205720728401957
26.159031183252228,-30.177658590739124
26.200502732454719,-30.149731524467825
26.242057126116002,-30.121927870985793
26.283686058676032,-30.094235939419882
26.325381342428177,-30.066644007657871
26.367134892593096,-30.039140322717813
26.40893871223123,-30.01171310052424
26.450784877001254,-29.984350525158803
26.492665519773499,-29.957040747647454
26.534572815056809,-29.929771884376201
26.576498963323502,-29.902532015142192
26.618436175114113,-29.875309180977421
26.660376654994788,-29.848091381756308
26.702312585318069,-29.820866573677353
26.744236109784097,-29.793622666679816
26.786139316787725,-29.766347521864311
26.828014222538187,-29.739028948988182
26.869852753938716,-29.711654704108863
26.911646731214546,-29.684212487451539
26.95338785027992,-29.656689941581678
26.99506766483692,-29.629074649966867
27.036677568203796,-29.601354136017314
27.078208774873001,-29.573515862700525
27.119652301809182,-29.545547232829009
27.160998949481975,-29.51743559014114
27.202241115803933,-29.489170888909694
27.243388069444137,-29.460767742169178
27.284458618490596,-29.432254213751822
27.325472083522321,-29.403658627343852
27.366448122441618,-29.375009430357149
27.407406643535737,-29.346335191373761
27.448367717299625,-29.317664599445955
27.489351487060635,-29.289026464221696
27.530378078302935,-29.26044971591126
27.571467506647124,-29.231963404043281
27.612639584448846,-29.203596693951592
27.653913826029999,-29.175378859927125
27.695309351625209,-29.147339273979135
27.736844790218992,-29.11950738917615
27.77853818156203,-29.091912716583717
27.820406877787658,-29.06458479488564
27.862467445197463,-29.037553151871471
27.904735566943625,-29.010847257099833
27.947225947502773,-28.984496465204199
27.989952219996571,-28.958529949501504
28.03292685757194,-28.932976625789074
28.076161090187433,-28.907865066475022
28.119664828260934,-28.883223405474169
28.163446594701995,-28.85907923461199
28.207513466874431,-28.835459492601441
28.251871029998259,-28.812390347983087
28.296523343399912,-28.789897077732949
28.341472920845568,-28.768003943438877
28.386719856956294,-28.746732202842065
28.432260222956923,-28.726096165258067
28.478089516351918,-28.706110034221513
28.524203409185201,-28.686789661414267
28.570597647457106,-28.668152583417367
28.617267949023301,-28.650218068875695
28.664209897744758,-28.633007175102293
28.711418831694928,-28.61654281314393
28.758889723215518,-28.600849820246705
28.806617048557587,-28.58595503849407
28.854594644765104,-28.571887398128446
28.90281555136157,-28.558678003700262
28.951271834310599,-28.546360220694954
28.999954389654111,-28.534969759651855
29.048852724219813,-28.524544753985445
29.09795471086743,-28.515125826727502
29.147246315970754,-28.506756140207319
29.196711297253174,-28.499481421266324
29.246330870822444,-28.493349952957573
29.296083347354344,-28.488412521837866
29.34594373899229,-28.484722307974735
29.395883340783953,-28.482334702771933
29.445869293492692,-28.481307037846701
29.495864138518684,-28.48169820674001
29.545825380489273,-28.483568160591695
29.595705078787528,-28.486977259567588
29.645449495668231,-28.491985464397342
29.69499883520664,-28.498651357545395
29.744289521815155,-28.507017597736805
29.793268688521689,-28.51704866567232
29.841893577871922,-28.528676984298663
29.890128833415815,-28.541828981593689
29.937946576632704,-28.556426783551196
29.985326239094803,-28.572389780721672
30.032254197814925,-28.589636032229699
30.078723268124723,-28.608083472811543
30.124732105931763,-28.627650908393608
30.170284564851066,-28.648258801753038
30.215389045323057,-28.669829861336481
30.260057863899476,-28.692289453577381
30.304306662452163,-28.715565862709038
30.348153869752604,-28.739590422966277
30.391620221953055,-28.76429754704419
30.434728343988755,-28.789624672469149
30.477502390699282,-28.815512144717061
30.519967744307728,-28.841903052889752
30.562150763597899,-28.868743030820152
30.6040785794616,-28.89598003377424
30.645778931271682,-28.923564098538154
30.687280038617477,-28.951447092645154
30.728610503201224,-28.979582456801612
30.769799236047941,-29.007924943183887
30.810875405559376,-29.036430351158966
30.851868402331011,-29.065055261113795
30.892807816872335,-29.093756766322183
30.933722534269403,-29.122493472924738
30.974626142665368,-29.151245990018626
31.015519209170876,-29.180013498282495
31.056401892061022,-29.208795761233169
31.097274351443769,-29.237592540320787
31.138136749229055,-29.266403594955108
31.178989249131476,-29.295228682557081
31.219832016604251,-29.324067558563289
31.260665218844565,-29.352919976482273
31.30148902475413,-29.381785687920601
31.342303604913607,-29.410664442620217
31.383109131553702,-29.439555988494739
31.423905778525778,-29.468460071666875
31.464693721271541,-29.497376436506457
31.505473136791895,-29.526304825669257
31.546244203615093,-29.555244980136624
31.587007101763973,-29.584196639255698
31.627762012722577,-29.613159540780501
31.668509119401847,-29.642133420913567
31.709248606104872,-29.671118014348469
31.749980658490934,-29.700113054312688
31.790705463539371,-29.729118272611423
31.831423209512415,-29.758133399671888
31.872134085917441,-29.787158164588195
31.912838283468673,-29.816192295166921
31.953535994048078,-29.845235517973126
31.994227410665779,-29.874287558376977
32.03491272741983,-29.903348140600912
32.075592139455509,-29.932416987767294
32.116265842923774,-29.961493821946412
32.156934034939667,-29.990578364205234
32.197596913539762,-30.019670334656276
32.238254677639389,-30.048769452507063
32.27890752698935,-30.077875436109924
32.319555662132181,-30.106988003012209
32.360199284358011,-30.136106870006714
32.400838595660055,-30.165231753182539
32.441473798689742,-30.19436236797619
32.482105096711543,-30.223498429222936
32.522732693557465,-30.252639651208462
32.563356793581228,-30.281785747720566
32.603977601612357,-30.310936432101329
32.644595322909787,-30.340091417299121
32.685210163115556,-30.369250415921016
32.725822328208125,-30.398413140285101
32.766432024455654,-30.427579302473042
32.807039458369204,-30.456748614382597
32.847644836655704,-30.485920787780188
32.888248366170728,-30.515095534353257
32.928850253870209,-30.544272565761919
32.969450706776811,-30.573451593701115
33.010049931896532,-30.602632329926823
33.050648136218065,-30.631814486341728
33.091245526636968,-30.660997775026509
33.131842309916173,-30.690181908297134
33.17243869263941,-30.719366598756746
33.213034881402173,-30.748551559017077
33.253631086542505,-30.777736496496182
33.294227521441343,-30.806921114378461
33.334824399280151,-30.836105116110954
33.375421932946487,-30.865288205521004
33.416020335041935,-30.894470086791991
33.456619817889454,-30.923650464438808
33.497220593541421,-30.952829043283959
33.537822873786986,-30.982005528433252
33.578426870159781,-31.011179625251941
33.619032793945451,-31.040351039340791
33.6596408561891,-31.069519476512273
33.700251267702818,-31.098684642766845
33.740864239073062,-31.127846244269332
33.78147998066801,-31.157003987325282
33.822098702644965,-31.186157578357559
33.862720614957681,-31.215306723882907
33.90334592736334,-31.244451130488407
33.943974849430198,-31.273590504808471
33.984607590544393,-31.302724553501292
34.025244359917217,-31.331852983225815
34.065885366592177,-31.360975500618487
34.106530819452075,-31.390091812270231
34.147180927225854,-31.419201624703231
34.187835898495798,-31.448304644348056
34.228495941704175,-31.477400577520505
34.269161265160264,-31.506489130398705
34.309832077047197,-31.535570009000171
34.350508585429175,-31.564642919159194
34.391190998255674,-31.593707566502125
34.431879523372388,-31.622763656427477
34.472574368524803,-31.65181089408086
34.51327574136559,-31.68084898433267
34.55398384946114,-31.709877631755159
34.594698900298134,-31.73889654059959
34.63542110128985,-31.767905414773296
34.676150659782756,-31.796903957816806
34.716887783062653,-31.825891872880856
34.757632678361198,-31.854868862703565
34.798385552861966,-31.883834629587348
34.839146613706788,-31.912788875376016
34.879916068001833,-31.941731301431744
34.920694122823761,-31.970661608612019
34.961480985225748,-31.999579497246593
35.002276862243498,-32.028484667114348
35.043081960901233,-32.057376817420163
35.083896488217469,-32.086255646771697
35.124720651211078,-32.115120853156185
35.165554656906792,-32.14397213391706
35.206398712341247,-32.172809185730735
35.247253024568387,-32.20163170458305
35.288117800665283,-32.23043938574591
35.328993247737579,-32.259231923753681
35.369879572925086,-32.288009012379653
35.410776983407168,-32.316770344612259
35.451685686408155,-32.345515612631452
35.492605836386375,-32.374244583036791
35.533536694568618,-32.402958295279547
35.574476778429315,-32.431658852116932
35.615424583721925,-32.460348391619604
35.6563786069255,-32.489029054501167
35.697337344927028,-32.517702983858577
35.73829929470228,-32.546372324913577
35.779262952994927,-32.575039224754747
35.820226815994531,-32.603705832079768
35.861189379013503,-32.632374296937535
35.902149136163466,-32.661046770469817
35.943104580030997,-32.68972540465208
35.98405420135348,-32.718412352033134
36.024996488694967,-32.747109765473134
36.065929928122273,-32.775819797879592
36.106853002882374,-32.804544601941451
36.147764193080022,-32.833286329859931
36.188661975357284,-32.862047133076842
36.229544822574404,-32.890829161999314
36.270411203492479,-32.919634565720656
36.311259582458646,-32.94846549173743
36.352088419093384,-32.977324085661714
36.392896167980972,-33.006212490928803
36.433681278362904,-33.035132848499615
36.474442193834946,-33.06408729655768
36.515177352047736,-33.093077970200085
36.555885184411935,-33.122107001122536
36.596564115807531,-33.151176517297607
36.637212564298054,-33.180288642646161
36.677828940850794,-33.209445496702209
36.718411649060968,-33.238649194269072
36.758959084883529,-33.267901845068913
36.799469636370617,-33.297205553383748
36.839941683415745,-33.32656241768796
36.880373597505425,-33.355974530272455
36.920763741478339,-33.385443976859818
36.961110469292244,-33.41497283621014
37.001412125799938,-33.444563179717846
37.041667046533519,-33.474217070998499
37.081873557498419,-33.503936565466077
37.122029974977096,-33.533723709900087
37.162134605343027,-33.563580542002498
37.20218574488554,-33.593509089944376
37.242181679645796,-33.62351137190192
37.282120685264644,-33.653589395581953
37.322001026842599,-33.683745157736624
37.361820958812778,-33.713980643667398
37.401578724826706,-33.744297826717911
37.44127255765445,-33.774698667756276
37.480900679098639,-33.8051851146462
37.520461299923483,-33.835759101707247
37.559952619799162,-33.866422549164284
37.599372827262115,-33.897177362586142
37.638720099691774,-33.928025432313447
37.677992603304141,-33.958968632876001
37.717188493163178,-33.990008822399737
37.756302081080328,-34.021152646245113
37.795287846456809,-34.052456271029136
37.8340758694372,-34.084004493007704
37.872594237044979,-34.115881264498888
37.910768805444377,-34.148168810878502
37.948522743615435,-34.180947028750545
37.985776191736669,-34.214292764961669
38.022446069922296,-34.24827896466067
38.058446076946296,-34.282973686371804
38.0936869206271,-34.318438995491853
38.128076819563091,-34.354729764396829
38.161522308234865,-34.391892426827788
38.193929362532863,-34.429963754626336
38.225204839773411,-34.468969743296718
38.255261758501476,-34.50892207872193
38.284041523745444,-34.549803936328992
38.311490971286688,-34.591590532924982
38.337547142525686,-34.634259667998798
38.362136636716102,-34.677790342695616
38.385174972555426,-34.72216125297394
38.406565929698104,-34.767349136566374
38.42620094073412,-34.813326897142325
38.44395863676062,-34.860061434435806
38.459704693389327,-34.907511121451492
38.473292178843742,-34.95562289614567
38.484562668125847,-35.004328984402406
38.493348446847683,-35.05354335434383
38.499476164528232,-35.103158128246626
38.502793375649709,-35.1530392757196
38.503254934105996,-35.203028445249963
38.500850724155484,-35.252961843344082
38.495573553223785,-35.302673682744661
38.487419029578263,-35.351995146006971
38.47638592976746,-35.400753299313131
38.462477085719584,-35.448770077788595
38.445700814337755,-35.495861482052888
38.42607288923498,-35.541837147346826
38.403619017395876,-35.586500466557005
38.378377729117204,-35.62964945946203
38.350403516593992,-35.671078571813688
38.319772017022579,-35.710583223486893
38.286664400609439,-35.748038440467482
38.251379056386213,-35.783451335259876
38.214203939840971,-35.816876623053176
38.17540024493303,-35.848398195188139
38.135199214431438,-35.87811849907321
38.093802142922613,-35.906150116938967
38.051382297305565,-35.932609592431106
38.008087798009726,-35.957613219849485
37.964044827394602,-35.981274395904947
37.919360790148602,-36.003702143006208
37.874127231257901,-36.025000477013833
37.828422432336694,-36.04526837084348
37.782313675122658,-36.064600139293361
37.735857509563516,-36.083081817865214
37.689086209167343,-36.100750881341931
37.642019687644805,-36.11761787193003
37.594677563490748,-36.133695146741971
37.547079186136699,-36.148997198334818
37.49924350723083,-36.163540550298663
37.451188964496538,-36.177343638157467
37.402933379600682,-36.190426678767672
37.354493870971019,-36.202811531445242
37.305886782028878,-36.214521553977562
37.257127624868453,-36.22558145650077
37.208231039029954,-36.23601715596584
37.15921076469651,-36.245855633599405
37.110079629389617,-36.255124797411455
37.060849547056726,-36.263853351428878
37.01153152832196,-36.272070672963082
36.962135700611476,-36.27980669886098
36.91267133685313,-36.287091821357187
36.863146891480959,-36.293956793845005
36.813570042538331,-36.300432646621978
36.763947738760343,-36.306550612441569
36.714286250619814,-36.312342061518493
36.664591224430993,-36.317838445486373
36.61486773871966,-36.323071249692248
36.565120362204055,-36.328071953124656
36.515353212753197,-36.332871995221545
36.46557001695377,-36.337502748748769
36.415774169814902,-36.341995497939145
36.365968617398011,-36.346379398083506
36.316154831059791,-36.350668739233079
36.266333639354052,-36.354871205810596
36.21650582387749,-36.358994405321489
36.166672126069692,-36.363045901716688
36.1168332512974,-36.367033219433658
36.066989872846349,-36.370963847479707
36.01714263582889,-36.374845243551974
35.967292161018818,-36.378684838188022
35.917439048622143,-36.38249003894294
35.867583881994243,-36.386268234588059
35.817727231312794,-36.390026799327515
35.767869657216792,-36.39377309702882
35.718011714420904,-36.397514485464121
35.668153955315127,-36.401258320558739
35.618296933559996,-36.405011960643691
35.568441207685808,-36.408782770709401
35.518587344707612,-36.412578126656996
35.468735923763454,-36.416405419544255
35.418887539787988,-36.420272059822615
35.369042807229491,-36.424185481561651
35.31920236382134,-36.428153146657046
35.269366874417166,-36.432182549017874
35.219537034900334,-36.436281218728361
35.169713576177045,-36.440456726178837
35.119897268263607,-36.444716686160334
35.070088924478078,-36.449068761915846
35.020289405745537,-36.453520669141646
34.97049974940645,-36.45808152750655
34.920722058760241,-36.462771120838617
34.870959086281651,-36.467614332142638
34.821213828756441,-36.472636157004047
34.771489562516344,-36.47786165739776
34.721789881320134,-36.483315942224493
34.672118733975736,-36.48902414438961
34.622480461452916,-36.495011394016075
34.572879833181062,-36.50130278740064
34.523322082238003,-36.50792335134107
34.473812938923324,-36.514898002518102
34.424358662421092,-36.52225150163089
34.374966069926892,-36.530008402080732
34.325642562758908,-36.538192993049677
34.276396148841336,-36.546829236922655
34.227235460934942,-36.55594070110665
34.178169769959879,-36.565550484423994
34.129208992742946,-36.575681138395851
34.080363693526927,-36.58635458388369
34.031645078601983,-36.597592023719983
33.983064983470214,-36.609413852128021
33.934635852024599,-36.621839561903798
33.886370707327515,-36.634887650498733
33.838283113700982,-36.648575526299446
33.790387129997761,-36.662919416537441
33.742697254102801,-36.677934278371602
33.695228358917468,-36.693633714761887
33.647995620285911,-36.710029896786914
33.601014987501344,-36.72713498644984
33.554305304998806,-36.744966594147648
33.50788759809133,-36.763544901362465
33.461784798645645,-36.782891343302886
33.416021930368082,-36.803028579264705
33.370626309786573,-36.823980451598835
33.325627762991161,-36.845771928735083
33.281058857636332,-36.86842902702454
33.236955148925283,-36.89197870536745
33.193355437230039,-36.916448725710971
33.150302033583706,-36.941867471571392
33.107841027441559,-36.96826371582609
33.066022548772047,-36.995666328230577
33.024901013651437,-37.024103912596232
32.98453533907395,-37.053604363515461
32.944989108679941,-37.084194333218917
32.906330666686607,-37.115898600927224
32.868633112743744,-37.148739340312112
32.831974166203331,-37.182735285817571
32.796435865086721,-37.217900805973656
32.7621040638249,-37.254244901663498
32.729067695827347,-37.291770159471092
32.697417773409057,-37.330471704143278
32.66724610975708,-37.370336208583772
32.638643766140611,-37.411341032655066
32.611699252229783,-37.453453570707907
32.586496536562095,-37.496630889186569
32.563112346814663,-37.540819418848926
32.541582865860811,-37.585940857359233
32.5218919386474,-37.631894639103251
32.504019672997515,-37.67858598586772
32.48794754821126,-37.725927309810373
32.473659227883125,-37.773837329186968
32.461141194628574,-37.822240164437524
32.450383241599667,-37.871064435183136
32.441378850189551,-37.920242368727251
32.434125477560777,-37.969708923247865
32.42862477188816,-38.019400923689354
32.424882727673946,-38.069256204813485
32.422909788147301,-38.119212753611613
32.422720896493658,-38.169207842061873
32.4243354923045,-38.219177140939308
32.427777444007042,-38.269053806078709
32.433074901950569,-38.318767530328351
32.440260050167211,-38.36824355773409
32.449368727574921,-38.417401661750034
32.46043988173075,-38.466155097120726
32.473514810668398,-38.51440954628189
32.488636141850876,-38.562062096494749
32.505846493494559,-38.609000304086379
32.525186765013274,-38.655101427264512
32.546694013587462,-38.700231938069606
32.570398897184127,-38.744247454378865
32.596322705157284,-38.786993259045524
32.624473463752324,-38.828306012361502
32.654798227720953,-38.868050636811041
32.687154736536293,-38.906159965721301
32.721387489417701,-38.942593795667946
32.757340211122141,-38.977332083273446
32.794859916174289,-39.010372351748998
32.833799979470932,-39.041726746492337
32.874022248464811,-39.071419037542555
32.915398314774869,-39.099481784044521
32.957810102384627,-39.125953793699601
33.001149936208101,-39.150877941233844
33.045320240889247,-39.174299359076691
33.090232995616901,-39.196263980283902
33.135809043811548,-39.216817395118696
33.181977331180079,-39.236003974697155
33.228674123954164,-39.253866214052579
33.275842241841801,-39.270444250012837
33.323430326987584,-39.285775514287266
33.371392160666936,-39.299894487858239
33.41968603262108,-39.312832528272558
33.468274163311371,-39.324617746347585
33.517122176293384,-39.335274912931219
33.566198615911205,-39.344825379631409
33.61547450421623,-39.353286999879977
33.664922930120539,-39.360674038357338
33.714518663080902,-39.366997057725463
33.764237782868314,-39.372262771814263
33.814057316046465,-39.37647385387119
33.863954751294784,-39.37963077206885
33.913906866411381,-39.381755124233599
33.963891391022926,-39.38288701976775
34.013888464041649,-39.383071792609094
34.063880878806216,-39.38235928379946
34.113854231073802,-39.380803313364083
34.163796986778564,-39.378461138028115
34.213700473811194,-39.375392913774533
34.263558804809712,-39.37166117922304
34.313368739768642,-39.367330372229389
34.363129498219678,-39.362466388341197
34.412842530912677,-39.357136186102323
34.462511260485655,-39.351407440900346
34.512140799817452,-39.345348246231403
34.56173765556094,-39.339026859000263
34.611309423307809,-39.332511483744227
34.66086447958876,-39.325870089483374
34.710411674954628,-39.31917025215381
34.759960031542946,-39.312479015236548
34.809518447936597,-39.305862761176812
34.859095413745514,-39.299387086447737
34.908698736191639,-39.293116673607216
34.958335281016858,-39.287115154399373
35.008010730232023,-39.281444958846777
35.057729359530413,-39.276167146357828
35.107493838544862,-39.271341216126544
35.157305057466701,-39.267024895520485
35.207161983830936,-39.263273906711746
35.257062186101805,-39.260152397627607
35.307002968178203,-39.257769709722346
35.356977291848864,-39.256250614337098
35.406971715804602,-39.255724981117488
35.456964987966785,-39.256329188045612
35.506926308913243,-39.258207240158598
35.556813227921616,-39.26151149644766
35.606569156791203,-39.266402840163579
35.656120533713008,-39.273050054153373
35.705373751938787,-39.281628087080129
35.754212097760032,-39.292314836668773
35.802493124781748,-39.305286067322506
35.850047113061422,-39.320708175468923
35.896677819570534,-39.33872794430625
35.942205156354653,-39.359377696246021
35.986523307556865,-39.382510010911631
36.029555013049475,-39.407956528581828
36.07124228785338,-39.435551302386529
36.111543289752639,-39.465134629435163
36.150429058257544,-39.496555643938855
36.187880373359548,-39.529673866921193
36.223884877264538,-39.564359936010717
36.258434519763199,-39.600495728541404
36.291523330364754,-39.637974060505059
36.323145484086815,-39.676698105915783
36.353293607283518,-39.716580643680437
36.381957259648779,-39.757543205903531
36.409125809720869,-39.79951245998992
36.434811031589668,-39.842405779476799
36.459041802598009,-39.886137431169168
36.481857200255568,-39.930624123966354
36.503305000682928,-39.975786282294642
36.523440133801607,-40.021548985892736
36.542323180563876,-40.06784259480898
36.5600189792927,-40.114603094373138
36.576595385297921,-40.16177220532316
36.592122207495059,-40.209297307612523
36.606670329282082,-40.257131224600784
36.620311008868917,-40.305231909247446
36.633115346329006,-40.353562067215925
36.645153900180603,-40.402088744648175
36.656496434499523,-40.450782901578727
36.667211777633113,-40.499618985955308
36.677367774856151,-40.54857451819224
36.687031319264975,-40.597629692119668
36.696268447462614,-40.646766995003972
36.705144488888465,-40.695970846871369
36.713724259826868,-40.745227257509434
36.722072295093142,-40.79452349810493
36.73025311209215,-40.843847783365227
36.738331503347297,-40.893188959052971
36.746372854693128,-40.942536189051829
36.754443487086156,-40.991878635240788
36.762611020417694,-41.041205122704419
36.77094475753718,-41.09050378178069
36.779492987084673,-41.139765699858003
36.788217719732913,-41.188996682287204
36.797058866002779,-41.238206904198883
36.805954822809007,-41.287407253248425
36.814842940725669,-41.336609018133053
36.823660012352214,-41.3858235564553
36.832342777388469,-41.435061952754012
36.840828439651546,-41.48433467855957
36.849055190518278,-41.533651266435697
36.856962732327695,-41.583020009877316
36.864492794137952,-41.632447700162572
36.871589631069554,-41.681939409959391
36.878200497447665,-41.731498331627868
36.884276000952411,-41.781125685498772
36.889751063945546,-41.830822771507215
36.89451787862815,-41.880592647959894
36.898460408636694,-41.930434432094202
36.901458728252727,-41.980341725261454
36.90338764564018,-42.030301553031741
36.904115583087588,-42.080293035339238
36.903503770632639,-42.130285755224051
36.901405858360413,-42.180237808031443
36.897668107358726,-42.230093540123129
36.892130377065598,-42.279781035612686
36.884628178489137,-42.329209489217618
36.87499608995293,-42.37826671933388
36.863072803993305,-42.426817225713044
36.848708572910816,-42.47470156316507
36.831831487210593,-42.521758877205507
36.812487967185255,-42.567857229607647
36.790733612209202,-42.612868074881803
36.76662107378246,-42.656660848171292
36.740200761522935,-42.6991011216275
36.71152199140252,-42.740048902210511
36.680634587246878,-42.779357148696235
36.647590951913891,-42.816870612133506
36.612448618788633,-42.852425139767291
36.575273271279137,-42.885847624239496
36.536142171224775,-42.916956820582755
36.495147860580254,-42.945565280688022
36.452403227311962,-42.971484986820059
36.408098960154653,-42.994640025710396
36.362502320031695,-43.015136083135417
36.31586025235967,-43.03312973722192
36.26838716848809,-43.048803332736099
36.220263675836918,-43.062352240489055
36.171638332067644,-43.073975244667174
36.122631046211865,-43.083868000833888
36.0733371168836,-43.092219087271786
36.023831273052451,-43.099208047917571
35.974171377850467,-43.105004867704203
35.924401654669509,-43.109770433086105
35.874555413944051,-43.113657655170883
35.824657323093547,-43.116813044552153
35.774724806757668,-43.119368501640352
35.724767180226316,-43.12137433641935
35.674790879911413,-43.12284349122843
35.62480192513619,-43.123789331690112
35.574805916293585,-43.12422582958461
35.524808023809761,-43.124167519896488
35.474812980422811,-43.123629457756202
35.424825076695178,-43.122627175702611
35.374848159614317,-43.121176641657051
35.324885634114615,-43.119294217958206
35.274940467329579,-43.116996621763199
35.225015195369792,-43.114300887076219
35.17511193241063,-43.111224328619961
35.12523238186953,-43.107784507721639
35.075377849452224,-43.103999200342457
35.025549257850919,-43.09988636733884
34.975747162885057,-43.095464127006501
34.925971770884892,-43.090750729923649
34.876222957130793,-43.085764536078443
34.826500285174646,-43.08052399423859
34.776803026885759,-43.075047623495685
34.727130183077492,-43.069353996896965
34.677480504589163,-43.063461727058318
34.62785251371124,-43.057389453638287
34.578244525862566,-43.051155832540005
34.52865467140726,-43.04477952669474
34.479080917641738,-43.038279198288677
34.429521090720257,-43.031673502253874
34.379973122733325,-43.024979420790963
34.330436472485694,-43.018202095241229
34.280911281906185,-43.011341529891325
34.231397696018725,-43.004397707393011
34.181895860149162,-42.997370609604666
34.132405919932168,-42.990260217594681
34.082928021317201,-42.983066511644743
34.033462310575295,-42.975789471253279
33.984008934305372,-42.968429075138687
33.934568039440705,-42.960985301242722
33.885139773255133,-42.953458126733821
33.835724283369615,-42.945847528010454
33.78632171775871,-42.938153480704422
33.736932224756714,-42.93037595968422
33.687555953064383,-42.922514939058431
33.638193051754953,-42.914570392178923
33.588843670280653,-42.906542291644307
33.539507958479277,-42.898430609303297
33.490186066580328,-42.890235316257979
33.440878145211308,-42.881956382867187
33.391584345404212,-42.873593778749878
33.342304818602017,-42.865147472788522
33.293039716664694,-42.856617433132428
33.243789191875841,-42.848003627201088
33.194553396948855,-42.839306021687662
33.145332485033485,-42.830524582562298
33.096126609721793,-42.821659275075497
33.046935925054996,-42.812710063761621
32.997760585529342,-42.803676912442185
32.948600746102628,-42.794559784229357
32.899456562200669,-42.785358641529434
32.850328189723534,-42.776073446046198
32.801215785051667,-42.766704158784378
32.752119505052434,-42.757250740053173
32.703039507086579,-42.747713149469732
32.653975949014125,-42.738091345962602
32.604928989201234,-42.728385287775247
32.555898786526086,-42.718594932469607
32.50688550038533,-42.708720236929594
32.457889290700649,-42.698761157364672
32.408910317924835,-42.688717649313396
32.359948743048136,-42.678589667647067
32.311004727604569,-42.668377166573215
32.262078433678518,-42.658080099639342
32.213170023910628,-42.647698419736471
32.164279661504587,-42.637232079102915
32.115407510232991,-42.626681029327784
32.066553734444142,-42.616045221354845
32.017718499067946,-42.60532460548616
31.968901969622696,-42.594519131385887
31.920104312220939,-42.583628748083939
31.87132569357609,-42.572653403979878
31.822566281008868,-42.561593046846703
31.773826242453236,-42.550447623834614
31.725105746463232,-42.539217081474987
31.676404962218822,-42.527901365684144
31.627724059532692,-42.516500421767361
31.579063208856216,-42.505014194422728
31.530422581286071,-42.49344262774521
31.48180234857038,-42.481785665230525
31.433202683115148,-42.47004324977928
31.384623757990667,-42.458215323700941
31.336065746937809,-42.446301828717964
31.287528824374316,-42.434302705969927
31.239013165401101,-42.422217896017585
31.190518945808925,-42.410047338847178
31.142046342084264,-42.397790973874557
31.093595531416124,-42.385448739949439
31.045166691702057,-42.373020575359746
30.99676000155457,-42.360506417835829
30.948375640307674,-42.347906204554917
30.900013788023074,-42.33521987214548
30.851674625496493,-42.322447356691583
30.803358334263987,-42.309588593737445
30.755065096608625,-42.296643518291965
30.706795095566299,-42.283612064833093
30.658548514932651,-42.270494167312663
30.610325539268853,-42.257289759160813
30.562126353908518,-42.243998773290791
30.513951144963485,-42.230621142103573
30.465800099330714,-42.217156797492699
30.417673404698128,-42.203605670849015
30.369571249551232,-42.189967693065526
30.321493823179448,-42.176242794542304
30.273441315682426,-42.162430905191478
30.225413917976244,-42.14853195444212
30.177411821799794,-42.134545871245315
30.129435219721319,-42.120472584079295
30.081484305144343,-42.106312020954491
30.033559272314456,-42.092064109418828
29.985660316325138,-42.077728776562843
29.937787633124312,-42.063305949025036
29.889941419520767,-42.04879555299717
29.842121873190294,-42.034197514229817
29.794329192681833,-42.019511758037552
29.746563577423998,-42.004738209304676
29.698825227731366,-41.989876792490698
29.651114344810438,-41.974927431635926
29.603431130766314,-41.959890050367228
29.555775788608528,-41.944764571903704
29.50814852225767,-41.929550919062478
29.460549536551248,-41.914249014264605
29.412979037250334,-41.898858779541001
29.365437231045309,-41.883380136538321
29.317924325562384,-41.867813006525125
29.270440529369711,-41.852157310397935
29.222986051983618,-41.836412968687426
29.175561103874525,-41.820579901564628
29.128165896473313,-41.804658028847257
29.080800642177586,-41.78864727000618
29.033465554357356,-41.772547544171651
28.986160847361766,-41.756358770140167
28.938886707010678,-41.740080951963655
28.891643203747972,-41.723714427715024
28.84443037737994,-41.70725961842205
28.797248264789506,-41.690716946931438
28.750096899942342,-41.674086837863022
28.702976313893917,-41.657369717564393
28.655886534796966,-41.640566014065612
28.608827587909207,-41.623676157033977
28.561799495601949,-41.606700577729129
28.514802277368815,-41.589639708958209
28.467835949835514,-41.572493985031457
28.420900526769273,-41.555263841717661
28.373996019089677,-41.537949716200288
28.327122434879204,-41.520552047033426
28.280279779394569,-41.503071274098225
28.23346805507877,-41.485507838559627
28.186687261572761,-41.467862182823083
28.139937395728658,-41.450134750491927
28.09321845162232,-41.432325986324727
28.046530420567152,-41.414436336193098
27.999873291127692,-41.396466247039712
27.95324704913423,-41.3784161668368
27.90665167769712,-41.360286544544685
27.860087157221994,-41.342077830070878
27.81355346542523,-41.323790474229504
27.767050577349714,-41.305424928700916
27.7205784653808,-41.28698164599173
27.674137099263941,-41.268461079395642
27.627726446117425,-41.249863682952615
27.581346470455557,-41.231189911412351
27.534997134202214,-41.212440220194303
27.488678396709371,-41.193615065349775
27.442390214775212,-41.174714903524283
27.396132542662727,-41.155740191920245
27.349905332118126,-41.136691388259933
27.303708532389649,-41.117568950748925
27.25754209024689,-41.098373338039941
27.211405950000362,-41.079105009197164
27.165300053520735,-41.05976442366071
27.119224340259269,-41.040352041211982
27.073178747267395,-41.020868321938778
27.027163209217626,-41.001313726201566
26.981177658423601,-40.981688714599507
26.935222024861304,-40.96199374793742
26.889296236189676,-40.942229287192781
26.843400217771901,-40.922395793483432
26.797533892696823,-40.902493728035587
26.751697181800427,-40.882523552152406
26.705890003687216,-40.862485727182616
26.66011227475235,-40.84238071449014
26.614363909203533,-40.822208975423742
26.568644819082952,-40.801970971287247
26.522954914289755,-40.781667163310246
26.477294102602134,-40.761298012619093
26.431662289699894,-40.740863980208488
26.386059380115363,-40.720365524852184
26.340485747542211,-40.699802061654552
26.294943007477176,-40.679170271142112
26.249432992729137,-40.658466395783655
26.203957555571222,-40.637686683216209
26.158518569053971,-40.616827385954387
26.113117928313688,-40.595884761137889
26.06775755187466,-40.574855070318044
26.022439382946708,-40.553734579285731
25.977165390716308,-40.532519557941718
25.931937571632716,-40.511206280211915
25.886757950687294,-40.489791024008426
25.84162858268666,-40.468270071239147
25.796551553518803,-40.446639707867199
25.751528981411219,-40.424896224022319
25.706563018180358,-40.403035914165869
25.661655850471966,-40.381055077312148
25.616809700991041,-40.35895001730735
25.572026829719423,-40.336717043168477
25.527309535113254,-40.314352469480433
25.482660155325114,-40.291852616877179
25.438081069330519,-40.269213812549218
25.393574698114382,-40.246432390858544
25.34914350580533,-40.223504694008213
25.30479000078482,-40.200427072782887
25.26051673677873,-40.177195887367894
25.216326313920977,-40.153807508244597
25.172221379786965,-40.130258317164738
25.12820463039521,-40.106544708206151
25.084278811172979,-40.082663088911453
25.040446717883793,-40.058609881512155
24.996711197511846,-40.034381524239336
24.95307514910164,-40.00997447272357
24.909541524546807,-39.985385201484746
24.866113329327234,-39.96061020551489
24.822793623183319,-39.935646001951582
24.77958552072419,-39.91048913184364
24.736492192008111,-39.88513616203528
24.693516862969378,-39.859583687099096
24.65066281585143,-39.833828331414189
24.607933389511778,-39.807866751314691
24.565331979652008,-39.7816956373427
24.522862038952955,-39.755311716596921
24.480527077111727,-39.728711755177684
24.438330660773989,-39.70189256072689
24.396276413355935,-39.674850985061468
24.354368014749795,-39.64758392689847
24.312609200907659,-39.620088334669823
24.271003763296953,-39.592361209423693
24.229555548221658,-39.564399607808973
24.188268456004124,-39.536200645139736
24.14714644002061,-39.507761498534485
24.106193505585885,-39.479079410126047
24.065413708680914,-39.450151690336
24.024811154518378,-39.420975721207867
23.984389995941047,-39.391548959792047
23.944154428452862,-39.361868945881312
23.904107578829407,-39.331934785347116
23.864249839734885,-39.301749277112201
23.824581145777451,-39.27131575721841
23.785101384005888,-39.24063754079485
23.745810395314432,-39.209717920844703
23.706707975843742,-39.178560167104244
23.667793878376912,-39.147167524973675
23.629067813726898,-39.115543214517004
23.59052945211436,-39.083690429530357
23.552178424533167,-39.051612336676108
23.514014324102035,-39.019312074681409
23.476036707400343,-38.986792753599033
23.438245095786968,-38.954057454128893
23.400638976700474,-38.921109226998098
23.363217804938657,-38.887951092397032
23.325981003918315,-38.854586039471315
23.288927966911,-38.82101702586457
23.252058058256868,-38.787246977313217
23.215370614554253,-38.753278787289418
23.178864945824138,-38.719115316690477
23.142540336649379,-38.68475939357311
23.106396047288143,-38.650213812930573
23.070431314760793,-38.615481336510513
23.034645353909838,-38.580564692671743
22.999037358433338,-38.545466576278571
22.963606501890272,-38.510189648629876
22.928351938679228,-38.47473653742243
22.893272804988985,-38.439109836745615
22.858368219722031,-38.403312107106771
22.823637268201733,-38.367345892014612
22.789077547432733,-38.331215107390697
22.754684026274848,-38.294926074343159
22.720451330283165,-38.258485286059845
22.686374004868124,-38.221899158704538
22.652446520510523,-38.185174032258708
22.618663277735905,-38.148316171657235
22.585018611849161,-38.111331768198156
22.551506797433213,-38.074226941208607
22.518122052614896,-38.037007739948137
22.48485854310389,-37.999680145732647
22.451710386010596,-37.962250074262471
22.418671653449845,-37.924723378138602
22.385736375938201,-37.887105849552299
22.3528985455937,-37.849403223134487
22.32015211914706,-37.811621178951462
22.287491020772677,-37.773765345633372
22.25490914475181,-37.735841303626174
22.22240035797579,-37.69785458855327
22.189958502302105,-37.659810694678896
22.157577396772783,-37.621715078461889
22.125250839707483,-37.583573162191918
22.092972610681993,-37.545390337698983
22.060736472404216,-37.507171970128617
22.028536172499475,-37.468923401775342
21.996365445216558,-37.430649955966629
21.964218013067281,-37.392356940991675
21.932087588410948,-37.354049654067346
21.899967912958854,-37.315733353518887
21.867855542357987,-37.277410930664821
21.835751747094768,-37.239081323772439
21.803658248329477,-37.200743095242558
21.771576769429583,-37.162394807985528
21.739509036159326,-37.124035025658884
21.707456776867865,-37.085662312906258
21.675421722676283,-37.047275235598569
21.643405607662981,-37.008872361077287
21.611410169047303,-36.970452258400108
21.579437147370644,-36.932013498588468
21.547488286675936,-36.893554654878656
21.515565334683885,-36.855074302974835
21.483670042966846,-36.816571021305499
21.451804167119576,-36.778043391283106
21.419969466926513,-36.739489997566778
21.388167706525621,-36.700909428328558
21.356400654568279,-36.662300275523222
21.324670084375448,-36.623661135162237
21.292977774088953,-36.584990607590967
21.261325506818565,-36.546287297770583
21.229715070783961,-36.507549815563763
21.198148259451621,-36.468776776024946
21.166626871666139,-36.429966799694924
21.135152711776005,-36.391118512900164
21.103727589752964,-36.352230548056568
21.072353321305446,-36.313301543978319
21.041031727985128,-36.274330146191538
21.009764637286739,-36.235315007253043
20.978553882739931,-36.1962547870734
20.94740130399482,-36.157148153246709
20.916308746898686,-36.117993781384286
20.885278063564549,-36.078790355453847
20.854311112431727,-36.03953656812461
20.82340975831702,-36.000231121117011
20.792575872456979,-35.960872725558268
20.761811332540784,-35.92146010234341
20.731118022733003,-35.881991982501276
20.700497833686246,-35.842467107566158
20.669952662543476,-35.802884229954834
20.639484412929455,-35.763242113349008
20.609094994930711,-35.72353953308253
20.578786325064439,-35.683775276534533
20.548560326235105,-35.643948143526991
20.51841892767926,-35.604056946727809
20.488364064897461,-35.564100512058374
20.458397679573686,-35.524077679106355
20.428521719481232,-35.483987301542562
20.398738138375318,-35.443828247542598
20.369048895871934,-35.403599400212869
20.339455957312286,-35.363299658020281
20.30996129361289,-35.322927935225856
20.280566881101066,-35.282483162322151
20.251274701335284,-35.241964286473888
20.222086740910029,-35.201370271961309
20.193004991245459,-35.160700100626897
20.164031429795703,-35.119952785494448
20.135167321131419,-35.079127864482409
20.106413003739537,-35.038225539682436
20.077768756156178,-34.997246056753504
20.049234858740313,-34.956189660942741
20.020811593680005,-34.915056597114088
19.992499244998459,-34.873847109776918
19.964298098559617,-34.832561443114223
19.936208442074069,-34.791199841011725
19.908230565104198,-34.749762547085986
19.880364759069742,-34.708249804713638
19.852611317252602,-34.666661857059694
19.824970534801974,-34.624998947106704
19.797442708738821,-34.583261317683288
19.770028137960534,-34.541449211493244
19.742727123245249,-34.499562871144548
19.715539967255783,-34.457602539178126
19.6884669745438,-34.415568458097354
19.661508451553246,-34.373460870396706
19.634664706624083,-34.331280018591436
19.607936049995359,-34.28902614524646
19.581322793808496,-34.246699493006069
19.55482525210995,-34.204300304623068
19.528443740853888,-34.161828822988255
19.502178577904701,-34.119285291160246
19.476030083039127,-34.076669952394951
19.449998577948083,-34.033983050175088
19.424084386238491,-33.991224828240242
19.398287833434814,-33.948395530616743
19.372609246980069,-33.905495401647265
19.347048956237064,-33.862524686021303
19.321607292488906,-33.819483628804903
19.296284588939571,-33.776372475470964
19.271081180714155,-33.733191471929608
19.245997404858812,-33.689940864558501
19.221033600340348,-33.646620900233103
19.196190108045666,-33.60323182635733
19.171467270780994,-33.55977389089427
19.146865433270598,-33.516247342396632
19.122384942155453,-33.472652430037783
19.098026145991398,-33.428989403642355
19.073789395247235,-33.385258513717503
19.049675042302283,-33.341460011483605
19.025683441443835,-33.297594148905794
19.001814948864126,-33.253661178724812
18.978069922657099,-33.209661354488503
18.95444872281487,-33.165594930583332
18.930951711223759,-33.121462162265722
18.907579251659996,-33.077263305693585
18.884331709785162,-33.032998617958093
18.861209453141338,-32.988668357115557
18.838212851145659,-32.944272782218995
18.815342275084845,-32.899812153350396
18.792598098109021,-32.85528673165242
18.769980695225421,-32.810696779360683
18.74749044329171,-32.766042559836031
18.725127721008391,-32.721324337595981
18.702892908912673,-32.676542378349779
18.680786389368599,-32.631696949026988
18.658808546560046,-32.586788317812577
18.636959766481613,-32.541816754178811
18.615240436929593,-32.496782528918033
18.593650947492314,-32.451685914175279
18.572191689540293,-32.406527183481366
18.550863056215654,-32.361306611785388
18.529665442421528,-32.316024475488227
18.508599244810494,-32.270681052475048
18.487664861772995,-32.225276622148698
18.466862693425131,-32.179811465462912
18.446193141595963,-32.134285864955459
18.425656609814293,-32.088700104781282
18.40525350329515,-32.043054470746064
18.384984228925653,-31.997349250339564
18.364849195250311,-31.951584732768847
18.344848812456096,-31.905761208992192
18.324983492356615,-31.859878971752128
18.30525364837608,-31.813938315609199
18.285659695532697,-31.767939536975764
18.26620205042137,-31.72188293414926
18.246881131196023,-31.675768807346049
18.227697357551286,-31.629597458734935
18.20865115070378,-31.583369192471167
18.189742933372521,-31.537084314729579
18.170973129759215,-31.490743133738917
18.152342165527472,-31.444345959814957
18.13385046778189,-31.39789310539463
18.115498465046201,-31.351384885069361
18.097286587241094,-31.30482161561908
18.079215265661187,-31.258203616045485
18.061284932951537,-31.211531207605852
18.043496023083581,-31.164804713846699
18.025848971330223,-31.118024460637081
18.008344214240577,-31.071190776202322
17.990982189613749,-31.024303991157154
17.97376333647232,-30.977364438539418
17.956688095034817,-30.930372453842995
17.939756906687865,-30.88332837505142
17.922970213957356,-30.836232542670672
17.906328460479131,-30.789085299762274
17.88983209096898,-30.741886991976493
17.873481551191862,-30.694637967584914
17.857277287930398,-30.647338577513093
17.841219748952795,-30.59998917537327
17.82530938298002,-30.552590117496898
17.809546639652115,-30.505141762966669
17.793931969494007,-30.457644473648944
17.778465823880396,-30.410098614225504
17.763148654999963,-30.362504552225303
17.747980915818978,-30.314862658056384
17.732963060043936,-30.267173305037062
17.718095542083546,-30.219436869427071
17.703378817009931,-30.171653730458566
17.688813295497333,-30.123824284020102
17.674398444868665,-30.075949212379925
17.660132831155455,-30.028029459539201
17.646014974449624,-29.980065967043771
17.632043384459511,-29.932059663223367
17.618216560918444,-29.884011463186589
17.604532993986027,-29.835922268825623
17.590991164641466,-29.787792968828935
17.577589545069159,-29.739624438702972
17.564326599036288,-29.691417540801737
17.551200782262185,-29.643173124364299
17.538210542779549,-29.594892025559581
17.525354321287416,-29.546575067539166
17.512630551495722,-29.498223060496745
17.500037660461356,-29.449836801734094
17.487574068915936,-29.401417075734528
17.475238191584864,-29.352964654241536
17.463028437497961,-29.304480296344209
17.450943210291648,-29.255964748568438
17.438980908502376,-29.207418744973214
17.427139925851694,-29.158843007252624
17.415418651522721,-29.110238244842659
17.403815470428221,-29.061605155033352
17.392328763470118,-29.0129444230848
17.380956907790683,-28.964256722348289
17.369698277015306,-28.915542714390956
17.358551241487127,-28.866803049125174
17.347514168493188,-28.818038364940787
17.336585422482717,-28.769249288841898
17.325763365277112,-28.720436436586091
17.315046356272081,-28.671600412827651
17.304432752631843,-28.622741811263257
17.293920909475396,-28.573861214780283
17.283509180055358,-28.524959195608602
17.273195915928991,-28.476036315474232
17.262979467120029,-28.427093125746929
17.252858182282143,-28.378130167633138
17.242830408836969,-28.329147972284218
17.232894493123275,-28.280147060993432
17.223048780529759,-28.231127945350782
17.213291615623124,-28.182091127409283
17.203621342269358,-28.133037099853027
17.194036303747819,-28.083966346163688
17.184534842859303,-28.034879340791079
17.175115302027685,-27.985776549324317
17.165776023395104,-27.936658428663293
17.156515348911189,-27.887525427192077
17.147331620416182,-27.838377984952242
17.138223179718292,-27.789216533817847
17.129188368665211,-27.740041497670173
17.120225529210142,-27.690853292574019
17.1113330034723,-27.641652326953739
17.102509133792104,-27.592439001770167
17.093752262781248,-27.543213710698051
17.085060733367552,-27.493976840303247
17.076432888835118,-27.444728770220998
17.067867072859745,-27.395469873335163
17.059361629538721,-27.346200515951775
17.050914903417848,-27.296921057982882
17.042525239511242,-27.247631853113973
17.034190983324773,-27.198333249017917
17.02591048086035,-27.149025587480576
17.017682078631317,-27.09970920461495
17.009504123666328,-27.050384431030654
17.001374963511051,-27.001051592012388
16.993292946226287,-26.951711007698378
16.985256420382594,-26.902362993258908
16.977263735051498,-26.853007859074143
16.96931323979355,-26.803645910912568
16.961403284643197,-26.754277450108631
16.953532220090693,-26.704902773740542
16.945698397061197,-26.65552217480824
16.937900166891055,-26.60613594241061
16.930135881301471,-26.556744361922817
16.922403892369669,-26.507347715173552
16.91470255249774,-26.457946280622274
16.907030214379077,-26.408540333535754
16.899385230962832,-26.35913014616532
16.891765955416151,-26.30971598792302
16.884170741084638,-26.260298125558567
16.876597941450918,-26.210876823335482
16.869045910091558,-26.161452343207763
16.861513000632371,-26.112024944995852
16.853997566702262,-26.062594886563048
16.846497961885731,-26.01316242399168
16.839012539674155,-25.963727811759334
16.831539653415824,-25.91429130291483
16.824077656265075,-25.864853149254404
16.816624901130531,-25.815413601498399
16.809179740622369,-25.765972909466861
16.801740526999097,-25.716531322256468
16.794305612113625,-25.667089088416702
16.786873347358892,-25.617646456126486
16.779442083613169,-25.568203673371105
16.772010171185123,-25.518760988119141
16.764575959758588,-25.469318648499311
16.757137798337542,-25.419876902978075
16.74969403519102,-25.370436000537417
16.742243017798199,-25.320996190852291
16.734783092793929,-25.271557724469247
16.727312605914523,-25.222120852984645
16.719829901944216,-25.172685829223774
16.712333324662126,-25.123252907419701
16.704821216790151,-25.073822343393424
16.697291919941573,-25.024394394733406
16.689743774570761,-24.9749693209763
16.68217511992394,-24.925547383787858
16.674584293991227,-24.876128847144415
16.6669696334599,-24.826713977514508
16.659329473669299,-24.77730304404151
16.651662148567205,-24.727896318726703
16.643965990667926,-24.678494076612338
16.636239505483307,-24.629096568639564
16.628483012089575,-24.57970376365445
16.620697906831339,-24.530315460210488
16.612885601358681,-24.480931451961823
16.605047508450642,-24.43155152999671
16.597185041989931,-24.382175482962214
16.589299616938909,-24.332803097189228
16.581392649316861,-24.283434156817968
16.573465556178206,-24.234068443923221
16.56551975559206,-24.184705738640705
16.557556666622574,-24.135345819292816
16.549577709310373,-24.085988462515736
16.541584304654691,-24.036633443385568
16.533577874596503,-23.987280535546081
16.525559842002199,-23.937929511335525
16.517531630647987,-23.888580141914527
16.509494665204937,-23.839232197394033
16.501450371224369,-23.789885446963282
16.493400175123849,-23.740539659018413
16.48534550417337,-23.691194601290864
16.477287786482012,-23.641850040976657
16.469228450984595,-23.592505744865189
16.461168927428648,-23.543161479469024
16.453110646361313,-23.493817011153187
16.445055039116305,-23.444472106265277
16.437003537800749,-23.395126531265678
16.428957575281849,-23.345780052857833
16.420918585173283,-23.296432438118771
16.412888001821404,-23.247083454630609
16.404867260290622,-23.197732870609599
16.396857796349082,-23.148380455040321
16.388861046453044,-23.099025977805468
16.380878447730929,-23.049669209817722
16.372911437966732,-23.000309923152159
16.364961455582442,-22.95094789117795
16.357029939619814,-22.901582888691127
16.349118329720998,-22.852214692046942
16.341228066108279,-22.80284307929255
16.333360589562687,-22.753467830300373
16.325517341401358,-22.704088726900661
16.317699763453753,-22.654705553015294
16.309909298036406,-22.605318094790796
16.302147387926421,-22.555926140732389
16.294415476333292,-22.506529481837234
16.286715006869329,-22.457127911728751
16.279047423518289,-22.407721226790212
16.271414170602377,-22.358309226298935
16.263816692747447,-22.308891712560644
16.256256434846254,-22.259468491043354
16.248734842019768,-22.210039370511709
16.241253359576547,-22.160604163161228
16.233813432969892,-22.111162684752774
16.226416507752848,-22.061714754746426
16.219064029531012,-22.01226019643611
16.211757443912902,-21.962798837083291
16.204498196458033,-21.913330508051299
16.197286397958862,-21.86385523910787
16.190114571057979,-21.814374159462716
16.182972553021326,-21.764888767946321
16.175850175330986,-21.715400545455228
16.168737277014419,-21.665910959447626
16.161623714853267,-21.616421468867223
16.154499373499252,-21.566933529060808
16.147354175494979,-21.517448596648848
16.14017809119953,-21.467968134323371
16.132961148618289,-21.418493615544552
16.125693443135994,-21.36902652911024
16.118365147151273,-21.319568383571184
16.110966519610574,-21.270120711468309
16.103487915437853,-21.220685073367086
16.095919794855703,-21.171263061666284
16.08825273259222,-21.121856304159365
16.080477426966606,-21.072466467328798
16.072584708845067,-21.023095259353536
16.064565550456997,-20.973744432812062
16.056411074060346,-20.924415787066625
16.048112560442899,-20.875111170312262
16.039661457245476,-20.825832481280468
16.031049387091052,-20.776581670585571
16.022268155502854,-20.727360741706036
16.013309758593046,-20.678171751593894
16.004166390502704,-20.629016810908475
15.994830450573058,-20.579898083873672
15.985294550224983,-20.530817787748351
15.975542552589788,-20.481779988732363
15.96546513443246,-20.432808123138336
15.954896253852096,-20.383940114852489
15.943664911647941,-20.335220303805563
15.931593010677206,-20.286702217978291
15.918492754412551,-20.238452013361879
15.904164457456165,-20.19055262745275
15.888395061390211,-20.143108812583879
15.870957863164707,-20.096253140176987
15.851614249988605,-20.050152884818335
15.83011856963496,-20.005017326547105
15.806227544185656,-19.961104357366739
15.779715608762533,-19.918724300417921
15.750396915878104,-19.878237611928387
15.718233986958086,-19.839971613746478
15.683475247470829,-19.804045594383517
15.646426140652547,-19.770484728712976
15.607388332647034,-19.739257544435077
15.56664528734947,-19.710288526799985
15.524453624613914,-19.683471293362345
15.481039359151586,-19.658680379411617
15.436597633671932,-19.635780703730699
15.391294605040413,-19.614634550305983
15.345270432655891,-19.595106334652488
15.298642654137089,-19.577065594391701
15.251509517000192,-19.560388656016983
15.203953297464667,-19.544958541139287
15.156063423843296,-19.53059558091725
15.10794775149323,-19.517006641583432
15.059699314097731,-19.503895931593732
15.011400164683449,-19.490972916313428
14.963128822802375,-19.477946624904323
14.914967686271394,-19.464519423659617
14.867011077438475,-19.450380577468227
14.819374662600309,-19.435200034348536
14.772207008252611,-19.418623237898398
14.725703898964543,-19.400268501950727
14.680125456567481,-19.379729675118025
14.635814554711962,-19.356588414529927
14.59321183997705,-19.330441699538788
14.552823587623648,-19.300993527544872
14.514924606501253,-19.268401935716369
14.479585327145475,-19.233048702537275
14.446786675213312,-19.195324165332288
14.416439621073984,-19.155598673999442
14.38840661165468,-19.114205974218279
14.362520995759903,-19.071436071044186
14.338602229827918,-19.027534760649839
14.316466501001516,-18.982707033060858
14.295933382611372,-18.937122238445564
14.276829452119909,-18.890919688117961
14.258989754486718,-18.844213975404404
14.242257813914282,-18.797099703589733
14.226507697437455,-18.749648014963554
14.21169063185064,-18.70189667568523
14.197771406707613,-18.653875870868255
14.184713452803202,-18.605613682941364
14.172479156105293,-18.557136089706951
14.161030137878166,-18.50846699441675
14.150327499761254,-18.459628281844299
14.140332033818328,-18.410639894691855
14.131004398561858,-18.361519925287435
14.12230526265804,-18.312284718149769
14.114195418490988,-18.262948979679017
14.106635868037285,-18.213525891889155
14.099587883616117,-18.164027227716893
14.093013046072423,-18.114463466007305
14.086873262852439,-18.064843904771315
14.081130768272645,-18.015176771747182
14.075748108085026,-17.965469331664963
14.070688110223635,-17.915727989923958
14.065913843394268,-17.865958392668428
14.061388564941545,-17.816165523392467
14.05707565923786,-17.766353796591318
14.052938567609949,-17.716527148738805
14.048940710694975,-17.666689127519557
14.04504540392454,-17.616842979854066
14.041215766748735,-17.566991739766088
14.037414626094145,-17.517138316942997
14.033604414504914,-17.467285587151636
14.02974706338038,-17.417436485672958
14.025823325407993,-17.367592563611364
14.021920754319671,-17.31774698429416
14.01816525228613,-17.267890140184484
14.014685262528644,-17.218013368224188
14.011611980912415,-17.168109975245041
14.009079494475419,-17.118176339562627
14.007224746937377,-17.068213095482616
14.006187252753751,-17.018226393963683
14.006108473361534,-16.968229215749467
14.007130766335971,-16.91824268976633
14.009395824862455,-16.868297339859058
14.013042546849533,-16.818434149270125
14.018204315717933,-16.768705299757499
14.025004856287879,-16.719174284418447
14.03348100136852,-16.669902193394307
14.043530980102462,-16.620926579117967
14.055039318476071,-16.572272721533679
14.067892272550383,-16.523956411292964
14.081979203758017,-16.475985119942546
14.097193514402527,-16.428359171557492
14.113433212193838,-16.381072852989714
14.130601175168499,-16.334115424225018
14.148605183559441,-16.287472009445256
14.16735777652034,-16.241124363132194
14.186775981485081,-16.195051514688714
14.206780953887931,-16.149230300573599
14.227297555835465,-16.103635795825735
14.248253299252458,-16.058241380594655
14.269548862984998,-16.013005290095734
14.291045009992031,-15.967864107703667
14.312601188353316,-15.922751542064747
14.33407703997859,-15.877600707250069
14.355330490036058,-15.832344829653595
14.376215822669538,-15.786918014651535
14.396581776479401,-15.741256162901475
14.416269712642523,-15.695298132010453
14.435111942077762,-15.648987244579377
14.452930347758716,-15.602273244020211
14.46953550504705,-15.555114787510723
14.484726583864049,-15.507482529694013
14.498292400711843,-15.459362776472743
14.510014895424128,-15.410761747914945
14.519775350947912,-15.361728876440736
14.527662075826797,-15.312359543985526
14.533800721919228,-15.262742105343529
14.53832768363236,-15.212951348220802
14.541386071108517,-15.163048485163875
14.543122383378494,-15.113081820191468
14.543683948043352,-15.063087860726867
14.543217102947406,-15.013092677654431
14.541866040202278,-14.963113362598547
14.539772207623264,-14.913159479073105
14.537074158228782,-14.86323444571809
14.533907746439775,-14.81333682260785
14.530406583352823,-14.763461495620609
14.526698120140997,-14.713601113558809
14.52284027806707,-14.663752064366541
14.518837671404494,-14.61391442930341
14.514693529463875,-14.564088362909946
14.510411080295912,-14.514273992413385
14.505993550222934,-14.464471418390204
14.50144416340669,-14.414680715426886
14.496766141451689,-14.364901932782621
14.491962703043384,-14.315135095052707
14.487037063620013,-14.26538020283177
14.481992435077441,-14.215637233376345
14.476832025505924,-14.165906141266753
14.47155903895794,-14.116186859067085
14.466176675246052,-14.066479297982815
14.460688129769938,-14.016783348516391
14.45509659337163,-13.967098881119416
14.449405252218019,-13.917425746842008
14.443617287709559,-13.867763777978032
14.437735876414544,-13.818112788707291
14.431764190027602,-13.768472575732876
14.425705395351869,-13.718842918914818
14.419562654303721,-13.669223581899507
14.413339123939148,-13.619614312744089
14.407037956500998,-13.570014844536699
14.400662299486061,-13.520424896012011
14.394215295731287,-13.47084417216252
14.387700083518038,-13.421272364844276
14.381119796693806,-13.371709153379333
14.374477564810197,-13.322154205151859
14.367776513277052,-13.272607176203707
14.361019763530543,-13.223067711819047
14.354210433216171,-13.17353544711143
14.347351636384474,-13.124010007602921
14.340446483699386,-13.074491009800779
14.333498082658236,-13.024978061770113
14.326509537822599,-12.975470763702608
14.319483951059439,-12.925968708482729
14.312424421791528,-12.876471482249903
14.305334047256723,-12.826978664958846
14.298215922775048,-12.777489830936249
14.291073142023185,-12.728004549436145
14.28390879731537,-12.678522385192254
14.276725979890223,-12.629042898969089
14.269527780202722,-12.579565648111661
14.262317288220508,-12.530090187093123
14.255097593724159,-12.480616068062741
14.247871786610306,-12.431142841391843
14.240642957197348,-12.381670056220816
14.233414196532696,-12.332197261004842
14.226188596701197,-12.282724004060981
14.218969251133753,-12.23324983411498
14.211759254915716,-12.18377430084975
14.204561705094175,-12.13429695545463
14.197379700983552,-12.08481735117639
14.190216344468743,-12.035335043871921
14.183074740305173,-11.985849592563337
14.175957689744092,-11.936360604046152
14.168865372962909,-11.88686806480553
14.161796637874241,-11.837372151977071
14.154750320535429,-11.787873042703477
14.147725255658079,-11.73837091270271
14.140720276674815,-11.688865936340957
14.133734215805452,-11.63935828670559
14.126765904122642,-11.58984813567864
14.119814171617074,-11.540335654010928
14.112877847262164,-11.490821011396518
14.105955759078313,-11.44130437654713
14.099046734196795,-11.39178591726759
14.092149598923221,-11.342265800530775
14.085263178800712,-11.292744192553647
14.078386298672724,-11.243221258872778
14.07151778274563,-11.193697164420854
14.064656454651011,-11.14417207360283
14.057801137507788,-11.094646150372336
14.050950653984138,-11.045119558308835
14.044103826359285,-10.995592460694166
14.037259476585147,-10.946065020589478
14.030416426347943,-10.896537400912466
14.023573497129739,-10.847009764514652
14.016729510269958,-10.797482274258284
14.00988328702697,-10.747955093093937
14.003033648639633,-10.698428384137477
13.996179416389053,-10.648902310747429
13.989319411660386,-10.599377036602348
13.982452456004783,-10.549852725777733
13.975577371201579,-10.500329542823181
13.96869297932067,-10.450807652839329
13.961798102785162,-10.401287221554846
13.954891564434275,-10.351768415402828
13.947972187586648,-10.302251401597649
13.941038796103888,-10.252736348210931
13.934090214454608,-10.203223424247916
13.927125267778813,-10.153712799723026
13.920142781952798,-10.104204645735811
13.913141583654463,-10.054699134545773
13.906120500429182,-10.0051964396476
13.899078360756254,-9.9556967358457698
13.892013994115828,-9.9062001993287634
13.884926231056532,-9.8567070077427825
13.877813903263672,-9.8072173402652449
13.870675843628156,-9.7577313776779739
13.863510886316019,-9.7082493024392704
13.856317866838799,-9.6587712987564078
13.849095622124524,-9.6092975526567788
13.841842990589544,-9.5598282520588285
13.834558812211204,-9.5103635868427343
13.827241928601236,-9.4609037489198649
13.819891183080093,-9.4114489323018926
13.812505420752096,-9.3619993331693898
13.805083488581559,-9.3125551499396515
13.797624235469701,-9.2631165833334332
13.790126512332673,-9.2136838364417155
13.782589259604714,-9.1642571014400183
13.775011826908273,-9.1148365103704823
13.767393682102613,-9.0654221787052354
13.759734292023614,-9.0160142234346576
13.752033122426575,-8.9666127630981034
13.74428963794316,-8.9172179178134439
13.736503302038562,-8.8678298093070289
13.728673576968763,-8.8184485609432812
13.720799923738099,-8.7690742977555409
13.712881802056925,-8.719707146476404
13.704918670299532,-8.6703472355692934
13.696909985462131,-8.6209946952593892
13.688855203121213,-8.5716496575661782
13.680753777391814,-8.5223122563351073
13.67260516088618,-8.4729826272705484
13.664408804672476,-8.4236609079689639
13.656164158233686,-8.3743472379522892
13.64787066942665,-8.3250417587017633
13.639527784441295,-8.2757446136924191
13.631134947760017,-8.2264559484279935
13.622691602117204,-8.177175910476139
13.614197188458856,-8.1279046495039537
13.605651145902488,-8.0786423173145252
13.597052911697055,-8.0293890678833861
13.588401921183108,-7.9801450573960215
13.579697607753086,-7.9309104442854039
13.570939402811689,-7.8816853892701166
13.562126735735859,-7.8324700553897513
13.553259033837861,-7.7832646080573022
13.54433572232289,-7.7340692150807335
13.535356224252119,-7.6848840467146085
13.526319960503431,-7.6357092756985443
13.517226349732763,-7.5865450772987515
13.50807480833563,-7.537391629350183
13.498864750408785,-7.4882491122992567
13.489595587712039,-7.4391177092471654
13.480266729630266,-7.3899976059937957
13.470877583135625,-7.3408889910825792
13.461427552749884,-7.2917920558455425
13.45191604050693,-7.2427069944491578
13.442342445915525,-7.1936340039410034
13.432706165922259,-7.1445732842971461
13.423006594874561,-7.0955250384696811
13.413243124484119,-7.0464894724358427
13.403415143790358,-6.9974667952469227
13.393522039124266,-6.9484572190789722
13.383563194072305,-6.8994609592831226
13.37353798944034,-6.8504782344357391
13.36344580321666,-6.8015092663840804
13.353286010543806,-6.7525542803335785
13.343057983672701,-6.7036135048493142
13.332761091935032,-6.6546871719454481
13.322394701706987,-6.6057755171318302
13.311958176375075,-6.5568787794704591
13.301450876302159,-6.5079972016322429
13.290872105684421,-6.4591310414909451
13.280194350238167,-6.4102864286572379
13.269319759154612,-6.3614852999093427
13.2581390743341,-6.3127534488921446
13.24654317264188,-6.2641188103677665
13.234423337024868,-6.2156121878615238
13.22167166119841,-6.1672679501740602
13.208181620321163,-6.1191246745644667
13.193848835511016,-6.0712257065969384
13.178572051760664,-6.0236195977172144
13.162254336024086,-5.9763603739715396
13.144804484024261,-5.9295075837587721
13.126138600843415,-5.8831260718077578
13.106181792824318,-5.8372854329275059
13.084870571750663,-5.7920587774777923
13.062194626816988,-5.7475006570282572
13.038210702319542,-5.7036325953352822
13.01297508956918,-5.6604723317588572
12.986537984697792,-5.6180373067073299
12.958943960528982,-5.5763452505919195
12.930232406595309,-5.5354147138541556
12.900437935060618,-5.4952655571910984
12.869590753092227,-5.4559194191531937
12.837717004277071,-5.4174001768344082
12.804839083298484,-5.3797344144187296
12.770975929444415,-5.342951913772211
12.736143306066063,-5.3070861813389962
12.700354074724968,-5.2721750258661553
12.663618501919395,-5.2382611723066228
12.625953582259337,-5.2053825160550167
12.587398208525347,-5.1735526487243728
12.547996644745542,-5.1427763575845624
12.507794841990419,-5.1130528785135683
12.466839794004976,-5.0843760293849005
12.425178919545305,-5.0567344458056116
12.382859490389245,-5.0301119021764915
12.339928119504561,-5.0044876986480462
12.296430319070952,-4.9798370937504135
12.252410133410109,-4.9561317630841897
12.207909847721314,-4.9333402661667991
12.162969770103933,-4.9114285060028982
12.117628081752065,-4.8903601688271223
12.071920748454296,-4.8700971344633528
12.025881485537981,-4.8505998506133263
11.979541768048788,-4.8318276669674578
11.932930878107062,-4.8137391272242027
11.886075981897427,-4.7962922188753723
11.839002229494699,-4.7794445819665867
11.791732871603484,-4.7631536790106956
11.744289388207964,-4.7473769288690102
11.696691625031432,-4.7320718077794162
11.648957934552223,-4.7171959208608154
11.601105319090994,-4.7027070474148607
11.553149574143498,-4.688563163220385
11.505105430784109,-4.6747224428440752
11.456986696303758,-4.6611432447130534
11.408805955096046,-4.6477856693423494
11.360569253961623,-4.6346316033161132
11.312278158922561,-4.621678649559068
11.263934107349469,-4.6089247627404246
11.215538506106068,-4.5963678996454203
11.167092731975808,-4.5840060196481982
11.118598132092874,-4.5718370851566821
11.070056024377775,-4.5598590620303145
11.021467697975126,-4.5480699199709091
10.972834413694496,-4.5364676328876854
10.924157404452984,-4.5250501792369491
10.875437875718601,-4.5138155423370012
10.826677005954229,-4.5027617106590236
10.777875947061991,-4.4918866780946471
10.729035824826861,-4.4811884442006757
10.680157739359171,-4.4706650144216429
10.631242765535745,-4.4603144002908115
10.582291953439386,-4.4501346196102789
10.533306328795938,-4.4401236966106525
10.484286893408852,-4.4302796620909515
10.435234625590862,-4.4206005535392441
10.38615048059207,-4.4110844152345239
10.337035391025031,-4.4017292983304728
10.287890267285984,-4.3925332609215362
10.238715997971815,-4.383494368091732
10.189513450301806,-4.3746106919483703
10.140283470481844,-4.3658803116299785
10.091026884197099,-4.3573013133221954
10.04174449692189,-4.3488717902264122
9.9924370943565908,-4.3405898425369998
9.9431054428156767,-4.3324535773959605
9.893750289604764,-4.3244611088323683
9.8443723634021936,-4.3166105576895566
9.7949723746329287,-4.3089000515382745
9.7455510158370995,-4.3013277245765345
9.6961089620334775,-4.2938917175164972
9.646646871077678,-4.2865901774586215
9.5971653840144686,-4.279421257753234
9.547665125425123,-4.2723831178499019
9.4981467037693221,-4.2654739231347287
9.448610711721539,-4.2586918447557593
9.3990577265022122,-4.2520350594366905
9.3494883102036255,-4.2455017492790352
9.2999030101100608,-4.239090101552784
9.2503023590132685,-4.232798308475834
9.200686875522587,-4.2266245669821387
9.1510570643697449,-4.2205670784786733
9.1014134167086329,-4.2146240485912765
9.0517564104102242,-4.2087936868993978
9.0020865103524645,-4.2030742066597435
8.9524041687056553,-4.1974638245188283
8.9027098252124706,-4.1919607602142985
8.853003907463842,-4.1865632362650871
8.8032868311735974,-4.1812694776506154
8.7535590004271668,-4.1760777114763012
8.7038208079838277,-4.1709861666336003
8.6540726737399218,-4.1659926898783528
8.6043154277299543,-4.1610908249630141
8.5545501324461863,-4.1562713515256213
8.5047778165525099,-4.1515249186360306
8.4549994741433476,-4.1468421008040943
8.4052160683493025,-4.1422134130865791
8.3554285351500397,-4.137629326266258
8.3056377873431906,-4.1330802820546264
8.2558447186325701,-4.1285567082722947
8.2060502077979347,-4.1240490339622164
8.1562551229076536,-4.1195477043920414
8.1064603255355241,-4.1150431959031497
8.0566666749436031,-4.1105260305652545
8.0068750321943316,-4.1059867905968161
7.9570862641564961,-4.1014161325129237
7.9073012473699098,-4.0968048009635192
7.857520871737683,-4.0921436422264996
7.8077460440148325,-4.0874236173214129
7.7579776910663147,-4.0826358147111454
7.7082167628690303,-4.0777714625603645
7.658464235235936,-4.0728219405211608
7.6087211122424332,-4.067778791017826
7.5589884283388962,-4.0626337300044755
7.5092672501372313,-4.057378657171097
7.4595586778605618,-4.052005665575253
7.4098638464497339,-4.0465070506787759
7.3601839263267275,-4.0408753187712341
7.3105201237972697,-4.0351031947617333
7.260873005496836,-4.0291892573601702
7.2112375808333553,-4.0231778757614123
7.1616060011927214,-4.0171348017251463
7.1119703777877827,-4.0111250624587917
7.0623230024510137,-4.005213283541754
7.0126565481038758,-3.999464149749195
6.9629642751434968,-3.9939428531513146
6.9132402517670632,-3.988715530019677
6.863479596268629,-3.9838496870087896
6.8136787495224986,-3.9794146156119625
6.7638357861429474,-3.9754817919324981
6.7139507730779435,-3.9721252562535723
6.6640261845222604,-3.9694219636004928
6.6140673818134763,-3.9674520923232635
6.5640831661275056,-3.9662992925542282
6.5140864099016342,-3.9660508501324396
6.4640947695599396,-3.9667977342662732
6.414131476466193,-3.9686344890636618
6.3642261946024465,-3.9716589206853947
6.314415921289271,-3.9759715243614471
6.2647458909161742,-3.9816745906520126
6.2152704210318968,-3.9888709307638051
6.1660536162439534,-3.9976621698989678
6.1171698207439311,-4.008146579448689
6.0687036896385536,-4.0204164568886744
6.0207497396719418,-4.0345551181223023
5.9734112500736734,-4.0506336383976205
5.9267983861571008,-4.0687074681154236
5.8809992448249924,-4.0887548161677465
5.8360208027033291,-4.110582880113828
5.7918362135354098,-4.1339774572775436
5.7484002702320982,-4.1587353722212237
5.7056538572620354,-4.1846664929478701
5.6635277340617129,-4.2115942556428534
5.6219455655163033,-4.2393551445878419
5.580826232576551,-4.2677974928833757
5.5400855164455249,-4.296779875226779
5.4996372722164395,-4.3261692780442891
5.4593942086433067,-4.3558391633179792
5.4192683815675036,-4.3856674915600689
5.3791714967997573,-4.4155347343938027
5.3390190180280737,-4.44532716575078
5.298750078926159,-4.474961945457844
5.2583129047311949,-4.504366678261416
5.2176562248385423,-4.5334670572346143
5.1767295395161721,-4.5621863345540081
5.135483470183912,-4.5904448446106283
5.0938701944913118,-4.6181595763232792
5.0518439818952201,-4.6452438178969384
5.0093618433646361,-4.6716069039082635
4.9663843047816663,-4.6971541018351592
4.92287630667321,-4.7217866823396486
4.8788082227933858,-4.7454022233225785
4.8341569754909601,-4.7678952007362616
4.7889074657324704,-4.7891584838581638
4.7430747377447302,-4.8091337602132818
4.6967147072993782,-4.827853067818161
4.6498842033216929,-4.8453625768461999
4.6026363486110187,-4.8617128961290552
4.5550202894381275,-4.876958116567419
4.5070810707474624,-4.8911549314708207
4.4588596329302979,-4.9043618529444624
4.4103929054425901,-4.9166385343097385
4.3617139737737274,-4.928045201131475
4.312852298738501,-4.9386421878582878
4.2638339701793928,-4.9484895732551868
4.2146819804763904,-4.9576469054766381
4.165416506459799,-4.9661730064907976
4.1160551912148282,-4.9741258453181691
4.066613419767533,-4.9815624699158105
4.0171045847187425,-4.9885389882952884
3.9675403395646383,-4.995110590432029
3.9179308387540268,-5.0013316035749584
3.8682849645386397,-5.0072555746075933
3.8186105414204334,-5.0129353740867622
3.768914539556508,-5.0184233174547286
3.7192032688803587,-5.0237712996662971
3.6694825659856192,-5.0290309400838336
3.6197579760229379,-5.034253734967308
3.5700349320081894,-5.0394912152224274
3.5203189340432273,-5.0447951072684702
3.4706157310253918,-5.0502174949464482
3.4209314266125204,-5.0558102721706524
3.3712697550256143,-5.0616005715389454
3.3216309769416621,-5.0675839744611109
3.2720150411157651,-5.073753943449443
3.2224218067818735,-5.0801038187204712
3.1728510451521372,-5.0866268239533863
3.1233024411494266,-5.0933160721039359
3.0737755954253214,-5.1001645712514669
3.024270026634003,-5.1071652304677464
2.9747851739540914,-5.1143108656945024
2.9253203998496229,-5.1215942056176722
2.8758749930570993,-5.1290078975280302
2.8264481717866028,-5.1365445131587517
2.7770390871261545,-5.1441965544914643
2.7276468266337472,-5.1519564595240421
2.6782704181058632,-5.1598166079939602
2.6289088335079906,-5.1677693270524863
2.5795609930526688,-5.1758068968861455
2.5302257694118535,-5.1839215562826286
2.4809019920492004,-5.1921055081394929
2.4315884516578401,-5.2003509249149511
2.3822839046892494,-5.2086499540207907
2.3329870779592881,-5.2169947231582556
2.2836966733167765,-5.2253773455984485
2.2344113723653267,-5.233789925408578
2.1851298411923032,-5.2422245626321109
2.135850735191712,-5.2506733584086955
2.0865727037861372,-5.2591284200681248
2.0372943981350704,-5.267581883084369
1.9880145273248253,-5.2760262164721823
1.9387318559077777,-5.2844541884216936
1.8894451602260569,-5.2928585927949188
1.8401532299414167,-5.3012322392546265
1.7908548712375252,-5.3095679533062583
1.7415489100008672,-5.3178585763806074
1.6922341949790864,-5.3260969659666459
1.6429096009175919,-5.3342759958034467
1.5935740316743774,-5.3423885561398956
1.544226423312145,-5.3504275540709925
1.494865747166817,-5.3583859139591308
1.4454910128919829,-5.3662565779484872
1.3961012714779508,-5.3740325065804733
1.3466956182410055,-5.3817066795183877
1.2972731957953125,-5.3892720963864704
1.2478331969697307,-5.3967217777359533
1.1983748677137886,-5.4040487661376329
1.1488975099545287,-5.4112461274128894
1.0994004844142438,-5.4183069520070823
1.0498832133835438,-5.4252243565112721
1.0003451834576238,-5.4319914853357929
0.95078594816493311,-5.4386015125494005
0.90120513063260588,-5.445047643867734
0.85160242609482284,-5.4513231188204827
0.80197760437477805,-5.4574212130814903
0.75233051227913428,-5.463335240971646
0.70266107590771243,-5.4690585581348854
0.65296919348523264,-5.4745835678177315
0.60325338148450802,-5.4798888303438602
0.55351139046490183,-5.4849426159999997
0.50374140799739575,-5.4897127027054973
0.45394214518381176,-5.4941665294507978
0.40411290150781254,-5.4982711232835744
0.35425363500718399,-5.5019930328404456
0.30436503807394938,-5.5052982692265644
0.25444861952826153,-5.5081522552306152
0.20450679322456433,-5.5105197841291904
0.15454297344539003,-5.5123649895820597
0.10456167712917921,-5.5136513283956861
0.054568632765168004,-5.5143415782124166
0.0045708955058468143,-5.5143978524625554
-0.045423032298212922,-5.5137816351814637
-0.095403076361244843,-5.5124538385261905
-0.14535746324607213,-5.51037488600209
-0.19527259298405031,-5.5075048244991613
-0.2451329145141449,-5.5038034682042731
-0.29492080766318451,-5.4992305772569372
-0.34461647617025182,-5.4937460736068928
-0.39419785704994564,-5.487310295863959
-0.44364055233063882,-5.4798842939616801
-0.49291778983216267,-5.4714301631523963
-0.54200042006599103,-5.4619114151993431
-0.5908569564577878,-5.4512933826445371
-0.63945366579149665,-5.4395436497640093
-0.68775471496388252,-5.4266325013729597
-0.73572703568117237,-5.4125488618144288
-0.78336004571335094,-5.397356611165927
-0.8306545602567772,-5.3811408269209124
-0.87761657062207221,-5.3639854824374895
-0.92425661826188665,-5.3459728615164099
-0.97058918266528782,-5.3271831540798606
-1.0166321023479221,-5.3076942073976188
-1.0624060416335814,-5.2875814086918478
-1.1079340099326147,-5.2669176756524152
-1.1532409355828832,-5.2457735333484843
-1.1983532929200118,-5.2242172586390581
-1.2432987788973471,-5.2023150760303833
-1.2881060340632888,-5.1801313917084393
-1.3328044018152931,-5.1577290550079633
-1.3774237194039172,-5.135169638765487
-1.4219941340066617,-5.1125137317993969
-1.4665459372112719,-5.0898212381580459
-1.5111094113629542,-5.0671516787852484
-1.555714681377991,-5.0445644918920021
-1.6003915657787462,-5.0221193286111108
-1.6451694208505172,-4.9998763404640574
-1.6900769719631836,-4.9778964548003852
-1.735142126270524,-4.9562416336859823
-1.7803917612365889,-4.9349751107295514
-1.8258514838091302,-4.9141615990591792
-1.871545355659392,-4.8938674621167433
-1.9174955807581355,-4.8741608372162144
-1.9637221530303579,-4.8551116998900969
-2.0102398359745455,-4.836785091702076
-2.0570445032018725,-4.8192043580828949
-2.1041249512617086,-4.8023761024710332
-2.1514697839270016,-4.7863067121500169
-2.1990674306957709,-4.7710023918460926
-2.2469061497129221,-4.7564691583899243
-2.2949740308762285,-4.7427128351480246
-2.3432589990336461,-4.7297390462544913
-2.3917488173529313,-4.7175532106176465
-2.4404310908723428,-4.7061605357031624
-2.4892932702605139,-4.695566011091624
-2.5383226558127836,-4.6857744018119147
-2.5875064017119414,-4.6767902414545564
-2.6368315205813335,-4.6686178250724524
-2.6862848883596726,-4.6612612018792863
-2.7358532495260417,-4.6547241677594826
-2.7855232227041444,-4.6490102576068857
-2.8352813066724627,-4.6441227375131247
-2.8851138868086639,-4.6400645968298946
-2.935007241992984,-4.6368385401333336
-2.984947551995023,-4.634446979122167
-3.0349209053642707,-4.6328920244849874
-3.0849133078589084,-4.6321754777752764
-3.1349106913699702,-4.6322988233373739
-3.1848989234818461,-4.633263220327021
-3.2348638175181037,-4.635069494877432
-3.2847911431991772,-4.6377181324602201
-3.3346666394795914,-4.6412092496932225
-3.3844764452961229,-4.6455379648711661
-3.4342079944143165,-4.6506886675619166
-3.4838496100969021,-4.656644239519788
-3.5333903855674142,-4.663387567858952
-3.5828201556752761,-4.6709016041192317
-3.6321294662961496,-4.6791694173058485
-3.6813095421635027,-4.6881742411441243
-3.7303522535786064,-4.6978995158172037
-3.7792500824668802,-4.7083289245019024
-3.8279960881675255,-4.7194464250400747
-3.8765838732869562,-4.7312362770975609
-3.925007549894012,-4.7436830651689768
-3.9732617062860238,-4.7567717177858571
-4.0213413745086051,-4.7704875232785815
-4.0692419987742703,-4.7848161424322715
-4.1169594048847591,-4.7997436183611368
-4.1644897707510031,-4.8152563839156652
-4.2118295980071894,-4.8313412668963807
-4.2589756848322136,-4.8479854933737085
-4.3059250999270109,-4.8651766893495489
-4.3526751575915981,-4.8829028809755846
-4.3992233940080796,-4.9011524935905637
-4.4455675445739242,-4.9199143497316111
-4.4917055222885489,-4.9391776663169198
-4.5376353971320471,-4.9589320511620931
-4.5833553763727632,-4.9791674989791215
-4.6288637857378712,-4.9998743869948941
-4.6741590489100604,-5.0210434755262687
-4.7192392081585197,-5.0426668611948484
-4.7641014144994518,-5.0647388866696463
-4.8087428659655425,-5.0872540590676483
-4.8531609472980337,-5.1102067614765216
-4.8973532306195313,-5.1335912631906657
-4.9413174755964908,-5.1574017299070114
-4.9850516291111457,-5.1816322338402951
-5.0285538244628638,-5.2062767637188285
-5.0718223801227609,-5.2313292346254547
-5.1148557980653191,-5.2567834976500665
-5.1576527617034538,-5.2826333493237954
-5.200212133453296,-5.3088725408069894
-5.2425329519573109,-5.3354947868071854
-5.2846144289935184,-5.3624937742052277
-5.3264559460981307,-5.3898631703703108
-5.368057050932947,-5.417596631149963
-5.4094174534234449,-5.4456878085206926
-5.4505370217021367,-5.474130357893638
-5.4914157778419384,-5.5029179450379102
-5.5320538935150552,-5.5320442526919669
-5.5724516854576773,-5.5615029867595736
-5.6126096108690984,-5.5912878821608967
-5.6525282627370066,-5.6213927083184903
-5.6922083651051514,-5.6518112742763291
-5.7316507683110993,-5.6825374334611052
-5.7708564442132255,-5.7135650880913236
-5.8098264814224683,-5.7448881932391131
-5.8485620805563903,-5.7765007605532936
-5.8870645495391516,-5.8083968616593893
-5.9253352989611479,-5.8405706312467345
-5.9633758374651809,-5.8730162698142205
-6.0011877672579708,-5.9057280461583659
-6.0387727797114543,-5.9387002995787146
-6.0761326510050564,-5.9719274417605206
-6.1132692379381046,-6.0054039584518666
-6.1501844738211826,-6.0391244108625193
-6.1868803644959636,-6.0730834368343505
-6.2233589844786339,-6.1072757517869105
-6.2596224732319214,-6.1416961494509392
-6.2956730315693132,-6.1763395024018708
-6.3315129181942531,-6.2112007624052401
-6.3671444463753142,-6.2462749605844561
-6.4025699807606697,-6.2815572074240231
-6.4377919343315861,-6.3170426926180792
-6.4728127654985235,-6.3527266847781387
-6.5076349753069458,-6.38860453097654
-6.5422611048431243,-6.4246716562281323
-6.5766937327143822,-6.4609235627925763
-6.6109354726956457,-6.4973558294007496
-6.6449889715040342,-6.5339641103764503
-6.6788569067049952,-6.5707441346667448
-6.7125419847481584,-6.6076917047886017
-6.746046939130629,-6.6448026956988686
-6.7793745286853575,-6.6820730535941202
-6.8125275359917135,-6.7194987946461424
-6.8455087285762799,-6.7570760363245208
-6.878319577473019,-6.7948021068017876
-6.9109599268969424,-6.8326757890730523
-6.9434295203453633,-6.8706959645134686
-6.9757281022170883,-6.9088615231733126
-7.0078554176052803,-6.9471713637342649
-7.0398112120921876,-6.9856243934623521
-7.0715952315463344,-7.0242195281583415
-7.1032072219214681,-7.0629556921048957
-7.1346469290575412,-7.1018318180109423
-7.1659140984840386,-7.1408468469537416
-7.1970084752250658,-7.1799997283180916
-7.2279298036063508,-7.2192894197329762
-7.2586778270640062,-7.2587148870055342
-7.28925228795576,-7.2982751040534497
-7.3196529273731503,-7.3379690528338966
-7.3498794849562152,-7.377795723271162
-7.3799316987096253,-7.417754113181676
-7.4098093048202802,-7.4578432281966407
-7.4395120374769848,-7.4980620816830807
-7.4690396286916378,-7.5384096946628256
-7.4983918081216743,-7.578885095729051
-7.5275683028942444,-7.6194873209612188
-7.5565688374370747,-7.6602154138454903
-7.5853931332847555,-7.7010684251566959
-7.614040908938291,-7.7420454129114722
-7.6425118796742515,-7.7831454422470472
-7.6708057573810509,-7.8243675853345493
-7.6989222503895407,-7.8657109212808125
-7.7268610633084851,-7.9071745360339181
-7.7546218968582883,-7.9487575222829499
-7.7822044477065591,-7.9904589793572223
-7.8096084083047002,-8.0322780131239124
-7.8368334667257242,-8.0742137358845021
-7.8638793065025334,-8.1162652662689805
-7.8907456064674797,-8.1584317291290667
-7.9174320405924643,-8.2007122554295275
-7.9439382778300764,-8.2431059821383386
-7.9702639819552603,-8.2856120521150292
-7.9964088114079122,-8.3282296139979266
-8.0223724191356389,-8.3709578220891316
-8.0481544524376538,-8.4137958362389131
-8.0737545528089854,-8.4567428217281915
-8.0991723557850079,-8.4997979491493094
-8.1244074907866644,-8.5429603942856467
-8.1494595809659014,-8.5862293379894616
-8.1743282430517219,-8.6296039660586086
-8.1990130871961711,-8.6730834691111678
-8.2235137168209409,-8.7166670424590436
-8.2478297284629569,-8.76035388597791
-8.2719607116236151,-8.8041432039816954
-8.2959062486184827,-8.8480342050964094
-8.319665914406805,-8.8920261020949383
-8.3432392764646863,-8.9361181118101864
-8.3666258946149092,-8.9803094549672053
-8.3898253208784368,-9.0245993560533009
-8.4128372762629287,-9.0689869518033337
-8.435665789614859,-9.1134691734322359
-8.4583194233269143,-9.158040714586253
-8.4808070881627859,-9.2026962254837859
-8.5031378276861016,-9.2474304193736092
-8.5253208042227904,-9.2922380735539214
-8.5473652849735053,-9.3371140299556323
-8.5692806282780705,-9.382053195257086
-8.5910762700719179,-9.4270505405824121
-8.612761710558642,-9.4721011008141716
-8.6343465011206,-9.5171999735550568
-8.6558402314862164,-9.5623423177753413
-8.6772525171679877,-9.6075233521802641
-8.6985929871835275,-9.6527383533347866
-8.7198712720678841,-9.697982653580441
-8.7410969921836479,-9.7432516387799701
-8.7622797463327782,-9.7885407459244149
-8.7834291006723149,-9.8338454606364056
-8.8045545779342707,-9.8791613146020829
-8.8256656469489076,-9.9244838829631608
-8.8467717124698861,-9.9698087817002179
-8.867882105298305,-10.015131665035131
-8.8890060727026619,-10.060448222880234
-8.9101527691315248,-10.105754178360383
-8.931331247215482,-10.151045285431769
-8.9525504490569201,-10.196317326623845
-8.9738191977920003,-10.241566110897899
-8.9951461894622664,-10.286787471726095
-9.0165420726149925,-10.331976275363207
-9.0380527121154959,-10.377110546885103
-9.0597532090704291,-10.422153809874692
-9.0817195256737353,-10.467067992879999
-9.1040280263987601,-10.511813139659006
-9.1267558801087691,-10.556346666814131
-9.1499814015645597,-10.600622584808159
-9.173784316405909,-10.644590670451104
-9.198245927241592,-10.688195582574144
-9.2234491505672604,-10.731375917968723
-9.24947838489879,-10.774063212678817
-9.2764191601218702,-10.816180905527371
-9.3043575075183185,-10.857643297634699
-9.3333789809961765,-10.898354564914525
-9.3635672557526064,-10.938207910970355
-9.395002235474518,-10.977084985015862
-9.427757619667064,-11.014855730923903
-9.4618979258862979,-11.051378872357912
-9.4974750342894048,-11.086503263594667
-9.5345244259164623,-11.120070328298015
-9.5730614138855046,-11.151917748261637
-9.6130777955660154,-11.181884433407351
-9.6545394445993313,-11.209816600411749
-9.6973853657141795,-11.235574535302566
-9.7415286130506473,-11.259039374062869
-9.7868592187789769,-11.280119086506611
-9.8332489398392831,-11.298752866257495
-9.88055595415765,-11.314917520168748
-9.9286194785520632,-11.328672802121103
-9.977287701588887,-11.34010773375241
-10.026432006418514,-11.349284824770004
-10.075939662463155,-11.356241072332324
-10.125707651550101,-11.360989719736839
-10.175637479346852,-11.363521483233072
-10.225630502374957,-11.363805302885446
-10.275583393628416,-11.361788717436667
-10.325383425802295,-11.357398009849707
-10.37490328712162,-11.350538339387823
-10.423995181658116,-11.341094186121142
-10.47248403407605,-11.32893060322573
-10.520159767371952,-11.31389601592665
-10.566772199339859,-11.295835485311853
-10.612093666157994,-11.274743161766775
-10.655960270481469,-11.250770477664698
-10.698242702578231,-11.224101721576764
-10.738845826637222,-11.194938779579783
-10.777706928974226,-11.163490858148146
-10.814791913232305,-11.1299658575475
-10.85009034852775,-11.094563837804698
-10.883610152983763,-11.057472589174051
-10.915372471777633,-11.018865043954989
-10.945407075279736,-10.978898142334801
-10.973748410119013,-10.937712750800779
-11.000432300572831,-10.895434280159279
-11.025492979068442,-10.852173592648946
-11.048951742964332,-10.808023550691695
-11.070821160473081,-10.763064860682734
-11.091124573099766,-10.717377401821834
-11.109896400158787,-10.671039410870419
-11.127180779063972,-10.624126084404237
-11.143030060504566,-10.57670847805073
-11.157503260976949,-10.528852711352227
-11.170664558584052,-10.480619462217502
-11.182581896988895,-10.432063717790268
-11.193325740675679,-10.383234739003003
-11.202968004952366,-10.334176192988011
-11.211581167982891,-10.284926409223809
-11.219237560120741,-10.235518720072371
-11.226008817769632,-10.185981852707062
-11.231965484344231,-10.136340346201024
-11.237176738896805,-10.086614973992143
-11.241710232866485,-10.036823157617807
-11.24563201653752,-9.9869793623626286
-11.249006538641821,-9.9370954692408358
-11.251896704720155,-9.8871811206430724
-11.254363982101232,-9.8372440391300771
-11.256468541498354,-9.7872903204016026
-11.258269427162285,-9.737324702545159
-11.259824749218636,-9.6873508143929907
-11.261191893242989,-9.6373714062933384
-11.262427743290734,-9.587388566897399
-11.263588915510944,-9.5374039298332551
-11.264724344789363,-9.487418699703337
-11.265846186141701,-9.4374331627425043
-11.266955526064429,-9.3874473467491928
-11.268053454310266,-9.3374612787774112
-11.269141066010203,-9.28747498525121
-11.27021946159471,-9.237488492039617
-11.271289746714627,-9.1875018244901483
-11.272353032158982,-9.1375150075474778
-11.273410433773495,-9.0875280657834541
-11.274463072376577,-9.0375410234829125
-11.275512073674411,-8.9875539047126498
-11.276558568174659,-8.9375667333942879
-11.277603691098763,-8.8875795333778935
-11.278648582292922,-8.8375923285166689
-11.279694386137601,-8.7876051427427502
-11.280742251455651,-8.7376180001443089
-11.281793331418969,-8.6876309250431323
-11.282848783453657,-8.6376439420734297
-11.283909769143715,-8.5876570762614488
-11.28497745413317,-8.5376703531061526
-11.286053008026684,-8.4876837986607345
-11.287137604288551,-8.4376974396147428
-11.288232420140144,-8.3877113033771238
-11.28933863645568,-8.3377254181600513
-11.29045743765637,-8.287739813063606
-11.291590011602864,-8.2377545181609761
-11.292737549486025,-8.187769564584185
-11.293901245715958,-8.1377849846105796
-11.295082297809273,-8.0878008117502365
-11.296281906274611,-8.0378170808332143
-11.297501274496314,-7.9878338280976822
-11.298741608616339,-7.9378510912785423
-11.300004117414256,-7.8878689096962482
-11.301290012185413,-7.8378873243462488
-11.302600506617191,-7.7879063779885174
-11.303936816663381,-7.7379261152372179
-11.305300160416555,-7.6879465826509028
-11.306691757978538,-7.6379678288228536
-11.30811283132887,-7.5879899044712928
-11.309564604191298,-7.538012862529599
-11.311048301898213,-7.4880367582369916
-11.31256515125312,-7.438061649228592
-11.314116380390965,-7.3880875956260015
-11.315703218636504,-7.3381146601270526
-11.317326896360509,-7.288142908095784
-11.318988644833958,-7.2381724076518568
-11.320689696080054,-7.1882032297601768
-11.322431282724194,-7.1382354483192918
-11.32421463784179,-7.0882691402499312
-11.326040994803982,-7.038304385582772
-11.32791158712109,-6.9883412675488827
-11.329827648284763,-6.9383798726479409
-11.331790411605594,-6.8884202907786971
-11.333801110052413,-6.8384626152687478
-11.335860976086028,-6.7885069429936058
-11.337971241492609,-6.7385533744482942
-11.340129673118756,-6.6886018632263191
-11.34231986145719,-6.6386517332670989
-11.344521755932689,-6.5887021175790066
-11.346715305823372,-6.5387521350201929
-11.348880485854245,-6.4888009156213737
-11.350997321770416,-6.4388476257520431
-11.353045915998708,-6.3888914930087912
-11.355006473501867,-6.3389318306666649
-11.35685932792112,-6.2889680615380392
-11.358584968091764,-6.238999741084517
-11.360164065002506,-6.1890265796263328
-11.361577499252585,-6.1390484634944134
-11.362806389041577,-6.08906547497077
-11.363832118705377,-6.0390779108633126
-11.364636367788529,-5.9890862995650993
-11.365201140618119,-5.9390914164507729
-11.36550879631841,-5.8890942974687102
-11.36554207917869,-5.8390962507941202
-11.365284149259535,-5.7890988664194651
-11.364718613096546,-5.7391040235681476
-11.363829554334609,-5.6891138958342875
-11.362601564102146,-5.6391309539668164
-11.361019770912932,-5.5891579662357529
-11.359069869864495,-5.5391979963417457
-11.356738150887077,-5.4892543988531273
-11.354011525786028,-5.4393308121818107
-11.350877553814074,-5.3894311491315179
-11.347324465511074,-5.3395595851171205
-11.343336865095287,-5.2897209000359267
-11.338876878755444,-5.2399223020949082
-11.333898038075089,-5.1901729422404275
-11.328352022669849,-5.1404836618540877
-11.322188215685381,-5.0908672851278638
-11.315353253690674,-5.0413389672964053
-11.307790570654165,-4.9919166102252541
-11.299439934537533,-4.9426213592503405
-11.29023697862614,-4.8934781975429136
-11.280112734464119,-4.8445166567444451
-11.268993179821788,-4.7957716651818325
-11.256798824144523,-4.7472845566247877
-11.243444366496014,-4.6991042633040312
-11.228838478017169,-4.6512887145796382
-11.212883783572037,-4.603906455756432
-11.195477146243453,-4.5570384865697013
-11.176510393488227,-4.510780291383373
-11.155871662695814,-4.4652439872044223
-11.133447580214742,-4.4205604445471067
-11.109126508549993,-4.3768811344423959
-11.082803079227952,-4.3343793229147618
-11.054384141390488,-4.2932500853225317
-11.023796061753211,-4.2537084851069116
-10.990992984556126,-4.2159852242442382
-10.955965217612372,-4.1803192238722451
-10.918746448719219,-4.1469470242317801
-10.879418612833046,-4.1160890657931573
-10.838160858795115,-4.0878618462091492
-10.795264354795778,-4.0621909134740362
-10.751005542010979,-4.0389447830647258
-10.705626327325934,-4.0179672725006439
-10.659332966563404,-3.9990902364658436
-10.612298052362746,-3.9821430062848537
-10.564664117070732,-3.966958773519754
-10.516547813661239,-3.9533785001449244
-10.468044049325632,-3.9412529994743735
-10.419229748709808,-3.930443754008647
-10.370167117730421,-3.9208229120378224
-10.320906390068323,-3.9122727826354393
-10.271488094677679,-3.9046850477275408
-10.221944905897741,-3.897959833861468
-10.172303142846316,-3.8920047321639619
-10.122583981022366,-3.8867338179090778
-10.072804431342353,-3.8820666963540624
-10.022978133671542,-3.8779275852890343
-9.9731160038266093,-3.874244434091195
-9.9232267663814824,-3.8709480719896932
-9.8733174001440727,-3.8679713731967666
-9.8233935190910788,-3.8652484225019235
-9.7734597088007558,-3.8627136610461967
-9.7235198370390545,-3.8603009876151555
-9.6735773572345618,-3.85794278525483
-9.6236356254122342,-3.8555688355858697
-9.5736982552821477,-3.8531050729322205
-9.5237695435382808,-3.8504721160151707
-9.4738552331018031,-3.8475797404319256
-9.423964141267124,-3.8443124263452861
-9.3741086958800395,-3.8405415229219795
-9.3243059441455696,-3.836130632835169
-9.2745789419091764,-3.8309367983564657
-9.224958205166665,-3.824812309506743
-9.1754831006637634,-3.8176072544580677
-9.1262029988887328,-3.8091728913117597
-9.077177964423198,-3.7993658384242903
-9.0284787334261658,-3.7880529531276399
-8.9801857484709782,-3.7751166055683099
-8.9323871064356499,-3.7604598852067488
-8.8851754300569183,-3.7440111516830608
-8.8386399223165704,-3.7257370006865091
-8.792814044225322,-3.7057484627375379
-8.7476840061728591,-3.6842337923376607
-8.7032238320214521,-3.6613660229039566
-8.6593993110881478,-3.6373017964365166
-8.6161705377575863,-3.6121825487600674
-8.5734937980579726,-3.5861360083247562
-8.5313229202776419,-3.5592778191111081
-8.4896101995899702,-3.5317131729122901
-8.448306990637052,-3.5035383887484288
-8.4073640436835273,-3.4748424125251507
-8.3667316425676379,-3.4457082332693414
-8.3263595875781782,-3.4162142274821234
-8.28619705386593,-3.3864354535035046
-8.2461976367480467,-3.3564378883491224
-8.2063438898896415,-3.3262470503332811
-8.1666283250720682,-3.2958746568722086
-8.1270430530042148,-3.2653326346001847
-8.0875797900034456,-3.2346331190356041
-8.0482298777674224,-3.2037884394779619
-8.0089843048954013,-3.1728111042479377
-7.9698337300569886,-3.1417137863067239
-7.930768506699768,-3.1105093092740983
-7.8917787091837495,-3.0792106338495184
-7.8528541602272011,-3.047830844625012
-7.8139844595471804,-3.0163831372648828
-7.775159013574477,-2.9848808060120242
-7.7363670661229982,-2.9533372314694297
-7.6975977298913811,-2.9217658685934547
-7.6588400186743062,-2.890180234826575
-7.6200828801580007,-2.8585938982882078
-7.5813152291746473,-2.8270204659378613
-7.5425259812858307,-2.7954735716190537
-7.5037040865644409,-2.7639668638921782
-7.464838563440285,-2.7325139935642406
-7.4259185324705896,-2.701128600825669
-7.3869332498930298,-2.6698243019098897
-7.34787214081397,-2.6386146751980748
-7.3087248318784832,-2.6075132466996576
-7.2694811832816164,-2.5765334748644566
-7.2301313199138919,-2.5456887346463852
-7.1906656618273113,-2.5149923004961421
-7.1510763669905097,-2.4844554922532569
-7.1113605253203485,-2.4540834541745031
-7.0715162392673854,-2.4238801183785603
-7.0315416203741972,-2.3938494954899463
-6.9914347892831517,-2.3639956782565159
-6.9511938758701683,-2.3343228451898321
-6.910817019516533,-2.3048352642399825
-6.8703023695206547,-2.2755372965074114
-6.829648085652928,-2.2464333999943018
-6.7888523388592033,-2.2175281333986248
-6.7479133121166832,-2.188826159951696
-6.7068292014492243,-2.1603322513011745
-6.6655982171075001,-2.1320512914392622
-6.6242185849195865,-2.103988280674792
-6.582688547834576,-2.0761483396581304
-6.5410063676192447,-2.0485367134244412
-6.4991703268072429,-2.0211587755133005
-6.4571787308068238,-1.9940200320911889
-6.4150299102502313,-1.9671261261209552
-6.3727222235678456,-1.9404828415534625
-6.3302540598028445,-1.9140961075369924
-6.2876238416794328,-1.887972002636314
-6.2448300289370149,-1.8621167590510923
-6.2018711219448095,-1.8365367668226016
-6.1587456656101853,-1.8112385780149416
-6.1154522535961071,-1.7862289108560006
-6.0719895328621538,-1.7615146538205853
-6.0283562085454623,-1.7371028696367812
-5.984551711707268,-1.7129995895622563
-5.9405790326860544,-1.6892045103302264
-5.8964423094924028,-1.6657151040645872
-5.8521456513760732,-1.6425287100484292
-5.8076931344358744,-1.6196425401303378
-5.7630887981790995,-1.5970536828786788
-5.7183366422903532,-1.5747591078059098
-5.673440623619741,-1.552755669650189
-5.628404653343182,-1.5310401126747404
-5.5832325944150831,-1.5096090750282847
-5.5379282591513395,-1.4884590930728518
-5.4924954070609022,-1.4675866057239122
-5.4469377428758348,-1.4469879587661578
-5.4012589147832992,-1.426659409135794
-5.3554625128558566,-1.4065971291578732
-5.3095520676754377,-1.3867972107277691
-5.2635310491447589,-1.3672556694263109
-5.2174028654819198,-1.3479684485599734
-5.1711708623826587,-1.3289314231138347
-5.1248383223940213,-1.3101404036303081
-5.0784084643682945,-1.2915911399557611
-5.0318844431563665,-1.2732793249174201
-4.9852693494092319,-1.2552005978740552
-4.9385662095296103,-1.2373505481563141
-4.8917779857595054,-1.2197247183900033
-4.8449075763952543,-1.2023186076987418
-4.7979578161240566,-1.185127674783975
-4.7509314764745154,-1.168147340880348
-4.7038312663741815,-1.1513729925851601
-4.656659832807744,-1.134799984561327
-4.6094197615691304,-1.1184236421135827
-4.5621135781013393,-1.1022392636382317
-4.5147437484170743,-1.0862421229468737
-4.4673126800950973,-1.0704274714654547
-4.4198227233462504,-1.054790540309948
-4.3722761721434553,-1.03932654224032
-4.3246752654108667,-1.0240306734949367
-4.2770221882667521,-1.0088981155075354
-4.2293190733154846,-0.9939240365092995
-4.1815680019846253,-0.97910359301887528
-4.1337710059023731,-0.96443193122303439
-4.0859300683115709,-0.94990418825105538
-4.038047125516564,-0.93551549334596795
-3.9901240683597008,-0.92126096893599085
-3.9421627437239475,-0.90713573160940753
-3.8941649560591136,-0.89313489299643223
-3.846132468928253,-0.87925356056132642
-3.7980670065723765,-0.86548683830847473
-3.7499702554910255,-0.85182982740590185
-3.7018438660366932,-0.83827762672981199
-3.653689454020987,-0.82482533333364594
-3.6055086023310139,-0.81146804284527285
-3.5573028625545322,-0.79820084979588102
-3.5090737566126893,-0.78501884788414666
-3.4608227783989638,-0.77191713017914676
-3.4125513950814832,-0.75889079053474229
-3.3642607323227098,-0.74593610469595995
-3.3159509978894315,-0.73305272194675486
-3.2676222387826575,-0.72024089020935189
-3.2192745027863521,-0.70750085840174171
-3.1709078384756419,-0.69483287643813152
-3.1225222952256426,-0.68223719522946902
-3.0741179232201459,-0.66971406668383937
-3.0256947734603394,-0.65726374370677743
-2.9772528977733006,-0.64488648020143235
-2.9287923488211187,-0.63258253106879858
-2.8803131801096975,-0.62035215220776851
-2.8318154459978704,-0.60819560051516697
-2.7832992017063169,-0.59611313388563791
-2.7347645033265642,-0.58410501121145164
-2.6862114078302888,-0.57217149238228682
-2.6376399730786595,-0.5603128382849154
-2.5890502578315151,-0.54852931080274536
-2.5404423217566041,-0.53682117281527097
-2.4918162254391936,-0.52518868819750342
-2.4431720303916662,-0.51363212181929108
-2.3945097990627131,-0.50215173954442804
-2.3458295948474479,-0.49074780822987191
-2.297131482096626,-0.47942059572463314
-2.2484155261266769,-0.46817037086874008
-2.1996817932294959,-0.45699740349202822
-2.1509303506824105,-0.44590196441285052
-2.1021612667578542,-0.43488432543659739
-2.053374610733516,-0.42394475935420556
-2.0045704529026671,-0.41308353994057662
-1.95574886458394,-0.40230094195274779
-1.9069099181317264,-0.39159724112807198
-1.8580536869463407,-0.38097271418221434
-1.8091802454844472,-0.37042763880707497
-1.7602896692694183,-0.35996229366856008
-1.7113820349018345,-0.34957695840424929
-1.6624574200698341,-0.33927191362089132
-1.6135159035598463,-0.32904744089184174
-1.5645575652671868,-0.31890382275432827
-1.5155824862068068,-0.30884134270660546
-1.466590748523904,-0.29886028520493269
-1.4175824355047437,-0.28896093566044961
-1.3685576315878301,-0.27914358043597165
-1.3195164223743738,-0.26940850684249018
-1.2704588946396866,-0.25975600313570629
-1.2213851363439421,-0.25018635851228083
-1.172295236643349,-0.24069986310600855
-1.123189285901447,-0.23129680798385532
-1.0740673757002015,-0.22197748514179319
-1.0249295988510982,-0.2127421875004725
-0.97577604940675289,-0.20359120890082449
-0.92660682267204042,-0.19452484409940432
-0.87742201521579577,-0.18554338876366994
-0.82822172488185419,-0.1766471394669657
-0.77900605080094154,-0.16783639368348716
-0.72977509340189917,-0.15911144978294708
-0.68052895447505379,-0.15047260673131208
-0.63126775314905148,-0.14192007191531145
-0.58199164790067437,-0.1334538295065705
-0.53270080269967079,-0.12507383013499496
-0.48339538119413739,-0.11678002392962945
-0.43407554670810783,-0.10857236052296015
-0.38474146223965522,-0.10045078905529911
-0.33539329045887484,-0.092415258179141396
-0.28603119370595387,-0.084465716063530233
-0.23665533398925626,-0.076602110398416925
-0.18726587298349776,-0.068824388399028227
-0.13786297202769807,-0.061132496810190722
-0.088446792123400855,-0.053526381910690979
