s_m,left_x_m,left_y_m,d_left_m,right_x_m,right_y_m,d_right_m,left_kind,right_kind,valid,reason
0,0.05141899166152232,0.90000000000000291,0.93179584310346619,0.058450929139372776,-0.94999999999999762,-0.91821752121169287,occupied,occupied,1,
0.049991225330910077,0.10114465917861994,0.90000000000000191,0.93159966195331756,0.10870466993257002,-0.94999999999999907,-0.91841578494505982,occupied,occupied,1,
0.099982450661820155,0.15088745969279208,0.90000000000000024,0.93138966910395837,0.15894174408884129,-0.94999999999999918,-0.91862786365002325,occupied,occupied,1,
0.14997367599273023,0.20064739791624281,0.90000000000000124,0.93116676445274349,0.20916213818090998,-0.94999999999999973,-0.91885283025477693,occupied,occupied,1,
0.19996490132364031,0.25042447599163797,0.89999999999999925,0.93093184930219364,0.25936583802127294,-0.95000000000000129,-0.91908975812701332,occupied,occupied,1,
0.24995612665455039,0.3002186936093092,0.90000000000000091,0.93068582631382002,0.30955282877876278,-0.94999999999999873,-0.91933772112533607,occupied,occupied,1,
0.29994735198546046,0.35003004812485772,0.90000000000000124,0.93042959946142634,0.35972309509543898,-0.94999999999999851,-0.91959579365067157,occupied,occupied,1,
0.34993857731637057,0.39985853467714666,0.89999999999999913,0.9301640739839947,0.40987662120379958,-0.95000000000000062,-0.91986305069760155,occupied,occupied,1,
0.39992980264728062,0.4497041463066262,0.8999999999999988,0.92989015633812178,0.46001339104425737,-0.95000000000000184,-0.92013856790565662,occupied,occupied,1,
0.44992102797819067,0.49956687407394912,0.90000000000000369,0.92960875415003263,0.51013338838284039,-0.94999999999999629,-0.92042142161052487,occupied,occupied,1,
0.49991225330910077,0.54944670717886412,0.90000000000000202,0.92932077616719178,0.56023659692910488,-0.9499999999999984,-0.92071068889517949,occupied,occupied,1,
0.54990347864001088,0.59934363307931449,0.90000000000000158,0.92902713220958999,0.61032300045418875,-0.94999999999999929,-0.92100544764081793,occupied,occupied,1,
0.59989470397092093,0.64925763761075106,0.8999999999999998,0.92872873312061455,0.66039258290901559,-0.95000000000000095,-0.92130477657773624,occupied,occupied,1,
0.64988592930183098,0.6991887051055673,0.90000000000000302,0.92842649071763594,0.71044532854255849,-0.94999999999999751,-0.92160775533598893,occupied,occupied,1,
0.69987715463274114,0.74913681851267244,0.90000000000000258,0.92812131774224249,0.76048122202017931,-0.94999999999999685,-0.92191346449590206,occupied,occupied,1,
0.74986837996365119,0.79910195951712593,0.90000000000000113,0.92781412781023398,0.81050024854196745,-0.94999999999999862,-0.92222098563834409,occupied,occupied,1,
0.79985960529456124,0.84908410865981998,0.8999999999999998,0.92750583536130926,0.86050239396106531,-0.95000000000000062,-0.922529401394797,occupied,occupied,1,
0.84985083062547129,0.89908324545716189,0.89999999999999913,0.92719735560852057,0.91048764490193357,-0.95000000000000051,-0.92283779549718059,occupied,occupied,1,
0.89984205595638134,0.94909934852073174,0.90000000000000213,0.92688960448750224,0.9604559888785299,-0.94999999999999774,-0.92314525282741211,occupied,occupied,1,
0.9498332812872915,0.99913239567686118,0.90000000000000191,0.92658349860548173,1.0104074144123496,-0.94999999999999885,-0.92345085946668359,occupied,occupied,1,
0.99982450661820155,1.049182364086114,0.90000000000000169,0.92627995519013595,1.0603419111503072,-0.94999999999999873,-0.92375370274441071,occupied,occupied,1,
1.0498157319491117,1.0992492303626151,0.89999999999999902,0.92597989203825337,1.1102594699824051,-0.95000000000000029,-0.92405287128689462,occupied,occupied,1,
1.0998069572800218,1.14933297069322,0.90000000000000191,0.92568422746428136,1.1601600831591845,-0.94999999999999896,-0.92434745506560279,occupied,occupied,1,
1.1497981826109318,1.1994335609564548,0.90000000000000113,0.9253938802487135,1.2100437444088825,-0.94999999999999785,-0.92463654544511564,occupied,occupied,1,
1.1997894079418419,1.2495509768412165,0.90000000000000158,0.92510976958643254,1.2599104490542941,-0.94999999999999851,-0.92491923523066299,occupied,occupied,1,
1.2497806332727519,1.2996851939651761,0.90000000000000047,0.92483281503492398,1.3097601941292691,-0.95000000000000029,-0.92519461871526476,occupied,occupied,1,
1.299771858603662,1.349836187992878,0.90000000000000313,0.92456393646246582,1.3595929784948482,-0.94999999999999762,-0.92546179172644294,occupied,occupied,1,
1.349763083934572,1.400003934753479,0.90000000000000113,0.92430405399624516,1.4094088029549747,-0.94999999999999929,-0.92571985167251358,occupied,occupied,1,
1.3997543092654823,1.4501884103580753,0.90000000000000335,0.92405408797050925,1.4592076703717305,-0.94999999999999629,-0.92596789758836295,occupied,occupied,1,
1.4497455345963923,1.5003895913166481,0.89999999999999969,0.92381495887465181,1.508989585780127,-0.95000000000000018,-0.92620503018081002,occupied,occupied,1,
1.4997367599273024,1.5506020774375,0.90000000000000213,0.92358754079308691,1.5587599502643452,-0.94999999999999796,-0.92643044584624812,occupied,occupied,1,
1.5497279852582124,1.6008114852536552,0.90000000000000135,0.92337207206339345,1.608533192850538,-0.94999999999999929,-0.92664404266864142,occupied,occupied,1,
1.5997192105891225,1.6510170424074047,0.90000000000000158,0.92316835421245236,1.6583101042635744,-0.94999999999999907,-0.92684602106986946,occupied,occupied,1,
1.6497104359200325,1.7012187612669512,0.90000000000000124,0.92297618150502592,1.7080906877984243,-0.94999999999999951,-0.92703658152507173,occupied,occupied,1,
1.6997016612509426,1.751416653771984,0.90000000000000235,0.92279534850273615,1.7578749465187751,-0.9499999999999974,-0.92721592431297339,occupied,occupied,1,
1.7496928865818526,1.8016107314403886,0.90000000000000069,0.92262565005815522,1.8076628832632624,-0.94999999999999996,-0.92738424952121978,occupied,occupied,1,
1.7996841119127627,1.8518010053748972,0.90000000000000135,0.92246688130895094,1.8574545006516501,-0.9499999999999994,-0.92754175705165065,occupied,occupied,1,
1.8496753372436729,1.9019874862696864,0.90000000000000213,0.92231883767203215,1.9072498010909711,-0.94999999999999862,-0.92768864662560724,occupied,occupied,1,
1.899666562574583,1.9521701844169381,0.90000000000000058,0.9221813148377479,1.9570487867816453,-0.94999999999999896,-0.92782511778918519,occupied,occupied,1,
1.949657787905493,2.0023491097133488,0.90000000000000024,0.92205410876411298,2.0068514597235532,-0.9499999999999994,-0.92795136991848071,occupied,occupied,1,
1.9996490132364031,2.0525242716665884,0.90000000000000402,0.92193701567105235,2.0566578217220743,-0.94999999999999651,-0.92806760222482276,occupied,occupied,1,
2.0496402385673131,2.1026956794017249,0.90000000000000324,0.92182983203466695,2.1064678743941045,-0.94999999999999718,-0.92817401376000119,occupied,occupied,1,
2.0996314638982234,2.1528633416675991,0.90000000000000091,0.92173235458156244,2.1562816191740293,-0.95000000000000018,-0.92827080342144874,occupied,occupied,1,
2.1496226892291332,2.2030272668431543,0.9000000000000018,0.92164438028317153,2.2060990573196695,-0.94999999999999774,-0.92835816995743003,occupied,occupied,1,
2.1996139145600435,2.2531874629437385,0.89999999999999891,0.92156570635009771,2.2559201899182093,-0.95000000000000051,-0.92843631197223764,occupied,occupied,1,
2.2496051398909533,2.3033439376273419,0.90000000000000024,0.92149613022652721,2.3057450178920718,-0.94999999999999996,-0.92850542793131352,occupied,occupied,1,
2.2995963652218636,2.3534966982008196,0.8999999999999988,0.92143544958460666,2.3555735420047883,-0.95000000000000062,-0.92856571616642714,occupied,occupied,1,
2.3495875905527734,2.4036457516260525,0.89999999999999969,0.92138346231890456,2.4054057628668231,-0.95000000000000029,-0.92861737488078921,occupied,occupied,1,
2.3995788158836837,2.4537911045260969,0.90000000000000113,0.9213399665408486,2.4552416809413922,-0.94999999999999951,-0.92866060215418256,occupied,occupied,1,
2.449570041214594,2.5039327631912736,0.89999999999999947,0.92130476057321231,2.50508129655024,-0.95000000000000118,-0.92869559594807183,occupied,occupied,1,
2.4995612665455038,2.5540707335852302,0.90000000000000202,0.92127764294463022,2.554924609879393,-0.94999999999999851,-0.92872255411069105,occupied,occupied,1,
2.5495524918764141,2.60420502135096,0.90000000000000213,0.92125841238409811,2.6047716209848883,-0.94999999999999785,-0.92874167438215527,occupied,occupied,1,
2.5995437172073239,2.6543356318168114,0.89999999999999925,0.92124686781554077,2.6546223297985021,-0.95000000000000084,-0.928753154399522,occupied,occupied,1,
2.6495349425382342,2.7044625700024345,0.90000000000000224,0.9212428083523827,2.7044767361334241,-0.94999999999999751,-0.92875719170185478,occupied,occupied,1,
2.699526167869144,2.754585840624705,0.90000000000000158,0.9212460332921083,2.7543348396899243,-0.94999999999999929,-0.92875398373531659,occupied,occupied,1,
2.7495173932000543,2.8047054481036318,0.90000000000000357,0.92125634211090524,2.8041966400610128,-0.94999999999999618,-0.92874372785818071,occupied,occupied,1,
2.7995086185309646,2.8548213965681994,0.89999999999999969,0.92127353445826021,2.8540621367380496,-0.95000000000000018,-0.92872662134591932,occupied,occupied,1,
2.8494998438618744,2.9049336898622236,0.9000000000000008,0.92129741015164046,2.9039313291163702,-0.94999999999999907,-0.92870286139619485,occupied,occupied,1,
2.8994910691927847,2.9550423315501444,0.90000000000000158,0.92132776917112147,2.9538042165008727,-0.94999999999999829,-0.92867264513393333,occupied,occupied,1,
2.9494822945236945,3.0051473249228002,0.89999999999999947,0.92136441165408922,3.0036807981115863,-0.95000000000000084,-0.92863616961633,occupied,occupied,1,
2.9994735198546048,3.0552486730031827,0.90000000000000102,0.92140713788994533,3.0535610730892366,-0.94999999999999973,-0.92859363183786003,occupied,occupied,1,
3.0494647451855146,3.1053463785521607,0.90000000000000391,0.92145574831480515,3.1034450405007941,-0.94999999999999685,-0.92854522873531209,occupied,occupied,1,
3.0994559705164249,3.1554404440741637,0.90000000000000158,0.92151004350623444,3.1533326993449866,-0.94999999999999929,-0.92849115719279385,occupied,occupied,1,
3.1494471958473347,3.2055308718228681,0.89999999999999936,0.92156982417801303,3.2032240485578338,-0.95000000000000118,-0.92843161404671914,occupied,occupied,1,
3.199438421178245,3.2556176638068424,0.90000000000000013,0.92163489117488318,3.2531190870181432,-0.95000000000000051,-0.92836679609082606,occupied,occupied,1,
3.2494296465091552,3.3057008217951664,0.89999999999999969,0.92170504546732202,3.3030178135530024,-0.94999999999999996,-0.92829690008117549,occupied,occupied,1,
3.2994208718400651,3.3557803473230381,0.90000000000000302,0.9217800881463486,3.352920226943259,-0.94999999999999662,-0.92822212274113691,occupied,occupied,1,
3.3494120971709753,3.4058562416973497,0.90000000000000191,0.9218598204183075,3.4028263259289884,-0.94999999999999762,-0.92814266076639662,occupied,occupied,1,
3.3994033225018851,3.4559285060022535,0.90000000000000013,0.92194404359970938,3.4527361092149627,-0.9500000000000004,-0.92805871082992908,occupied,occupied,1,
3.4493945478327954,3.5059971411046984,0.90000000000000169,0.92203255911205118,3.502649575476096,-0.9499999999999974,-0.92797046958699247,occupied,occupied,1,
3.4993857731637052,3.5560621476599512,0.90000000000000135,0.92212516847664761,3.5525667233628933,-0.94999999999999929,-0.92787813368014005,occupied,occupied,1,
3.5493769984946155,3.6061235261171078,0.90000000000000036,0.92222167330950067,3.602487551506893,-0.94999999999999996,-0.92778189974417524,occupied,occupied,1,
3.5993682238255253,3.6561812767245629,0.90000000000000124,0.92232187531615817,3.6524120585260857,-0.94999999999999896,-0.92768196441116202,occupied,occupied,1,
3.6493594491564356,3.7062353995354917,0.89999999999999947,0.92242557628658162,3.7023402430303527,-0.95000000000000151,-0.9275785243154151,occupied,occupied,1,
3.6993506744873459,3.7562858944133066,0.89999999999999836,0.9225325780900443,3.7522721036268929,-0.95000000000000118,-0.92747177609847364,occupied,occupied,1,
3.7493418998182557,3.8063327610370772,0.90000000000000246,0.92264268267001925,3.8022076389256214,-0.94999999999999829,-0.92736191641411203,occupied,occupied,1,
3.799333125149166,3.8563759989069748,0.90000000000000202,0.92275569203906727,3.8521468475446077,-0.94999999999999774,-0.92724914193333197,occupied,occupied,1,
3.8493243504800758,3.9064156073496759,0.8999999999999998,0.92287140827377501,3.9020897281154818,-0.94999999999999951,-0.92713364934935083,occupied,occupied,1,
3.8993155758109861,3.9564515855237574,0.9000000000000008,0.92298963350966423,3.9520362792888437,-0.94999999999999973,-0.92701563538260279,occupied,occupied,1,
3.9493068011418959,4.0064839324250903,0.90000000000000002,0.9231101699361064,4.001986499739683,-0.95000000000000062,-0.92689529678575222,occupied,occupied,1,
3.9992980264728062,4.0565126468922061,0.89999999999999991,0.92323281979127403,4.0519403881727829,-0.95000000000000095,-0.92677283034869251,occupied,occupied,1,
4.0492892518037165,4.1065377276116726,0.90000000000000135,0.92335738535707246,4.1018979433281455,-0.9499999999999984,-0.92664843290356114,occupied,occupied,1,
4.0992804771346263,4.1565591731234504,0.9000000000000008,0.92348366895408329,4.1518591639864084,-0.94999999999999918,-0.92652230132976643,occupied,occupied,1,
4.1492717024655361,4.2065769818262284,0.90000000000000102,0.92361147293652668,4.2018240489742507,-0.94999999999999973,-0.92639463255899246,occupied,occupied,1,
4.1992629277964468,4.2565911519827901,0.90000000000000047,0.92374059968720834,4.2517925971698407,-0.94999999999999873,-0.92626562358024045,occupied,occupied,1,
4.2492541531273567,4.306601681725307,0.89999999999999969,0.92387085161248683,4.3017648075082295,-0.95000000000000018,-0.92613547144486719,occupied,occupied,1,
4.2992453784582665,4.3566085690607181,0.90000000000000069,0.92400203113723922,4.3517406789868307,-0.94999999999999896,-0.926004373271613,occupied,occupied,1,
4.3492366037891763,4.4066118118760018,0.8999999999999998,0.92413394069982246,4.4017202106708133,-0.95000000000000107,-0.92587252625167282,occupied,occupied,1,
4.399227829120087,4.4566114079435328,0.90000000000000058,0.92426638274705852,4.4517034016985857,-0.95000000000000029,-0.92574012765373015,occupied,occupied,1,
4.4492190544509969,4.5066073549263734,0.90000000000000346,0.92439915972919973,4.5016902512872274,-0.94999999999999729,-0.92560737482904343,occupied,occupied,1,
4.4992102797819067,4.5565996503822035,0.90000000000000202,0.92453207409489768,4.5516807587365724,-0.9499999999999974,-0.92547446521652299,occupied,occupied,1,
4.5492015051128174,4.6065882917744663,0.90000000000000235,0.9246649282862166,4.6016749234405179,-0.94999999999999829,-0.9253415963477879,occupied,occupied,1,
4.5991927304437272,4.6565732764685972,0.90000000000000235,0.9247975247335688,4.6516727448834265,-0.94999999999999707,-0.92520896585229251,occupied,occupied,1,
4.6491839557746371,4.706554601743556,0.8999999999999998,0.92492966585071956,4.7016742226518469,-0.95000000000000073,-0.92507677146242684,occupied,occupied,1,
4.6991751811055469,4.7565322647955348,0.89999999999999847,0.92506115402977018,4.751679356438423,-0.95000000000000173,-0.92494521101861071,occupied,occupied,1,
4.7491664064364576,4.8065062627432855,0.90000000000000224,0.92519179163613141,4.8016881460474261,-0.9499999999999974,-0.92481448247444387,occupied,occupied,1,
4.7991576317673674,4.8564765926334204,0.90000000000000202,0.92532138100349159,4.8517005914002782,-0.94999999999999862,-0.92468478390185294,occupied,occupied,1,
4.8491488570982773,4.9064432514457357,0.89999999999999947,0.92544972442881757,4.901716692541112,-0.95000000000000051,-0.92455631349621537,occupied,occupied,1,
4.899140082429188,4.956406236098517,0.90000000000000291,0.925576624167328,4.9517364496423202,-0.94999999999999718,-0.9244292695815397,occupied,occupied,1,
4.9491313077600978,5.0063655434538736,0.90000000000000269,0.92570188242744278,5.001759863010145,-0.94999999999999674,-0.92430385061565978,occupied,occupied,1,
4.9991225330910076,5.0563211703230628,0.90000000000000102,0.925825301365785,5.0517869330902725,-0.94999999999999951,-0.92418025519540659,occupied,occupied,1,
5.0491137584219175,5.1062731134718193,0.90000000000000224,0.92594668308214034,5.1018176604734435,-0.94999999999999851,-0.92405868206181596,occupied,occupied,1,
5.0991049837528282,5.1562213696257109,0.90000000000000224,0.9260658296144102,5.1518520459011006,-0.94999999999999818,-0.92393933010537066,occupied,occupied,1,
5.149096209083738,5.2061659354754637,0.90000000000000047,0.9261825429335856,5.201890090271017,-0.94999999999999962,-0.92382239837122404,occupied,occupied,1,
5.1990874344146478,5.256106807682345,0.90000000000000191,0.92629662493870502,5.2519317946429958,-0.94999999999999896,-0.92370808606445387,occupied,occupied,1,
5.2490786597455585,5.3060439828835175,0.89999999999999902,0.92640787745178743,5.3019771602445545,-0.95000000000000051,-0.92359659255534599,occupied,occupied,1,
5.2990698850764684,5.3559774576974171,0.90000000000000169,0.92651610221280767,5.3520261884766409,-0.94999999999999851,-0.9234881173846653,occupied,occupied,1,
5.3490611104073782,5.4059072287291388,0.9000000000000018,0.92662110087460026,5.4020788809193725,-0.94999999999999774,-0.92338286026898353,occupied,occupied,1,
5.399052335738288,5.4558332925758473,0.90000000000000069,0.9267226749978198,5.4521352393378093,-0.94999999999999996,-0.92328102110598897,occupied,occupied,1,
5.4490435610691987,5.5057556458321839,0.90000000000000202,0.92682062604585924,5.5021952656877398,-0.94999999999999851,-0.92318279997982655,occupied,occupied,1,
5.4990347864001086,5.5556742850956899,0.9000000000000028,0.92691475537975876,5.5522589621214928,-0.94999999999999762,-0.92308839716647928,occupied,occupied,1,
5.5490260117310184,5.605589206972259,0.90000000000000124,0.92700486425312456,5.6023263309937859,-0.9499999999999994,-0.92299801313913854,occupied,occupied,1,
5.5990172370619291,5.6555004080815854,0.8999999999999998,0.92709075380703165,5.6523973748675962,-0.94999999999999918,-0.92291184857360364,occupied,occupied,1,
5.6490084623928389,5.7054078850626295,0.9000000000000028,0.92717222506491503,5.7024720965200411,-0.94999999999999718,-0.92283010435371748,occupied,occupied,1,
5.6989996877237488,5.7553116345791295,0.90000000000000369,0.92724907892743857,5.7525504989483354,-0.94999999999999685,-0.92275298157681218,occupied,occupied,1,
5.7489909130546586,5.8052116533250979,0.90000000000000102,0.92732111616738411,5.8026325853757337,-0.94999999999999885,-0.92268068155917116,occupied,occupied,1,
5.7989821383855693,5.8551079380303452,0.90000000000000202,0.92738813742451676,5.8527183592575183,-0.94999999999999762,-0.92261340584151796,occupied,occupied,1,
5.8489733637164791,5.9050004854660303,0.9000000000000018,0.9274499432004143,5.9028078242870228,-0.94999999999999785,-0.92255135619454676,occupied,occupied,1,
5.898964589047389,5.9548892924502335,0.9000000000000028,0.92750633385332626,5.9529009844016976,-0.9499999999999964,-0.92249473462444409,occupied,occupied,1,
5.9489558143782988,6.0047743558535327,0.89999999999999913,0.9275571095929851,6.0029978437891804,-0.95000000000000029,-0.92244374337847035,occupied,occupied,1,
5.9989470397092095,6.0546556726046319,0.90000000000000213,0.92760207047544485,6.0530984068934419,-0.9499999999999984,-0.9223985849505193,occupied,occupied,1,
6.0489382650401193,6.1045332396959804,0.89999999999999936,0.92764101639784258,6.103202678420927,-0.95000000000000051,-0.922359462086773,occupied,occupied,1,
6.0989294903710292,6.1544070541894396,0.90000000000000302,0.92767374709323258,6.1533106633467654,-0.94999999999999796,-0.92232657779130189,occupied,occupied,1,
6.1489207157019399,6.2042771132219681,0.90000000000000102,0.92770006212531109,6.2034223669210018,-0.94999999999999829,-0.92230013533176924,occupied,occupied,1,
6.1989119410328497,6.254143414011331,0.90000000000000147,0.9277197608832185,6.2535377946748749,-0.94999999999999918,-0.92228033824509847,occupied,occupied,1,
6.2489031663637595,6.3040059538618278,0.90000000000000202,0.9277326425762511,6.3036569524271169,-0.94999999999999807,-0.92226739034320848,occupied,occupied,1,
6.2988943916946694,6.3538647301700824,0.90000000000000147,0.92773850622859955,6.3537798462903394,-0.94999999999999807,-0.92226149571877103,occupied,occupied,1,
6.3488856170255801,6.4037197404308008,0.90000000000000224,0.92773715067406171,6.4039064826773897,-0.94999999999999785,-0.92226285875098335,occupied,occupied,1,
6.3988768423564899,6.4535709822426321,0.90000000000000147,0.92772837455072676,6.4540368683078286,-0.94999999999999918,-0.92227168411138805,occupied,occupied,1,
6.4488680676873997,6.5034184533139934,0.90000000000000069,0.92771197629566071,6.5041710102143879,-0.94999999999999929,-0.9222881767697082,occupied,occupied,1,
6.4988592930183104,6.5532621514689771,0.90000000000000213,0.92768775413955984,6.5543089157495205,-0.94999999999999785,-0.92231254199972978,occupied,occupied,1,
6.5488505183492203,6.603102074653254,0.90000000000000058,0.9276555061013817,6.6044505925919532,-0.94999999999999973,-0.92234498538521037,occupied,occupied,1,
6.5988417436801301,6.6529382209400412,0.89999999999999991,0.92761502998298084,6.6545960487533327,-0.94999999999999973,-0.92238571282580428,occupied,occupied,1,
6.6488329690110399,6.702770588536076,0.89999999999999936,0.92756612336369548,6.7047452925848754,-0.95000000000000162,-0.92243493054305403,occupied,occupied,1,
6.6988241943419506,6.7525991757876467,0.89999999999999991,0.92750858359493182,6.7548983327841023,-0.95000000000000007,-0.92249284508637974,occupied,occupied,1,
6.7488154196728605,6.8024239811866529,0.9000000000000028,0.9274422077947222,6.8050551784016022,-0.94999999999999685,-0.92255966333913753,occupied,occupied,1,
6.7988066450037703,6.85224500337669,0.90000000000000135,0.92736679284225276,6.8552158388478439,-0.9499999999999994,-0.92263559252469562,occupied,occupied,1,
6.848797870334681,6.9020622411592099,0.90000000000000002,0.92728213537239734,6.9053803239000731,-0.95000000000000018,-0.92272084021252732,occupied,occupied,1,
6.8987890956655908,6.9518756934996686,0.90000000000000113,0.92718803177019526,6.955548643709216,-0.9499999999999984,-0.92281561432438453,occupied,occupied,1,
6.9487803209965007,7.0016853595337603,0.90000000000000258,0.92708427816531824,7.0057208088068723,-0.94999999999999796,-0.92292012314048344,occupied,occupied,1,
6.9987715463274105,7.0514912385728756,0.89999999999999913,0.9269706704265166,7.055896830111549,-0.95000000000000073,-0.92303457530572308,occupied,occupied,1,
7.0487627716583212,7.1012933301126324,0.90000000000000002,0.92684700415605303,7.1060767189380076,-0.95000000000000073,-0.92315917983595108,occupied,occupied,1,
7.098753996989231,7.1510916338421406,0.90000000000000291,0.92671307468405983,7.1562604870073514,-0.9499999999999974,-0.92329414612429284,occupied,occupied,1,
7.1487452223201409,7.2008861496316436,0.90000000000000346,0.92656867706296953,7.2064481464353491,-0.94999999999999696,-0.92343968394744647,occupied,occupied,1,
7.1987364476510507,7.2506768775674519,0.90000000000000147,0.92641360606178635,7.2566397097684234,-0.94999999999999907,-0.92359600347213677,occupied,occupied,1,
7.2487276729819614,7.3004638179396171,0.90000000000000246,0.92624765616045213,7.3068351899720287,-0.94999999999999718,-0.92376331526149424,occupied,occupied,1,
7.2987188983128712,7.3502469712531502,0.90000000000000069,0.92607062154410413,7.3570346004427769,-0.94999999999999896,-0.92394183028156252,occupied,occupied,1,
7.3487101236437811,7.4000263382346247,0.90000000000000191,0.92588229609735606,7.4072379550159164,-0.94999999999999796,-0.92413175990778673,occupied,occupied,1,
7.3987013489746918,7.4498019198387864,0.90000000000000235,0.92568247339850718,7.4574452679728349,-0.94999999999999807,-0.92433331593159995,occupied,occupied,1,
7.4486925743056016,7.4995737172552408,0.9000000000000008,0.92547094671375296,7.5076565540486619,-0.94999999999999951,-0.92454671056701743,occupied,occupied,1,
7.4986837996365114,7.5493550809649435,0.90000000000000069,0.92524762970816565,7.5578584862322886,-0.95000000000000018,-0.9247719128645997,occupied,occupied,1,
7.5486750249674213,7.5991778317118532,0.8999999999999988,0.92501388150099828,7.6080192405154188,-0.9500000000000014,-0.92500724554313174,occupied,occupied,1,
7.598666250298332,7.6490433953413266,0.90000000000000302,0.92477197383429033,7.6581373343146932,-0.94999999999999718,-0.92525037730800097,occupied,occupied,1,
7.6486574756292418,7.6989517827026814,0.90000000000000113,0.92452420015758918,7.7082126933965345,-0.94999999999999818,-0.92549897928284064,occupied,occupied,1,
7.6986487009601516,7.7489029514746273,0.90000000000000246,0.92427286102232586,7.7582452930175583,-0.9499999999999974,-0.9257507278395849,occupied,occupied,1,
7.7486399262910624,7.7988968071076501,0.90000000000000291,0.92402026132037485,7.8082351586187384,-0.94999999999999751,-0.92600330739677694,occupied,occupied,1,
7.7986311516219722,7.8489332039347506,0.90000000000000002,0.92376870749719187,7.858182366349034,-0.95000000000000062,-0.92625441317059265,occupied,occupied,1,
7.848622376952882,7.8990119464443653,0.90000000000000202,0.92352050474929914,7.9080870434166455,-0.94999999999999907,-0.92650175386951539,occupied,occupied,1,
7.8986136022837918,7.9491327907065834,0.90000000000000169,0.92327795421609149,7.9579493682655578,-0.94999999999999873,-0.92674305432404258,occupied,occupied,1,
7.9486048276147026,7.9992954459432619,0.90000000000000191,0.92304335017613603,8.0077695705765031,-0.94999999999999751,-0.92697605804322036,occupied,occupied,1,
7.9985960529456124,8.0494995762315007,0.8999999999999998,0.92281897725798145,8.0575479310923104,-0.94999999999999973,-0.92719852969052385,occupied,occupied,1,
8.0485872782765231,8.0997448023294183,0.90000000000000058,0.92260710767559084,8.1072847812689837,-0.94999999999999896,-0.92740825747206312,occupied,occupied,1,
8.0985785036074329,8.1500307036126802,0.90000000000000047,0.92240999849824945,8.1569805027549762,-0.95000000000000007,-0.92760305543086252,occupied,occupied,1,
8.1485697289383427,8.2003568201094552,0.9000000000000008,0.92222988896471747,8.2066355267020672,-0.94999999999999907,-0.92778076564148637,occupied,occupied,1,
8.1985609542692526,8.2507226546215371,0.90000000000000269,0.9220689978509985,8.2562503329125718,-0.94999999999999729,-0.92793926030010743,occupied,occupied,1,
8.2485521796001624,8.3011276749187353,0.90000000000000191,0.92192952090082858,8.3058254488283545,-0.94999999999999873,-0.92807644370569342,occupied,occupied,1,
8.2985434049310722,8.3515713159938656,0.90000000000000235,0.92181362832757496,8.3553614483683223,-0.94999999999999818,-0.92819025412873424,occupied,occupied,1,
8.3485346302619821,8.40205298236536,0.89999999999999958,0.92172346239570002,8.4048589506216835,-0.94999999999999951,-0.92827866556465777,occupied,occupied,1,
8.3985258555928937,8.4525720504148811,0.90000000000000357,0.92166113508954406,8.4543186184052974,-0.94999999999999685,-0.92833968936966316,occupied,occupied,1,
8.4485170809238035,8.5031278707473366,0.90000000000000258,0.92162872587644507,8.5037411566939962,-0.94999999999999707,-0.92837137577751183,occupied,occupied,1,
8.4985083062547133,8.5537197705610986,0.90000000000000147,0.92162827957083449,8.553127310933375,-0.94999999999999862,-0.92837181529630097,occupied,occupied,1,
8.5484995315856231,8.6043470560165893,0.90000000000000024,0.92166180430504185,8.6024778652451896,-0.9500000000000004,-0.92833913998502571,occupied,occupied,1,
8.598490756916533,8.6550090145918528,0.90000000000000357,0.92173126961208895,8.6517936405357609,-0.94999999999999696,-0.92827152461021234,occupied,occupied,1,
8.6484819822474428,8.7057049174143213,0.89999999999999991,0.92183860462492073,8.7010754925182354,-0.95000000000000095,-0.92816718768354423,occupied,occupied,1,
8.6984732075783526,8.7564340215585901,0.90000000000000213,0.92198569639596373,8.7503243096597689,-0.94999999999999762,-0.92802439238179357,occupied,occupied,1,
8.7484644329092642,8.8071955723006141,0.89999999999999991,0.92217438833995491,8.7995410110647132,-0.94999999999999929,-0.92784144735111052,occupied,occupied,1,
8.7984556582401741,8.857988805319561,0.90000000000000047,0.92240647880259985,8.8487265443050909,-0.94999999999999973,-0.92761670739780566,occupied,occupied,1,
8.8484468835710839,8.9088129488392234,0.89999999999999991,0.92268371975658847,8.8978818832094841,-0.95000000000000107,-0.92734857406852356,occupied,occupied,1,
8.8984381089019937,8.9596672257021535,0.89999999999999958,0.92300781562607481,8.9470080256217912,-0.9500000000000014,-0.92703549612278213,occupied,occupied,1,
8.9484293342329035,9.0105508553666525,0.89999999999999925,0.92338042223986094,8.996105991137421,-0.95000000000000007,-0.92667596990136192,occupied,occupied,1,
8.9984205595638134,9.0618461879298646,0.90000000000000402,0.92381005515926318,9.0447926671391983,-0.94999999999999685,-0.92626854386602153,occupied,occupied,1,
9.0484117848947232,9.1158482670877135,0.89999999999999958,0.92441099995542875,9.0907711832082256,-0.95000000000000084,-0.92575895443684275,occupied,occupied,1,
9.0984030102256348,9.1729709501915284,0.90000000000000258,0.92539101864138795,9.133642055622083,-0.94999999999999796,-0.92502697790643429,occupied,occupied,1,
9.1483942355565446,9.2333205327057826,0.90000000000000202,0.92699568598334348,9.173329297635247,-0.94999999999999762,-0.92397674716775191,occupied,occupied,1,
9.1983854608874545,9.2970886520602996,0.90000000000000113,0.92951815228550938,9.2096959329409831,-0.9499999999999984,-0.92254488318468364,occupied,occupied,1,
9.2483766862183643,9.3645653100515425,0.90000000000000069,0.93331423501889565,9.2425432253656936,-0.95000000000000007,-0.92070555698740386,occupied,occupied,1,
9.2983679115492741,9.4361580012065609,0.89999999999999913,0.93882407294914594,9.2716077688343326,-0.9500000000000004,-0.9184795583868165,occupied,occupied,1,
9.3483591368801839,9.5124185180696479,0.90000000000000235,0.94660278989233504,9.2965568725801475,-0.94999999999999685,-0.91594821611889155,occupied,occupied,1,
9.3983503622110938,9.5940795714094307,0.90000000000000102,0.95736368053393428,9.3169828554578462,-0.94999999999999829,-0.91327326713687196,occupied,occupied,1,
9.4483415875420054,9.6821039889541254,0.90000000000000258,0.97203873684838249,9.3323972745986588,-0.9499999999999984,-0.91072380422399057,occupied,occupied,1,
9.4983328128729152,9.7777498595845316,0.90000000000000213,0.99186274148349018,9.3422268473606849,-0.94999999999999751,-0.90871093353585319,occupied,occupied,1,
9.548324038203825,9.8826554028542297,0.90000000000000147,1.018488215127896,9.3458139534939466,-0.94999999999999796,-0.90782918907922139,occupied,occupied,1,
9.5983152635347349,9.9989473165292093,0.8999999999999988,1.0541382358284479,9.3424260597908013,-0.9500000000000004,-0.90890026622630704,occupied,occupied,1,
9.6483064888656447,10.107805543452226,0.85000000000000253,1.0473466413101518,9.3312797315856972,-0.94999999999999774,-0.91300851439377673,occupied,occupied,1,
9.6982977141965545,10.25,0.84737107424074531,1.1060916433074826,9.3115848598275885,-0.9500000000000004,-0.92150934155668351,occupied,occupied,1,
9.7482889395274643,10.353236627141637,0.75000000000000167,1.0730541139170082,9.2826670821923276,-0.94999999999999774,-0.93595538097667386,occupied,occupied,1,
9.7982801648583759,10.48489398254072,0.70000000000000062,1.1064358757786832,9.2519605081064871,-0.94999999999999929,-0.95332744858178053,occupied,occupied,1,
9.8482713901892858,10.6,0.63364516791601122,1.1270162583986167,9.2262820608429639,-0.94999999999999674,-0.96941714007260005,occupied,occupied,1,
9.8982626155201956,10.691301046240678,0.54999999999999949,1.1277432736269226,9.2072870814135275,-0.95000000000000073,-0.98230351443300146,occupied,occupied,1,
9.9482538408511054,10.753098932318229,0.45000000000000379,1.1034790375876726,9.1964072257717806,-0.94999999999999618,-0.99015155762975793,occupied,occupied,1,
9.9982450661820153,10.860969053562107,0.40000000000000158,1.1530915837588276,9.1948417758546945,-0.94999999999999851,-0.99131511869309208,occupied,occupied,1,
10.048236291512925,10.900000000000004,0.30193578558366141,1.1239842076319244,9.2035642140928982,-0.9499999999999994,-0.98438900101289128,occupied,occupied,1,
10.098227516843835,10.917850549585122,0.19999999999999912,1.0796706235930305,9.2233320075079384,-0.95000000000000107,-0.96822905398968362,occupied,occupied,1,
10.148218742174747,10.950000000000003,0.11733409692040597,1.0613575452489006,9.2546924248281375,-0.94999999999999785,-0.94195717013757663,occupied,occupied,1,
10.198209967505656,10.996381797434527,0.050000000000001044,1.0659672747040594,9.2979811326197588,-0.94999999999999885,-0.90496266272224346,occupied,occupied,1,
10.248201192836566,11.000000000000002,-0.036329474558130515,1.0262751262445153,9.3500000000000014,-0.95183812946938773,-0.86069495757171177,occupied,occupied,1,
10.298192418167476,11,-0.11806714325325962,0.98741106883632113,9.3499999999999996,-0.98716829416997176,-0.87748485601437998,occupied,occupied,1,
10.348183643498386,11.050000000000002,-0.16901756647482336,1.0085426919179261,9.3500000000000014,-1.0252215158723321,-0.89489766778969848,occupied,occupied,1,
10.398174868829296,11.050000000000001,-0.24145544661176399,0.97645676563006956,9.3500000000000014,-1.0657990050822497,-0.9128664736256652,occupied,occupied,1,
10.448166094160205,11.050000000000002,-0.31154608540835876,0.94631360279526477,9.3500000000000014,-1.1070631049961839,-0.93061136332722172,occupied,occupied,1,
10.498157319491117,11.1,-0.35745611749387651,0.97255736745279819,9.3499999999999996,-1.1484977908787197,-0.94792354342121898,occupied,occupied,1,
10.548148544822027,11.100000000000001,-0.42523245775201673,0.94502796996751104,9.4000000000000021,-1.1683148078059729,-0.91028100132587131,occupied,occupied,1,
10.598139770152937,11.100000000000001,-0.4915713648755064,0.91881820030961736,9.4000000000000021,-1.2109833400621601,-0.9271378094701288,occupied,occupied,1,
10.648130995483847,11.115993438453067,-0.54999999999999716,0.91111029129489918,9.4000000000000004,-1.253960900337477,-0.94366582188370685,occupied,occupied,1,
10.698122220814756,11.15,-0.60037219033972722,0.92376377840166068,9.4000000000000004,-1.2973021290647098,-0.95990586872099914,occupied,occupied,1,
10.748113446145666,11.150000000000002,-0.6634594426446776,0.90070596847094586,9.4000000000000021,-1.3410580126494644,-0.97589729862429553,occupied,occupied,1,
10.798104671476576,11.150000000000002,-0.72538484989300911,0.87860414750694837,9.4500000000000028,-1.3664222510958604,-0.9382417319613412,occupied,occupied,1,
10.848095896807488,11.200000000000003,-0.7678238073886684,0.9106496881772892,9.4500000000000028,-1.4116080348395117,-0.95401063786455531,occupied,occupied,1,
10.898087122138397,11.199999999999999,-0.82804409514465793,0.89006864537870367,9.4500000000000011,-1.4572985109362966,-0.96962517882819343,occupied,occupied,1,
10.948078347469307,11.200000000000003,-0.88725327352225813,0.87022080508375355,9.4600371352915875,-1.4999999999999987,-0.97448223914138654,occupied,occupied,1,
10.998069572800217,11.250000000000004,-0.92822789849540766,0.9039355883609187,9.5000000000000036,-1.5330745164897159,-0.9476419637008775,occupied,occupied,1,
11.048060798131127,11.25,-0.98586834318060024,0.88524766731471349,9.5,-1.5808018462788742,-0.96311535793459713,occupied,occupied,1,
11.098052023462037,11.300000000000002,-1.0258604170321819,0.91983407155976726,9.5500000000000043,-1.6123880835008322,-0.92584052151810192,occupied,occupied,1,
11.148043248792947,11.299999999999999,-1.0819663584262189,0.90210214647160947,9.5500000000000007,-1.6615832462471283,-0.94138795023278932,occupied,occupied,1,
11.198034474123858,11.299999999999997,-1.1372347166551764,0.88480158505568329,9.5499999999999989,-1.7114258869134533,-0.95698979835411202,occupied,occupied,1,
11.248025699454768,11.35,-1.1754171743384707,0.92046205513772261,9.5866809558877009,-1.7499999999999982,-0.93411053035854219,occupied,occupied,1,
11.298016924785678,11.350000000000003,-1.2292121136465606,0.90383122287944007,9.6000000000000014,-1.7969783623885962,-0.93596727511174083,occupied,occupied,1,
11.348008150116588,11.35,-1.2822547815459149,0.88747843572247997,9.5999999999999996,-1.8490132259620844,-0.95200930120784155,occupied,occupied,1,
11.397999375447498,11.399999999999999,-1.3183781814608864,0.92391340793483079,9.6055625496770247,-1.9000000000000008,-0.96242953620930272,occupied,occupied,1,
11.447990600778407,11.400000000000002,-1.3699777690423092,0.90798223667243361,9.6500000000000021,-1.9391257928352594,-0.93224314979179479,occupied,occupied,1,
11.497981826109317,11.400000000000002,-1.4208975952619738,0.89219428398998846,9.6500000000000021,-1.9934483378522947,-0.9490863444968074,occupied,occupied,1,
11.547973051440227,11.450000000000001,-1.4546761423994263,0.92915521229069153,9.7000000000000028,-2.0321089942303874,-0.91364936182280776,occupied,occupied,1,
11.597964276771139,11.450000000000003,-1.5041638758074085,0.91357462029843839,9.7000000000000011,-2.0879667041871897,-0.93123586927067548,occupied,occupied,1,
11.647955502102048,11.458986343512887,-1.549999999999998,0.90750355927181092,9.6999999999999993,-2.1447097134966349,-0.94929815334913725,occupied,occupied,1,
11.697946727432958,11.500000000000002,-1.584162802511734,0.93530865055053114,9.7500000000000018,-2.1852145685776603,-0.91503273024679821,occupied,occupied,1,
11.747937952763868,11.500000000000002,-1.6316087552560767,0.91977497199845337,9.7500000000000018,-2.2435678306965512,-0.93413816243205683,occupied,occupied,1,
11.797929178094778,11.549999999999999,-1.6606685422357534,0.9572442822311531,9.8000000000000007,-2.2850794175724256,-0.90081624994714715,occupied,occupied,1,
11.847920403425688,11.550000000000001,-1.706661302314699,0.94163785498409236,9.8000000000000007,-2.3450881179378449,-0.92117958075852779,occupied,occupied,1,
11.897911628756598,11.550000000000004,-1.7522099456458105,0.9258628196318599,9.8163323140669014,-2.3999999999999986,-0.92487638397540084,occupied,occupied,1,
11.947902854087509,11.550000000000001,-1.7981759849191077,0.90960814348977959,9.8499999999999996,-2.4481936231786121,-0.91042562818822603,occupied,occupied,1,
11.997894079418419,11.600000000000001,-1.8252699880353274,0.94647669531108303,9.8728161485801209,-2.4999999999999982,-0.90782226808490996,occupied,occupied,1,
12.047885304749329,11.600000000000001,-1.8721525414287727,0.92926712970799707,9.9000000000000004,-2.5496297131565315,-0.90075344892281295,occupied,occupied,1,
12.097876530080239,11.64850986095529,-1.8999999999999977,0.96387941417508805,9.9000000000000004,-2.6097989732044589,-0.92320863788289476,occupied,occupied,1,
12.147867755411148,11.650000000000002,-1.9472277258822288,0.94736179561311462,9.9481026374728287,-2.6500000000000012,-0.89392674827282692,occupied,occupied,1,
12.197858980742058,11.65,-1.9957083203361083,0.92873132892793875,9.9499999999999993,-2.7088225026495349,-0.91477940795876278,occupied,occupied,1,
12.247850206072968,11.650000000000002,-2.0448189048801639,0.90961539348886367,9.9929843067740372,-2.7499999999999996,-0.89121257844835977,occupied,occupied,1,
12.29784143140388,11.700000000000001,-2.0729793939657348,0.94448509540890302,10.000000000000002,-2.8060397065361213,-0.90683265740010499,occupied,occupied,1,
12.34783265673479,11.699999999999999,-2.1230310905628538,0.92456442380791581,10,-2.8648966161799891,-0.93025752400788142,occupied,occupied,1,
12.397823882065699,11.75,-2.1516179220438287,0.95886413047854546,10.050000000000001,-2.9015008313602451,-0.89917902770827463,occupied,occupied,1,
12.447815107396609,11.75,-2.2026149015504446,0.93819785834744707,10.049999999999999,-2.9597212164083913,-0.92277231121405923,occupied,occupied,1,
12.497806332727519,11.759302705460122,-2.2499999999999982,0.92734223404268046,10.089427734943031,-2.9999999999999982,-0.90322664397296482,occupied,occupied,1,
12.547797558058429,11.799999999999999,-2.2836603421373427,0.95060928459030558,10.099999999999998,-3.0528100503791586,-0.91529298339922438,occupied,occupied,1,
12.597788783389339,11.800000000000001,-2.3361376939067635,0.92891965956236788,10.122180587434411,-3.1000000000000001,-0.91459969315731993,occupied,occupied,1,
12.64778000872025,11.800000000000002,-2.3891263804997376,0.90691519562580136,10.150000000000002,-3.1442040688377269,-0.9076487507331692,occupied,occupied,1,
12.69777123405116,11.850000000000001,-2.4196237814335286,0.9396508572914265,10.151665785377892,-3.199999999999998,-0.92939332278035502,occupied,occupied,1,
12.74776245938207,11.850000000000001,-2.4734812979309608,0.91713414521634695,10.200000000000001,-3.2339433681761771,-0.89967695126056557,occupied,occupied,1,
12.79775368471298,11.900000000000002,-2.5046989602659044,0.94945649079799432,10.200000000000003,-3.2897500504353658,-0.92305658370275745,occupied,occupied,1,
12.84774491004389,11.900000000000002,-2.5594053700770676,0.92651046123609682,10.200000000000003,-3.3451797807904731,-0.94630598052534787,occupied,occupied,1,
12.897736135374799,11.931431034720273,-2.5999999999999974,0.93800847700706136,10.25,-3.3770936691005788,-0.91431031172145893,occupied,occupied,1,
12.947727360705709,11.950000000000001,-2.6469502169940036,0.93517715689357428,10.25,-3.4317044766504385,-0.93721149080991994,occupied,occupied,1,
12.997718586036621,11.956209481448408,-2.7000000000000006,0.91860055312498434,10.300000000000001,-3.4628412440578051,-0.90484580201553855,occupied,occupied,1,
13.047709811367531,12.000000000000002,-2.7361626037126512,0.94327635271930843,10.300000000000001,-3.5166090690143061,-0.9273109040537747,occupied,occupied,1,
13.097701036698441,12,-2.7928352226063748,0.91967210408753042,10.343530561396165,-3.5499999999999985,-0.90164321763851307,occupied,occupied,1,
13.14769226202935,12.000000000000002,-2.8498173576471197,0.89603460586088413,10.350000000000001,-3.5999469939435826,-0.91647593790162396,occupied,occupied,1,
13.19768348736026,12.049999999999999,-2.8844946371860423,0.9272622610140141,10.349999999999998,-3.6523391027482126,-0.93810234766024025,occupied,occupied,1,
13.24767471269117,12.049999999999997,-2.9421752828677938,0.90359229271696828,10.359351726681558,-3.6999999999999993,-0.94913269658153343,occupied,occupied,1,
13.29766593802208,12.100000000000001,-2.9778806754440899,0.93469824269404145,10.400000000000002,-3.7332617667963675,-0.92557071451955397,occupied,occupied,1,
13.347657163352991,12.100000000000003,-3.0362338213295277,0.91109925366893096,10.400000000000002,-3.7841763357342177,-0.94616163399709952,occupied,occupied,1,
13.397648388683901,12.100000000000001,-3.0947763760596243,0.88763057283077329,10.450000000000001,-3.812759657528149,-0.91181378376053601,occupied,occupied,1,
13.447639614014811,12.149999999999999,-3.1316747982893007,0.91886665568770232,10.449999999999998,-3.8630837364906441,-0.93179782899903207,occupied,occupied,1,
13.497630839345721,12.149999999999999,-3.190084892689808,0.89589202831529047,10.449999999999998,-3.9132691182461228,-0.95153738145751232,occupied,occupied,1,
13.547622064676631,12.200000000000001,-3.2272240273127117,0.92747265353559016,10.481669484662914,-3.9499999999999988,-0.93667993319991516,occupied,occupied,1,
13.597613290007541,12.200000000000001,-3.285396245836917,0.90502563073321229,10.500000000000002,-3.9924489574166899,-0.93614886858843205,occupied,occupied,1,
13.64760451533845,12.200000000000003,-3.3433370253139021,0.8828814774490612,10.500000000000002,-4.0424818431627116,-0.95527071329164204,occupied,occupied,1,
13.697595740669362,12.250000000000002,-3.3807182991134548,0.91501106287582701,10.550000000000001,-4.0720597385819044,-0.92018728769184577,occupied,occupied,1,
13.747586966000272,12.25,-3.4384390736889876,0.89337117787806297,10.549999999999999,-4.1220811063880598,-0.93894059386628759,occupied,occupied,1,
13.797578191331182,12.300000000000002,-3.4760578900581103,0.92582827374527077,10.550000000000002,-4.171987652695714,-0.95747155223168534,occupied,occupied,1,
13.847569416662092,12.300000000000001,-3.5335677861516208,0.90467883958241546,10.6,-4.202120752040754,-0.92205679213859404,occupied,occupied,1,
13.897560641993001,12.300000000000002,-3.590866804686089,0.88380911694500996,10.600000000000001,-4.2520290304817632,-0.9402346020538217,occupied,occupied,1,
13.947551867323911,12.350000000000003,-3.6287284478757882,0.91678491772651349,10.604766416021022,-4.2999999999999972,-0.95309362360695127,occupied,occupied,1,
13.997543092654821,12.35,-3.6858322316567405,0.89638357487580411,10.65,-4.3325178777286428,-0.92246285207602441,occupied,occupied,1,
14.047534317985733,12.4,-3.7239253860680708,0.9296700899612389,10.65,-4.38233585201084,-0.94009041386350811,occupied,occupied,1,
14.097525543316642,12.4,-3.7808416742655488,0.90972399804966353,10.65,-4.4320599547887758,-0.95751601032837741,occupied,occupied,1,
14.147516768647552,12.400000000000002,-3.8375656752162826,0.89003583339191106,10.700000000000003,-4.4632907102275059,-0.92146404776728963,occupied,occupied,1,
14.197507993978462,12.449999999999999,-3.8758980126048326,0.92381150091215092,10.699999999999999,-4.5130392340341574,-0.93856572619423018,occupied,occupied,1,
14.247499219309372,12.449999999999999,-3.9324480709285328,0.90455766022088346,10.73527276556344,-4.549999999999998,-0.9179844856891477,occupied,occupied,1,
14.297490444640282,12.5,-3.9710032391101966,0.93862738196546114,10.75,-4.5944735627300313,-0.91911728413766602,occupied,occupied,1,
14.347481669971192,12.499999999999998,-4.0273857987031256,0.91979535303351156,10.749999999999998,-4.644171650637789,-0.93571664831457124,occupied,occupied,1,
14.397472895302101,12.500000000000004,-4.083592810255924,0.90120072098838955,10.750000000000004,-4.6937941378571715,-0.95213294033822793,occupied,occupied,1,
14.447464120633013,12.550000000000001,-4.1223795116083037,0.935730585423314,10.799999999999999,-4.7260957387626243,-0.91547801517507588,occupied,occupied,1,
14.497455345963923,12.550000000000001,-4.1784306286020998,0.91753786804187965,10.800000000000001,-4.7757606596286575,-0.93159792090553761,occupied,occupied,1,
14.547446571294833,12.550000000000002,-4.2343159665160943,0.89957049047690008,10.800000000000002,-4.8253581902216913,-0.94754372098996409,occupied,occupied,1,
14.597437796625742,12.600000000000003,-4.2733295110043708,0.93454241756445666,10.850000000000003,-4.8581818048912959,-0.91060045106788867,occupied,occupied,1,
14.647429021956652,12.600000000000001,-4.329069440873873,0.91695765866868728,10.850000000000001,-4.9078291754999217,-0.92626311769653513,occupied,occupied,1,
14.697420247287562,12.65,-4.3682880620668154,0.95219651591746424,10.872660966641936,-4.9500000000000002,-0.91791653366861869,occupied,occupied,1,
14.747411472618472,12.650000000000002,-4.4238871397335435,0.93498273673137611,10.900000000000002,-4.9907518623915754,-0.90453774801299558,occupied,occupied,1,
14.797402697949384,12.65,-4.4793344615763546,0.91797556514119438,10.9,-5.0403957407245139,-0.91976482973490759,occupied,occupied,1,
14.847393923280293,12.700000000000001,-4.5187665005813518,0.95362816220354818,10.9,-5.0899869604414016,-0.93483492024279125,occupied,occupied,1,
14.897385148611203,12.700000000000001,-4.5740817394267124,0.9369735367027664,10.950000000000001,-5.1238218161967239,-0.89734218094430795,occupied,occupied,1,
14.947376373942113,12.749999999999998,-4.6137042551298793,0.97287648167886509,10.949999999999998,-5.1734747937697332,-0.9121548326310992,occupied,occupied,1,
14.997367599273023,12.750000000000002,-4.6688909163714047,0.95656321856361326,11.000000000000002,-5.207687509407239,-0.87450252811699747,occupied,occupied,1,
15.047358824603933,12.75,-4.7239383217921267,0.94043879854937218,11,-5.2574036395084605,-0.8890652996166285,occupied,occupied,1,
15.097350049934843,12.800000000000002,-4.7637576608446661,0.97672740790378776,11.000000000000004,-5.307076932296054,-0.90348423729216354,occupied,occupied,1,
15.147341275265754,12.799999999999997,-4.8186836829457063,0.96092668823515626,11.022449568201679,-5.3499999999999988,-0.89433139794976313,occupied,occupied,1,
15.197332500596664,12.799999999999999,-4.8734777966786069,0.94530435186444894,11.049999999999997,-5.391505632888804,-0.87975806873617846,occupied,occupied,1,
15.247323725927574,12.850000000000001,-4.9134841863663006,0.98196119479917177,11.050000000000002,-5.4412091704360988,-0.89380362489744125,occupied,occupied,1,
15.297314951258484,12.850000000000001,-4.9681632175441193,0.96664534772811472,11.050000000000001,-5.490878399303095,-0.90771618656598196,occupied,occupied,1,
15.347306176589393,12.85,-5.0227171961377532,0.9514977454326633,11.050000000000001,-5.5405159761277938,-0.92149867115738837,occupied,occupied,1,
15.397297401920303,12.850000000000003,-5.0771491635958492,0.93651472996089102,11.100000000000003,-5.5758751890792162,-0.88316316694680985,occupied,occupied,1,
15.447288627251213,12.900000000000002,-5.1173442018630979,0.97364762364053181,11.100000000000001,-5.6255886333145932,-0.89672998585479413,occupied,occupied,1,
15.497279852582125,12.9,-5.1716698936973318,0.95894812721342737,11.1,-5.6752755212501764,-0.91017429470090416,occupied,occupied,1,
15.547271077913035,12.900000000000002,-5.2258798047704822,0.9444034962138117,11.100000000000003,-5.7249383148865798,-0.92349890929866507,occupied,occupied,1,
15.597262303243944,12.899999999999999,-5.2799767604162531,0.9300102328156673,11.149999999999999,-5.7608404645981928,-0.88485337142559284,occupied,occupied,1,
15.647253528574854,12.949999999999998,-5.3203458180784278,0.96758613345971201,11.149999999999999,-5.8105835115582298,-0.89797892734851292,occupied,occupied,1,
15.697244753905764,12.949999999999998,-5.3743438594685609,0.95345420593194541,11.149999999999999,-5.8603070502090517,-0.91099215230812935,occupied,occupied,1,
15.747235979236674,12.950000000000003,-5.4282345986879985,0.93946430425787131,11.150000000000002,-5.9100133662258321,-0.92389577389403432,occupied,occupied,1,
15.797227204567584,12.949999999999998,-5.4820206618510792,0.92561307639075552,11.186569072752281,-5.9499999999999993,-0.89885761290738886,occupied,occupied,1,
15.847218429898495,12.949999999999998,-5.5357046252353017,0.91189720899777982,11.199999999999998,-5.9962255147794563,-0.89768271178674819,occupied,occupied,1,
15.897209655229405,13.000000000000002,-5.5762400673280927,0.94998813079869004,11.200000000000001,-6.0460022339979167,-0.91030122659556523,occupied,occupied,1,
15.947200880560315,13,-5.6298336961796505,0.93650644598847732,11.199999999999999,-6.0957679849694424,-0.92281998083120564,occupied,occupied,1,
15.997192105891225,13,-5.6833302154377883,0.92315121831906577,11.199999999999999,-6.1455248553519235,-0.93524160483898633,occupied,occupied,1,
16.047183331222136,13.000000000000004,-5.7367320228585346,0.90991926317448157,11.200000000000003,-6.1952748945390299,-0.94756870856826791,occupied,occupied,1,
16.097174556553046,13,-5.7900414716993476,0.89680743004852459,11.25,-6.2323818191688112,-0.90823134598909938,occupied,occupied,1,
16.147165781883956,13.050000000000001,-5.830719160126848,0.93536155435865076,11.250000000000002,-6.2822207807946748,-0.92040074547009498,occupied,occupied,1,
16.197157007214866,13.049999999999999,-5.8839449496400791,0.92245781493580548,11.249999999999998,-6.3320564279413976,-0.93248258760692715,occupied,occupied,1,
16.247148232545776,13.050000000000002,-5.9370827797120924,0.90966568001439341,11.250000000000004,-6.3818906772135788,-0.94447942371392346,occupied,occupied,1,
16.297139457876685,13.050000000000002,-5.9901348450549534,0.89698211213424694,11.300000000000002,-6.4194590077503957,-0.90491112462373047,occupied,occupied,1,
16.347130683207595,13.100000000000003,-6.0309238792500617,0.93586611216095994,11.300000000000002,-6.4693830637844041,-0.91676619256184255,occupied,occupied,1,
16.397121908538505,13.100000000000003,-6.0838954466116357,0.92337072722271674,11.300000000000004,-6.5193089000632636,-0.92854311403628509,occupied,occupied,1,
16.447113133869415,13.100000000000003,-6.1367852303363275,0.91097565790579149,11.300000000000002,-6.569238316524352,-0.94024439161656315,occupied,occupied,1,
16.497104359200325,13.1,-6.1895952818532054,0.89867796851513182,11.300000000000001,-6.6191730844412096,-0.95187251403765105,occupied,occupied,1,
16.547095584531235,13.150000000000002,-6.2304724135869618,0.93786099199742134,11.350000000000001,-6.6572597438720837,-0.91204371508667714,occupied,occupied,1,
16.597086809862144,13.15,-6.2832041790569075,0.92573207266286184,11.35,-6.7072855837940137,-0.92355023078455933,occupied,occupied,1,
16.647078035193054,13.15,-6.3358598169937261,0.91369252144933455,11.35,-6.7573195862530104,-0.93499034402653913,occupied,occupied,1,
16.697069260523964,13.150000000000002,-6.3884412503148233,0.90173949391008956,11.350000000000003,-6.8073634253711841,-0.94636650650058796,occupied,occupied,1,
16.747060485854877,13.15,-6.4409503703891104,0.88987016948599917,11.382064265995492,-6.8500000000000005,-0.92476983862989914,occupied,occupied,1,
16.797051711185787,13.200000000000003,-6.4818863115083385,0.92938781973185047,11.400000000000002,-6.8959844664292351,-0.91763066472056376,occupied,occupied,1,
16.847042936516697,13.199999999999999,-6.5343198825303261,0.91766332676406515,11.4,-6.9461311536397776,-0.92884378749593144,occupied,occupied,1,
16.897034161847607,13.199999999999999,-6.5866843260145442,0.90601479781547156,11.4,-6.9962918388829696,-0.94000208038425337,occupied,occupied,1,
16.947025387178517,13.199999999999999,-6.6389814228456405,0.89443949104694775,11.4,-7.0464680941198621,-0.95110795815779781,occupied,occupied,1,
16.997016612509427,13.250000000000002,-6.6799504674623638,0.93418742152434631,11.400000000000002,-7.0966614725113084,-0.96216382804122436,occupied,occupied,1,
17.047007837840336,13.250000000000004,-6.7321724295127936,0.92273850501393828,11.450000000000003,-7.1356653721157057,-0.92193126346234833,occupied,occupied,1,
17.096999063171246,13.249999999999998,-6.7843299431411914,0.91135525768822967,11.449999999999998,-7.1859496211568841,-0.93290566901640293,occupied,occupied,1,
17.146990288502156,13.25,-6.8364246925135248,0.90003500741074405,11.449999999999999,-7.236253267609408,-0.94383670435859846,occupied,occupied,1,
17.196981513833066,13.249999999999998,-6.8884583385441447,0.88877509995893444,11.449999999999998,-7.2865778039246578,-0.95472676028283598,occupied,occupied,1,
17.246972739163976,13.299999999999999,-6.9294188479399876,0.92877154058440414,11.5,-7.3259110364970246,-0.91437958061720426,occupied,occupied,1,
17.296963964494886,13.300000000000002,-6.981378114981001,0.91761520583213507,11.500000000000002,-7.376324707461511,-0.92520405033814046,occupied,occupied,1,
17.346955189825795,13.300000000000001,-7.0332788664441095,0.90651186981437759,11.5,-7.4267613996340129,-0.93599416923286083,occupied,occupied,1,
17.396946415156705,13.299999999999999,-7.0851226834157375,0.89545893716753333,11.5,-7.4772225583393386,-0.94675231888186562,occupied,occupied,1,
17.446937640487619,13.350000000000003,-7.1260556145634109,0.93561868033206164,11.500000000000004,-7.527709618312346,-0.95748087825632666,occupied,occupied,1,
17.496928865818528,13.350000000000001,-7.1778241268111058,0.9246516464061747,11.550000000000001,-7.5674023863130815,-0.91702455213595546,occupied,occupied,1,
17.546920091149438,13.350000000000003,-7.2295380874845181,0.9137278126487498,11.550000000000002,-7.6179771594336732,-0.92770774490321706,occupied,occupied,1,
17.596911316480348,13.350000000000001,-7.2811990108193001,0.90284463469405618,11.550000000000002,-7.668579835470803,-0.93836798293262003,occupied,occupied,1,
17.646902541811258,13.350000000000003,-7.3328083956784003,0.8919995808080341,11.550000000000001,-7.7192118187291898,-0.9490076449641438,occupied,occupied,1,
17.696893767142168,13.399999999999999,-7.3736592047680354,0.93232399906662611,11.6,-7.7591659856340813,-0.90849524194909592,occupied,occupied,1,
17.746884992473078,13.399999999999999,-7.4251926178811019,0.9215429036589049,11.599999999999998,-7.8098834379854569,-0.91910563070950202,occupied,occupied,1,
17.796876217803987,13.400000000000002,-7.4766766667094151,0.9107928833573915,11.600000000000001,-7.8606321377805077,-0.9297021054337834,occupied,occupied,1,
17.846867443134897,13.4,-7.5281127993702555,0.90007144781667403,11.600000000000001,-7.9114134717498974,-0.94028705134773671,occupied,occupied,1,
17.896858668465807,13.449999999999999,-7.5688711648029328,0.94049386580117489,11.6,-7.962228823845793,-0.95086285568942752,occupied,occupied,1,
17.946849893796717,13.450000000000001,-7.6202294840174822,0.92981931640037485,11.65,-8.0024620060881055,-0.91031701032340173,occupied,occupied,1,
17.996841119127627,13.449999999999999,-7.6715419346396887,0.91916640459887489,11.649999999999999,-8.0533610239401909,-0.92088408844588598,occupied,occupied,1,
18.046832344458537,13.449999999999999,-7.7228099265485008,0.90853267437574192,11.65,-8.1042959711317124,-0.93144873917487925,occupied,occupied,1,
18.096823569789446,13.450000000000001,-7.7740348618681212,0.89791567753505541,11.65,-8.1552682300693284,-0.94201336485490483,occupied,occupied,1,
18.14681479512036,13.500000000000004,-7.8146331067256645,0.9384211216052849,11.679660686679622,-8.1999999999999993,-0.92226231682577475,occupied,occupied,1,
18.19680602045127,13.5,-7.8657786632696913,0.92782974628525228,11.699999999999999,-8.2467477466316446,-0.91204455444228527,occupied,occupied,1,
18.246797245782179,13.5,-7.9168830997719102,0.91724826311717877,11.699999999999999,-8.2978405770499215,-0.92262363445993978,occupied,occupied,1,
18.296788471113089,13.5,-7.9679477958629548,0.90667424939550445,11.699999999999999,-8.3489740401508801,-0.93321188806957367,occupied,occupied,1,
18.346779696443999,13.550000000000002,-8.008385921903896,0.94721409414379643,11.700706135499434,-8.3999999999999986,-0.94308995109403249,occupied,occupied,1,
18.396770921774909,13.550000000000001,-8.0593688853815308,0.93664909317716016,11.75,-8.4407738798630536,-0.9033155178454142,occupied,occupied,1,
18.446762147105819,13.550000000000001,-8.1103139945837874,0.92608478706805031,11.75,-8.4920290416631357,-0.91394411954368882,occupied,occupied,1,
18.496753372436729,13.550000000000002,-8.1612226190546764,0.91551877196713594,11.750000000000002,-8.5433282306627447,-0.92459119714405225,occupied,occupied,1,
18.546744597767638,13.550000000000001,-8.2120961281498115,0.90494864729147229,11.750000000000002,-8.5946728719115821,-0.93525921185579286,occupied,occupied,1,
18.596735823098548,13.600000000000001,-8.2522934333898572,0.94549208874008195,11.75,-8.6460643995710793,-0.94595063410597191,occupied,occupied,1,
18.646727048429458,13.600000000000001,-8.3030832549855607,0.93491021376385819,11.800000000000001,-8.6868442307151437,-0.90554421014696618,occupied,occupied,1,
18.696718273760368,13.600000000000001,-8.3538398331124313,0.92431751578255628,11.800000000000001,-8.7383140620616846,-0.91628576377719839,occupied,occupied,1,
18.746709499091278,13.600000000000001,-8.4045645429068525,0.91371160453514222,11.800000000000001,-8.7898328995163162,-0.92705772012358756,occupied,occupied,1,
18.796700724422188,13.624513621380668,-8.4499999999999975,0.92816143323894185,11.800000000000002,-8.8414022200403686,-0.93786258923668619,occupied,occupied,1,
18.846691949753101,13.650000000000002,-8.4951711118322457,0.9435937363508996,11.850000000000001,-8.8822707463939956,-0.89755974097733293,occupied,occupied,1,
18.896683175084011,13.650000000000002,-8.5457796971640061,0.93293991425268752,11.850000000000001,-8.9339167027011985,-0.90843194799224736,occupied,occupied,1,
18.946674400414921,13.65,-8.596359706100472,0.9222638120928498,11.850000000000001,-8.9856153984207729,-0.91934417931133505,occupied,occupied,1,
18.99666562574583,13.65,-8.6469125398130977,0.91156304206323358,11.85,-9.0373683660939932,-0.93029899193298693,occupied,occupied,1,
19.04665685107674,13.65,-8.6974396079536742,0.90083521448272952,11.85,-9.0891771551520293,-0.94129895703816813,occupied,occupied,1,
19.09664807640765,13.700000000000001,-8.7370228572787223,0.9412563982530715,11.9,-9.1301238605384114,-0.90116819959721139,occupied,occupied,1,
19.14663930173856,13.700000000000003,-8.7874625132932049,0.93047585720426729,11.900000000000002,-9.182008864350145,-0.91225766209046499,occupied,occupied,1,
19.19663052706947,13.700000000000003,-8.8378784136184922,0.91966159217557797,11.900000000000002,-9.2339521692023379,-0.92339956249680366,occupied,occupied,1,
19.24662175240038,13.700000000000001,-8.8882720064387932,0.9088112064177688,11.900000000000002,-9.2859553966705413,-0.93459652896423662,occupied,occupied,1,
19.296612977731289,13.750000000000002,-8.9275588565680728,0.94913658675369106,11.950000000000003,-9.3269190134776618,-0.89463360904806721,occupied,occupied,1,
19.346604203062199,13.750000000000002,-8.9779349321895392,0.93820373721195971,11.950000000000001,-9.3789280403009503,-0.90592084446706811,occupied,occupied,1,
19.396595428393109,13.75,-9.0283639629548151,0.92721771289188537,11.950000000000001,-9.430923914848659,-0.91724820299508836,occupied,occupied,1,
19.446586653724019,13.75,-9.0788448967008026,0.91618040464479089,11.949999999999999,-9.4829054293489765,-0.92861359850133929,occupied,occupied,1,
19.496577879054929,13.800000000000001,-9.1181129221664499,0.95634673446557983,11.950000000000001,-9.5348713655240349,-0.94001493992826646,occupied,occupied,1,
19.546569104385839,13.800000000000001,-9.1686564471478942,0.94522094441300986,12,-9.575518764189038,-0.90018875129905351,occupied,occupied,1,
19.596560329716752,13.800000000000001,-9.2192504692612722,0.93404923604751477,12.000000000000002,-9.6274137131440813,-0.91164771460742289,occupied,occupied,1,
19.646551555047662,13.799999999999999,-9.2698938741124053,0.92283354504142978,11.999999999999998,-9.6792912282249688,-0.92313671299480571,occupied,occupied,1,
19.696542780378572,13.800000000000001,-9.3205855322491509,0.91157581864348025,12.000000000000002,-9.7311500588217665,-0.9346536444731155,occupied,occupied,1,
19.746534005709481,13.850000000000003,-9.3598891707193292,0.95156897136697416,12.050000000000002,-9.7715538177282664,-0.89490544805967775,occupied,occupied,1,
19.796525231040391,13.85,-9.4106451966876907,0.9402394649013136,12.049999999999999,-9.8233428047624347,-0.90646552391271296,occupied,occupied,1,
19.846516456371301,13.85,-9.4614478720008854,0.92887342690675556,12.050000000000001,-9.8751111813344483,-0.91804761458061479,occupied,occupied,1,
19.896507681702211,13.850000000000003,-9.51229601602817,0.91747284343731916,12.050000000000002,-9.9268576732900851,-0.92964961262014101,occupied,occupied,1,
19.946498907033121,13.900000000000004,-9.5516497537673626,0.95735385247626337,12.050000000000002,-9.9785810013870861,-0.94126940930953318,occupied,occupied,1,
19.996490132364031,13.900000000000004,-9.6025640407448911,0.94589494710543065,12.100000000000003,-10.018719994356656,-0.90158598046229987,occupied,occupied,1,
20.04648135769494,13.900000000000002,-9.6535220627333818,0.93440709567809066,12.100000000000003,-10.070373812303666,-0.91323068839101751,occupied,occupied,1,
20.09647258302585,13.900000000000002,-9.7045225968886299,0.92289231807755168,12.100000000000003,-10.122002484163898,-0.92488728357394612,occupied,occupied,1,
20.14646380835676,13.9,-9.7555644108269775,0.91135264238429681,12.1,-10.173604718622899,-0.93655365906664778,occupied,occupied,1,
20.19645503368767,13.928583827559706,-9.8000000000000007,0.9291364502596311,12.15,-10.213553306887381,-0.89689388062055997,occupied,occupied,1,
20.24644625901858,13.950000000000001,-9.8461291882832196,0.93954324941628076,12.15,-10.26508698445355,-0.90857082578900916,occupied,occupied,1,
20.296437484349493,13.949999999999998,-9.8972774456985384,0.92794337200458776,12.149999999999999,-10.316592226471146,-0.92025166244777701,occupied,occupied,1,
20.346428709680403,13.949999999999999,-9.9484638570562822,0.91632635544256669,12.15,-10.368067738743783,-0.93193429109168646,occupied,occupied,1,
20.396419935011313,13.950000000000003,-9.9996871530389484,0.90469426099431971,12.150000000000004,-10.419512227633005,-0.94361661471298541,occupied,occupied,1,
20.446411160342223,13.999999999999998,-10.039279993584936,0.94439209158603676,12.199999999999998,-10.459258335677156,-0.90395360330616348,occupied,occupied,1,
20.496402385673132,14,-10.090570858476946,0.93273658609563603,12.200000000000001,-10.5106345321788,-0.9156284995851921,occupied,occupied,1,
20.546393611004042,14,-10.14189665584675,0.92107178996354488,12.200000000000001,-10.561977721708276,-0.9272972483768388,occupied,occupied,1,
20.596384836334952,13.999999999999998,-10.193256097612453,0.90939978438918256,12.199999999999998,-10.61328661953949,-0.93895776742548165,occupied,occupied,1,
20.646376061665862,14.000000000000002,-10.244647892530365,0.89772265462899414,12.250000000000002,-10.652895721028676,-0.89926546149019349,occupied,occupied,1,
20.696367286996772,14.050000000000002,-10.284411700380701,0.93738383120007995,12.250000000000002,-10.704137374155039,-0.91090446915387824,occupied,occupied,1,
20.746358512327681,14.050000000000002,-10.335871381480855,0.92570111926465459,12.250000000000002,-10.755342792318006,-0.9225294573977133,occupied,occupied,1,
20.796349737658591,14.050000000000002,-10.387361414643621,0.91401913194693063,12.250000000000002,-10.806510709006783,-0.93413836430849895,occupied,occupied,1,
20.846340962989501,14.050000000000001,-10.438880501714772,0.90233996716902687,12.250000000000002,-10.857639863978308,-0.94572913421310578,occupied,occupied,1,
20.896332188320411,14.1,-10.478807854039381,0.94199809819391689,12.287561904720889,-10.9,-0.918736883752165,occupied,occupied,1,
20.946323413651321,14.100000000000001,-10.530395750344185,0.93032757775453756,12.300000000000002,-10.948171987688774,-0.91751900258967534,occupied,occupied,1,
20.996314638982234,14.100000000000001,-10.582010688476529,0.91866576283435919,12.300000000000002,-10.999193843326688,-0.92904681889763974,occupied,occupied,1,
21.046305864313144,14.100000000000001,-10.633651372658644,0.90701475834133549,12.300000000000002,-11.050173850031218,-0.94054876537214793,occupied,occupied,1,
21.096297089644054,14.100000000000001,-10.685316509650727,0.89537666945034433,12.304808667716269,-11.1,-0.94708752739986712,occupied,occupied,1,
21.146288314974964,14.150000000000002,-10.725477069588036,0.93506528387072574,12.350000000000001,-11.140475703507416,-0.91215529477031743,occupied,occupied,1,
21.196279540305873,14.150000000000002,-10.777211218208365,0.92345396010322101,12.350000000000001,-11.191346851583635,-0.9235729273110197,occupied,occupied,1,
21.246270765636783,14.15,-10.828967830264659,0.91186145690694387,12.35,-11.242173198965999,-0.93495707146112816,occupied,occupied,1,
21.296261990967693,14.149999999999999,-10.880745626550622,0.90028987912050662,12.349999999999998,-11.292953566347425,-0.94630574137454992,occupied,occupied,1,
21.346253216298603,14.200000000000001,-10.921122682037851,0.94002906004595177,12.4,-11.332266135462257,-0.90632923110280217,occupied,occupied,1,
21.396244441629513,14.199999999999999,-10.972970461083134,0.92849865043646918,12.4,-11.382982484287544,-0.91760802556363974,occupied,occupied,1,
21.446235666960423,14.200000000000001,-11.024837479528138,0.91699507499300037,12.4,-11.4336512491363,-0.92884584399791725,occupied,occupied,1,
21.496226892291332,14.200000000000001,-11.076722481187502,0.90552043262394344,12.4,-11.48427130113884,-0.94004073966044555,occupied,occupied,1,
21.546218117622242,14.199999999999999,-11.128624217941875,0.89407681878029399,12.399999999999999,-11.534841526328576,-0.9511907774324988,occupied,occupied,1,
21.596209342953152,14.25,-11.169296467712773,0.93391522386993131,12.449999999999999,-11.57411584360927,-0.91104513535224796,occupied,occupied,1,
21.646200568284062,14.249999999999998,-11.221268638130212,0.92253102841113699,12.449999999999998,-11.624623808414549,-0.92210860940301087,occupied,occupied,1,
21.696191793614975,14.250000000000002,-11.273255690670201,0.9111837531326491,12.450000000000003,-11.675080536836857,-0.93312186335200931,occupied,occupied,1,
21.746183018945885,14.250000000000004,-11.325256411334749,0.8998754805089263,12.450000000000003,-11.725484976298397,-0.9440830071509394,occupied,occupied,1,
21.796174244276795,14.300000000000001,-11.36619830562503,0.93981935565039054,12.5,-11.764764800514723,-0.90377909597855743,occupied,occupied,1,
21.846165469607705,14.300000000000001,-11.418270756475302,0.9285849597117849,12.500000000000002,-11.815109567418531,-0.91464075676214629,occupied,occupied,1,
21.896156694938615,14.300000000000001,-11.470355119609492,0.9173954325716136,12.5,-11.865400814505582,-0.9254450654248727,occupied,occupied,1,
21.946147920269524,14.299999999999999,-11.522450223551337,0.90625283846653504,12.5,-11.915637558833534,-0.93619018117513442,occupied,occupied,1,
21.996139145600434,14.350000000000003,-11.563686467656296,0.94632683223900327,12.500000000000004,-11.965818837469344,-0.94687427774679456,occupied,occupied,1,
22.046130370931344,14.35,-11.615854821693894,0.9352725659417267,12.549999999999999,-12.005130494922161,-0.90633964887639928,occupied,occupied,1,
22.096121596262254,14.35,-11.668032279507798,0.92427106128385583,12.550000000000001,-12.055255061063963,-0.91690831144333496,occupied,occupied,1,
22.146112821593164,14.35,-11.720217720191192,0.91332435921852106,12.550000000000001,-12.10532318801719,-0.92741088012185735,occupied,occupied,1,
22.196104046924074,14.350000000000001,-11.772410038233087,0.90243449231013184,12.550000000000001,-12.15533399242328,-0.93784558275796925,occupied,occupied,1,
22.246095272254983,14.4,-11.814033742151723,0.94270943288019948,12.574997222529714,-12.199999999999999,-0.92266052773663865,occupied,occupied,1,
22.296086497585893,14.4,-11.866243079293875,0.93193737476422478,12.6,-12.244726069399245,-0.90742375720499824,occupied,occupied,1,
22.346077722916803,14.400000000000002,-11.918112069094988,0.9212870827220101,12.600000000000001,-12.295028873068325,-0.91775241579820188,occupied,occupied,1,
22.396068948247716,14.4,-11.969612068336993,0.91074506869794958,12.600000000000001,-12.345671701880494,-0.92811894149444929,occupied,occupied,1,
22.446060173578626,14.450000000000003,-12.010313769451546,0.95136812475053012,12.600000000000003,-12.396666123733365,-0.93854407999843714,occupied,occupied,1,
22.496051398909536,14.450000000000001,-12.061097834715516,0.94098058482625146,12.600000000000001,-12.448023995449084,-0.94904900591036345,occupied,occupied,1,
22.546042624240446,14.450000000000001,-12.111530097070997,0.93064104874542963,12.650000000000002,-12.489264898968003,-0.90856627522981159,occupied,occupied,1,
22.596033849571356,14.450000000000001,-12.161622224026893,0.92032898834534727,12.65,-12.541331887113556,-0.91928494621847578,occupied,occupied,1,
22.646025074902266,14.450000000000003,-12.21138568745992,0.91002425927593711,12.650000000000002,-12.593780591848672,-0.93014580430581939,occupied,occupied,1,
22.696016300233175,14.5,-12.25011536754516,0.95084259016596395,12.65,-12.646624657713485,-0.9411721077657903,occupied,occupied,1,
22.746007525564085,14.500000000000002,-12.299141228251639,0.94051747907414418,12.700000000000003,-12.6890476155,-0.90122815776528309,occupied,occupied,1,
22.795998750894995,14.500000000000004,-12.347852403371315,0.9301456592965025,12.700000000000003,-12.74259163952205,-0.91262916811917105,occupied,occupied,1,
22.845989976225905,14.5,-12.39626018346422,0.91970826870746514,12.700000000000001,-12.796555859428716,-0.92426478646331744,occupied,occupied,1,
22.895981201556815,14.500000000000002,-12.444376010801548,0.90918664221374701,12.700000000000001,-12.850956689123588,-0.93616098031833639,occupied,occupied,1,
22.945972426887725,14.550000000000001,-12.480722671231836,0.94986523596387329,12.725291547109979,-12.899999999999999,-0.92239393852753948,occupied,occupied,1,
22.995963652218634,14.550000000000001,-12.52807436838471,0.93916841184393585,12.75,-12.949433932932269,-0.9094916116962789,occupied,occupied,1,
23.045954877549544,14.550000000000002,-12.575149370672902,0.92833777465114931,12.750000000000002,-13.005016057975528,-0.92227978952912593,occupied,occupied,1,
23.095946102880454,14.549999999999999,-12.621960309365873,0.91735531750660582,12.75,-13.061089150068682,-0.93543558778653868,occupied,occupied,1,
23.145937328211367,14.549999999999999,-12.668520357110438,0.9062030282546556,12.799999999999999,-13.105198112517224,-0.89745643574266687,occupied,occupied,1,
23.195928553542277,14.600000000000001,-12.702066877230502,0.94646940051556971,12.800000000000001,-13.16201870361127,-0.91136689006307192,occupied,occupied,1,
23.245919778873187,14.600000000000001,-12.747845629328166,0.93500369362540003,12.800000000000002,-13.219376660454326,-0.92573312637760607,occupied,occupied,1,
23.295911004204097,14.600000000000003,-12.793395166681639,0.92332112255219223,12.800000000000002,-13.277297159042108,-0.94058905184206609,occupied,occupied,1,
23.345902229535007,14.600000000000001,-12.838731447261813,0.91140357126227778,12.850000000000001,-13.321999225988808,-0.90409849316941115,occupied,occupied,1,
23.395893454865917,14.6,-12.883871427375752,0.89923265263518781,12.85,-13.380737894950087,-0.91993646721040767,occupied,occupied,1,
23.445884680196826,14.650000000000002,-12.914225511590468,0.93887978405568573,12.850000000000001,-13.440101056411342,-0.93636555686391088,occupied,occupied,1,
23.495875905527736,14.650000000000002,-12.958593525634884,0.92626910032091492,12.850000000000001,-13.500120072849779,-0.95342529008899657,occupied,occupied,1,
23.545867130858646,14.649999999999999,-13.00279951084925,0.91335782029163071,12.884927712491253,-13.549999999999999,-0.93458929893504572,occupied,occupied,1,
23.595858356189556,14.65,-13.046865110184418,0.90012634121927737,12.9,-13.606277206675724,-0.93711123016358544,occupied,occupied,1,
23.645849581520466,14.650000000000002,-13.090813498657514,0.88655440202653779,12.900000000000002,-13.667963998672178,-0.95616171817949558,occupied,occupied,1,
23.695840806851376,14.700000000000001,-13.117647869584859,0.92543892958503837,12.9,-13.73042658583814,-0.97600729765701,occupied,occupied,1,
23.745832032182285,14.700000000000001,-13.160881242608298,0.91130419624870496,12.950000000000001,-13.776127545302028,-0.94369661587464915,occupied,occupied,1,
23.795823257513195,14.700000000000003,-13.204180809434268,0.89673440614938549,12.950000000000003,-13.839545654685656,-0.96503584997281366,occupied,occupied,1,
23.845814482844109,14.700000000000001,-13.248100732383937,0.88154041942392092,12.95828403379735,-13.899999999999999,-0.97817653808428895,occupied,occupied,1,
23.895805708175018,14.75,-13.273441991815981,0.91928731117531737,13,-13.947457928782725,-0.95602532496969628,occupied,occupied,1,
23.945796933505928,14.75,-13.318191258204102,0.90301182045538209,13.026768700109292,-14,-0.95019871084221474,occupied,occupied,1,
23.995788158836838,14.783586824369213,-13.35,0.92235557834003257,13.049999999999999,-14.053479107442808,-0.94852820539295535,occupied,occupied,1,
24.045779384167748,14.800000000000001,-13.388971545486417,0.9227322109431273,13.088969787497195,-14.1,-0.93015360616092913,occupied,occupied,1,
24.095770609498658,14.799999999999999,-13.435295696511762,0.90478362770112419,13.1,-14.157686859456755,-0.94233547844796739,occupied,occupied,1,
24.145761834829568,14.85,-13.460605378114346,0.94073861047132512,13.146045083815983,-14.199999999999999,-0.91672384224773507,occupied,occupied,1,
24.195753060160477,14.850000000000001,-13.507851447481579,0.92177360526133123,13.150000000000002,-14.26014824771446,-0.93724508093862979,occupied,occupied,1,
24.245744285491387,14.862809630308142,-13.549999999999999,0.91628004798521145,13.198833051490908,-14.299999999999999,-0.90890982017982602,occupied,occupied,1,
24.295735510822297,14.9,-13.581430757301733,0.93712661577005241,13.200000000000001,-14.360920149796545,-0.93306153332402531,occupied,occupied,1,
24.345726736153207,14.9,-13.630289133561117,0.91662587033620069,13.24793939351536,-14.4,-0.90594348785363099,occupied,occupied,1,
24.395717961484117,14.950000000000001,-13.656150446620847,0.9508975289029008,13.25,-14.46004988458828,-0.92959557301594298,occupied,occupied,1,
24.445709186815026,14.950000000000001,-13.705955934576533,0.92948416468610306,13.293795638314489,-14.5,-0.90722998441286395,occupied,occupied,1,
24.495700412145936,14.963159323757795,-13.75,0.92219473347328995,13.300000000000004,-14.557576012147802,-0.92666382022924221,occupied,occupied,1,
24.54569163747685,15.000000000000002,-13.782866608512812,0.94087241901712981,13.336699436086001,-14.6,-0.91230748196387967,occupied,occupied,1,
24.59568286280776,14.999999999999998,-13.834227220400834,0.9181264339806321,13.349999999999998,-14.653529278415471,-0.92408849980614394,occupied,occupied,1,
24.645674088138669,15.050000000000001,-13.861100084277249,0.9508668632034244,13.376842527984797,-14.699999999999999,-0.92081927361544447,occupied,occupied,1,
24.695665313469579,15.050000000000001,-13.913378964598714,0.92735159561398173,13.4,-14.747933681120637,-0.92169723415471516,occupied,occupied,1,
24.745656538800489,15.081801467001068,-13.949999999999999,0.93912541996924126,13.414330142107717,-14.800000000000001,-0.93249436496080285,occupied,occupied,1,
24.795647764131399,15.100000000000003,-13.993905756634875,0.93533144468981189,13.450000000000003,-14.840807638233033,-0.91932291584600045,occupied,occupied,1,
24.845638989462309,15.100000000000001,-14.047609820677238,0.91074868828212407,13.450000000000003,-14.899583936019313,-0.9462273194285058,occupied,occupied,1,
24.895630214793218,15.150000000000002,-14.075858779937933,0.94216399709872811,13.500000000000002,-14.932165245057774,-0.91680366324559248,occupied,occupied,1,
24.945621440124128,15.150000000000002,-14.130412602571623,0.91699162984284144,13.500000000000002,-14.990307680540768,-0.94363179931082897,occupied,occupied,1,
24.995612665455038,15.200000000000003,-14.159281207210944,0.94795540611843543,13.550000000000002,-15.022017610485426,-0.91398285857644734,occupied,occupied,1,
25.045603890785948,15.199999999999999,-14.214658581224318,0.92227018400525917,13.549999999999997,-15.079485770326755,-0.94063777588187003,occupied,occupied,1,
25.095595116116858,15.238969933717764,-14.25,0.94036240400698501,13.600000000000001,-15.110374266700401,-0.91070926463014801,occupied,occupied,1,
25.145586341447768,15.250000000000002,-14.300381508876182,0.92670302463890941,13.600000000000001,-15.167127123790445,-0.93709631031458895,occupied,occupied,1,
25.195577566778677,15.263206698564328,-14.35,0.91532066887497054,13.644753641414152,-15.199999999999999,-0.91276310880009892,occupied,occupied,1,
25.245568792109591,15.299999999999999,-14.387611147110572,0.9304165484360617,13.649999999999999,-15.253241402005779,-0.93286435851005434,occupied,occupied,1,
25.295560017440501,15.300000000000004,-14.444816837292493,0.90385853513430914,13.666987969410552,-15.300000000000001,-0.93952599714003349,occupied,occupied,1,
25.34555124277141,15.350000000000001,-14.475853642197883,0.93377284773889935,13.700000000000003,-15.338358573082973,-0.92805817461546336,occupied,occupied,1,
25.39554246810232,15.35,-14.533012551118453,0.9073122413769662,13.700000000000001,-15.393979677877642,-0.95380688252670542,occupied,occupied,1,
25.44553369343323,15.4,-14.564066354684554,0.93729288225985075,13.75,-15.423532764927522,-0.92313247510763408,occupied,occupied,1,
25.49552491876414,15.400000000000002,-14.621149743765299,0.91093963112880694,13.750000000000002,-15.479152833233544,-0.94881016428375176,occupied,occupied,1,
25.54551614409505,15.449999999999999,-14.652217397398326,0.94098454643339047,13.799999999999997,-15.508794854943268,-0.91810795819733881,occupied,occupied,1,
25.59550736942596,15.450000000000001,-14.709226654591991,0.91473435252951818,13.82781503894004,-15.549999999999999,-0.91239012769553851,occupied,occupied,1,
25.645498594756869,15.481264910510102,-14.749999999999998,0.92374647220287409,13.850000000000001,-15.594145340599132,-0.91299155057466796,occupied,occupied,1,
25.695489820087779,15.500000000000002,-14.797241544040777,0.91868990779890136,13.850000000000001,-15.649770939363965,-0.93854092596682137,occupied,occupied,1,
25.745481045418689,15.507991710176112,-14.85,0.90158751006011317,13.899999999999999,-15.679584500334364,-0.90779022363457207,occupied,occupied,1,
25.795472270749599,15.550000000000002,-14.885192702378401,0.9227996634360438,13.900000000000002,-15.735216509159148,-0.93328235848379437,occupied,occupied,1,
25.845463496080509,15.550000000000002,-14.942004912821421,0.89679608597851024,13.950000000000001,-15.765112395561598,-0.90251098290741916,occupied,occupied,1,
25.895454721411419,15.599999999999998,-14.97307845846969,0.92705686089159989,13.949999999999998,-15.820753135303702,-0.92795051314917454,occupied,occupied,1,
25.945445946742328,15.600000000000003,-15.029822956113779,0.90114015348888776,14.000000000000002,-15.850728873856736,-0.89716085740595408,occupied,occupied,1,
25.995437172073242,15.649999999999999,-15.060897188512698,0.93145462766211684,13.999999999999998,-15.906380581029453,-0.92255242923428027,occupied,occupied,1,
26.045428397404152,15.65,-15.117575582501759,0.90562018796198862,14.023492005989452,-15.949999999999999,-0.92152476124907667,occupied,occupied,1,
26.095419622735061,15.697353830732576,-15.15,0.93301413035072145,14.050000000000001,-15.992098398622586,-0.91709515198694969,occupied,occupied,1,
26.145410848065971,15.700000000000001,-15.205261270230354,0.91022916721686242,14.050000000000001,-16.047756073499052,-0.94241691164838093,occupied,occupied,1,
26.195402073396881,15.723193411721748,-15.25,0.91055178372846068,14.100000000000003,-16.077905935383189,-0.91158572197729604,occupied,occupied,1,
26.245393298727791,15.750000000000004,-15.292878561976904,0.91495998577642834,14.100000000000003,-16.133581005941963,-0.93687170184769919,occupied,occupied,1,
26.295384524058701,15.75,-15.349386373028016,0.88931653670601363,14.15,-16.163802340596565,-0.90603116450136367,occupied,occupied,1,
26.345375749389611,15.800000000000002,-15.380426072846122,0.91980546698784305,14.150000000000004,-16.219496742796213,-0.93128599190080197,occupied,occupied,1,
26.39536697472052,15.850000000000001,-15.41147150594443,0.95031059963891706,14.19957992682202,-16.25,-0.90090966097080227,occupied,occupied,1,
26.44535820005143,15.850000000000001,-15.467902498107154,0.92475837526492588,14.200000000000003,-16.305502154253258,-0.92566676074465282,occupied,occupied,1,
26.49534942538234,15.897896398409722,-15.5,0.95294621922467304,14.222117828959464,-16.350000000000001,-0.92607847827899659,occupied,occupied,1,
26.54534065071325,15.900000000000002,-15.555306620423217,0.92981142847596965,14.250000000000002,-16.39159593000204,-0.92002094482595242,occupied,occupied,1,
26.59533187604416,15.922988500905706,-15.6,0.93011843911979786,14.250000000000002,-16.447337532755185,-0.94521390971289965,occupied,occupied,1,
26.64532310137507,15.949999999999999,-15.642637316702277,0.93495731033062668,14.299999999999999,-16.477776589348544,-0.91435542815254611,occupied,occupied,1,
26.695314326705983,15.950000000000003,-15.698920627463561,0.90954640291243571,14.300000000000002,-16.533544814722738,-0.93953378300650914,occupied,occupied,1,
26.745305552036893,16.000000000000004,-15.72989356440188,0.94018868275687573,14.350000000000003,-16.564042491989241,-0.90867703259271304,occupied,occupied,1,
26.795296777367803,15.999999999999998,-15.786121579670882,0.91482571711700456,14.349999999999998,-16.619842879065484,-0.93384710549499672,occupied,occupied,1,
26.845288002698712,16.050000000000004,-15.817049349877081,0.94550885242637706,14.400000000000004,-16.65041581840909,-0.90300397438156987,occupied,occupied,1,
26.895279228029622,16.050000000000004,-15.873194741224253,0.92020032625847337,14.400000000000006,-16.706280634205623,-0.92818602542359996,occupied,occupied,1,
26.945270453360532,16.100000000000005,-15.904057944673061,0.95092615146820814,14.424121398914938,-16.75,-0.92635567248513795,occupied,occupied,1,
26.995261678691442,16.100000000000001,-15.960123696225619,0.92566352047944878,14.450000000000001,-16.792869704567906,-0.92256966675911356,occupied,occupied,1,
27.045252904022352,16.132002043393847,-16,0.93626724067812594,14.450000000000003,-16.848836245646421,-0.94778526546499542,occupied,occupied,1,
27.095244129353262,16.150000000000002,-16.046906903651209,0.93120172077520791,14.5,-16.879606349190922,-0.91701048744173519,occupied,occupied,1,
27.145235354684171,16.155668834810257,-16.100000000000001,0.91234097065574704,14.500000000000005,-16.93564698451225,-0.94226011132559195,occupied,occupied,1,
27.195226580015081,16.200000000000003,-16.133542199194721,0.93680175591686199,14.550000000000002,-16.966487465153723,-0.91152121804724184,occupied,occupied,1,
27.245217805345991,16.200000000000003,-16.189427441356436,0.91161446146799552,14.550000000000002,-17.022605309225018,-0.93681334602301902,occupied,occupied,1,
27.295209030676901,16.25,-16.220026798866108,0.9424508073893072,14.600000000000001,-17.053510577824476,-0.90611490953468687,occupied,occupied,1,
27.345200256007811,16.250000000000004,-16.275845838983958,0.917278628222152,14.600000000000003,-17.109709072074033,-0.93145820851244043,occupied,occupied,1,
27.395191481338724,16.300000000000001,-16.30635729540279,0.94813635897697224,14.631555961399984,-17.149999999999999,-0.92147283092342669,occupied,occupied,1,
27.445182706669634,16.300000000000004,-16.362112670342178,0.92297111158781098,14.650000000000004,-17.196956771812232,-0.92620834799942442,occupied,occupied,1,
27.495173932000544,16.335246112809052,-16.399999999999999,0.9373088183322561,14.656502831768707,-17.25,-0.94436038841958558,occupied,occupied,1,
27.545165157331454,16.350000000000005,-16.448223623294446,0.92867973372344415,14.700000000000003,-17.284347562739214,-0.92107788340174102,occupied,occupied,1,
27.595156382662363,16.357687490819238,-16.5,0.9121243153913402,14.700000000000001,-17.340776497230134,-0.94659377391460564,occupied,occupied,1,
27.645147607993273,16.400000000000002,-16.534173741764736,0.93439249913098876,14.750000000000002,-17.371881271839008,-0.91608146878726826,occupied,occupied,1,
27.695138833324183,16.400000000000002,-16.589793045740368,0.90920301517802282,14.750000000000002,-17.428408146111629,-0.94168198572578876,occupied,occupied,1,
27.745130058655093,16.450000000000003,-16.619957397141238,0.94009755621809488,14.800000000000002,-17.459558424484051,-0.91123436570058503,occupied,occupied,1,
27.795121283986003,16.450000000000003,-16.675522217790547,0.91488571371513949,14.800000000000001,-17.516188523965884,-0.93692956820108952,occupied,occupied,1,
27.845112509316913,16.5,-16.705568251748161,0.94578316154210118,14.84486519701233,-17.550000000000001,-0.91231699547761325,occupied,occupied,1,
27.895103734647822,16.5,-16.761080017402602,0.92054087296457277,14.849999999999998,-17.604119399081526,-0.93235291758619165,occupied,occupied,1,
27.945094959978732,16.532410963053959,-16.800000000000001,0.93167939829216562,14.871369257646499,-17.649999999999999,-0.93421436800400715,occupied,occupied,1,
27.995086185309642,16.550000000000004,-16.846459106305186,0.9261567666344378,14.900000000000002,-17.692203369359401,-0.92796926966652482,occupied,occupied,1,
28.045077410640552,16.55373120123209,-16.899999999999999,0.90503759833308917,14.9,-17.749140557467985,-0.95395852115333213,occupied,occupied,1,
28.095068635971465,16.600000000000001,-16.93165133209471,0.93172168338206607,14.950000000000001,-17.78044392737235,-0.92379680744419268,occupied,occupied,1,
28.145059861302375,16.600000000000005,-16.987060185879159,0.9063559519425789,14.950000000000005,-17.837509883566668,-0.94992115245125908,occupied,occupied,1,
28.195051086633285,16.649999999999999,-17.016647659443635,0.93722389820239094,14.999999999999998,-17.868845539901649,-0.91985478280634103,occupied,occupied,1,
28.245042311964195,16.650000000000006,-17.072009263672786,0.91179744920978734,15.050000000000004,-17.900168440046176,-0.88982615782122854,occupied,occupied,1,
28.295033537295105,16.700000000000003,-17.101575910329451,0.94258961171666888,15.050000000000002,-17.957279795328969,-0.91610055579465399,occupied,occupied,1,
28.345024762626014,16.699999999999999,-17.157607060383139,0.91678484392995752,15.076754858164238,-18,-0.91202642441069337,occupied,occupied,1,
28.395015987956924,16.727416138584182,-17.199999999999999,0.92159700165894465,15.100000000000005,-18.043963433778927,-0.91163990765751146,occupied,occupied,1,
28.445007213287834,16.750000000000004,-17.245484439609339,0.92072501450996547,15.100000000000005,-18.099378786919662,-0.93713277239637349,occupied,occupied,1,
28.494998438618744,16.756195515349322,-17.300000000000001,0.90120521789517616,15.150000000000002,-18.128351394663138,-0.90601089164143178,occupied,occupied,1,
28.544989663949654,16.800000000000004,-17.335701923987422,0.92382165427595453,15.150000000000006,-18.182538563178952,-0.93080291513889191,occupied,occupied,1,
28.594980889280563,16.800000000000004,-17.394426918097196,0.89707075005103853,15.200000000000003,-18.210527935422483,-0.89904196091099209,occupied,occupied,1,
28.644972114611473,16.850000000000001,-17.428209573250847,0.92633977644970722,15.200000000000001,-18.263490593856183,-0.92303697894209091,occupied,occupied,1,
28.694963339942383,16.850000000000005,-17.487832145583848,0.89950353887093415,15.231376722015705,-18.300000000000001,-0.91145144118228916,occupied,occupied,1,
28.744954565273293,16.899999999999999,-17.522890752922503,0.92857745220240961,15.25,-18.342438483067486,-0.91374675433285457,occupied,occupied,1,
28.794945790604203,16.950000000000003,-17.558718433860349,0.95754126438518794,15.250000000000004,-18.393519188440653,-0.93636799950467398,occupied,occupied,1,
28.844937015935116,16.949999999999999,-17.61957535712466,0.93085082923839735,15.300000000000001,-18.419650811664035,-0.90289417292422314,occupied,occupied,1,
28.894928241266026,16.950000000000003,-17.680561157428198,0.90438878422020641,15.300000000000002,-18.469659776949054,-0.9245936190110885,occupied,occupied,1,
28.944919466596936,17.000000000000004,-17.718055971017503,0.93347788523967856,15.340330357345261,-18.5,-0.90117188711773266,occupied,occupied,1,
28.994910691927846,17.050000000000001,-17.756307765897972,0.96257645927746205,15.350000000000001,-18.544507237855051,-0.91125875428679837,occupied,occupied,1,
29.044901917258755,17.050000000000001,-17.818104746371169,0.9367629572399252,15.350000000000001,-18.592953392047999,-0.93149570357426181,occupied,occupied,1,
29.094893142589665,17.100000000000001,-17.858132946638783,0.96586174265187141,15.400000000000002,-18.617791903976002,-0.89614838929227836,occupied,occupied,1,
29.144884367920575,17.100000000000001,-17.922901289898515,0.93971558713972403,15.400000000000002,-18.662803319829447,-0.91432190274442404,occupied,occupied,1,
29.194875593251485,17.150000000000002,-17.968403722709304,0.96776511910378105,12.442541344300325,-19.949999999999999,-4.1397676317744878,occupied,occupied,1,
29.244866818582395,17.149999999999999,-18.037400807776248,0.94144541200335619,12.416311360252667,-19.949999999999999,-4.1640265356394748,occupied,occupied,1,
29.294858043913305,17.200000000000003,-18.088761938759035,0.96911348573556433,12.400000000000006,-19.934503359819175,-4.173527994420045,occupied,occupied,1,
29.344849269244214,17.232946696501543,-18.149999999999999,0.97854494392159319,12.4,-19.90150413290224,-4.1619939868519875,occupied,occupied,1,
29.394840494575124,17.250000000000004,-18.219781167851266,0.97157809433370912,12.300000000000002,-19.891141242725666,-4.2529739917196165,occupied,occupied,1,
29.444831719906034,17.300000000000001,-18.281877037879241,1.0000034372182083,12.244743814939557,-19.850000000000001,-4.2928809107457848,occupied,occupied,1,
29.494822945236944,17.345144961028495,-18.350000000000001,1.0240161834601555,12.166281683499228,-19.800000000000001,-4.3540062083992535,occupied,occupied,1,
29.544814170567857,17.350000000000005,-18.432882968360946,1.0075853462028106,12.015967319992154,-19.75,-4.4866572682460086,occupied,occupied,1,
29.594805395898767,17.400000000000002,-18.508631621402905,1.0394170854298805,11.850000000000001,-19.679284099282413,-4.6327013216527346,occupied,occupied,1,
29.644796621229677,17.449999999999999,-18.59045975061041,1.0731398240715309,11.649999999999991,-19.587383479067903,-4.8119138647542306,occupied,occupied,1,
29.694787846560587,17.5,-18.679001347247763,1.1093781139857506,11.400000000000009,-19.470078170624628,-5.0417032982932257,occupied,occupied,1,
29.744779071891497,17.550000000000004,-18.774949577075823,1.148890420967386,11.099999999999996,-19.318227448674932,-5.3239490522290076,occupied,occupied,1,
29.794770297222406,17.600000000000001,-18.878810026354621,1.1925927380731847,10.649999999999991,-19.126433970434292,-5.7618172022223755,occupied,occupied,1,
29.844761522553316,17.649999999999999,-18.989466785623499,1.2414392605141433,10.09999999999998,-18.878712492212184,-6.3093730476755727,occupied,occupied,1,
29.894752747884226,17.699999999999999,-19.108085156177832,1.2962527618757147,9.4499999999999869,-18.553869177227075,-6.9723417590404351,occupied,occupied,1,
29.944743973215136,17.700000000000003,-19.23065371682366,1.3078383203188315,8.350000000000021,-18.080390834040422,-8.1126502391725737,occupied,occupied,1,
29.994735198546046,17.750000000000004,-19.369215670564802,1.3782520816785735,6.800000000000022,-17.359175985166775,-9.7547061746374268,occupied,occupied,1,
30.044726423876956,17.750000000000004,-19.511486028272941,1.4083909507216044,0.94999999999991047,-15.302674727798358,-15.910791840709567,occupied,occupied,1,
30.094717649207865,17.750000000000004,-19.667356912454771,1.4515225545645871,13.864312912442545,-18.399999999999999,-2.6356228656471359,occupied,occupied,1,
30.144708874538775,17.700000000000003,-19.821316627016529,1.4579188477598004,14.625838149935507,-18.550000000000001,-1.8687487110023688,occupied,occupied,1,
30.194700099869685,17.650000000000002,-19.991072346428631,1.4840382460066357,15.05613723674997,-18.649999999999999,-1.4359958416249938,occupied,occupied,1,
30.244691325200598,17.550000000000004,-20.152013606540258,1.4779838842749924,15.291302038519703,-18.699999999999999,-1.2071716037318592,occupied,occupied,1,
30.294682550531508,17.450000000000003,-20.331911003720514,1.5017693974958954,15.400000000000004,-18.690822876718784,-1.1241914248672347,occupied,occupied,1,
30.344673775862418,17.300000000000004,-20.491525801260849,1.4967123105510707,15.350000000000003,-18.53191088523943,-1.267811268493541,occupied,occupied,1,
30.394665001193328,17.101585934835473,-20.600000000000001,1.4462793621968431,15.15,-18.121510021953124,-1.7083363405990524,occupied,occupied,1,
30.444656226524238,16.926410972783952,-20.699999999999999,1.4270136541374381,14.449999999999999,-16.767479207416926,-3.2202792234659285,occupied,occupied,1,
30.494647451855148,16.748621527372368,-20.75,1.3827991397121548,12.700000000000008,-12.777658379677233,-7.5586530456452978,occupied,occupied,1,
30.544638677186057,16.575964096870653,-20.75,1.3107891232537958,12.049999999999999,-9.7539043130204011,-10.580319797421918,occupied,occupied,1,
30.594629902516967,16.446190251273926,-20.800000000000001,1.3124008218246384,9.1940165023859297,0.89999999999994529,-21.567372430636972,occupied,occupied,1,
30.644621127847877,16.31570996565128,-20.800000000000001,1.2746661914440609,10.503542543417295,0.649999999999892,-20.948830161382006,occupied,occupied,1,
30.694612353178787,16.200145039335858,-20.800000000000001,1.2472298470574075,12.604044158169835,-4.3500000000000512,-15.591251128004487,occupied,occupied,1,
30.744603578509697,16.087299739674059,-20.75,1.1764106188091674,14.8112125794633,-13.450000000000017,-6.2342842501254934,occupied,occupied,1,
30.794594803840607,15.994055118817078,-20.75,1.1620332290581152,15.05646608015844,-13.950000000000005,-5.7023001839844616,occupied,occupied,1,
30.844586029171516,15.907789970168471,-20.75,1.1515871228387853,15.214831766118825,-14.249999999999991,-5.3852462904095457,occupied,occupied,1,
30.894577254502426,15.823281930607179,-20.699999999999999,1.0939625374641009,15.322667728223758,-14.449999999999996,-5.1760545741256294,occupied,occupied,1,
30.94456847983334,15.748787988796151,-20.699999999999999,1.088858083041607,15.393926749451362,-14.550000000000001,-5.0713713363217092,occupied,occupied,1,
30.994559705164249,15.676429729901637,-20.649999999999999,1.0354357412300712,15.442736251881731,-14.649999999999988,-4.9691135875430028,occupied,occupied,1,
31.044550930495159,15.608738396802954,-20.649999999999999,1.0333804657783752,15.479818732978909,-14.749999999999996,-4.868027864418794,occupied,occupied,1,
31.094542155826069,15.541487134059125,-20.649999999999999,1.0324745432466622,15.51165943903113,-14.850000000000012,-4.7676021537798992,occupied,occupied,1,
31.144533381156979,15.474668414877204,-20.649999999999999,1.0326771558861456,15.539366506957345,-14.850000000000003,-4.7676836814341303,occupied,occupied,1,
31.194524606487889,15.409627313599595,-20.600000000000001,0.9839278335868622,15.562302642054398,-14.950000000000003,-4.6681346002437092,occupied,occupied,1,
31.244515831818799,15.344428066436658,-20.600000000000001,0.98619283433905325,15.584216926117364,-14.949999999999996,-4.6688932567144708,occupied,occupied,1,
31.294507057149708,15.279624698958983,-20.600000000000001,0.98942552970014819,15.388669353744906,-18.699999999999999,-0.9137010390643634,occupied,occupied,1,
31.344498282480618,15.218808207548852,-20.550000000000001,0.94345248829271344,15.351748245203559,-18.699999999999999,-0.91131786234685719,occupied,occupied,1,
31.394489507811528,15.155490828611846,-20.550000000000001,0.94843130486666627,15.31427109820482,-18.699999999999999,-0.90837002376599529,occupied,occupied,1,
31.444480733142438,15.092543006341696,-20.550000000000001,0.95423472083459648,15.27621092598609,-18.699999999999999,-0.90486019463004974,occupied,occupied,1,
31.494471958473348,15.029967445291769,-20.550000000000001,0.9608171076943941,15.237544356607097,-18.699999999999999,-0.90079192056884794,occupied,occupied,1,
31.544463183804258,14.973997967633501,-20.5,0.91774574497682215,15.200000000000001,-18.685966245688959,-0.91031207150864202,occupied,occupied,1,
31.594454409135167,14.912773782884626,-20.5,0.92567056970767603,15.165137014232036,-18.649999999999999,-0.94146284827190352,occupied,occupied,1,
31.644445634466081,14.851912690604484,-20.5,0.93423191172001718,15.125109583266614,-18.649999999999999,-0.93583133377737571,occupied,occupied,1,
31.694436859796991,14.799342055354929,-20.449999999999999,0.89276050010152808,15.084388546970242,-18.649999999999999,-0.92966960895127149,occupied,occupied,1,
31.7444280851279,14.739742063143726,-20.449999999999999,0.902374590769778,15.04296712579783,-18.649999999999999,-0.92298713738757121,occupied,occupied,1,
31.79441931045881,14.680508777214603,-20.449999999999999,0.91248632998103807,15.000841647868764,-18.649999999999999,-0.9157951439779195,occupied,occupied,1,
31.84441053578972,14.621656187189046,-20.449999999999999,0.92305001749427817,14.967354596898641,-18.600000000000001,-0.95897213712445661,occupied,occupied,1,
31.89440176112063,14.563199820807696,-20.449999999999999,0.93401993611886081,14.924236188790074,-18.600000000000001,-0.95087986466788221,occupied,occupied,1,
31.94439298645154,14.515298061159827,-20.399999999999999,0.89433231483551245,14.880388919747034,-18.600000000000001,-0.94231989367429247,occupied,occupied,1,
31.99438421178245,14.458038890320507,-20.399999999999999,0.90590663978264185,14.835819632292438,-18.600000000000001,-0.93331011987481149,occupied,occupied,1,
32.044375437113359,14.40119931002075,-20.399999999999999,0.91775507766728426,14.790537471455343,-18.600000000000001,-0.9238703467741981,occupied,occupied,1,
32.094366662444273,14.349999999999998,-20.376584374695778,0.90584715551154871,14.749999999999998,-18.575476584529277,-0.93914316202360082,occupied,occupied,1,
32.144357887775179,14.300223243802973,-20.350000000000001,0.89082261903039006,14.709243202629533,-18.550000000000001,-0.95506397735587756,occupied,occupied,1,
32.194349113106092,14.2449941044258,-20.350000000000001,0.90317836901254023,14.662122847443669,-18.550000000000001,-0.94452192818169545,occupied,occupied,1,
32.244340338436999,14.190239511561719,-20.350000000000001,0.9156396896784329,14.614313280957617,-18.550000000000001,-0.93364086283101377,occupied,occupied,1,
32.294331563767912,14.135983050041656,-20.350000000000001,0.92816448381546357,14.565832292988924,-18.550000000000001,-0.92244902841834153,occupied,occupied,1,
32.344322789098818,14.094316885299303,-20.300000000000001,0.88927551782631409,14.52876697981073,-18.5,-0.96241205966104015,occupied,occupied,1,
32.394314014429732,14.041224440390341,-20.300000000000001,0.90178119643645038,14.479096389629383,-18.5,-0.95071221621861124,occupied,occupied,1,
32.444305239760638,13.988670591939044,-20.300000000000001,0.91423586354222375,14.428781693809173,-18.5,-0.93878809258714546,occupied,occupied,1,
32.494296465091551,13.936680063070614,-20.300000000000001,0.92660065149606408,14.37784456207438,-18.5,-0.92667377912160387,occupied,occupied,1,
32.544287690422458,13.897208603446279,-20.25,0.88744033225638352,14.326636746089184,-18.5,-0.91447768188680656,occupied,occupied,1,
32.594278915753371,13.845321908159418,-20.25,0.89981634383201925,14.287868879795012,-18.449999999999999,-0.95378766514719937,occupied,occupied,1,
32.644270141084277,13.793266600537418,-20.25,0.91225930250433407,14.23698278482521,-18.449999999999999,-0.9416242030587636,occupied,occupied,1,
32.694261366415191,13.741035861466791,-20.25,0.92477950615179694,14.186241841859486,-18.449999999999999,-0.92946113760980009,occupied,occupied,1,
32.744252591746104,13.688622756437324,-20.25,0.93738738987995918,14.135640042300675,-18.449999999999999,-0.91728898454783814,occupied,occupied,1,
32.79424381707701,13.648496641989491,-20.199999999999999,0.898560429528664,14.097647770323789,-18.399999999999999,-0.95663140316249318,occupied,occupied,1,
32.844235042407924,13.595765735063694,-20.199999999999999,0.91135900806853465,14.047374372233966,-18.399999999999999,-0.94442933146989239,occupied,occupied,1,
32.89422626773883,13.542839852972834,-20.199999999999999,0.92427520286886444,13.997230896355621,-18.399999999999999,-0.93219220064418895,occupied,occupied,1,
32.944217493069743,13.489711498010328,-20.199999999999999,0.93732005262965545,13.947211177461098,-18.399999999999999,-0.91991066989718273,occupied,occupied,1,
32.99420871840065,13.44917676734724,-20.149999999999999,0.89889144154930645,13.897308969192716,-18.399999999999999,-0.90757540573322082,occupied,occupied,1,
33.044199943731563,13.395724827177681,-20.149999999999999,0.91220141746303574,13.85,-18.390385812800908,-0.90510648722319664,occupied,occupied,1,
33.094191169062469,13.342055959896676,-20.150000000000002,0.92567179908250274,13.810853766876656,-18.349999999999998,-0.93437427126877781,occupied,occupied,1,
33.144182394393383,13.288161900930689,-20.149999999999999,0.93931436009312641,13.761388605519642,-18.350000000000001,-0.92185288492708406,occupied,occupied,1,
33.194173619724289,13.234034148607639,-20.149999999999999,0.95314109878756559,13.712024151509112,-18.350000000000001,-0.90924297622858163,occupied,occupied,1,
33.244164845055202,13.193083105975502,-20.100000000000001,0.91539482148246787,13.662753582970787,-18.350000000000001,-0.89653518736472226,occupied,occupied,1,
33.294156070386109,13.138612495408163,-20.100000000000001,0.92958750990747241,13.627140120420851,-18.300000000000001,-0.93552890479712725,occupied,occupied,1,
33.344147295717022,13.083890574616495,-20.100000000000001,0.9439989286107634,13.578196676790705,-18.300000000000001,-0.92263936593016438,occupied,occupied,1,
33.394138521047928,13.028907807478017,-20.100000000000001,0.95864200285470835,13.529335091834866,-18.300000000000001,-0.90962657176960704,occupied,occupied,1,
33.444129746378842,12.987734723579118,-20.050000000000001,0.92158519216680257,13.480547833251885,-18.300000000000001,-0.89648102254193118,occupied,occupied,1,
33.494120971709755,12.93238967205804,-20.050000000000001,0.93667987737984104,13.431827136392887,-18.300000000000001,-0.8831931348881098,occupied,occupied,1,
33.544112197040661,12.876762971789825,-20.050000000000001,0.95204341121646696,13.397633616256028,-18.25,-0.92180456241070041,occupied,occupied,1,
33.594103422371575,12.820843831580854,-20.050000000000001,0.96768981552057098,13.349230512984883,-18.25,-0.9082612726171676,occupied,occupied,1,
33.644094647702481,12.764621092646482,-20.050000000000001,0.98363344679666731,13.300878977799298,-18.25,-0.89454985612894788,occupied,occupied,1,
33.694085873033394,12.723207852254113,-20,0.94765152763559946,13.25257022060736,-18.25,-0.88066040336210594,occupied,occupied,1,
33.744077098364301,12.666581499477473,-20,0.96416451305074091,13.204295133877523,-18.25,-0.86658286237267046,occupied,occupied,1,
33.794068323695214,12.609625813252103,-20,0.98101595173559264,13.171656230518057,-18.199999999999999,-0.90468768084619333,occupied,occupied,1,
33.84405954902612,12.552328092869834,-20,0.99822154174901878,13.123678695447369,-18.199999999999999,-0.89028091021277633,occupied,occupied,1,
33.894050774357034,12.510815208685637,-19.949999999999999,0.96325692741212865,13.075715690893061,-18.199999999999999,-0.87565920846742196,occupied,occupied,1,
33.94404199968794,12.453073051925342,-19.949999999999999,0.98113302131467228,13.027756743317674,-18.199999999999999,-0.86081196840470531,occupied,occupied,1,
33.994033225018853,12.4,-19.934916015460097,0.98350402462276021,12.996499925772452,-18.149999999999999,-0.89844638484410189,occupied,occupied,1,
34.04402445034976,12.353627273080251,-19.899999999999999,0.96523119143612579,12.948670466757367,-18.149999999999999,-0.8831671428905048,occupied,occupied,1,
34.094015675680673,12.300000000000001,-19.886957570277445,0.9702884777886509,12.900571846205244,-18.149999999999999,-0.86756574477594128,occupied,occupied,1,
34.144006901011586,12.254831145708748,-19.850000000000001,0.9502581222832085,12.869774886489147,-18.100000000000001,-0.90464236138835252,occupied,occupied,1,
34.193998126342493,12.200000000000001,-19.841006492844432,0.96008602074274019,12.821417933648897,-18.100000000000001,-0.88849826361838413,occupied,occupied,1,
34.243989351673406,12.15677660557135,-19.800000000000001,0.93612728940502088,12.790908609575286,-18.050000000000001,-0.92522259669969731,occupied,occupied,1,
34.293980577004312,12.098825247264593,-19.800000000000001,0.95599888801449862,12.742278945755624,-18.050000000000001,-0.9085473468914067,occupied,occupied,1,
34.343971802335226,12.050000000000002,-19.775292778992039,0.94978432577338356,12.700000000000003,-18.032240964327528,-0.91051931304616507,occupied,occupied,1,
34.393963027666132,12.001565706545984,-19.75,0.94313089107781312,12.663107768694589,-18,-0.92773465726921511,occupied,occupied,1,
34.443954252997045,11.950000000000001,-19.733331603965251,0.94589191707267029,12.613920325724049,-18,-0.91024079591265861,occupied,occupied,1,
34.493945478327952,11.904982401275074,-19.699999999999999,0.93098339643667116,12.58385992978233,-17.949999999999999,-0.94608205226566866,occupied,occupied,1,
34.543936703658865,11.850000000000003,-19.692660880807086,0.94413903843574132,12.53437610232092,-17.949999999999999,-0.9280889377795738,occupied,occupied,1,
34.593927928989771,11.809048108149065,-19.649999999999999,0.9195092247420914,12.484623692171835,-17.949999999999999,-0.9098082353308472,occupied,occupied,1,
34.643919154320685,11.751267187022734,-19.650000000000002,0.94095416671958887,12.450000000000001,-17.911703640969936,-0.93251901850306262,occupied,occupied,1,
34.693910379651591,11.713737270587618,-19.600000000000001,0.90866183694355396,12.40464843966201,-17.899999999999999,-0.92637446884217745,occupied,occupied,1,
34.743901604982504,11.656039130167631,-19.600000000000001,0.9304856836062424,12.354329534413067,-17.899999999999999,-0.90734169910989648,occupied,occupied,1,
34.793892830313411,11.61902595620475,-19.550000000000001,0.89839530071314366,12.324501225187769,-17.850000000000001,-0.94217400120044204,occupied,occupied,1,
34.843884055644324,11.561410656116552,-19.550000000000001,0.92057241287040326,12.273874984274011,-17.850000000000001,-0.92268704225165288,occupied,occupied,1,
34.893875280975237,11.503737210215302,-19.550000000000001,0.94295529731501138,12.244148001361399,-17.800000000000001,-0.95723104608544229,occupied,occupied,1,
34.943866506306144,11.467360333239764,-19.5,0.91116897131655361,12.193209874287124,-17.800000000000001,-0.93730541482967167,occupied,occupied,1,
34.993857731637057,11.409777402958595,-19.5,0.93386490974375846,12.15,-17.781474473468229,-0.93730036315760135,occupied,occupied,1,
35.043848956967963,11.373868194231555,-19.449999999999999,0.90223052554658334,12.112303754432462,-17.75,-0.95122221908146032,occupied,occupied,1,
35.093840182298877,11.316378148022615,-19.449999999999999,0.92521368438664675,12.06080395755232,-17.75,-0.93063377321700991,occupied,occupied,1,
35.143831407629783,11.280915662791369,-19.399999999999999,0.8937127679744592,12.031128343632687,-17.699999999999999,-0.96446350635882416,occupied,occupied,1,
35.193822632960696,11.223521672031191,-19.399999999999999,0.91695730886331039,11.97931675143731,-17.699999999999999,-0.9434797908674224,occupied,occupied,1,
35.243813858291603,11.188485473384077,-19.350000000000001,0.88557189610472309,11.949657430102386,-17.649999999999999,-0.9770560183468936,occupied,occupied,1,
35.293805083622516,11.131191458870605,-19.350000000000001,0.90905198450382607,11.897533768794107,-17.649999999999999,-0.95569479079272501,occupied,occupied,1,
35.343796308953422,11.096561584816914,-19.300000000000001,0.87776459522273587,11.845181319569022,-17.649999999999999,-0.93412157870219226,occupied,occupied,1,
35.393787534284336,11.039372160721014,-19.300000000000001,0.90145441097243351,11.799999999999999,-17.633804219488137,-0.93014682534560023,occupied,occupied,1,
35.443778759615242,11,-19.261170120150272,0.88253944966512721,11.762774991083496,-17.600000000000001,-0.945386110936972,occupied,occupied,1,
35.493769984946155,10.948049503924342,-19.25,0.89412177430422835,11.709903025093219,-17.599999999999998,-0.92327218070866857,occupied,occupied,1,
35.543761210277061,10.890966339134303,-19.25,0.91810331064113093,11.680030580028186,-17.550000000000001,-0.95609581865581805,occupied,occupied,1,
35.593752435607975,10.85,-19.215457352989159,0.90406801591358055,11.626864218482734,-17.550000000000001,-0.93366597152432962,occupied,occupied,1,
35.643743660938888,10.80025203180255,-19.199999999999999,0.9111361682119119,11.596929235155345,-17.5,-0.96628082498433343,occupied,occupied,1,
35.693734886269795,10.75,-19.185781452873407,0.91962935331309448,11.543472104622303,-17.5,-0.94355530947954347,occupied,occupied,1,
35.743726111600708,10.710015250659279,-19.149999999999999,0.90432402450071059,11.500000000000004,-17.478466529588843,-0.94448641653852528,occupied,occupied,1,
35.793717336931614,10.653212129399845,-19.149999999999999,0.9286338196034567,11.459710087362815,-17.449999999999999,-0.95297160029691108,occupied,occupied,1,
35.843708562262528,10.620244749375869,-19.100000000000001,0.89762557910791818,11.405783433971587,-17.449999999999999,-0.92982374303383997,occupied,occupied,1,
35.893699787593434,10.563590230188487,-19.100000000000001,0.92201149274549254,11.375562862380388,-17.399999999999999,-0.96194698753708607,occupied,occupied,1,
35.943691012924347,10.530929873765503,-19.050000000000001,0.89100002235987108,11.321364061783196,-17.399999999999999,-0.93855899707273327,occupied,occupied,1,
35.993682238255253,10.474431500404602,-19.050000000000001,0.91543653127537383,11.291016294109898,-17.350000000000001,-0.97051434966260075,occupied,occupied,1,
36.043673463586167,10.44206044880632,-19,0.88440704001515624,11.236551386483638,-17.350000000000001,-0.94690829330441784,occupied,occupied,1,
36.093664688917073,10.385726007989925,-19,0.90886877479814188,11.181929901066908,-17.350000000000001,-0.92319035070816835,occupied,occupied,1,
36.143655914247987,10.350000000000003,-18.957501502351043,0.886139000393385,11.150000000000004,-17.302756876645113,-0.95184352844160514,occupied,occupied,1,
36.193647139578893,10.297464117426266,-18.949999999999999,0.90226858794373777,11.096461638746078,-17.300000000000001,-0.9310063611774253,occupied,occupied,1,
36.243638364909806,10.241374174031755,-18.949999999999999,0.92672812325832477,11.050000000000002,-17.282371262408233,-0.92660976629790326,occupied,occupied,1,
36.29362959024072,10.200000000000001,-18.919851527355053,0.91766365078705125,11.010582988745824,-17.25,-0.93852839344062378,occupied,occupied,1,
36.343620815571626,10.153736852029166,-18.899999999999999,0.92001624561870909,10.955340897375875,-17.25,-0.91439620678020794,occupied,occupied,1,
36.393612040902539,10.100000000000001,-18.89573913271267,0.93967164237002243,10.924283285296582,-17.199999999999999,-0.94579226357791124,occupied,occupied,1,
36.443603266233445,10.06653238515038,-18.850000000000001,0.9131696214252677,10.868816532954819,-17.199999999999999,-0.92154012505189498,occupied,occupied,1,
36.493594491564359,10.010933340568291,-18.850000000000001,0.93748274932436371,10.837552391121594,-17.149999999999999,-0.9528344343084898,occupied,occupied,1,
36.543585716895265,9.9797512446065983,-18.800000000000001,0.90615052594173184,10.781868895883564,-17.149999999999999,-0.92848642083822264,occupied,occupied,1,
36.593576942226179,9.9243691513824377,-18.800000000000001,0.93035955126340886,10.750000000000002,-17.100783251992279,-0.9588211851667745,occupied,occupied,1,
36.643568167557085,9.8933836487555986,-18.75,0.89892183198042264,10.694488406542492,-17.100000000000001,-0.93527249604177332,occupied,occupied,1,
36.693559392887998,9.8382263022077954,-18.75,0.923002825171787,10.638507438000795,-17.100000000000001,-0.91083192646373867,occupied,occupied,1,
36.743550618218904,9.7999999999999989,-18.715317026866497,0.90846640706046378,10.599999999999998,-17.063760964563709,-0.92664596740849214,occupied,occupied,1,
36.793541843549818,9.7524943851415902,-18.699999999999999,0.9153763978026912,10.550494695318472,-17.050000000000001,-0.91746415583049379,occupied,occupied,1,
36.843533068880724,9.6977102799286357,-18.699999999999999,0.93921162780934941,10.499999999999998,-17.038097044375217,-0.90621250469964443,occupied,occupied,1,
36.893524294211637,9.6500000000000021,-18.685625671065019,0.94698886293580586,10.462038587207489,-17,-0.92403774565834462,occupied,occupied,1,
36.943515519542544,9.6126276774734265,-18.649999999999999,0.93109094056421671,10.405626210029888,-17,-0.89957742717383471,occupied,occupied,1,
36.993506744873457,9.558250718211891,-18.649999999999999,0.95462088076909812,10.373130707810144,-16.949999999999999,-0.93059247517967947,occupied,occupied,1,
37.043497970204371,9.527869780172507,-18.600000000000001,0.92263914307134387,10.316622706292332,-16.949999999999999,-0.90619414032618517,occupied,occupied,1,
37.093489195535277,9.4735748504266226,-18.600000000000001,0.94602982480752607,10.284010655104721,-16.899999999999999,-0.93726680437871013,occupied,occupied,1,
37.14348042086619,9.443103896370177,-18.550000000000001,0.91398270620383715,10.227556418836164,-16.899999999999999,-0.91299998665432203,occupied,occupied,1,
37.193471646197096,9.3888491017771667,-18.550000000000001,0.93725217191600807,10.194867647928641,-16.850000000000001,-0.94414781127207881,occupied,occupied,1,
37.24346287152801,9.3500000000000014,-18.517528728582327,0.92452931038835096,10.138466443864871,-16.849999999999998,-0.92001166062538697,occupied,occupied,1,
37.293454096858916,9.30407282501025,-18.5,0.92828889410645044,10.082123716427709,-16.850000000000001,-0.89595428859576454,occupied,occupied,1,
37.343445322189829,9.25,-18.499806543854227,0.95115052750361617,10.049352120310134,-16.800000000000001,-0.92722805488438409,occupied,occupied,1,
37.393436547520736,9.2192453910679006,-18.449999999999999,0.91914096040135551,9.9930611448658215,-16.800000000000001,-0.90329993598619163,occupied,occupied,1,
37.443427772851649,9.1651197536709059,-18.449999999999999,0.94209724534896511,9.9500000000000011,-16.771836145599011,-0.91054166261329739,occupied,occupied,1,
37.493418998182555,9.1110447744292671,-18.449999999999999,0.96498078223744554,9.9039728707560979,-16.75,-0.91084835868783909,occupied,occupied,1,
37.543410223513469,9.0802780206262046,-18.399999999999999,0.93264726400676468,9.8500000000000014,-16.74524879023404,-0.89236602135666487,occupied,occupied,1,
37.593401448844375,9.0262399699546343,-18.400000000000002,0.95541297012918802,9.8148582767483212,-16.699999999999999,-0.91859845828050668,occupied,occupied,1,
37.643392674175288,8.9953832425913927,-18.350000000000001,0.92301532288824129,9.7587251353255535,-16.699999999999999,-0.89500306128804918,occupied,occupied,1,
37.693383899506202,8.9413814413278221,-18.350000000000001,0.94566396223343463,9.7257167627420369,-16.649999999999999,-0.92654913899674896,occupied,occupied,1,
37.743375124837108,8.8999999999999986,-18.322678552976157,0.93816641217367613,9.6696327297929923,-16.649999999999999,-0.90307992668352077,occupied,occupied,1,
37.793366350168021,8.8564686324289355,-18.300000000000001,0.93573471233260919,9.636547745825176,-16.600000000000001,-0.93469930766303522,occupied,occupied,1,
37.843357575498928,8.8025511004198549,-18.300000000000001,0.95819620064054323,9.5805121427359818,-16.600000000000001,-0.91135545239330518,occupied,occupied,1,
37.893348800829841,8.7715010050263178,-18.25,0.92562617162413907,9.524531552704449,-16.600000000000001,-0.8880868723098857,occupied,occupied,1,
37.943340026160747,8.7176178688789427,-18.25,0.94797262817991457,9.4913628173147373,-16.550000000000001,-0.91982855107603356,occupied,occupied,1,
37.993331251491661,8.6864780387023028,-18.199999999999999,0.91533928880041548,9.435429459563915,-16.550000000000001,-0.89668395354793451,occupied,occupied,1,
38.043322476822567,8.6326286521132722,-18.199999999999999,0.93757146493710086,9.4000000000000004,-16.504825075037882,-0.92320171086316738,occupied,occupied,1,
38.09331370215348,8.5788265580063552,-18.199999999999999,0.95973415299396159,9.3462974321812453,-16.5,-0.90547670444461947,occupied,occupied,1,
38.143304927484387,8.5475829567138213,-18.149999999999999,0.92699365394442768,9.3000000000000025,-16.478820331203405,-0.90575643606419387,occupied,occupied,1,
38.1932961528153,8.4938134640920104,-18.149999999999999,0.94904331968588251,9.2571349566078673,-16.449999999999999,-0.91446404572393414,occupied,occupied,1,
38.243287378146206,8.4499999999999975,-18.127870387481508,0.94677727002030765,9.2013471919503136,-16.449999999999999,-0.89163825429375954,occupied,occupied,1,
38.29327860347712,8.4087427928076455,-18.100000000000001,0.93817752164842638,9.1679415357594092,-16.399999999999999,-0.92364490041537928,occupied,occupied,1,
38.343269828808026,8.3550512048595191,-18.100000000000001,0.96004675710095122,9.1121985503244076,-16.399999999999999,-0.90094010549226122,occupied,occupied,1,
38.393261054138939,8.3236140951156905,-18.050000000000001,0.92713769424043146,9.078716689339057,-16.350000000000001,-0.93301819379768169,occupied,occupied,1,
38.443252279469853,8.2699533730860235,-18.050000000000001,0.9488958918448277,9.0230178582939384,-16.350000000000001,-0.91043358914595718,occupied,occupied,1,
38.493243504800759,8.2384269394034657,-18,0.91592477070682488,8.9673707474538933,-16.350000000000001,-0.8879208644003086,occupied,occupied,1,
38.543234730131672,8.1847964835128657,-18,0.93757266396997008,8.933804661069896,-16.300000000000001,-0.92011763585056416,occupied,occupied,1,
38.593225955462579,8.1500000000000021,-17.957239119106688,0.91244683362105294,8.8782005888015849,-16.300000000000001,-0.89772376481117389,occupied,occupied,1,
38.643217180793492,8.099580130981785,-17.949999999999999,0.92607800164634857,8.8445585204592128,-16.25,-0.92999117831122513,occupied,occupied,1,
38.693208406124398,8.0460234543531701,-17.949999999999999,0.94754998605555041,8.7889968841162123,-16.25,-0.9077153635195071,occupied,occupied,1,
38.743199631455312,8,-17.932817131424436,0.95021180398262495,8.75,-16.21211150722943,-0.92684116413956463,occupied,occupied,1,
38.793190856786218,7.9607758628592515,-17.899999999999999,0.93577646276993587,8.6997592204400291,-16.199999999999999,-0.91789459833593279,occupied,occupied,1,
38.843182082117131,7.9072910836326811,-17.899999999999999,0.95707456408952518,8.6500000000000004,-16.186827436722282,-0.91016317278788161,occupied,occupied,1,
38.893173307448038,7.8754674818470436,-17.850000000000001,0.92383407770509651,8.6104872012051192,-16.149999999999999,-0.92826040904368234,occupied,occupied,1,
38.943164532778951,7.8220102721156266,-17.850000000000001,0.9450250377046443,8.5550580740507396,-16.149999999999999,-0.90628776134415501,occupied,occupied,1,
38.993155758109857,7.7900979664803307,-17.800000000000001,0.91172375057911548,8.5,-16.149251294409197,-0.88519922668092199,occupied,occupied,1,
39.043146983440771,7.7366677722102093,-17.800000000000001,0.93280828593378551,8.4657915202183123,-16.100000000000001,-0.91695425015277499,occupied,occupied,1,
39.093138208771677,7.7000000000000011,-17.760910603393214,0.91131324615194065,8.4104511911222151,-16.100000000000001,-0.89516535251203921,occupied,occupied,1,
39.14312943410259,7.6512632648864836,-17.75,0.92042522398694626,8.3764893031014314,-16.050000000000001,-0.92780441718455831,occupied,occupied,1,
39.193120659433504,7.5979010890459708,-17.75,0.94134028379581292,8.3211881398523424,-16.050000000000001,-0.9061293797884582,occupied,occupied,1,
39.24311188476441,7.5500000000000007,-17.737227127975157,0.94831668170809613,8.2871510833172035,-16,-0.9388372107470303,occupied,occupied,1,
39.293103110095323,7.5124597481411284,-17.699999999999999,0.92868730595387616,8.2318885356289684,-16,-0.91727525603545657,occupied,occupied,1,
39.34309433542623,7.4591638147434125,-17.699999999999999,0.94943486396134258,8.1977765374596867,-15.949999999999999,-0.95005158088588249,occupied,occupied,1,
39.393085560757143,7.4269552891574309,-17.649999999999999,0.91587054963590853,8.1425520635568933,-15.949999999999999,-0.92860193417373516,occupied,occupied,1,
39.443076786088049,7.3736838583805016,-17.649999999999999,0.93651477050153153,8.1000000000000014,-15.919926153725665,-0.93983558354738794,occupied,occupied,1,
39.493068011418963,7.3413874517085196,-17.600000000000001,0.90289092287497486,8.0531784245773501,-15.9,-0.9401083687845615,occupied,occupied,1,
39.543059236749869,7.2881400143232895,-17.600000000000001,0.92343250743230587,7.9980379035056623,-15.9,-0.91883647756027265,occupied,occupied,1,
39.593050462080782,7.2500000000000009,-17.56382066274319,0.90472071040700208,7.9500000000000011,-15.88305663155449,-0.915984572865852,occupied,occupied,1,
39.643041687411689,7.2025320472589947,-17.550000000000001,0.9101889788204276,7.908663378379666,-15.85,-0.93063188611734493,occupied,occupied,1,
39.693032912742602,7.1500000000000021,-17.548424250818613,0.92886174836470903,7.853605062148648,-15.85,-0.90953565678195059,occupied,occupied,1,
39.743024138073508,7.1168597380692065,-17.5,0.89678508751667929,7.8192506233058134,-15.800000000000001,-0.9426042012592073,occupied,occupied,1,
39.793015363404422,7.0636974728431561,-17.5,0.9170626944743302,7.7642279144749873,-15.800000000000001,-0.92161696758018019,occupied,occupied,1,
39.843006588735335,7.0105735745752451,-17.5,0.93727979757917623,7.7297993944363004,-15.75,-0.95475238501043402,occupied,occupied,1,
39.892997814066241,6.9779827064391675,-17.449999999999999,0.90339925806643417,7.6748117937537002,-15.75,-0.93387338825680666,occupied,occupied,1,
39.942989039397155,6.9248804686982126,-17.449999999999999,0.92351674087178481,7.6403094632948036,-15.699999999999999,-0.9670754008418877,occupied,occupied,1,
39.992980264728061,6.8922027377142454,-17.399999999999999,0.88957794948016955,7.5853564797660571,-15.699999999999999,-0.94630388498533602,occupied,occupied,1,
40.042971490058974,6.8391216949879317,-17.399999999999999,0.90959649795120501,7.5500000000000016,-15.651919570069406,-0.97749998978946162,occupied,occupied,1,
40.092962715389881,6.8000000000000007,-17.365674428256657,0.89251428333368488,7.4958617675073906,-15.65,-0.95890742531411055,occupied,occupied,1,
40.142953940720794,6.7532970991808385,-17.350000000000001,0.89551996345225027,7.4409864977049924,-15.65,-0.93830573950932383,occupied,occupied,1,
40.1929451660517,6.7002735901001174,-17.350000000000001,0.91538142914793319,7.4000000000000004,-15.615683034599105,-0.95477160875798917,occupied,occupied,1,
40.242936391382614,6.6674065426290143,-17.300000000000001,0.88128803111093246,7.3514854323779071,-15.6,-0.95118677837488375,occupied,occupied,1,
40.29292761671352,6.614402911528293,-17.300000000000001,0.90105238261314713,7.3000000000000034,-15.591743341185351,-0.93964970629354838,occupied,occupied,1,
40.342918842044433,6.5614353657163642,-17.300000000000001,0.92075864229022841,7.2619441418151327,-15.550000000000001,-0.96423805409716679,occupied,occupied,1,
40.39291006737534,6.5284657132974422,-17.25,0.88656950764660514,7.2071773110861308,-15.549999999999999,-0.94390841709678708,occupied,occupied,1,
40.442901292706253,6.4755172052100107,-17.25,0.90617978147091383,7.1524526091942704,-15.550000000000001,-0.92364030290004184,occupied,occupied,1,
40.492892518037159,6.4226040825954547,-17.25,0.92573269725992702,7.1176275485235125,-15.5,-0.957232416115956,occupied,occupied,1,
40.542883743368073,6.3895320025303706,-17.199999999999999,0.89144865403413076,7.0629343405712257,-15.5,-0.93706733137012377,occupied,occupied,1,
40.592874968698986,6.3366370969667596,-17.199999999999999,0.9109067041513591,7.0082825515510052,-15.5,-0.91696298941645105,occupied,occupied,1,
40.642866194029892,6.3000000000000034,-17.158830426709141,0.88605743855456953,6.9733746781090806,-15.449999999999999,-0.95066107127905319,occupied,occupied,1,
40.692857419360806,6.2506025826716147,-17.149999999999999,0.895929998871693,6.918753540836291,-15.449999999999999,-0.9306585434378154,occupied,occupied,1,
40.742848644691712,6.1977597890533351,-17.149999999999999,0.9152376649800793,6.8837735149120594,-15.4,-0.96442050396090451,occupied,occupied,1,
40.792839870022625,6.1500000000000012,-17.137086641560245,0.92062410195158817,6.8291826040434609,-15.4,-0.94451905875278785,occupied,occupied,1,
40.842831095353532,6.1116747110263656,-17.100000000000001,0.9000180413181339,6.7746320142319689,-15.4,-0.92467710743237619,occupied,occupied,1,
40.892822320684445,6.0588825684446732,-17.100000000000001,0.91917714905880865,6.7395696564545187,-15.35,-0.9585435202057454,occupied,occupied,1,
40.942813546015351,6.0061237745683629,-17.100000000000001,0.93828106295722091,6.6850484816318705,-15.35,-0.93880144931049214,occupied,occupied,1,
40.992804771346265,5.9727457290546218,-17.050000000000001,0.90371725166424488,6.6305669447200106,-15.35,-0.91911810891539136,occupied,occupied,1,
41.042795996677171,5.9200028060220875,-17.050000000000001,0.92272961283572696,6.5954224621483615,-15.300000000000001,-0.95308799873575312,occupied,occupied,1,
41.092787222008084,5.8672925734202153,-17.050000000000001,0.94168748943700853,6.5409695472644822,-15.300000000000001,-0.93350334487505371,occupied,occupied,1,
41.142778447338991,5.8338130615454729,-17,0.90703207189761803,6.4865555971176843,-15.299999999999999,-0.91397666442004211,occupied,occupied,1,
41.192769672669904,5.7811179557405712,-17,0.92589948466909311,6.4500000000000011,-15.253470750031665,-0.94433248226111322,occupied,occupied,1,
41.242760898000817,5.7475545558681995,-16.949999999999999,0.89118931637627907,6.3969431176491982,-15.25,-0.92861987806471846,occupied,occupied,1,
41.292752123331724,5.6948742157729875,-16.949999999999999,0.90996691626062143,6.3499999999999996,-15.230565767829713,-0.93004500541762769,occupied,occupied,1,
41.342743348662637,5.6422255537782187,-16.949999999999999,0.92869116538386387,6.307287299544571,-15.199999999999999,-0.94342184554303787,occupied,occupied,1,
41.392734573993543,5.5999999999999979,-16.922585732473678,0.9180445959933351,6.252966589026375,-15.199999999999999,-0.92414621174255585,occupied,occupied,1,
41.442725799324457,5.555926780634671,-16.899999999999999,0.91252617180114981,6.2000000000000002,-15.196518115260513,-0.90864950438695791,occupied,occupied,1,
41.492717024655363,5.5033232176682665,-16.899999999999999,0.93110902882088686,6.1632941466603244,-15.15,-0.93920154087459584,occupied,occupied,1,
41.542708249986276,5.4507504311501798,-16.899999999999999,0.94963949382729462,6.1090374363666626,-15.15,-0.92007753857009056,occupied,occupied,1,
41.592699475317183,5.4169684257732778,-16.850000000000001,0.91471419891566108,6.0548177303964019,-15.15,-0.90100927546258325,occupied,occupied,1,
41.642690700648096,5.3644086454148496,-16.850000000000001,0.93315742237826782,6.0193472871456679,-15.1,-0.93538335171048903,occupied,occupied,1,
41.692681925979002,5.3118790235133657,-16.850000000000001,0.95154893985819355,5.965153212552444,-15.1,-0.91640908056535619,occupied,occupied,1,
41.742673151309916,5.2779969006828242,-16.800000000000001,0.91653533188420189,5.9109955082598642,-15.1,-0.89748981601052069,occupied,occupied,1,
41.792664376640822,5.225479614593354,-16.800000000000001,0.93484066754449446,5.8754443236962119,-15.049999999999999,-0.93196251519308682,occupied,occupied,1,
41.842655601971735,5.172991878826477,-16.800000000000001,0.95309497764026996,5.8213115475437931,-15.049999999999999,-0.91313608866575746,occupied,occupied,1,
41.892646827302642,5.1390100337997122,-16.75,0.91799387939698784,5.7672145172611469,-15.049999999999999,-0.89436394207233993,occupied,occupied,1,
41.942638052633555,5.0865339814359913,-16.75,0.93616306042308628,5.7315829355004633,-15,-0.92893429712682685,occupied,occupied,1,
41.992629277964468,5.0499999999999998,-16.706719068689367,0.90816826620358915,5.6775101475298602,-15,-0.91025384229620743,occupied,occupied,1,
42.042620503295375,5.000005731579682,-16.699999999999999,0.91909412507237154,5.641809748123042,-14.949999999999999,-0.94488344873349062,occupied,occupied,1,
42.092611728626288,4.9475696799035846,-16.699999999999999,0.93712887224838848,5.5877608773824274,-14.949999999999999,-0.92629399155075287,occupied,occupied,1,
42.142602953957194,4.9000000000000012,-16.686741753241446,0.94100056035387292,5.5337467940662126,-14.949999999999999,-0.90775764894267374,occupied,occupied,1,
42.192594179288108,4.8609819775615595,-16.649999999999999,0.91984032796571991,5.4979668026322637,-14.9,-0.94248339989964625,occupied,occupied,1,
42.242585404619014,4.8085847207444203,-16.649999999999999,0.93774234989220329,5.4439759789308848,-14.9,-0.92403692031674911,occupied,occupied,1,
42.292576629949927,4.7562152480834543,-16.649999999999999,0.95559535461528788,5.3900193431990724,-14.899999999999999,-0.90564284373153525,occupied,occupied,1,
42.342567855280834,4.7219368314185113,-16.600000000000001,0.92023672306903204,5.3500000000000014,-14.861515362450485,-0.9282199788107528,occupied,occupied,1,
42.392559080611747,4.6695771905407808,-16.600000000000001,0.93800771636106439,5.3002261436159088,-14.85,-0.92215843267368114,occupied,occupied,1,
42.442550305942653,4.6172447641983529,-16.600000000000001,0.95573035119694327,5.2463257245772281,-14.85,-0.90390478901503113,occupied,occupied,1,
42.492541531273567,4.5828684279975542,-16.550000000000001,0.92028752180109719,5.2000000000000002,-14.828968989154124,-0.90804481053222119,occupied,occupied,1,
42.542532756604473,4.5305452507442254,-16.550000000000001,0.93792917128383502,5.1565093478936435,-14.799999999999999,-0.9206539048577953,occupied,occupied,1,
42.592523981935386,4.478248727796192,-16.550000000000001,0.95552311583205685,5.1026639405522598,-14.799999999999999,-0.90253887396301125,occupied,occupied,1,
42.642515207266293,4.4437749763483101,-16.5,0.91999691248778925,5.0500000000000016,-14.79677264903227,-0.88790026057987315,occupied,occupied,1,
42.692506432597206,4.391487136700067,-16.5,0.93751089138952348,5.0128236402997608,-14.75,-0.9195187396894996,occupied,occupied,1,
42.742497657928119,4.3500000000000005,-16.469578337351592,0.92270445700166015,4.9590320652679107,-14.75,-0.90154051416130454,occupied,occupied,1,
42.792488883259026,4.3046547587416049,-16.449999999999999,0.91936906083249925,4.9229379193619094,-14.699999999999999,-0.93664119417867264,occupied,occupied,1,
42.842480108589939,4.2524011566622573,-16.449999999999999,0.93675703097494578,4.8691671405327606,-14.699999999999999,-0.91874836617693245,occupied,occupied,1,
42.892471333920845,4.2001727360683097,-16.449999999999999,0.95409871549058745,4.8154286026842534,-14.699999999999999,-0.90090526871142429,occupied,occupied,1,
42.942462559251759,4.1654969153529153,-16.399999999999999,0.91841135695916976,4.7792661060956876,-14.649999999999999,-0.93610006643650057,occupied,occupied,1,
42.992453784582665,4.1132552784373546,-16.399999999999999,0.93568291604476683,4.7255678884778964,-14.649999999999999,-0.91834694682547902,occupied,occupied,1,
43.042445009913578,4.0610257028052663,-16.399999999999999,0.95291430676428657,4.6719117313087191,-14.649999999999999,-0.90064490184511747,occupied,occupied,1,
43.092436235244485,4.0262213146117869,-16.349999999999998,0.91716085577352591,4.6357106676657258,-14.6,-0.93593851325289246,occupied,occupied,1,
43.142427460575398,3.97397424830611,-16.349999999999998,0.93432780558676531,4.5820967418344418,-14.6,-0.91832244935481799,occupied,occupied,1,
43.192418685906304,3.9217375442759805,-16.349999999999998,0.9514573377626947,4.5285229069391093,-14.6,-0.90075444179768405,occupied,occupied,1,
43.242409911237218,3.8868097298661692,-16.300000000000001,0.9156423537132492,4.4922876059480226,-14.549999999999999,-0.93614150473907942,occupied,occupied,1,
43.292401136568124,3.8345547220210148,-16.300000000000001,0.93271200843622704,4.4387546743035253,-14.550000000000001,-0.91865440109436325,occupied,occupied,1,
43.342392361899037,3.7995355991937059,-16.25,0.89686241804462818,4.4000000000000012,-14.507218566655345,-0.94646192157835596,occupied,occupied,1,
43.392383587229951,3.7472623325070971,-16.25,0.91387502556508415,4.3489948138299752,-14.5,-0.93668758593418244,occupied,occupied,1,
43.442374812560857,3.6949969531823679,-16.25,0.93085464791564976,4.2955397386086869,-14.5,-0.91932146184460761,occupied,occupied,1,
43.49236603789177,3.6500000000000008,-16.228799212881047,0.92539244649786245,4.2500000000000009,-14.476995891412688,-0.92631349049849798,occupied,occupied,1,
43.542357263222677,3.6075794706174755,-16.199999999999999,0.91187796103983454,4.2058305928186988,-14.449999999999999,-0.93755557526662703,occupied,occupied,1,
43.59234848855359,3.5553013628826675,-16.199999999999999,0.92877476999969266,4.1524503859724522,-14.449999999999999,-0.92030255552703666,occupied,occupied,1,
43.642339713884496,3.5030287192155951,-16.199999999999999,0.94564227463707029,4.1000000000000023,-14.447371562130403,-0.90586553018325933,occupied,occupied,1,
43.69233093921541,3.467761648208791,-16.149999999999999,0.90967018249982468,4.0627936296570235,-14.399999999999999,-0.93872454237530634,occupied,occupied,1,
43.742322164546316,3.4154685191960539,-16.149999999999999,0.92649136088631256,4.0094854431273106,-14.399999999999999,-0.92157684833020759,occupied,occupied,1,
43.792313389877229,3.3631792753190495,-16.150000000000002,0.94328590352071962,3.9562100452511224,-14.4,-0.90446556626254915,occupied,occupied,1,
43.842304615208135,3.3278095051159422,-16.100000000000001,0.90727066236203735,3.9198829740234591,-14.35,-0.94017378675793095,occupied,occupied,1,
43.892295840539049,3.2754991172923993,-16.100000000000001,0.92402336427056941,3.8666440903763641,-14.35,-0.92312372765320128,occupied,occupied,1,
43.942287065869955,3.2231910565439303,-16.100000000000001,0.94075208613327788,3.8134362939962942,-14.35,-0.90610725889958077,occupied,occupied,1,
43.992278291200869,3.1877237974624344,-16.050000000000001,0.90469834024284324,3.7770980172262796,-14.299999999999999,-0.94188281717273115,occupied,occupied,1,
44.042269516531775,3.1353939600893241,-16.050000000000001,0.92138969838604279,3.7239258406152391,-14.300000000000001,-0.92492278177417298,occupied,occupied,1,
44.092260741862688,3.0830649090798712,-16.050000000000001,0.93805972230407575,3.6707830920790987,-14.299999999999999,-0.90799354416141675,occupied,occupied,1,
44.142251967193602,3.0475053786112203,-16,0.9019721399077647,3.6344384718061602,-14.25,-0.94383133172386557,occupied,occupied,1,
44.192243192524508,2.995153939357555,-16,0.91860927287679117,3.5813305192302107,-14.25,-0.92695378017536689,occupied,occupied,1,
44.242234417855421,2.9428017596306866,-16,0.93522771050609554,3.5282503741696294,-14.249999999999998,-0.91010425970023279,occupied,occupied,1,
44.292225643186327,2.8999999999999999,-15.971413567587465,0.92168835274300409,3.491904351963294,-14.199999999999999,-0.94599919856370196,occupied,occupied,1,
44.342216868517241,2.854780017191004,-15.949999999999999,0.91570100556320666,3.4388582447845266,-14.199999999999999,-0.9291966544572049,occupied,occupied,1,
44.392208093848147,2.8024025969972861,-15.949999999999999,0.93227496457812942,3.3858383597220851,-14.199999999999999,-0.9124193974304583,occupied,occupied,1,
44.442199319179061,2.7500221451258997,-15.949999999999999,0.94883382861140309,3.3494959547240897,-14.149999999999999,-0.948366437147108,occupied,occupied,1,
44.492190544509967,2.7142732077893688,-15.9,0.91268383915243989,3.2965094104430741,-14.149999999999999,-0.93163147978860517,occupied,occupied,1,
44.54218176984088,2.6618684539301176,-15.899999999999999,0.92922043041989211,3.2435475346116145,-14.149999999999999,-0.91491908515436926,occupied,occupied,1,
44.592172995171786,2.6094591609406907,-15.899999999999999,0.94574455999247564,3.1999999999999997,-14.12172281646102,-0.92802389531148721,occupied,occupied,1,
44.6421642205027,2.5736345593919845,-15.85,0.90957675797847048,3.1542846659762538,-14.099999999999998,-0.9342384568075246,occupied,occupied,1,
44.692155445833606,2.5212003891320638,-15.849999999999998,0.9260831027314177,3.1013786333513242,-14.1,-0.91758356862361368,occupied,occupied,1,
44.742146671164519,2.4687601745334469,-15.850000000000001,0.9425796220729622,3.0500000000000007,-14.095456885752355,-0.90573346679001965,occupied,occupied,1,
44.792137896495433,2.432865136398505,-15.799999999999999,0.90639880479397916,3.0121849003846339,-14.049999999999999,-0.93699789395128708,occupied,occupied,1,
44.842129121826339,2.3803994693740269,-15.800000000000001,0.9228820418422079,2.9593326218571541,-14.049999999999999,-0.92039319399319341,occupied,occupied,1,
44.892120347157253,2.3279262516414376,-15.799999999999999,0.93935809569843476,2.9065012205729608,-14.049999999999999,-0.90380467374817997,occupied,occupied,1,
44.942111572488159,2.2919660014888148,-15.75,0.90316909770703435,2.8702112249612179,-13.999999999999998,-0.93989019012628205,occupied,occupied,1,
44.992102797819072,2.239466751611336,-15.75,0.91963639069922742,2.8174106806546115,-14,-0.92332839060235228,occupied,occupied,1,
45.042094023149978,2.1869584400717259,-15.75,0.93609915161883261,2.7646295414580107,-14,-0.90678009059342957,occupied,occupied,1,
45.092085248480892,2.1500000000000017,-15.702843383994475,0.90290101622011509,2.7283649567740178,-13.949999999999999,-0.94289581768046737,occupied,occupied,1,
45.142076473811798,2.098403265028435,-15.699999999999999,0.91636539207060075,2.6756141884626103,-13.949999999999999,-0.92636965403118121,occupied,occupied,1,
45.192067699142711,2.0458577516866572,-15.699999999999999,0.93282206778185051,2.6228813704160086,-13.949999999999999,-0.90985431633216829,occupied,occupied,1,
45.242058924473618,2.0000000000000004,-15.67967727654638,0.92787945490946977,2.5866476024759963,-13.899999999999999,-0.94599530561920042,occupied,occupied,1,
45.292050149804531,1.9572099929257936,-15.649999999999999,0.91308840602683461,2.5339447060773876,-13.9,-0.92949752937863495,occupied,occupied,1,
45.342041375135437,1.9046251441986859,-15.65,0.92954624692934096,2.4812583191666886,-13.9,-0.91300790925540365,occupied,occupied,1,
45.392032600466351,1.8520273980314266,-15.65,0.94600587868799746,2.4450608423690712,-13.85,-0.94916922301183482,occupied,occupied,1,
45.442023825797257,1.8158878543634951,-15.6,0.90982492776206703,2.3924039604815563,-13.85,-0.93269259470916621,occupied,occupied,1,
45.49201505112817,1.7632615026890543,-15.6,0.92629123455962181,2.3397621581533068,-13.85,-0.91622145352442885,occupied,occupied,1,
45.542006276459084,1.710620700963474,-15.6,0.94276203523819979,2.3000000000000012,-13.81094752390057,-0.94087187833691233,occupied,occupied,1,
45.59199750178999,1.6744376854677503,-15.550000000000001,0.90659460582157292,2.250993829096664,-13.800000000000001,-0.93593544461349187,occupied,occupied,1,
45.641988727120903,1.6217676207495164,-15.550000000000001,0.9230767373247053,2.198394800793583,-13.800000000000001,-0.91947554273835219,occupied,occupied,1,
45.69197995245181,1.5690815332014161,-15.550000000000001,0.93956608818734277,2.1500000000000004,-13.787282013881658,-0.91640830917182403,occupied,occupied,1,
45.741971177782723,1.5328602203313453,-15.5,0.90341726079540019,2.1097163241240522,-13.75,-0.93920667383773704,occupied,occupied,1,
45.791962403113629,1.4801441811933422,-15.5,0.91992264191814443,2.0571582877992682,-13.75,-0.92275076355072327,occupied,occupied,1,
45.841953628444543,1.4274105225485074,-15.5,0.9364379936028403,2.0046117412784192,-13.75,-0.90629401265940968,occupied,occupied,1,
45.891944853775449,1.3911419098063842,-15.449999999999999,0.90031741597117287,1.9685884017747082,-13.699999999999999,-0.94249143225116117,occupied,occupied,1,
45.941936079106362,1.3381168475138927,-15.449999999999999,0.91694139086980808,1.9163324088515359,-13.699999999999999,-0.92610859091934672,occupied,occupied,1,
45.991927304437269,1.2847304494665188,-15.449999999999999,0.93370770216360532,1.8644012829456658,-13.699999999999999,-0.90979935645765442,occupied,occupied,1,
46.041918529768182,1.2475877604919732,-15.399999999999999,0.89794956066778708,1.8293993115134772,-13.649999999999999,-0.94623174302825852,occupied,occupied,1,
46.091909755099088,1.1935054563496212,-15.4,0.91504753324396892,1.7781412843955693,-13.65,-0.93002673394284818,occupied,occupied,1,
46.141900980430002,1.1390283341563987,-15.4,0.93235439414139953,1.7271689879024454,-13.65,-0.91383341553258579,occupied,occupied,1,
46.191892205760908,1.0999999999999999,-15.353140972787859,0.90042429364647847,1.6933850243845932,-13.6,-0.95041580145397775,occupied,occupied,1,
46.241883431091821,1.0458852246656696,-15.35,0.91486203445647751,1.6430595603479992,-13.6,-0.93422346578347426,occupied,occupied,1,
46.291874656422735,0.99028267616349863,-15.349999999999998,0.93289208710332217,1.5929743154515867,-13.6,-0.91798262828606902,occupied,occupied,1,
46.341865881753641,0.95000000000000062,-15.304702562180346,0.90326234989091225,1.5500000000000007,-13.580186381297704,-0.92265004070345902,occupied,occupied,1,
46.391857107084554,0.89533311613476685,-15.299999999999999,0.91687566036546519,1.5110233764972958,-13.549999999999999,-0.93827244604148119,occupied,occupied,1,
46.441848332415461,0.83857849373833837,-15.300000000000001,0.93581165193696658,1.4617322009009404,-13.550000000000001,-0.92182677971503135,occupied,occupied,1,
46.491839557746374,0.79939340955152982,-15.25,0.90196239986999838,1.4126041435999011,-13.550000000000001,-0.90525297311467734,occupied,occupied,1,
46.54183078307728,0.74194148032339935,-15.25,0.92157415207253712,1.381898288995618,-13.5,-0.94176819891021513,occupied,occupied,1,
46.591822008408194,0.68401314915600919,-15.25,0.94159570593736819,1.3332859887886195,-13.5,-0.9249667013462981,occupied,occupied,1,
46.6418132337391,0.6444286354047073,-15.199999999999999,0.9086215653528017,1.2847762030585421,-13.5,-0.90798103494264581,occupied,occupied,1,
46.691804459070013,0.58567327961523641,-15.199999999999999,0.92947653425858789,1.25,-13.464657202602229,-0.92867970672264288,occupied,occupied,1,
46.74179568440092,0.52389744584023956,-15.199999999999999,0.95178118659964506,1.2101231192488708,-13.449999999999999,-0.92795434661909204,occupied,occupied,1,
46.791786909731833,0.47825195231872175,-15.15,0.92223503252532102,1.167858348662169,-13.449999999999999,-0.91231041032361448,occupied,occupied,1,
46.841778135062739,0.40864668128034787,-15.15,0.94887762073337367,1.1287214921713997,-13.449999999999999,-0.89733681244598573,occupied,occupied,1,
46.891769360393653,0.35000000000000037,-15.114469593825676,0.93966453335426414,1.1000000000000005,-13.433575332611278,-0.90096185931305151,occupied,occupied,1,
46.941760585724566,0.2777488091600977,-15.1,0.95669681774449866,1.0834085111440561,-13.4,-0.92454945943477629,occupied,occupied,1,
46.991751811055472,0.20000000000000095,-15.085880237667217,0.97824354187711471,1.0552522862582017,-13.4,-0.91216610920562124,occupied,occupied,1,
47.041743036386386,0.12797153194233601,-15.050000000000001,0.98006606776047556,1.0499999999999998,-13.364574091929795,-0.94107863983003681,occupied,occupied,1,
47.091734261717292,0.050000000000001044,-15.015319149579671,0.98855234855057295,2.6434048776785133,-10.649999999999999,-4.0890218889425327,occupied,occupied,1,
47.141725487048205,-0.046773836690733428,-14.999999999999998,1.0266112942619068,2.8112310394569864,-10.599999999999998,-4.2201202475728898,occupied,occupied,1,
47.191716712379112,-0.12869201210800996,-14.950000000000001,1.0314222777814568,2.9809510701439685,-10.6,-4.3157620372574019,occupied,occupied,1,
47.241707937710025,-0.21743734717406882,-14.899999999999999,1.0448253906474112,3.2270986324528677,-10.550000000000001,-4.5038076045095483,occupied,occupied,1,
47.291699163040931,-0.30000000000000032,-14.833633732949252,1.0468654226886014,3.4815809561256761,-10.550000000000001,-4.6671412701490187,occupied,occupied,1,
47.341690388371845,-0.37210139904450146,-14.75,1.0350132708034401,3.7885180868969837,-10.550000000000001,-4.8769030434550746,occupied,occupied,1,
47.391681613702751,-0.48473057519324064,-14.699999999999999,1.0822289866557231,4.0986664169834901,-10.599999999999998,-5.0673667714323409,occupied,occupied,1,
47.441672839033664,-0.5499999999999996,-14.606898933363134,1.0721305015038127,4.4337835361562288,-10.650000000000004,-5.2914492696715394,occupied,occupied,1,
47.491664064364571,-0.59999999999999876,-14.506598997646286,1.0520416665892611,1.2500000000000013,-13.201757272550578,-1.2118293384705996,occupied,occupied,1,
47.541655289695484,-0.70000000000000062,-14.44159718476565,1.0993639560694768,1.1999999999999991,-13.253135697878301,-1.1417162981415334,occupied,occupied,1,
47.59164651502639,-0.75000000000000044,-14.343798660983111,1.0928727435387822,1.1999999999999993,-13.267019556364632,-1.1346714737873238,occupied,occupied,1,
47.641637740357304,-0.80652259440549068,-14.25,1.0999718570550998,1.0500000000000007,-13.352195740779988,-0.96224263989028125,occupied,occupied,1,
47.691628965688217,-0.85000000000000031,-14.1493323376578,1.0982583906910823,1.0500000000000003,-13.354625805706467,-0.96124603317552271,occupied,occupied,1,
47.741620191019123,-0.90000000000000013,-14.049959206988841,1.1090905435312706,1.0499999999999998,-13.357710002454693,-0.96013853058743603,occupied,occupied,1,
47.791611416350037,-0.95000000000000018,-13.947445108279563,1.1251015012722823,1.0499999999999998,-13.361996268830342,-0.95882516337127899,occupied,occupied,1,
47.841602641680943,-0.95000000000000007,-13.828925873948888,1.0951112234658242,1.0500000000000003,-13.368032896524433,-0.95730743183800526,occupied,occupied,1,
47.891593867011856,-0.99999999999999956,-13.719128029436389,1.122762993296454,1.0500000000000009,-13.376388911967974,-0.95569078358746551,occupied,occupied,1,
47.941585092342763,-0.99999999999999944,-13.596662127939268,1.1064237180111853,1.0500000000000007,-13.387672644424038,-0.95420157646133541,occupied,occupied,1,
47.991576317673676,-0.99999999999999933,-13.471478554354729,1.0979446534610369,1.0999999999999999,-13.400867824408911,-1.0032421243346634,occupied,occupied,1,
48.041567543004582,-0.99999999999999922,-13.341797430633497,1.0982726298583521,1.1000000000000014,-13.423705660811528,-1.0033241340739916,occupied,occupied,1,
48.091558768335496,-0.94999999999999962,-13.211388265969362,1.0585205896163015,1.2500000000000009,-13.469587818238169,-1.1565791843875277,occupied,occupied,1,
48.141549993666402,-0.95000000000000084,-13.071687174817088,1.0805130824195435,1.3999999999999992,-13.545897971349365,-1.3168554498565805,occupied,occupied,1,
48.191541218997315,-0.8999999999999988,-12.945026718644918,1.061892177593023,2.6000000000000023,-13.945439180213908,-2.5782761005587629,occupied,occupied,1,
48.241532444328222,-0.85000000000000009,-12.826708356671139,1.0510701310010135,9.950000000000033,-16.796773932768808,-10.455511493378854,occupied,occupied,1,
48.291523669659135,-0.79999999999999849,-12.716691493158175,1.046195404495589,16.976255995649677,-20.650000000000013,-18.419997368812709,occupied,occupied,1,
48.341514894990041,-0.75000000000000078,-12.614811208446644,1.0455298376954711,13.89833391906061,-20.250000000000021,-15.473241136168291,occupied,occupied,1,
48.391506120320955,-0.65069747024583957,-12.549999999999999,0.99024533038222695,9.7394710136864742,-18.699999999999992,-11.083614910837241,occupied,occupied,1,
48.441497345651868,-0.62630900620310226,-12.449999999999999,1.0225576216838599,6.8977718946301936,-17.399999999999999,-7.9837897734749781,occupied,occupied,1,
48.491488570982774,-0.5499999999999996,-12.391231059665857,0.9930151051483519,5.9309160365790534,-17.050000000000004,-6.9886138459248341,occupied,occupied,1,
48.541479796313688,-0.499999999999999,-12.321862829530067,0.9944559324272676,5.2819812525695982,-16.800000000000004,-6.3188893843624978,occupied,occupied,1,
48.591471021644594,-0.45000000000000007,-12.258909150665268,0.99472309407933612,4.8750556622475019,-16.650000000000002,-5.9072981064926688,occupied,occupied,1,
48.641462246975507,-0.39999999999999852,-12.202106119892102,0.99328102113439076,4.6611557339488572,-16.600000000000001,-5.7116998098578859,occupied,occupied,1,
48.691453472306414,-0.34999999999999953,-12.151223254521764,0.9896949966225852,4.443105812694899,-16.500000000000004,-5.4822229968088774,occupied,occupied,1,
48.741444697637327,-0.29999999999999943,-12.106063523219168,0.98360768198453397,1.0500000000000009,-13.374279619147014,-0.86865365648001014,occupied,occupied,1,
48.791435922968233,-0.24999999999999928,-12.065821326926674,0.97516947244362795,1.079412600184261,-13.35,-0.87319540655214001,occupied,occupied,1,
48.841427148299147,-0.19999999999999885,-12.026635676925919,0.96685361059951347,1.1338055551854547,-13.35,-0.91206373474298386,occupied,occupied,1,
48.891418373630053,-0.14999999999999947,-11.9878683521722,0.95908159423640182,1.1500000000000008,-13.312438475836847,-0.89685105877258653,occupied,occupied,1,
48.941409598960966,-0.099999999999999201,-11.94950003935079,0.95185550489025295,1.1908796787532783,-13.300000000000001,-0.91635767586072414,occupied,occupied,1,
48.991400824291873,-0.060717321313885075,-11.899999999999999,0.9609062040072226,1.2000000000000015,-13.254082508402297,-0.88921476604363237,occupied,occupied,1,
49.041392049622786,9.9920072216264089e-16,-11.873881101166299,0.93905425193937564,1.2481299794267424,-13.25,-0.91877557591652248,occupied,occupied,1,
49.091383274953699,0.0500000000000006,-11.83658959957619,0.93348820113702158,1.2547666274726552,-13.199999999999999,-0.88594867511223352,occupied,occupied,1,
49.141374500284606,0.099999999999999867,-11.799615240703639,0.92848640304572316,1.2999999999999998,-13.19341320982651,-0.91071798438136042,occupied,occupied,1,
49.191365725615519,0.1391478874509614,-11.75,0.94094142946677473,1.3136089475827761,-13.15,-0.88644982085865709,occupied,occupied,1,
49.241356950946425,0.1783136951681632,-11.699999999999999,0.95447146863902121,1.3636000785608,-13.149999999999999,-0.91833493103393959,occupied,occupied,1,
49.291348176277339,0.25,-11.690372191355015,0.91694604866645379,1.4000000000000004,-13.134118404272959,-0.92883376683562946,occupied,occupied,1,
49.341339401608245,0.29655409366882146,-11.649999999999999,0.91990722780283762,1.4220011026067914,-13.1,-0.91561203658188228,occupied,occupied,1,
49.391330626939158,0.335852158211981,-11.6,0.93569645967898551,1.4500000000000006,-13.073146758858321,-0.91132459772552554,occupied,occupied,1,
49.441321852270065,0.40000000000000036,-11.583146459075742,0.91082571746282392,1.4809465513674058,-13.050000000000001,-0.91128974469513735,occupied,occupied,1,
49.491313077600978,0.44999999999999996,-11.547731679330258,0.91005337183620938,1.5000000000000002,-13.010175570914802,-0.8902916328873135,occupied,occupied,1,
49.541304302931884,0.49130350145012558,-11.5,0.92511584975896999,1.5404999549460645,-12.999999999999998,-0.90540680730607015,occupied,occupied,1,
49.591295528262798,0.55000000000000115,-11.477219998007907,0.91051492133084821,1.587556401958734,-13,-0.93214137372598838,occupied,occupied,1,
49.641286753593704,0.60000000000000109,-11.442059998362289,0.91179069899064602,1.6007176550978439,-12.949999999999999,-0.8979935074173071,occupied,occupied,1,
49.691277978924617,0.64552864055019255,-11.4,0.92203270106213198,1.6472484109492145,-12.950000000000001,-0.92348687304383548,occupied,occupied,1,
49.741269204255524,0.69999999999999973,-11.371759563705309,0.91655447944192681,1.6931130063347319,-12.949999999999999,-0.94814826311702172,occupied,occupied,1,
49.791260429586437,0.74999999999999989,-11.336543546332193,0.92009932232090463,1.7077134665066729,-12.899999999999999,-0.91337038466738973,occupied,occupied,1,
49.84125165491735,0.79926736391577724,-11.299999999999999,0.92589310793816759,1.7500000000000002,-12.894710820711619,-0.93071539872401521,occupied,occupied,1,
49.891242880248257,0.85000000000000075,-11.265770722296423,0.92968018011193443,1.7689926519197579,-12.85,-0.90180279786402806,occupied,occupied,1,
49.94123410557917,0.9112173764691156,-11.25,0.91296719955695405,1.8140565735416674,-12.85,-0.9241823903704991,occupied,occupied,1,
49.991225330910076,0.9531680068280568,-11.199999999999999,0.93625988132987548,1.8500000000000019,-12.834398621377103,-0.92802724181831087,occupied,occupied,1,
50.04121655624099,1.0223867355318899,-11.199999999999999,0.90332092404431596,1.8758576807040173,-12.800000000000001,-0.91007717186650849,occupied,occupied,1,
50.091207781571896,1.0647863749682371,-11.15,0.92784155311608296,1.9200643245846827,-12.800000000000001,-0.93065256070298186,occupied,occupied,1,
50.141199006902809,1.1329861080369321,-11.149999999999999,0.89681264655504633,1.9499999999999995,-12.772659948767767,-0.91992536675222614,occupied,occupied,1,
50.191190232233716,1.1759120230268314,-11.1,0.92252419099608141,1.9825387935735206,-12.749999999999998,-0.91408865524086569,occupied,occupied,1,
50.241181457564629,1.2432109245851035,-11.1,0.89332145675740138,2.0260106226839474,-12.75,-0.9329521720681484,occupied,occupied,1,
50.291172682895535,1.2867362099306561,-11.049999999999999,0.92019457056548737,2.0500000000000003,-12.70865777805199,-0.90565242136000923,occupied,occupied,1,
50.341163908226449,1.3500000000000005,-11.042727777449054,0.9007080406866339,2.089292981403192,-12.699999999999999,-0.91398348461207868,occupied,occupied,1,
50.391155133557355,1.3974386787831929,-10.999999999999998,0.9207573859491569,2.1321373517172058,-12.699999999999999,-0.93120971419355336,occupied,occupied,1,
50.441146358888268,1.4500000000000006,-10.968313223245103,0.92934668793262021,2.1536442254567141,-12.65,-0.89361398392260571,occupied,occupied,1,
50.491137584219182,1.5081899239267587,-10.949999999999999,0.92413364964126077,2.1963510379516409,-12.649999999999999,-0.90986899999040438,occupied,occupied,1,
50.541128809550088,1.5734181177219082,-10.949999999999999,0.90001028098610203,2.2386637992977576,-12.649999999999999,-0.9255175377160163,occupied,occupied,1,
50.591120034881001,1.6191532262205013,-10.9,0.93025939562536253,2.2805965596660545,-12.65,-0.94057124432031824,occupied,occupied,1,
50.641111260211908,1.6838822024078817,-10.9,0.90772622256442237,2.3039260917770923,-12.6,-0.90181914153786935,occupied,occupied,1,
50.691102485542821,1.7304865024248548,-10.849999999999998,0.93908464811678904,2.3457946323745258,-12.6,-0.91593667110899379,occupied,occupied,1,
50.741093710873727,1.794804637252893,-10.85,0.91810352657796734,2.3873163342284269,-12.6,-0.92948141356763514,occupied,occupied,1,
50.791084936204641,1.8500000000000003,-10.823510314136641,0.92584715178672217,2.4285031658658927,-12.6,-0.94246265038628874,occupied,occupied,1,
50.841076161535547,1.9063368009987094,-10.800000000000001,0.93111263552501999,2.453726856765043,-12.550000000000001,-0.90250015706557163,occupied,occupied,1,
50.89106738686646,1.9698789958167358,-10.799999999999999,0.91249732163732034,2.4949164465984501,-12.549999999999999,-0.91456707917710145,occupied,occupied,1,
50.941058612197367,2.0186288437617037,-10.75,0.94673625245031812,2.5358006314823438,-12.549999999999999,-0.92608692607299381,occupied,occupied,1,
50.99104983752828,2.0819736584064552,-10.75,0.92960043779236912,2.5763898894727588,-12.549999999999999,-0.93706702309663648,occupied,occupied,1,
51.041041062859186,2.1449355581485086,-10.75,0.91328031844369906,2.6035899071016861,-12.5,-0.89582548603918555,occupied,occupied,1,
51.0910322881901,2.1999999999999997,-10.7197967581497,0.92889494821592211,2.6442462602778609,-12.5,-0.90590158602573023,occupied,occupied,1,
51.141023513521006,2.2579481578840235,-10.699999999999999,0.93443199290013113,2.6846349505906923,-12.499999999999998,-0.91544952197326823,occupied,occupied,1,
51.191014738851919,2.320518342530077,-10.699999999999999,0.92035993926393855,2.7247654754848298,-12.499999999999998,-0.92447494345650094,occupied,occupied,1,
51.241005964182833,2.3827918962684644,-10.699999999999999,0.90707488781081214,2.7646470752550418,-12.5,-0.93298309435139959,occupied,occupied,1,
51.290997189513739,2.4348039732229418,-10.649999999999999,0.94555741805562843,2.8000000000000003,-12.47852628180334,-0.91908101907348527,occupied,occupied,1,
51.340988414844652,2.4971680134106187,-10.65,0.9337087049953523,2.83433364420114,-12.449999999999999,-0.89759702114279516,occupied,occupied,1,
51.390979640175559,2.55929793490977,-10.65,0.92263625036947317,2.874141837771746,-12.449999999999999,-0.90469149340539778,occupied,occupied,1,
51.440970865506472,2.6212145383892334,-10.649999999999999,0.91233567380569536,2.9137361094575382,-12.449999999999999,-0.91127855884886289,occupied,occupied,1,
51.490962090837378,2.6754332814084694,-10.599999999999998,0.95336356450950555,2.953125187454074,-12.449999999999999,-0.91736164104133766,occupied,occupied,1,
51.540953316168292,2.737606164341976,-10.6,0.94450845286186769,2.9923177159457661,-12.449999999999999,-0.92294381547604254,occupied,occupied,1,
51.590944541499198,2.7996283950932943,-10.6,0.93642439799563548,3.0313222835529143,-12.449999999999999,-0.92802781591319505,occupied,occupied,1,
51.640935766830111,2.8615207696643563,-10.6,0.92911033504798002,3.0701474517762022,-12.449999999999999,-0.93261603917810243,occupied,occupied,1,
51.690926992161017,2.9233041214393385,-10.6,0.92256602667379939,3.1088017835508981,-12.449999999999999,-0.9367105484082543,occupied,occupied,1,
51.740918217491931,2.9849993697611619,-10.6,0.91679206646557487,3.147293872025156,-12.449999999999999,-0.94031307473271453,occupied,occupied,1,
51.790909442822837,3.0466160170710399,-10.6,0.91179067508623579,3.1818868002133645,-12.4,-0.89328499777956849,occupied,occupied,1,
51.840900668153751,3.1049098194902376,-10.550000000000001,0.9576661383940952,3.2208653039327766,-12.4,-0.89596426553552899,occupied,occupied,1,
51.890891893484657,3.166745341965858,-10.549999999999999,0.95417766495369949,3.2598955020762701,-12.399999999999999,-0.89816597280053623,occupied,occupied,1,
51.94088311881557,3.2283810699405477,-10.549999999999999,0.95145291578164526,3.2989940568158982,-12.399999999999999,-0.89989421372039968,occupied,occupied,1,
51.990874344146484,3.2898325140549427,-10.549999999999999,0.94947883349791262,3.3381769557284517,-12.4,-0.90115273033123655,occupied,occupied,1,
52.04086556947739,3.3511146819122204,-10.549999999999999,0.94824262955258298,3.377459510523765,-12.399999999999999,-0.90194494201808628,occupied,occupied,1,
52.090856794808303,3.4122420730919756,-10.549999999999999,0.94773177963634858,3.4168563578252025,-12.4,-0.90227397484756677,occupied,occupied,1,
52.140848020139209,3.4732286755997475,-10.550000000000001,0.94793401828442747,3.456381461881648,-12.4,-0.90214269056038721,occupied,occupied,1,
52.190839245470123,3.5340879636941391,-10.549999999999999,0.94883733276970272,3.4960481190880959,-12.399999999999999,-0.90155371503009918,occupied,occupied,1,
52.240830470801029,3.5948328970243222,-10.549999999999999,0.95042995637906658,3.5358689641841892,-12.399999999999999,-0.90050946601594517,occupied,occupied,1,
52.290821696131943,3.6554759210053986,-10.549999999999999,0.9527003611643583,3.5758559779959067,-12.399999999999999,-0.89901218005926231,occupied,occupied,1,
52.340812921462849,3.7160289683542218,-10.549999999999999,0.95563725025519819,3.6160204965828249,-12.4,-0.89706393839505216,occupied,occupied,1,
52.390804146793762,3.7765034617045607,-10.550000000000001,0.95922954981667785,3.6563732216523497,-12.4,-0.89466669177156222,occupied,occupied,1,
52.440795372124668,3.8369103172183743,-10.549999999999999,0.96346640072941203,3.6969242321031195,-12.399999999999999,-0.89182228409187425,occupied,occupied,1,
52.490786597455582,3.8972599491082791,-10.549999999999999,0.96833715006393495,3.7376829965616412,-12.399999999999999,-0.88853247481123909,occupied,occupied,1,
52.540777822786488,3.9527270347640271,-10.599999999999998,0.92359809099748602,3.7786583867794601,-12.399999999999999,-0.88479896004279313,occupied,occupied,1,
52.590769048117401,4.0124762346486316,-10.6,0.92965324890079182,3.8145082044603789,-12.449999999999999,-0.93090885459820683,occupied,occupied,1,
52.640760273448315,4.0722035684515623,-10.599999999999998,0.93630710024411545,3.8554329676235946,-12.449999999999999,-0.92634946857991785,occupied,occupied,1,
52.690751498779221,4.1319174679654749,-10.6,0.94354995387821927,3.896604569170929,-12.449999999999999,-0.9213554486393174,occupied,occupied,1,
52.740742724110135,4.1916258945050542,-10.6,0.95137227661593116,3.9380296032083129,-12.449999999999999,-0.91592820240705219,occupied,occupied,1,
52.790733949441041,4.2513363473500814,-10.6,0.95976468448069163,3.9797141409187442,-12.449999999999999,-0.91006916456221987,occupied,occupied,1,
52.840725174771954,4.3110558725296029,-10.6,0.96871793411307994,4.0216637468326111,-12.449999999999999,-0.90377981018874576,occupied,occupied,1,
52.89071640010286,4.3624962725060845,-10.65,0.92753954729756194,4.0638834951830054,-12.450000000000001,-0.89706166688064992,occupied,occupied,1,
52.940707625433774,4.4217867575263865,-10.65,0.93750882822123605,4.1063779862633814,-12.449999999999999,-0.88991632564680601,occupied,occupied,1,
52.99069885076468,4.4811116169331076,-10.65,0.94800905334771302,4.1491513627118257,-12.450000000000001,-0.88234545067129255,occupied,occupied,1,
53.040690076095593,4.5404761321240086,-10.649999999999999,0.95903164935424379,4.1922073256537384,-12.449999999999999,-0.87435078798942856,occupied,occupied,1,
53.0906813014265,4.5998851774309575,-10.649999999999999,0.97056813843121814,4.2254287054526065,-12.5,-0.91694812624214261,occupied,occupied,1,
53.140672526757413,4.6487831318153514,-10.699999999999999,0.93150714017191216,4.2686196053780172,-12.499999999999998,-0.90820052868019918,occupied,occupied,1,
53.190663752088319,4.707861241466853,-10.699999999999999,0.94395508978128939,4.3121083181180788,-12.5,-0.89903714469478191,occupied,occupied,1,
53.240654977419233,4.7670027269208965,-10.699999999999999,0.95688996927579373,4.3558968903533284,-12.5,-0.88945994578904075,occupied,occupied,1,
53.290646202750139,4.8143713326875259,-10.75,0.91892114330244723,4.3999870040332585,-12.5,-0.8794710196682014,occupied,occupied,1,
53.340637428081052,4.8732356341619116,-10.75,0.93270908979257194,4.4321269723597236,-12.550000000000001,-0.92055204979810068,occupied,occupied,1,
53.390628653411966,4.9321785669031177,-10.75,0.94695857045998266,4.4764167964417823,-12.549999999999999,-0.90984480938777312,occupied,occupied,1,
53.440619878742872,4.9912023316144492,-10.75,0.96166188452046231,4.5210175524965761,-12.549999999999999,-0.89873423634039373,occupied,occupied,1,
53.490611104073785,5.0368538173695638,-10.799999999999999,0.92503263962352944,4.552474580802798,-12.6,-0.93900149225737717,occupied,occupied,1,
53.540602329404692,5.0956565409708645,-10.799999999999999,0.9405184775033969,4.5973098771097591,-12.6,-0.92719386581435648,occupied,occupied,1,
53.590593554735605,5.1500000000000004,-10.815996840723084,0.93980263916219764,4.642462449232446,-12.6,-0.91499159140601971,occupied,occupied,1,
53.640584780066511,5.1989378936673978,-10.85,0.92068444522373916,4.6879317210547171,-12.6,-0.90239737094586436,occupied,occupied,1,
53.690576005397425,5.2576488439407836,-10.85,0.93733299083830035,4.718747369934789,-12.65,-0.94160681625660303,occupied,occupied,1,
53.740567230728331,5.3011267659025334,-10.9,0.90209042448490195,4.7644841171080516,-12.65,-0.92834267522269398,occupied,occupied,1,
53.790558456059244,5.3596798613460743,-10.899999999999999,0.91943980524895663,4.8105404210739611,-12.65,-0.91469599257583145,occupied,occupied,1,
53.840549681390151,5.418338288528636,-10.899999999999999,0.93718114333261104,4.8500000000000005,-12.671553604583812,-0.92330550916494425,occupied,occupied,1,
53.890540906721064,5.4607158095256985,-10.949999999999999,0.90269078114335699,4.8872194904699171,-12.699999999999999,-0.93888409595790523,occupied,occupied,1,
53.94053213205197,5.5192438208828589,-10.949999999999999,0.92108778635498223,4.933885096247443,-12.699999999999999,-0.92421566741808203,occupied,occupied,1,
53.990523357382884,5.5778804597862646,-10.950000000000001,0.93985496090811782,4.9808685677783364,-12.699999999999999,-0.90917808346910034,occupied,occupied,1,
54.040514582713797,5.6192398010815383,-11,0.90604910566293684,5.0107829669502157,-12.749999999999998,-0.94671092170194282,occupied,occupied,1,
54.090505808044703,5.6777680348604536,-11,0.92542867971991405,5.0580735345698313,-12.75,-0.93105220455830651,occupied,occupied,1,
54.140497033375617,5.736405709814969,-11,0.94515699529264829,5.1056799365280146,-12.75,-0.91503519937123212,occupied,occupied,1,
54.190488258706523,5.7768205728308653,-11.049999999999999,0.91197281795809482,5.1500000000000004,-12.759817620973017,-0.90912035031030525,occupied,occupied,1,
54.240479484037436,5.8353668038358695,-11.049999999999999,0.93227171028719047,5.1831944819161127,-12.799999999999999,-0.93530124343595822,occupied,occupied,1,
54.290470709368343,5.8750898448142195,-11.1,0.89943421225949549,5.2314319534593317,-12.799999999999999,-0.91833790797544212,occupied,occupied,1,
54.340461934699256,5.933557181434268,-11.1,0.9202767921362397,5.2607550739228737,-12.85,-0.95459991737608874,occupied,occupied,1,
54.390453160030162,5.992132132277316,-11.1,0.94143296362698614,5.3093199963793882,-12.85,-0.93705909462864878,occupied,occupied,1,
54.440444385361076,6.0310221535308202,-11.15,0.9091217113527037,5.3581917659008944,-12.85,-0.9191837145863645,occupied,occupied,1,
54.490435610691982,6.0895274302004045,-11.149999999999999,0.93078141883757926,5.400000000000003,-12.868357660537587,-0.92075878502702457,occupied,occupied,1,
54.540426836022895,6.1278029496296833,-11.199999999999999,0.8987575801785721,5.4365075617185692,-12.899999999999999,-0.93642342270565981,occupied,occupied,1,
54.590418061353802,6.1862461547320979,-11.199999999999999,0.92089496956800809,5.486012538672953,-12.899999999999999,-0.91767162347649323,occupied,occupied,1,
54.640409286684715,6.2447891550976227,-11.199999999999999,0.94331082016546197,5.5149611502774416,-12.949999999999999,-0.95277697226921465,occupied,occupied,1,
54.690400512015621,6.2823238117429687,-11.249999999999998,0.91172637788494226,5.5648019773588375,-12.949999999999999,-0.93349382112057755,occupied,occupied,1,
54.740391737346535,6.3408069259616315,-11.249999999999998,0.93458037355019186,5.6149352675314805,-12.949999999999999,-0.9139026976495801,occupied,occupied,1,
54.790382962677448,6.3777926212659439,-11.300000000000001,0.90322954769725083,5.6500000000000012,-12.985564252082401,-0.93274674503292987,occupied,occupied,1,
54.840374188008354,6.4362199084483427,-11.299999999999999,0.92649660555454971,5.6942357416856506,-12.999999999999998,-0.92837279786083005,occupied,occupied,1,
54.890365413339268,6.4947321662509561,-11.300000000000001,0.95000574454348197,5.744989517929401,-13,-0.90798081049727419,occupied,occupied,1,
54.940356638670174,6.5310480304753824,-11.35,0.91901126978215375,5.7737515823098242,-13.049999999999999,-0.94203626061683299,occupied,occupied,1,
54.990347864001087,6.5894900930856561,-11.35,0.94288903241107902,5.8248490718330723,-13.050000000000001,-0.92115922109047488,occupied,occupied,1,
55.040339089331994,6.6252995229497218,-11.399999999999999,0.91207163152293591,5.8535275563295794,-13.099999999999998,-0.95491309483684905,occupied,occupied,1,
55.090330314662907,6.6836626631911589,-11.399999999999999,0.93628765946322301,5.9049776292853817,-13.1,-0.93356537808514017,occupied,occupied,1,
55.140321539993813,6.7189819447002312,-11.449999999999999,0.9056244379875229,5.9499999999999993,-13.11451367278325,-0.92793466882014553,occupied,occupied,1,
55.190312765324727,6.7772567233997467,-11.449999999999999,0.93014775347515588,5.9854154004089581,-13.149999999999999,-0.94522225822808148,occupied,occupied,1,
55.240303990655633,6.8121024303393547,-11.5,0.89961614597551898,6.0374984270565086,-13.149999999999999,-0.9231595840312774,occupied,occupied,1,
55.290295215986546,6.8702787735202042,-11.499999999999998,0.92441525589857698,6.0898490317977156,-13.15,-0.90084378921393315,occupied,occupied,1,
55.340286441317453,6.9284867348185735,-11.5,0.94937668096621419,6.1186419934483736,-13.199999999999999,-0.93366567254710109,occupied,occupied,1,
55.390277666648366,6.9627350577874649,-11.550000000000001,0.91903608708363138,6.1713460755839868,-13.199999999999999,-0.91093563978896042,occupied,occupied,1,
55.440268891979272,7.0208213750193345,-11.549999999999999,0.9442226660032621,6.2001681097906047,-13.25,-0.94349335653047084,occupied,occupied,1,
55.490260117310186,7.0546316693821147,-11.6,0.91395631273867428,6.2532263865332514,-13.249999999999998,-0.92036929286630254,occupied,occupied,1,
55.540251342641099,7.1125849139535235,-11.6,0.93933557540245072,6.3000000000000016,-13.263370812599181,-0.91190635978368584,occupied,occupied,1,
55.590242567972005,7.150000000000003,-11.641804872770606,0.91825266758937929,6.3355173555637876,-13.299999999999999,-0.92917610182369681,occupied,occupied,1,
55.640233793302919,7.2037831382123612,-11.649999999999999,0.93466168520946924,6.3891672413241043,-13.299999999999999,-0.90547392377782987,occupied,occupied,1,
55.690225018633825,7.2500000000000009,-11.673331140270621,0.93425098319908806,6.4182433776130781,-13.35,-0.9373893519269525,occupied,occupied,1,
55.740216243964738,7.2944220367838462,-11.699999999999999,0.93014786766770829,6.4722337470278095,-13.35,-0.91335249409302532,occupied,occupied,1,
55.790207469295645,7.3499999999999996,-11.704082578788,0.95132437011722271,6.5264440418915868,-13.35,-0.88913442420147115,occupied,occupied,1,
55.840198694626558,7.3845079368131872,-11.75,0.92574175362029254,6.555751180081864,-13.4,-0.9206974578967887,occupied,occupied,1,
55.890189919957464,7.4419465434909791,-11.75,0.9515590975494842,6.6000000000000014,-13.420405928265488,-0.91903705001441249,occupied,occupied,1,
55.940181145288378,7.4740476425372524,-11.799999999999999,0.92139188952961992,6.6397365565215516,-13.450000000000001,-0.92754699216677061,occupied,occupied,1,
55.990172370619284,7.5312923221271735,-11.800000000000001,0.94725287515884105,6.6945866671961429,-13.449999999999999,-0.90276776067027442,occupied,occupied,1,
56.040163595950197,7.5630485749995646,-11.85,0.91704788761170286,6.7242042274284319,-13.5,-0.93394099389246255,occupied,occupied,1,
56.090154821281104,7.6200878080667813,-11.849999999999998,0.94292088877162594,6.7793609969753703,-13.5,-0.90892186127167496,occupied,occupied,1,
56.140146046612017,7.6515189101589476,-11.899999999999999,0.91266056760955672,6.8091660131581815,-13.549999999999999,-0.9399209833850507,occupied,occupied,1,
56.19013727194293,7.7000000000000002,-11.916312941844618,0.92019256503889291,6.8646189149057495,-13.549999999999999,-0.91469025446692853,occupied,occupied,1,
56.240128497273837,7.7394677130547818,-11.949999999999999,0.90818208878860296,6.8999999999999995,-13.589514818890345,-0.9337502885321467,occupied,occupied,1,
56.29011972260475,7.7959193451281967,-11.949999999999999,0.93391939138415669,6.950000000000002,-13.600996301826985,-0.92117314730724131,occupied,occupied,1,
56.340110947935656,7.8260783520628925,-11.999999999999998,0.90316606177719949,6.9814774557365045,-13.65,-0.9504387165062782,occupied,occupied,1,
56.39010217326657,7.8811171351388785,-11.999999999999998,0.9282211791243018,7.0387539651127797,-13.649999999999999,-0.92436504294915889,occupied,occupied,1,
56.440093398597476,7.9099464550125447,-12.049999999999999,0.89675762863266328,7.07124407310965,-13.699999999999999,-0.95416692018330318,occupied,occupied,1,
56.490084623928389,7.9634962151244162,-12.049999999999999,0.92096686040594034,7.1298701552181711,-13.699999999999999,-0.92766301270409057,occupied,occupied,1,
56.540075849259296,8.0000000000000018,-12.082290287627284,0.90853614731093313,7.1639795611918595,-13.75,-0.956989478041677,occupied,occupied,1,
56.590067074590209,8.0431414161315828,-12.1,0.91195176110757326,7.2238801950970304,-13.75,-0.93024501130601034,occupied,occupied,1,
56.640058299921115,8.0942427250750111,-12.1,0.93457704656123142,7.2597053682676416,-13.799999999999999,-0.95921613113981663,occupied,occupied,1,
56.690049525252029,8.1201557116483372,-12.149999999999999,0.90099751205801204,7.3208092343214535,-13.799999999999999,-0.93242954970771263,occupied,occupied,1,
56.740040750582935,8.1696442467768833,-12.149999999999999,0.92244503523015675,7.3823078703798375,-13.799999999999999,-0.90577775469399069,occupied,occupied,1,
56.790031975913848,8.2000000000000011,-12.188629380355017,0.90051158768597972,7.4206912613146265,-13.85,-0.93455637999558316,occupied,occupied,1,
56.840023201244755,8.2425348519620183,-12.199999999999999,0.90812497823845562,7.4832579708601878,-13.85,-0.90819035291297279,occupied,occupied,1,
56.890014426575668,8.2893538955749229,-12.199999999999999,0.92752878703748776,7.5235735019113239,-13.9,-0.93698713172522896,occupied,occupied,1,
56.940005651906581,8.3350896767593898,-12.199999999999999,0.946133369274888,7.5871580472089333,-13.9,-0.91112313494901709,occupied,occupied,1,
56.989996877237488,8.3582781755071096,-12.25,0.90951193366992533,7.629520325075319,-13.949999999999999,-0.94010640657380307,occupied,occupied,1,
57.039988102568401,8.4023639527657039,-12.249999999999998,0.92667792079713684,7.6940844635789238,-13.949999999999999,-0.9149680372530764,occupied,occupied,1,
57.089979327899307,8.4453269400191697,-12.25,0.94298688997025504,7.7386165609623507,-13.999999999999998,-0.94432324878983509,occupied,occupied,1,
57.139970553230221,8.4676350567082288,-12.299999999999999,0.90475058664484165,7.804135809812613,-14,-0.9201415336272174,occupied,occupied,1,
57.189961778561127,8.5090185614671672,-12.300000000000001,0.91956022894297473,7.8509700900109127,-14.050000000000001,-0.95007283419693234,occupied,occupied,1,
57.23995300389204,8.5492777922936387,-12.299999999999999,0.93348482721016524,7.9174351131278309,-14.049999999999999,-0.92708636766936114,occupied,occupied,1,
57.289944229222947,8.5884103295557939,-12.300000000000001,0.94652085257567853,7.9667135169211001,-14.1,-0.95781812114726017,occupied,occupied,1,
57.33993545455386,8.6264195423237258,-12.299999999999999,0.95866902813529176,8.0341310304059999,-14.1,-0.93627310326337354,occupied,occupied,1,
57.389926679884766,8.6500000000000004,-12.34266762102034,0.92523732952376214,8.1000000000000014,-14.105151853945475,-0.92106997732136486,occupied,occupied,1,
57.43991790521568,8.6843898785029818,-12.35,0.9282028481855108,8.1543977857301311,-14.15,-0.9482010578010821,occupied,occupied,1,
57.489909130546586,8.7200220730346043,-12.35,0.93798211563723854,8.2228366687580969,-14.15,-0.92942071348817401,occupied,occupied,1,
57.539900355877499,8.7546358835188922,-12.35,0.9469078414197607,8.2784336198795305,-14.199999999999999,-0.96339804924153583,occupied,occupied,1,
57.589891581208406,8.7882653309679668,-12.35,0.95499675390759631,8.3478838031681892,-14.200000000000001,-0.94669614717482342,occupied,occupied,1,
57.639882806539319,8.8100433143678725,-12.399999999999999,0.91109206838508816,8.4064575661500545,-14.25,-0.98241828441590318,occupied,occupied,1,
57.689874031870232,8.8428518050936606,-12.399999999999999,0.91777430247745995,8.4769822086717319,-14.25,-0.96805722806442485,occupied,occupied,1,
57.739865257201139,8.8748406348518927,-12.399999999999999,0.92366678195316176,8.5475501614878446,-14.25,-0.95506125955653576,occupied,occupied,1,
57.789856482532052,8.9062295338420743,-12.399999999999999,0.92881778713794527,8.6179954685902356,-14.25,-0.94350132999235936,occupied,occupied,1,
57.839847707862958,8.9373887112138242,-12.399999999999999,0.93329802039492549,8.6812809652747625,-14.299999999999999,-0.98388511575299908,occupied,occupied,1,
57.889838933193872,8.9683234984362006,-12.399999999999999,0.93711453764738961,8.7520175391543713,-14.299999999999999,-0.97515852549522397,occupied,occupied,1,
57.939830158524778,8.999027375449506,-12.4,0.94027198795135603,8.8225110683901331,-14.299999999999999,-0.96790987095462278,occupied,occupied,1,
57.989821383855691,9.0294940297023025,-12.399999999999999,0.94277470015473064,8.8928553860962722,-14.299999999999999,-0.96213215292929766,occupied,occupied,1,
58.039812609186598,9.0571760359094924,-12.449999999999999,0.89456217554538964,8.9631432262181026,-14.299999999999999,-0.95782605841056478,occupied,occupied,1,
58.089803834517511,9.0882125071452133,-12.449999999999999,0.89580996534523583,9.0334672323674692,-14.299999999999999,-0.95499986959472716,occupied,occupied,1,
58.139795059848417,9.1190052771060106,-12.449999999999999,0.89639199782317625,9.1039209403633894,-14.299999999999999,-0.95366949769932774,occupied,occupied,1,
58.189786285179331,9.1495526715139501,-12.449999999999999,0.89631090944086855,9.174599753350515,-14.300000000000001,-0.95385863854886377,occupied,occupied,1,
58.239777510510237,9.1798539433836535,-12.449999999999999,0.89556890495305952,9.24560192724255,-14.299999999999999,-0.95559904998282508,occupied,occupied,1,
58.28976873584115,9.2099094873266356,-12.449999999999999,0.89416772524027377,9.3170295836218902,-14.299999999999999,-0.95893095400762474,occupied,occupied,1,
58.339759961172064,9.2397210842617863,-12.449999999999999,0.89210859107523366,9.3889897670597726,-14.300000000000001,-0.96390356935482291,occupied,occupied,1,
58.38975118650297,9.2692921822355245,-12.449999999999999,0.88939211764375525,9.4615955640663056,-14.300000000000001,-0.97057578279527013,occupied,occupied,1,
58.439742411833883,9.2986282197122492,-12.449999999999999,0.88601819337924803,9.5349673015112195,-14.299999999999999,-0.97901697025321821,occupied,occupied,1,
58.48973363716479,9.3277369984553555,-12.449999999999999,0.88198581521623953,9.6016258205330161,-14.25,-0.93873247349815969,occupied,occupied,1,
58.539724862495703,9.3566291139815885,-12.449999999999999,0.87729287070149797,9.6756717116580369,-14.249999999999998,-0.95076297612926408,occupied,occupied,1,
58.589716087826609,9.3853184525372271,-12.449999999999999,0.87193585550670627,9.7508640693938347,-14.25,-0.96480680420452258,occupied,occupied,1,
58.639707313157523,9.413822764614947,-12.449999999999999,0.86590951275527939,9.815875292133569,-14.199999999999999,-0.92968126325246991,occupied,occupied,1,
58.689698538488429,9.4421643262057451,-12.449999999999999,0.85920637821237278,9.8924754615014354,-14.199999999999999,-0.94780223232917482,occupied,occupied,1,
58.739689763819342,9.4560756515990114,-12.399999999999999,0.90381956285646992,9.9564023549305958,-14.149999999999999,-0.91629768887943241,occupied,occupied,1,
58.789680989150249,9.4826964317746985,-12.4,0.89615604157706807,10.03496774946467,-14.149999999999999,-0.9389198719325107,occupied,occupied,1,
58.839672214481162,9.5091962000354027,-12.4,0.88783168136669066,10.09820388074375,-14.1,-0.91131535207260705,occupied,occupied,1,
58.889663439812068,9.5356183800282786,-12.399999999999999,0.87882876039324243,10.179393484888898,-14.1,-0.93898486746806875,occupied,occupied,1,
58.939654665142982,9.5620155137156129,-12.399999999999999,0.86912358894345387,10.242406465193536,-14.049999999999999,-0.91565422547856368,occupied,occupied,1,
58.989645890473888,9.5884507015048293,-12.4,0.85868507140468953,10.304632550008188,-13.999999999999998,-0.89428852797599878,occupied,occupied,1,
59.039637115804801,9.5999999999999996,-12.369048748915466,0.88186713796605698,10.390373128186084,-14,-0.93050469617087284,occupied,occupied,1,
59.089628341135715,9.6155750698750229,-12.35,0.8918731546021168,10.453189384140281,-13.949999999999999,-0.91411625274834152,occupied,occupied,1,
59.139619566466621,9.6405852476389224,-12.35,0.87992554865791051,10.515555470297404,-13.899999999999999,-0.89998256429034829,occupied,occupied,1,
59.189610791797534,9.6659134737506758,-12.35,0.86712175861043861,10.6,-13.886897789738995,-0.9313699579746394,occupied,occupied,1,
59.239602017128441,9.6917143638920376,-12.35,0.85336230419136638,10.650000000000002,-13.816311238905444,-0.89831689295383732,occupied,occupied,1,
59.289593242459354,9.7000000000000011,-12.323038655456783,0.87104359934248676,10.73524280697999,-13.799999999999999,-0.93260339568694739,occupied,occupied,1,
59.33958446779026,9.7105049547225004,-12.300000000000001,0.8835294322840187,10.797373332779127,-13.75,-0.92859166499934043,occupied,occupied,1,
59.389575693121174,9.7391220057307439,-12.299999999999999,0.86600500340188524,10.850000000000003,-13.689275840034593,-0.91279719972681495,occupied,occupied,1,
59.43956691845208,9.7500000000000018,-12.276697482069459,0.87705498524408543,10.91902076654851,-13.65,-0.92643312349853302,occupied,occupied,1,
59.489558143782993,9.7575586835960841,-12.25,0.89213459199468093,10.978890456901981,-13.6,-0.92834647093525913,occupied,occupied,1,
59.5395493691139,9.7901451890157176,-12.249999999999998,0.86991213985430416,11.038374525159172,-13.549999999999999,-0.9323299292388384,occupied,occupied,1,
59.589540594444813,9.8000000000000007,-12.225244968749367,0.88058685282190774,11.097676266010867,-13.5,-0.93846896849493866,occupied,occupied,1,
59.639531819775719,9.808991590445622,-12.199999999999999,0.89151177771950052,11.15,-13.443494626960561,-0.93730818109966985,occupied,occupied,1,
59.689523045106633,9.8464061623116823,-12.199999999999999,0.86371396531510936,11.200000000000001,-13.385433304759367,-0.93558267433620212,occupied,occupied,1,
59.739514270437546,9.8499999999999996,-12.169575603498902,0.88069893768271967,11.25,-13.32783091988555,-0.93631932803117657,occupied,occupied,1,
59.789505495768452,9.8663902338017415,-12.149999999999999,0.88019294410554405,11.300000000000002,-13.270453079809066,-0.93932679082250914,occupied,occupied,1,
59.839496721099366,9.8999999999999986,-12.142798968223737,0.85778197184492189,11.349999999999998,-13.213091729118497,-0.94444625843661745,occupied,occupied,1,
59.889487946430272,9.8999999999999986,-12.11044004995691,0.87664253886274435,11.399999999999999,-13.155559477779651,-0.95154635138151433,occupied,occupied,1,
59.939479171761185,9.9000000000000004,-12.079114046980726,0.89420100998333518,11.450000000000001,-13.097684989090498,-0.96051912095566661,occupied,occupied,1,
59.989470397092092,9.9020061749933426,-12.049999999999999,0.90816896490429699,11.499999999999998,-13.039309173421476,-0.97127693891291311,occupied,occupied,1,
60.039461622423005,9.9500000000000028,-12.048440875155908,0.86782434148264076,11.500000000000002,-12.951161961377318,-0.92588838900369985,occupied,occupied,1,
60.089452847753911,9.9500000000000011,-12.018105651335645,0.88273808316310087,11.562588304703642,-12.899999999999999,-0.95524414816371128,occupied,occupied,1,
60.139444073084825,9.9499999999999993,-11.98866637480509,0.89651565546626211,11.6,-12.834083996608848,-0.95746140891622855,occupied,occupied,1,
60.189435298415731,9.9500000000000028,-11.960090274057812,0.90920330847777853,11.650000000000004,-12.773936341161063,-0.97556336698617119,occupied,occupied,1,
60.239426523746644,9.9895868746933054,-11.949999999999999,0.87749958345954671,11.671868840804658,-12.699999999999999,-0.96439417392807081,occupied,occupied,1,
60.28941774907755,10.000000000000002,-11.926104933343064,0.87736399829877887,11.700000000000001,-12.629089952527981,-0.96225224896542083,occupied,occupied,1,
60.339408974408464,9.9999999999999982,-11.898393081367139,0.88760292975409216,11.707070278075888,-12.549999999999999,-0.93960272662405653,occupied,occupied,1,
60.38940019973937,10,-11.871489810482704,0.89684984415694069,11.75,-12.484488900583685,-0.95740684909365337,occupied,occupied,1,
60.439391425070284,9.9999999999999982,-11.845381688848537,0.9051372090651072,11.799999999999999,-12.419837278439605,-0.9843069484617627,occupied,occupied,1,
60.489382650401197,10,-11.8200582129314,0.91249600914268014,11.800000000000001,-12.338788364804126,-0.96075810348109913,occupied,occupied,1,
60.539373875732103,10.017444863078246,-11.800000000000001,0.9009431583427957,11.800000000000002,-12.258678777830037,-0.93967875758610964,occupied,occupied,1,
60.589365101063017,10.050000000000001,-11.783056331040333,0.87328170138295236,11.85,-12.190659466124803,-0.97229146588262283,occupied,occupied,1,
60.639356326393923,10.049999999999999,-11.75849561272177,0.87835311540715,11.85,-12.110370558164302,-0.95571776033080424,occupied,occupied,1,
60.689347551724836,10.050000000000001,-11.734685331039481,0.8825710623403511,11.850000000000001,-12.030508187749145,-0.9415756320216645,occupied,occupied,1,
60.739338777055742,10.050000000000004,-11.711356560825571,0.88600216079489236,11.900000000000002,-11.9578366342183,-0.98034518806053528,occupied,occupied,1,
60.789330002386656,10.050000000000002,-11.687486429273989,0.88880012894195515,11.900000000000004,-11.878399014916514,-0.97102449057374407,occupied,occupied,1,
60.839321227717562,10.050000000000001,-11.66286800093089,0.89097245373363343,11.9,-11.800413181462973,-0.96413365554626529,occupied,occupied,1,
60.889312453048476,10.050000000000002,-11.637397242415407,0.89250647280903983,11.900000000000002,-11.723787639629904,-0.95950953703830399,occupied,occupied,1,
60.939303678379382,10.049999999999999,-11.610985619238456,0.893385131880438,11.9,-11.648437309781032,-0.95699391823996893,occupied,occupied,1,
60.989294903710295,10.050000000000002,-11.583559485449229,0.89358903502211318,11.900000000000002,-11.574283941385195,-0.95643421772842518,occupied,occupied,1,
61.039286129041201,10.050000000000002,-11.555059248892784,0.8930982451116265,11.900000000000002,-11.501256394112955,-0.9576839536309637,occupied,occupied,1,
61.089277354372115,10.049999999999997,-11.525438376653561,0.89189379845043648,11.899999999999999,-11.429290794836334,-0.96060299169234298,occupied,occupied,1,
61.139268579703021,10.050000000000001,-11.494662300377582,0.88995892336033799,11.899999999999999,-11.358330584177558,-0.96505760940750818,occupied,occupied,1,
61.189259805033934,10.049999999999999,-11.462707273447149,0.88727997274157788,11.849999999999998,-11.293039463605234,-0.92069877870893335,occupied,occupied,1,
61.239251030364848,10,-11.43524362621007,0.93416918178645825,11.85,-11.224920700840405,-0.92774803789223959,occupied,occupied,1,
61.289242255695754,10,-11.401812297881049,0.93008835006500723,11.85,-11.157624545205387,-0.93595764576596152,occupied,occupied,1,
61.339233481026668,10,-11.367129071647163,0.92525497907167309,11.85,-11.091123356203823,-0.94522067031737678,occupied,occupied,1,
61.389224706357574,10.000000000000002,-11.331203223048947,0.9196697805765951,11.800000000000001,-11.033661029663675,-0.90475652838864162,occupied,occupied,1,
61.439215931688487,10.000000000000002,-11.294049576833784,0.91333827094615627,11.800000000000002,-10.969444219501241,-0.91569662156108789,occupied,occupied,1,
61.489207157019393,10,-11.255687654469416,0.90627064214112762,11.800000000000001,-10.905924228396119,-0.92739629986838912,occupied,occupied,1,
61.539198382350307,9.9500000000000011,-11.22650320153503,0.94954405222411431,11.800000000000002,-10.843098307802292,-0.93976780994639963,occupied,occupied,1,
61.589189607681213,9.9499999999999993,-11.186393448965378,0.94117654998516165,11.75,-10.791926404468613,-0.90153999066725565,occupied,occupied,1,
61.639180833012126,9.9500000000000011,-11.145103987294922,0.9321246189290967,11.750000000000002,-10.731045430784942,-0.91488498803539597,occupied,occupied,1,
61.689172058343033,9.9500000000000011,-11.102666784480727,0.92241346320383366,11.750000000000002,-10.670830517872909,-0.92866259173226251,occupied,occupied,1,
61.739163283673946,9.9499999999999975,-11.059115357709144,0.91207193164291311,11.699999999999999,-10.623738310253311,-0.89127306403910023,occupied,occupied,1,
61.789154509004852,9.9000000000000039,-11.027318019023379,0.95275302490789882,11.700000000000003,-10.565306003833355,-0.90559438668659242,occupied,occupied,1,
61.839145734335766,9.8999999999999986,-10.981987859627298,0.94133747411751256,11.699999999999999,-10.507554967290126,-0.92013682582095713,occupied,occupied,1,
61.889136959666679,9.9000000000000021,-10.935600224962876,0.92938687485984151,11.700000000000003,-10.450514952887239,-0.93483084879388878,occupied,occupied,1,
61.939128184997585,9.9000000000000021,-10.8881911464442,0.91694156282533568,11.650000000000002,-10.407940853200193,-0.89775960931319443,occupied,occupied,1,
61.989119410328499,9.8633470709153972,-10.85,0.94209128415464161,11.650000000000004,-10.352624601821729,-0.91250057814811181,occupied,occupied,1,
62.039110635659405,9.8500000000000032,-10.804519049456749,0.94268295543723879,11.650000000000002,-10.298081199356593,-0.92720455348249975,occupied,occupied,1,
62.089101860990318,9.8500000000000014,-10.754357218788446,0.92904906458986414,11.630074380273367,-10.25,-0.92109714678090659,occupied,occupied,1,
62.139093086321225,9.8499999999999996,-10.703263364092695,0.91509445078645202,11.6,-10.205707021080702,-0.90426321456455605,occupied,occupied,1,
62.189084311652138,9.8500000000000032,-10.651269435628315,0.90087186150710985,11.600000000000003,-10.153756317751361,-0.91847398314685469,occupied,occupied,1,
62.239075536983044,9.8000000000000043,-10.612817091544517,0.93846818257466325,11.600000000000003,-10.10247452261715,-0.93248065094788524,occupied,occupied,1,
62.289066762313958,9.7999999999999989,-10.560061281851276,0.92409846795545203,11.600000000000001,-10.051326158882688,-0.94641253851894669,occupied,occupied,1,
62.339057987644864,9.7999999999999972,-10.507242382874358,0.90975594881052158,11.549999999999999,-10.014376194210175,-0.90832465444345956,occupied,occupied,1,
62.389049212975777,9.8000000000000007,-10.454363920449154,0.8954464383474795,11.550000000000001,-9.9634106552306445,-0.9221165202948659,occupied,occupied,1,
62.439040438306684,9.75,-10.415397094865119,0.93309010187704866,11.549999999999999,-9.9125653673355991,-0.93582395345302949,occupied,occupied,1,
62.489031663637597,9.7499999999999982,-10.362345846818693,0.91884694951804702,11.549999999999999,-9.8618444634696889,-0.94944147434328674,occupied,occupied,1,
62.539022888968503,9.7500000000000018,-10.309241283699135,0.9046533653819151,11.500000000000002,-9.8250849364177455,-0.91108542877677601,occupied,occupied,1,
62.589014114299417,9.75,-10.256087378343924,0.8905154040502189,11.500000000000002,-9.7745496501647011,-0.92452690500486501,occupied,occupied,1,
62.63900533963033,9.7000000000000011,-10.216566570379873,0.92827637411362063,11.500000000000002,-9.7241449818441588,-0.93786376554793194,occupied,occupied,1,
62.688996564961236,9.7000000000000028,-10.163241397295382,0.91424559670599859,11.500000000000002,-9.6738742730427045,-0.95109088294032373,occupied,occupied,1,
62.73898779029215,9.7000000000000011,-10.109874312894437,0.90028755321303355,11.450000000000001,-9.6372443444935545,-0.91241183913822455,occupied,occupied,1,
62.788979015623056,9.7000000000000011,-10.056469607962756,0.88640836434822923,11.450000000000003,-9.5871558788459748,-0.92542920462353218,occupied,occupied,1,
62.838970240953969,9.6500000000000039,-10.016340947274399,0.92435519746375572,11.450000000000003,-9.5372050534305295,-0.93832330532988606,occupied,occupied,1,
62.888961466284876,9.6500000000000004,-9.9627695733009514,0.91062520275221259,11.450000000000001,-9.4873942496077781,-0.95108951717036205,occupied,occupied,1,
62.938952691615789,9.6500000000000021,-9.9091688926452957,0.89699122216938798,11.40313547287213,-9.4499999999999993,-0.9152780895543654,occupied,occupied,1,
62.988943916946695,9.6000000000000014,-9.8685250924980625,0.93511702092097704,11.400000000000002,-9.4011825813966841,-0.92456279632782579,occupied,occupied,1,
63.038935142277609,9.6000000000000032,-9.8147606243815009,0.92166331373871724,11.400000000000004,-9.3516848095073382,-0.93694885944894657,occupied,occupied,1,
63.088926367608515,9.5999999999999996,-9.7609756465680722,0.90832249699695777,11.4,-9.3023292214867013,-0.94919104083794159,occupied,occupied,1,
63.138917592939428,9.5999999999999996,-9.7071746404383799,0.89510035044423131,11.4,-9.253116835629724,-0.96128551733963474,occupied,occupied,1,
63.188908818270335,9.5499999999999989,-9.6658429789837061,0.93353674051684021,11.35,-9.2165293036623321,-0.92169445230814129,occupied,occupied,1,
63.238900043601248,9.5500000000000007,-9.6118871798902283,0.92053604235483832,11.350000000000001,-9.1674691755711244,-0.93351556495359211,occupied,occupied,1,
63.288891268932161,9.5499999999999972,-9.5579243840089205,0.90766999322066155,11.349999999999998,-9.1185493908970479,-0.94517926793688312,occupied,occupied,1,
63.338882494263068,9.5499999999999989,-9.5039589360588295,0.89494390868344309,11.35,-9.0697698732579664,-0.95668244192185448,occupied,occupied,1,
63.388873719593981,9.5,-9.4619080004865346,0.93376253221980443,11.300000000000001,-9.0330431609207764,-0.91662257651182499,occupied,occupied,1,
63.438864944924887,9.5,-9.4077982973502383,0.92129675433928782,11.300000000000001,-8.9843911581910216,-0.9278310415393507,occupied,occupied,1,
63.488856170255801,9.4999999999999982,-9.3536948030999856,0.90898551434447261,11.299999999999999,-8.9358738523808672,-0.93887117567773481,occupied,occupied,1,
63.538847395586707,9.4982597291208961,-9.2999999999999989,0.89861879967698455,11.300000000000001,-8.8874901435969544,-0.94974057699660164,occupied,occupied,1,
63.58883862091762,9.4500000000000011,-9.256808152963913,0.93610304596871685,11.252322950725747,-8.8499999999999996,-0.91156058468234624,occupied,occupied,1,
63.638829846248527,9.4500000000000011,-9.2025820091920512,0.92424668755242367,11.25,-8.8022384147515638,-0.91973677051045455,occupied,occupied,1,
63.68882107157944,9.4499999999999993,-9.1483744414026837,0.91256229844756698,11.25,-8.7540782235509091,-0.93011768120495442,occupied,occupied,1,
63.738812296910346,9.425034785138525,-9.0999999999999996,0.92667629862808842,11.25,-8.7056079300709932,-0.9404185410298419,occupied,occupied,1,
63.78880352224126,9.3999999999999986,-9.0525587287428984,0.94117512183392815,11.249999999999998,-8.656186421312178,-0.95081087338325476,occupied,occupied,1,
63.838794747572166,9.4000000000000021,-9.0007286759822964,0.93033972519939667,11.200000000000003,-8.6164624557839389,-0.91022011571464734,occupied,occupied,1,
63.888785972903079,9.4000000000000021,-8.9498764940864799,0.91972019344594036,11.200000000000001,-8.5650789033269259,-0.92095065867682813,occupied,occupied,1,
63.938777198233986,9.3998302242886531,-8.8999999999999986,0.90943191870582929,11.200000000000001,-8.5127202916443512,-0.93192540508786448,occupied,occupied,1,
63.988768423564899,9.3500000000000032,-8.8618328961516735,0.9500690733526187,11.200000000000003,-8.4593539142066643,-0.94320569035905377,occupied,occupied,1,
64.038759648895805,9.3500000000000014,-8.8138724643009194,0.93979974315159465,11.150000000000002,-8.415994207097734,-0.90365004123501658,occupied,occupied,1,
64.088750874226719,9.3499999999999979,-8.7668111734158938,0.92954675614539917,11.149999999999999,-8.3607215485416937,-0.91569273601556855,occupied,occupied,1,
64.138742099557632,9.3500000000000014,-8.7206237201737782,0.91926541233132253,11.150000000000002,-8.3043647641068556,-0.92823871987134265,occupied,occupied,1,
64.188733324888545,9.3000000000000025,-8.6871871497475404,0.96031019869856382,11.100000000000001,-8.2587686459971081,-0.88997151346198111,occupied,occupied,1,
64.238724550219445,9.3000000000000007,-8.6430723565016763,0.9499403241569363,11.100000000000001,-8.200463132932363,-0.90367854842411066,occupied,occupied,1,
64.288715775550358,9.2999999999999989,-8.5998217650522548,0.93943870724485701,11.1,-8.1409408068381186,-0.91813275404849637,occupied,occupied,1,
64.338707000881271,9.3000000000000025,-8.5574151797068332,0.92877055382971507,11.050000000000002,-8.0933806381093838,-0.88170674671717497,occupied,occupied,1,
64.388698226212185,9.3000000000000025,-8.5158318157529234,0.91790262522308252,11.050000000000002,-8.0317499978689977,-0.89781629751958836,occupied,occupied,1,
64.438689451543084,9.25,-8.4895167251484231,0.95885385448041927,11.049999999999999,-7.9686975160351672,-0.91497982239203801,occupied,occupied,1,
64.488680676873997,9.2500000000000036,-8.4502134018035271,0.947690780290802,11.050000000000002,-7.9041131252504098,-0.93332636797005075,occupied,occupied,1,
64.538671902204911,9.2500000000000018,-8.4117279967723775,0.9362635746930722,11.000000000000002,-7.8538138554487382,-0.90051844533241121,occupied,occupied,1,
64.588663127535824,9.2499999999999982,-8.3740318837856815,0.92454506074585996,10.999999999999998,-7.7866234889023689,-0.92140960348059042,occupied,occupied,1,
64.638654352866723,9.25,-8.3370914369334539,0.91250779391361259,11,-7.7175604549282015,-0.94391851425603612,occupied,occupied,1,
64.688645578197637,9.2500000000000018,-8.300866773794553,0.90012331526129041,10.950000000000001,-7.6651535553696766,-0.91485087080310434,occupied,occupied,1,
64.73863680352855,9.1999999999999993,-8.2850871612090682,0.94113037970539715,10.949999999999998,-7.5928991874853562,-0.94078996690009531,occupied,occupied,1,
64.788628028859463,9.1999999999999975,-8.251308782637464,0.92839711249186085,10.949999999999998,-7.5182932077149998,-0.9689198966236191,occupied,occupied,1,
64.838619254190377,9.2000000000000011,-8.2181662069733079,0.91527339974531474,10.9,-7.463309245961427,-0.94478279069305293,occupied,occupied,1,
64.888610479521276,9.2000000000000011,-8.1855842071272775,0.90172203666640094,10.900000000000002,-7.3846460674601548,-0.97750703494073909,occupied,occupied,1,
64.938601704852189,9.1999999999999993,-8.1534732347159089,0.88769837103329619,10.85,-7.3279865401907829,-0.95727541816752093,occupied,occupied,1,
64.988592930183103,9.2000000000000028,-8.1217273161440993,0.87314801565826772,10.839771873698851,-7.25,-0.9839358035285849,occupied,occupied,1,
65.038584155514016,9.182700401880723,-8.0999999999999961,0.87787601645991031,10.800000000000001,-7.1858621866992323,-0.97989305739805554,occupied,occupied,1,
65.088575380844915,9.1500000000000004,-8.0888740961217191,0.90052674124796406,10.75,-7.1268631076055762,-0.96641330653766533,occupied,occupied,1,
65.138566606175829,9.1500000000000021,-8.0593193240418071,0.88494853188676459,10.700000000000003,-7.06754890195268,-0.95518966132885497,occupied,occupied,1,
65.188557831506742,9.1200919968219267,-8.0499999999999989,0.90477688018250946,10.661594416442458,-6.9999999999999991,-0.96035842581969988,occupied,occupied,1,
65.238549056837655,9.0999999999999996,-8.0350324640915662,0.91261300457367422,10.600000000000001,-6.9487166016260646,-0.93943509227591027,occupied,occupied,1,
65.288540282168555,9.1000000000000032,-8.0046309411379735,0.89443006994539254,10.550000000000004,-6.8905057825294982,-0.93416908488443517,occupied,occupied,1,
65.338531507499468,9.1000000000000014,-7.9724212569922086,0.87444682889497805,10.540652331216622,-6.7999999999999989,-0.98298439278917304,occupied,occupied,1,
65.388522732830381,9.0864427113711308,-7.9499999999999984,0.87045002638938129,10.480511058650764,-6.7499999999999982,-0.96895926925065301,occupied,occupied,1,
65.438513958161295,9.0500000000000007,-7.9477450952981226,0.89624907665209108,10.421827726756451,-6.6999999999999975,-0.95814547002299355,occupied,occupied,1,
65.488505183492208,9.0499999999999989,-7.9121439611747482,0.87193656341939785,10.364211764785109,-6.6499999999999986,-0.95019404151250031,occupied,occupied,1,
65.538496408823107,9.0247931282364924,-7.9000000000000004,0.88135110811714601,10.307330381144592,-6.6000000000000005,-0.94482024339865656,occupied,occupied,1,
65.588487634154021,9,-7.8880024058838787,0.88987215236796269,10.250895534730601,-6.5499999999999989,-0.9417910472842016,occupied,occupied,1,
65.638478859484934,8.9987829011755576,-7.8499999999999979,0.862582966958376,10.200000000000003,-6.4939648524020583,-0.94897819403762596,occupied,occupied,1,
65.688470084815847,8.9637666154676534,-7.8499999999999996,0.88544996050487323,10.138378907463501,-6.4499999999999993,-0.94203848993954542,occupied,occupied,1,
65.738461310146747,8.9303829224995326,-7.8499999999999988,0.90656328190012148,10.081864647443908,-6.3999999999999986,-0.94503337041940394,occupied,occupied,1,
65.78845253547766,8.9000000000000004,-7.8480732289401569,0.92361159407916182,10.024920633995055,-6.3499999999999996,-0.94979968806232917,occupied,occupied,1,
65.838443760808573,8.8999999999999986,-7.8051753961919088,0.88895820219149257,9.9673677227196755,-6.2999999999999989,-0.95625908279292438,occupied,occupied,1,
65.888434986139487,8.8727408983843201,-7.799999999999998,0.90015876612760437,9.9090346043425868,-6.2499999999999982,-0.96435313917327548,occupied,occupied,1,
65.938426211470386,8.8500000000000014,-7.7892861428120126,0.90354721248832726,9.8497548262478904,-6.1999999999999984,-0.9740417085325217,occupied,occupied,1,
65.988417436801299,8.8447071744111572,-7.7499999999999982,0.87275550834567406,9.7598436667518538,-6.1999999999999975,-0.92723749153339097,occupied,occupied,1,
66.038408662132213,8.8161094801894446,-7.75,0.88694465594077965,9.7000745802575405,-6.1500000000000004,-0.94100345550505604,occupied,occupied,1,
66.088399887463126,8.7888850991050731,-7.7499999999999991,0.8997656041898775,9.6388352667173969,-6.0999999999999988,-0.95628269459553428,occupied,occupied,1,
66.138391112794039,8.7630042420536096,-7.7499999999999982,0.91127908930189883,9.5520512600406633,-6.0999999999999988,-0.91768105148692114,occupied,occupied,1,
66.188382338124939,8.75,-7.723826560316823,0.89293186183067574,9.4892026026927283,-6.0500000000000007,-0.93685387476521031,occupied,occupied,1,
66.238373563455852,8.7354355015245471,-7.6999999999999984,0.87666880874168818,9.4243606110497176,-5.9999999999999991,-0.95762064675170977,occupied,occupied,1,
66.288364788786765,8.7116275325590582,-7.6999999999999975,0.88526564886111037,9.3388937283630717,-5.9999999999999982,-0.92676715448391622,occupied,occupied,1,
66.338356014117679,8.6890727219650188,-7.7000000000000011,0.89273493379261259,9.2713193309048734,-5.9500000000000011,-0.95158367035959779,occupied,occupied,1,
66.388347239448578,8.6677449040889059,-7.6999999999999993,0.89913665235693907,9.1863553511995342,-5.9499999999999993,-0.92609122269107369,occupied,occupied,1,
66.438338464779491,8.6476162757206083,-7.7000000000000002,0.90453205796098168,9.1022577966069438,-5.9500000000000002,-0.90356055927792489,occupied,occupied,1,
66.488329690110405,8.6286561177724934,-7.6999999999999966,0.9089838962582063,9.0299839680207405,-5.8999999999999968,-0.93521350190308494,occupied,occupied,1,
66.538320915441318,8.6108294600327113,-7.6999999999999984,0.91255639197135974,8.9451871240019827,-5.8999999999999977,-0.9182344337252818,occupied,occupied,1,
66.588312140772217,8.5999999999999979,-7.6590995060204206,0.87399208150314689,8.8608185499764271,-5.8999999999999995,-0.90433786203744781,occupied,occupied,1,
66.638303366103131,8.5823220169138086,-7.6499999999999968,0.86724205820567268,8.7834191430592128,-5.849999999999997,-0.9439564549739119,occupied,occupied,1,
66.688294591434044,8.5626905174193286,-7.6500000000000004,0.8690758188426505,8.7001001844783445,-5.8500000000000014,-0.93616140008489745,occupied,occupied,1,
66.738285816764957,8.5423399718851449,-7.6499999999999986,0.87027453626524143,8.6181083278755448,-5.8499999999999988,-0.93131943679569473,occupied,occupied,1,
66.788277042095856,8.5211716638265482,-7.6499999999999986,0.87081027525611376,8.5372870396399136,-5.8499999999999988,-0.92926186366988073,occupied,occupied,1,
66.83826826742677,8.4991019563508008,-7.6499999999999968,0.87064955144133505,8.4574900713557248,-5.8499999999999979,-0.92983137013846318,occupied,occupied,1,
66.888259492757683,8.4760612055315985,-7.6499999999999986,0.86975557879105447,8.3785813692455964,-5.8499999999999988,-0.93288202163847844,occupied,occupied,1,
66.938250718088597,8.4519925543705234,-7.6500000000000004,0.86809017735670191,8.3004348487658834,-5.8500000000000014,-0.93827903687613101,occupied,occupied,1,
66.98824194341951,8.4268506668797372,-7.6499999999999986,0.86561532624690785,8.2229340555009625,-5.8499999999999988,-0.94589840110825751,occupied,occupied,1,
67.038233168750409,8.4006004525639337,-7.6499999999999977,0.86229437184227486,8.1459717352019414,-5.8499999999999988,-0.95562635902181048,occupied,occupied,1,
67.088224394081323,8.3816537791171957,-7.6999999999999984,0.90879991181174158,8.069449335681032,-5.8499999999999979,-0.96735882734155398,occupied,occupied,1,
67.138215619412236,8.3544396650349118,-7.6999999999999993,0.90392333715239326,7.9999999999999982,-5.8844402353783147,-0.94591036755276492,occupied,occupied,1,
67.188206844743149,8.3260215433597509,-7.7000000000000002,0.89813097578023227,7.9284149302682838,-5.8999999999999995,-0.9452601977838786,occupied,occupied,1,
67.238198070074048,8.2963954870666843,-7.6999999999999993,0.8913950997119654,7.8539453261167891,-5.8999999999999986,-0.96218579815157002,occupied,occupied,1,
67.288189295404962,8.2655623039122137,-7.7000000000000002,0.88369174055007338,7.7795613152848366,-5.9000000000000004,-0.98076446996997713,occupied,occupied,1,
67.338180520735875,8.233526711820975,-7.6999999999999993,0.87500059059538349,7.7198768926929375,-5.9499999999999993,-0.94882399984369348,occupied,occupied,1,
67.388171746066789,8.2002966113261131,-7.6999999999999984,0.86530482028863298,7.6466275592231163,-5.9499999999999984,-0.97019222935667548,occupied,occupied,1,
67.438162971397688,8.1828144256220448,-7.7499999999999973,0.90737996494407813,7.5732632742724331,-5.9499999999999975,-0.99302857168998948,occupied,occupied,1,
67.488154196728601,8.1483126251720268,-7.7499999999999991,0.89599474906898946,7.5177540498652,-5.9999999999999991,-0.96414076128851522,occupied,occupied,1,
67.538145422059515,8.1126258905640807,-7.7499999999999991,0.88358258322653926,7.4450823730405968,-5.9999999999999991,-0.98941350534055272,occupied,occupied,1,
67.588136647390428,8.0958744968363803,-7.8000000000000007,0.92402689039054708,7.3922463125042217,-6.0499999999999998,-0.962131274182767,occupied,occupied,1,
67.638127872721341,8.0588751903489335,-7.7999999999999998,0.90992624179813952,7.3200104398479651,-6.0500000000000007,-0.98965821790162734,occupied,occupied,1,
67.68811909805224,8.0207197946320878,-7.7999999999999972,0.89479126146024035,7.2695106974647814,-6.099999999999997,-0.96378752558832614,occupied,occupied,1,
67.738110323383154,8,-7.8402751602084901,0.92297132872962284,7.220548580444941,-6.1499999999999986,-0.9383654577397792,occupied,occupied,1,
67.788101548714067,7.9650170555130968,-7.8499999999999988,0.91687419684969385,7.1500000000000021,-6.1520067908181648,-0.96658903326786205,occupied,occupied,1,
67.838092774044981,7.9493551210036717,-7.8999999999999977,0.95490465741526998,7.1019688651755164,-6.1999999999999975,-0.94458566016112133,occupied,occupied,1,
67.88808399937588,7.9085783085320003,-7.9000000000000004,0.93644864256913085,7.056211047359092,-6.2499999999999991,-0.92070777193111453,occupied,occupied,1,
67.938075224706793,7.86670633940484,-7.9000000000000004,0.91696963413963406,7.0000000000000027,-6.2781208867070957,-0.92196259324133023,occupied,occupied,1,
67.988066450037707,7.8500000000000014,-7.9475487790129522,0.95077958837967169,6.9407508084896161,-6.2999999999999972,-0.93101505277790375,occupied,occupied,1,
68.03805767536862,7.8082092554372071,-7.9499999999999993,0.93248405239025312,6.8976531723591847,-6.3499999999999988,-0.90847015139385801,occupied,occupied,1,
68.088048900699519,7.7638260332511733,-7.9499999999999993,0.91028621959785405,6.8500000000000005,-6.390092727587537,-0.8975823368997855,occupied,occupied,1,
68.138040126030432,7.747946389490374,-7.9999999999999982,0.94517078209973282,6.7854141202452105,-6.3999999999999986,-0.92203792860677058,occupied,occupied,1,
68.188031351361346,7.7011409224854193,-7.9999999999999973,0.92082378309789548,6.7458830788390012,-6.4499999999999975,-0.89989518144550829,occupied,occupied,1,
68.238022576692259,7.6842050559461921,-8.0500000000000007,0.95430090367243559,6.7000000000000011,-6.4874776952892441,-0.89235432805563575,occupied,occupied,1,
68.288013802023173,7.6347946681439254,-8.0499999999999989,0.9277783909759546,6.6392756593959108,-6.5,-0.9143828660204647,occupied,occupied,1,
68.338005027354072,7.6000000000000005,-8.0748547225983653,0.92971648700966081,6.6000000000000005,-6.5443778347407235,-0.89849561891962926,occupied,occupied,1,
68.387996252684985,7.5643104752501076,-8.0999999999999996,0.9310919444648903,6.5500000000000025,-6.5705378364640428,-0.90414107885672212,occupied,occupied,1,
68.437987478015899,7.544190544681264,-8.1499999999999986,0.96150802231909527,6.5032374059547289,-6.5999999999999979,-0.90559760860397176,occupied,occupied,1,
68.487978703346812,7.4893341444036405,-8.1499999999999986,0.9308111449375176,6.4500000000000011,-6.6182882159496419,-0.92023084624527907,occupied,occupied,1,
68.537969928677711,7.450000000000002,-8.1748746251431754,0.92921762457075685,6.4069536195822101,-6.6499999999999986,-0.91826400567843236,occupied,occupied,1,
68.587961154008624,7.4096395812331171,-8.1999999999999993,0.92710076244052186,6.3500000000000032,-6.6597723441412722,-0.94242786103330978,occupied,occupied,1,
68.637952379339538,7.3852466259732097,-8.2499999999999964,0.95442400536688543,6.315158880477493,-6.6999999999999975,-0.92908011808495994,occupied,occupied,1,
68.687943604670451,7.325127467419061,-8.2499999999999982,0.9202497459492528,6.2883135782386725,-6.7499999999999982,-0.90320385664044933,occupied,occupied,1,
68.73793483000135,7.2983279709693054,-8.3000000000000007,0.94615075623551159,6.2281258662113661,-6.75,-0.9374183412568855,occupied,occupied,1,
68.787926055332264,7.2358173999442368,-8.3000000000000007,0.91067006000657336,6.200000000000002,-6.7946827295340233,-0.91659504686499793,occupied,occupied,1,
68.837917280663177,7.2000000000000002,-8.340495372364833,0.92379242800832939,6.1499999999999995,-6.8057924944242476,-0.93572711304498124,occupied,occupied,1,
68.887908505994091,7.1500000000000021,-8.3617352653515535,0.91318164269512048,6.1236377162441755,-6.8499999999999979,-0.91404659975955793,occupied,occupied,1,
68.93789973132499,7.1108339565626828,-8.4000000000000004,0.92295110451567408,6.0680484885648109,-6.8500000000000005,-0.94517671024099836,occupied,occupied,1,
68.987890956655903,7.0499999999999998,-8.4069597326968459,0.89489822138425701,6.0468209924268157,-6.9000000000000004,-0.91543206815002309,occupied,occupied,1,
69.037882181986816,7.012554004085283,-8.4499999999999993,0.91012490550996528,5.993041463413185,-6.8999999999999986,-0.94511249724680246,occupied,occupied,1,
69.08787340731773,6.9787148644533099,-8.5,0.93347210541574366,5.9499999999999993,-6.9147998607902661,-0.9562669648523594,occupied,occupied,1,
69.137864632648643,6.9118448830420895,-8.5,0.89725831850693794,5.9208898753709924,-6.9500000000000002,-0.94244052294196168,occupied,occupied,1,
69.187855857979542,6.8763628505298637,-8.5499999999999989,0.920480803195868,5.9000000000000012,-6.9975373179023439,-0.91348342633551516,occupied,occupied,1,
69.237847083310456,6.8089016776279951,-8.5500000000000007,0.88479302854190556,5.8513963781968945,-7,-0.93710609008092394,occupied,occupied,1,
69.287838308641369,6.771801461793479,-8.5999999999999996,0.90808045567304585,5.8024187565186365,-7,-0.9626688138139079,occupied,occupied,1,
69.337829533972283,6.7335898920094071,-8.6500000000000004,0.93131173758278629,5.7842932847956199,-7.0500000000000007,-0.92910865804493492,occupied,occupied,1,
69.387820759303182,6.6652376661564769,-8.6500000000000004,0.89672028402808035,5.7500000000000009,-7.072351063109295,-0.92718655395019811,occupied,occupied,1,
69.437811984634095,6.6254267012920298,-8.6999999999999993,0.92029840139320274,5.7192488037570692,-7.0999999999999988,-0.91849424107110722,occupied,occupied,1,
69.487803209965008,6.584473702472355,-8.7499999999999982,0.9439493065246336,5.6735781380015284,-7.0999999999999979,-0.94078694276135832,occupied,occupied,1,
69.537794435295922,6.5155025997857559,-8.7499999999999964,0.91095780714415919,5.650000000000003,-7.1390648910503529,-0.91775941415674489,occupied,occupied,1,
69.587785660626821,6.4732485871807128,-8.7999999999999989,0.93535956382499352,5.6113745472563261,-7.1499999999999986,-0.9261792782880528,occupied,occupied,1,
69.637776885957734,6.4302791883375221,-8.8499999999999996,0.96014167075288781,5.5928563818625037,-7.1999999999999993,-0.89020342052184365,occupied,occupied,1,
69.687768111288648,6.3619287724655855,-8.8499999999999979,0.92956684095690389,5.5488269015098135,-7.1999999999999975,-0.90989901970802778,occupied,occupied,1,
69.737759336619561,6.3181827908765626,-8.9000000000000004,0.95544372237189124,5.5053996823533788,-7.2000000000000002,-0.92886420933688563,occupied,occupied,1,
69.787750561950475,6.2504635258217993,-8.8999999999999986,0.92659916132405629,5.4857451215567021,-7.25,-0.89199761581532799,occupied,occupied,1,
69.837741787281374,6.205819042726854,-8.9499999999999993,0.95356267726519739,5.4427835364741295,-7.2499999999999991,-0.90982756200363313,occupied,occupied,1,
69.887733012612287,6.1603135906692001,-8.9999999999999982,0.98092313838640643,5.400418126183725,-7.2499999999999982,-0.92693983283180925,occupied,occupied,1,
69.9377242379432,6.0929353180714516,-8.9999999999999982,0.95446844693526134,5.379627066858621,-7.299999999999998,-0.88911736914390993,occupied,occupied,1,
69.987715463274114,6.0463425990471604,-9.0499999999999989,0.9829367088865083,5.3377169948474581,-7.2999999999999998,-0.90509142833162948,occupied,occupied,1,
70.037706688605013,5.9792778930332267,-9.0499999999999989,0.9581597114873569,5.3000000000000016,-7.3092305003671907,-0.91044856924339002,occupied,occupied,1,
70.087697913935926,5.9314640837537258,-9.0999999999999996,0.98776104561103395,5.2744418510715505,-7.3499999999999996,-0.88151106252054257,occupied,occupied,1,
70.13768913926684,5.8645862735138179,-9.0999999999999979,0.96466319827504976,5.2335611781633116,-7.3499999999999996,-0.89563050728923899,occupied,occupied,1,
70.187680364597753,5.7981271806180343,-9.0999999999999996,0.94253443907040435,5.1932663540953268,-7.3499999999999996,-0.90904775447697772,occupied,occupied,1,
70.237671589928652,5.7485877740186577,-9.1500000000000004,0.97403403932087873,5.1535571048863664,-7.3499999999999996,-0.92176697798236773,occupied,occupied,1,
70.287662815259566,5.6821239811205597,-9.1499999999999986,0.95360616764713702,5.1302025738400863,-7.4000000000000004,-0.88136446966956294,occupied,occupied,1,
70.337654040590479,5.6159895126632753,-9.1499999999999986,0.93415487551931042,5.090897949090909,-7.3999999999999977,-0.8929250762438502,occupied,occupied,1,
70.387645265921392,5.5643844325101428,-9.1999999999999993,0.96766858736517081,5.0521712811681283,-7.3999999999999986,-0.90379135407298805,occupied,occupied,1,
70.437636491252306,5.4980409816748033,-9.1999999999999993,0.9499735821999421,5.0140219907735242,-7.3999999999999977,-0.91396697038028818,occupied,occupied,1,
70.487627716583205,5.4319322812990034,-9.1999999999999993,0.93327932778584699,4.9764494125584964,-7.3999999999999986,-0.92345561391048581,occupied,occupied,1,
70.537618941914118,5.3660282619047734,-9.2000000000000011,0.91759481906304952,4.9394527038957596,-7.4000000000000004,-0.93226104199496895,occupied,occupied,1,
70.587610167245032,5.3113333083773231,-9.2499999999999982,0.95413418245232029,4.9030307473088133,-7.3999999999999977,-0.94038712420408799,occupied,occupied,1,
70.637601392575945,5.2449191708675258,-9.2499999999999982,0.94033195571063821,4.8773911570015569,-7.4499999999999984,-0.89680626472250635,occupied,occupied,1,
70.687592617906844,5.1786014525565296,-9.2499999999999982,0.92758828432357388,4.8412747929315554,-7.4499999999999975,-0.90374709601879966,occupied,occupied,1,
70.737583843237758,5.1123451157369448,-9.2499999999999982,0.91592055462794264,4.805713376156123,-7.4499999999999984,-0.91001017344428048,occupied,occupied,1,
70.787575068568671,5.0500000000000016,-9.2754002571680942,0.93104424008678599,4.7707026527749434,-7.4499999999999993,-0.91559950114656263,occupied,occupied,1,
70.837566293899584,4.9866361821408747,-9.3000000000000007,0.94634964665654964,4.7362374513229213,-7.4500000000000002,-0.92051926261245509,occupied,occupied,1,
70.887557519230484,4.9194383295211823,-9.2999999999999989,0.9379242377318342,4.7023115231388166,-7.4500000000000002,-0.92477381886504861,occupied,occupied,1,
70.937548744561397,4.852127025912977,-9.2999999999999972,0.93068200406243062,4.6689173690511607,-7.4499999999999984,-0.92836769359694671,occupied,occupied,1,
70.98753996989231,4.7846565386398998,-9.2999999999999972,0.92465379862979402,4.6360460514461828,-7.4499999999999984,-0.93130554276320965,occupied,occupied,1,
71.037531195223224,4.7169784908526777,-9.3000000000000007,0.91987355717219432,4.6036869908931903,-7.4500000000000002,-0.93359210583941699,occupied,occupied,1,
71.087522420554123,4.6494683170221345,-9.3000000000000007,0.91638887654263657,4.5713923329991735,-7.4500000000000002,-0.93525792003633101,occupied,occupied,1,
71.137513645885036,4.582562486046128,-9.2999999999999989,0.91418645674482546,4.5386412165107899,-7.4499999999999975,-0.93633484221868546,occupied,occupied,1,
71.18750487121595,4.5162364958523877,-9.3000000000000007,0.91320716478649577,4.5053841067203244,-7.4499999999999993,-0.93682466584504109,occupied,occupied,1,
71.237496096546863,4.4504678039982597,-9.2999999999999989,0.91339199490708145,4.4715767886069173,-7.4499999999999975,-0.93672843069532008,occupied,occupied,1,
71.287487321877776,4.3852362059175531,-9.2999999999999989,0.91468223347198119,4.4371800513059041,-7.4499999999999984,-0.93604685612317873,occupied,occupied,1,
71.337478547208676,4.3205238925035241,-9.2999999999999989,0.91701958392556537,4.4021596196535393,-7.4499999999999984,-0.93478072710889126,occupied,occupied,1,
71.387469772539589,4.2563154837470636,-9.2999999999999989,0.92034627121322354,4.3664860398130836,-7.4499999999999984,-0.93293124481720058,occupied,occupied,1,
71.437460997870502,4.1925980400605862,-9.2999999999999989,0.92460512731146582,4.3301345260319328,-7.4499999999999993,-0.93050033733827897,occupied,occupied,1,
71.487452223201416,4.1293610532323974,-9.3000000000000007,0.92973965978999096,4.2930847755679871,-7.4499999999999993,-0.92749092827801261,occupied,occupied,1,
71.537443448532315,4.0665964191367987,-9.2999999999999989,0.93569410548859311,4.2553207585561887,-7.4499999999999975,-0.92390716260338346,occupied,occupied,1,
71.587434673863228,4.0042983944092061,-9.2999999999999989,0.94241347144561882,4.2168304891339679,-7.4499999999999984,-0.91975459059606901,occupied,occupied,1,
71.637425899194142,3.9424635392954985,-9.2999999999999989,0.94984356518438329,4.177605783562484,-7.4499999999999993,-0.91504031190794488,occupied,occupied,1,
71.687417124525055,3.8810906488140824,-9.2999999999999972,0.95793101637175493,4.1376420104187481,-7.4499999999999975,-0.90977308255323508,occupied,occupied,1,
71.737408349855954,3.8201806742445488,-9.3000000000000007,0.96662329172781913,4.0969378372360632,-7.4500000000000002,-0.90396338823841815,occupied,occupied,1,
71.787399575186868,3.7597366367911409,-9.2999999999999989,0.97586870490443489,4.0554949772708868,-7.4499999999999984,-0.89762348775699496,occupied,occupied,1,
71.837390800517781,3.708237978437678,-9.2499999999999982,0.93490334576461409,4.0133179394011051,-7.4499999999999975,-0.89076743030139094,occupied,occupied,1,
71.887382025848694,3.6491911002349,-9.25,0.94502653723103291,3.9704137835313835,-7.4499999999999984,-0.88341105050998558,occupied,occupied,1,
71.937373251179608,3.590598148476476,-9.25,0.9555550925547166,3.9267918833100057,-7.4500000000000002,-0.87557194491191415,occupied,occupied,1,
71.987364476510507,3.532469488144494,-9.25,0.96644154363921142,3.8921857588226989,-7.4000000000000004,-0.91820584921459136,occupied,occupied,1,
72.03735570184142,3.4848899938397881,-9.1999999999999993,0.92663467464396609,3.8475154807208298,-7.3999999999999995,-0.90952905545629736,occupied,occupied,1,
72.087346927172334,3.42804565498527,-9.1999999999999993,0.93803388003049082,3.8021347885057488,-7.3999999999999977,-0.90042816195408726,occupied,occupied,1,
72.137338152503247,3.3716733560748771,-9.1999999999999993,0.9496582829736997,3.75606016687586,-7.3999999999999995,-0.89092673824041224,occupied,occupied,1,
72.187329377834146,3.3157891734230853,-9.1999999999999993,0.96146419069375422,3.7093093691771633,-7.3999999999999986,-0.88104989187558369,occupied,occupied,1,
72.23732060316506,3.2715628508704384,-9.1500000000000004,0.92218000573602021,3.6730537612441148,-7.3499999999999996,-0.92205288387219986,occupied,occupied,1,
72.287311828495973,3.2168967420942192,-9.1499999999999986,0.93417950262727667,3.6251972024395367,-7.3499999999999988,-0.91154779735996705,occupied,occupied,1,
72.337303053826886,3.1627411717624496,-9.1500000000000004,0.94624080703934887,3.5766913543356802,-7.3499999999999988,-0.90074450791375404,occupied,occupied,1,
72.387294279157786,3.1091161521161337,-9.1499999999999986,0.95832380012324236,3.5275573532143341,-7.3499999999999979,-0.88967323417538058,occupied,occupied,1,
72.437285504488699,3.0677583422978421,-9.0999999999999996,0.91903491362251377,3.4895327333393933,-7.2999999999999998,-0.92971970420497663,occupied,occupied,1,
72.487276729819612,3.015317557034511,-9.0999999999999979,0.93103052778598139,3.439267907283408,-7.299999999999998,-0.91822172636329036,occupied,occupied,1,
72.537267955150526,2.9634167629719261,-9.0999999999999979,0.94294523948437892,3.3884295936535853,-7.2999999999999989,-0.90655088277271723,occupied,occupied,1,
72.587259180481439,2.9116625056589913,-9.0999999999999996,0.95484831748160059,3.3374276849575706,-7.2999999999999989,-0.89482083885505459,occupied,occupied,1,
72.637250405812338,2.8717504663391007,-9.0499999999999989,0.91538797222133361,3.2982596517902016,-7.2499999999999991,-0.93445258449542346,occupied,occupied,1,
72.687241631143252,2.8200062692088963,-9.0499999999999989,0.92732815234755528,3.2472511194407918,-7.2499999999999982,-0.92268216169117334,occupied,occupied,1,
72.737232856474165,2.76825686926722,-9.0499999999999989,0.93928890346803529,3.19622904394003,-7.2499999999999991,-0.91088951557542952,occupied,occupied,1,
72.787224081805078,2.7165024115928689,-9.0499999999999989,0.95126996980596035,3.1451935713374897,-7.2499999999999973,-0.89907489276511998,occupied,occupied,1,
72.837215307135978,2.6766708698297936,-9,0.91186804998151649,3.1000000000000019,-7.2254559179166087,-0.91247135147530911,occupied,occupied,1,
72.887206532466891,2.6249262429477298,-9,0.92388444836707073,3.0550303583049994,-7.2000000000000002,-0.92678828068235763,occupied,occupied,1,
72.937197757797804,2.5731767656346793,-9,0.93592044051777379,3.0039748531668602,-7.2000000000000002,-0.9149136936556217,occupied,occupied,1,
72.987188983128718,2.5214225854015346,-8.9999999999999982,0.94797577022281287,2.9529063090072012,-7.1999999999999975,-0.90301807194323125,occupied,occupied,1,
73.037180208459617,2.4816683232429662,-8.9499999999999993,0.90862929653615598,2.9018248745870334,-7.1999999999999993,-0.89110166325681761,occupied,occupied,1,
73.08717143379053,2.4299237644335032,-8.9499999999999993,0.92071819071115857,2.8627537544669313,-7.1499999999999995,-0.93058994146790586,occupied,occupied,1,
73.137162659121444,2.3781747172376919,-8.9499999999999993,0.93282570065036219,2.8116653387615087,-7.1499999999999995,-0.91863699650264974,occupied,occupied,1,
73.187153884452357,2.3264213315024564,-8.9499999999999993,0.94495156970248761,2.7605642506870018,-7.1499999999999995,-0.90666396119966952,occupied,occupied,1,
73.23714510978327,2.2867411710694578,-8.9000000000000004,0.90565757923814749,2.7094506410671717,-7.1500000000000004,-0.89467108409689744,occupied,occupied,1,
73.28713633511417,2.234997216477677,-8.8999999999999986,0.91781524737377584,2.6704197310737365,-7.0999999999999979,-0.93410072432071689,occupied,occupied,1,
73.337127560445083,2.1832491447987761,-8.8999999999999986,0.9299905524328308,2.6192989577764481,-7.0999999999999979,-0.92207301002874564,occupied,occupied,1,
73.387118785775996,2.131497108121132,-8.8999999999999986,0.94218323731779208,2.5681658869119652,-7.0999999999999979,-0.91002615213327132,occupied,occupied,1,
73.43711001110691,2.0918879094165264,-8.8499999999999996,0.90293878240934611,2.5170206712691439,-7.0999999999999988,-0.89796039999938515,occupied,occupied,1,
73.487101236437809,2.0401451317660704,-8.8499999999999996,0.91516150287917175,2.4780268450364806,-7.0499999999999998,-0.93733421771416581,occupied,occupied,1,
73.537092461768722,1.9883986171780073,-8.8499999999999979,0.92740088052713343,2.4268742992332353,-7.049999999999998,-0.92523532870386294,occupied,occupied,1,
73.587083687099636,1.9366485198890822,-8.8499999999999996,0.93965665780436514,2.3757098383970425,-7.0500000000000007,-0.91311824525589258,occupied,occupied,1,
73.637074912430549,1.8971071786185434,-8.7999999999999972,0.90045880492508612,2.3245336171854167,-7.0499999999999963,-0.90098321756299915,occupied,occupied,1,
73.687066137761448,1.8453661854885413,-8.7999999999999989,0.91274285588148329,2.2855737794298467,-6.9999999999999991,-0.94030402041808681,occupied,occupied,1,
73.737057363092362,1.793621844021372,-8.8000000000000007,0.92504258330469014,2.2343900765422924,-6.9999999999999991,-0.92813755764211425,occupied,occupied,1,
73.787048588423275,1.7418743105102943,-8.7999999999999989,0.93735772918999949,2.1831948484763237,-6.9999999999999982,-0.91595385206951085,occupied,occupied,1,
73.837039813754188,1.7000000000000006,-8.7597676109993934,0.90826116484104436,2.1442622658272574,-6.9499999999999993,-0.95523763222334401,occupied,occupied,1,
73.887031039085088,1.6506591880346009,-8.7499999999999982,0.9105452168308501,2.0930593359632641,-6.9499999999999993,-0.94302374354998819,occupied,occupied,1,
73.937022264416001,1.59891766847349,-8.75,0.92290157052652688,2.0418451199924679,-6.9499999999999993,-0.93079331464446546,occupied,occupied,1,
73.987013489746914,1.5471733554907316,-8.75,0.93527236048866014,1.9906197756106787,-6.9499999999999993,-0.9185465971005643,occupied,occupied,1,
74.037004715077828,1.4999999999999991,-8.7314566164591554,0.92855824909400997,1.9499999999999991,-6.9069558131930062,-0.95061794837093905,occupied,occupied,1,
74.086995940408741,1.4560230777492638,-8.6999999999999993,0.9085545057018215,1.9004824275174181,-6.9000000000000004,-0.94550701258615821,occupied,occupied,1,
74.13698716573964,1.4042850599490424,-8.7000000000000011,0.92096376108488387,1.8492383693043417,-6.9000000000000004,-0.93321623220223859,occupied,occupied,1,
74.186978391070554,1.3525446549252738,-8.6999999999999993,0.93338646945499082,1.7979835859577757,-6.8999999999999995,-0.92091011989617866,occupied,occupied,1,
74.236969616401467,1.3008020232742721,-8.6999999999999975,0.94582237172404315,1.7500000000000011,-6.8867527286531383,-0.92223664483333534,occupied,occupied,1,
74.28696084173238,1.2614569137435128,-8.6499999999999986,0.90675664977994475,1.7078420707401225,-6.8499999999999996,-0.94776746933710987,occupied,occupied,1,
74.33695206706328,1.2097231069575709,-8.6499999999999968,0.91921508080207959,1.656568866241575,-6.849999999999997,-0.93541995946597822,occupied,occupied,1,
74.386943292394193,1.1579873263360061,-8.6499999999999986,0.93168598039543282,1.6052853459980407,-6.8499999999999988,-0.92305807698649489,occupied,occupied,1,
74.436934517725106,1.1062497342424151,-8.6499999999999986,0.94416908900803964,1.5539916712031889,-6.8499999999999988,-0.91068207540202906,occupied,occupied,1,
74.48692574305602,1.0669598687531836,-8.5999999999999979,0.9051375815026349,1.5151373786950482,-6.7999999999999963,-0.94981877389166169,occupied,occupied,1,
74.536916968386919,1.0152310099750004,-8.5999999999999996,0.91764146028289373,1.4638357472733283,-6.8000000000000007,-0.93741816418379731,occupied,occupied,1,
74.586908193717832,0.96350059755639028,-8.5999999999999979,0.93015682203183003,1.412524215210756,-6.7999999999999989,-0.92500414381760587,occupied,occupied,1,
74.636899419048746,0.91176879554059564,-8.5999999999999996,0.94268340673146844,1.3612029451057595,-6.7999999999999989,-0.91257696712319891,occupied,occupied,1,
74.686890644379659,0.87253122204083344,-8.5499999999999972,0.90368323635029468,1.3223675535575321,-6.7499999999999973,-0.95167460653403679,occupied,occupied,1,
74.736881869710572,0.82080807435661729,-8.5499999999999989,0.91622883281636591,1.2710382362821608,-6.7499999999999991,-0.93922453461368161,occupied,occupied,1,
74.786873095041472,0.76908379965472606,-8.5500000000000007,0.92878492541384461,1.2196994387934017,-6.7500000000000009,-0.9267620166591265,occupied,occupied,1,
74.836864320372385,0.71735856357112926,-8.5499999999999989,0.94135125365707595,1.1683513250044151,-6.7499999999999991,-0.91428730782660428,occupied,occupied,1,
74.886855545703298,0.67817035233385192,-8.4999999999999982,0.90237955078403953,1.1295318793504359,-6.6999999999999984,-0.95334866963799836,occupied,occupied,1,
74.936846771034212,0.62645370328481942,-8.4999999999999982,0.91496313232343163,1.0781756373104305,-6.6999999999999993,-0.94085278141366024,occupied,occupied,1,
74.986837996365111,0.57473635989104566,-8.5,0.92755622187636566,1.026810340418095,-6.7000000000000002,-0.92834541449059726,occupied,occupied,1,
75.036829221696024,0.52301848929509109,-8.4999999999999982,0.94015855848823571,0.97543615381212379,-6.6999999999999984,-0.9158268248505036,occupied,occupied,1,
75.086820447026938,0.48387673079278304,-8.4500000000000011,0.90121246022624446,0.93662971471374068,-6.6500000000000004,-0.95485468954213892,occupied,occupied,1,
75.136811672357851,0.43216739074513644,-8.4499999999999993,0.91383029134672666,0.88524732733843414,-6.6499999999999986,-0.94231663951391664,occupied,occupied,1,
75.18680289768875,0.38045779470071039,-8.4499999999999993,0.92645664103832492,0.83385631501812651,-6.6499999999999986,-0.929768080870642,occupied,occupied,1,
75.236794123019664,0.32874811122301073,-8.4499999999999975,0.93909124787667053,0.78245684402838878,-6.6499999999999968,-0.91720927041875444,occupied,occupied,1,
75.286785348350577,0.28964991399825202,-8.4000000000000004,0.90016789708157585,0.74366048569604704,-6.6000000000000014,-0.95620641840906828,occupied,occupied,1,
75.33677657368149,0.23794871451953856,-8.4000000000000004,0.91281623908002274,0.69225274908306544,-6.5999999999999996,-0.94362986997369869,occupied,occupied,1,
75.386767799012404,0.18624770269348598,-8.3999999999999986,0.9254721088404948,0.64083682159315236,-6.5999999999999988,-0.93104378579169944,occupied,occupied,1,
75.436759024343303,0.13454704841926299,-8.3999999999999968,0.93813524446845942,0.58941287055050751,-6.5999999999999979,-0.91844842349351241,occupied,occupied,1,
75.486750249674216,0.095489536980540468,-8.3499999999999996,0.89923178878745058,0.54999999999999938,-6.5524665727359572,-0.954873435606725,occupied,occupied,1,
75.53674147500513,0.043797329220124276,-8.3499999999999996,0.91190689942654979,0.49919140383969196,-6.5500000000000007,-0.94480626183412586,occupied,occupied,1,
75.586732700336043,-0.0078942423091825364,-8.3499999999999996,0.92458854561154891,0.4477513760553784,-6.5499999999999989,-0.93218632753134922,occupied,occupied,1,
75.636723925666942,-0.059585006457460815,-8.3499999999999996,0.93727646497771289,0.3963037635236582,-6.5499999999999989,-0.91955809162524393,occupied,occupied,1,
75.686715150997856,-0.099999999999999395,-8.3055062960392334,0.90407038824864694,0.3500000000000007,-6.5296715651282531,-0.92789276408539378,occupied,occupied,1,
75.736706376328769,-0.15028704072195059,-8.2999999999999989,0.91108818910187905,0.30606284428236197,-6.5,-0.94585963395170558,occupied,occupied,1,
75.786697601659682,-0.20196829828108967,-8.3000000000000007,0.92379186417746451,0.25459954403456375,-6.5,-0.93320953448565214,occupied,occupied,1,
75.836688826990581,-0.25364829415727963,-8.3000000000000007,0.93650081830234466,0.20312910115033103,-6.5000000000000009,-0.92055211278605131,occupied,occupied,1,
75.886680052321495,-0.29999999999999971,-8.2790179637200314,0.92756712723036561,0.15165168501477133,-6.4999999999999991,-0.90788762835890024,occupied,occupied,1,
75.936671277652408,-0.34430460800549983,-8.25,0.91034601575012575,0.11286666732828743,-6.4500000000000002,-0.94680383684398328,occupied,occupied,1,
75.986662502983322,-0.39597466194213016,-8.25,0.9230679679845829,0.061380933741313426,-6.4499999999999993,-0.93412726701440796,occupied,occupied,1,
76.036653728314221,-0.4476429957924879,-8.2499999999999982,0.93579420365392441,0.0098885025517491953,-6.4499999999999993,-0.92144435721463547,occupied,occupied,1,
76.086644953645134,-0.4993094358777721,-8.25,0.94852445931556351,-0.041610456089447995,-6.4499999999999993,-0.9087553677700787,occupied,occupied,1,
76.136636178976048,-0.53825552945251309,-8.1999999999999993,0.90966627609433603,-0.080397493039194884,-6.4000000000000004,-0.94765275452702102,occupied,occupied,1,
76.186627404306961,-0.5899134757512674,-8.1999999999999993,0.92240274925527788,-0.1319048112091499,-6.3999999999999986,-0.93495341927989428,occupied,occupied,1,
76.236618629637874,-0.64156923983051317,-8.1999999999999993,0.93514250871846383,-0.18341837940778508,-6.3999999999999995,-0.92224872925647738,occupied,occupied,1,
76.286609854968773,-0.69322264703384728,-8.1999999999999993,0.94788529057583604,-0.23493802680575496,-6.3999999999999986,-0.90953894560113546,occupied,occupied,1,
76.336601080299687,-0.73213991300071202,-8.1499999999999986,0.90903485410500617,-0.27372997294479851,-6.3499999999999996,-0.94842030636107166,occupied,occupied,1,
76.3865923056306,-0.78378483490248874,-8.1499999999999986,0.92178208716151599,-0.32525801897400419,-6.3499999999999979,-0.93570192109414485,occupied,occupied,1,
76.436583530961514,-0.83542710909383866,-8.1499999999999986,0.93453160783489464,-0.37679186530132536,-6.3499999999999988,-0.92297916921287793,occupied,occupied,1,
76.486574756292413,-0.88706656002573037,-8.1499999999999986,0.9472831517530319,-0.42833134050677724,-6.3499999999999979,-0.91025231268017792,occupied,occupied,1,
76.536565981623326,-0.92595782471833099,-8.0999999999999996,0.90843761918719057,-0.46713108581550067,-6.3000000000000007,-0.94912044890441138,occupied,occupied,1,
76.58655720695424,-0.97758879434446422,-8.0999999999999996,0.92119184601627391,-0.51867899668139117,-6.2999999999999989,-0.93638673977523001,occupied,occupied,1,
76.636548432285153,-1.0292166477850964,-8.0999999999999979,0.93394736019073654,-0.57023225634275643,-6.2999999999999989,-0.9236496551997635,occupied,occupied,1,
76.686539657616052,-1.0808412086837635,-8.0999999999999979,0.94670389687610468,-0.62179069287691058,-6.299999999999998,-0.9109094579592163,occupied,occupied,1,
76.736530882946965,-1.119709295846179,-8.0499999999999989,0.90786042438224079,-0.66060112959995432,-6.2499999999999991,-0.94976717777971353,occupied,occupied,1,
76.786522108277879,-1.1713253758295235,-8.0499999999999989,0.92061787347899671,-0.71216803765623315,-6.2499999999999982,-0.93702188201677294,occupied,occupied,1,
76.836513333608792,-1.2229378685434027,-8.0500000000000007,0.93337560803112862,-0.76373984161946196,-6.2499999999999991,-0.92427420502052504,occupied,occupied,1,
76.886504558939706,-1.2745465969094645,-8.0499999999999989,0.94613336274374116,-0.81531636915251238,-6.2499999999999982,-0.91152441039040188,occupied,occupied,1,
76.936495784270605,-1.3133943298751374,-8,0.90728910458108547,-0.85414039402131858,-6.2000000000000011,-0.95037452955648938,occupied,occupied,1,
76.986487009601518,-1.364994575000001,-7.9999999999999991,0.92004599877189719,-0.90572542868141337,-6.2000000000000002,-0.93762139577433889,occupied,occupied,1,
77.036478234932432,-1.4165907595398919,-7.9999999999999982,0.93280217487802508,-0.95731490536220165,-6.1999999999999984,-0.92486687805649737,occupied,occupied,1,
77.086469460263345,-1.4681827057807901,-8,0.94555736714637928,-1.0089086514010146,-6.2000000000000002,-0.91211124082072426,occupied,occupied,1,
77.136460685594244,-1.5070129096666531,-7.9500000000000002,0.90670947474549934,-1.0499999999999989,-6.158821723692288,-0.9418522410537451,occupied,occupied,1,
77.186451910925157,-1.5585963685194695,-7.9499999999999993,0.91946203090366552,-1.0993514573018754,-6.1499999999999986,-0.93819937217259342,occupied,occupied,1,
77.236443136256071,-1.6101752916204277,-7.9499999999999993,0.93221286375625445,-1.1509577342601973,-6.1499999999999995,-0.9254417771788942,occupied,occupied,1,
77.286434361586984,-1.6617495007066654,-7.9499999999999993,0.94496170709442417,-1.2025678258473378,-6.1499999999999986,-0.91268406390892232,occupied,occupied,1,
77.336425586917883,-1.7005650046242644,-7.8999999999999986,0.90610732813416406,-1.2499999999999998,-6.1336066313247271,-0.91684477115205565,occupied,occupied,1,
77.386416812248797,-1.7521307212570782,-7.8999999999999995,0.91885175689726073,-1.2930464191798738,-6.1000000000000005,-0.93876994743699671,occupied,occupied,1,
77.43640803757971,-1.8036914255031589,-7.8999999999999986,0.93159345542291561,-1.3446686248291089,-6.0999999999999988,-0.92601305068612749,occupied,occupied,1,
77.486399262910624,-1.8552469386385162,-7.8999999999999986,0.94433215704925133,-1.3962941902553527,-6.0999999999999988,-0.91325704006847019,occupied,occupied,1,
77.536390488241537,-1.8999999999999995,-7.873337466237138,0.92955230783576059,-1.447922942351946,-6.1000000000000005,-0.90050218184810449,occupied,occupied,1,
77.586381713572436,-1.9455975935331471,-7.8500000000000005,0.91820094001840813,-1.4868106255094951,-6.0499999999999998,-0.93934730485393925,occupied,occupied,1,
77.636372938903349,-1.9971391190392436,-7.8499999999999996,0.93092970659681296,-1.5384478908401877,-6.0499999999999998,-0.92659489427036201,occupied,occupied,1,
77.686364164234263,-2.0486749753461444,-7.8499999999999979,0.9436544671532745,-1.5900880613716815,-6.049999999999998,-0.91384437744088098,occupied,occupied,1,
77.736355389565176,-2.0999999999999988,-7.8491952219542629,0.95554448120611835,-1.6417309639637858,-6.049999999999998,-0.90109602144715883,occupied,occupied,1,
77.786346614896075,-2.1389969484321796,-7.7999999999999989,0.91749531800079631,-1.6806444104965861,-5.9999999999999982,-0.93994567676377561,occupied,occupied,1,
77.836337840226989,-2.1905183345496551,-7.7999999999999972,0.93020734818549877,-1.7322958708234961,-5.9999999999999982,-0.92720155301619123,occupied,occupied,1,
77.886329065557902,-2.2420335727753264,-7.7999999999999989,0.94291436145791219,-1.7839497824491921,-5.9999999999999982,-0.91446033390098624,occupied,occupied,1,
77.936320290888816,-2.2935424836338321,-7.7999999999999998,0.95561609015053162,-1.8356059722969085,-5.9999999999999991,-0.90172228731746085,occupied,occupied,1,
77.986311516219715,-2.3323287592073907,-7.7499999999999982,0.91672060126831367,-1.8745481389281324,-5.9499999999999993,-0.9405793465869754,occupied,occupied,1,
78.036302741550628,-2.3838290462233109,-7.7499999999999982,0.92941208350073767,-1.9262129356302851,-5.9499999999999984,-0.92784732344119247,occupied,occupied,1,
78.086293966881541,-2.4353227064621423,-7.75,0.94209753613751834,-1.9778797308250273,-5.9500000000000002,-0.91511921910666649,occupied,occupied,1,
78.136285192212455,-2.4868095602724862,-7.7499999999999982,0.95477669106967422,-2.0295483515832271,-5.9499999999999984,-0.90239530230411213,occupied,occupied,1,
78.186276417543354,-2.5255930167343408,-7.7000000000000002,0.9158624711380956,-2.0685222137884551,-5.9000000000000004,-0.94126265090015782,occupied,occupied,1,
78.236267642874267,-2.5770712476418636,-7.6999999999999984,0.92852958647261796,-2.1201994961199069,-5.8999999999999977,-0.9285465555686131,occupied,occupied,1,
78.286258868205181,-2.6285423730830102,-7.6999999999999984,0.94118965770305096,-2.1718783256321892,-5.8999999999999977,-0.91583539657978441,occupied,occupied,1,
78.336250093536094,-2.6673271110032477,-7.6500000000000004,0.90225986462363428,-2.2235585296437472,-5.8999999999999995,-0.90312944347637358,occupied,occupied,1,
78.386241318867008,-2.7187897371171066,-7.6499999999999986,0.91490657802406572,-2.2625670840257799,-5.8499999999999988,-0.94200998154281157,occupied,occupied,1,
78.436232544197907,-2.7702449836903416,-7.6499999999999995,0.92754550592008789,-2.3142559865262999,-5.8499999999999996,-0.92931366093524137,occupied,occupied,1,
78.48622376952882,-2.8216932137914923,-7.6499999999999986,0.94017652553384878,-2.3659454352569327,-5.8499999999999979,-0.91662341997433316,occupied,occupied,1,
78.536214994859733,-2.8604817414352754,-7.5999999999999988,0.90122338488185316,-2.4176350594998159,-5.8499999999999979,-0.90393953953833539,occupied,occupied,1,
78.586206220190647,-2.9119230515272565,-7.5999999999999988,0.91383977417548912,-2.4566790406091092,-5.799999999999998,-0.94283658681929794,occupied,occupied,1,
78.636197445521546,-2.9633573492914524,-7.6000000000000005,0.92644770072166127,-2.5083758528393183,-5.7999999999999998,-0.93016431101203023,occupied,occupied,1,
78.686188670852459,-3.0147845018878581,-7.6000000000000014,0.93904694899907903,-2.5600725815579981,-5.8000000000000007,-0.9174990187835852,occupied,occupied,1,
78.736179896183373,-3.0535811750557507,-7.5499999999999989,0.9000684645194883,-2.6117690744738233,-5.7999999999999998,-0.90484093271368393,occupied,occupied,1,
78.786171121514286,-3.1050015234239936,-7.5499999999999998,0.91265164158813339,-2.6508498552439201,-5.75,-0.94375718669047115,occupied,occupied,1,
78.836162346845185,-3.1564145313380783,-7.5500000000000007,0.92522554612703389,-2.7025534930462762,-5.75,-0.93111220387411076,occupied,occupied,1,
78.886153572176099,-3.2078200713862244,-7.5499999999999998,0.93778996647954849,-2.7542566323766464,-5.75,-0.91847504509778388,occupied,occupied,1,
78.936144797507012,-3.2499999999999996,-7.5133930363005721,0.9125949683858493,-2.8059591207983949,-5.7499999999999991,-0.9058459305370411,occupied,occupied,1,
78.986136022837925,-3.2980263730164028,-7.4999999999999982,0.91133077505872739,-2.8499999999999988,-5.7195561784859965,-0.92461798034966292,occupied,occupied,1,
79.036127248168839,-3.3494176042050512,-7.5,0.92386764178693115,-2.8967885059717893,-5.6999999999999993,-0.93216929226569023,occupied,occupied,1,
79.086118473499738,-3.4008010648855818,-7.4999999999999982,0.93639423458932836,-2.9484971630684353,-5.6999999999999984,-0.9195634210696072,occupied,occupied,1,
79.136109698830651,-3.4499999999999984,-7.4913314441724435,0.93997269692136443,-3.0002047520839206,-5.6999999999999984,-0.90696642170946407,occupied,occupied,1,
79.186100924161565,-3.490998834184126,-7.4499999999999993,0.90986593538092797,-3.0499999999999998,-5.6923831561117586,-0.90223145208791811,occupied,occupied,1,
79.236092149492478,-3.5423678708186688,-7.4499999999999993,0.9223628124597284,-3.091080355839817,-5.6500000000000004,-0.93334740769205626,occupied,occupied,1,
79.286083374823377,-3.5937288553838269,-7.4499999999999975,0.93484864456470818,-3.1427936188199901,-5.6499999999999977,-0.92077593696434723,occupied,occupied,1,
79.336074600154291,-3.6450816744980039,-7.4499999999999984,0.9473232313086668,-3.194505396227715,-5.6499999999999986,-0.90821415245375747,occupied,occupied,1,
79.386065825485204,-3.6839203645082539,-7.3999999999999986,0.90824613384085606,-3.2462155377279438,-5.6499999999999986,-0.89566226610266109,occupied,occupied,1,
79.436057050816117,-3.7352668591952916,-7.4000000000000004,0.92070014256157195,-3.2854283803595092,-5.5999999999999996,-0.93465822094702256,occupied,occupied,1,
79.486048276147017,-3.7866050421749535,-7.3999999999999986,0.93314235632679543,-3.3371453228913737,-5.5999999999999979,-0.92212421192114125,occupied,occupied,1,
79.53603950147793,-3.8379348067888701,-7.4000000000000004,0.94557258074690442,-3.3888603637942882,-5.6000000000000005,-0.90960068753584356,occupied,occupied,1,
79.586030726808843,-3.8767926402454527,-7.3499999999999979,0.90646066539796077,-3.4405733545324848,-5.5999999999999988,-0.89708785494407017,occupied,occupied,1,
79.636021952139757,-3.9281163167731359,-7.3499999999999988,0.91886900880397393,-3.4798317997265564,-5.5499999999999989,-0.93611320356995698,occupied,occupied,1,
79.68601317747067,-3.9794314445311785,-7.3499999999999996,0.93126483055583342,-3.531551485716641,-5.5499999999999989,-0.92361965574182103,occupied,occupied,1,
79.736004402801569,-4.0307379238539562,-7.3499999999999988,0.94364794282549125,-3.5832688571951317,-5.5499999999999989,-0.91113737241088888,occupied,occupied,1,
79.785995628132483,-4.0696175491636488,-7.3000000000000007,0.90449913975867957,-3.6349837679903025,-5.5500000000000007,-0.89866655527243477,occupied,occupied,1,
79.835986853463396,-4.1209182026043409,-7.2999999999999998,0.9168591106547217,-3.6742897263913812,-5.4999999999999991,-0.93772359059219557,occupied,occupied,1,
79.885978078794309,-4.172210093248129,-7.2999999999999972,0.92920585852202342,-3.7260112147122517,-5.4999999999999973,-0.92527343206244517,occupied,occupied,1,
79.935969304125209,-4.2234931286343622,-7.299999999999998,0.94153920260851343,-3.7777299805183193,-5.4999999999999982,-0.91283529684361242,occupied,occupied,1,
79.985960529456122,-4.2623971813327586,-7.2499999999999991,0.90235151010357717,-3.8294458805459408,-5.4999999999999991,-0.90040938054526287,occupied,occupied,1,
80.035951754787035,-4.3136746775131662,-7.2499999999999973,0.91466049839270425,-3.8688011754357912,-5.4499999999999975,-0.9395003449136653,occupied,occupied,1,
80.085942980117949,-4.3649432201709821,-7.2499999999999991,0.92695558945366818,-3.9205235246359278,-5.4499999999999984,-0.92709642324162611,occupied,occupied,1,
80.135934205448848,-4.4162027242048518,-7.2499999999999991,0.93923661007168413,-3.9722427498508002,-5.4499999999999993,-0.91470526032998833,occupied,occupied,1,
80.185925430779761,-4.4551338180019293,-7.1999999999999966,0.90000809926592429,-4.0239587112428312,-5.4499999999999975,-0.90232704512002437,occupied,occupied,1,
80.235916656110675,-4.5063880923628181,-7.1999999999999993,0.91226359856532702,-4.0633650753947572,-5.3999999999999995,-0.94145412362526615,occupied,occupied,1,
80.285907881441588,-4.5576332458540554,-7.1999999999999993,0.92450455526183195,-4.1150873483333825,-5.3999999999999986,-0.92909919727331547,occupied,occupied,1,
80.335899106772487,-4.6088692008306342,-7.1999999999999993,0.93673080408360787,-4.1668061039327959,-5.3999999999999995,-0.91675773961956497,occupied,occupied,1,
80.385890332103401,-4.6499999999999995,-7.158845947254564,0.90656786318057225,-4.2185212062684743,-5.3999999999999995,-0.90442993240445291,occupied,occupied,1,
80.435881557434314,-4.6990609746050964,-7.1499999999999995,0.90965923669690463,-4.25798027935787,-5.3500000000000005,-0.94359524656214722,occupied,occupied,1,
80.485872782765227,-4.7502827655383433,-7.1499999999999995,0.92184369248122378,-4.3097015477106755,-5.3499999999999996,-0.93129197699969979,occupied,occupied,1,
80.535864008096141,-4.8014952213799695,-7.1499999999999986,0.93401283357149378,-4.361418914985089,-5.3499999999999988,-0.91900285860441411,occupied,occupied,1,
80.58585523342704,-4.8499999999999996,-7.1389507071381777,0.93479251926752382,-4.4131322496212082,-5.3500000000000005,-0.90672806543719509,occupied,occupied,1,
80.635846458757953,-4.8916960133154088,-7.1000000000000005,0.90683865713765244,-4.4526455761882788,-5.3000000000000016,-0.94593366733762441,occupied,occupied,1,
80.685837684088867,-4.9428945336579453,-7.0999999999999979,0.91896436132807646,-4.5043649247735038,-5.299999999999998,-0.93368461186364493,occupied,occupied,1,
80.73582890941978,-4.9940836053117419,-7.0999999999999979,0.93107417578330032,-4.5560799995543819,-5.299999999999998,-0.92145036080358356,occupied,occupied,1,
80.785820134750679,-5.0452631679383506,-7.0999999999999996,0.94316795442534029,-4.6077906737483909,-5.2999999999999998,-0.90923108011683529,occupied,occupied,1,
80.835811360081593,-5.0842960429376882,-7.0499999999999998,0.90379353998380152,-4.6499999999999995,-5.2608769550311099,-0.93728612232038266,occupied,occupied,1,
80.885802585412506,-5.1354714471072134,-7.0499999999999989,0.91585836181667546,-4.6990762325817546,-5.2499999999999991,-0.93628655240054615,occupied,occupied,1,
80.935793810743419,-5.1866373114772975,-7.0499999999999972,0.92790675159914737,-4.750788129230509,-5.2499999999999982,-0.92410958463150039,occupied,occupied,1,
80.985785036074319,-5.2377935831224738,-7.0499999999999998,0.9399385721168374,-4.8024952700143331,-5.25,-0.9119482012564144,occupied,occupied,1,
81.035776261405232,-5.2768640259801112,-7,0.90051601503947398,-4.8499999999999996,-5.2326206084063855,-0.91768166687131392,occupied,occupied,1,
81.085767486736145,-5.3280165275158549,-7,0.91251794691604071,-4.893834185978311,-5.1999999999999984,-0.93910682762739484,occupied,occupied,1,
81.135758712067059,-5.3791594199884845,-7,0.9245029378839501,-4.945542041099368,-5.1999999999999993,-0.92698944159663266,occupied,occupied,1,
81.185749937397972,-5.430292657759888,-6.9999999999999982,0.93647085975028443,-4.9972447988685031,-5.1999999999999975,-0.91488822159790617,occupied,occupied,1,
81.235741162728871,-5.4694030349137339,-6.9499999999999993,0.89699867282955359,-5.0489423450321578,-5.1999999999999984,-0.90280331398335478,occupied,occupied,1,
81.285732388059785,-5.5205329027857077,-6.9499999999999984,0.90893583276553125,-5.0886374719616017,-5.1499999999999986,-0.94215402544415072,occupied,occupied,1,
81.335723613390698,-5.5716531134116192,-6.9499999999999975,0.9208555769104414,-5.1403404478094341,-5.1499999999999977,-0.93009839753324042,occupied,occupied,1,
81.385714838721611,-5.6227636282684719,-6.9499999999999975,0.93275778619347283,-5.1920379995977095,-5.1499999999999977,-0.91805948387773095,occupied,occupied,1,
81.435706064052511,-5.6619182934548347,-6.8999999999999995,0.893235053733625,-5.243727929446317,-5.1499999999999986,-0.90603790514437121,occupied,occupied,1,
81.485697289383424,-5.7136671041698754,-6.8999999999999986,0.90526696390624639,-5.2828127880171714,-5.0999999999999988,-0.94558025878594909,occupied,occupied,1,
81.535688514714337,-5.7665817258153398,-6.8999999999999995,0.91762093769526376,-5.3326780572272048,-5.0999999999999988,-0.93393851142168061,occupied,occupied,1,
81.585679740045251,-5.8207134350621885,-6.9000000000000004,0.93037576804067534,-5.3814156458682971,-5.1000000000000005,-0.92245518690115047,occupied,occupied,1,
81.63567096537615,-5.8637052699467027,-6.8500000000000005,0.89209851246980565,-5.4290583646389106,-5.1000000000000005,-0.91107034603835924,occupied,occupied,1,
81.685662190707063,-5.9201843035876065,-6.8500000000000005,0.90585320493801869,-5.4629311301003964,-5.0499999999999998,-0.95131681007518021,occupied,occupied,1,
81.735653416037977,-5.9780322402239916,-6.8500000000000005,0.92027563875759066,-5.5081057385835761,-5.0499999999999998,-0.9400552234666536,occupied,occupied,1,
81.78564464136889,-6.0373479084211281,-6.8499999999999988,0.93548051215069228,-5.5521775725729956,-5.049999999999998,-0.92875934762781587,occupied,occupied,1,
81.835635866699803,-6.0842719033179904,-6.799999999999998,0.89967974859682009,-5.5951561162487522,-5.049999999999998,-0.91738773863648559,occupied,occupied,1,
81.885627092030703,-6.1463122999746069,-6.7999999999999972,0.91669190851238103,-5.6370473063614694,-5.049999999999998,-0.90590262503582064,occupied,occupied,1,
81.935618317361616,-6.210144040952426,-6.7999999999999998,0.93489190392395283,-5.6626461460164137,-5.0000000000000009,-0.94653147877313804,occupied,occupied,1,
81.985609542692529,-6.2599902519534725,-6.75,0.90197741766062733,-5.7016257947986508,-4.9999999999999991,-0.93494143384419603,occupied,occupied,1,
82.035600768023443,-6.3271243237081354,-6.7499999999999964,0.92286145730703018,-5.7394310680102478,-4.9999999999999973,-0.92318387333704166,occupied,occupied,1,
82.085591993354342,-6.3965690914229949,-6.7499999999999991,0.94551405409028777,-5.776057085255097,-4.9999999999999991,-0.91123987408611673,occupied,occupied,1,
82.135583218685255,-6.4499999999999993,-6.70048197216334,0.91730913180334472,-5.8115003423383484,-4.9999999999999991,-0.89909411375821668,occupied,occupied,1,
82.185574444016169,-6.5235729774489517,-6.7000000000000002,0.94341025031623116,-5.8457605470320395,-5,-0.88673446823137003,occupied,occupied,1,
82.235565669347082,-6.5999999999999996,-6.6989277462972607,0.9714984483320257,-5.8576189920990664,-4.9499999999999993,-0.92846939946446372,occupied,occupied,1,
82.285556894677981,-6.6582264785852265,-6.6499999999999986,0.95007320183678734,-5.8881103280623019,-4.9499999999999984,-0.91622765421409336,occupied,occupied,1,
82.335548120008895,-6.7168605172235392,-6.5999999999999988,0.92967333666856833,-5.9173107056295011,-4.9499999999999984,-0.90384238489480584,occupied,occupied,1,
82.385539345339808,-6.7999999999999998,-6.595399118830291,0.96285051903770014,-5.9452460138985375,-4.9500000000000002,-0.89131846921656255,occupied,occupied,1,
82.435530570670721,-6.864879544612597,-6.5499999999999998,0.95363755160049113,-5.9719611361906342,-4.9500000000000002,-0.87865698915948443,occupied,occupied,1,
82.485521796001635,-6.9286884896241023,-6.5000000000000009,0.94234297556648261,-5.9975259013277427,-4.9500000000000011,-0.86585053339288132,occupied,occupied,1,
82.535513021332534,-7,-6.4592857821800544,0.94555172635013007,-6.0220422026677589,-4.9500000000000011,-0.85287676142851487,occupied,occupied,1,
82.585504246663447,-7.0609713141173867,-6.3999999999999968,0.9304435900766046,-6.0456524019917595,-4.9499999999999966,-0.8396898775805568,occupied,occupied,1,
82.635495471994361,-7.1500000000000004,-6.3765011985027673,0.96388574575072472,-6.0499999999999998,-4.9255325587491052,-0.85691352752148042,occupied,occupied,1,
82.685486697325274,-7.2011094428653735,-6.2999999999999989,0.9355114691818367,-6.0499999999999998,-4.9001571157472146,-0.87683867636040524,occupied,occupied,1,
82.735477922656173,-7.2749523890366081,-6.2499999999999982,0.94561030896432807,-6.0686136839139113,-4.8999999999999986,-0.86484628302485933,occupied,occupied,1,
82.785469147987087,-7.3518970147798903,-6.1999999999999966,0.96151257589409023,-6.0872452141765914,-4.8999999999999968,-0.85214234629181607,occupied,occupied,1,
82.835460373318,-7.4324967294532449,-6.1499999999999986,0.98388083871721355,-6.0999999999999996,-4.8941216183421172,-0.84717842944403665,occupied,occupied,1,
82.885451598648913,-7.4999999999999991,-6.0849761088930787,0.99046727511081967,-6.0999999999999996,-4.8774215648392678,-0.85836694592280438,occupied,occupied,1,
82.935442823979812,-7.5420592616087347,-5.9999999999999973,0.96880819314642952,-6.0999999999999996,-4.8609782231526255,-0.8688276581919343,occupied,occupied,1,
82.985434049310726,-7.5999999999999996,-5.9313925404276064,0.97359483417029669,-6.1095304573625615,-4.8499999999999996,-0.86784734087140925,occupied,occupied,1,
83.035425274641639,-7.6499999999999995,-5.8593321326562089,0.97345476136370224,-6.1389834857111403,-4.8499999999999979,-0.84366445884888175,occupied,occupied,1,
83.085416499972553,-7.6999999999999993,-5.7893073742451211,0.97772849731729627,-6.1499999999999995,-4.8345910087648978,-0.84270643382299792,occupied,occupied,1,
83.135407725303452,-7.75,-5.7206969829810239,0.9858133743827262,-6.1499999999999995,-4.8111793968699175,-0.85462739875977678,occupied,occupied,1,
83.185398950634365,-7.7942878742508892,-5.6500000000000004,0.99078754864258889,-6.1499999999999995,-4.7872365255696376,-0.86610324680545192,occupied,occupied,1,
83.235390175965279,-7.7999999999999998,-5.5615860093703215,0.95608209760018714,-6.1499999999999995,-4.762868026462181,-0.87707103736177006,occupied,occupied,1,
83.285381401296192,-7.8499999999999996,-5.4964164731464571,0.97395420518390174,-6.1500000000000004,-4.7381739437273378,-0.88747850469843625,occupied,occupied,1,
83.335372626627105,-7.9000000000000004,-5.4309630808117779,0.99417546375915578,-6.1499999999999995,-4.7132500584880299,-0.89728217055705839,occupied,occupied,1,
83.385363851958004,-7.9102046027063651,-5.3499999999999996,0.97406311313216443,-6.1499999999999995,-4.6881892226649882,-0.90644579362298461,occupied,occupied,1,
83.435355077288918,-7.9500000000000002,-5.2810034157359427,0.98817043092963674,-6.1500000000000004,-4.6630827103505741,-0.9149391292754373,occupied,occupied,1,
83.485346302619831,-7.9499999999999993,-5.1991656120950562,0.96270265446717429,-6.1499999999999995,-4.6380216071584961,-0.92273697444599834,occupied,occupied,1,
83.535337527950745,-8,-5.1331307382606512,0.99188227031155396,-6.1499999999999995,-4.6130982687313233,-0.92981847885954849,occupied,occupied,1,
83.585328753281644,-8,-5.0529561932271712,0.9712674593756413,-6.1499999999999995,-4.588407890234901,-0.93616671401357421,occupied,occupied,1,
83.635319978612557,-8,-4.9739141137605216,0.9530899054871762,-6.1499999999999995,-4.564050240737501,-0.94176850463465467,occupied,occupied,1,
83.685311203943471,-7.9999999999999991,-4.8957594680250587,0.93725657234870641,-6.1500000000000004,-4.540080997401974,-0.94662430882843807,occupied,occupied,1,
83.735302429274384,-8,-4.8194835303399266,0.92387305636950934,-6.1500000000000004,-4.5153001404241584,-0.95096761278097752,occupied,occupied,1,
83.785293654605283,-8,-4.7455102884185072,0.91279894268739281,-6.1499999999999986,-4.4890346368190741,-0.9548947580738848,occupied,occupied,1,
83.835284879936196,-8,-4.6737631236432815,0.90378344914611275,-6.1500000000000004,-4.4611384567115104,-0.95839518057442064,occupied,occupied,1,
83.88527610526711,-8,-4.6041728259489121,0.89658427050281508,-6.1499999999999995,-4.4314905290091708,-0.96145748782135887,occupied,occupied,1,
83.935267330598023,-8,-4.5366782934825682,0.8909693404564718,-6.1500948670300097,-4.4000000000000004,-0.96397808653385209,occupied,occupied,1,
83.985258555928937,-8,-4.4712269351558707,0.88671805654750302,-6.2000000000000002,-4.3693975792194681,-0.91615998085004124,occupied,occupied,1,
84.035249781259836,-8.0499999999999989,-4.4098454500164852,0.93366491007539587,-6.2000000000000002,-4.3332308437959366,-0.91792084216140724,occupied,occupied,1,
84.085241006590749,-8.0499999999999989,-4.3477069482034336,0.93150578748968771,-6.1999999999999993,-4.2951447270061536,-0.91924076109474606,occupied,occupied,1,
84.135232231921663,-8.0500000000000007,-4.2876126479801187,0.9301335389002563,-6.1999999999999993,-4.2551100725329887,-0.92015195728964216,occupied,occupied,1,
84.185223457252576,-8.0500000000000007,-4.2295425439547456,0.92937454319120771,-6.2000000000000002,-4.2131082792340502,-0.92069845133006512,occupied,occupied,1,
84.235214682583475,-8.0500000000000007,-4.1734832341604022,0.92906855327015747,-6.1999999999999993,-4.1691288653737235,-0.92093657118964567,occupied,occupied,1,
84.285205907914388,-8.0500000000000007,-4.1194269691661827,0.92906855180492331,-6.1999999999999993,-4.1231671761169606,-0.92093522904203395,occupied,occupied,1,
84.335197133245302,-8.0500000000000007,-4.0673705294751024,0.92924060909286343,-6.1999999999999993,-4.0752222531659346,-0.92077605287667652,occupied,occupied,1,
84.385188358576215,-8.0500000000000007,-4.0172606780470526,0.92946422360329028,-6.1999999999999993,-4.0253476231781358,-0.92055345163161317,occupied,occupied,1,
84.435179583907114,-8.0500000000000007,-3.9677431831095196,0.92966805148623188,-6.1999999999999993,-3.9748864716707808,-0.92034573942762832,occupied,occupied,1,
84.485170809238028,-8.0500000000000007,-3.9182262919151722,0.92984660892890536,-6.1999999999999993,-3.9244251144942019,-0.92016377628555823,occupied,occupied,1,
84.535162034568941,-8.0500000000000007,-3.8687100047628924,0.92999987404797124,-6.1999999999999993,-3.8739634999869024,-0.92000758518349657,occupied,occupied,1,
84.585153259899855,-8.0500000000000007,-3.8191943219634967,0.9301278235880569,-6.1999999999999993,-3.8235015763471591,-0.91987719057820916,occupied,occupied,1,
84.635144485230768,-8.0499999999999989,-3.7696792438381923,0.93023043291769603,-6.1999999999999993,-3.7730392916189448,-0.91977261840981139,occupied,occupied,1,
84.685135710561667,-8.0499999999999989,-3.7201647707169019,0.9303076760249519,-6.1999999999999993,-3.7225765936776445,-0.91969389610681074,occupied,occupied,1,
84.73512693589258,-8.0500000000000007,-3.6706509029366168,0.93035952551269219,-6.1999999999999993,-3.6721134302157119,-0.91964105259155415,occupied,occupied,1,
84.785118161223494,-8.0499999999999989,-3.6211376408398719,0.93038595259352952,-6.2000000000000002,-3.6216497487283585,-0.91961411828606021,occupied,occupied,1,
84.835109386554407,-8.0500000000000007,-3.5716249847729582,0.93038692708444826,-6.1999999999999993,-3.5711854964988814,-0.91961312511823867,occupied,occupied,1,
84.885100611885306,-8.0500000000000007,-3.522112935084353,0.93036241740105818,-6.1999999999999993,-3.5207206205840982,-0.9196381065285083,occupied,occupied,1,
84.93509183721622,-8.0500000000000007,-3.4726014921229251,0.93031239055154213,-6.1999999999999993,-3.4702550677994517,-0.9196890974768076,occupied,occupied,1,
84.985083062547133,-8.0500000000000007,-3.4230906562363357,0.93023681213023068,-6.1999999999999993,-3.4197887847041795,-0.91976613445002198,occupied,occupied,1,
85.035074287878047,-8.0499999999999989,-3.373580427769292,0.93013564631084833,-6.2000000000000002,-3.36932171758622,-0.91986925546979847,occupied,occupied,1,
85.085065513208946,-8.0499999999999989,-3.3240708070617671,0.93000885583940573,-6.2000000000000002,-3.3188538124469362,-0.91999850010078299,occupied,occupied,1,
85.135056738539859,-8.0500000000000007,-3.2745617944466372,0.92985640202671571,-6.1999999999999993,-3.2683850149851104,-0.92015390945928155,occupied,occupied,1,
85.185047963870772,-8.0500000000000007,-3.2250533902497072,0.92967824474058847,-6.1999999999999993,-3.2179152705832164,-0.92033552622231329,occupied,occupied,1,
85.235039189201686,-8.0500000000000007,-3.1755455947862901,0.92947434239763382,-6.1999999999999993,-3.167444524290028,-0.92054339463711821,occupied,occupied,1,
85.285030414532585,-8.0499999999999989,-3.1260384083596966,0.92924465195470851,-6.1999999999999993,-3.116972720804998,-0.92077756053108695,occupied,occupied,1,
85.335021639863498,-8.0499999999999989,-3.0765318312594436,0.92898912889999208,-6.1999999999999993,-3.0664998044621803,-0.92103807132211846,occupied,occupied,1,
85.385012865194412,-8.0500000000000007,-3.0270258637593956,0.92870772724368933,-6.1999999999999993,-3.0160257192138977,-0.92132497602942443,occupied,occupied,1,
85.435004090525325,-8.0499999999999989,-2.9775205061157757,0.92840039950832987,-6.2000000000000002,-2.9655504086140878,-0.92163832528480172,occupied,occupied,1,
85.484995315856239,-8.0500000000000007,-2.9280157585605813,0.92806709671870125,-6.2000000000000002,-2.9150738157967555,-0.92197817134435378,occupied,occupied,1,
85.534986541187138,-8.0500000000000007,-2.8785116213183639,0.92770776839148761,-6.1999999999999993,-2.8645958834780423,-0.92234456810054855,occupied,occupied,1,
85.584977766518051,-8.0500000000000007,-2.8290080945759195,0.92732236252423728,-6.1999999999999993,-2.8141165539100599,-0.92273757109505106,occupied,occupied,1,
85.634968991848964,-8.0499999999999989,-2.7795051784991189,0.92691082558423232,-6.2000000000000002,-2.763635768882561,-0.92315723753171031,occupied,occupied,1,
85.684960217179878,-8.0499999999999989,-2.7300028732260109,0.9264731024967835,-6.2000000000000002,-2.7131534697001776,-0.92360362629020787,occupied,occupied,1,
85.734951442510777,-8.0500000000000007,-2.6805011788648088,0.92600913663314977,-6.2000000000000002,-2.662669597164387,-0.92407679794014452,occupied,occupied,1,
85.78494266784169,-8.0499999999999989,-2.6310000954914887,0.92551886979803188,-6.1999999999999993,-2.6121840915548273,-0.92457681475564635,occupied,occupied,1,
85.834933893172604,-8.0499999999999989,-2.5814996231477489,0.92500224221665328,-6.1999999999999993,-2.561696892610708,-0.92510374073046497,occupied,occupied,1,
85.884925118503517,-8.0500000000000007,-2.5319893537949252,0.92445912916997186,-6.2000000000000002,-2.5112183610513887,-0.92565747097704354,occupied,occupied,1,
85.934916343834416,-8.0499999999999989,-2.4822893633569088,0.92389208925145894,-6.1999999999999993,-2.4609288559814591,-0.92623122319972317,occupied,occupied,1,
85.98490756916533,-8.0500000000000007,-2.4323343059754494,0.9233131176342676,-6.2000000000000002,-2.410894648797393,-0.92681111032987407,occupied,occupied,1,
86.034898794496243,-8.0499999999999989,-2.3821247688711393,0.92273597847333255,-6.1999999999999993,-2.3611161046759714,-0.92738330524089996,occupied,occupied,1,
86.084890019827156,-8.0499999999999989,-2.3316621572446694,0.92217462678196627,-6.1999999999999993,-2.3115927467559585,-0.92793422980927853,occupied,occupied,1,
86.13488124515807,-8.0499999999999989,-2.2809486566206942,0.9216431594694352,-6.2000000000000002,-2.2623232360835637,-0.92845059661164009,occupied,occupied,1,
86.184872470488969,-8.0500000000000007,-2.2299871889753708,0.921155763763154,-6.1999999999999993,-2.2133053594197505,-0.92891944644785873,occupied,occupied,1,
86.234863695819882,-8.0500000000000007,-2.1787813634125608,0.92072666362845579,-6.2000000000000002,-2.164536025153093,-0.9293281814132055,occupied,occupied,1,
86.284854921150796,-8.0499999999999989,-2.1273354222251681,0.92037006484389794,-6.1999999999999993,-2.1160112674225733,-0.92966459334010276,occupied,occupied,1,
86.334846146481709,-8.0500000000000007,-2.0756541832262698,0.9201000994189138,-6.1999999999999993,-2.0677262584107075,-0.92991688752793145,occupied,occupied,1,
86.384837371812608,-8.0499999999999989,-2.0237429792650818,0.91993077005265422,-6.2000000000000002,-2.0196753286282809,-0.93007370177483317,occupied,occupied,1,
86.434828597143522,-8.0499999999999989,-1.9716075958484163,0.91987589532793268,-6.1999999999999993,-1.9718519948748721,-0.93012412081554985,occupied,occupied,1,
86.484819822474435,-8.0499999999999989,-1.9192542077773009,0.91994905631295287,-6.2000000000000002,-1.9242489954346746,-0.93005768635144603,occupied,occupied,1,
86.534811047805348,-8.0500000000000007,-1.8666893156749003,0.92016354520718302,-6.1999999999999993,-1.8768583319512031,-0.92986440293090655,occupied,occupied,1,
86.584802273136248,-8.0499999999999989,-1.8139196832350324,0.92053231661767732,-6.2000000000000002,-1.8296713173267989,-0.92953473999853042,occupied,occupied,1,
86.634793498467161,-8.0499999999999989,-1.7609522759564438,0.92106794199076414,-6.1999999999999993,-1.7826786289096759,-0.92905963047894224,occupied,occupied,1,
86.684784723798074,-8.0499999999999989,-1.7077211563017609,0.92178399110693032,-6.2000000000000002,-1.7359439385522724,-0.92843127351444821,occupied,occupied,1,
86.734775949128988,-8.0500000000000007,-1.6524567540834656,0.92277213254660262,-6.1999999999999993,-1.6912424873195868,-0.92763439930056535,occupied,occupied,1,
86.784767174459901,-8.0499999999999989,-1.594389723946946,0.92422989733142813,-6.1999999999999993,-1.6493268158887242,-0.92658562131731603,occupied,occupied,1,
86.8347583997908,-8.0500000000000007,-1.533456669520183,0.92638450880667877,-6.1999999999999993,-1.6102216362146198,-0.9252074711153554,occupied,occupied,1,
86.884749625121714,-8.0500000000000007,-1.4695299858854041,0.92949844431533934,-6.1999999999999993,-1.5739929211967592,-0.92344853410953354,occupied,occupied,1,
86.934740850452627,-8.0499999999999989,-1.4024116415223407,0.93387907764770139,-6.1999999999999993,-1.5407449175732721,-0.92128563074424652,occupied,occupied,1,
86.98473207578354,-8.0500000000000007,-1.3318237850091321,0.93989176479376557,-6.1999999999999993,-1.5106180322912002,-0.91872798729679139,occupied,occupied,1,
87.03472330111444,-8.0499999999999989,-1.2573957522799517,0.9479772636514221,-6.1999999999999993,-1.4837870468590135,-0.91582342801632821,occupied,occupied,1,
87.084714526445353,-8.0500000000000007,-1.1786469165988895,0.95867465747200131,-6.1999999999999993,-1.4604590328718798,-0.91266659117247373,occupied,occupied,1,
87.134705751776266,-8.0499999999999989,-1.0949647258870239,0.97265120459066379,-6.1999999999999993,-1.4408701786188338,-0.90940899163835121,occupied,occupied,1,
87.18469697710718,-8.0500000000000007,-1.005577242007399,0.99074068404220583,-6.1999999999999993,-1.4252804958023322,-0.90627033892156605,occupied,occupied,1,
87.234688202438079,-8.0500000000000007,-0.9095195781311618,1.0139916997988203,-6.2000000000000002,-1.4139650834673676,-0.90354976464305681,occupied,occupied,1,
87.284679427768992,-8,-0.82185350146125824,0.99114948837900707,-6.1999999999999993,-1.407200359145083,-0.90163442527842086,occupied,occupied,1,
87.334670653099906,-8,-0.71159091338674774,1.0280279463628681,-6.1999999999999993,-1.4052435846581903,-0.90100135055359165,occupied,occupied,1,
87.384661878430819,-7.9500000000000002,-0.61387198176333402,1.0196701034151765,-6.1999999999999993,-1.4078201330214011,-0.90200980408401554,occupied,occupied,1,
87.434653103761718,-7.8999999999999995,-0.51698075251512243,1.0173301916237814,-6.2000000000000002,-1.4104028984570904,-0.90313931629857813,occupied,occupied,1,
87.484644329092632,-7.8499999999999996,-0.4217425728996228,1.0204208699301967,-6.1999999999999993,-1.4115873910249728,-0.90371341955419515,occupied,occupied,1,
87.534635554423545,-7.7999999999999998,-0.3277081977186953,1.028843292284376,-6.2000000000000002,-1.4110656948630296,-0.90342570208955286,occupied,occupied,1,
87.584626779754458,-7.7293819523571319,-0.24999999999999878,1.0167049541803566,-6.1999999999999993,-1.4085440520755848,-0.90194912532314553,occupied,occupied,1,
87.634618005085372,-7.6895569018309935,-0.14999999999999858,1.0480149183648282,-6.1999999999999993,-1.4037384940323676,-0.89894167468261355,occupied,occupied,1,
87.684609230416271,-7.5999999999999996,-0.09408528536641525,1.0180029189494704,-6.1999999999999993,-1.3963681684187894,-0.8940485206020925,occupied,occupied,1,
87.734600455747184,-7.5499999999999998,-0.0039630907967956874,1.0451790252938717,-6.1999999999999993,-1.3861463158267262,-0.88690028662739107,occupied,occupied,1,
87.784591681078098,-7.4663206401347137,0.050000000000001932,1.0275814828573016,-6.1999999999999993,-1.3727686079373052,-0.87710706789399018,occupied,occupied,1,
87.834582906409011,-7.3831763664332888,0.10000000000000142,1.0117976057601688,-6.1999999999999993,-1.3558981881649828,-0.86424766245389117,occupied,occupied,1,
87.88457413173991,-7.303226108211863,0.1500000000000008,1.0022191570329844,-6.1889660093946182,-1.349999999999999,-0.86635665566935671,occupied,occupied,1,
87.934565357070824,-7.2255097245789361,0.20000000000000184,0.99796941702834374,-6.1728661373813418,-1.3499999999999983,-0.87567903496798016,occupied,occupied,1,
87.984556582401737,-7.1492477648691093,0.24999999999999922,0.9983737581044646,-6.1565810231488936,-1.350000000000001,-0.88454611807652384,occupied,occupied,1,
88.03454780773265,-7.0737909825466234,0.29999999999999993,1.0029115280275369,-6.1402005942572018,-1.3499999999999996,-0.89289727380517703,occupied,occupied,1,
88.08453903306355,-6.9985834811464311,0.35000000000000109,1.0111821937390415,-6.1238165828340732,-1.3499999999999992,-0.90068002053870955,occupied,occupied,1,
88.134530258394463,-6.9002963773567503,0.35000000000000298,0.96790978997766919,-6.1070864562733114,-1.3499999999999965,-0.90803849793039393,occupied,occupied,1,
88.184521483725376,-6.8295619955014946,0.40000000000000313,0.98485092777486793,-6.0881135736140903,-1.3499999999999974,-0.9157399704247744,occupied,occupied,1,
88.23451270905629,-6.7414989370444136,0.4000000000000008,0.95183448637614065,-6.0666150287596823,-1.3499999999999992,-0.92379028677590813,occupied,occupied,1,
88.284503934387203,-6.6586872202233431,0.40000000000000141,0.92319218245369528,-6.0425651223609353,-1.3499999999999983,-0.93209928776718987,occupied,occupied,1,
88.334495159718102,-6.5966209241242471,0.45000000000000018,0.95075040639297925,-6.0159644551278424,-1.3499999999999992,-0.94058825576865746,occupied,occupied,1,
88.384486385049016,-6.5212203387777867,0.45000000000000101,0.92845572271188614,-6,-1.3056394311065476,-0.90292093259738038,occupied,occupied,1,
88.434477610379929,-6.4496254869843046,0.44999999999999962,0.9087956344720497,-5.9689217651698927,-1.3000000000000007,-0.90602558762290608,occupied,occupied,1,
88.484468835710842,-6.3942375069077952,0.50000000000000266,0.94293948005085459,-5.9338518837665104,-1.2999999999999967,-0.91500425483327419,occupied,occupied,1,
88.534460061041742,-6.3283660353201645,0.50000000000000044,0.92710425261108387,-5.8964783370889737,-1.3000000000000005,-0.92398380144886261,occupied,occupied,1,
88.584451286372655,-6.2654723798898893,0.50000000000000333,0.91281533849988594,-5.8568083867470131,-1.2999999999999972,-0.93299241402784738,occupied,occupied,1,
88.634442511703568,-6.2053338465680081,0.50000000000000422,0.89979345723385096,-5.8148388326835079,-1.2999999999999967,-0.94207688452983018,occupied,occupied,1,
88.684433737034482,-6.1499999999999995,0.51063412920480533,0.898663816837173,-5.7705524068235352,-1.2999999999999978,-0.95130278443125194,occupied,occupied,1,
88.734424962365381,-6.1028867636559125,0.55000000000000082,0.9276623260327781,-5.7341568168117734,-1.25,-0.90971672405451509,occupied,occupied,1,
88.784416187696294,-6.0499829546533643,0.55000000000000049,0.91710783859479661,-5.6850069514927712,-1.2499999999999996,-0.91952154233187267,occupied,occupied,1,
88.834407413027208,-5.9990209853163572,0.55000000000000027,0.90698275561337816,-5.6339506974837823,-1.2499999999999993,-0.92966536393978161,occupied,occupied,1,
88.884398638358121,-5.9480883851192736,0.5500000000000006,0.89685597883506984,-5.5828615352748479,-1.2499999999999987,-0.9398232669362977,occupied,occupied,1,
88.934389863689034,-5.8999999999999995,0.56492344005805539,0.90192099720071273,-5.531963784469224,-1.2499999999999964,-0.9499423209775939,occupied,occupied,1,
88.984381089019934,-5.8558043156003654,0.60000000000000187,0.92752161983094872,-5.4913881539944347,-1.1999999999999988,-0.90899659103427499,occupied,occupied,1,
89.034372314350847,-5.8043122711249628,0.59999999999999909,0.91731643984127331,-5.440870216218217,-1.2000000000000011,-0.91900872942337464,occupied,occupied,1,
89.08436353968176,-5.752641547688115,0.60000000000000142,0.90710736241584311,-5.3905569350287408,-1.199999999999998,-0.92894962654846647,occupied,occupied,1,
89.134354765012674,-5.7007970328035729,0.59999999999999853,0.89690602403999431,-5.3404559974611212,-1.200000000000002,-0.93880791384675377,occupied,occupied,1,
89.184345990343573,-5.6587339874822229,0.64999999999999969,0.93770472860923426,-5.2905749528673276,-1.2,-0.94857231222240623,occupied,occupied,1,
89.234337215674486,-5.6064869621985514,0.64999999999999936,0.92754095929103209,-5.25,-1.1540553066710579,-0.91139854589818237,occupied,occupied,1,
89.2843284410054,-5.5540705924039724,0.64999999999999969,0.91741902105847295,-5.2013010386299428,-1.1500000000000001,-0.91682369954039222,occupied,occupied,1,
89.334319666336313,-5.5014901182537521,0.65000000000000091,0.90735134082928681,-5.1520312101443402,-1.1499999999999995,-0.92625754016388295,occupied,occupied,1,
89.384310891667212,-5.4499999999999993,0.65650319048276795,0.90397258325512797,-5.1029985336839507,-1.149999999999997,-0.93555556136508855,occupied,occupied,1,
89.434302116998126,-5.4053483235706592,0.70000000000000029,0.93832193243838147,-5.0542094149743564,-1.1499999999999995,-0.94470715207683176,occupied,occupied,1,
89.484293342329039,-5.3521824048241591,0.70000000000000373,0.92846995903972018,-5.0056699583970374,-1.1499999999999961,-0.9537018916500376,occupied,occupied,1,
89.534284567659952,-5.2988626411239492,0.70000000000000207,0.91872170283008869,-4.9666150378368767,-1.0999999999999985,-0.911684937752819,occupied,occupied,1,
89.584275792990866,-5.2453943423967662,0.70000000000000051,0.9090903306594591,-4.9184447015051784,-1.1000000000000005,-0.92036206491664396,occupied,occupied,1,
89.634267018321765,-5.2000000000000002,0.74604151194835167,0.94635814613897473,-4.8705291824466226,-1.0999999999999996,-0.92885391745699208,occupied,occupied,1,
89.684258243652678,-5.1467875960241614,0.75000000000000222,0.94099196535546359,-4.8228731044868161,-1.0999999999999985,-0.9371508933823639,occupied,occupied,1,
89.734249468983592,-5.0927247464027507,0.74999999999999978,0.931760297600147,-4.7754806553381517,-1.1000000000000005,-0.94524364840407082,occupied,occupied,1,
89.784240694314505,-5.0385229876541535,0.750000000000004,0.9226977343514905,-4.7367384624620241,-1.0499999999999967,-0.90242524770901744,occupied,occupied,1,
89.834231919645404,-4.9841872495575226,0.75000000000000266,0.91381785975944974,-4.6896817568666371,-1.0499999999999967,-0.91011566019819901,occupied,occupied,1,
89.884223144976318,-4.9376899566331698,0.80000000000000082,0.95576512399290836,-4.6428874757185632,-1.0499999999999996,-0.91757640993874712,occupied,occupied,1,
89.934214370307231,-4.8828765834910568,0.79999999999999982,0.9472566672636975,-4.5963578598883785,-1.05,-0.9247991489380808,occupied,occupied,1,
89.984205595638144,-4.8279323630854432,0.80000000000000071,0.93897103507038171,-4.5500945946128866,-1.0500000000000005,-0.93177582797384484,occupied,occupied,1,
90.034196820969044,-4.7728616297943844,0.80000000000000204,0.93092192078624136,-4.5040987867807338,-1.0499999999999985,-0.93849870223704757,occupied,occupied,1,
90.084188046299957,-4.7176685084389263,0.80000000000000226,0.92312296771599334,-4.4653789859125759,-0.99999999999999734,-0.89447159741028159,occupied,occupied,1,
90.13417927163087,-4.6690986781475292,0.8500000000000002,0.96604022029808712,-4.4196527351870794,-1,-0.90070113255705042,occupied,occupied,1,
90.184170496961784,-4.6133956430281078,0.8500000000000012,0.95874601688916838,-4.3741832645413021,-0.99999999999999933,-0.90665543106280433,occupied,occupied,1,
90.234161722292683,-4.5576263541518491,0.84999999999999998,0.95174888303076655,-4.3289162051447843,-1.0000000000000007,-0.91233489519885924,occupied,occupied,1,
90.284152947623596,-4.5020159779438256,0.85000000000000264,0.94507815272425233,-4.2836320956345135,-0.99999999999999811,-0.91776685426169935,occupied,occupied,1,
90.33414417295451,-4.4500000000000002,0.88034879492482832,0.96926904247305934,-4.2439323017718928,-0.94999999999999629,-0.87264317241010037,occupied,occupied,1,
90.384135398285423,-4.3966847368780115,0.90000000000000169,0.98297820713727924,-4.1982868086950074,-0.94999999999999762,-0.87762968758619153,occupied,occupied,1,
90.434126623616336,-4.3413299908679397,0.89999999999999958,0.97721832152752341,-4.1525935478788476,-0.95000000000000151,-0.88238417495181232,occupied,occupied,1,
90.484117848947236,-4.2861431474022789,0.90000000000000002,0.97175644358330826,-4.1068484107904917,-0.94999999999999996,-0.88691152100226833,occupied,occupied,1,
90.534109074278149,-4.2311193972121188,0.89999999999999869,0.96658440475089136,-4.0610475096511989,-0.95000000000000084,-0.89121656600419252,occupied,occupied,1,
90.584100299609062,-4.1762541402151507,0.90000000000000302,0.96169415976029982,-4.0151871710739302,-0.94999999999999707,-0.89530410856100895,occupied,occupied,1,
90.634091524939976,-4.1215429811648914,0.90000000000000024,0.95707778283038414,-3.9692639296802361,-0.95000000000000062,-0.89917890995783833,occupied,occupied,1,
90.684082750270875,-4.0669817252272376,0.90000000000000191,0.952727463928425,-3.9232745217104599,-0.94999999999999885,-0.9028456982892803,occupied,occupied,1,
90.734073975601788,-4.0125663734960204,0.90000000000000069,0.94863550509091854,-3.8772158786397157,-0.94999999999999929,-0.90630917237465125,occupied,occupied,1,
90.784065200932702,-3.9582931184607828,0.89999999999999858,0.94479431681180237,-3.8310851208130408,-0.95000000000000095,-0.90957400546550238,occupied,occupied,1,
90.834056426263615,-3.9041583394234038,0.90000000000000213,0.94119641450223679,-3.7848795510985429,-0.94999999999999873,-0.91264484875205021,occupied,occupied,1,
90.884047651594514,-3.8501585979167166,0.90000000000000069,0.93783441502932441,-3.7385966486051534,-0.94999999999999907,-0.91552633467219946,occupied,occupied,1,
90.934038876925428,-3.7962906330595443,0.90000000000000102,0.93470103333245858,-3.6922340624100967,-0.94999999999999829,-0.91822308003412001,occupied,occupied,1,
90.984030102256341,-3.7425513569328115,0.90000000000000091,0.93178907912545605,-3.6457896053688414,-0.94999999999999951,-0.92073968895500991,occupied,occupied,1,
91.034021327587254,-3.6889378499380601,0.90000000000000091,0.92909145368386536,-3.5992612479749404,-0.94999999999999973,-0.92308075562596392,occupied,occupied,1,
91.084012552918168,-3.6354473561611327,0.90000000000000213,0.92660114672036931,-3.5526471122892147,-0.94999999999999807,-0.92525086690956693,occupied,occupied,1,
91.134003778249067,-3.5820772787451296,0.9000000000000018,0.92431123334953746,-3.5059454659416067,-0.94999999999999774,-0.92725460477795074,occupied,occupied,1,
91.18399500357998,-3.5288251752783992,0.90000000000000224,0.92221487114287481,-3.4591547162101861,-0.94999999999999729,-0.92909654859902613,occupied,occupied,1,
91.233986228910894,-3.4756887532029723,0.90000000000000047,0.92030529727465449,-3.4122734041813123,-0.94999999999999918,-0.93078127727866355,occupied,occupied,1,
91.283977454241807,-3.4226658652477764,0.90000000000000058,0.91857582575869734,-3.3653001989938365,-0.94999999999999973,-0.93231337126654856,occupied,occupied,1,
91.333968679572706,-3.3697545048909023,0.90000000000000013,0.91701984477584808,-3.3182338921700145,-0.95000000000000051,-0.93369741443343968,occupied,occupied,1,
91.38395990490362,-3.3169528018543071,0.90000000000000269,0.91563081409168057,-3.2710733920349124,-0.94999999999999796,-0.9349379958274151,occupied,occupied,1,
91.433951130234533,-3.264259017634155,0.90000000000000024,0.91440226256359336,-3.2238177182257903,-0.9499999999999994,-0.93603971131665631,occupied,occupied,1,
91.483942355565446,-3.2116715410690615,0.90000000000000124,0.91332778573633733,-3.1764659962920496,-0.94999999999999829,-0.9370071651260854,occupied,occupied,1,
91.533933580896345,-3.1591888839484916,0.89999999999999913,0.91240104352463813,-3.1290174523862255,-0.95000000000000073,-0.93784497127515487,occupied,occupied,1,
91.583924806227259,-3.1068096766627717,0.89999999999999925,0.91161575798160921,-3.081471408045759,-0.95000000000000084,-0.93855775492373661,occupied,occupied,1,
91.633916031558172,-3.0545326638961257,0.90000000000000224,0.910965711151276,-3.0338272750651738,-0.94999999999999818,-0.93915015363304677,occupied,occupied,1,
91.683907256889086,-3.0023567003632206,0.8999999999999998,0.91044474300354739,-2.9860845504574507,-0.94999999999999984,-0.93962681854820895,occupied,occupied,1,
91.733898482219999,-2.9502807465898813,0.90000000000000013,0.91004674944982722,-2.9382428115034975,-0.95000000000000062,-0.93999241550888957,occupied,occupied,1,
91.783889707550898,-2.8983038647379296,0.89999999999999947,0.90976568043725292,-2.8903017108879991,-0.95000000000000007,-0.94025162609429314,occupied,occupied,1,
91.833880932881812,-2.8464252144738147,0.89999999999999969,0.90959553811965399,-2.8422609719196599,-0.95000000000000062,-0.94040914860847713,occupied,occupied,1,
91.883872158212725,-2.7946440488806568,0.90000000000000069,0.90953037510308965,-2.7941203838338233,-0.94999999999999996,-0.94046969901179622,occupied,occupied,1,
91.933863383543638,-2.7429597104125185,0.90000000000000235,0.90956429276387285,-2.7458797971747431,-0.9499999999999974,-0.9404380118040695,occupied,occupied,1,
91.983854608874537,-2.6913716268899837,0.89999999999999813,0.90969143963689891,-2.6975391192550524,-0.9500000000000014,-0.94031884086482598,occupied,occupied,1,
92.033845834205451,-2.6398793075354265,0.90000000000000135,0.90990600987212167,-2.6490983096893705,-0.94999999999999807,-0.94011696025573921,occupied,occupied,1,
92.083837059536364,-2.5884823390465463,0.90000000000000124,0.91020224175685394,-2.6005573759992124,-0.9499999999999984,-0.93983716499031233,occupied,occupied,1,
92.133828284867278,-2.5371803817059644,0.90000000000000069,0.9105744163018048,-2.5519163692856899,-0.94999999999999885,-0.93948427177539995,occupied,occupied,1,
92.183819510198177,-2.4859731655256732,0.90000000000000113,0.9110168558884647,-2.5031753799674923,-0.94999999999999951,-0.93906311972926637,occupied,occupied,1,
92.23381073552909,-2.4348604864174113,0.9000000000000028,0.91152392297571105,-2.4543345335743307,-0.94999999999999774,-0.93857857108040788,occupied,occupied,1,
92.283801960860004,-2.3838422024132324,0.89999999999999991,0.91209001886308727,-2.4053939866178187,-0.95000000000000007,-0.93803551185162615,occupied,occupied,1,
92.333793186190917,-2.3329182298735001,0.90000000000000269,0.91270958250912371,-2.3563539224786316,-0.94999999999999707,-0.93743885253274639,occupied,occupied,1,
92.383784411521816,-2.2820885397592443,0.90000000000000002,0.91337708940154461,-2.3072145473824177,-0.94999999999999996,-0.93679352874670607,occupied,occupied,1,
92.433775636852729,-2.231353153903437,0.89999999999999958,0.91408705047784822,-2.2579760864009097,-0.95000000000000007,-0.93610450191200179,occupied,occupied,1,
92.483766862183643,-2.1807121413045456,0.9000000000000028,0.91483401109358442,-2.2086387794996205,-0.94999999999999629,-0.93537675990545921,occupied,occupied,1,
92.533758087514556,-2.1301656144345427,0.90000000000000124,0.91561255003617592,-2.1592028776237973,-0.94999999999999962,-0.9346153177286366,occupied,occupied,1,
92.58374931284547,-2.0797137255580176,0.90000000000000036,0.91641727858199873,-2.1096686388186581,-0.95000000000000029,-0.93382521818118347,occupied,occupied,1,
92.633740538176369,-2.0293566630587949,0.89999999999999958,0.91724283959434383,-2.0600363243797948,-0.94999999999999984,-0.93301153254446267,occupied,occupied,1,
92.683731763507282,-1.9790946477703961,0.89999999999999947,0.9180839066600105,-2.0103061950296173,-0.95000000000000095,-0.93217936127845125,occupied,occupied,1,
92.733722988838196,-1.9289279293068775,0.90000000000000246,0.91893518326214851,-1.9604785071160198,-0.94999999999999829,-0.93133383473498943,occupied,occupied,1,
92.783714214169109,-1.8788567823899149,0.90000000000000158,0.91979140198697107,-1.9105535088288703,-0.94999999999999918,-0.93048011389034713,occupied,occupied,1,
92.833705439500008,-1.8288815031685515,0.90000000000000147,0.92064732376196978,-1.860531436430553,-0.94999999999999862,-0.92962339109990921,occupied,occupied,1,
92.883696664830921,-1.7790024055274509,0.90000000000000047,0.92149773712310978,-1.8104125104963171,-0.9499999999999994,-0.92876889087788039,occupied,occupied,1,
92.933687890161835,-1.7292198173798818,0.90000000000000047,0.92233745750856166,-1.7601969321606594,-0.9500000000000004,-0.92792187070468768,occupied,occupied,1,
92.983679115492748,-1.6795340769410612,0.90000000000000258,0.92316132657637295,-1.7098848793654551,-0.94999999999999818,-0.92708762186483806,occupied,occupied,1,
93.033670340823647,-1.6299455289779725,0.90000000000000091,0.9239642115434572,-1.6594765031061394,-0.94999999999999962,-0.9262714703178998,occupied,occupied,1,
93.083661566154561,-1.5804545210312888,0.90000000000000202,0.92474100454322272,-1.6089719236718416,-0.94999999999999729,-0.92547877760520092,occupied,occupied,1,
93.133652791485474,-1.5310613996054321,0.90000000000000269,0.92548662199898046,-1.5583712268758758,-0.94999999999999774,-0.92471494179496005,occupied,occupied,1,
93.183644016816388,-1.4817665063222225,0.90000000000000224,0.92619600401031965,-1.507674460272495,-0.94999999999999718,-0.92398539846833661,occupied,occupied,1,
93.233635242147301,-1.4325443362531181,0.89999999999999891,0.92686476661538097,-1.4569073677427895,-0.95000000000000062,-0.92329564732265512,occupied,occupied,1,
93.2836264674782,-1.3833131026323271,0.90000000000000191,0.92749269231766174,-1.4061514847255989,-0.94999999999999862,-0.92264827304055652,occupied,occupied,1,
93.333617692809113,-1.3340666261633554,0.89999999999999913,0.92808066717298821,-1.3554127731792716,-0.95000000000000095,-0.92204247953709639,occupied,occupied,1,
93.383608918140027,-1.2848047741390287,0.90000000000000102,0.92862953056884645,-1.3046911726872021,-0.94999999999999829,-0.92147734981596374,occupied,occupied,1,
93.43360014347094,-1.2355274195587218,0.90000000000000135,0.92914012437198623,-1.2539866267535378,-0.9499999999999984,-0.92095196585764871,occupied,occupied,1,
93.483591368801839,-1.1862344410411021,0.90000000000000202,0.92961329290460459,-1.2032990827134189,-0.94999999999999785,-0.92046540866335957,occupied,occupied,1,
93.533582594132753,-1.1369257227352516,0.90000000000000169,0.93004988291955537,-1.1526284916417411,-0.94999999999999796,-0.92001675829943841,occupied,occupied,1,
93.583573819463666,-1.0876011542304216,0.90000000000000036,0.93045074357464486,-1.1019748082607035,-0.95000000000000018,-0.91960509394220802,occupied,occupied,1,
93.63356504479458,-1.0382606304641893,0.89999999999999836,0.93081672640599988,-1.0513379908458906,-0.95000000000000162,-0.91922949392325248,occupied,occupied,1,
93.683556270125479,-0.98890405162926021,0.89999999999999947,0.93114868530053063,-1.0007180011311443,-0.95000000000000018,-0.91888903577513215,occupied,occupied,1,
93.733547495456392,-0.93953132307879905,0.89999999999999836,0.93144747646747517,-0.9501148042120946,-0.95000000000000107,-0.91858279627751327,occupied,occupied,1,
93.783538720787305,-0.89014235523054197,0.9000000000000018,0.9317139584090891,-0.89952836844860606,-0.94999999999999885,-0.91830985150367295,occupied,occupied,1,
93.833529946118219,-0.84073706346945309,0.90000000000000113,0.93194899189040692,-0.84895866536589393,-0.9499999999999984,-0.91806927686742934,occupied,occupied,1,
93.883521171449132,-0.79131536804916924,0.90000000000000058,0.93215343990819433,-0.79840566955455328,-0.95000000000000051,-0.91786014717040909,occupied,occupied,1,
93.933512396780031,-0.7418771939921962,0.90000000000000346,0.93232816765900184,-0.74786935856946157,-0.94999999999999662,-0.91768153664968666,occupied,occupied,1,
93.983503622110945,-0.69242247098883591,0.89999999999999913,0.93247404250638233,-0.69734971282752811,-0.95000000000000029,-0.9175325190258018,occupied,occupied,1,
94.033494847441858,-0.64295113329507769,0.90000000000000158,0.93259193394732798,-0.64684671550452688,-0.94999999999999796,-0.91741216755103039,occupied,occupied,1,
94.083486072772772,-0.59346311962922527,0.90000000000000191,0.93268271357781285,-0.59636035243077212,-0.94999999999999873,-0.91731955505806873,occupied,occupied,1,
94.133477298103671,-0.54395837306751027,0.90000000000000302,0.93274725505761458,-0.54589061198589284,-0.94999999999999618,-0.9172537540089305,occupied,occupied,1,
94.183468523434584,-0.49443684093856272,0.9000000000000028,0.93278643407430384,-0.49543748499256851,-0.94999999999999796,-0.91721383654419675,occupied,occupied,1,
94.233459748765497,-0.44489847471701671,0.90000000000000324,0.93280112830648987,-0.44500096460950583,-0.94999999999999774,-0.91719887453247795,occupied,occupied,1,
94.283450974096411,-0.39534322991597931,0.90000000000000047,0.93279221738629425,-0.39458104622337675,-0.94999999999999907,-0.9172079396201801,occupied,occupied,1,
94.33344219942731,-0.34577106597865653,0.90000000000000158,0.93276058286111563,-0.3441777273400134,-0.94999999999999851,-0.91724010328146466,occupied,occupied,1,
94.383433424758223,-0.29618194616897903,0.90000000000000091,0.93270710815463409,-0.29379100747469689,-0.94999999999999851,-0.91729443686846068,occupied,occupied,1,
94.433424650089137,-0.24657583746151585,0.89999999999999925,0.93263267852715492,-0.24342088804182979,-0.9500000000000004,-0.91737001166165644,occupied,occupied,1,
94.48341587542005,-0.19695271043040385,0.90000000000000024,0.93253818103524488,-0.19306737224371165,-0.94999999999999951,-0.9174658989204787,occupied,occupied,1,
94.533407100750949,-0.14731253913758818,0.90000000000000113,0.93242450449069425,-0.14273046495871666,-0.94999999999999929,-0.91758116993405803,occupied,occupied,1,
94.583398326081863,-0.097655301020213026,0.89999999999999958,0.93229253941884493,-0.092410172628705656,-0.95000000000000129,-0.9177148960721172,occupied,occupied,1,
94.633389551412776,-0.047980976777445304,0.90000000000000235,0.93214317801628988,-0.042106503145957257,-0.94999999999999785,-0.91786614883599582,occupied,occupied,1,
94.683380776743689,0.0017104497435176344,0.9000000000000028,0.93197731410792706,0.0081805342606369388,-0.94999999999999629,-0.91803399990981571,occupied,occupied,1,
