x_m,y_m,s_m,psi_rad,kappa_inv_m
0.054960766135811093,-0.031789111901650978,0,0.0038010289796896247,0.0058924797195182982
0.10495160223660956,-0.0315918834640442,0.049991225330910077,0.0040864695523109189,0.0055271115600592259
0.15494238195471155,-0.031380842254676487,0.099982450661820155,0.0043536397343436175,0.0051615391106041653
0.20493310557311717,-0.031156901886716729,0.14997367599273023,0.0046025298060566339,0.0047957820836661983
0.25492377408421285,-0.030920976432413302,0.19996490132364031,0.0048331310316960373,0.0044298601331933833
0.30491438913985136,-0.030673980373858326,0.24995612665455039,0.0050454356566276134,0.0040637928573868812
0.35490495300128622,-0.030416828553951867,0.29994735198546046,0.0052394369046213189,0.0036975998015636429
0.4048954684890006,-0.030150436127554109,0.34993857731637057,0.0054151289752799774,0.0033313004610595214
0.45488593893242579,-0.029875718512814019,0.39992980264728062,0.0055725070416140126,0.0029649142841693026
0.50487636811955772,-0.029593591342662325,0.44992102797819067,0.0057115672477639672,0.0025984606751197903
0.55486676024650972,-0.029304970416456914,0.49991225330910077,0.0058323067068724371,0.002231958997072007
0.60485711986697943,-0.029010771651768484,0.54990347864001088,0.0059347234991067041,0.0018654285751489826
0.65484745184168935,-0.028711911036294183,0.59989470397092093,0.0060188166698333413,0.0014988886994849809
0.70483776128775899,-0.028409304579887051,0.64988592930183098,0.0060845862279456488,0.0011323586282927672
0.75482805352807536,-0.028103868266688838,0.69987715463274114,0.0061320331443448419,0.00076585759094482595
0.80481833404063374,-0.027796518007353783,0.74986837996365119,0.0061611593505755307,0.00039940479106491292
0.85480860840788697,-0.027488169591351141,0.79985960529456124,0.0061719677376159228,3.3019409626122407e-05
0.9047988822661035,-0.02717973863933373,0.84985083062547129,0.0061644621548229963,-0.00033327939194830386
0.95478916125475988,-0.026872140555560246,0.89984205595638134,0.0061386474090326677,-0.0006994724686851916
1.0047794509659629,-0.026566290480358926,0.9498332812872915,0.0060945292638148315,-0.0010655406889663306
1.0547697568939312,-0.026263103242619955,0.99982450661820155,0.0060321144388829082,-0.0014314649314419309
1.104760084384532,-0.025963493312304516,1.0498157319491117,0.0059514106096574485,-0.0017972260819561668
1.1547504385849157,-0.025668374752957798,1.0998069572800218,0.0058524264069829812,-0.002162805030488775
1.2047408243932225,-0.025378661174214067,1.1497981826109318,0.0057351714169973532,-0.0025281826681161422
1.2547312464084088,-0.025095265684281214,1.1997894079418419,0.005599656181152355,-0.0028933398839957282
1.3047217088801726,-0.024819100842392954,1.2497806332727519,0.005445892196384511,-0.0032582575623773687
1.3547122156590294,-0.024551078611216467,1.299771858603662,0.0052738919154344697,-0.0036229165796452531
1.4047027701465278,-0.024292110309203509,1.349763083934572,0.0050836687473134355,-0.0039872978013941168
1.4546933752455977,-0.02404310656287344,1.3997543092654823,0.0048752370579148935,-0.0043513820795430865
1.504684033311114,-0.023804977259016216,1.4497455345963923,0.0046486121707694913,-0.0047151502494912415
1.5546747457881118,-0.023578561293366062,1.4997367599273024,0.0044096324057030156,-0.0047567211960194127
1.6046655106790684,-0.023364028947772363,1.5497279852582124,0.004173871760186988,-0.0046753764297004057
1.6546563243507693,-0.023161180859692512,1.5997192105891225,0.0039421751763561398,-0.0045941298490444014
1.7046471832953558,-0.02296981399609789,1.6497104359200325,0.0037145377976442154,-0.0045129793799520476
1.7546380841457228,-0.022789725562995907,1.6997016612509426,0.0034909548711004566,-0.004431922951164213
1.8046290236728244,-0.022620713000327055,1.7496928865818526,0.0032714217472494395,-0.0043509584941873536
1.8546199987829834,-0.022462573976865876,1.7996841119127627,0.003055933879954691,-0.0042700839432185502
1.9046110065152135,-0.022315106385125814,1.8496753372436729,0.002844486826286091,-0.0041892972350701836
1.9546020440385654,-0.022178108336267717,1.899666562574583,0.0026370762463909874,-0.0041085963090942354
2.0045931086494813,-0.022051378155011986,1.949657787905493,0.0024336979033691497,-0.0040279791071062537
2.0545841977691599,-0.021934714374554156,1.9996490132364031,0.0022343476631515391,-0.0039474435733089777
2.1045753089409454,-0.021827915731483818,2.0496402385673131,0.0020390214943828496,-0.0038669876542156002
2.1545664398277213,-0.021730781160706755,2.0996314638982234,0.001847715468307964,-0.0037866092985727236
2.2045575882093162,-0.021643109790370162,2.1496226892291332,0.0016604257586622219,-0.0037063064572829935
2.2545487519799385,-0.021564700936790773,2.1996139145600435,0.0014771486415655589,-0.0036260770833273681
2.3045399291455952,-0.021495354099385897,2.2496051398909533,0.0012978804954205964,-0.0035459191316871371
2.35453111782155,-0.021434868955607003,2.2995963652218636,0.0011226178008145605,-0.0034658305592655866
2.4045223162297722,-0.02138304535587594,2.3495875905527734,0.00095135714042520988,-0.0033858093248093778
2.4545135226964199,-0.021339683318523546,2.3995788158836837,0.00078409519893058658,-0.0033058533888296127
2.5045047356493129,-0.021304583024730508,2.449570041214594,0.00062082876292285914,-0.003225960713522622
2.554495953615425,-0.021277544813470335,2.4995612665455038,0.00046155472082600509,-0.0031461292626904511
2.6044871752183809,-0.021258369176454329,2.5495524918764141,0.00030627006281758754,-0.0030663570016610815
2.6544783991759844,-0.021246856753078431,2.5995437172073239,0.00015497188075441797,-0.0029866418972083301
2.7044696242977295,-0.02124280832537169,2.6495349425382342,7.6573681023122996e-06,-0.0029069819174715197
2.7544608494823315,-0.021246024812946327,2.699526167869144,-0.00013567618013014509,-0.0028273750318748522
2.8044520737152796,-0.0212563072679492,2.7495173932000543,-0.00027503136745385783,-0.0027478192110464931
2.8544432960663699,-0.021273456870014515,2.7995086185309646,-0.00041041069595731537,-0.0026683124267374604
2.9044345156872815,-0.021297274921217628,2.8494998438618744,-0.0005418165663607507,-0.002588852651740154
2.9544257318091378,-0.021327562841029837,2.8994910691927847,-0.00066925127806612996,-0.0025094378598067265
3.0044169437400758,-0.021364122161273917,2.9494822945236945,-0.00079271702920308425,-0.0024300660255671225
3.0544081508628373,-0.021406754521080373,2.9994735198546048,-0.00091221591667074785,-0.002350735124446909
3.104399352632361,-0.021455261661844138,3.0494647451855146,-0.0010277499361754721,-0.0022714431325848508
3.1543905485733661,-0.021509445422181615,3.0994559705164249,-0.0011393209822643951,-0.0021921880267502395
3.2043817382779736,-0.021569107732887918,3.1494471958473347,-0.0012469308483549204,-0.0021129677842599746
3.2543729214033106,-0.021634050611894141,3.199438421178245,-0.001350581226759999,-0.0020337803828954057
3.304364097669128,-0.021704076159224501,3.2494296465091552,-0.0014502737087092646,-0.001954623800818951
3.3543552668554222,-0.021778986551953122,3.2994208718400651,-0.0015460097843659924,-0.0018754960164904814
3.4043464288000633,-0.021858584039160463,3.3494120971709753,-0.0016377908428398852,-0.001796395008583457
3.4543375833964345,-0.021942670936889105,3.3994033225018851,-0.0017256181721956357,-0.0017173187559008534
3.5043287305910646,-0.022031049623098695,3.4493945478327954,-0.0018094929594573035,-0.0016382652372908589
3.5543198703812759,-0.022123522532620052,3.4993857731637052,-0.0018894162906084614,-0.0015592324315623308
3.6043110028128376,-0.02221989215210813,3.5493769984946155,-0.0019653891505881185,-0.0014802183174000547
3.6543021279776027,-0.022319961014993679,3.5993682238255253,-0.0020374124232823798,-0.0014012208732797822
3.7042932460111779,-0.022423531696433539,3.6493594491564356,-0.0021054868915118801,-0.0013222380773830322
3.7542843570905857,-0.022530406808259313,3.6993506744873459,-0.0021696132370149388,-0.0012432679075116844
3.8042754614319092,-0.022640388993924242,3.7493418998182557,-0.0022297920404264369,-0.001164308341002391
3.8542665592879768,-0.022753280923448194,3.799333125149166,-0.0022860237812524255,-0.0010853573546407245
3.9042576509460258,-0.022868885288360587,3.8493243504800758,-0.0023383088378404176,-0.0010064129245751536
3.9542487367253667,-0.022987004796640925,3.8993155758109861,-0.0023866474873453897,-0.00092747302623080285
4.0042398169750646,-0.023107442167657009,3.9493068011418959,-0.0024310399056914588,-0.00084853563422300482
4.0542308920716037,-0.023230000127100497,3.9992980264728062,-0.0024714861675292324,-0.00076959872227065596
4.1042219624165739,-0.023354481401919671,4.0492892518037165,-0.0025079862461888322,-0.00069066026310934752
4.1542130284343459,-0.023480688715249318,4.0992804771346263,-0.0025405400136285518,-0.00061171822840433085
4.2042040905697382,-0.023608424781337387,4.1492717024655361,-0.0025691472403791831,-0.00053277058866325281
4.25419514928572,-0.023737492300468458,4.1992629277964468,-0.0025938075954839461,-0.0004538153131487065
4.3041862050610495,-0.02386769395388362,4.2492541531273567,-0.0026145206464340668,-0.00037485036979060729
4.3541772583880061,-0.023998832398696903,4.2992453784582665,-0.0026312858590999636,-0.0002958737250983139
4.4041683097700162,-0.024130710262807619,4.3492366037891763,-0.0026441025976580196,-0.00021688334407264252
4.4541593597193705,-0.024263130139808985,4.399227829120087,-0.0026529701245129756,-0.00013787719011759987
4.5041504087548763,-0.024395894583892408,4.4492190544509969,-0.0026578876002158898,-5.8853224952009555e-05
4.5541414573981527,-0.024528806104743776,4.4992102797819067,-0.002658854083377714,2.0190591476912284e-05
4.604132506177141,-0.024661667162454468,4.5492015051128174,-0.0026558685305783565,9.9256301091576963e-05
4.654123555614694,-0.024794280162388008,4.5991927304437272,-0.0026489297962712243,0.00017834594775862186
4.7041146062324728,-0.024926447450082479,4.6491839557746371,-0.0026380366326836549,0.00025746157738792291
4.7541056585470134,-0.025057971306127184,4.6991751811055469,-0.002623187689712573,0.000336605238019411
4.8040967130674082,-0.025188653941038287,4.7491664064364576,-0.0026043815148157727,0.0004157789799125966
4.8540877702929546,-0.025318297490129045,4.7991576317673674,-0.0025816165528987178,0.00049498485563626926
4.9040788307108247,-0.025446704008374454,4.8491488570982773,-0.0025548911461968447,0.00057422492015838473
4.9540698947937063,-0.025573675465270132,4.899140082429188,-0.0025242035341533843,0.00065350123093610587
5.0040609629974631,-0.025699013739685281,4.9491313077600978,-0.0024895518532926575,0.0007328158480060399
5.0540520357587777,-0.025822520614709511,4.9991225330910076,-0.0024509341370888829,0.00081217083407463789
5.1040431134927902,-0.025943997772493357,5.0491137584219175,-0.0024083483158304298,0.00089156825460877419
5.1540341965907457,-0.026063246789082391,5.0991049837528282,-0.0023617922164795558,0.0009710101779264969
5.2040252854176039,-0.026180069129244522,5.149096209083738,-0.0023112635625276139,0.0010504986752879219
5.2540163803096886,-0.026294266141290653,5.1990874344146478,-0.0022567599738456848,0.0011300358209863355
5.3040074815722962,-0.026405639051888193,5.2490786597455585,-0.0021982789665306699,0.001209623692439431
5.3539985894773094,-0.026513988960867377,5.2990698850764684,-0.0021358179527468085,0.001289264370280725
5.4039897042608001,-0.026619116836020258,5.3490611104073782,-0.0020693742405626511,0.0013689599384511088
5.4539808261206417,-0.026720823507892125,5.399052335738288,-0.0019989450337833873,0.0014487124842906137
5.5039719552140944,-0.026818909664565186,5.4490435610691987,-0.0019245274317786607,0.0015285240986302657
5.5539630916553904,-0.026913175846434295,5.4990347864001086,-0.0018461184293057211,0.0016083968758841551
5.6039542355133154,-0.027003422440974631,5.5490260117310184,-0.0017637149163280132,0.0016883329141416247
5.6539453868087808,-0.027089449677501088,5.5990172370619291,-0.0016773136778291361,0.0017683343152596182
5.7039365455123665,-0.02717105762191914,5.6490084623928389,-0.0015869113936222,0.0018484031849551751
5.7539277115419036,-0.027248046171467234,5.6989996877237488,-0.001492504638154506,0.0019285416328980935
5.8039188847599998,-0.027320215049450123,5.7489909130546586,-0.0013940898803076487,0.0020087517728037086
5.8539100649715756,-0.027387363799963427,5.7989821383855693,-0.0012916634831929429,0.0020890357225258377
5.9039012519213871,-0.027449291782608867,5.8489733637164791,-0.0011852217039422257,0.0021693956041498263
5.9538924452915527,-0.027505798167200231,5.898964589047389,-0.0010747606934939651,0.00224983354408579
6.0038836446990373,-0.027556681928459704,5.9489558143782988,-0.00096027649637474017,0.0023303516731619438
6.0538748496931678,-0.027601741840704599,5.9989470397092095,-0.00084176505047603976,0.0024109521267180714
6.1038660597530967,-0.027640776472524095,6.0489382650401193,-0.0007192221868263834,0.0024916370446991369
6.1538572742852846,-0.027673584181445953,6.0989294903710292,-0.00059264362935875219,0.0025724085717490131
6.2038484926209554,-0.027699963108592955,6.1489207157019399,-0.00046202499467334717,0.0026532688573043289
6.253839714013548,-0.027719711173328922,6.1989119410328497,-0.00032736179179563755,0.0027342200556884438
6.3038309376361381,-0.027732626067894121,6.2489031663637595,-0.00018864942192975176,0.0028152643262055067
6.3538221625788864,-0.02773850525202988,6.2988943916946694,-4.5883178207043626e-05,0.0028964038332347096
6.4038133878464105,-0.027737145947592228,6.3488856170255801,0.00010094175456986726,0.0029776407463245162
6.4538046123552189,-0.027728345133154475,6.3988768423564899,0.00025183030018795271,0.0030589772402871192
6.5037958349310614,-0.027711899538598341,6.4488680676873997,0.00040678749128922667,0.0031404154952929314
6.553787054306321,-0.027687605639693684,6.4988592930183104,0.00056581846964102046,0.0032219576969651905
6.6037782691173463,-0.027655259652666572,6.5488505183492203,0.00072892848641089789,0.0033036060364746407
6.6537694779018075,-0.02761465752875546,6.5988417436801301,0.00089612290244638635,0.0033853627106343281
6.7037606790960069,-0.027565594948755403,6.6488329690110399,0.0010674071885593856,0.0034672299219944548
6.7537518710321933,-0.027507867317550033,6.6988241943419506,0.001242786925815363,0.003549209878937299
6.8037430519358519,-0.027441269758631242,6.7488154196728605,0.0014222678058272876,0.003631304795772262
6.8537342199229698,-0.027365597108606241,6.7988066450037703,0.0016058556310542811,0.0037135168928309021
6.903725372997318,-0.027280643911692035,6.848797870334681,0.0017935563151050952,0.0037958483965621053
6.9537165090476645,-0.027186204414196957,6.8987890956655908,0.0019853758830462522,0.0038783015396272463
7.0037076258450162,-0.027082072558989111,6.9487803209965007,0.0021813204717150356,0.0039608785609954551
7.0536987210390203,-0.026968041979953658,6.9987715463274105,0.0023813963300339533,0.0040435817060375592
7.1036897921573949,-0.026843905996429718,7.0487627716583212,0.0025856098193421193,0.0041264132266251126
7.1536808366060249,-0.026709457607629036,7.098753996989231,0.0027939674137354904,0.0042093753812306543
7.2036718516472948,-0.026564489487102685,7.1487452223201409,0.0030064757003198041,0.0042924704349917861
7.2536628344258247,-0.026408793977065005,7.1987364476510507,0.0032231413796666372,0.0043757006598540878
7.3036537819467018,-0.026242163082830235,7.2487276729819614,0.0034439712660765524,0.004459068334635146
7.3536446910772764,-0.026064388467172857,7.2987188983128712,0.0036689722879448927,0.0045425757451277859
7.4036355585442557,-0.025875261444685785,7.3487101236437811,0.0038981514881129518,0.004626225184195502
7.4536263809307286,-0.025674572976124146,7.3987013489746918,0.0041315160242237142,0.0047100189518677858
7.5036171546732033,-0.025462113662734272,7.4486925743056016,0.0043690731690825156,0.0047939593554355061
7.5536078768879085,-0.025237855909179249,7.4986837996365114,0.0045964029100937272,0.0041161619025937629
7.6035985519705402,-0.025003317941043549,7.5486750249674213,0.0047791035088488665,0.0031928072926974129
7.6535891890119467,-0.024760801153070111,7.598666250298332,0.0049156030957658399,0.0022679817955221157
7.7035797982579002,-0.024512616544008433,7.6486574756292418,0.0050058558586995776,0.0013427945143274717
7.7535703907432501,-0.02426107601319271,7.6986487009601516,0.0050498714211626551,0.00041835355752429317
7.8035609779590303,-0.024008489593487215,7.7486399262910624,0.0050477147021704902,-0.0005042375749052272
7.8535515715180653,-0.023757162695855791,7.7986311516219722,0.0049995055962396371,-0.0014238835690055913
7.9035421828225729,-0.023509393374401076,7.848622376952882,0.0049054184759004665,-0.002339500816258654
7.95353282273555,-0.023267469620581887,7.8986136022837918,0.0047656815201761737,-0.0032500208532091983
8.0035235012579928,-0.023033666695119512,7.9486048276147026,0.0045805758735390145,-0.0041543937005619411
8.0535142272136486,-0.02281024450585668,7.9985960529456124,0.004350434640866538,-0.0050515910820540496
8.1035050079430686,-0.022599445039536783,8.0485872782765231,0.0040756417248747614,-0.0059406095046462201
8.1534958490087046,-0.02240348985513075,8.0985785036074329,0.0037566305133935464,-0.0068204731829761816
8.203486753912447,-0.02222457764595644,8.1485697289383427,0.003393882424664279,-0.0076902367925660254
8.253477723827201,-0.022064881877415298,8.1985609542692526,0.0029879253195735445,-0.0085489880379478692
8.3034687573436869,-0.021926548506716749,8.2485521796001624,0.0025393317903843237,-0.0093958500236433918
8.3534598502337509,-0.021811693790477552,8.2985434049310722,0.0020487173360834135,-0.01022998341778047
8.4034509952311307,-0.021722402185574238,8.3485346302619821,0.0015167384349278439,-0.011050588400028278
8.4534421818306491,-0.021660724348097401,8.3985258555928937,0.00094409052513946172,-0.011856906387459886
8.5034333961065585,-0.021628675234711625,8.4485170809238035,0.0003315059049696158,-0.012648221533876753
8.5534246205506044,-0.021628232310168027,8.4985083062547133,-0.00032024843646981859,-0.013423862000038381
8.6034158339303115,-0.021661333864153701,8.5484995315856231,-0.0010103730461309061,-0.014183200994103464
8.6534070111677206,-0.021729877440096829,8.598490756916533,-0.0017380382802427204,-0.014925657583390418
8.7033981232387756,-0.02183571837798343,8.6484819822474428,-0.002502386612445057,-0.015650697280284332
8.7533891370933734,-0.021980668472685466,8.6984732075783526,-0.0033025349656560445,-0.01635783240673637
8.8033800155958843,-0.022166494748753676,8.7484644329092642,-0.0041375770567486352,-0.017046622243310033
8.8533707174859408,-0.02239491835209681,8.7984556582401741,-0.0050065857434424509,-0.017716672970109797
8.9033611973590929,-0.022667613558454536,8.8484468835710839,-0.0059086153632174256,-0.018367637408175638
8.9533514056672683,-0.022986206898080251,8.8984381089019937,-0.0068427040545200601,-0.018999214571036781
9.0033412887351467,-0.023352276395553869,8.9484293342329035,-0.0078078760509716107,-0.019611149037029794
9.053330758374285,-0.02377080787002437,8.9984205595638134,-0.0092178582603074325,-0.053357320876900649
9.1033188601918926,-0.024326084670034363,9.0484117848947232,-0.013554350344111728,-0.12020514424834823
9.1533026342350485,-0.025181979250340315,9.0984030102256348,-0.021255660226477086,-0.18821643062900745
9.2032759922733103,-0.026508676387829392,9.1483942355565446,-0.032416335293270183,-0.25884777078622873
9.2532277697667489,-0.028482750745912729,9.1983854608874545,-0.047204215612500162,-0.33358096643948776
9.3031393484113245,-0.03129067026652841,9.2483766862183643,-0.065862483851072934,-0.41395163898013099
9.3529816606481226,-0.035132256058003616,9.2983679115492741,-0.088712615973191702,-0.50155476482501438
9.4027113287408,-0.040224002268348713,9.3483591368801839,-0.11615672521609978,-0.59801144779395943
9.4522656656285218,-0.046802003025258929,9.3983503622110938,-0.14867674629348185,-0.70487013223328965
9.5015562749041784,-0.05512398613223661,9.4483415875420054,-0.18682621092041957,-0.82340071992964714
9.550461091692334,-0.06546958208593362,9.4983328128729152,-0.23120790017361526,-0.95422507956891978
9.5988150095880531,-0.078137452255513565,9.548324038203825,-0.28242766283375204,-1.0967243223734877
9.6463998964772326,-0.093437334133467054,9.5983152635347349,-0.34101238854233618,-1.2482007797570391
9.6929359732201892,-0.11167469903244055,9.6483064888656447,-0.40728171428448429,-1.4029000370108664
9.7380782006685305,-0.13312614389089136,9.6982977141965545,-0.48117426088864823,-1.5512592187186511
9.7814229760056026,-0.15800566064793395,9.7482889395274643,-0.56200545836095783,-1.6583489787030485
9.8226034113722811,-0.18632474102414792,9.7982801648583759,-0.64172749610451951,-1.5277619080471248
9.8615064933554208,-0.21770257968106221,9.8482713901892858,-0.7145324331305295,-1.3837384370899248
9.8981495501352228,-0.25169545055241893,9.8982626155201956,-0.78004098932535315,-1.2374277635267876
9.9326214946630014,-0.28789075119161306,9.9482538408511054,-0.83834425225929832,-1.0964514578111269
9.9650581523330057,-0.32592276282969534,9.9982450661820153,-0.88982917756644053,-0.9651304786414131
9.9956216741879249,-0.36547738690194875,10.048236291512925,-0.93503246573981302,-0.84528367050158193
10.024485551757717,-0.40629005938296908,10.098227516843835,-0.97453733111255347,-0.73708507447245453
10.051824854274509,-0.44814025834051918,10.148218742174747,-1.0089093113264125,-0.63974910863726686
10.07781057191837,-0.49084483393459843,10.198209967505656,-1.0386608318462924,-0.55199734704390879
10.102606886655675,-0.53425139099721564,10.248201192836566,-1.0642342826565201,-0.47234074674114018
10.126370409270768,-0.57823228433063623,10.298192418167476,-1.085995681960197,-0.39922943519859994
10.149250697550709,-0.622679395989021,10.348183643498386,-1.1042334759982437,-0.33111471551932226
10.171390947255254,-0.66749998369646246,10.398174868829296,-1.1192950687860821,-0.28306001202312409
10.192888951988632,-0.71263221856706616,10.448166094160205,-1.1331148786804586,-0.26976406311618839
10.213776459112097,-0.75805026193788105,10.498157319491117,-1.1462606710347296,-0.25610373812029652
10.234080859952506,-0.80373200454213056,10.548148544822027,-1.1587155728213823,-0.24213210893692813
10.253830897241848,-0.84965617990913112,10.598139770152937,-1.1704652641659834,-0.22789817538911986
10.27305650905206,-0.89580239437498788,10.648130995483847,-1.1814977652689056,-0.21344651099149958
10.291788681113871,-0.94215113998795352,10.698122220814756,-1.1918032094123943,-0.19881705769257094
10.310059309038731,-0.98868379183564314,10.748113446145666,-1.201373609089371,-0.1840450531420133
10.327901071499292,-1.0353825914563881,10.798104671476576,-1.2102026214330863,-0.16916107234273955
10.345347314975538,-1.0822306179985335,10.848095896807488,-1.2182853182016762,-0.15419116516542222
10.362431950282456,-1.1292117487508038,10.898087122138397,-1.2256179646583072,-0.1391570718343553
10.379189360757845,-1.1763106105810111,10.948078347469307,-1.2321978108250349,-0.12407649986766223
10.395654321705232,-1.2235125237037767,10.998069572800217,-1.2380228978077683,-0.10896344781753058
10.411861930455036,-1.2708034390631207,11.048060798131127,-1.2430918812097456,-0.093828563287681882
10.427847546221452,-1.3181698704719769,11.098052023462037,-1.2474038730803405,-0.078679524927215222
10.44364673878774,-1.3655988225057254,11.148043248792947,-1.2509583033857778,-0.063521440274741547
10.459295244947439,-1.4130777150239346,11.198034474123858,-1.2537548016344267,-0.048357253348881059
10.474828931528299,-1.4605943050107253,11.248025699454768,-1.2557930990269843,-0.033188157710516399
10.490283763811075,-1.508136606448623,11.298016924785678,-1.257072951335741,-0.018014012230744794
10.505695778050642,-1.5556928086579276,11.348008150116588,-1.2575940826012335,-0.0028337581271120349
10.52110105683566,-1.6032511936371214,11.397999375447498,-1.2573561496975181,0.012354163253887005
10.536535705971447,-1.6508000527920959,11.447990600778407,-1.2563587278040602,0.027551391728966833
10.552035831569238,-1.6983276034476982,11.497981826109317,-1.2546013168432451,0.04275922811002663
10.567637516017713,-1.7458219055277369,11.547973051440227,-1.252083368971816,0.057978211978897298
10.583376791512238,-1.7932707788101041,11.597964276771139,-1.2488043372395061,0.073207697054946785
10.599289609823842,-1.8406617212076479,11.647955502102048,-1.244763745532951,0.088445424364875389
10.615411807004977,-1.887981828592149,11.697946727432958,-1.2399612798919468,0.10368709429979484
10.631779061756454,-1.9352177167678382,11.747937952763868,-1.234396901202325,0.1189259398396261
10.648426846223023,-1.982355446309997,11.797929178094778,-1.2280709791192872,0.13415230473547193
10.665390368050087,-2.0293804511120399,11.847920403425688,-1.2209844468414215,0.14935323225316552
10.682704138500933,-2.0762776074129832,11.897911628756598,-1.2132071499130301,0.15653951967504917
10.700381785219864,-2.1230388233859552,11.947902854087509,-1.2055858249501574,0.14836515958074395
10.718405771584607,-2.1696676523590765,11.997894079418419,-1.1983733566986585,0.14018361653683176
10.73675608954871,-2.2161690372898031,12.047885304749329,-1.1915699286690205,0.13200172115605752
10.755412870266927,-2.2625483282183216,12.097876530080239,-1.1851754114231516,0.12382517332752906
10.7743563934253,-2.3088112515746402,12.147867755411148,-1.1791894175086113,0.11565860661931346
10.793567093162784,-2.3549638803746569,12.197858980742058,-1.1736113530790784,0.10750565621053693
10.813025560853795,-2.4010126053968825,12.247850206072968,-1.1684404660585443,0.099369029033908401
10.832712545018857,-2.4469641073991775,12.29784143140388,-1.1636758907671012,0.091250575027670242
10.852608948624782,-2.4928253304050494,12.34783265673479,-1.1593166889760775,0.083151358602979605
10.872695824027986,-2.5386034560634378,12.397823882065699,-1.155361887400032,0.075071729624947459
10.892954365804547,-2.5843058790626863,12.447815107396609,-1.1518105116637833,0.067011393381170389
10.913365901700018,-2.6299401835597376,12.497806332727519,-1.1486616168049093,0.058969479169306664
10.933911881920393,-2.6755141205683026,12.547797558058429,-1.1459143143870234,0.050944607274950919
10.954573866974457,-2.7210355862352884,12.597788783389339,-1.1435677963074335,0.042934954233016284
10.975333514266497,-2.7665126009224457,12.64778000872025,-1.1416213553854389,0.034938316370843964
10.996172563627825,-2.8119532889990815,12.69777123405116,-1.1400744028153509,0.026952171720484915
11.017072821967322,-2.8573658592462561,12.74776245938207,-1.1389264825619241,0.018973740461341908
11.038016147210651,-2.9027585857604645,12.79775368471298,-1.1381772827664596,0.01100004411597277
11.058984431693712,-2.9481397892456997,12.84774491004389,-1.1378266442192244,0.0030279637688226655
11.079959585168655,-2.9935178185744209,12.897736135374799,-1.1378745659395484,-0.0049457023851271712
11.100923517577943,-3.0389010324968342,12.947727360705709,-1.1383212078888583,-0.012924181829499589
11.12185812174959,-3.084297781375668,12.997718586036621,-1.1391668908248909,-0.020910670505756894
11.142745256166712,-3.1297163888231019,13.047709811367531,-1.1404120932877682,-0.028908275229548371
11.163566727965721,-3.175165133116677,13.097701036698441,-1.1420574456910435,-0.036919955395811964
11.184304276320846,-3.2206522282725896,13.14769226202935,-1.1441037214737486,-0.044948463639135038
11.20493955637758,-3.2661858046572108,13.19768348736026,-1.1465518252533784,-0.052996285141405836
11.225454123904155,-3.3117738890216137,13.24767471269117,-1.1494027779052451,-0.061065575315790196
11.245829420838193,-3.357424383848945,13.29766593802208,-1.1526576984812578,-0.069158095645448794
11.266046761915286,-3.4031450459113022,13.347657163352991,-1.1563177828716196,-0.077275147518423098
11.286087394252551,-3.4489434327282011,13.397648388683901,-1.1603672906229592,-0.082956142210483974
11.305939216646548,-3.4948239755422073,13.447639614014811,-1.1644952716991579,-0.082190888351667504
11.32560235856411,-3.540785698497023,13.497630839345721,-1.1685848198100708,-0.081418598030088302
11.345078265561002,-3.5868270737961372,13.547622064676631,-1.1726355898110856,-0.080639535511252219
11.364368411134679,-3.6329465874774702,13.597613290007541,-1.1766472496986753,-0.079853962224892661
11.383474295967519,-3.6791427397931149,13.64760451533845,-1.1806194804626873,-0.079062136529379975
11.402397447170905,-3.7254140455663958,13.697595740669362,-1.184551975927179,-0.078264313488643017
11.421139417531066,-3.7717590345261636,13.747586966000272,-1.1884444425804068,-0.077460744661637201
11.439701784757641,-3.8181762516187789,13.797578191331182,-1.1922965993946091,-0.076651677904345794
11.458086150735909,-3.8646642572978824,13.847569416662092,-1.1961081776362008,-0.075837357184268206
11.476294140783434,-3.9112216277923033,13.897560641993001,-1.199878920667004,-0.075018022407312923
11.494327402912115,-3.9578469553524687,13.947551867323911,-1.2036085837371349,-0.074193909256976637
11.512187607096294,-4.0045388484755522,13.997543092654821,-1.2072969337701509,-0.073365249045665687
11.529876444547757,-4.051295932109837,14.047534317985733,-1.2109437491410715,-0.072532268577980549
11.547395626998266,-4.0981168478385621,14.097525543316642,-1.2145488194478495,-0.071695190025764799
11.564746885990399,-4.1450002540438664,14.147516768647552,-1.2181119452768994,-0.070854230814686475
11.581931972177236,-4.1919448260509702,14.197507993978462,-1.2216329379632254,-0.070009603522108985
11.598952654631489,-4.2389492562533047,14.247499219309372,-1.2251116193457305,-0.069161515785977887
11.61581072016472,-4.2860122542188197,14.297490444640282,-1.2285478215182317,-0.068310170224440039
11.632507972657036,-4.3331325467781294,14.347481669971192,-1.2319413865767248,-0.067455764365890625
11.649046232397902,-4.38030887809483,14.397472895302101,-1.2352921663634029,-0.066598490589133072
11.665427335438329,-4.4275400097185988,14.447464120633013,-1.2386000222079332,-0.065738536073322751
11.681653132954992,-4.4748247206214193,14.497455345963923,-1.2418648246664632,-0.064876082757358566
11.697725490626592,-4.5221618072176124,14.547446571294833,-1.2450864532588315,-0.064011307308373622
11.713646288024288,-4.5695500833724783,14.597437796625742,-1.2482647962047184,-0.063144381098894004
11.729417418007531,-4.6169883803733143,14.647429021956652,-1.251399750157375,-0.062275470192797867
11.745040786148067,-4.664475546930456,14.697420247287562,-1.2544912199398379,-0.061404735338486387
11.760518310152289,-4.7120104491192132,14.747411472618472,-1.257539118278008,-0.060532331970544209
11.775851919304742,-4.7595919703305203,14.797402697949384,-1.2605433655354941,-0.059658410218296959
11.791043553923878,-4.8072190112037738,14.847393923280293,-1.2635038894487549,-0.05878311492139799
11.806095164831749,-4.8548904895469862,14.897385148611203,-1.2664206248631922,-0.057906585652001387
11.821008712837751,-4.9026053402446248,14.947376373942113,-1.2692935134705035,-0.057028956743168172
11.83578616823511,-4.9503625151492097,14.997367599273023,-1.2721225035473438,-0.056150357323235256
11.850429510318554,-4.9981609829842126,15.047358824603933,-1.2749075496971705,-0.055270911355302897
11.864940726902271,-5.0459997291909575,15.097350049934843,-1.2776486125915358,-0.05439073768274915
11.879321813866126,-5.0938777558103441,15.147341275265754,-1.2803456587164355,-0.053509950078774259
11.893574774709149,-5.1417940813321836,15.197332500596664,-1.2829986601199217,-0.052628657300895589
11.907701620118674,-5.1897477405395618,15.247323725927574,-1.2856075941628109,-0.051746963149579092
11.921704367553675,-5.2377377843442554,15.297314951258484,-1.2881724432724222,-0.050864966530780119
11.935585040842255,-5.2857632796135992,15.347306176589393,-1.2906931946995344,-0.049982761522094701
11.949345669793184,-5.3338233089892384,15.397297401920303,-1.2931698402787331,-0.049100437442231179
11.962988289821412,-5.3819169706981596,15.447288627251213,-1.295602376192309,-0.048218078923521555
11.976514941586164,-5.4300433783518738,15.497279852582125,-1.2979908027376268,-0.047335765987286969
11.989927670649118,-5.4782016607614485,15.547271077913035,-1.3003351240994454,-0.046453574121295707
12.0032285271334,-5.5263909617004394,15.597262303243944,-1.3026353481239275,-0.04557157436031814
12.016419565408809,-5.5746104397072367,15.647253528574854,-1.3048914860989704,-0.044689833367868241
12.029502843783872,-5.6228592678587477,15.697244753905764,-1.3071035525375447,-0.043808413520159073
12.042480424212295,-5.671136633543254,15.747235979236674,-1.3092715649654987,-0.042927372991550528
12.055354372012259,-5.7194417382280127,15.797227204567584,-1.3113955437136644,-0.042046765841370529
12.068126755598469,-5.7677737972221488,15.847218429898495,-1.3134755117143411,-0.041166642101909144
12.080799646226627,-5.8161320394348976,15.897209655229405,-1.3155114943021953,-0.040287047867405154
12.093375117750242,-5.8645157071297449,15.947200880560315,-1.3175035190196369,-0.039408025383845476
12.105855246389424,-5.9129240556745399,15.997192105891225,-1.3194516154266984,-0.03852961313941617
12.118242110511554,-5.9613563532879601,16.047183331222136,-1.3213558149154483,-0.037651845955449403
12.130537790423508,-6.009811880782566,16.097174556553046,-1.3232161505289624,-0.036774755077720801
12.142744368176388,-6.0582899313092788,16.147165781883956,-1.3250326567850332,-0.035898368267880773
12.154863927375585,-6.1067898100759468,16.197157007214866,-1.3268053695036057,-0.035022709895391121
12.166898553013235,-6.1553108341091507,16.247148232545776,-1.3285343256405042,-0.034147801028606546
12.178850331299753,-6.2038523319676084,16.297139457876685,-1.3302195631240157,-0.033273659526552507
12.190721349511515,-6.2524136434765447,16.347130683207595,-1.3318611206969124,-0.032400300130052101
12.202513695847239,-6.3009941194542431,16.397121908538505,-1.3334590377628155,-0.03152773455263428
12.214229459294424,-6.349593121437751,16.447113133869415,-1.3350133542371307,-0.030655971571020183
12.225870729505431,-6.3982100214070456,16.497104359200325,-1.3365241104025007,-0.029785017115128199
12.237439596682636,-6.4468442015068135,16.547095584531235,-1.3379913467687188,-0.028914874357550434
12.248938151472704,-6.4954950537671685,16.597086809862144,-1.3394151039371123,-0.028045543802419463
12.260368484869659,-6.5441619798229604,16.647078035193054,-1.3407954224693486,-0.027177023373623627
12.2717326881264,-6.5928443906320418,16.697069260523964,-1.3421323427606389,-0.026309308502320137
12.283032852674509,-6.641541706192382,16.747060485854877,-1.343425904917293,-0.025442392213712719
12.294271070051964,-6.6902533552583163,16.797051711185787,-1.344676148638597,-0.024576265213057641
12.305449431838616,-6.7389787750560046,16.847042936516697,-1.34588311310297,-0.023710915970872548
12.316570029598935,-6.7877174109975478,16.897034161847607,-1.3470468368583464,-0.022846330807338888
12.327634954832368,-6.8364687163963875,16.947025387178517,-1.3481673577168012,-0.021982493975837746
12.33864629893014,-6.8852321521801461,16.997016612509427,-1.3492447126532827,-0.021119387745678463
12.349606153139797,-6.9340071866078938,17.047007837840336,-1.3502789377085629,-0.020256992483892348
12.360516608531098,-6.9827932949645506,17.096999063171246,-1.3512700678957901,-0.019395286736575135
12.371379755978381,-7.0315899593010585,17.146990288502156,-1.3522181371120465,-0.01853424730856916
12.382197686138339,-7.0803966681277979,17.196981513833066,-1.3531231780528992,-0.017673849343130443
12.392972489438611,-7.129212916131058,17.246972739163976,-1.3539852221313995,-0.016814066400359297
12.403706256070713,-7.1780382038845962,17.296963964494886,-1.3548042994008835,-0.015954870534905456
12.414401075987982,-7.2268720375610549,17.346955189825795,-1.3555804384816397,-0.015096232372882731
12.425059038908435,-7.2757139286432588,17.396946415156705,-1.3563136664913995,-0.014238121188017164
12.435682234322124,-7.324563393635465,17.446937640487619,-1.3570040089796196,-0.013380504977052222
12.446272751502882,-7.3734199537744489,17.496928865818528,-1.3576514898655123,-0.012523350534442996
12.456832679524094,-7.4222831347406153,17.546920091149438,-1.3582561313797954,-0.011666623526367327
12.467364107278344,-7.4711524663690394,17.596911316480348,-1.3588179540101242,-0.010810288564089934
12.477869123500579,-7.5200274823604349,17.646902541811258,-1.3593369764501768,-0.009954309276715357
12.488349816794644,-7.5689077199921675,17.696893767142168,-1.3598132155523599,-0.0090986483833672121
12.498808275662894,-7.6177927198291568,17.746884992473078,-1.3602466862841118,-0.0082432677648359154
12.509246588538627,-7.6666820254348789,17.796876217803987,-1.3606374016877734,-0.0073881285347342359
12.519666843821131,-7.7155751830821737,17.846867443134897,-1.3609853728440049,-0.0065331911102095653
12.530071129913068,-7.7644717414641971,17.896858668465807,-1.3612906088387282,-0.0056784152822524905
12.540461535259986,-7.8133712514051599,17.946849893796717,-1.3615531167335742,-0.0048237602856545355
12.550840148391663,-7.8622732655711722,17.996841119127627,-1.3617729015398199,-0.0039691848686581295
12.561209057965115,-7.9111773381808757,18.046832344458537,-1.3619499661958006,-0.0031146473623531079
12.571570352808994,-7.9600830247161349,18.096823569789446,-1.3620843115477863,-0.0022601057498653301
12.581926121969085,-8.0089898816325125,18.14681479512036,-1.3621759363343131,-0.0014055177353932086
12.592278454754734,-8.0578974660696829,18.19680602045127,-1.3622248371739618,-0.00055084081314089688
12.602629440785989,-8.1068053355617593,18.246797245782179,-1.3622310085565823,0.00030396766379836332
12.612981170041081,-8.1557130477473532,18.296788471113089,-1.3621944428379611,0.0011589504145542535
12.623335732904177,-8.2046201600796316,18.346779696443999,-1.362115130237934,0.0020141501615365221
12.633695220213013,-8.2535262295360017,18.396770921774909,-1.3619930588419467,0.0028696095613791727
12.644061723306269,-8.3024308123277493,18.446762147105819,-1.3618282146060734,0.003725371135723317
12.654437334070405,-8.3513334636093326,18.496753372436729,-1.3616205813654993,0.0045814772017798017
12.664824144985737,-8.4002337371875324,18.546744597767638,-1.3613701408464816,0.0054379698026229863
12.675224249171453,-8.4491311852302484,18.596735823098548,-1.3610768726818026,0.006294890637158111
12.68563974042941,-8.4980253579750968,18.646727048429458,-1.3607407544297343,0.0071522809897135971
12.696072713286402,-8.5469158034376544,18.696718273760368,-1.3603617615965309,0.0080101816592029022
12.706525263034699,-8.595802067119461,18.746709499091278,-1.3599398676624772,0.0088686328878069421
12.716999485770568,-8.6446836917156116,18.796700724422188,-1.3594750441115133,0.0097276742891244956
12.727497478430571,-8.6935602168221457,18.846691949753101,-1.358967260464466,0.010587344775743955
12.738021338825336,-8.7424311786429794,18.896683175084011,-1.3584164843159168,0.011447682486184212
12.748573165670638,-8.7912961096965674,18.946674400414921,-1.3578226813747387,0.012308724711161156
12.759155058615434,-8.8401545385222455,18.99666562574583,-1.3571858155083365,0.01317050781913315
12.769769118266684,-8.8890059893861491,19.04665685107674,-1.3565058487906294,0.014033067181079748
12.780417446210624,-8.9378499819868953,19.09664807640765,-1.3557827415538115,0.014896437094475417
12.791102145030338,-8.9866860311608505,19.14663930173856,-1.3550164524439374,0.015760650706413668
12.801825318319242,-9.0355136465871713,19.19663052706947,-1.3542069384803694,0.016625739935848198
12.812589070690329,-9.0843323324924476,19.24662175240038,-1.3533541551191386,0.017491735394911053
12.823395448062481,-9.1331416005985773,19.296612977731289,-1.3524661468684549,0.017645235144708546
12.834244771877643,-9.1819413406306829,19.346604203062199,-1.3516016792725902,0.016939382027144158
12.845135416257989,-9.2307318759001635,19.396595428393109,-1.3507725211447539,0.016232616476631285
12.856065649851317,-9.2795135576305672,19.446586653724019,-1.3499787169119333,0.01552498582682808
12.86703374010823,-9.3282867417219322,19.496577879054929,-1.3492203086557166,0.014816536581574292
12.87803795336248,-9.3770517885473037,19.546569104385839,-1.3484973361530117,0.014107314445615887
12.889076554908472,-9.4258090627487512,19.596560329716752,-1.3478098369152092,0.01339736435608036
12.90014780907593,-9.4745589330327977,19.646551555047662,-1.3471578462257559,0.012686730514663536
12.91124997930193,-9.523301771965432,19.696542780378572,-1.346541397176102,0.011975456420485482
12.922381328200368,-9.5720379557667155,19.746534005709481,-1.3459605206999874,0.011263584903576729
12.933540117629041,-9.6207678641048879,19.796525231040391,-1.3454152456060424,0.010551158158957073
12.944724608754427,-9.6694918798902627,19.846516456371301,-1.3449055986086693,0.0098382177812650785
12.955933062114321,-9.7182103890687106,19.896507681702211,-1.3444316043571782,0.0091248047999047052
12.967163737678414,-9.7669237804148636,19.946498907033121,-1.3439932854631573,0.0084109597146685405
12.978414894907027,-9.8156324453250949,19.996490132364031,-1.3435906625260476,0.007696722531802893
12.989684792808044,-9.8643367776102728,20.04648135769494,-1.3432237541569068,0.0069821328004773149
13.000971689992223,-9.9130371732882541,20.09647258302585,-1.342892577000339,0.0062672296496252165
13.012273844727034,-9.9617340303763111,20.14646380835676,-1.3425971457545758,0.0055520518251170178
13.023589514989091,-10.010427748683263,20.19645503368767,-1.34233747318969,0.0048366377272358223
13.034916958515428,-10.059118729601675,20.24644625901858,-1.3421135701639297,0.0041210254484160954
13.046254432853628,-10.107807375899759,20.296437484349493,-1.3419254456381597,0.0034052528112173933
13.057600195411046,-10.156494091513332,20.346428709680403,-1.3417731066884002,0.0026893574064946347
13.068952503503178,-10.205179281337664,20.396419935011313,-1.3416565585164513,0.0019733766317349072
13.080309614401427,-10.253863351019293,20.446411160342223,-1.3415758044585993,0.0012573477295273272
13.091669785380237,-10.302546706747819,20.496402385673132,-1.3415308459923969,0.00054130782613226837
13.103031273763921,-10.351229755047699,20.546393611004042,-1.3415216827415117,-0.00017470602988014613
13.114392336973195,-10.399912902570081,20.596384836334952,-1.3415483124786449,-0.00089065682895751188
13.12575123257157,-10.44859655588464,20.646376061665862,-1.3416107311265144,-0.0016065075618875828
13.137106218311821,-10.49728112127152,20.696367286996772,-1.3417089327569052,-0.0023222211811505331
13.148455552182565,-10.545967004513289,20.746358512327681,-1.3418429095877902,-0.0030377605623305476
13.159797492455109,-10.59465461068682,20.796349737658591,-1.3420126519785223,-0.0037530884656176529
13.171130297731004,-10.643344343956388,20.846340962989501,-1.3422181484231093,-0.0044681674974505047
13.182452226989625,-10.69203660736467,20.896332188320411,-1.3424593855415667,-0.0051829600722834955
13.193761539637006,-10.740731802626078,20.946323413651321,-1.342736348069373,-0.0058974283745752863
13.205056495555276,-10.789430329919256,20.996314638982234,-1.3430490188450239,-0.0066115343209839448
13.216335355153079,-10.838132587679864,21.046305864313144,-1.3433973787957059,-0.0073252395228194126
13.227596379417186,-10.886838972393683,21.096297089644054,-1.3437814069210985,-0.0080385052487841162
13.238837829965313,-10.935549878389933,21.146288314974964,-1.344201080275323,-0.008751292388035313
13.25005796910037,-10.984265697634834,21.196279540305873,-1.3446563739470512,-0.009463561413601787
13.261255059866187,-11.03298681952546,21.246270765636783,-1.3451472610377977,-0.010175272346189789
13.272427366104948,-11.081713630683918,21.296261990967693,-1.3456737126384106,-0.010886384718413293
13.283573152516372,-11.130446514751885,21.346253216298603,-1.3462356978037877,-0.011596857539482138
13.294690684718836,-11.179185852185483,21.396244441629513,-1.3468331835258369,-0.012306649260384906
13.305778229312555,-11.227932020050593,21.446235666960423,-1.3474661347047125,-0.013015717739601682
13.316834053944902,-11.276685391818592,21.496226892291332,-1.3481345141183489,-0.013724020209383235
13.327856427378057,-11.325446337162568,21.546218117622242,-1.3488382823903238,-0.014431513242633967
13.338843619559071,-11.374215221754,21.596209342953152,-1.3495773979560819,-0.015138152720435484
13.349793901692491,-11.422992407060114,21.646200568284062,-1.3503518170275546,-0.015843893800250766
13.360705546315616,-11.471778250141639,21.696191793614975,-1.351161493556202,-0.016548690884843814
13.371576827376581,-11.520573103451353,21.746183018945885,-1.3520063791945258,-0.017252497591959026
13.382406020315329,-11.569377314633254,21.796174244276795,-1.3528864232560833,-0.017955266724796307
13.3931914021476,-11.618191226322438,21.846165469607705,-1.3538015726740462,-0.018656950243323679
13.403931251552052,-11.667015175945764,21.896156694938615,-1.3547517719583486,-0.019357499236468883
13.414623848960593,-11.715849495523333,21.946147920269524,-1.3557369631514646,-0.020056863895230509
13.425267476652133,-11.764694511470934,21.996139145600434,-1.3567570857828706,-0.020754993486752523
13.435860418849705,-11.813550544403276,22.046130370931344,-1.3578120768222304,-0.021451836329401799
13.446400961821197,-11.862417908938394,22.096121596262254,-1.3589018706313656,-0.022147339768895758
13.456887393983692,-11.911296913502973,22.146112821593164,-1.3600263989150565,-0.022841450155520152
13.467318006011599,-11.960187860138934,22.196104046924074,-1.3611855906707342,-0.023534112822483903
13.477691090948582,-12.009091044311088,22.246095272254983,-1.362379372137118,-0.02422527206545284
13.488005478956879,-12.058006642229495,22.296086497585893,-1.3635471520656843,-0.020446670540075724
13.498270183846522,-12.106932691512785,22.346077722916803,-1.364380560454171,-0.012897310628072832
13.508503339795755,-12.155865350193473,22.396068948247716,-1.3648368064130136,-0.0053569272155913773
13.518723390236925,-12.204800748191847,22.446060173578626,-1.3649162484815878,0.0021780972172668629
13.528948768600971,-12.253735032988031,22.496051398909536,-1.3646190634519337,0.0097114085577566719
13.539197902865507,-12.30266434692015,22.546042624240446,-1.3639452461125572,0.017246634608212755
13.549489220049637,-12.351584804505148,22.596033849571356,-1.3628946113124782,0.024787338653469205
13.559841150492172,-12.400492469764558,22.646025074902266,-1.3614667983532871,0.032336972699433156
13.570272131749325,-12.449383333539638,22.696016300233175,-1.3596612777341597,0.039898830044215662
13.580800611946255,-12.498253290783273,22.746007525564085,-1.3574773602913355,0.04747599685986769
13.591445052414949,-12.547098117821701,22.795998750894995,-1.3549142087890826,0.055071302486715913
13.602223929448844,-12.595913449589789,22.845989976225905,-1.3519708520330089,0.06268726817473555
13.613155734994159,-12.644694756819375,22.895981201556815,-1.348646201590987,0.070326054041855102
13.624258976116128,-12.69343732326865,22.945972426887725,-1.3449390712108806,0.077989404084822564
13.635552173037343,-12.742136222923847,22.995963652218634,-1.3408481990418781,0.085678589113293735
13.647053855580241,-12.790786297292014,23.045954877549544,-1.3363722727596103,0.093394347578515058
13.65878255781883,-12.83938213280984,23.095946102880454,-1.3315099577016039,0.10113682433798413
13.670756810750168,-12.887918038446621,23.145937328211367,-1.3262599281128007,0.10890550750487699
13.682995132796439,-12.936388023602909,23.195928553542277,-1.3206209015897763,0.11669916364932016
13.695516017937992,-12.984785776383053,23.245919778873187,-1.3145916768007966,0.12451577174565499
13.708337921308864,-13.033104642454372,23.295911004204097,-1.3081711745220932,0.13235245642892893
13.72147924204743,-13.081337604553982,23.345902229535007,-1.3013584820194668,0.14020542126336311
13.734958303247174,-13.129477262901515,23.395893454865917,-1.2941529007439385,0.14806988293659323
13.748793328839049,-13.177515816697674,23.445884680196826,-1.2865539972722222,0.15594000747363593
13.763002417263131,-13.225445046950137,23.495875905527736,-1.2785616573587519,0.16380884977738649
13.777603511808932,-13.273256300891161,23.545867130858646,-1.2701761428957754,0.17166829801453862
13.792614367532181,-13.320940478276045,23.595858356189556,-1.2613981514969261,0.1795090245773896
13.808052514690669,-13.368488019876011,23.645849581520466,-1.252228878328064,0.18732044555445262
13.823935218683932,-13.415888898501288,23.695840806851376,-1.2426700797077972,0.19509069082583744
13.840279436530412,-13.463132612907975,23.745832032182285,-1.2327241378904696,0.20280658705059262
13.857100503888157,-13.510208642525454,23.795823257513195,-1.222529497856282,0.20138005802048659
13.874394244691484,-13.557113107345772,23.845814482844109,-1.212652095558076,0.19378097718081938
13.892141548268006,-13.603847859318256,23.895805708175018,-1.2031551444912885,0.18616123073399468
13.910323014088183,-13.650415440364569,23.945796933505928,-1.1940394048821428,0.17853151567392914
13.928919371534027,-13.696818912343593,23.995788158836838,-1.1853051348756949,0.17090122802132898
13.947911503019219,-13.7430618255352,24.045779384167748,-1.1769521545561179,0.16327850505047717
13.967280462872457,-13.789148187589751,24.095770609498658,-1.1689799076424328,0.15567027571321071
13.987007492232101,-13.835082433176458,24.145761834829568,-1.1613875205002024,0.14808231724610879
14.007074030198474,-13.880869394490336,24.195753060160477,-1.154173858210189,0.14051931616838731
14.027461721535365,-13.926514272830035,24.245744285491387,-1.1473375775041699,0.1329849320865438
14.048152421145009,-13.972022611266354,24.295735510822297,-1.1408771764769077,0.12548186297050706
14.069128195608888,-14.017400268556555,24.345726736153207,-1.1347910410177944,0.11801191075372133
14.090371322029611,-14.062653394315602,24.395717961484117,-1.1290774879761314,0.11057604633196957
14.111864284420129,-14.10778840547907,24.445709186815026,-1.1237348051077645,0.10317447321575959
14.133589767868878,-14.152811964057845,24.495700412145936,-1.1187612878855682,0.095806689264282915
14.155530650697276,-14.197730956168016,24.54569163747685,-1.1141552732806179,0.088471546081841185
14.177669994806704,-14.242552472292987,24.59568286280776,-1.1099151706393358,0.081167305794801484
14.19999103441325,-14.287283788752752,24.645674088138669,-1.1060394897898185,0.073891695040303573
14.222477163323763,-14.331932350282202,24.695665313469579,-1.1025268665222925,0.066641956110355782
14.245111920926588,-14.376505753679929,24.745656538800489,-1.099376085582451,0.059414895271253348
14.267878977033584,-14.421011732433447,24.795647764131399,-1.0965861013181222,0.052206928360584708
14.290762115705444,-14.465458142236722,24.845638989462309,-1.0941560561112871,0.045014123824355635
14.313745218179342,-14.509852947307881,24.895630214793218,-1.0920852967182038,0.037832243410270937
14.336812245007089,-14.554204207409917,24.945621440124128,-1.090373388628467,0.030656780778001481
14.359947217502548,-14.59852006547311,24.995612665455038,-1.0890201285398076,0.023482998325051473
14.383134198588705,-14.642808735714281,25.045603890785948,-1.088025555029692,0.016305962559017079
14.406357273128158,-14.68707849214494,25.095595116116858,-1.0873899574875423,0.0091205783746576684
14.429600527815218,-14.731337657357477,25.145586341447768,-1.0871138833528515,0.0019216226183461542
14.452848030704221,-14.775594591476109,25.195577566778677,-1.0871981436848128,-0.0052962226561688707
14.47608381044614,-14.819857681156508,25.245568792109591,-1.087643817068388,-0.012538336817430114
14.49929247751461,-14.864134992122978,25.295560017440501,-1.0883811071358995,-0.015154489457153411
14.522467758743826,-14.908429786773544,25.34555124277141,-1.0891303021549477,-0.014817899177143103
14.545610222341963,-14.952741736369788,25.39554246810232,-1.0898625710228789,-0.014477349149974509
14.568720610260275,-14.997070423174595,25.44553369343323,-1.0905777195054227,-0.014132988783057816
14.591799673767891,-15.041415426684326,25.49552491876414,-1.0912755609329985,-0.0137849712794772
14.614848173101803,-15.085776323791338,25.54551614409505,-1.091955916385869,-0.013433453452801657
14.637866877107614,-15.130152688947975,25.59550736942596,-1.092618614869846,-0.013078595534323851
14.660856562871432,-15.174544094331837,25.645498594756869,-1.093263493482179,-0.012720560973184337
14.683818015343483,-15.218950110012232,25.695489820087779,-1.093890397567284,-0.012359516229864316
14.706752026953827,-15.263370304117565,25.745481045418689,-1.0944991808619942,-0.011995630563552455
14.72965939722074,-15.307804243003396,25.795472270749599,-1.0950897056300364,-0.011629075813914869
14.752540932352343,-15.352251491421292,25.845463496080509,-1.0956618427854727,-0.011260026177812181
14.775397444841898,-15.396711612687959,25.895454721411419,-1.0962154720048645,-0.010888657981529855
14.798229753057438,-15.441184168854644,25.945445946742328,-1.0967504818279472,-0.010515149449099127
14.821038680826133,-15.485668720876506,25.995437172073242,-1.0972667697466414,-0.010139680467299336
14.843825057013934,-15.530164828781542,26.045428397404152,-1.0977642422822378,-0.0097624323479449538
14.866589715102158,-15.574672051841091,26.095419622735061,-1.0982428150506676,-0.0093835875880447974
14.889333492758784,-15.61918994873624,26.145410848065971,-1.0987024128156997,-0.0090033296284928455
14.912057231410781,-15.663718077731218,26.195402073396881,-1.0991429695301316,-0.0086218426118095104
14.934761775802636,-15.708255996823244,26.245393298727791,-1.0995644283646349,-0.0082393111398062022
14.957447973574862,-15.752803263933918,26.295384524058701,-1.0999667417249073,-0.0078559200312253961
14.980116674817831,-15.7973594370531,26.345375749389611,-1.1003498712562825,-0.0074718540807242198
15.002768731646608,-15.841924074423673,26.39536697472052,-1.1007137878367137,-0.0070872978190381708
15.025404997752243,-15.886496734678378,26.44535820005143,-1.1010584715574168,-0.0067024352756766799
15.048026327975357,-15.93107697701743,26.49534942538234,-1.1013839116920756,-0.0063174497439594393
15.07063357787017,-15.975664361363105,26.54534065071325,-1.1016901066542009,-0.0059325235495021047
15.09322760327262,-16.020258448516842,26.59533187604416,-1.1019770639430433,-0.0055478378224746898
15.115809259870854,-16.064858800314219,26.64532310137507,-1.1022448000782286,-0.005163572274195889
15.138379402778749,-16.109464979777862,26.695314326705983,-1.1024933405233437,-0.0047799049785658132
15.16093888611293,-16.154076551268037,26.745305552036893,-1.1027227195987261,-0.0043970121588209283
15.183488600697698,-16.198693061365923,26.795296777367803,-1.1029291553210447,-0.0037868540303241903
15.206029872296037,-16.243313837677785,26.845288002698712,-1.1031004811367262,-0.0030680863302556326
15.228564299100805,-16.287938071169943,26.895279228029622,-1.1032359746637137,-0.002353192828153505
15.251093475617999,-16.332564955593305,26.945270453360532,-1.1033358119561814,-0.0016414702020343516
15.273618989564252,-16.377193688837885,26.995261678691442,-1.1034001341431108,-0.00093222420495267771
15.296142423320342,-16.421823471961446,27.045252904022352,-1.1034290478349724,-0.00022476779333450845
15.318665355391516,-16.466453508271474,27.095244129353262,-1.1034226254378894,0.00048158070678615825
15.341189361832976,-16.511083002367798,27.145235354684171,-1.1033809053768595,0.0011874994037217232
15.363716017689429,-16.555711159232864,27.195226580015081,-1.1033038922293199,0.0018936646249591558
15.386246898403956,-16.600337183271126,27.245217805345991,-1.1031915567698656,0.0026007526904390406
15.408783581262158,-16.644960277418498,27.295209030676901,-1.103043835926264,0.0033094416852315679
15.431327646805673,-16.689579642181585,27.345200256007811,-1.1028606326468546,0.0040204132384042655
15.453880680272368,-16.734194474710247,27.395191481338724,-1.1026418156785558,0.0047343543187840422
15.476444273039991,-16.778803967847903,27.445182706669634,-1.1023872192545365,0.0054519590559224161
15.499020024084704,-16.823407309171898,27.495173932000544,-1.1020966426900227,0.0061739305958516478
15.521609541457034,-16.868003680018933,27.545165157331454,-1.1017698498842625,0.0069009830012266276
15.544214443779124,-16.912592254492733,27.595156382662363,-1.1014065687261838,0.0076338432058432595
15.566836361767056,-16.957172198450685,27.645147607993273,-1.1010064904007684,0.0083732530339685821
15.589476939782227,-17.001742668466278,27.695138833324183,-1.10056926859263,0.0091199712954603551
15.612137837415853,-17.046302810763859,27.745130058655093,-1.1000945185827198,0.0098747759682900685
15.634820731110985,-17.090851760122451,27.795121283986003,-1.0995818162334823,0.01063846648083246
15.657527315826263,-17.135388638744487,27.845112509316913,-1.0990306968571548,0.011411866107135963
15.680259306746306,-17.179912555086023,27.895103734647822,-1.0984406539611999,0.012195824489390236
15.703018441043373,-17.224422602643841,27.945094959978732,-1.0978111378641466,0.012991220302919567
15.725806479695663,-17.268917858695399,27.995086185309642,-1.0971415541742944,0.013798964080324628
15.748625209367475,-17.313397382986661,28.045077410640552,-1.0964312621228889,0.014620001212843877
15.771476444357161,-17.35786021636304,28.095068635971465,-1.0956795727424131,0.015455315148655335
15.794362028618785,-17.402305379337786,28.145059861302375,-1.0948857468796291,0.016305930809697923
15.817283837864123,-17.446731870592316,28.195051086633285,-1.0940489930318549,0.017172918250700799
15.840243781752058,-17.491138665402442,28.245042311964195,-1.0931684649937248,0.018057396586485256
15.863242542238808,-17.535525369364951,28.295033537295105,-1.0923730497538271,0.011065906324537619
15.886265652568824,-17.579899449457859,28.345024762626014,-1.0920991094212766,-0.00012477431002536407
15.909288472624313,-17.624273680137968,28.395015987956924,-1.0923867394575131,-0.01138827793065735
15.932286026062757,-17.668661009343687,28.445007213287834,-1.0932376834621551,-0.022648531795244377
15.955233321755442,-17.713074338581777,28.494998438618744,-1.0946498652247441,-0.033829002410058623
15.978105501947356,-17.757526393381916,28.544989663949654,-1.0966173977569849,-0.044853979611382301
16.000877989826776,-17.80202959651557,28.594980889280563,-1.0991306563891294,-0.055649849243131204
16.023526634480596,-17.846595946738226,28.644972114611473,-1.1021764144244608,-0.066146317085203146
16.046027851226345,-17.891236905642032,28.694963339942383,-1.1057380380068911,-0.076277548070408846
16.068358755370536,-17.935963294941306,28.744954565273293,-1.1097957351261023,-0.085983187770280634
16.09049728754615,-17.980785206166406,28.794945790604203,-1.114326852138295,-0.095209237537982688
16.112422328932325,-18.025711924331631,28.844937015935116,-1.1193062098877169,-0.10390876038531915
16.134113804852923,-18.070751866686795,28.894928241266026,-1.1247064705319394,-0.11204240136573768
16.155552775486338,-18.115912537185149,28.944919466596936,-1.1304985255444875,-0.11957871358658546
16.176721512688893,-18.161200496821557,28.994910691927846,-1.1366518951144882,-0.1264942885762714
16.197603562231656,-18.206621349538555,29.044901917258755,-1.1431351292865486,-0.13277369715720977
16.2181761396788,-18.252183178572128,29.094893142589665,-1.1505581851494189,-0.17115786884521123
16.238358039223172,-18.297919310988188,29.144884367920575,-1.160287329017716,-0.21804749228213485
16.258040122537455,-18.343872633207837,29.194875593251485,-1.1723625845119288,-0.26514272886310697
16.277111166715923,-18.390082744526818,29.244866818582395,-1.186812116605326,-0.31314584782185489
16.295456148463622,-18.436585699997778,29.294858043913305,-1.20369734461682,-0.36268744665273212
16.312954528794631,-18.483413584954864,29.344849269244214,-1.2231096343406529,-0.41433558271314619
16.329478683007093,-18.53059380972859,29.394840494575124,-1.2451671629496488,-0.46859345974790634
16.344892495521151,-18.578148078206198,29.444831719906034,-1.270011361024223,-0.52588455016028968
16.359050180883127,-18.626090978770332,29.494822945236944,-1.2978022557061648,-0.58652311275991076
16.371795442667768,-18.674428148186752,29.544814170567857,-1.3287119228532025,-0.65066760361724552
16.382961142536704,-18.723153974301852,29.594805395898767,-1.3629151364725192,-0.71825489415746813
16.392369720189112,-18.77224884058948,29.644796621229677,-1.4005762411289451,-0.7889152190364217
16.399834672679805,-18.821675985333965,29.694787846560587,-1.4418313704935162,-0.86187234342282426
16.4051634493756,-18.871378160727311,29.744779071891497,-1.48676554493121,-0.93584148035835324
16.408163510525469,-18.921274379192283,29.794770297222406,-1.5351820474093796,-0.98952994380133763
16.408694292173589,-18.971257522500618,29.844761522553316,-1.5854647175150545,-1.024560901710408
16.406662267883252,-19.02120170923007,29.894752747884226,-1.6378732398380507,-1.0747955844153794
16.401947545739475,-19.070963710616006,29.944743973215136,-1.6932040370903223,-1.1417642799851395
16.394398016509374,-19.120374229065217,29.994735198546046,-1.7523404846149377,-1.2273950737970616
16.383828844174477,-19.169226706902652,30.044726423876956,-1.8162685592501717,-1.3338166469724997
16.37002403445732,-19.217263521107775,30.094717649207865,-1.8860773301087039,-1.4629237389000678
16.35274229447176,-19.264159520314987,30.144708874538775,-1.9629280546914882,-1.6155193106846644
16.331730613399227,-19.309504052006371,30.194700099869685,-2.0479650389684791,-1.7898061185214167
16.306750139266374,-19.352785137351127,30.244691325200598,-2.14213176675438,-1.9791122711962494
16.277618737245255,-19.393383700976067,30.294682550531508,-2.2458608398973268,-2.1692642185483844
16.244270532652425,-19.430590821005637,30.344673775862418,-2.3586537852492353,-2.3371989153141266
16.206853033263787,-19.463700291137229,30.394665001193328,-2.4745762882625217,-2.2244230409635053
16.165995745146972,-19.492466708255012,30.444656226524238,-2.5796020125957044,-1.9729251176103215
16.122500596564439,-19.51707419493593,30.494647451855148,-2.6716979628251396,-1.712710134624414
16.077054823564787,-19.537870608123924,30.544638677186057,-2.7511286929748566,-1.4691617346142032
16.030200167673264,-19.55527184997209,30.594629902516967,-2.8190609031041087,-1.2536734046020701
15.982343280476554,-19.569698999095699,30.644621127847877,-2.8769829886129163,-1.068582609808028
15.933781086514799,-19.581545020926754,30.694612353178787,-2.9263705149910595,-0.91165003942426504
15.884727307216888,-19.59116163609615,30.744603578509697,-2.968534781975888,-0.77888194140818423
15.835334737308239,-19.598857495386032,30.794594803840607,-3.0045758341505362,-0.66597669438599982
15.785712246291993,-19.604901781146591,30.844586029171516,-3.0353848539939299,-0.56893644151707212
15.73593716369775,-19.609529952236912,30.894577254502426,-3.0616650212029164,-0.48424556757221771
15.686064102636296,-19.61295002915687,30.94456847983334,-3.0839555481650782,-0.40884602865107389
15.636131188514915,-19.615348753550855,30.994559705164249,-3.1026634180773351,-0.34525924919552342
15.58616360536397,-19.616866143307742,31.044550930495159,-3.1197453397198514,-0.33802965596805845
15.536177491202864,-19.617539109629259,31.094542155826069,-3.1364499928868761,-0.33017254529940826
15.486187050285315,-19.617387086402928,31.144533381156979,3.1304382727608657,-0.32172947875523317
15.436205488721926,-19.616431201026536,31.194524606487889,3.1145770458662945,-0.31274436722421706
15.386244946208931,-19.614694131212136,31.244515831818799,3.0991776011802097,-0.30326258783128213
15.336316443529904,-19.61219995701563,31.294507057149708,3.084263618912841,-0.29333013711126027
15.286429845600059,-19.608974011127756,31.344498282480618,3.0698564809264828,-0.28299284322119694
15.236593839448251,-19.605042730233606,31.394489507811528,3.0559752972750394,-0.27229565492302693
15.18681592622881,-19.600433509951916,31.444480733142438,3.0426369660986667,-0.26128201980320509
15.137102426120798,-19.59517456552468,31.494471958473348,3.029856262208257,-0.24999335907773557
15.087458494806121,-19.589294800060539,31.544463183804258,3.0176459494462331,-0.23846864165166981
15.037888150120049,-19.582823681763308,31.594454409135167,3.00601691188078,-0.22674405606844691
14.988394307427997,-19.575791131212604,31.644445634466081,2.994978299043626,-0.21485277571560091
14.93897882229736,-19.568227419421881,31.694436859796991,2.9845376807182173,-0.20282481019268594
14.889642539089309,-19.560163077087598,31.7444280851279,2.9747012071846415,-0.19068693407253043
14.840385344186844,-19.551628815168566,31.79441931045881,2.9654737712928174,-0.1784626833302129
14.79120622269053,-19.542655456699258,31.84441053578972,2.9568591692324491,-0.16617240937598321
14.742103317544624,-19.533273879545924,31.89440176112063,2.9488602573690259,-0.15383338079420947
14.693073990196769,-19.523514969657725,31.94439298645154,2.9414791029975489,-0.14145992344270683
14.644114882036744,-19.513409584244734,31.99438421178245,2.9347171273130992,-0.12906359039353762
14.595221976000509,-19.502988524226033,32.044375437113359,2.9285752392987923,-0.11665335419830637
14.546390657859218,-19.492282515230364,32.094366662444273,2.9230539595802547,-0.10423581505340096
14.497615776838806,-19.481322196393933,32.144357887775179,2.9181535335891424,-0.091815419556853642
14.448891705329594,-19.470138116180824,32.194349113106092,2.9138740336160729,-0.079394685836134002
14.400212397548925,-19.458760734446344,32.244340338436999,2.9102154495185442,-0.066974431849293983
14.351571447111683,-19.447220429969086,32.294331563767912,2.9071777679855222,-0.054554004595536436
14.302962143529415,-19.435547512686007,32.344322789098818,2.904761040351731,-0.042131508797297886
14.25437752777693,-19.423772239891978,32.394314014429732,2.9029654390107087,-0.029704034346920757
14.205810447007742,-19.411924835654357,32.444305239760638,2.901791302489944,-0.017267882386664716
14.157253608704426,-19.400035512745387,32.494296465091551,2.9012391692526087,-0.0048187904239127685
14.108700941386232,-19.388129166111295,32.544287690422458,2.9009598466369271,-0.007230654566540283
14.060152581842718,-19.376205267656069,32.594278915753371,2.9005147793438546,-0.010576058167929867
14.011610534001196,-19.364255701838697,32.644270141084277,2.8999023349860824,-0.013926948511577783
13.963076818269547,-19.352272341686813,32.694261366415191,2.8991222339640625,-0.017283535510948064
13.914553475458829,-19.340247050618473,32.744252591746104,2.8981741866047512,-0.020646011493838431
13.866042571034413,-19.328171683030014,32.79424381707701,2.8970578941566609,-0.024014546553584894
13.817546199375183,-19.316038084962116,32.844235042407924,2.8957730500189767,-0.027389283833420937
13.76906648803773,-19.303838094859252,32.89422626773883,2.8943193412081381,-0.030770334741350231
13.720605602022033,-19.291563544437867,32.944217493069743,2.8926964500654075,-0.03415777409385784
13.67216574803488,-19.279206259678862,32.99420871840065,2.890904056209008,-0.037551635187905844
13.623749178746399,-19.266758061959671,33.044199943731563,2.8889418387343921,-0.040951904802027268
13.575358197034886,-19.254210769341949,33.094191169062469,2.8868094786661427,-0.044358518128852505
13.526995160214232,-19.241556198030302,33.144182394393383,2.8845066616648309,-0.047771353643180366
13.478662484237621,-19.22878616401789,33.194173619724289,2.8820330809919223,-0.051190227911678418
13.430362647870291,-19.215892484934599,33.244164845055202,2.87938844073543,-0.054614890352513289
13.382098196824009,-19.202866982113573,33.294156070386109,2.8765724592986093,-0.058045017955584879
13.333871747842654,-19.189701482891056,33.344147295717022,2.8735848731532299,-0.061480209976877628
13.285685992731954,-19.176387823155746,33.394138521047928,2.8704254408584853,-0.064919982622995226
13.237543702320224,-19.162917850161865,33.444129746378842,2.8670939473454307,-0.068363763745423384
13.189447730339298,-19.149283425621032,33.494120971709755,2.8635902084659604,-0.071810887567147291
13.141401017212601,-19.135476429086982,33.544112197040661,2.8599140758040615,-0.07526058946785151
13.093406593736329,-19.121488761646681,33.594103422371575,2.8560654417456832,-0.078712000857623171
13.045467584638562,-19.107312349930883,33.644094647702481,2.8520442448019678,-0.082164144172922365
12.99758721199991,-19.092939150455951,33.694085873033394,2.8478504751788054,-0.085615928032574978
12.949768798518207,-19.078361154308052,33.744077098364301,2.8434841805836837,-0.089066142595582265
12.902015770598489,-19.063570392179599,33.794068323695214,2.8389454722586156,-0.092513455166639585
12.854331661248423,-19.048558939766426,33.84405954902612,2.8342345312255306,-0.095956406099311595
12.806720112758105,-19.033318923532661,33.894050774357034,2.8293516147279099,-0.099393405050788503
12.75918487914225,-19.017842526848611,33.94404199968794,2.824297062849678,-0.10282272764592466
12.711729828125801,-19.002121997090647,33.994033225018853,2.819071880749509,-0.10588504661429413
12.664358050165784,-18.986152289988631,34.04402445034976,2.8138320224675928,-0.10374459177625525
12.617069730179171,-18.969937114489504,34.094015675680673,2.8086993811373362,-0.10159579871741339
12.569864372325375,-18.95348197726274,34.144006901011586,2.803674346603005,-0.099439738525988128
12.522741395230101,-18.93679238156848,34.193998126342493,2.7987572564910699,-0.097277429186605355
12.47570013438488,-18.919873824535415,34.243989351673406,2.7939483988641829,-0.095109835640480228
12.428739844569971,-18.902731794628949,34.293980577004312,2.7892480148676468,-0.092937870023765967
12.381859702292711,-18.885371769306914,34.343971802335226,2.7846563013597989,-0.090762392069660691
12.33505880823409,-18.867799212859296,34.393963027666132,2.780173413518511,-0.088584209660101665
12.288336189696581,-18.850019574428117,34.443954252997045,2.7757994674166442,-0.086404079513176232
12.241690803047186,-18.832038286203343,34.493945478327952,2.7715345425600435,-0.084222707992802667
12.195121536149594,-18.813860761790188,34.543936703658865,2.7673786843822565,-0.082040752027679811
12.148627210780434,-18.795492394743103,34.593927928989771,2.7633319066908544,-0.079858820127069047
12.102206585024591,-18.776938557261261,34.643919154320685,2.7593941940607905,-0.077677473481519516
12.055858355645464,-18.758204599040553,34.693910379651591,2.7555655041708524,-0.075497227137294454
12.009581160426057,-18.739295846276477,34.743901604982504,2.7518457700797794,-0.073318551233872806
11.963373580477711,-18.720217600812703,34.793892830313411,2.7482349024391488,-0.071141872294582756
11.917234142513681,-18.700975139429811,34.843884055644324,2.7447327916406361,-0.068967574561100295
11.87116132107961,-18.681573713266339,34.893875280975237,2.7413393098952814,-0.0667960013629533
11.825153540764576,-18.662018547377585,34.943866506306144,2.7380543132450894,-0.064627456515309559
11.779209178327378,-18.642314840399703,34.993857731637057,2.7348776435011439,-0.062462205734790346
11.733326564828456,-18.622467764352418,35.043848956967963,2.731809130114117,-0.060300478071005859
11.687503987684478,-18.602482464540355,35.093840182298877,2.7288485919706829,-0.058142467343967039
11.641739692688533,-18.582364059566032,35.143831407629783,2.7259958391187933,-0.055988333584048915
11.596031885982887,-18.562117641443916,35.193822632960696,2.7232506744209326,-0.053838204469121832
11.550378735985175,-18.541748275811027,35.243813858291603,2.7206128951356732,-0.051692176754667182
11.504778375268097,-18.521261002228712,35.293805083622516,2.7180822944279943,-0.049550317693184985
11.459228902392937,-18.50066083457099,35.343796308953422,2.7156586628089769,-0.047412666439703141
11.413728383697167,-18.479952761494385,35.393787534284336,2.713341789505638,-0.045279235440670369
11.368274855036992,-18.459141746984642,35.443778759615242,2.7111314637618018,-0.043150011803982258
11.322866323485407,-18.438232730975763,35.493769984946155,2.7090274760709847,-0.041024958648290734
11.277500768986993,-18.417230630036947,35.543761210277061,2.7070296193423817,-0.038904016430162593
11.232176145970456,-18.396140338123065,35.593752435607975,2.7051376900010795,-0.036787104248008955
11.186890384920286,-18.374966727384713,35.643743660938888,2.7033514890236829,-0.034674121122047187
11.141641393908898,-18.35371464903362,35.693734886269795,2.701670822910561,-0.0325649472498796
11.096427060090869,-18.332388934259715,35.743726111600708,2.7000955045959429,-0.030459445237551865
11.051245251160941,-18.310994395196062,35.793717336931614,2.6986253542970751,-0.028357461306231926
11.006093816777371,-18.289535825927995,35.843708562262528,2.6972602003036625,-0.026258826474875086
10.960970589952812,-18.268018003543137,35.893699787593434,2.6959998797087739,-0.024163357719487404
10.915873388414289,-18.246445689218749,35.943691012924347,2.6948442390823613,-0.02207085910977153
10.870800015935616,-18.224823629343867,35.993682238255253,2.69379313508853,-0.01998112292419104
10.825748263638506,-18.203156556670212,36.043673463586167,2.6928464350474752,-0.017893930744327963
10.780715911271786,-18.181449191492391,36.093664688917073,2.6920040174432862,-0.015809054530158833
10.735700728485194,-18.159706242861379,36.143655914247987,2.6912657723787117,-0.013726257678318894
10.690700476040867,-18.137932409799827,36.193647139578893,2.6906316019767069,-0.01164529606215388
10.645712907049942,-18.116132382557552,36.243638364909806,2.6901014207311156,-0.0095659190591237779
10.600735768172022,-18.094310843873373,36.29362959024072,2.6896751558059431,-0.0074878705642855998
10.555766800805523,-18.072472470252968,36.343620815571626,2.6893527472843259,-0.0054108899928292514
10.510803742267017,-18.050621933258185,36.393612040902539,2.689134148367629,-0.0033347132733127938
10.465844326961767,-18.028763900805142,36.443603266233445,2.6890193255250714,-0.0012590738334870095
10.420886287547965,-18.006903038468618,36.493594491564359,2.6890082585942281,0.00081629641935844249
10.375927356096925,-17.985044010790226,36.543585716895265,2.6891009408326094,0.0028916661215746386
10.330965265251637,-17.963191482587852,36.593576942226179,2.6892973789204597,0.00496730347788706
10.285997749386114,-17.941350120263948,36.643568167557085,2.6895975929147964,0.0070434752857047866
10.241022545767823,-17.919524593110047,36.693559392887998,2.6900016161546261,0.0091204459570388401
10.196037395725524,-17.897719574605123,36.743550618218904,2.6905094951171575,0.011198476536074151
10.151040045825033,-17.875939743705214,36.793541843549818,2.6911212892247591,0.013277823710462659
10.106028249055042,-17.854189786121747,36.843533068880724,2.6918370706022903,0.01535873881445283
10.060999766025468,-17.832474395586008,36.893524294211637,2.6926569237843569,0.017441466822007506
10.015952366180612,-17.810798275097095,36.943515519542544,2.693580945371941,0.019526245328125726
9.9708838299691021,-17.789166136190072,36.993506744873457,2.6946082757679952,0.021326060332948864
9.9257925052545097,-17.767581539614397,37.043497970204371,2.6956733236356878,0.021283301006405748
9.8806782405328608,-17.746044931398984,37.093489195535277,2.6967362292681725,0.021240356090413866
9.8355411330088227,-17.724556239021027,37.14348042086619,2.6977969834185811,0.021197226824827709
9.7903812798018173,-17.703115389340404,37.193471646197096,2.698855576902115,0.021153914452939529
9.745198777943175,-17.681722308602566,37.24346287152801,2.6999120005962118,0.021110420221362641
9.6999937243733427,-17.660376922441447,37.293454096858916,2.7009662454407102,0.021066745379915069
9.6547662159390342,-17.639079155882399,37.343445322189829,2.7020183024380047,0.021022891181503515
9.60951634939053,-17.617828933345155,37.393436547520736,2.7030681626532016,0.020978858882007595
9.5642442213788463,-17.596626178646801,37.443427772851649,2.7041158172142601,0.020934649740164537
9.518949928453095,-17.575470815004788,37.493418998182555,2.7051612573121346,0.020890265017454161
9.4736335670576857,-17.55436276503994,37.543410223513469,2.7062044742009097,0.020845705977984363
9.4282952335297328,-17.533301950779492,37.593401448844375,2.7072454591979258,0.020800973888376886
9.3829350240962714,-17.512288293660117,37.643392674175288,2.7082842036839057,0.020756070017653623
9.3375530348717604,-17.49132171453105,37.693383899506202,2.7093206991030678,0.020710995637123308
9.2921493618553352,-17.470402133657121,37.743375124837108,2.7103549369632409,0.020665752020268689
9.2467241009282777,-17.449529470721913,37.793366350168021,2.7113869088359683,0.020620340442634149
9.2012773478514216,-17.428703644830811,37.843357575498928,2.7124166063566091,0.02057476218171388
9.1558091982625864,-17.407924574514233,37.893348800829841,2.713444021224432,0.02052901851684049
9.1103197476740956,-17.3871921777307,37.943340026160747,2.7144691452027039,0.020483110729074192
9.0648090914701882,-17.36650637187007,37.993331251491661,2.7154919701187756,0.020437040101092461
9.0192773249046212,-17.345867073756672,38.043322476822567,2.7165124878641578,0.020390807917080384
8.9737245430981165,-17.32527419965254,38.09331370215348,2.7175306903945953,0.020344415462621324
8.9281508410360306,-17.304727665260621,38.143304927484387,2.7185465697301323,0.020297864024588465
8.8825563135658125,-17.284227385727991,38.1932961528153,2.7195601179551776,0.020251154891036696
8.8369410553947301,-17.263773275649093,38.243287378146206,2.7205713272185559,0.020204289351095323
8.7913051610874042,-17.243365249069029,38.29327860347712,2.7215801897335639,0.020157268694861133
8.7456487250635355,-17.223003219486795,38.343269828808026,2.7225866977780124,0.020110094213292393
8.6999718415955254,-17.202687099858569,38.393261054138939,2.7235908436942688,0.020062767198103258
8.6542746048062078,-17.182416802601001,38.443252279469853,2.7245926198892922,0.020015288941658948
8.608557108666588,-17.162192239594546,38.493243504800759,2.7255920188346612,0.019967660736871621
8.5628194469935277,-17.142013322186735,38.543234730131672,2.7265890330666012,0.01991988387709678
8.5170617134475961,-17.121879961195553,38.593225955462579,2.7275836551860024,0.019871959656030631
8.4712840015308029,-17.101792066912733,38.643217180793492,2.7285758778584359,0.019823889367607796
8.4254864045844489,-17.081749549107144,38.693208406124398,2.7295656938141608,0.019775674305900166
8.3796690157869733,-17.061752317028134,38.743199631455312,2.7305530958481308,0.019727315765016032
8.3338319281517848,-17.041800279408886,38.793190856786218,2.7315380768199913,0.019678815039000368
8.2879752345252058,-17.021893344469824,38.843182082117131,2.7325206296540756,0.019630173421735553
8.242099027584338,-17.002031419921995,38.893173307448038,2.7335007473393942,0.019581392206843028
8.1962033998350314,-16.982214412970443,38.943164532778951,2.7344784229296182,0.019532472687585685
8.1502884436098526,-16.962442230317659,38.993155758109857,2.735453649543059,0.019483416156770971
8.1043542510660167,-16.942714778166948,39.043146983440771,2.7364264203626449,0.019434223906654828
8.0584009141835011,-16.923031962225878,39.093138208771677,2.7373967286358889,0.019384897228846478
8.0124285247629849,-16.903393687709713,39.14312943410259,2.7383645676748549,0.019335437414213966
7.9664371744239428,-16.883799859344816,39.193120659433504,2.7393299308561194,0.019285845752790454
7.9204269546027612,-16.864250381372145,39.24311188476441,2.740292811620725,0.019236123533681437
7.8743979565507995,-16.844745157550648,39.293103110095323,2.7412532034741348,0.019186272044972787
7.8283502713325488,-16.825284091160764,39.34309433542623,2.742211099986176,0.019136292573639545
7.7822839898237826,-16.805867085007851,39.393085560757143,2.7431664947909851,0.019086186405455667
7.7361992027097459,-16.786494041425662,39.443076786088049,2.7441193815869425,0.019035954824904555
7.6900960004833374,-16.767164862279824,39.493068011418963,2.7450697541366083,0.018985599115090436
7.6439744734433948,-16.747879448971322,39.543059236749869,2.7460176062666504,0.018935120557650748
7.5978347116928724,-16.728637702439947,39.593050462080782,2.7469629318677686,0.018884520432669111
7.5516768051371921,-16.709439523167816,39.643041687411689,2.7479057248946148,0.018833800018589517
7.5055008434824879,-16.690284811182849,39.693032912742602,2.7488459793657101,0.0187829605921312
7.4593069162339889,-16.671173466062243,39.743024138073508,2.7497836893633534,0.018732003428204413
7.413095112694319,-16.652105386935997,39.793015363404422,2.7507188490335337,0.018680929799827144
7.3668655219619064,-16.633080472490391,39.843006588735335,2.7516514525858282,0.018629740978042771
7.3206182329293963,-16.6140986209715,39.892997814066241,2.752581494293306,0.018578438231838516
7.2743533342820816,-16.595159730188708,39.942989039397155,2.7535089684924192,0.018527022828064947
7.228070914496155,-16.576263697518108,39.992980264728061,2.7544338695828996,0.018475496031356113
7.1817710618375443,-16.557410419906194,40.042971490058974,2.7553561920276395,0.018423859104051126
7.1354538643601479,-16.538599793873228,40.092962715389881,2.756275930352579,0.018372113306116138
7.089119409904419,-16.519831715516791,40.142953940720794,2.7571930791465848,0.018320259895067501
7.0427677860959257,-16.501106080515299,40.1929451660517,2.7581076330613259,0.018268300125895826
6.9963990803439078,-16.482422784131494,40.242936391382614,2.759019586811144,0.018216235250990916
6.9500133798398682,-16.463781721215977,40.29292761671352,2.759928935172923,0.018164066520067815
6.9036107715561918,-16.445182786210705,40.342918842044433,2.7608356729859547,0.018111795180093482
6.8571913422448176,-16.426625873152492,40.39291006737534,2.7617397951517964,0.018059422475214811
6.8107551784358105,-16.408110875676535,40.442901292706253,2.7626412966341305,0.018006949646687122
6.764302366436195,-16.389637687019921,40.492892518037159,2.7635401724586175,0.017954377932804164
6.7178329923285212,-16.37120620002511,40.542883743368073,2.7644364177127461,0.017901708568828494
6.671347141969691,-16.35281630714347,40.592874968698986,2.7653300275456805,0.017848942786923228
6.6248449009896948,-16.33446790043876,40.642866194029892,2.7662209971681033,0.01779608181608457
6.5783263547903852,-16.316160871590643,40.692857419360806,2.7671093218520548,0.017743126882075286
6.5317915885442863,-16.297895111898175,40.742848644691712,2.7679949969307711,0.017690079207359172
6.4852406871934258,-16.279670512283307,40.792839870022625,2.7688780177985177,0.017636940011036495
6.4386737354481935,-16.261486963294367,40.842831095353532,2.7697583799104173,0.017583710508780399
6.3920908177861948,-16.243344355109571,40.892822320684445,2.7706360787822804,0.017530391912774109
6.3454920184511945,-16.225242577540484,40.942813546015351,2.7715111099904255,0.017476985431649387
6.2988774214519649,-16.20718152003553,40.992804771346265,2.7723834691715048,0.017423492270425632
6.252247110561334,-16.18916107168344,41.042795996677171,2.7732531520223165,0.017369913630450227
6.2056011693150239,-16.171181121216744,41.092787222008084,2.7741201542996241,0.017316250709339547
6.1589396810107884,-16.15324155701526,41.142778447338991,2.774984471819967,0.017262504700921184
6.1122627287072966,-16.135342267109518,41.192769672669904,2.7758461004594697,0.017208676795176982
6.0655703952232454,-16.117483139184241,41.242760898000817,2.7767050361536469,0.017154768178187067
6.0188627631363882,-16.099664060581809,41.292752123331724,2.7775612748972094,0.017100780032074818
5.9721399147826233,-16.081884918305704,41.342743348662637,2.7784148127438635,0.017046713534952813
5.9254019322551112,-16.064145599023938,41.392734573993543,2.7792656458061096,0.016992569860869694
5.8786488974033659,-16.046445989072517,41.442725799324457,2.7801137702550363,0.016938350179758005
5.8318808918324372,-16.028785974458856,41.492717024655363,2.7809591823201165,0.016884055657382997
5.7850979969020448,-16.011165440865195,41.542708249986276,2.7818018782889946,0.01682968745529223
5.7383002937258265,-15.993584273652074,41.592699475317183,2.7826418545072764,0.016775246730766476
5.6914878631704822,-15.976042357861655,41.642690700648096,2.7834791073783136,0.016720734636771043
5.6446607858550628,-15.958539578221217,41.692681925979002,2.784313633362987,0.016666152321908524
5.5978191421501897,-15.941075819146489,41.742673151309916,2.7851454289794879,0.016611500930372166
5.5509630121773679,-15.923650964745095,41.792664376640822,2.7859744908030954,0.016556781601900321
5.5040924758082612,-15.906264898819895,41.842655601971735,2.7868008154659547,0.016501995471731798
5.4572076126640265,-15.888917504872373,41.892646827302642,2.7876243996568473,0.016447143670562086
5.4103085021146233,-15.871608666106022,41.942638052633555,2.7884452401209674,0.016392227324500554
5.3633952232782232,-15.854338265429682,41.992629277964468,2.7892633336596879,0.016337247555028588
5.3164678550205995,-15.837106185460915,42.042620503295375,2.7900786771303299,0.016282205478958586
5.2695264759544465,-15.819912308529315,42.092611728626288,2.790891267445927,0.016227102208393889
5.2225711644389081,-15.802756516679867,42.142602953957194,2.7917011015749909,0.016171938850689634
5.1756019985789701,-15.785638691676283,42.192594179288108,2.7925081765412711,0.016116716508414505
5.1286190562249452,-15.768558715004289,42.242585404619014,2.7933124894235157,0.016061436279313383
5.0816224149719194,-15.75151646787493,42.292576629949927,2.7941140373552287,0.016006099256270879
5.0346121521593332,-15.734511831227916,42.342567855280834,2.7949128175244273,0.015950706527275725
4.9875883448704403,-15.717544685734843,42.392559080611747,2.7957088271733945,0.015895259175386211
4.940551069931896,-15.700614911802536,42.442550305942653,2.796502063598433,0.01583975827869628
4.8935004039133023,-15.68372238957625,42.492541531273567,2.7972925241496172,0.01578420491030267
4.8464364231267982,-15.666866998942998,42.542532756604473,2.7980802062305394,0.015728600138272816
4.7993592036266675,-15.65004861953474,42.592523981935386,2.7988651072980613,0.015672945025613699
4.7522688212089879,-15.633267130731653,42.642515207266293,2.7996472248620567,0.015617240630241594
4.7051653514112308,-15.616522411665358,42.692506432597206,2.80042655648516,0.01556148800495249
4.6580488695119593,-15.599814341222107,42.742497657928119,2.8012030997825064,0.015505688197393574
4.6109194505305071,-15.583142798046021,42.792488883259026,2.8019768524214745,0.015449842250035479
4.5637771692266567,-15.566507660542271,42.842480108589939,2.8027478121214293,0.01539395120014528
4.5166221006171643,-15.549908805410576,42.892471333920845,2.8035156007798161,0.015277560270745231
4.4694543826505075,-15.533345929066494,42.942462559251759,2.8042718762668764,0.014978853531694848
4.4222742753626552,-15.516818377162817,42.992453784582665,2.8050132315766168,0.014680645632866619
4.3750820510781017,-15.500325455430913,43.042445009913578,2.8057396912273083,0.014382919781161713
4.3278779801825547,-15.483866470179134,43.092436235244485,2.806451278895381,0.01408565909029799
4.280662331170511,-15.467440728267194,43.142427460575398,2.8071480174107895,0.013788846581821661
4.2334353706929253,-15.451047537080282,43.192418685906304,2.8078299287524318,0.013492465186033576
4.1861973636045047,-15.43468620450261,43.242409911237218,2.8084970340436071,0.013196497742829832
4.1389485730109863,-15.418356038890622,43.292401136568124,2.8091493535475158,0.012900927002460183
4.0916892603160884,-15.402056349045736,43.342392361899037,2.8097869066627967,0.012605735626204217
4.0444196852684655,-15.385786444186715,43.392383587229951,2.8104097119190929,0.012310906186969324
3.9971401060083638,-15.369545633921589,43.442374812560857,2.8110177869726471,0.012016421169809794
3.9498507791141839,-15.35333322821921,43.49236603789177,2.8116111486019228,0.011722262972370565
3.9025519596489744,-15.337148537380431,43.542357263222677,2.8121898127032434,0.011428413905256875
3.8552439012066215,-15.320990872008847,43.59234848855359,2.8127537942864476,0.011134856192330357
3.8079268559581259,-15.304859542981267,43.642339713884496,2.8133031074705599,0.010841571970935432
3.7606010746975311,-15.288753861417648,43.69233093921541,2.8138377654794708,0.010548543292054893
3.7132668068879839,-15.272673138650864,43.742322164546316,2.8143577806376192,0.010255752120399092
3.6659243007074354,-15.256616686195962,43.792313389877229,2.8148631643656827,0.0099631803344274565
3.618573803094479,-15.240583815719125,43.842304615208135,2.8153539271762642,0.009670809726306585
3.5712155597938948,-15.224573839006304,43.892295840539049,2.8158300786695754,0.0093786220018039716
3.5238498154022904,-15.208586067931478,43.942287065869955,2.8162916275291145,0.0090865987801210194
3.4764768134135622,-15.192619814424614,43.992278291200869,2.8167385815173325,0.008794721593665223
3.4290967962643184,-15.176674390439231,44.042269516531775,2.8171709474712867,0.0085029718877637842
3.3817100053792184,-15.160749107919731,44.092260741862688,2.8175887312982812,0.008211331020319507
3.3343166812163418,-15.144843278768302,44.142251967193602,2.8179919379714846,0.0079197802614114823
3.2869170633124463,-15.128956214811614,44.192243192524508,2.818380571525529,0.0076283007928405946
3.2395113903281927,-15.113087227767114,44.242234417855421,2.8187546350520853,0.0073368737076220086
3.1920999000934471,-15.097235629209065,44.292225643186327,2.8191141306954099,0.0070454800094264386
3.144682829647846,-15.081400730532726,44.342216868517241,2.8194590596478966,0.006754100611941944
3.0972604153058043,-15.065581842926383,44.392208093848147,2.8197894221454196,0.0064627163383369421
3.0498328926675695,-15.049778277325036,44.442199319179061,2.8201052174630359,0.0061713079203438844
3.0024004966938689,-15.033989344385082,44.492190544509967,2.8204064439101852,0.0058798559976872052
2.9549634617385667,-15.018214354444632,44.54218176984088,2.8206930988261623,0.0055883411172080524
2.9075220215960824,-15.002452617488476,44.592172995171786,2.8209651785754337,0.0052967437320357146
2.8600764095467315,-14.986703443112072,44.6421642205027,2.8212226785429344,0.0050050442007035659
2.8126268584021012,-14.970966140485219,44.692155445833606,2.8214655931293149,0.0047132227862237549
2.7651736005504892,-14.9552400183155,44.742146671164519,2.8216939157461414,0.0044212596551219865
2.7177168680024351,-14.939524384811401,44.792137896495433,2.8219076388110476,0.0041291348764339276
2.6702568924363117,-14.923818547645219,44.842129121826339,2.8221067537428359,0.0038368284206641923
2.6227939052439853,-14.908121813915646,44.892120347157253,2.8222912509565243,0.0035443201587091319
2.5753281375766499,-14.892433490110138,44.942111572488159,2.8224611198583394,0.0032515898607455513
2.5278598203907197,-14.876752882066988,44.992102797819072,2.8226163488406533,0.0029586171950855603
2.4803891844938466,-14.861079294937181,45.042094023149978,2.8227569252768605,0.002665381726999531
2.4329164605910751,-14.845412033145944,45.092085248480892,2.8228828355161983,0.0023718629175082315
2.3854418793311969,-14.829750400354095,45.142076473811798,2.8229940648785039,0.0020780401221459923
2.3379656713531274,-14.8140936994191,45.192067699142711,2.8230905976489091,0.0017838925896949448
2.2904880673326335,-14.798441232355923,45.242058924473618,2.8231724170724717,0.001489399460893688
2.2430092980290586,-14.782792300297606,45.292050149804531,2.8232395053487411,0.0011945397671195316
2.1955295943323696,-14.76714620345561,45.342041375135437,2.8232918436262588,0.00089929242904761319
2.1480491873103253,-14.75150224107994,45.392032600466351,2.8233294119969896,0.00060363625528696199
2.1005683082562872,-14.735859711419121,45.442023825797257,2.8233521894906839,0.00030754994099815034
2.0530871887361366,-14.720217911679644,45.49201505112817,2.8233601540691726,1.1012066484288216e-05
2.005606060635797,-14.704576137985221,45.542006276459084,2.82335328262059,-0.00028599890423389076
1.958125156206064,-14.688933685334938,45.59199750178999,2.8233315509535202,-0.00058350462487811918
1.9106447081283378,-14.673289847567879,45.641988727120903,2.8232949337910869,-0.00088152686825837469
1.8631649495364473,-14.657643917313059,45.69197995245181,2.8232434047649466,-0.0011800875279091916
1.8156861140833835,-14.641995185953817,45.741971177782723,2.8231769364092281,-0.0014792086194584384
1.7682084359861752,-14.626342943584664,45.791962403113629,2.8230955001543885,-0.0017789122821451992
1.7207321500752988,-14.610686478969342,45.841953628444543,2.8229990663209952,-0.002079220780319991
1.6732575150207001,-14.595025009257247,45.891944853775449,2.8228726667071706,-0.0043912779195988596
1.6257866265617835,-14.579352188015845,45.941936079106362,2.8224764012896419,-0.011461832651583671
1.5783247264224565,-14.563652171200063,45.991927304437269,2.8217268516716594,-0.018522359683765349
1.5308773836890808,-14.547908219208567,46.041918529768182,2.8206249341601168,-0.025556256258885184
1.4834501928913961,-14.532103671025396,46.091909755099088,2.8191723944045699,-0.032546956988236848
1.4360487781328732,-14.516221989335108,46.141900980430002,2.8173718038101718,-0.039478002853154032
1.3886787966482301,-14.500246805288462,46.191892205760908,2.81522655246749,-0.046333111536850567
1.3413459416507063,-14.484161962715582,46.241883431091821,2.8127408385348995,-0.053096248993698997
1.2940559443270871,-14.467951561574305,46.291874656422735,2.8099196540157063,-0.059751702079102853
1.2468145748537971,-14.45160000041839,46.341865881753641,2.8067687668834171,-0.066284151964130927
1.1996276423242824,-14.435092017667944,46.391857107084554,2.8032946995250647,-0.07267874795175526
1.1525009934962056,-14.418412731462865,46.441848332415461,2.7995047034943905,-0.078921181200504092
1.1054405102879854,-14.401547677880449,46.491839557746374,2.7954067305941663,-0.084997757751474418
1.0584521059763263,-14.384482847300523,46.54183078307728,2.791009400339751,-0.090895470151486205
1.0115417200702301,-14.367204718706212,46.591822008408194,2.7863219638936645,-0.096602066873955478
0.96471531186154968,-14.349700291715676,46.6418132337391,2.7813542646028493,-0.10210611866507274
0.91797908041944409,-14.331956520392422,46.691804459070013,2.7759823779161641,-0.12625212117789364
0.87135945534623571,-14.313908820089555,46.74179568440092,2.767890020736909,-0.19751337390517193
0.82492048530083861,-14.295401624470882,46.791786909731833,2.7562243907922368,-0.26937763003519927
0.77873525876573269,-14.276270531604048,46.841778135062739,2.7409309540503251,-0.34279958673580629
0.73288508891498816,-14.256350462276654,46.891769360393653,2.7219107519697738,-0.41859817744468331
0.68746234981822107,-14.235474918996658,46.941760585724566,2.6990279335448371,-0.49742266850740863
0.64257339948964709,-14.213475965962601,46.991751811055472,2.6721196407654362,-0.57969153898388071
0.59834152098175641,-14.19018515331117,47.041743036386386,2.6410097295451531,-0.66549955337306621
0.55490969952560765,-14.165435662771147,47.091734261717292,2.6055279704588838,-0.75449173671019887
0.51244289881672156,-14.139065976839982,47.141725487048205,2.5655362598477969,-0.84571109835647629
0.47112930730360214,-14.110925331163429,47.191716712379112,2.5209626838259638,-0.93744207171352334
0.43117982639896379,-14.080881047046494,47.241707937710025,2.4718426455944877,-1.0270940114583236
0.39282494033966481,-14.048827505104235,47.291699163040931,2.4183634245672119,-1.1111935802629067
0.35630816459001502,-14.014695995968328,47.341690388371845,2.3609046941302223,-1.1855671129314387
0.32187286305072066,-13.978466582221658,47.391681613702751,2.3005827794825833,-1.198657645838568
0.28966360667130037,-13.940243970217608,47.441672839033664,2.2418402952434642,-1.1533306958203693
0.25971200604633077,-13.900227053292241,47.491664064364571,2.1850837451617275,-1.1191757435676064
0.23204672729017445,-13.858596321942613,47.541655289695484,2.1297594574307714,-1.0959986326454974
0.20670462266232845,-13.815511713816598,47.59164651502639,2.0753227462009152,-1.0836496889403398
0.18373453396685779,-13.771117022623486,47.641637740357304,2.0212336730842799,-1.0820980860789393
0.16320051471188887,-13.725544407543069,47.691628965688217,1.9669499249283924,-1.0914746755687557
0.1451846955645022,-13.678919066426896,47.741620191019123,1.9119181639680782,-1.1120910208230321
0.12978991810128931,-13.631364231078878,47.791611416350037,1.8555649838254573,-1.1444357347030896
0.11714214532776183,-13.583006713601272,47.841602641680943,1.7972887295502722,-1.1891418447084103
0.10739250584078724,-13.533983283025165,47.891593867011856,1.7364539686194573,-1.246909982146206
0.10071861585273678,-13.484448169391628,47.941585092342763,1.6723914270169566,-1.3183611602628131
0.097324519949154614,-13.43458194228756,47.991576317673676,1.6044078208568004,-1.4037807779849882
0.09743817762025743,-13.384601820566202,48.041567543004582,1.5318121685897865,-1.5027075371153176
0.10130492291397761,-13.334773020694081,48.091558768335496,1.4539673453754842,-1.6133314650910084
0.10916370783224449,-13.285417755901857,48.141549993666402,1.3716784502904833,-1.6313979165609838
0.12100296952827082,-13.236862174077782,48.191541218997315,1.2923877190691366,-1.535793577047049
0.13652734455553464,-13.189354490976598,48.241532444328222,1.2185302348268612,-1.4159442033343843
0.15537106553708652,-13.143060994321454,48.291523669659135,1.1510345829810995,-1.2830423126013271
0.17714344239874349,-13.098068571275732,48.341514894990041,1.0903072993300957,-1.1465185172725594
0.20145880931528437,-13.054396163296618,48.391506120320955,1.036349772822531,-1.0130888681349766
0.22795587319169913,-13.01201032507983,48.441497345651868,0.98889614566565609,-0.88679157320022106
0.2563075293240577,-12.970840555109236,48.491488570982774,0.9475348833385111,-0.76952424225345084
0.28622371961577886,-12.930792106419688,48.541479796313688,0.91179950227845197,-0.66169137548136703
0.3174499527843434,-12.891755580588102,48.591471021644594,0.88122875193367389,-0.56275907844381468
0.34976350600437639,-12.853613504355092,48.641462246975507,0.85540287351348998,-0.4716549510334983
0.3829686262899662,-12.816244441563484,48.691453472306414,0.83396361777076777,-0.38702250278874839
0.41689147913645791,-12.779525236459447,48.741444697637327,0.81662450884489868,-0.30736283059282776
0.4513780659400673,-12.743334654178733,48.791435922968233,0.80270362808309192,-0.2684267936828143
0.48634989190206956,-12.707612717813006,48.841427148299147,0.78932759916953932,-0.26671126996714645
0.52179489001710311,-12.672360229516224,48.891418373630053,0.77603685667817635,-0.26501524517674485
0.55770381080297771,-12.637580412159897,48.941409598960966,0.76283035110562836,-0.26334168236116673
0.59406748203688264,-12.603276328480112,48.991400824291873,0.74970688878652803,-0.26169338649187796
0.63087681475453161,-12.569450891115947,49.041392049622786,0.73666513971134828,-0.26007300795372079
0.66812280851852723,-12.536106872594663,49.091383274953699,0.72370364515479058,-0.25848304661987476
0.70579655598447733,-12.503246915230967,49.141374500284606,0.7108208250877035,-0.25692585642129573
0.74388924679406387,-12.470873540911882,49.191365725615519,0.69801498534995854,-0.25540365032687712
0.78239217082488954,-12.438989160742006,49.241356950946425,0.68528432456578703,-0.2539185056561466
0.82129672082776772,-12.40759608452678,49.291348176277339,0.67262694078667262,-0.25247236965205405
0.86059439448155417,-12.376696530074957,49.341339401608245,0.66004083785059509,-0.25106706524727251
0.90027679589585796,-12.346292632303985,49.391330626939158,0.64752393144944032,-0.24970429696322277
0.94033563659141539,-12.316386452134644,49.441321852270065,0.63507405489934532,-0.24838565688674599
0.9807627359872414,-12.286979985163821,49.491313077600978,0.62268896461136158,-0.24711263067487596
1.0215500214228668,-12.258075170106538,49.541304302931884,0.61036634526218148,-0.24588660354345271
1.062689527743228,-12.229673897000097,49.591295528262798,0.59810381466668439,-0.24470886620033136
1.1041733964763449,-12.201778015162837,49.641286753593704,0.58589892835486412,-0.2435806206885516
1.1459938746053671,-12.174389340919689,49.691277978924617,0.57374918386533347,-0.24250298610994767
1.1881433130188908,-12.147509665052388,49.741269204255524,0.56165202474450482,-0.24147700420145762
1.2306141645818967,-12.121140760027624,49.791260429586437,0.54960484428298917,-0.24050364474388808
1.273398981908217,-12.095284386963097,49.84125165491735,0.53760498898059839,-0.23958381078239058
1.3164904148344854,-12.06994230234667,49.891242880248257,0.52564976175577982,-0.23871834364311989
1.3598812076131683,-12.045116264511051,49.94123410557917,0.51373642491033,-0.23790802773262854
1.403564195845374,-12.020808039864686,49.991225330910076,0.50186220285963901,-0.23715359510878706
1.4475323031688896,-11.997019408882174,50.04121655624099,0.49002428464034248,-0.23645572981414034
1.4917785377184065,-11.973752171856802,50.091207781571896,0.47821982620692632,-0.23581507196427701
1.5362959883590714,-11.951008154425164,50.141199006902809,0.46644595253302262,-0.23523222158544513
1.5810778207391945,-11.928789212850335,50.191190232233716,0.4546997595212019,-0.23470774219617557
1.6261172731286224,-11.90709723909095,50.241181457564629,0.44297831574610153,-0.23424216412974597
1.6714076520816563,-11.885934165644443,50.291172682895535,0.43127866403625215,-0.23383598759392421
1.7169423279328091,-11.865301970168961,50.341163908226449,0.41959782290811043,-0.23348968546545726
1.7627147301228239,-11.84520267989261,50.391155133557355,0.40793278786841697,-0.23320370581713454
1.8087183423686304,-11.825638375809538,50.441146358888268,0.39628053259660079,-0.23297847417520345
1.8549466976820925,-11.806611196666298,50.491137584219182,0.38463801002114639,-0.23281439550498895
1.9013933732430999,-11.788123342740489,50.541128809550088,0.37300215330354336,-0.23271185592239027
1.9480519851318643,-11.770177079413052,50.591120034881001,0.3613698767435462,-0.23267122412863872
1.994916182924023,-11.752774740535482,50.641111260211908,0.34973807661974471,-0.23269285256528868
2.0419796441523848,-11.735918731591868,50.691102485542821,0.33810363197939974,-0.23277707828591127
2.0892360686376192,-11.719611532655611,50.741093710873727,0.32646340539191587,-0.23292422354035394
2.1366791726905152,-11.703855701139418,50.791084936204641,0.31481424368035532,-0.23313459606676698
2.1843026831873269,-11.688653874336602,50.841076161535547,0.3031529786458057,-0.2334084890858511
2.2321003315200869,-11.674008771750737,50.89106738686646,0.29147642779955757,-0.23374618099100386
2.280065847422525,-11.65992319720981,50.941058612197367,0.27978139511859107,-0.23414793472721238
2.3281929526732545,-11.646400040759996,50.99104983752828,0.26806467183998067,-0.23461399685071077
2.3764753546764834,-11.633442280333247,51.041041062859186,0.25632303731054085,-0.23514459626055692
2.4249067399216981,-11.621052983181658,51.0910322881901,0.24455325990821516,-0.2357399425924582
2.4734807673227119,-11.60923530707065,51.141023513521006,0.23275209805248565,-0.23640022426435267
2.5221910614377006,-11.597992501221656,51.191014738851919,0.22091630132136522,-0.23712560616250081
2.5710312055712148,-11.587327906993925,51.241005964182833,0.20904261169333765,-0.23791622695613857
2.6199947347601498,-11.577244958293813,51.290997189513739,0.19712776493307357,-0.2387721960281439
2.6690751286459533,-11.567747181698513,51.340988414844652,0.1851684921404404,-0.23969359000868942
2.7182658042358172,-11.558838196280162,51.390979640175559,0.1731615214830266,-0.24068044889851004
2.7675601085566801,-11.5505217131146,51.440970865506472,0.16110358013298773,-0.24173277176827473
2.8169513112065028,-11.542801534457995,51.490962090837378,0.1489913964297708,-0.24285051202060406
2.8664325968084201,-11.535681552573037,51.540953316168292,0.13682170229090707,-0.24403357220160313
2.9159970573746419,-11.529165748185079,51.590944541499198,0.12459123589369463,-0.24528179834941197
2.9656376845882604,-11.523258188547331,51.640935766830111,0.11229674465121606,-0.24659497386823512
3.0153473620120801,-11.517963025092813,51.690926992161017,0.09993498850682056,-0.24797281291769108
3.0651188572397237,-11.513284490649212,51.740918217491931,0.087502743570573194,-0.24941495330927219
3.1149448082318929,-11.509226820695865,51.790909442822837,0.075009439646286119,-0.24951385408907156
3.1648174692440874,-11.505790513725486,51.840900668153751,0.062596753156074922,-0.24706422395320204
3.2147287724982054,-11.502970412285103,51.890891893484657,0.05030895105680816,-0.2445186993551709
3.2646708241330389,-11.500760592730915,51.94088311881557,0.038150662226014327,-0.24188388779552489
3.3146359514238024,-11.499154805474452,51.990874344146484,0.026126184628748089,-0.23916641407766095
3.3646167127017343,-11.498146496943038,52.04086556947739,0.014239485406738511,-0.23637288257290509
3.4146059058916145,-11.497728831695635,52.090856794808303,0.0024942027917089367,-0.23350984196102087
3.4645965756871626,-11.497894714550071,52.140848020139209,-0.00910635028486626,-0.23058375266197015
3.5145820194031261,-11.498636812586797,52.190839245470123,-0.020559181024575532,-0.22760095711579831
3.5645557915506747,-11.499947576904562,52.240830470801029,-0.031861610182520386,-0.22456765301173043
3.614511707191248,-11.501819264014594,52.290821696131943,-0.043011264224297338,-0.22148986951537838
3.6644438441305636,-11.50424395677109,52.340812921462849,-0.054006066369621727,-0.21837344649528234
3.7143465440197114,-11.507213584747639,52.390804146793762,-0.064844226671630784,-0.21522401670740021
3.7642144124345926,-11.510719943980634,52.440795372124668,-0.075524231277950354,-0.21204699085892292
3.8140423180076106,-11.514754716012281,52.490786597455582,-0.08604483101481479,-0.20884754544114584
3.8638253906872593,-11.519309486176796,52.540777822786488,-0.096405029429336944,-0.20563061319503637
3.9135590192023488,-11.524375761084285,52.590769048117401,-0.10660407041775394,-0.20240087605241203
3.9632388478066032,-11.529944985266498,52.640760273448315,-0.11664142555905184,-0.19916276038012429
4.0128607723792999,-11.536008556958583,52.690751498779221,-0.12651678126463786,-0.19592043434377915
4.0624209359551733,-11.542557842999305,52.740742724110135,-0.13623002584525362,-0.19267780720110433
4.1119157237545894,-11.549584192840511,52.790733949441041,-0.14578123658675102,-0.18943853033246416
4.161341757782667,-11.557078951663787,52.840725174771954,-0.15517066691685186,-0.18620599981675229
4.2106958910620413,-11.565033472608739,52.89071640010286,-0.16439873373534619,-0.18298336036459145
4.2599752015611063,-11.573439128123153,52.940707625433774,-0.17346600497105266,-0.17977351042674147
4.3091769858753661,-11.582287320450227,52.99069885076468,-0.18237318741986655,-0.17657910830360352
4.3582987527160659,-11.59156949127251,53.040690076095593,-0.19112111490982631,-0.17340257909110579
4.4073382162557948,-11.601277130535602,53.0906813014265,-0.19971073683105686,-0.17024612230881789
4.4562932893773581,-11.611401784477872,53.140672526757413,-0.20814310706112463,-0.16711172006736197
4.5051620768677685,-11.621935062894797,53.190663752088319,-0.21641937330939645,-0.16400114564389937
4.553942868595815,-11.632868645668362,53.240654977419233,-0.22454076689780564,-0.16091597234627855
4.6026341327074061,-11.644194288593287,53.290646202750139,-0.23250859298967394,-0.15785758255822088
4.6512345088698712,-11.655903828533004,53.340637428081052,-0.24032422127323286,-0.15482717686937952
4.6997428015924338,-11.667989187938534,53.390628653411966,-0.24798907710188134,-0.1518257832052303
4.7481579736472304,-11.680442378763859,53.440619878742872,-0.25550463308928917,-0.14885426588227507
4.7964791396118862,-11.693255505811056,53.490611104073785,-0.26287240115394062,-0.14591333452400809
4.8447055595520929,-11.706420769538221,53.540602329404692,-0.27009392500475699,-0.14300355278233023
4.8928366328597326,-11.719930468362476,53.590593554735605,-0.27717077305685528,-0.14012534681767455
4.9408718922597883,-11.733777000489621,53.640584780066511,-0.2841045317643775,-0.13727901349890859
4.9888109979971142,-11.747952865300981,53.690576005397425,-0.2908967993555765,-0.13446472829116446
5.0366537322117368,-11.762450664326799,53.740567230728331,-0.29754917995385399,-0.13168255280613478
5.0843999935101678,-11.777263101834611,53.790558456059244,-0.30406327806741629,-0.12893244199499274
5.1320497917377859,-11.79238298505936,53.840549681390151,-0.31044069342924036,-0.12621425096913116
5.1796032429564942,-11.807803224101004,53.890540906721064,-0.31668301616850197,-0.12352774143822903
5.227060564630027,-11.823516831513745,53.94053213205197,-0.32279182229412207,-0.12087258775893331
5.2744220710186474,-11.839516921609793,53.990523357382884,-0.3287686694709015,-0.11824838259060901
5.3216881687833872,-11.855796709498998,54.040514582713797,-0.33461509306853199,-0.11565464215731289
5.3688593527995518,-11.872349509884392,54.090505808044703,-0.34033260246384917,-0.11309081111731967
5.4159362021782886,-11.889168735632181,54.140497033375617,-0.34592267757677658,-0.11055626704329993
5.4629193764949182,-11.906247896133642,54.190488258706523,-0.35138676562066606,-0.10805032451758265
5.5098096122166602,-11.923580595472917,54.240479484037436,-0.35672627804735602,-0.10557223884823286
5.5566077193426464,-11.941160530420898,54.290470709368343,-0.36194258766993992,-0.10312120941124849
5.6033145782264349,-11.95898148825867,54.340461934699256,-0.36703702594167914,-0.10069638262681378
5.649931136604339,-11.977037344452283,54.390453160030162,-0.37201088037597618,-0.098296854574819265
5.6964584068099775,-11.995322060183561,54.440444385361076,-0.37686539208772835,-0.095921673257004181
5.742897463176317,-12.013829679748373,54.490435610691982,-0.38160175343912117,-0.093569840511609673
5.7892494396210612,-12.032554327830493,54.540426836022895,-0.38622110577259738,-0.091240313586168145
5.8355155274103634,-12.051490206657812,54.590418061353802,-0.39072453721391714,-0.088932006373363987
5.8816969731039634,-12.070631593049734,54.640409286684715,-0.39511308052923477,-0.086643790313588598
5.9277950766527203,-12.089972835350348,54.690400512015621,-0.39938771101720677,-0.084374494968346397
5.9738111896983632,-12.109508350273455,54.740391737346535,-0.40354934442475887,-0.08212290826353745
6.0197467125435038,-12.129232623019924,54.790382962677448,-0.40759916814078728,-0.079906305281357559
6.0656030819402025,-12.149140228709685,54.840374188008354,-0.41153826090655149,-0.077680287517899405
6.1113818018996398,-12.169225754805579,54.890365413339268,-0.4153653697103567,-0.075426428006177576
6.1570844647619705,-12.189483749399306,54.940356638670174,-0.419079142763569,-0.073146328019804766
6.2027127490354976,-12.209908723976334,54.990347864001087,-0.42267830812480317,-0.070841580254897188
6.2482684166849305,-12.230495157082602,55.040339089331994,-0.42616167320086401,-0.068513766056449224
6.2937533103092891,-12.251237497880798,55.090330314662907,-0.42952812411461944,-0.066164452868280751
6.3391693502187874,-12.272130169592073,55.140321539993813,-0.43277662495101327,-0.063795191908446305
6.3845185314203672,-12.293167572820282,55.190312765324727,-0.43590621689251946,-0.061407516070201236
6.4298029205209284,-12.314344088756366,55.240303990655633,-0.43891601725526586,-0.059002938046987342
6.4750246525574537,-12.335654082261311,55.290295215986546,-0.44180521843696557,-0.056582948678358599
6.5201859277626442,-12.357091904826957,55.340286441317453,-0.44457308678758628,-0.054149015512380716
6.5652890082747994,-12.378651897414571,55.390277666648366,-0.44721896141345024,-0.051702581578760912
6.6103362147998999,-12.40032839317168,55.440268891979272,-0.44974225292512282,-0.049245064365850792
6.6553299232342313,-12.422115720028588,55.490260117310186,-0.45214244213910959,-0.046777854993641219
6.7002725612543959,-12.44400820317599,55.540251342641099,-0.45441907874290943,-0.044302317574061605
6.7451666048827379,-12.466000167426454,55.590242567972005,-0.45657177993259596,-0.041819788749083001
6.7900145750340064,-12.488085939462012,55.640233793302919,-0.45860022903151726,-0.039331577396612527
6.8348190340506827,-12.510259849971664,55.690225018633825,-0.46050417409828714,-0.03683896449356866
6.8795825822325511,-12.532516235682145,55.740216243964738,-0.46228342653162624,-0.0343432031252296
6.9243078543663898,-12.554849441286056,55.790207469295645,-0.46393785967909634,-0.031845518629632127
6.9689975162612114,-12.577253821271739,55.840198694626558,-0.46546740745619131,-0.029347108865630085
7.0136542612939126,-12.59972374165938,55.890189919957464,-0.46687206298167727,-0.026849144593142436
7.05828080697035,-12.622253581648415,55.940181145288378,-0.46815187723451351,-0.024352769954086341
7.1028798915058919,-12.644837735181056,55.990172370619284,-0.46930695773708803,-0.021859103042597708
7.1474542704297814,-12.667470612427287,56.040163595950197,-0.47033746726895975,-0.01936923655323532
7.1920067132168475,-12.690146641196614,56.090154821281104,-0.4712436226147193,-0.016884238496089964
7.2365399999503621,-12.712860268282004,56.140146046612017,-0.4720256933490492,-0.014405152967933746
7.2810569180189475,-12.735605960741443,56.19013727194293,-0.47268400066150962,-0.01193300096886485
7.3255602588508193,-12.758378207122647,56.240128497273837,-0.47321891622307555,-0.0094687812542020681
7.3700535387143038,-12.781170105652746,56.29011972260475,-0.47349378439552309,0.00087456281422738154
7.4145478714309867,-12.803959948415969,56.340110947935656,-0.4731058474781546,0.014638993898891787
7.4590588656687595,-12.826717227682353,56.39010217326657,-0.47203063220703773,0.028373984980489091
7.5036020907298777,-12.849411347259089,56.440093398597476,-0.47026909582531373,0.042100016055266989
7.548192975513329,-12.872011664840901,56.490084623928389,-0.46782118914378651,0.055836834136316509
7.5928467675675186,-12.89448741658698,56.540075849259296,-0.46468589885487127,0.069603224785163217
7.637578490108897,-12.916807644199736,56.590067074590209,-0.46086130155076399,0.08341677142935254
7.6824028962311628,-12.938941125071945,56.640058299921115,-0.45634463018801841,0.097293597272409646
7.7273344195647322,-12.960856306148317,56.690049525252029,-0.45113235398791984,0.11124808507986879
7.7723871206398165,-12.982521242223934,56.740040750582935,-0.44522027298822309,0.12529257070823974
7.8175746283350191,-13.00390353955769,56.790031975913848,-0.43860362864026586,0.13943700703629824
7.8629100757451864,-13.024970305758282,56.840023201244755,-0.43127723200057172,0.15368859591976022
7.9084060299523928,-13.045688107082553,56.890014426575668,-0.42323561114536434,0.16805138710081599
7.9540744152462608,-13.06602293442468,56.940005651906581,-0.41447317945430134,0.18252584464137564
7.9999264294728354,-13.085940179440009,56.989996877237488,-0.40498442633030524,0.19710838352868576
8.0459724533497408,-13.105404622407983,57.039988102568401,-0.39476413172798869,0.21179088166875765
8.092221952783575,-13.12438043359005,57.089979327899307,-0.38380760552733045,0.22656017558282648
8.1386833744697604,-13.142831189970249,57.139970553230221,-0.37211095228456764,0.24139755176837133
8.1853640353476713,-13.160719909364261,57.189961778561127,-0.35967136119244342,0.25627824984525549
8.2322700068305874,-13.178009103931959,57.23995300389204,-0.34648742016242956,0.27117099818208823
8.2794059951078314,-13.194660855102626,57.289944229222947,-0.33255945179248109,0.28603760749607582
8.3267752193191171,-13.210636911835323,57.33993545455386,-0.3178898675719477,0.30083265268287562
8.3743792897577727,-13.225898813874075,57.389926679884766,-0.30248353508888326,0.31550327736792017
8.422218088912242,-13.240408041362208,57.43991790521568,-0.28634815114828605,0.32998915898764059
8.4702896585315983,-13.254126191635773,57.489909130546586,-0.26949461180750828,0.34422267378628491
8.5185900964298646,-13.26701518337471,57.539900355877499,-0.25193736835515618,0.35812930037351498
8.5671134671258731,-13.279037487453124,57.589891581208406,-0.23369475641514456,0.37162829661234104
8.6158517306933575,-13.290156382836297,57.639882806539319,-0.21478928379679213,0.38463367697799605
8.6647946943625875,-13.300336234751267,57.689874031870232,-0.19524786161728283,0.39705550572517395
8.7139299912585972,-13.309542791111062,57.739865257201139,-0.17510196287077323,0.4088015051087962
8.7632427298215525,-13.317745746696668,57.789856482532052,-0.15455958165625824,0.41123579005358257
8.8127136878496035,-13.32493315078562,57.839847707862958,-0.1339859680968061,0.41197542904982543
8.8623221835980122,-13.331100090174335,57.889838933193872,-0.1133571919434968,0.41343989780809309
8.9120475426993373,-13.336240311042388,57.939830158524778,-0.092637411508623299,0.41561392113659135
8.9618689612919145,-13.340346205061907,57.989821383855691,-0.071791482602426571,0.41848479638030256
9.0117653637468145,-13.343408840772371,58.039812609186598,-0.050784840961950531,0.42204195027814867
9.0617152615742995,-13.345417997355975,58.089803834517511,-0.029583407149307288,0.42627648182855693
9.1116966126203813,-13.346362202005897,58.139795059848417,-0.0081535148503893724,0.43118068157864453
9.1616866798399244,-13.346228772258881,58.189786285179331,0.013538135999320763,0.43674751739158862
9.2116618891458852,-13.345003864854901,58.239777510510237,0.035524499332155492,0.44297007651762493
9.261597686074218,-13.342672532887393,58.28976873584115,0.057838173869316729,0.44984095377629407
9.3114683912792753,-13.33921879321457,58.339759961172064,0.080511361902257883,0.45735157596461012
9.3612470551965927,-13.334625706310616,58.38975118650297,0.10357579251436119,0.465491453389135
9.4109053125862463,-13.328875470937032,58.439742411833883,0.12706260540070383,0.47424735087113173
9.4604132381109416,-13.321949536196623,58.48973363716479,0.1510021911158059,0.48360237292605535
9.50973920461524,-13.313828733679211,58.539724862495703,0.17542398339703885,0.49353496134220848
9.5588497463607744,-13.304493432497955,58.589716087826609,0.2003561992404248,0.50401780837485211
9.6077094301388826,-13.293923720019821,58.639707313157523,0.22582552272763964,0.51501669553241847
9.6562807379201079,-13.282099610981394,58.689698538488429,0.25185672931240943,0.52648927672693346
9.7045239654970796,-13.269001287411742,58.739689763819342,0.27847224847886753,0.53838383556737268
9.7523971424069149,-13.25460937131508,58.789680989150249,0.30569166449452734,0.55063805979648728
9.7998559792428424,-13.238905231351842,58.839672214481162,0.33353115750241707,0.56317789103955573
9.8468538492233932,-13.221871323754041,58.889663439812068,0.36200289051242807,0.57591652448346997
9.8933418115072769,-13.203491566383629,58.939654665142982,0.39111435199900235,0.58875364965532417
9.9392686841248263,-13.183751743171083,58.989645890473888,0.42086766875263548,0.60157503831911363
9.9845811744313835,-13.162639934159747,59.039637115804801,0.45125890922321288,0.61425259619578798
10.029224074549765,-13.140146964071574,59.089628341135715,0.48227740355108656,0.62664499868499968
10.073140528235298,-13.116266859787839,59.139619566466621,0.51390511236284564,0.63859902362790666
10.116272373859246,-13.090997304548848,59.189610791797534,0.54611608159619984,0.64995167310424629
10.158560599113265,-13.064340125482646,59.239602017128441,0.57885623144197673,0.6562686928054684
10.19995460490347,-13.036314440123087,59.289593242459354,0.61134816921391899,0.64370068680156678
10.240425500579743,-13.006971338026148,59.33958446779026,0.64322226563980878,0.6315678961514668
10.279949928877084,-12.976365155417039,59.389575693121174,0.67450271442150178,0.61996501912655277
10.318506931753525,-12.944548749710464,59.43956691845208,0.70521803872666178,0.60897084552503966
10.356077583603081,-12.911573319117338,59.489558143782993,0.73540033893724732,0.59864999826270848
10.392644637594149,-12.877488283180314,59.5395493691139,0.76508462958393419,0.58905474299840266
10.428192189418883,-12.842341216117557,59.589540594444813,0.7943082665398028,0.5802267769068814
10.462705361105993,-12.806177825280324,59.639531819775719,0.82311046175115066,0.57219893339839079
10.496170006255969,-12.76904196768173,59.689523045106633,0.85153188017969106,0.56499676101336804
10.528572437064289,-12.730975698344015,59.739514270437546,0.87961431198397799,0.55863995167947311
10.559899172773708,-12.692019345059899,59.789505495768452,0.90740041206303235,0.55314360625256143
10.590136708701335,-12.652211605017376,59.839496721099366,0.93493349872034992,0.54851933427494803
10.619271304683634,-12.611589659557096,59.889487946430272,0.96225740321245112,0.54477619077585937
10.647288791636971,-12.570189304094107,59.939479171761185,0.9894163621813804,0.54192145631672706
10.674174394909768,-12.528045090934359,59.989470397092092,1.016454945319955,0.53996126789984289
10.699912573198599,-12.485190483316508,60.039461622423005,1.0434180110144127,0.53890110828161852
10.724486871942027,-12.44165801959242,60.089452847753911,1.070350683033344,0.53874616004800768
10.747879790391059,-12.397479486852175,60.139444073084825,1.0972983416492308,0.53950152881228286
10.770072661796059,-12.352686103788173,60.189435298415731,1.12430662267311,0.54117233732748893
10.791045546564769,-12.307308712815274,60.239426523746644,1.1514214179607902,0.54376368933962316
10.810777138615759,-12.261377981780999,60.28941774907755,1.1786888707674301,0.5472804988039055
10.829244685636366,-12.214924615739134,60.339408974408464,1.2061553590468204,0.55172717678571093
10.846423924469306,-12.167979579362353,60.38940019973937,1.2338674593202363,0.55710716513373559
10.862289033431791,-12.120574330569633,60.439391425070284,1.2618718831196791,0.56342230304916552
10.876812604007185,-12.072741065842827,60.489382650401197,1.2902153772528502,0.57067201025639647
10.889965635041332,-12.024512977481557,60.539373875732103,1.3189445782804305,0.57885226898561581
10.901717553316118,-11.975924522672624,60.589365101063017,1.3481058106986368,0.58795438691644675
10.912036265145275,-11.927011703703702,60.639356326393923,1.3777448174675648,0.59796352527775343
10.920888244417343,-11.877812357894149,60.689347551724836,1.4079064108477206,0.60885698130730082
10.928241661969176,-11.828366868554605,60.739338777055742,1.4383438952683032,0.60197221420361391
10.934104996400572,-11.778722521621182,60.789330002386656,1.4679643370971682,0.5827657885926496
10.938520085811721,-11.728928355314325,60.839321227717562,1.4965841214049254,0.56199149489632494
10.941534935938716,-11.679029705791811,60.889312453048476,1.5241327142062047,0.53996195997478369
10.943202121949696,-11.629067743272635,60.939303678379382,1.5505549345916143,0.51697712421940878
10.94357780359414,-11.579079258264429,60.989294903710295,1.5758100923848994,0.49331554539387501
10.942720793715775,-11.52909658552888,61.039286129041201,1.5998707558069118,0.46922828687101886
10.940691706411071,-11.479147644915138,61.089277354372115,1.6227212755703853,0.44493524348562957
10.937552201898717,-11.429256076106251,61.139268579703021,1.6443561798300961,0.42062358588934878
10.933364336916851,-11.379441444370961,61.189259805033934,1.6647785358683873,0.39644791328567391
10.928190022649437,-11.329719496014089,61.239251030364848,1.6839983530651084,0.37253168102902406
10.922090586976145,-11.280102444801543,61.289242255695754,1.702031080498305,0.34896949480347311
10.915126434199607,-11.230599273705339,61.339233481026668,1.718896233393264,0.32582991783803406
10.907356793148184,-11.181216039484315,61.389224706357574,1.7346161666388842,0.30315850574802355
10.89883954343237,-11.131956170622404,61.439215931688487,1.7492150010766807,0.28098085329445421
10.889631109380366,-11.082820751825935,61.489207157019393,1.7627176991130693,0.25930550110710954
10.879786411543778,-11.033808790555524,61.539198382350307,1.7751492800018038,0.23812660430061219
10.869358866433947,-10.984917462924214,61.589189607681213,1.7865341613548231,0.2174263076388421
10.858400426151455,-10.936142337747521,61.639180833012126,1.7968956115151997,0.19717680387470088
10.846961650678487,-10.887477578636625,61.689172058343033,1.8062552968565873,0.17734207445214861
10.835091806724121,-10.838916124829774,61.739163283673946,1.8146329084334427,0.15787932662604856
10.822838988089297,-10.790449852032792,61.789154509004852,1.8220458533520927,0.13874014999685849
10.810250253504725,-10.74206971489347,61.839145734335766,1.8285089975168487,0.11987142004771503
10.797371778801118,-10.693765873033577,61.889136959666679,1.8340344478262514,0.10121597790530984
10.784249021040388,-10.64552780264113,61.939128184997585,1.8386313633645113,0.082713115221945716
10.770926892930811,-10.597344395766468,61.989119410328499,1.8423057865383257,0.064298891731522409
10.757449946423417,-10.549204049489985,62.039110635659405,1.8450604864464544,0.045906311221445409
10.743862564877007,-10.501094747176872,62.089101860990318,1.8468948080104086,0.027465379915656216
10.730209163582648,-10.453004134082509,62.139093086321225,1.8478045215587058,0.0089030699413300083
10.716534398762045,-10.40491958964218,62.189084311652138,1.8477816686723807,-0.0098567900314303781
10.702880238287415,-10.356829191410434,62.239075536983044,1.8470695106671087,-0.015614734630493352
10.689263541653787,-10.308728172287541,62.289066762313958,1.8462427367691281,-0.017464525789464655
10.675688848761125,-10.260615282677431,62.339057987644864,1.8453231350814159,-0.019328085949309012
10.662160652898983,-10.212489298915624,62.389049212975777,1.8443100798669907,-0.021202895185044594
10.648683478027593,-10.164349002776868,62.439040438306684,1.8432030736712464,-0.023086342463299468
10.635261872850547,-10.116193184603231,62.489031663637597,1.8420017516850666,-0.024975733427218174
10.621900404679018,-10.068020646486245,62.539022888968503,1.8407058856997418,-0.026868298945192014
10.608603653101174,-10.019830205474941,62.589014114299417,1.8393153876160724,-0.028761204389998529
10.5953762034761,-9.9716206967949965,62.63900533963033,1.8378303124722171,-0.03065155960528956
10.582222640272828,-9.9233909770615387,62.688996564961236,1.8362508609571908,-0.032536429507385917
10.569147540276505,-9.8751399274678153,62.73898779029215,1.8345773813797357,-0.034412845261446397
10.556155465685446,-9.8268664569315849,62.788979015623056,1.8328103710655566,-0.036277815962540962
10.543250957124025,-9.7785695051807817,62.838970240953969,1.830950477159581,-0.038128340744107786
10.530438526597756,-9.7302480457602023,62.888961466284876,1.8289984968139767,-0.039961421228872668
10.517722650417968,-9.6819010889410464,62.938952691615789,1.826955376747065,-0.041774074230721013
10.505107762124284,-9.6335276845155562,62.988943916946695,1.8248222121629911,-0.043563344610374796
10.492598245434062,-9.5851269244594874,63.038935142277609,1.8226002450269925,-0.045326318183189808
10.480198427248203,-9.5366979454460541,63.088926367608515,1.8202908616962701,-0.047060134574051837
10.467912570743186,-9.4882399311953307,63.138917592939428,1.8178955899117593,-0.048761999912362748
10.455744868579748,-9.4397521146475718,63.188908818270335,1.8154160951616347,-0.050429199259376944
10.443699436254725,-9.3912337799338772,63.238900043601248,1.812854176431909,-0.052059108661554478
10.431780305633977,-9.3426842641677457,63.288891268932161,1.810211761367301,-0.053649206724253329
10.419991418680985,-9.2941029589911128,63.338882494263068,1.8074909008659257,-0.055197085607013155
10.408336621422421,-9.2454893119209629,63.388873719593981,1.8046937631420361,-0.056700461343153832
10.396819658169022,-9.1968428274574094,63.438864944924887,1.8018226272911271,-0.058157183396013515
10.385444166019381,-9.1481630679583663,63.488856170255801,1.7988798763981684,-0.059565243370629017
10.374213669669434,-9.0994496542750554,63.538847395586707,1.7958679902328758,-0.060922782809180773
10.36313157655173,-9.0507022661579697,63.58883862091762,1.7927895375801024,-0.062228100008266202
10.352201172315308,-9.0019206423958664,63.638829846248527,1.7896471682531718,-0.063479655808352811
10.34142561667999,-8.9531045807620693,63.68882107157944,1.7864436048471248,-0.064676078314414423
10.33080131317557,-8.9042553726745659,63.738812296910346,1.7836325930559658,-0.04584500019058925
10.320289040085042,-8.8553819231635948,63.78880352224126,1.7818605820682965,-0.025090097799826998
10.309838119975108,-8.8064953118960663,63.838794747572166,1.7811203712037724,-0.0045544110986773358
10.299398361360197,-8.7576063148728718,63.888785972903079,1.7814026926849984,0.015829508545826498
10.288919936517065,-8.7087255940525026,63.938777198233986,1.7827016160854023,0.036127660741747281
10.278353252993563,-8.6598638841786002,63.988768423564899,1.7850144656456581,0.056404187668076998
10.267648829927715,-8.6110321769808191,64.038759648895805,1.7883417170848417,0.076720956023863002
10.256757181476884,-8.5622419047059299,64.088750874226719,1.7926868725271401,0.097137093777456732
10.245628709757533,-8.5135051247586482,64.138742099557632,1.7980563104306859,0.11770844776876817
10.234213609904304,-8.4648347070039343,64.188733324888545,1.8044591057361199,0.13848692927890044
10.222461790163784,-8.4162445249923703,64.238724550219445,1.8119068138304573,0.15951971556699737
10.210322810333968,-8.3677496520021233,64.288715775550358,1.8204132103494624,0.18084827656438685
10.197745842331765,-8.3193665623254418,64.338707000881271,1.8299939773488838,0.20250719803049952
10.18467965719827,-8.2711133376378001,64.388698226212185,1.8406663250271444,0.22452277630013348
10.171072643408484,-8.2230098775507212,64.438689451543084,1.8524485370878254,0.24691136625549148
10.156872861898487,-8.1750781125361502,64.488680676873997,1.8653594271518819,0.26967747449348317
10.142028143704362,-8.1273422162973272,64.538671902204911,1.8794176935906841,0.29281160512681764
10.126486236450047,-8.0798288133340019,64.588663127535824,1.8946411610413769,0.31628788759623833
10.110195006029235,-8.0325671759041359,64.638654352866723,1.9110458990408592,0.34006154547147094
10.093102699582916,-7.9855894028448136,64.688645578197637,1.9286452120767346,0.36406630319930561
10.075158275139101,-7.9389305708341684,64.73863680352855,1.9474485013226486,0.3882118739120482
10.056311801905037,-7.8926288467595702,64.788628028859463,1.967460006772791,0.41238172399751449
10.036514933024865,-7.8467255480414222,64.838619254190377,1.9886774496593898,0.43643136521145837
10.015721449552665,-7.8012651363677019,64.888610479521276,2.0110906088514438,0.46018747583344072
9.9938878702658425,-7.7562951293526714,64.938601704852189,2.0346798810560478,0.48344818887400443
9.9709741169783648,-7.7118659149394917,64.988592930183103,2.0594148918455892,0.50598489451333306
9.946944219154922,-7.6680304547382034,65.038584155514016,2.0852532413401392,0.52754587161528566
9.9217670354255461,-7.6248438657130304,65.088575380844915,2.11213948215206,0.54786197569590178
9.8954169635094154,-7.5823628746662415,65.138566606175829,2.1400044350764418,0.56665445996483932
9.8678746083727926,-7.5406451445456089,65.188557831506742,2.1687614363980052,0.58170787693820425
9.8391382055299239,-7.4997407592772714,65.238549056837655,2.1975868812410639,0.57173022094673032
9.8092443403986582,-7.4596744147663774,65.288540282168555,2.2259460292887603,0.5630489970596233
9.7782344605095446,-7.4204653954037916,65.338531507499468,2.2539031216154619,0.55564130291093439
9.7461473418492126,-7.382132894977131,65.388522732830381,2.2815212461695644,0.54948412762889809
9.7130192779825038,-7.3446963042179254,65.438513958161295,2.308862362394756,0.54455549737432096
9.6788842779384066,-7.308175472270305,65.488505183492208,2.3359873751625608,0.54083531246460004
9.6437742704572482,-7.272590945750375,65.538496408823107,2.36295624394111,0.53830592725010151
9.6077193132938312,-7.2379641886922537,65.588487634154021,2.3898281153770662,0.53695251293129853
9.570747807121899,-7.2043177861730197,65.638478859484934,2.4166614692313688,0.53676323302165629
9.5328867143133316,-7.1716756338977881,65.688470084815847,2.4435142688381966,0.53772925135244276
9.4941617834657617,-7.1400631154693102,65.738461310146747,2.4704441080147399,0.53984458338268781
9.4545977810003627,-7.1095072684282163,65.78845253547766,2.4975083466999144,0.54310579306044182
9.4142187316298216,-7.0800369395613512,65.838443760808573,2.5247642274545421,0.54751152948965742
9.3730481697131474,-7.0516829291724816,65.888434986139487,2.5522689645488015,0.55306189015028517
9.3311094038288722,-7.0244781232784463,65.938426211470386,2.5800797964665287,0.55975759040643447
9.2884257970014357,-6.9984576117647759,65.988417436801299,2.60825399150891,0.56759891267696028
9.2450210650611933,-6.9736587895359978,66.038408662132213,2.6368487947008696,0.5765844032501064
9.2009195955098502,-6.9501214365569997,66.088399887463126,2.6659213024998603,0.58670928086318064
9.1561467889751089,-6.9278877714089289,66.138391112794039,2.695528249964033,0.59796351970896122
9.1107294248125807,-6.9070024715763028,66.188382338124939,2.7257256932066909,0.61032957172393243
9.0646960515816328,-6.8875126521620915,66.238373563455852,2.756568568369083,0.62377970055048637
9.0180774019057921,-6.869467793140533,66.288364788786765,2.7881101073027268,0.6382729145979027
8.9709068295387642,-6.8529196036846267,66.338356014117679,2.8204010901034242,0.65375151170923429
8.9232207642086294,-6.8379218106762405,66.388347239448578,2.853488916152056,0.67013728582707366
8.8750591769309555,-6.8245298574090896,66.438338464779491,2.8874164790989028,0.68732749927361725
8.8264660449306689,-6.8128004979856938,66.488329690110405,2.9222208380890851,0.70519079440008514
8.7774898011143687,-6.8027912733157718,66.538320915441318,2.957931688315782,0.72356330494464416
8.7281839448391008,-6.7945585672467326,66.588312140772217,2.9943968085569002,0.7269332704527669
8.6786117854336737,-6.788120038520904,66.638303366103131,3.0303333913426864,0.71046316973969503
8.6288421664459065,-6.7834454787908109,66.688294591434044,3.0654017237294391,0.692256862554953
8.5789404889045784,-6.7804954453106108,66.738285816764957,3.099523957443397,0.67267167354836832
8.5289677040765053,-6.7792246229663746,66.788277042095856,3.1326399062270776,0.65205479053399362
8.4789799053080142,-6.779583005400954,66.83826826742677,-3.1184790566401523,0.63073223272639334
8.429028107248735,-6.7815170384491825,66.888259492757683,-3.0874900386597903,0.60900093695223367
8.3791581888922657,-6.784970687647772,66.938250718088597,-3.0575920596773907,0.58712384869344625
8.3294109724295531,-6.7898864034448723,66.98824194341951,-3.0287865890031416,0.5653276619666
8.2798224086355265,-6.7962059687397112,67.038233168750409,-3.0010646752815955,0.54380271713399131
8.2304238406579024,-6.803871222746066,67.088224394081323,-2.9744087314805845,0.5227045228164362
8.1812423208506129,-6.8128246625293141,67.138215619412236,-2.9487942139294976,0.50215639242529164
8.1323009589750104,-6.8230099288808415,67.188206844743149,-2.9241911511045173,0.48225275166520692
8.083619284100795,-6.8343721866518354,67.238198070074048,-2.9005654979484263,0.46306275859662349
8.0352136064604291,-6.8468584115759654,67.288189295404962,-2.87788030720903,0.44463396619162049
7.9870973690802662,-6.8604175963143028,67.338180520735875,-2.8560967207097119,0.42699583839483657
7.9392814820879911,-6.8750008882892342,67.388171746066789,-2.8351747911444263,0.41016299911578025
7.8917746351342304,-6.890561671127748,67.438162971397688,-2.8150741496080189,0.39413814756049675
7.8445835853738695,-6.9070556004441972,67.488154196728601,-2.7957545363440373,0.37891461340154337
7.7977134199882494,-6.9244406034347907,67.538145422059515,-2.7771762127724151,0.36447855328194106
7.751167793352332,-6.9426768504595344,67.588136647390428,-2.7593002722934585,0.35081080833488359
7.7049491397395666,-6.9617267055351562,67.638127872721341,-2.7420888660871592,0.33788845308073218
7.6590588629789504,-6.981554661506709,67.68811909805224,-2.7255053584594875,0.32568607129382132
7.6134975047951921,-7.0021272646331436,67.738110323383154,-2.7095144244582334,0.31417679591908182
7.5682648937277399,-7.0234130324234361,67.788101548714067,-2.6940821006425764,0.30333314919760829
7.5233602765801226,-7.0453823677936818,67.838092774044981,-2.6791757981370217,0.29312771682987604
7.4787824343322873,-7.068007471974374,67.88808399937588,-2.664764285483042,0.28353368698339093
7.4345297843816889,-7.0912622580697162,67.938075224706793,-2.6508176473419773,0.27452528173684898
7.3906004708850688,-7.1151222667439136,67.988066450037707,-2.6373072238014399,0.26607810548158128
7.3469924448658768,-7.1395645851713043,68.03805767536862,-2.62420553388097,0.25816943209602244
7.3037022912962648,-7.1645656337546928,68.088048900699519,-2.611664325107331,0.24215639362077154
7.2607178474949521,-7.1900887979537274,68.138040126030432,-2.6000102391571769,0.22399628589892304
7.218021803856904,-7.2160916145783807,68.188031351361346,-2.5892773399119648,0.20531316732056354
7.1755948085371424,-7.2425312198106155,68.238022576692259,-2.5794902120926846,0.18616858485949131
7.1334156381516527,-7.2693644825874628,68.288013802023173,-2.5706705036128668,0.16661843277790292
7.0914613660010311,-7.2965480966802456,68.338005027354072,-2.5628372137354889,0.14671277253603895
7.0497075334490624,-7.3240386470080354,68.387996252684985,-2.5560069840297883,0.12649589648939541
7.0081283224014328,-7.3517926517324019,68.437987478015899,-2.5501943806171488,0.10600660799123417
6.9666967274605307,-7.3797665821642582,68.487978703346812,-2.5454121575937956,0.085278689681802647
6.9253847269386846,-7.4079168628878351,68.537969928677711,-2.5416714929105768,0.064341532722643618
6.8841634524707986,-7.4361998547926529,68.587961154008624,-2.5389821893017688,0.043220901880122786
6.8430033574645632,-7.4645718239217329,68.637952379339538,-2.5373528340430433,0.021939814067135716
6.8018743850484213,-7.4929888992166021,68.687943604670451,-2.5367909123691494,0.0005195106669202014
6.7607461365202255,-7.521407022382431,68.73793483000135,-2.537302870306315,-0.021019493780331477
6.7195880415354532,-7.5497818932408851,68.787926055332264,-2.5388941235062497,-0.042656302550195979
6.6783695314869842,-7.578068914033004,68.837917280663177,-2.5415690094562713,-0.064368483114844915
6.6370617832497167,-7.6062254385773436,68.887908505994091,-2.5451480969106606,-0.078145014988710765
6.5956443684311612,-7.6342203779104754,68.93789973132499,-2.5493801268243725,-0.091158959240885448
6.5540998237740267,-7.6620262847595457,68.987890956655903,-2.5542614584608954,-0.10411676134559594
6.5124111364573229,-7.6896155869624856,69.037882181986816,-2.5597885388303259,-0.11698827297396001
6.4705618366083248,-7.7169606192015152,69.08787340731773,-2.5659562642404836,-0.1297415980957817
6.4285360914799163,-7.7440336633628393,69.137864632648643,-2.5727578925268597,-0.14234308531908124
6.3863187992912103,-7.7708069963752751,69.187855857979542,-2.580184956204743,-0.15475737353015673
6.3438956819233807,-7.7972529459937308,69.237847083310456,-2.5882271793785723,-0.1669474976807627
6.3012533754810027,-7.8233439548660977,69.287838308641369,-2.5968724015663986,-0.17887506049292276
6.258379517610444,-7.8490526530270133,69.337829533972283,-2.6061065118474116,-0.19050047429835335
6.2152628303481103,-7.8743519387462921,69.387820759303182,-2.6159133969027946,-0.20178327519853292
6.1718931971761819,-7.89921506741742,69.437811984634095,-2.6262749065689475,-0.21268250922932425
6.1282617329066715,-7.9236157479033507,69.487803209965008,-2.6371708404330447,-0.22315718729040843
6.0843608457766125,-7.9475282470100153,69.537794435295922,-2.6485776303499078,-0.23248336174025327
6.0401863765954751,-7.9709314651960836,69.587785660626821,-2.6602269777427523,-0.23361886644974478
5.9957415789332256,-7.9938171375638571,69.637776885957734,-2.6719400227517727,-0.23503079899647875
5.9510309386306668,-8.016178986858467,69.687768111288648,-2.6837304574816332,-0.23671428594908728
5.9060587926592651,-8.0380101411772618,69.737759336619561,-2.6956117596708151,-0.2386656046210259
5.8608293634014172,-8.059303131181391,69.787750561950475,-2.7075972473305612,-0.24088206955140237
5.8153467922785236,-8.0800498858537981,69.837741787281374,-2.7197001279907518,-0.24336192982591837
5.769615173060763,-8.100241726962123,69.887733012612287,-2.7319335430308183,-0.24610427474594632
5.7236385851593017,-8.1198693623924765,69.9377242379432,-2.7443106074587087,-0.24910894559279795
5.6774211272246813,-8.1389228785086427,69.987715463274114,-2.7568444453821961,-0.25237645140751991
5.6309669512911045,-8.1573917317320817,70.037706688605013,-2.7695482213350404,-0.25590788683423132
5.5842802977652175,-8.1752647395209319,70.087697913935926,-2.7824351675062209,-0.25970485015027139
5.5373655315138386,-8.1925300709603466,70.13768913926684,-2.795518606837077,-0.26376935965083476
5.4902271792953803,-8.2091752371991049,70.187680364597753,-2.8088119718603779,-0.26810376656828194
5.4428699687823379,-8.2251870819905069,70.237671589928652,-2.8223288190610991,-0.27271066269341832
5.3952988694071733,-8.2405517726306439,70.287662815259566,-2.8360828384479793,-0.27759278083648253
5.3475191352548714,-8.2552547916246262,70.337654040590479,-2.850087857930407,-0.28275288622445993
5.299536350211306,-8.2692809294551139,70.387645265921392,-2.8643578419991758,-0.28819365688733217
5.2513564755607076,-8.2826142788766344,70.437636491252306,-2.8789068841110148,-0.29391755104797301
5.2029859002028731,-8.2952382312147641,70.487627716583205,-2.8937491920772085,-0.29992665951039987
5.1544314936332567,-8.3071354752100408,70.537618941914118,-2.9088990656563145,-0.30622254105245922
5.1057006617929241,-8.3182879990132914,70.587610167245032,-2.9243708654526359,-0.31280603888885117
5.0568014058495239,-8.3286770960107255,70.637601392575945,-2.9401789721283382,-0.31967707639875814
5.0077423839136062,-8.3382833752328374,70.687592617906844,-2.9563377348518132,-0.32683443053318467
4.95853297562366,-8.3470867771797046,70.737583843237758,-2.9728614078336832,-0.33427548165833176
4.909183349446856,-8.3550665959746251,70.787575068568671,-2.9897640737512612,-0.34199593908449971
4.8597045324378403,-8.362201508835378,70.837566293899584,-3.007059552840992,-0.34998954220989881
4.8101084820743072,-8.3684696139244377,70.887557519230484,-3.0247612964562482,-0.35824773811187283
4.7604081596414485,-8.3738484777016602,70.937548744561397,-3.0428822639576691,-0.36675933758117296
4.7106176044697374,-8.3783151929496409,70.98753996989231,-3.0614347819377192,-0.37551015305064017
4.6607520081371714,-8.3818464486666358,71.037531195223224,-3.0804303849971455,-0.38448262364376612
4.6108281382278031,-8.3844261309791452,71.087522420554123,-3.0994144484834312,-0.37442293626371781
4.5608646921354419,-8.3860710730942642,71.137513645885036,-3.1178558858540133,-0.36327132501498111
4.5108795720706665,-8.3868085473543967,71.18750487121595,-3.1357265645891141,-0.35160110058455563
4.4608891675459255,-8.3866674584018437,71.237496096546863,3.1301828867833335,-0.33948639903976163
4.4109083114580425,-8.3856781030586589,71.287487321877776,3.1135222742997652,-0.32699867656053372
4.360950260345934,-8.3838719379442139,71.337478547208676,3.0974938421585878,-0.31420568414081823
4.311026696501659,-8.3812813585569259,71.387469772539589,3.0821112502228805,-0.30117066450035035
4.2611477492521974,-8.3779394928637281,71.437460997870502,3.0673851221277753,-0.28795176476602863
4.211322032596942,-8.3738800116356344,71.487452223201416,3.0533233104734734,-0.27460164993412284
4.1615566963677013,-8.3691369570155167,71.537443448532315,3.0399311767508954,-0.26116729613609668
4.1118574881698251,-8.3637445901296061,71.587434673863228,3.0272118776150139,-0.24768993914249929
4.0622288235384234,-8.3577372579729197,71.637425899194142,3.0151666503946069,-0.23420515203345099
4.012673861976686,-8.3511492793169033,71.687417124525055,3.0037950920321124,-0.22074302614050095
3.9631945868128446,-8.3440148490051573,71.737408349855954,2.9930954269104184,-0.20732843080090455
3.9137918870981343,-8.3363679597145435,71.787399575186868,2.9830647601914597,-0.19398132975995347
3.8644656400564092,-8.3282423400551444,71.837390800517781,2.9736993143311037,-0.18071713485861735
3.815214792873368,-8.3196714077523115,71.887382025848694,2.9649946473275222,-0.16754708066406923
3.7660374428738881,-8.3106882365856425,71.937373251179608,2.9569458520015059,-0.15447860672036398
3.7169309153719863,-8.3013255357410856,71.987364476510507,2.9495477362006439,-0.14151573695895203
3.6678918386890356,-8.2916156402522656,72.03735570184142,2.9427949842759435,-0.12865944841445454
3.6189162160193513,-8.2815905112556845,72.087346927172334,2.9366823005133895,-0.11590802368519551
3.5699994939797741,-8.2712817448524643,72.137338152503247,2.9312045354304552,-0.10325738354132646
3.521136627812544,-8.2607205884497592,72.187329377834146,2.9263567959851597,-0.090701397721527965
3.4723221433207594,-8.2499379635413277,72.23732060316506,2.9221345408085995,-0.078232173294719612
3.4235501957059813,-8.2389644939744233,72.287311828495973,2.9185336615754136,-0.065840321028350995
3.374814625547395,-8.2278305388345352,72.337303053826886,2.9155505515827302,-0.053515201035730382
3.3261090122354982,-8.2165662291625221,72.387294279157786,2.913182162528785,-0.041245149614637155
3.27742672516553,-8.2052015077779856,72.437285504488699,2.9114260503715346,-0.029017689651970137
3.2287609731296638,-8.1937661715676917,72.487276729819612,2.9102804110248477,-0.016819727342445204
3.1801048763386981,-8.1822898136166273,72.537267955150526,2.9097212409946946,-0.0079632879166758284
3.1314537930374713,-8.1707922194740537,72.587259180481439,2.9093253786764701,-0.0078739940425909521
3.0828072393059593,-8.159275475653498,72.637250405812338,2.9089339787933866,-0.0077847590046284465
3.0341651712209732,-8.1477398009302888,72.687241631143252,2.9085470384305698,-0.0076955817449899031
2.9855275446386695,-8.1361854138821048,72.737232856474165,2.908164554726171,-0.0076064612001165779
2.9368943151970988,-8.1246125328921188,72.787224081805078,2.9077865248716526,-0.0075173963007496951
2.8882654383187618,-8.1130213761521297,72.837215307135978,2.9074129461120721,-0.0074283859719898636
2.8396408692130444,-8.1014121616657206,72.887206532466891,2.9070438157463623,-0.0073394291333552823
2.7910205628787819,-8.0897851072514495,72.937197757797804,2.9066791311276088,-0.007250524698839262
2.7424044741068112,-8.0781404305460693,72.987188983128718,2.906318889663325,-0.0071616715769668195
2.6937925574822508,-8.0664783490076832,73.037180208459617,2.9059630888157231,-0.0070728686708498335
2.6451847673871494,-8.054799079919027,73.08717143379053,2.9056117261019865,-0.0069841148782420013
2.5965810580028155,-8.0431028403906932,73.137162659121444,2.9052647990945313,-0.0068954090915922875
2.5479813833123344,-8.0313898473643999,73.187153884452357,2.9049223054212749,-0.0068067501980978943
2.4993856971028272,-8.0196603176162373,73.23714510978327,2.9045842427658943,-0.0067181370797558156
2.4507939529680631,-8.0079144677600205,73.28713633511417,2.9042506088680864,-0.0066295686134142523
2.4022061043106615,-7.9961525142505323,73.337127560445083,2.9039214015238231,-0.0065410436708224157
2.3536221043445269,-7.9843746733868741,73.387118785775996,2.9035966185856052,-0.0064525611186798722
2.3050419060972813,-7.9725811613158202,73.43711001110691,2.9032762579627143,-0.0063641198186851437
2.2564654624125047,-7.9607721940351377,73.487101236437809,2.9029603176214609,-0.0062757186275830667
2.2078927259520906,-7.9489479873969664,73.537092461768722,2.9026487955854305,-0.0061873563972116514
2.1593236491985976,-7.9371087571111989,73.587083687099636,2.9023416899357288,-0.006099031974548026
2.1107581844575938,-7.9252547187488913,73.637074912430549,2.9020389988112236,-0.0060107442017537293
2.0621962838598615,-7.9133860877456463,73.687066137761448,2.9017407204087831,-0.0059224919162188571
2.0136378993636672,-7.9015030794050372,73.737057363092362,2.9014468529835145,-0.0058342739506056498
1.9650829827571987,-7.8896059089020794,73.787048588423275,2.9011573948489984,-0.0057460891328916302
1.9165314856606506,-7.8776947912866433,73.837039813754188,2.9008723443775235,-0.0056579362864113466
1.8679833595285709,-7.8657699414869446,73.887031039085088,2.9005917000003159,-0.0055698142298978787
1.8194385556520019,-7.8538315743129905,73.937022264416001,2.9003154602077688,-0.0054817217775232664
1.7708970251608145,-7.8418799044601082,73.987013489746914,2.9000436235496703,-0.0053936577389385862
1.7223587190259186,-7.8299151465124393,74.037004715077828,2.8997761886354265,-0.0053056209193131244
1.673823588061369,-7.8179375149464363,74.086995940408741,2.8995131541342869,-0.0052176101193726794
1.6252915829266454,-7.8059472241344112,74.13698716573964,2.8992545187755638,-0.0051296241354374973
1.5767626541287947,-7.79394448834808,74.186978391070554,2.8990002813488527,-0.0050416617594593316
1.5282367520246207,-7.7819295217621072,74.236969616401467,2.8987504407042488,-0.0049537217790579444
1.4797138268228904,-7.7699025384576936,74.28696084173238,2.8985049957525635,-0.0048658029775569831
1.4311938285864179,-7.7578637524261351,74.33695206706328,2.8982639454655383,-0.0047779041340190401
1.3826767072342048,-7.7458133775724249,74.386943292394193,2.8980272888760563,-0.0046900240232801956
1.3341624125436964,-7.7337516277188758,74.436934517725106,2.8977950250783531,-0.0046021614159841746
1.2856508941527669,-7.72167871660871,74.48692574305602,2.8975671532282252,-0.0045143150786154307
1.2371421015619399,-7.7095948579097184,74.536916968386919,2.8973436725432378,-0.0044264837735320745
1.1886359841363803,-7.697500265217859,74.586908193717832,2.8971245823029288,-0.0043386662589978411
1.1401324911081794,-7.685395152060976,74.636899419048746,2.8969098818490151,-0.004250861289213999
1.0916315715782554,-7.6732797319024,74.686890644379659,2.8966995705855925,-0.0041630676143500894
1.043133174518595,-7.6611542181446728,74.736881869710572,2.8964936479793382,-0.0040752839805746855
0.99463724877424065,-7.6490188241332167,74.786873095041472,2.8962921135597082,-0.0039875091300851971
0.9461437430653763,-7.6368737631600245,74.836864320372385,2.8960949669191374,-0.0038997418011373756
0.89765260598939711,-7.6247192484673905,74.886855545703298,2.8959022077132346,-0.0038119807280742575
0.84916378602302789,-7.6125554932516355,74.936846771034212,2.8957138356609771,-0.0037242246413547275
0.80067723152427039,-7.6003827106668211,74.986837996365111,2.8955298505449045,-0.0036364722675812995
0.75219289073450013,-7.5882011138285108,75.036829221696024,2.8953502522113115,-0.0035487223295277192
0.70371071178053812,-7.5760109158175286,75.086820447026938,2.8951750405704377,-0.003460973546166036
0.65523064267661568,-7.5638123296837181,75.136811672357851,2.8950042155966575,-0.0033732246326930934
0.60675263132643464,-7.5516055684497179,75.18680289768875,2.894837777328668,-0.0032854743005567301
0.55827662552520674,-7.5393908451147693,75.236794123019664,2.8946757258696754,-0.0031977212574815389
0.50980257295700926,-7.5271683726573295,75.286785348350577,2.8945180613875667,-0.0031099642074857502
0.46133042121531792,-7.5149383640435676,75.33677657368149,2.8943647841151523,-0.003022201850939669
0.41286011777726095,-7.5027010322241683,75.386767799012404,2.8942158943502596,-0.0029344328845399654
0.36439161002411191,-7.4904565901428475,75.436759024343303,2.8940713924559764,-0.0028466560013673033
0.3159248452393506,-7.4782052507391876,75.486750249674216,2.8939312788608156,-0.0027588698909029904
0.26745977060745574,-7.4659472269516929,75.53674147500513,2.8937955540588871,-0.002671073239046614
0.21899633322131801,-7.4536827317230143,75.586732700336043,2.893664218610092,-0.0025832647281489713
0.17053448008024491,-7.4414119780028241,75.636723925666942,2.8935372731402884,-0.0024954430370276058
0.12207415809295191,-7.429135178751948,75.686715150997856,2.8934147183414676,-0.0024076068409910928
0.073615314079664207,-7.416852546946302,75.736706376328769,2.8932965549719327,-0.0023197548118614069
0.025157894773962075,-7.4045642955807525,75.786697601659682,2.8931827838564699,-0.0022318856179955413
-0.023298153175095149,-7.3922706376730734,75.836688826990581,2.8930734058865228,-0.0021439979243073485
-0.071752883201194773,-7.3799717862678236,75.886680052321495,2.8929684220203629,-0.002056090392288496
-0.12020634881861642,-7.3676679544403161,75.936671277652408,2.89286783328326,-0.0019681616800298596
-0.16865860362038665,-7.3553593553005463,75.986662502983322,2.8927716407676525,-0.0018802104422421229
-0.2171097012762464,-7.3430462019971614,76.036653728314221,2.8926798456333156,-0.0017922353302764671
-0.26555969553076392,-7.3307287077213878,76.086644953645134,2.892592449107529,-0.0017042349921448131
-0.314008640201273,-7.318407085711053,76.136636178976048,2.8925094524852422,-0.0016162080725401662
-0.36245658917599483,-7.3060815492545306,76.186627404306961,2.8924308571292414,-0.0015281532128564312
-0.41090359641208929,-7.2937523116947398,76.236618629637874,2.8923566644703129,-0.0014400690512081937
-0.45934971593360235,-7.2814195864331639,76.286609854968773,2.8922868760074065,-0.0013519542224505101
-0.50779500182963977,-7.2690835869338359,76.336601080299687,2.8922214933077992,-0.001263807358198147
-0.55623950825227497,-7.2567445267273802,76.3865923056306,2.8921605180072549,-0.001175627086845155
-0.60468328941470084,-7.2444026194150313,76.436583530961514,2.8921039518101868,-0.0010874120335838788
-0.65312639958920926,-7.2320580786726776,76.486574756292413,2.8920517964898154,-0.00099916082042415875
-0.7015688931052626,-7.2197111182549012,76.536565981623326,2.8920040538883285,-0.00091087206621227206
-0.75001082434753286,-7.2073619519990491,76.58655720695424,2.8919607259170363,-0.00082254438664983382
-0.79845224775390256,-7.1950107938292902,76.636548432285153,2.8919218145565329,-0.00073417639431270067
-0.84689321781358595,-7.1826578577606863,76.686539657616052,2.8918873218568466,-0.00064576669866958452
-0.89533378906507799,-7.1703033579032898,76.736530882946965,2.8918572499375985,-0.00055731390610093466
-0.94377401609424583,-7.1579475084662239,76.786522108277879,2.8918316009881551,-0.00046881661991751895
-0.99221395353234998,-7.1455905237618023,76.836513333608792,2.8918103772677815,-0.00038027344037911521
-1.0406536560540531,-7.13323261820962,76.886504558939706,2.8917935811057931,-0.00029168296471320443
-1.0890931783754507,-7.1208740063406939,76.936495784270605,2.8917812149017075,-0.00020304378713363188
-1.1375325752521852,-7.1085149028015646,76.986487009601518,2.8917732811253938,-0.0001143544988591379
-1.1859719014773344,-7.0961555223584654,77.036478234932432,2.8917697823172226,-2.5613688132319461e-05
-1.2344112118795088,-7.0837960799014468,77.086469460263345,2.8917707210882133,6.3180059761749587e-05
-1.2828505613208183,-7.0714367904485531,77.136460685594244,2.8917761001201834,0.00015202816247658526
-1.3312900046950129,-7.0590778691499469,77.186451910925157,2.8917859221658926,0.00024093204058562431
-1.3797295969252978,-7.0467195312921254,77.236443136256071,2.8918001900491896,0.00032989311756287469
-1.4281693929624504,-7.0343619923020828,77.286434361586984,2.891818906665157,0.00041891281976401141
-1.4766094477828615,-7.022005467751482,77.336425586917883,2.8918420749802536,0.00050799257640722661
-1.525049816386423,-7.0096501733608818,77.386416812248797,2.8918696980324579,0.00059713381955367581
-1.5734905537945729,-6.9972963250039255,77.43640803757971,2.8919017789314099,0.00068633798408806426
-1.6219317150482657,-6.9849441387115618,77.486399262910624,2.891938320858551,0.0007756065076989459
-1.6703733552059741,-6.97259383067626,77.536390488241537,2.891979327067264,0.00086494083085891132
-1.7188155293416127,-6.9602456172562484,77.586381713572436,2.8920248008830125,0.00095434239680444212
-1.7672582925422313,-6.9478997149798261,77.636372938903349,2.8920747457034768,0.0010438126515151518
-1.8157016999067257,-6.9355563405494234,77.686364164234263,2.8921291649986931,0.001133353043694673
-1.8641458065434495,-6.9232157108459278,77.736355389565176,2.8921880623111864,0.0012229650247493093
-1.9125906675677951,-6.9108780429330618,77.786346614896075,2.8922514412561071,0.0013126500487663634
-1.9610363381050542,-6.8985435540603737,77.836337840226989,2.8923193055213714,0.0014024095725020127
-2.009482873269794,-6.88621246167226,77.886329065557902,2.8923916588677638,0.0014922450553253629
-2.0579303281915173,-6.8738849834051843,77.936320290888816,2.8924685051291132,0.0015821579592479845
-2.1063787579940807,-6.8615613370966759,77.986311516219715,2.8925498482123921,0.0016721497488674832
-2.1548282177983422,-6.8492417407884272,78.036302741550628,2.8926356920978553,0.0017622218913537608
-2.2032787627198411,-6.8369264127306595,78.086293966881541,2.8927260408391677,0.0018523758564257457
-2.2517304478668851,-6.8246155713863814,78.136285192212455,2.8928208985635289,0.001942613116328524
-2.3001833283383051,-6.8123094354357594,78.186276417543354,2.8929202694718024,0.0020329351458094756
-2.3486374592214183,-6.8000082237804076,78.236267642874267,2.893024157838636,0.0021233434220944269
-2.3970928955898185,-6.7877121555477578,78.286258868205181,2.8931325680125894,0.0022138394248630592
-2.445549692501185,-6.7754214500954077,78.336250093536094,2.8932455044162531,0.0023044246362239431
-2.4940079049952559,-6.763136327015447,78.386241318867008,2.8933629715463698,0.0023951005406894397
-2.542467588065449,-6.7508570060358064,78.436232544197907,2.8934849485479788,0.0024818125493995665
-2.5909287935431267,-6.7385836947298241,78.48622376952882,2.8936108814673211,0.0025563645441579134
-2.6393915670922792,-6.7263165766326507,78.536214994859733,2.893740537630396,0.0026307659441895163
-2.6878559535278592,-6.7140558321997714,78.586206220190647,2.8938739091348511,0.0027050017950126619
-2.736321997481264,-6.7018016415062451,78.636197445521546,2.8940109873316895,0.0027790571826359139
-2.7847897434121265,-6.6895541842052504,78.686188670852459,2.8941517628275641,0.0028529172419205721
-2.8332592355797317,-6.6773136394969859,78.736179896183373,2.8942962254873779,0.0029265671648542827
-2.8817305180394355,-6.6650801860913704,78.786171121514286,2.894444364437367,0.0029999922088268243
-2.930203634630808,-6.652854002173024,78.836162346845185,2.8945961680685723,0.0030731777048481346
-2.9786786289670149,-6.6406352653661145,78.886153572176099,2.8947516240407243,0.0031461090657141054
-3.0271555444243243,-6.6284241526993748,78.936144797507012,2.8949107192865351,0.003218771794109588
-3.07563442413166,-6.6162208405713621,78.986136022837925,2.8950734400163918,0.0032911514906396214
-3.1241153109603559,-6.6040255047158833,79.036127248168839,2.8952397717234519,0.0033632338617804454
-3.1725982475139416,-6.5918383201677226,79.086118473499738,2.8954096991891323,0.0034350047277413795
-3.2210832761182089,-6.5796594612285491,79.136109698830651,2.8955832064889893,0.0035064500302295389
-3.2695704388111224,-6.5674891014332175,79.186100924161565,2.8957602769989848,0.0035775558401083306
-3.3180597773331413,-6.5553274135162578,79.236092149492478,2.8959408934021318,0.0036483083649424806
-3.3665513331175494,-6.5431745693787411,79.286083374823377,2.8961250376955148,0.0037186939564209866
-3.4150451472809946,-6.5310307400554493,79.336074600154291,2.8963126911976764,0.0037886991176504649
-3.463541260614095,-6.5188960956824262,79.386065825485204,2.8965038345563681,0.0038583105103111308
-3.5120397135722907,-6.5067708054648534,79.436057050816117,2.8966984477566511,0.0039275149616682919
-3.5605405462667785,-6.4946550376453684,79.486048276147017,2.8968965101293489,0.0039962994714319317
-3.6090437984557622,-6.4825489594727062,79.53603950147793,2.8970980003598337,0.0040646512184578749
-3.6575495095356607,-6.4704527371708291,79.586030726808843,2.8973028964971483,0.0041325575672833204
-3.7060577185326671,-6.4583665359084605,79.636021952139757,2.8975111759634471,0.0042000060744908961
-3.7545684640944321,-6.4462905197690521,79.68601317747067,2.897722815563752,0.0042669844948948921
-3.8030817844819294,-6.4342248517212273,79.736004402801569,2.8979377914960138,0.0043334807875437791
-3.8515977175615559,-6.4221696935897095,79.785995628132483,2.8981560793614674,0.0043994831215336287
-3.9001163007973383,-6.4101252060267253,79.835986853463396,2.8983776541752744,0.0044649798816270465
-3.9486375712434088,-6.3980915484839356,79.885978078794309,2.8986024903774403,0.004529959673672747
-3.9971615655367025,-6.386068879184843,79.935969304125209,2.8988305618439987,0.0045944113298212619
-4.0456883198898614,-6.3740573550977606,79.985960529456122,2.8990618418984493,0.0046583239135323321
-4.0942178700842087,-6.3620571319093306,80.035951754787035,2.8992963033234429,0.0047216867243698732
-4.1427502514631405,-6.3500683639985782,80.085942980117949,2.8995339183727014,0.0047844893025812234
-4.1912854989255779,-6.3380912044115254,80.135934205448848,2.899774658783155,0.0048467214334570862
-4.2398236469198194,-6.3261258048363826,80.185925430779761,2.9000184957873025,0.0049083731514693307
-4.2883647294373395,-6.3141723155793636,80.235916656110675,2.9002654001257633,0.0049694347441836722
-4.3369087800070645,-6.3022308855410323,80.285907881441588,2.9005153420600234,0.0050298967559454476
-4.3854558316897254,-6.2903016621933228,80.335899106772487,2.9007682913853601,0.0050897499913359935
-4.4340059170726054,-6.2783847915570838,80.385890332103401,2.9010242174439331,0.0051489855183985238
-4.4825590682642353,-6.2664804181803504,80.435881557434314,2.9012830891380306,0.0052075946716314504
-4.5311153168895908,-6.2545886851171613,80.485872782765227,2.9015448749434598,0.005265569054749019
-4.5796746940854067,-6.2427097339070503,80.535864008096141,2.9018095429230706,0.0053229005432080872
-4.6282372304956834,-6.2308437045551672,80.58585523342704,2.9020770607403961,0.0053795812865008409
-4.6768029562676006,-6.2189907355130325,80.635846458757953,2.9023473956734076,0.0054356037102137236
-4.72537190104737,-6.2071509636599878,80.685837684088867,2.9026205146283601,0.0054909605178523934
-4.7739440939765725,-6.1953245242852724,80.73582890941978,2.9028963841537303,0.0055456446924339563
-4.8225195636887008,-6.1835115510707421,80.785820134750679,2.9031749704542205,0.0055996494978472243
-4.8710983383058508,-6.1717121760742852,80.835811360081593,2.9034562394048331,0.005652968479982038
-4.9196804454355973,-6.1599265297139301,80.885802585412506,2.9037401565649881,0.0057055954676295175
-4.9682659121683255,-6.1481547407525348,80.935793810743419,2.9040266871926863,0.00575752457315517
-5.0168547650745152,-6.136396936283262,80.985785036074319,2.9043157962586954,0.0058087501929466106
-5.0654470302025434,-6.1246532417156256,81.035776261405232,2.904607448460756,0.0058592670076388709
-5.1140427330764648,-6.1129237807622863,81.085767486736145,2.9049016082377941,0.0059090699821194538
-5.1626418986941278,-6.1012086754264914,81.135758712067059,2.9051982397841236,0.0059581543653164371
-5.2112445515255663,-6.0895080459901925,81.185749937397972,2.9054973070636385,0.006006515689772742
-5.2598507155118455,-6.077822011002759,81.235741162728871,2.9057987738239777,0.0060541497710102565
-5.3084604140609226,-6.0661506872711568,81.285732388059785,2.9061026036106319,0.0061010527066841062
-5.3570736700566028,-6.0544941898477056,81.335723613390698,2.9064087597810855,0.0061472208755463942
-5.4056905058417097,-6.0428526320247364,81.385714838721611,2.906717205518738,0.0061926509361862727
-5.4543109427063587,-6.0312261231288593,81.435706064052511,2.9070256608563283,0.0047505754117682809
-5.5029321640368263,-6.0196028958775729,81.485697289383424,2.9066495855923602,-0.019782674832639367
-5.5515418622942674,-6.0079315932095927,81.535688514714337,2.9050479191361891,-0.044305137746130228
-5.6001255735901365,-5.9961526317300784,81.585679740045251,2.9022176985938142,-0.068956613296198538
-5.6486683609821782,-5.9842062117722126,81.63567096537615,2.8981490155892757,-0.093875231905536885
-5.6971545059260684,-5.9720320403046969,81.685662190707063,2.8928250919560661,-0.11919773087420364
-5.7455671877713357,-5.9595690646215873,81.735653416037977,2.8862223475347686,-0.14505947820652892
-5.793888145516231,-5.9467552200759668,81.78564464136889,2.8783104751728112,-0.17159414217755181
-5.8420973162776315,-5.9335271963719389,81.835635866699803,2.8690525435934506,-0.19893288439316664
-5.8901724453109718,-5.9198202285981756,81.885627092030703,2.8584051555496894,-0.22720292769521092
-5.9380886630409817,-5.9055679213198946,81.935618317361616,2.8463186968718883,-0.25652531913568516
-5.9858180255835363,-5.8907021166923039,81.985609542692529,2.8327377218405814,-0.28701167470141414
-6.0333290168433571,-5.8751528207469077,82.035600768023443,2.8176015317920706,-0.31875966087825341
-6.0805860127499196,-5.8588482057053701,82.085591993354342,2.8008450167096597,-0.35184694610816131
-6.1275487116874938,-5.8417147103540588,82.135583218685255,2.7823998430614947,-0.38632335481542818
-6.1741715404114794,-5.8236772648174169,82.185574444016169,2.7621960836767965,-0.42220099657084498
-6.2204030515130198,-5.8046596702647397,82.235565669347082,2.7401643945741649,-0.45944224835084418
-6.2661853376612742,-5.7845851672917474,82.285556894677981,2.7162388451201371,-0.49794567166121956
-6.3114534992005078,-5.7633772279873412,82.335548120008895,2.6903604959933061,-0.53753028440143191
-6.3561352150851107,-5.7409606045276949,82.385539345339808,2.6624817865978661,-0.57791911047984668
-6.4001504817658859,-5.717262659677016,82.435530570670721,2.6325717312071215,-0.61872360642899116
-6.443411598714138,-5.6922149897724958,82.485521796001635,2.6006218233397518,-0.65943137230500493
-6.4858234898696248,-5.6657553267885428,82.535513021332534,2.5666524067693088,-0.6994003700731154
-6.527284453249667,-5.6378296720208763,82.585504246663447,2.5307190941187017,-0.73786346185304841
-6.5676874211838019,-5.608394570869689,82.635495471994361,2.492918619755959,-0.77394709837346876
-6.6069217861739684,-5.5774193902363987,82.685486697325274,2.4533933410739039,-0.80670704294005569
-6.6448757991232537,-5.5448884150272573,82.735477922656173,2.4123335074541354,-0.83518181784130763
-6.6814394787114413,-5.5108025493869572,82.785469147987087,2.3699764629790723,-0.85846114008033325
-6.7165078903377706,-5.4751804040656751,82.835460373318,2.3266021868386977,-0.87576253024153727
-6.7499845743985016,-5.4380585836819773,82.885451598648913,2.2825250115600419,-0.8865056521764404
-6.7818004613509304,-5.3995036455246233,82.935442823979812,2.2393223414505834,-0.84011081723254788
-6.8119690387958505,-5.3596460010355855,82.985434049310726,2.1984571809043341,-0.79552957509293043
-6.8405285002920202,-5.3186195809411805,83.035425274641639,2.1597091300121534,-0.7553985246962599
-6.8675180777307236,-5.2765434289825963,83.085416499972553,2.1228584224716496,-0.71959604941643807
-6.8929762793620561,-5.2335231419594104,83.135407725303452,2.0876930352795058,-0.68794055001697019
-6.9169395906655398,-5.1896523532860925,83.185398950634365,2.0540108037844425,-0.66022385552189133
-6.9394415278497465,-5.145014174794345,83.235390175965279,2.0216201325998191,-0.63623446748908086
-6.9605119513467173,-5.099682550852962,83.285381401296192,1.9903397416391404,-0.61577333151120739
-6.9801765632950667,-5.0537235043765127,83.335372626627105,1.9599977628335066,-0.598664375223112
-6.998456528074688,-5.0071962707756024,83.385363851958004,1.9304304032648927,-0.58476157255396666
-7.0153681675154438,-4.9601543261779,83.435355077288918,1.9014803132849243,-0.5739538753857556
-7.0309226922636645,-4.9126463224786789,83.485346302619831,1.87299473975641,-0.56616902459399998
-7.0451259381212878,-4.8647169455642798,83.535337527950745,1.8448235003001221,-0.56137701335328971
-7.0579780812817141,-4.8164077155395484,83.585328753281644,1.8168167800779553,-0.55959381637090877
-7.0694733095978872,-4.7677577498256554,83.635319978612557,1.7888227245186237,-0.56088590678668748
-7.0795996306509235,-4.7188045514137062,83.685311203943471,1.7607373043716645,-0.55640793170186176
-7.0883677837765084,-4.6695898125630153,83.735302429274384,1.7337616281546671,-0.52234603672228819
-7.0958485091621997,-4.620162805847035,83.785293654605283,1.7085537359738756,-0.48577090273249346
-7.1021272856239177,-4.5705685902155304,83.835284879936196,1.6852264897114926,-0.44718838268409211
-7.1072962203356376,-4.5208462642412197,83.88527610526711,1.6638684313462078,-0.40706253035609863
-7.1114525769048056,-4.4710289024394685,83.935267330598023,1.6445462726281466,-0.36580076011846346
-7.1146974622368431,-4.42114372002849,83.985258555928937,1.6273079564167374,-0.32374570301240729
-7.117134707883312,-4.371212419199006,84.035249781259836,1.6121859763356365,-0.28117282626119772
-7.1188699605172845,-4.3212516708527726,84.085241006590749,1.5992006968269079,-0.238292582420224
-7.1200099792659941,-4.2712736907833699,84.135232231921663,1.5883634791701835,-0.19525581932490452
-7.1206621252267759,-4.2212868765769125,84.185223457252576,1.5796794794653179,-0.1521613238891083
-7.1209340202224194,-4.1712964796181815,84.235214682583475,1.5731500353060799,-0.10906460631215788
-7.1209333469295784,-4.1213052943302637,84.285205907914388,1.5687745960625319,-0.065987289765205889
-7.120767760009449,-4.0713143536875451,84.335197133245302,1.5665521773100746,-0.022926710468142528
-7.1205446565813189,-4.0213236263519274,84.385188358576215,1.5664250329451657,0.010199099324463787
-7.1203388787172504,-3.9713328250843891,84.435179583907114,1.5669351089238401,0.010207613565442256
-7.120158610856091,-3.921341925319465,84.485170809238028,1.5674456244270449,0.010216683640210908
-7.1200038757122206,-3.8713509400046728,84.535162034568941,1.5679566072799802,0.010226311106525202
-7.1198746973864919,-3.8213598821186521,84.585153259899855,1.5684680853890209,0.010236497654313368
-7.1197711013704259,-3.7713687646741016,84.635144485230768,1.5689800867483432,0.010247245106453858
-7.1196931145507252,-3.7213776007206119,84.685135710561667,1.569492639446592,0.010258555419624912
-7.1196407652141316,-3.6713864033475532,84.73512693589258,1.5700057716735925,0.010270430685226989
-7.1196140830526176,-3.6213951856871183,84.785118161223494,1.5705195117271094,0.010282873130378654
-7.1196130991689008,-3.5714039609171366,84.835109386554407,1.5710338880196586,0.010295885118987155
-7.1196378460823144,-3.5214127422641432,84.885100611885306,1.5715489290853728,0.010309469152894329
-7.1196883577349972,-3.4714215430062652,84.93509183721622,1.5720646635869289,0.010323627873099109
-7.1197646694984478,-3.4214303764763416,84.985083062547133,1.5725811203225351,0.010338364061057584
-7.1198668181804106,-3.3714392560649524,85.035074287878047,1.5730983282329876,0.01035368064006182
-7.1199948420321171,-3.3214481952234518,85.085065513208946,1.5736163164087971,0.010369580676698862
-7.1201487807558932,-3.2714572074664736,85.135056738539859,1.5741351140973971,0.010386067382391286
-7.1203286755130977,-3.2214663063769002,85.185047963870772,1.5746547507104054,0.010403144115019764
-7.120534568932448,-3.171475505607416,85.235039189201686,1.5751752558310053,0.010420814380631195
-7.1207665051186995,-3.1214848188840456,85.285030414532585,1.5756966592213928,0.01043908183523207
-7.1210245296616987,-3.0714942600094792,85.335021639863498,1.5762189908303206,0.010457950286669709
-7.1213086896458027,-3.0215038428663989,85.385012865194412,1.5767422808007359,0.010477423696602877
-7.1216190336597069,-2.9715135814207461,85.435004090525325,1.5772665594775217,0.010497506182563756
-7.1219556118066407,-2.9215234897204256,85.484995315856239,1.5777918574153924,0.010518202020115247
-7.1223184757148408,-2.8715335819176815,85.534986541187138,1.5783182053866498,0.010539515645093743
-7.1227076785487151,-2.8215438722440109,85.584977766518051,1.5788456343895536,0.010561451655969193
-7.1231232750200899,-2.7715543750327623,85.634968991848964,1.5793741756563131,0.010584014816285469
-7.1235653214000356,-2.7215651047178722,85.684960217179878,1.5799038606614515,0.010607210057212732
-7.1240338755310617,-2.6715760758376246,85.734951442510777,1.5804347211302519,0.010631042480202614
-7.1245289968397403,-2.6215873030381216,85.78494266784169,1.5809667890473393,0.010655517359750991
-7.1250507463497446,-2.5715988010772231,85.834933893172604,1.5815000966654016,0.010680640146270778
-7.1255991331419075,-2.5216105842286396,85.884925118503517,1.5820234187002975,0.0091286128741826806
-7.1261694890213976,-2.4716226128469501,85.934916343834416,1.582342033943325,0.0036156547177947727
-7.1267488789101456,-2.4216347451508966,85.98490756916533,1.5823848118963002,-0.0019038328467934056
-7.1273235135690109,-2.3716468226742711,86.034898794496243,1.5821518733764783,-0.0074119636047367005
-7.1278796320720712,-2.3216586911992927,86.084890019827156,1.5816442312523673,-0.012890959040261149
-7.1284035460829172,-2.2716702125559731,86.13488124515807,1.5808637815416307,-0.018323288648236916
-7.1288816835357371,-2.2216812761343889,86.184872470488969,1.5798132875757349,-0.023691806691932816
-7.1293006313959921,-2.1716918099309162,86.234863695819882,1.5784963574547586,-0.028979883590507696
-7.129647177187171,-2.1217017909610938,86.284854921150796,1.5769174151041649,-0.034171530223084813
-7.1299083489853929,-2.0717112548842858,86.334846146481709,1.5750816653277067,-0.039251513570626118
-7.1300714536023513,-2.0217203047042354,86.384837371812608,1.5729950533256629,-0.04420546227890871
-7.130124112699094,-1.9717291184275063,86.434828597143522,1.5706642192137972,-0.049019960913111282
-7.130054296597935,-1.9217379555853045,86.484819822474435,1.5680964481348292,-0.053682631882195991
-7.1298503555870463,-1.8717471625455324,86.534811047805348,1.5652996165996835,-0.058182204235717412
-7.1295010485417318,-1.8217571765675866,86.584802273136248,1.5622821357298526,-0.062508568771298942
-7.1289955687172943,-1.7717685285756539,86.634793498467161,1.5590528920942393,-0.066652819133125374
-7.1283232545123401,-1.7217818493251438,86.684784723798074,1.5555419521421692,-0.084013416887346037
-7.1274305992602205,-1.671798662553142,86.734775949128988,1.5498341364818717,-0.14429961590011819
-7.1261773429955548,-1.6218233078635682,86.784767174459901,1.5411093257263206,-0.20489510262279967
-7.1244119871568463,-1.5718635522113584,86.8347583997908,1.529325540749694,-0.26684990059187913
-7.1219798558698493,-1.5219319903631892,86.884749625121714,1.5143897744021217,-0.33115829294865229
-7.1187208063882403,-1.4720478046414673,86.934740850452627,1.4961604790535235,-0.39876816822412597
-7.1144671870549736,-1.4222388580351764,86.98473207578354,1.4744500139595225,-0.47057250170101911
-7.1090421252683145,-1.3725442233096106,87.03472330111444,1.4490280848429171,-0.54737694178538088
-7.1022583106593249,-1.3230172361411785,87.084714526445353,1.419627579295726,-0.62983467684650951
-7.0939175473249465,-1.2737291224499987,87.134705751776266,1.3859547054949839,-0.71833742983755955
-7.0838114838075539,-1.2247731685075438,87.18469697710718,1.3477059169788856,-0.81285131319393589
-7.0717240777247987,-1.1762692494664897,87.234688202438079,1.304594564630132,-0.91269180882221779
-7.0574364742804399,-1.1283682780986646,87.284679427768992,1.2563901481884174,-1.0162487382467684
-7.0407349922517533,-1.0812557662099658,87.334670653099906,1.2029717354703706,-1.1207057517944443
-7.0214256448157668,-1.0351519203942903,87.384661878430819,1.1448824649493625,-1.172760663544729
-6.999459106939204,-0.99025320968387087,87.434653103761718,1.086924186424735,-1.1452117052654991
-6.9749600172989989,-0.94668426534149031,87.484644329092632,1.0304459835267861,-1.1137855049519001
-6.9480744800811918,-0.90454563460158621,87.534635554423545,0.97560645790398237,-1.0798783318202492
-6.9189543591779081,-0.86391862658548646,87.584626779754458,0.92249700780333721,-1.0447708037386847
-6.8877527627727497,-0.82486694370394542,87.634618005085372,0.87114908774741218,-1.00957424181577
-6.8546204264967292,-0.78743889961654967,87.684609230416271,0.82154336449568532,-0.97520756264331132
-6.8197030212783369,-0.75166993026281204,87.734600455747184,0.77361940113779781,-0.94239796120183594
-6.7831393186272324,-0.71758516521262894,87.784591681078098,0.72728487766024663,-0.91169747363928511
-6.7450600933175258,-0.68520189569744205,87.834582906409011,0.6824237389891864,-0.88350825162680602
-6.7055876236715513,-0.65453183934525805,87.88457413173991,0.63890298054820105,-0.85811103250207565
-6.6648356525912478,-0.6255831528832414,87.934565357070824,0.59657801123346754,-0.83569310831829702
-6.6229096885582805,-0.59836218108603223,87.984556582401737,0.55529667779240577,-0.81637366518358556
-6.5799075476949556,-0.5728749542916487,88.03454780773265,0.51490211018432475,-0.80022552658139434
-6.5359200608225221,-0.54912846047107189,88.08453903306355,0.47523457526520141,-0.78729309419508853
-6.4910336844174763,-0.5271279323466469,88.134530258394463,0.43656754511045481,-0.7473780150764574
-6.4453571848372277,-0.50681751935074992,88.184521483725376,0.40075614460936998,-0.68514731954507635
-6.3990115763522306,-0.48808293375170342,88.23451270905629,0.36807302322731483,-0.6224145116239298
-6.3521051476416019,-0.47079919528849951,88.284503934387203,0.33851752136894336,-0.56015730395843699
-6.3047327578652821,-0.45483569428620241,88.334495159718102,0.31204781152252842,-0.49905014729944192
-6.2569764952576001,-0.44005911050790797,88.384486385049016,0.28859515233031968,-0.4395027308440545
-6.2089067657456862,-0.42633555358703812,88.434477610379929,0.26807597604778571,-0.38170642297201884
-6.1605836174186148,-0.41353200434639892,88.484468835710842,0.25040163885832339,-0.32568026471555012
-6.1120581612553133,-0.40151716502077778,88.534460061041742,0.23548598794966374,-0.27131179205514649
-6.0633739973673437,-0.39016183134440585,88.584451286372655,0.22325106315026133,-0.21839068333364034
-6.0145685952858434,-0.37933889063551102,88.634442511703568,0.21363130370759195,-0.16663497470102318
-5.9656746061578421,-0.36892303487112299,88.684433737034482,0.20657661659749316,-0.11571056118308579
-5.9167211054858546,-0.35879026120367952,88.734424962365381,0.202054613813023,-0.065245157307583429
-5.8677347793417534,-0.34881721735156318,88.784416187696294,0.20005226257496814,-0.014838050325875712
-5.818740150829937,-0.33888499801544431,88.834407413027208,0.20010257394152092,0.0036508372331832532
-5.7697470200343188,-0.32894539322522476,88.884398638358121,0.20018611493237795,-0.00031527186977471292
-5.7207537309805208,-0.31900656861577881,88.934389863689034,0.20007039882215566,-0.0043205937012891892
-5.6717582949806902,-0.30907833410982011,88.984381089019934,0.19975350365825326,-0.0083635835004003331
-5.6227587110715662,-0.2991705931774058,89.034372314350847,0.19923358640593547,-0.012442627580774546
-5.5737529729134945,-0.28929334011007313,89.08436353968176,0.19850888657375232,-0.016556036080236806
-5.5247390759306692,-0.27945665713608203,89.134354765012674,0.19757773020958852,-0.020702035396139476
-5.4757150246439794,-0.26967071134060366,89.184345990343573,0.19643853428166488,-0.024878760354410251
-5.4266788402025163,-0.25994575136476594,89.234337215674486,0.19508981145667514,-0.029084246161941562
-5.377628568102554,-0.25029210385313572,89.2843284410054,0.19353017528445668,-0.033316420200120801
-5.3285622860837494,-0.24072016961876772,89.334319666336313,0.19175834579554918,-0.037573093724336447
-5.2794781121906684,-0.23124041949417315,89.384310891667212,0.18977315551456261,-0.041851953541916516
-5.2303742129858444,-0.22186338983601636,89.434302116998126,0.18757355588845301,-0.046150553748888552
-5.1812488118990281,-0.21259967765111484,89.484293342329039,0.18515862412459846,-0.050466307614104401
-5.1321001976944896,-0.20345993531116272,89.534284567659952,0.1825275704289023,-0.054796479707667378
-5.0829267330367935,-0.19445486482403282,89.584275792990866,0.17967974562913713,-0.059138178378898662
-5.0337268631320589,-0.18559521162993903,89.634267018321765,0.17661464916322345,-0.063488348697429142
-4.9844991244199948,-0.17689175789188988,89.684258243652678,0.17333193740631336,-0.067843765978898865
-4.9352421532885993,-0.16835531525110564,89.734249468983592,0.1698314323042438,-0.072201030024304669
-4.8859546947806782,-0.15999671701992416,89.784240694314505,0.16611313027431432,-0.076556560208791702
-4.8366356112585365,-0.15182680978701324,89.834231919645404,0.16217721132741567,-0.080906591561475519
-4.7872838909899116,-0.1438564444124403,89.884223144976318,0.15802404835832046,-0.085247171982437919
-4.7378986566153616,-0.13609646639347675,89.934214370307231,0.15365421654357886,-0.089574160745995848
-4.6884791734541134,-0.12855770558581398,89.984205595638144,0.14906850277895278,-0.093883228440439198
-4.6390248576025748,-0.12125096526930107,90.034196820969044,0.14426791508085199,-0.098169858493276391
-4.5895352837766952,-0.11418701055223758,90.084188046299957,0.1392536918688399,-0.10242935042734877
-4.5400101928459033,-0.10737655611368932,90.13417927163087,0.13402731103907056,-0.10665682498666204
-4.4904494990135815,-0.10083025329067163,90.184170496961784,0.12859049873284711,-0.11084723126020644
-4.4408533681962465,-0.094558100966438366,90.234161722292683,0.12300299591469174,-0.11116199416810675
-4.3912231662479293,-0.088561488466897362,90.284152947623596,0.11750157204647778,-0.10893250673443487
-4.3415610424143614,-0.082835231715139193,90.33414417295451,0.11211175508750128,-0.10669712699436575
-4.2918690794264105,-0.077373947708759619,90.384135398285423,0.10683381121369097,-0.10445698016440809
-4.2421492732801447,-0.072172224036379878,90.434126623616336,0.10166795192055589,-0.102213128690083
-4.1924035344521391,-0.067224622623740501,90.484117848947236,0.096614337150309329,-0.09996657271403514
-4.142633689221495,-0.06252568328800219,90.534109074278149,0.091673078390802493,-0.097718250732291553
-4.0928414810889642,-0.058069927100606634,90.584100299609062,0.086844241737345257,-0.095469040420328999
-4.0430285722834709,-0.053851859559714159,90.634091524939976,0.082127850909343422,-0.093219759611139624
-3.9931965453472094,-0.049865973573933686,90.684082750270875,0.077523890214608801,-0.090971167408152795
-3.943346904790491,-0.046106752259608905,90.734073975601788,0.073032307454997877,-0.088723965416585213
-3.8934810788099981,-0.042568671554591937,90.784065200932702,0.068653016768013442,-0.086478799077673793
-3.8436004210499304,-0.039246202650899134,90.834056426263615,0.064385901398500894,-0.084236259090433099
-3.7937062124386109,-0.036133814252655529,90.884047651594514,0.060230816399840729,-0.081996882908822913
-3.743799663024967,-0.033225974658653054,90.934038876925428,0.056187591255317242,-0.079761156298228927
-3.6938819138786125,-0.030517153678672262,90.984030102256341,0.052256032422986938,-0.077529514942310293
-3.6439540390048473,-0.028001824385233368,91.034021327587254,0.048435925798187583,-0.075302346087110075
-3.5940170472834509,-0.025674464706572472,91.084012552918168,0.044727039093303611,-0.0730799902127897
-3.544071884424004,-0.023529558865679128,91.134003778249067,0.0411291241334686,-0.070862742723497657
-3.4941194349329878,-0.021561598670507921,91.18399500357998,0.037641919067510451,-0.068650855646837011
-3.4441605240885464,-0.019765084660587601,91.233986228910894,0.034265150493870029,-0.066444539335251976
-3.394195919918741,-0.018134527115298817,91.283977454241807,0.030998535501552568,-0.06424396416243644
-3.3442263351799597,-0.016664446929152772,91.333968679572706,0.027841783626532394,-0.06204926220866696
-3.2942524293321878,-0.01534937635940185,91.38395990490362,0.024794598724290871,-0.059860528929680613
-3.2442748105085046,-0.014183859651316353,91.433951130234533,0.021856680759443702,-0.057677824804437006
-3.1942940374760806,-0.013162453546418311,91.483942355565446,0.019027727513598661,-0.055501176957737847
-3.1443106215867038,-0.012279727678930669,91.533933580896345,0.016307436212801996,-0.053330580754322884
-3.0943250287148247,-0.011530264865627544,91.583924806227259,0.013695505076062106,-0.051166001361621291
-3.0443376811817591,-0.010908661294204466,91.633916031558172,0.011191634786588748,-0.049007375278895406
-2.994348959664451,-0.010409526615191528,91.683907256889086,0.0087955298874590419,-0.046854611830995201
-2.9443592050879768,-0.010027483942346491,91.733898482219999,0.006506900103524952,-0.044707594625424618
-2.8943687205008768,-0.0097571697663571526,91.783889707550898,0.004325461591416801,-0.042566182971839506
-2.8443777729326767,-0.0095932337865751414,91.833880932881812,0.0022509381195307569,-0.040430213263487176
-2.794386595233417,-0.0095303386653934601,91.883872158212725,0.0002830621799174092,-0.038299500320473079
-2.7443953878947216,-0.0095631597097626322,91.933863383543638,-0.0015784239660367328,-0.036173838695044203
-2.6944043208526396,-0.0096863844842276035,91.983854608874537,-0.0033337673062374964,-0.03405300393940338
-2.6444135352722409,-0.0098947123597509287,92.033845834205451,-0.004983203158972902,-0.031936753836819889
-2.5944231453145261,-0.010182854002472673,92.083837059536364,-0.0065269543146462532,-0.029824829597067639
-2.5444332398858229,-0.010545530806446884,92.133828284867278,-0.0079652302364092258,-0.02771695701742001
-2.4944438843711505,-0.010977474274277813,92.183819510198177,-0.0092982263179843729,-0.025612847610679213
-2.4444551223458091,-0.011473425349541617,92.23381073552909,-0.01052612319722889,-0.023512199701591345
-2.3944669772922107,-0.012028133704458908,92.283801960860004,-0.011649086123271922,-0.021414699494526183
-2.344479454264103,-0.012636356987033595,92.333793186190917,-0.012667264377228074,-0.019320022111877343
-2.2944925415772519,-0.01329286003041545,92.383784411521816,-0.013580790743248548,-0.017227832608513956
-2.2445062124666175,-0.013992414028544653,92.433775636852729,-0.014389781030189537,-0.015137786961881354
-2.1945204267371099,-0.014729795681207801,92.483766862183643,-0.015094333642130454,-0.013049533041105184
-2.1445351324047284,-0.015499786311854396,92.533758087514556,-0.015694529196856068,-0.010962711557266504
-2.0945502673294336,-0.016297170961419701,92.58374931284547,-0.016190430191422623,-0.0088769569972795143
-2.0445657608410297,-0.017116737461347606,92.633740538176369,-0.016582080714051688,-0.0067918985438692606
-1.9945815353594127,-0.017953275488961438,92.683731763507282,-0.016869506201721104,-0.0047071609842051377
-1.9445975080108731,-0.0188015756082884,92.733722988838196,-0.017052713242949474,-0.0026223656098096943
-1.8946135922416087,-0.019656428299423368,92.783714214169109,-0.017131689425406195,-0.00053713111038350349
-1.8446296994302438,-0.020512622979488471,92.833705439500008,-0.017106403228108458,0.0015489255357534759
-1.7946457405006817,-0.021364947018241261,92.883696664830921,-0.016976803958104553,0.0036361881718924034
-1.7446616275370797,-0.022208184751374857,92.933687890161835,-0.016742821731678469,0.0057250405710853594
-1.6946772754022013,-0.023037116494570048,92.983679115492748,-0.016404367500248342,0.0078158655394672781
-1.6446926033609464,-0.023846517561366291,93.033670340823647,-0.015961333121269735,0.0099090440119704269
-1.5947075367104135,-0.024631157287951108,93.083661566154561,-0.015413591474592413,0.012004954137664819
-1.5447220084182747,-0.025385798067995683,93.133652791485474,-0.014760996624860578,0.014103970351944743
-1.4947359607706776,-0.026105194400716732,93.183644016816388,-0.014003384030680433,0.016206462432812676
-1.444749351194311,-0.026784404920190578,93.233635242147301,-0.013168444986844691,0.016657678296909697
-1.3947621937515904,-0.02742202508631645,93.2836264674782,-0.012344444326238144,0.016307992532625042
-1.3447745330393557,-0.028018892862960759,93.333617692809113,-0.011537945825930556,0.015957472746174452
-1.2947864120348103,-0.028575883786258877,93.383608918140027,-0.01074899061917794,0.015606141345512432
-1.2447978716402022,-0.029093875470176906,93.43360014347094,-0.0099776187216394051,0.015254020634354392
-1.19480895072212,-0.029573747547050989,93.483591368801839,-0.0092238690365940203,0.014901132811985421
-1.1448196861512778,-0.030016381608551072,93.533582594132753,-0.0084877793601622915,0.01454749997321601
-1.0948301128429958,-0.030422661147065235,93.583573819463666,-0.0077693863865282891,0.014193144108483749
-1.0448402637980854,-0.03079347149750505,93.63356504479458,-0.0070687257131510769,0.013838087104096009
-0.99485017014434118,-0.031129699779527079,93.683556270125479,-0.0063858318459617154,0.01348235074261234
-0.94485986117846077,-0.031432234840168757,93.733547495456392,-0.0057207382045365669,0.013125956703362437
-0.89486936440859943,-0.031701967196893395,93.783538720787305,-0.0050734771272433121,0.01276892656309825
-0.84487870559726674,-0.031939788981041932,93.833529946118219,-0.0044440798763491591,0.012411281796775045
-0.79488790880475735,-0.032146593881685614,93.883521171449132,-0.0038325766430878198,0.012053043778459957
-0.74489699643302754,-0.032323277089875015,93.933512396780031,-0.0032389965526778571,0.011694233782364054
-0.69490598926994229,-0.032470735243280126,93.983503622110945,-0.0026633676692856753,0.011334872983994333
-0.64491490653407679,-0.032589866371214846,94.033494847441858,-0.0021057170009295845,0.010974982461423871
-0.5949237659197868,-0.03268156984004076,94.083486072772772,-0.0015660705043158928,0.010614583196674569
-0.54493258364274999,-0.032746746298942732,94.133477298103671,-0.0010444530896040296,0.010253696077210885
-0.49494137448579384,-0.032786297626069473,94.183468523434584,-0.0005408886250934257,0.0098923418975397342
-0.44495015184523679,-0.032801126875031728,94.233459748765497,-5.5399941829347655e-05,0.0095305413609149403
-0.39495892777741687,-0.032792138221750318,94.283450974096411,0.00041199116188057313,0.0091683150811403633
-0.34496771304565044,-0.032760236911646118,94.33344219942731,0.00086126391604140595,0.0088056835844700643
-0.29497651716740969,-0.032706329207163022,94.383433424758223,0.0012923985746441677,0.0084426673116005449
-0.24498534846195705,-0.032631322335615803,94.433424650089137,0.0017053764114395617,0.0080792866197531895
-0.19499421409810849,-0.032536124437353507,94.48341587542005,0.0021001797158193523,0.007715561784841043
-0.14500312014237221,-0.03242164451422893,94.533407100750949,0.002476791788807236,0.0073515130037182484
-0.095012071607246604,-0.03228879237836476,94.583398326081863,0.0028351969391649219,0.0069871603965068162
-0.045021072499911149,-0.032138478601206617,94.633389551412776,0.0031753804796152679,0.0066225240089990362
0.0049698741289937454,-0.031971614462852613,94.683380776743689,0.003497328723188396,0.0062576238151294981
