# s,x,y,heading,curvature,velocity,acceleration
0.000000000000000000e+00,4.748289921477616971e-01,3.785259625803857886e-01,-1.575528879811457506e+00,6.353721945837131381e-03,8.000000000000000000e+00,0.000000000000000000e+00
1.998865863796613629e-01,6.747036570341670147e-01,3.763429025580768417e-01,-1.576331065643370444e+00,7.120154210010212412e-03,8.000000000000000000e+00,0.000000000000000000e+00
3.997532029186040003e-01,8.745607467073031049e-01,3.743914635739450936e-01,-1.577078461813803179e+00,7.843105331849288889e-03,8.000000000000000000e+00,0.000000000000000000e+00
5.996580473778513332e-01,1.074456631802202855e+00,3.724988567995493605e-01,-1.576126581701434493e+00,7.979158447005082339e-03,8.000000000000000000e+00,0.000000000000000000e+00
7.995338944791674507e-01,1.274323858710761037e+00,3.706425533891116730e-01,-1.568270643458566704e+00,6.406699653619913476e-03,8.000000000000000000e+00,0.000000000000000000e+00
9.994222138562309787e-01,1.474203998810024396e+00,3.688342897784001040e-01,-1.566069533327900887e+00,6.344350043308872450e-03,8.000000000000000000e+00,0.000000000000000000e+00
1.199304276185436891e+00,1.674078273509750359e+00,3.670698764948762682e-01,-1.555883122483684211e+00,4.765148560014448309e-03,8.000000000000000000e+00,0.000000000000000000e+00
1.398994635059963576e+00,1.873761984813456349e+00,3.654405001063479319e-01,-1.552332514899325666e+00,4.765445350754073453e-03,8.000000000000000000e+00,0.000000000000000000e+00
1.599451763981110775e+00,2.074205383206776165e+00,3.677866833571460381e-01,-1.549618616198460419e+00,4.939097408867680963e-03,8.000000000000000000e+00,0.000000000000000000e+00
1.799141469269737392e+00,2.273255122834712871e+00,3.837610237913909317e-01,-1.546778686052642904e+00,5.051211862357568930e-03,8.000000000000000000e+00,0.000000000000000000e+00
1.998560063608822102e+00,2.472629310814533632e+00,3.879692224040448001e-01,-1.544053568982053370e+00,5.159434942007317705e-03,8.000000000000000000e+00,0.000000000000000000e+00
2.199821969883741346e+00,2.673068624155577666e+00,4.061471371575361422e-01,-1.541384020400750288e+00,5.251446634359746048e-03,8.000000000000000000e+00,0.000000000000000000e+00
2.398221670072640421e+00,2.871402304896546021e+00,4.112649607950392139e-01,-1.538832137337416750e+00,5.330932314871314817e-03,8.000000000000000000e+00,0.000000000000000000e+00
2.598209073276566805e+00,3.071358550925751274e+00,4.147949911288822955e-01,-1.538299882304127397e+00,4.985648633936081223e-03,8.000000000000000000e+00,0.000000000000000000e+00
2.798210357399726789e+00,3.271323350893646342e+00,4.186149943635298354e-01,-1.544651292644364737e+00,2.913898803326860163e-03,8.000000000000000000e+00,0.000000000000000000e+00
2.998061670510140608e+00,3.471141591833431406e+00,4.222506428182929428e-01,-1.545153201846756863e+00,2.257148959781831755e-03,8.000000000000000000e+00,0.000000000000000000e+00
3.197954877781560956e+00,3.671002911297101878e+00,4.258209783061332465e-01,-1.552675930814225058e+00,-3.965763647029420464e-04,8.000000000000000000e+00,0.000000000000000000e+00
3.397837701691731827e+00,3.870855495789435441e+00,4.292977247793620665e-01,-1.553726222862446660e+00,-1.389921384565923936e-03,8.000000000000000000e+00,0.000000000000000000e+00
3.597722765184365734e+00,4.070711790666156737e+00,4.326888905970934784e-01,-1.554010907801615549e+00,-2.173363804909554144e-03,8.000000000000000000e+00,0.000000000000000000e+00
3.797607355346056757e+00,4.270569074207787530e+00,4.359927670274967859e-01,-1.554479899578123492e+00,-2.988678075505706976e-03,8.000000000000000000e+00,0.000000000000000000e+00
3.997492017450998247e+00,4.470427839182439023e+00,4.392102516993610650e-01,-1.554903040899176858e+00,-3.774014603934922919e-03,8.000000000000000000e+00,0.000000000000000000e+00
4.197376734052263636e+00,4.670288028270957348e+00,4.423415051656099939e-01,-1.555337392197688517e+00,-4.545357860169792034e-03,8.000000000000000000e+00,0.000000000000000000e+00
4.397261243076586723e+00,4.870149333512021173e+00,4.453870946377757600e-01,-1.555767028989334166e+00,-5.287181002177297577e-03,8.000000000000000000e+00,0.000000000000000000e+00
4.597146026776791849e+00,5.070012209947938331e+00,4.483463813151927213e-01,-1.556195487162467472e+00,-5.522156123356344523e-03,8.000000000000000000e+00,0.000000000000000000e+00
4.797030929099911134e+00,5.269876352419931465e+00,4.512271330673703895e-01,-1.556621769502473329e+00,-4.034573915225739445e-03,8.000000000000000000e+00,0.000000000000000000e+00
4.996915310459688619e+00,5.469741254339407277e+00,4.540176334345682463e-01,-1.557046143873673349e+00,-4.009762979434249898e-03,8.000000000000000000e+00,0.000000000000000000e+00
5.196799901836093305e+00,5.669607580911411482e+00,4.567197386000228509e-01,-1.557468513191527570e+00,-2.228236580103484105e-03,8.000000000000000000e+00,0.000000000000000000e+00
5.396684670171535636e+00,5.869475202529233826e+00,4.593378374042165757e-01,-1.557888994417146122e+00,-2.065263157465193136e-03,8.000000000000000000e+00,0.000000000000000000e+00
5.596569352012979337e+00,6.069343811015269985e+00,4.618726700832440635e-01,-1.558307058293711522e+00,-2.093316268569814405e-03,8.000000000000000000e+00,0.000000000000000000e+00
5.796454014565004087e+00,6.269213434875863911e+00,4.643245635070458732e-01,-1.558726504610087993e+00,-2.074760304020860716e-03,8.000000000000000000e+00,0.000000000000000000e+00
5.996338681961314698e+00,6.469084059619308213e+00,4.666938724356070045e-01,-1.559140922180283884e+00,-2.067277973529318101e-03,8.000000000000000000e+00,0.000000000000000000e+00
6.196223342691745906e+00,6.668955635545287919e+00,4.689809518362353935e-01,-1.559554967428150141e+00,-2.055837328201521978e-03,8.000000000000000000e+00,0.000000000000000000e+00
6.396108023070431692e+00,6.868828151412024852e+00,4.711861391730033932e-01,-1.559968665828761925e+00,-2.045134388338713718e-03,8.000000000000000000e+00,0.000000000000000000e+00
6.595992641251173794e+00,7.068701487435711250e+00,4.733098463146399593e-01,-1.560375769281878267e+00,-2.036458668693984838e-03,8.000000000000000000e+00,0.000000000000000000e+00
6.795877449811458249e+00,7.268575861158537599e+00,4.753522522707619991e-01,-1.560780282076443815e+00,-2.027681740027386520e-03,8.000000000000000000e+00,0.000000000000000000e+00
6.995762206208576472e+00,7.468450986135617420e+00,4.773144590213057037e-01,-1.561183004765070326e+00,-2.020703685813402591e-03,8.000000000000000000e+00,0.000000000000000000e+00
7.195646357862039544e+00,7.668326347735226811e+00,4.791890010053754256e-01,-1.561583737439611985e+00,-2.015727371723875783e-03,8.000000000000000000e+00,0.000000000000000000e+00
7.395531089842925176e+00,7.868203053669622804e+00,4.809802307185945258e-01,-1.561982511715034105e+00,-2.012580398203974059e-03,8.000000000000000000e+00,0.000000000000000000e+00
7.595416217663056635e+00,8.068080771231116444e+00,4.827013774520496070e-01,-1.562379344390754765e+00,-2.011636870380452847e-03,8.000000000000000000e+00,0.000000000000000000e+00
7.795300753393538784e+00,8.267958551235510711e+00,4.843447534606090676e-01,-1.562774155110625562e+00,-2.012180062870943826e-03,8.000000000000000000e+00,0.000000000000000000e+00
7.995185318197560953e+00,8.467836994305928400e+00,4.859091199903092240e-01,-1.563167384368605806e+00,-2.016043207634732673e-03,8.000000000000000000e+00,0.000000000000000000e+00
8.195070006000003460e+00,8.667716157519350872e+00,4.873952326987545103e-01,-1.563555999475027436e+00,-2.022086440696619150e-03,8.000000000000000000e+00,0.000000000000000000e+00
8.394954670722521328e+00,8.867595862233144999e+00,4.888033643544194007e-01,-1.563942849194836837e+00,-2.030342236705443091e-03,8.000000000000000000e+00,0.000000000000000000e+00
8.594839330264349542e+00,9.067476093397198511e+00,4.901338943079573962e-01,-1.564336624500979545e+00,-2.042148194026945692e-03,8.000000000000000000e+00,0.000000000000000000e+00
8.794724039681499406e+00,9.267356873819302621e+00,4.913871606918490120e-01,-1.564727819371358075e+00,-2.058383724184485383e-03,8.000000000000000000e+00,0.000000000000000000e+00
8.994608717674326570e+00,9.467238091018185031e+00,4.925633866010860618e-01,-1.565124297621421467e+00,-2.077344387845382178e-03,8.000000000000000000e+00,0.000000000000000000e+00
9.194493550310490093e+00,9.667119909055394089e+00,4.936611735234452403e-01,-1.565526773161383112e+00,-2.099322103919611885e-03,8.000000000000000000e+00,0.000000000000000000e+00
9.394377858660504899e+00,9.867001625115152663e+00,4.946791664360783991e-01,-1.565934673751794071e+00,-2.125605689536919345e-03,8.000000000000000000e+00,0.000000000000000000e+00
9.594262661497204192e+00,1.006688424548464944e+01,4.956132324345092210e-01,-1.566348965693425521e+00,-2.156543989818513526e-03,8.000000000000000000e+00,0.000000000000000000e+00
9.794147876445036260e+00,1.026676760408588329e+01,4.964746899386099366e-01,-1.566770583526825300e+00,-2.192322655354881928e-03,8.000000000000000000e+00,0.000000000000000000e+00
9.994032102358993086e+00,1.046665033963765268e+01,4.972465691801067345e-01,-1.567200444765269429e+00,-2.233307554953117662e-03,8.000000000000000000e+00,0.000000000000000000e+00
1.019391663364649858e+01,1.066653370867723538e+01,4.979282064822611598e-01,-1.567638649005941076e+00,-2.281825283570777015e-03,8.000000000000000000e+00,0.000000000000000000e+00
1.039380143322750349e+01,1.086641762918372578e+01,4.985210188415473143e-01,-1.568085351547604089e+00,-2.339297098821688410e-03,8.000000000000000000e+00,0.000000000000000000e+00
1.059368610513329223e+01,1.106630166962660944e+01,4.990234520332984536e-01,-1.568539651598149343e+00,-2.405528047586975252e-03,8.000000000000000000e+00,0.000000000000000000e+00
1.079357077257911968e+01,1.126618591550259119e+01,4.994339767210110304e-01,-1.569009069064146722e+00,-2.484843294158438961e-03,8.000000000000000000e+00,0.000000000000000000e+00
1.099345543912714085e+01,1.146607033067381565e+01,4.997509825113489734e-01,-1.569487590672371091e+00,-2.573372356438832428e-03,8.000000000000000000e+00,0.000000000000000000e+00
1.119334010871090790e+01,1.166595487709995815e+01,4.999728712836710165e-01,-1.569976183516970547e+00,-2.664410589879303258e-03,8.000000000000000000e+00,0.000000000000000000e+00
1.139322476560617226e+01,1.186583949484234957e+01,5.000979796992511828e-01,-1.570480031508618035e+00,-2.751699383420770639e-03,8.000000000000000000e+00,0.000000000000000000e+00
1.159310946127671649e+01,1.206572418882284126e+01,5.001239726140167541e-01,-1.571000546022563338e+00,-2.823497855774840214e-03,8.000000000000000000e+00,0.000000000000000000e+00
1.179299405216227825e+01,1.226560876494100860e+01,5.000471380597022453e-01,-1.571538388876794645e+00,-2.898315532692242145e-03,8.000000000000000000e+00,0.000000000000000000e+00
1.199287879247428101e+01,1.246549342000243144e+01,4.998625288161705482e-01,-1.572095463196579335e+00,-2.970236220880678995e-03,8.000000000000000000e+00,0.000000000000000000e+00
1.219276358821383432e+01,1.266537799807868048e+01,4.995675455573936885e-01,-1.572678037305509147e+00,-3.031474387370510382e-03,8.000000000000000000e+00,0.000000000000000000e+00
1.239264808217725999e+01,1.286526206267908989e+01,4.991532439349489203e-01,-1.573294641720684561e+00,-3.202732467374621878e-03,8.000000000000000000e+00,0.000000000000000000e+00
1.259253266733382048e+01,1.306514592382176332e+01,4.986152495978055654e-01,-1.573953188052258367e+00,-3.240829917074743161e-03,8.000000000000000000e+00,0.000000000000000000e+00
1.279241759724945027e+01,1.326502974906734877e+01,4.979507102322304202e-01,-1.574661460958789894e+00,-5.462783132618862642e-03,8.000000000000000000e+00,0.000000000000000000e+00
1.299230271518282542e+01,1.346491328005695109e+01,4.971542114136532908e-01,-1.575411851255070550e+00,-7.521533745367568399e-03,8.000000000000000000e+00,0.000000000000000000e+00
1.319218754124377924e+01,1.366479588366091669e+01,4.962116267132661851e-01,-1.576178269738185422e+00,-8.417583773584293161e-03,8.000000000000000000e+00,0.000000000000000000e+00
1.339207230838898965e+01,1.386467758326448241e+01,4.951042422791087083e-01,-1.576935124160686597e+00,-7.676856422073987871e-03,8.000000000000000000e+00,0.000000000000000000e+00
1.359195661502365482e+01,1.406455772506277668e+01,4.938139115019858361e-01,-1.577636444379943104e+00,-6.488295266140072480e-03,8.000000000000000000e+00,0.000000000000000000e+00
1.379183913759116997e+01,1.426443467507365703e+01,4.923213692743068637e-01,-1.578357160345063681e+00,-5.581666112672419022e-03,8.000000000000000000e+00,0.000000000000000000e+00
1.399172295613399264e+01,1.446431139552307066e+01,4.906368700470205013e-01,-1.579074538442564846e+00,-4.868206409598709039e-03,8.000000000000000000e+00,0.000000000000000000e+00
1.419160530731452852e+01,1.466418539774805474e+01,4.888099743120877250e-01,-1.579757554096017147e+00,-4.259637326278708190e-03,8.000000000000000000e+00,0.000000000000000000e+00
1.439149359513332271e+01,1.486406439561580939e+01,4.868828473024451320e-01,-1.580888893930386674e+00,-3.498846131878688859e-03,8.000000000000000000e+00,0.000000000000000000e+00
1.459138831760560784e+01,1.506394970523259502e+01,4.849429834737989387e-01,-1.581495495903393556e+00,-2.783922098699796906e-03,8.000000000000000000e+00,0.000000000000000000e+00
1.479124463388375155e+01,1.526379493681312205e+01,4.828380913637009275e-01,-1.590847601029874658e+00,1.757304867361617648e-04,8.000000000000000000e+00,0.000000000000000000e+00
1.499121757472549099e+01,1.546375543110668360e+01,4.806069950483616293e-01,-1.599556376333786334e+00,3.016658424102604350e-03,8.000000000000000000e+00,0.000000000000000000e+00
1.519090579889357251e+01,1.566343033922909811e+01,4.783009296313817105e-01,-1.603627102444350028e+00,4.712398322326210448e-03,8.000000000000000000e+00,0.000000000000000000e+00
1.539126547609349949e+01,1.586376161823825903e+01,4.749276673806204219e-01,-1.601169749606468740e+00,4.745135671002109930e-03,8.000000000000000000e+00,0.000000000000000000e+00
1.559064158209024420e+01,1.606312208043471657e+01,4.724301175333006086e-01,-1.596938761055594069e+00,4.175328533463337592e-03,8.000000000000000000e+00,-2.702258953763950977e+00
1.578822883472401095e+01,1.625968213000284734e+01,4.523087528396687595e-01,-1.593852178544879150e+00,3.668647540142162908e-03,7.932977760894175390e+00,-4.869045387540683834e+00
1.598986213453130745e+01,1.646040917387774982e+01,4.332131656944140929e-01,-1.591557059732778612e+00,2.914627819847253817e-03,7.808240056378832783e+00,-4.922207203189962854e+00
1.619049150112346069e+01,1.666079032413561833e+01,4.232363244858049489e-01,-1.589706761246038269e+00,1.680583139955751882e-03,7.680724845430686898e+00,-5.000832306067764854e+00
1.639085073459042619e+01,1.686112754042722273e+01,4.262065440063710353e-01,-1.587281955739787032e+00,-1.110720829181847686e-03,7.549146196500311490e+00,-4.927183010058145740e+00
1.659047883799926026e+01,1.706064894638397078e+01,4.327325102682548774e-01,-1.585082454996707968e+00,-3.140847914024043949e-03,7.417708534125806885e+00,-4.927133382267855133e+00
1.678995281492031211e+01,1.726008137017727506e+01,4.368038501739895385e-01,-1.573958944355297929e+00,-2.511661460489780957e-03,7.284005087592947625e+00,-4.966712967872259910e+00
1.698982815707453753e+01,1.745994283959913318e+01,4.391587263499988625e-01,-1.563352175843269132e+00,-2.093264314322601863e-03,7.146417508682889164e+00,-4.941730386557587451e+00
1.718972066233032692e+01,1.765983054729911572e+01,4.405436335244021229e-01,-1.557339546161028210e+00,-3.223699090320776041e-03,7.006829059843978413e+00,-4.789060654764582203e+00
1.738963288515643058e+01,1.785973732020202220e+01,4.420197713293136932e-01,-1.557965526701448500e+00,-6.590369053160875443e-03,6.868833230788764510e+00,-4.601347833032852108e+00
1.758954114573060679e+01,1.805963668455424198e+01,4.439057133675520794e-01,-1.560944761142329051e+00,-1.099777776394602648e-02,6.733585602722468089e+00,-4.420493134624370768e+00
1.778942416364491308e+01,1.825950889720580150e+01,4.459840445010444521e-01,-1.563691032360229105e+00,-1.559431489942136873e-02,6.601061433766157727e+00,-4.254578820109514936e+00
1.798930627351022338e+01,1.845937986956958454e+01,4.480940801792330230e-01,-1.567422750101953977e+00,-2.019003824863553967e-02,6.470949209354948550e+00,-4.099961099900681916e+00
1.818921693693443942e+01,1.865928015357605929e+01,4.501311871574433798e-01,-1.573039098002851244e+00,-2.485560957580390876e-02,6.343022290916388251e+00,-3.977710703636309741e+00
1.838910537882610541e+01,1.885916125415980105e+01,4.518443220936249061e-01,-1.585329215236251699e+00,-2.904194681379057216e-02,6.216408528513137632e+00,-3.787423536559739290e+00
1.858903431193800060e+01,1.905908935582864316e+01,4.524209141105864362e-01,-1.594051642816921355e+00,-3.535149667742443907e-02,6.093381975517071503e+00,-3.455787745994728155e+00
1.878880876465735739e+01,1.925885879781809962e+01,4.510059913069037196e-01,-1.600888453423313429e+00,-4.599381961878285657e-02,5.979008921904666707e+00,-3.151421135779929106e+00
1.898876137382247720e+01,1.945874625075761699e+01,4.459018685329548259e-01,-1.607924605225775405e+00,-5.649974371368737119e-02,5.872672128670303415e+00,-2.945740691958285584e+00
1.918760517945294808e+01,1.965734652413618377e+01,4.360636546926546786e-01,-1.616514462956885723e+00,-6.465986342989298030e-02,5.772070109733763665e+00,-2.801261360681399637e+00
1.938772866574295861e+01,1.985613705390197126e+01,4.130042739484485192e-01,-1.627516024342145595e+00,-7.139916185652317449e-02,5.674116404574708561e+00,-2.647665855855315886e+00
1.958850138116032369e+01,2.005630744938091325e+01,3.974641314180155649e-01,-1.640904504417397103e+00,-7.877102581926914704e-02,5.579645046583876500e+00,-2.486985862493610533e+00
1.978821324374968427e+01,2.025568403721146638e+01,3.858967512497200048e-01,-1.656193467984165002e+00,-8.669854348360113427e-02,5.489906892489522683e+00,-2.327911230163260292e+00
1.998813629864529773e+01,2.045525022916991276e+01,3.739567803117628264e-01,-1.672270641981598249e+00,-9.490766256528114508e-02,5.404467729470116666e+00,-2.165447805656326441e+00
2.018798415173086269e+01,2.065452619056591388e+01,3.588486502947930146e-01,-1.689071867103466573e+00,-1.035380146606121737e-01,5.323791059858129060e+00,-2.058619864081900008e+00
2.038781336682160372e+01,2.085332832085444466e+01,3.386143181703151206e-01,-1.703382754260024834e+00,-1.105152406013076849e-01,5.245951435707916666e+00,-1.926725094280225425e+00
2.058763939635682050e+01,2.105144212475183707e+01,3.125113914164971973e-01,-1.726406899237669323e+00,-1.186271577519481119e-01,5.172038941714784066e+00,-1.777866656372444121e+00
2.078752783159341533e+01,2.124877629630317699e+01,2.806584279832346485e-01,-1.757828132566909396e+00,-1.275818244289261827e-01,5.102865552472549027e+00,-1.599548677427560905e+00
2.098746763394856529e+01,2.144525688265936836e+01,2.436273092998375023e-01,-1.789220827260020297e+00,-1.378151605061709584e-01,5.039802570911518842e+00,-1.381350710300240037e+00
2.118736526630857497e+01,2.164042771751813987e+01,2.004137854482889725e-01,-1.815829854147384292e+00,-1.496597793492346340e-01,4.984711875411725224e+00,-1.163671849862647489e+00
2.138711307696052089e+01,2.183352049944327433e+01,1.492829197343381875e-01,-1.843397483393889758e+00,-1.614409057660773084e-01,4.937860940955704159e+00,-9.788182106111802394e-01
2.158657361319805901e+01,2.202360159960413810e+01,8.883723438127262562e-02,-1.875847169597010922e+00,-1.717731694657909369e-01,4.898162866001987581e+00,-7.933058037691973485e-01
2.178771794348683599e+01,2.221103984879224669e+01,1.585816650138745926e-02,-1.910285225701562783e+00,-1.819253743486060337e-01,4.865476495951254421e+00,-6.194245441545795927e-01
2.198765182254420125e+01,2.239719157985711107e+01,-5.708762855549145976e-02,-1.946834484451874570e+00,-1.912718141104819414e-01,4.839955953194384541e+00,-4.630001500101779688e-01
2.218631352910767163e+01,2.258434596024226693e+01,-1.237187891138833151e-01,-1.986952333791475178e+00,-1.995162595046480747e-01,4.820914107198077225e+00,-2.799602537110458256e-01
2.238646373493765296e+01,2.277046381175612311e+01,-1.973411379058806481e-01,-2.027135260978862874e+00,-2.083968008592715915e-01,4.809276933612003369e+00,-1.429589592595565950e-01
2.258685434415745519e+01,2.295044713676114867e+01,-2.854456155651839966e-01,-2.068286646051877398e+00,-2.148523494480321649e-01,4.803316495744744508e+00,-7.841191083481514890e-02
2.278642174502931184e+01,2.312510756213643148e+01,-3.819903373187469864e-01,-2.110921468353065489e+00,-2.179456461886282170e-01,4.800057545051743979e+00,-3.841567344944481904e-02
2.298645770974941982e+01,2.329544194942972979e+01,-4.868740047170669327e-01,-2.158867360046997419e+00,-2.198281871598376791e-01,4.798456356289021230e+00,0.000000000000000000e+00
2.318645621735592144e+01,2.345826317829093455e+01,-6.030146542630138162e-01,-2.214808372115824042e+00,-2.214966070276288279e-01,4.798456356289021230e+00,0.000000000000000000e+00
2.338584391696215903e+01,2.361557548755561697e+01,-7.255229891144855392e-01,-2.272907264586815579e+00,-2.208514986225491306e-01,4.798456356289021230e+00,1.485373934192061630e-02
2.358591485014046540e+01,2.376603923803233442e+01,-8.573904911584616650e-01,-2.327600966854981301e+00,-2.175275370179749201e-01,4.799075640807629384e+00,9.009566759464494867e-02
2.378626592395142580e+01,2.390619595177991386e+01,-1.000556996908529284e+00,-2.383475332674334979e+00,-2.124531616613776763e-01,4.802835468105248751e+00,1.992943672520679499e-01
2.398517143700344079e+01,2.403696574510391315e+01,-1.150432492825918196e+00,-2.436916707034528340e+00,-2.064931294599137990e-01,4.811082002047259110e+00,3.204047077426692702e-01
2.418486961015172199e+01,2.416065770313528560e+01,-1.307211508887142326e+00,-2.486676696930550268e+00,-1.985244268510098498e-01,4.824363014951476458e+00,4.794474955250589421e-01
2.438458830605531702e+01,2.427559869464486297e+01,-1.470539785570110336e+00,-2.536489265471436383e+00,-1.888169211489059418e-01,4.844170492164032282e+00,6.692244399765061580e-01
2.458493082562863918e+01,2.438384022795801442e+01,-1.639124765965769503e+00,-2.585320714306734047e+00,-1.771669012449054448e-01,4.871769286212412453e+00,8.950966750378906989e-01
2.478463366220885788e+01,2.448077796645477378e+01,-1.813722296857014138e+00,-2.629107999538276896e+00,-1.636964499686288654e-01,4.908323814513440908e+00,1.156283621316055665e+00
2.498409028235392171e+01,2.457373445073363172e+01,-1.990193357799614482e+00,-2.668026515809598820e+00,-1.474278611804876460e-01,4.955088244844219503e+00,1.480218538843026677e+00
2.518432460163047537e+01,2.466173438786045224e+01,-2.170053841735972266e+00,-2.701305373757517003e+00,-1.278467764838705500e-01,5.014546900489106562e+00,1.885205790597396680e+00
2.538449976777691219e+01,2.474163672817108406e+01,-2.353590522414895414e+00,-2.726294057403642501e+00,-1.069106681222229682e-01,5.089245855911366689e+00,2.330968431591459389e+00
2.558432347558726505e+01,2.481249827432267452e+01,-2.540427765704567076e+00,-2.745455564304733365e+00,-8.590545528708269651e-02,5.179960317559392458e+00,2.794985778018615807e+00
2.578413284784426551e+01,2.487864516893863964e+01,-2.728970528955774633e+00,-2.759607823638505320e+00,-6.302695973264560436e-02,5.286673585444470191e+00,3.338464695914504343e+00
2.598395749090026641e+01,2.494287240500685598e+01,-2.918191960404476148e+00,-2.772330701112348805e+00,-3.938951298262571149e-02,5.411389159122511394e+00,3.946551667040818057e+00
2.618391826159032831e+01,2.500861237830737949e+01,-3.107037309103907408e+00,-2.780592120785025934e+00,-1.590785753969981356e-02,5.555307701404837317e+00,4.609060550830398562e+00
2.638383545831096555e+01,2.507961082216087334e+01,-3.293922585450173468e+00,-2.781967416690655170e+00,7.947829649718544595e-03,5.718767750745196388e+00,4.840071758330307006e+00
2.658386073169395658e+01,2.515366938610094394e+01,-3.479732808793979171e+00,-2.776545594316404131e+00,3.189790901506972531e-02,5.885624685644669007e+00,2.545440233243246642e+00
2.678362093768364716e+01,2.522499787453313758e+01,-3.666324305478639189e+00,-2.765329682724606997e+00,5.460005096426928661e-02,5.971392908771297137e+00,-2.480031342611776157e+00
2.698351926081106100e+01,2.529490034303141854e+01,-3.853602132481728670e+00,-2.748238744718000781e+00,7.557741774661000389e-02,5.887786091353954809e+00,-1.904391386408929687e+00
2.718359351871425389e+01,2.536770858064066658e+01,-4.039958428891988973e+00,-2.725900584121649040e+00,9.425465916084201090e-02,5.822712913303822013e+00,-1.444626806505167504e+00
2.738355422425835428e+01,2.544500508459465848e+01,-4.224375169558842735e+00,-2.700303334792005572e+00,1.096845087652235790e-01,5.772889092976036807e+00,-1.068020982561751930e+00
2.758325666068883919e+01,2.552585033442746365e+01,-4.406981600704472868e+00,-2.671024636763325244e+00,1.225537617699080650e-01,5.735823889821650035e+00,-7.603703919112381193e-01
2.778297091388787265e+01,2.561266353961437758e+01,-4.586840574169860574e+00,-2.635437792360003417e+00,1.331339629356323440e-01,5.709287353523059494e+00,-4.873253198688267673e-01
2.798259359587915540e+01,2.570809100784780554e+01,-4.762176860978813764e+00,-2.594383902327185520e+00,1.423603523724360775e-01,5.692222739000063925e+00,-2.682712176243632896e-01
2.818255782197953252e+01,2.581406800945166324e+01,-4.931748576931027195e+00,-2.550271433707229640e+00,1.496164074471344474e-01,5.682790724420077488e+00,-1.151295252389830798e-01
2.838251055839107195e+01,2.593015116354675698e+01,-5.094554590744390765e+00,-2.504716279495269760e+00,1.545788803344047835e-01,5.678738371357521686e+00,-2.436036862756112142e-02
2.858235267368162269e+01,2.605462621246003252e+01,-5.250896630010354116e+00,-2.457802654600869552e+00,1.574411315200596462e-01,5.677881033901353014e+00,0.000000000000000000e+00
2.878226201620229929e+01,2.618659627427739878e+01,-5.401055372716098368e+00,-2.410833737249936881e+00,1.581967651504030126e-01,5.677881033901353014e+00,0.000000000000000000e+00
2.898213484309455623e+01,2.632536306685459948e+01,-5.544905726235785259e+00,-2.365891173205349141e+00,1.566104737043545192e-01,5.677881033901353014e+00,5.113939192852431231e-02
2.918200271310150740e+01,2.647050347025859196e+01,-5.682315437540489178e+00,-2.324504146794650339e+00,1.529684594933772845e-01,5.679680913380003027e+00,1.654248406098595137e-01
2.938176954370172922e+01,2.662079215165728385e+01,-5.813921284110842969e+00,-2.287809022822712812e+00,1.482821861224585813e-01,5.685496290565623667e+00,3.067978964551051346e-01
2.958164949239326091e+01,2.677553737919373944e+01,-5.940435743535919855e+00,-2.255523202181238585e+00,1.427379416057250605e-01,5.696271900606544314e+00,4.685087034167324527e-01
2.978157482861148964e+01,2.693451995725180836e+01,-6.061657358506115756e+00,-2.227379061355567735e+00,1.356448478507798761e-01,5.712691754833548963e+00,6.732511324208807491e-01
2.998153944621398281e+01,2.709697125742240686e+01,-6.178256772594666657e+00,-2.203217662856460368e+00,1.270889552712904103e-01,5.736209540823381303e+00,9.182523200455626755e-01
3.018139656257066861e+01,2.726212001805608054e+01,-6.290812331407067859e+00,-2.182471599191991629e+00,1.175102447435539960e-01,5.768113939389327705e+00,1.190300381630305049e+00
3.038107573679855733e+01,2.742867156401411322e+01,-6.400959302129463069e+00,-2.164008450087676394e+00,1.071028577649565661e-01,5.809173332958109448e+00,1.485653966046876828e+00
3.058087884412328350e+01,2.759630023439584434e+01,-6.509687911808189398e+00,-2.147144225096592862e+00,9.576976729096628449e-02,5.860048751503912356e+00,1.811249779162956264e+00
3.078066930072033003e+01,2.776469302869083222e+01,-6.617205786493204123e+00,-2.132907521943055329e+00,8.420736412455789854e-02,5.921478887134792757e+00,2.147360376835057760e+00
3.098054507027734417e+01,2.793386061256935449e+01,-6.723660715081369865e+00,-2.122158090749091564e+00,7.339710003945332240e-02,5.993523406682866650e+00,2.463405677857113840e+00
3.118059873954802796e+01,2.810435236557493610e+01,-6.828322230194364906e+00,-2.114379586253884558e+00,6.354275392506139597e-02,6.075191315174403250e+00,2.754767246028099859e+00
3.138070802366445022e+01,2.827654965521321984e+01,-6.930262502073618158e+00,-2.107516620956103370e+00,5.453410064338785196e-02,6.165262242515771263e+00,3.027133829624053973e+00
3.158059156980989712e+01,2.845034580786736456e+01,-7.028996130297728406e+00,-2.100402112529152987e+00,4.629380334405461261e-02,6.262635787592538250e+00,3.284328932135590851e+00
3.178023757504962532e+01,2.862468424357709296e+01,-7.126282497495127544e+00,-2.093171282073801098e+00,3.894395825626877777e-02,6.366475737048173933e+00,3.521522965596344257e+00
3.198016552917111710e+01,2.879867151549820292e+01,-7.224769126276173736e+00,-2.086321227166127557e+00,3.206148016545166957e-02,6.476118827988732285e+00,3.755337832410817089e+00
3.218040562531114546e+01,2.897239470994108501e+01,-7.324349986960992709e+00,-2.080501506211983376e+00,2.520431108062592268e-02,6.591210320679398826e+00,4.005022561198652298e+00
3.238039471492738386e+01,2.914638099618309397e+01,-7.422962400810599881e+00,-2.076551894027616196e+00,1.772328212537788508e-02,6.711629841047840550e+00,-2.410029834404663784e+00
3.258014064590022230e+01,2.932126946629816544e+01,-7.519463488685371289e+00,-2.074944489896198174e+00,9.401360296791193283e-03,6.639517137364202348e+00,-4.684075592496466101e+00
3.278001780248055752e+01,2.949706987182116080e+01,-7.614569193774979539e+00,-2.074198515140680321e+00,5.084892670698960273e-04,6.496976865903234533e+00,-4.733310612445736254e+00
3.297993279814598111e+01,2.967316372237436184e+01,-7.709210417822714767e+00,-2.072472072265329146e+00,-9.094887393715686205e-03,6.349660530685197202e+00,-4.359322744052946064e+00
3.317981471815950556e+01,2.984930169637283370e+01,-7.803699549811566882e+00,-2.070479700080511076e+00,-1.920072227868598047e-02,6.210916941552314441e+00,-3.988901732640449893e+00
3.337990232863298701e+01,3.002536748907691688e+01,-7.898756840454997707e+00,-2.069798409695570385e+00,-3.004654987940834354e-02,6.081054976125972900e+00,-3.615897552654960379e+00
3.357996091605890143e+01,3.020088165926320656e+01,-7.994768373442806997e+00,-2.070454771016995821e+00,-4.176752732879585039e-02,5.960909906159002958e+00,-3.230126402073130176e+00
3.377957300463836532e+01,3.037591227158618423e+01,-8.090733318380518568e+00,-2.071693057242902203e+00,-5.460616563913804622e-02,5.851743531150146005e+00,-2.856053972938946028e+00
3.397922465802085412e+01,3.055133159629818707e+01,-8.186068743149839122e+00,-2.075045695845552540e+00,-6.778787169629428566e-02,5.753474650909987886e+00,-2.511718382414290573e+00
3.417937727067378972e+01,3.072692428483637528e+01,-8.282132659808105757e+00,-2.081712491637135010e+00,-8.063932086300842905e-02,5.665422893808242044e+00,-2.219851170141575736e+00
3.437948744450103788e+01,3.090168442976716179e+01,-8.379615855349403120e+00,-2.093156202462915338e+00,-9.228706297008043569e-02,5.586464620726712127e+00,-1.977654766983283574e+00
3.457882822807253120e+01,3.107557956552867751e+01,-8.477069586696032388e+00,-2.109560469274974981e+00,-1.026407507411208342e-01,5.515444901081195006e+00,-1.763488715049138955e+00
3.477843087384296439e+01,3.124994811119419325e+01,-8.574212916271712004e+00,-2.130874737766281335e+00,-1.122794367371527519e-01,5.451251088533928701e+00,-1.573072421075099703e+00
3.497842151983924452e+01,3.142283797468384421e+01,-8.674738304052809212e+00,-2.158516661874930520e+00,-1.212546838344966821e-01,5.393230839753000438e+00,-1.406655201757113227e+00
3.517839194566031580e+01,3.159236667159310485e+01,-8.780795798494773763e+00,-2.191138186598893700e+00,-1.294803738542487648e-01,5.340820162812568661e+00,-1.252405018518707003e+00
3.537837572185039647e+01,3.175634068423161693e+01,-8.895277386177989243e+00,-2.227633514501304202e+00,-1.372991741192476078e-01,5.293716902296505822e+00,-1.087186568314179036e+00
3.557821912515306906e+01,3.191362468378760298e+01,-9.018562135142605740e+00,-2.267375880031075042e+00,-1.454502635163187896e-01,5.252514113639866089e+00,-9.143560532949015496e-01
3.577809920503324292e+01,3.206455100127821112e+01,-9.149609046672896540e+00,-2.311469988957385091e+00,-1.537518020420672316e-01,5.217603031281987214e+00,-7.424444617241354738e-01
3.597806364252381428e+01,3.220745814697341558e+01,-9.289477999518656048e+00,-2.357316353091708283e+00,-1.618317490917210444e-01,5.189070862276759399e+00,-5.795388079220191724e-01
3.617800294329428823e+01,3.234285542042158568e+01,-9.436594627862927354e+00,-2.402872785394936539e+00,-1.693392054506555333e-01,5.166692486076475355e+00,-4.329467720635022387e-01
3.637770725593344423e+01,3.247107962734460784e+01,-9.589697094353969220e+00,-2.445487274724132298e+00,-1.759705313805511873e-01,5.149930928724242740e+00,-3.070726749444281367e-01
3.657752825480604741e+01,3.259404514155824018e+01,-9.747202376502286825e+00,-2.485270739653745231e+00,-1.815566771076535246e-01,5.138002475024976867e+00,-2.110761747929126575e-01
3.677771377443270495e+01,3.271074289747939901e+01,-9.909855000308851913e+00,-2.523057276096606572e+00,-1.857877808029803901e-01,5.129771987710499914e+00,-1.379423209889314439e-01
3.697765305939843472e+01,3.282136315780780222e+01,-1.007640491978491681e+01,-2.557211119126306720e+00,-1.889630985706003685e-01,5.124392692587996123e+00,-7.211696811088802450e-02
3.717728731868383818e+01,3.292675221440799760e+01,-1.024595427610734966e+01,-2.588102533479506917e+00,-1.916800149003290987e-01,5.121582414920978543e+00,-2.373936530244582024e-02
3.737680634572235050e+01,3.302847071938796120e+01,-1.041759689288720558e+01,-2.618678409153611497e+00,-1.935942483304320949e-01,5.120657528354390031e+00,0.000000000000000000e+00
3.757687560026209184e+01,3.312582502803239493e+01,-1.059238203298914094e+01,-2.651920326597618782e+00,-1.944996006975182323e-01,5.120657528354390031e+00,0.000000000000000000e+00
3.777680654121564174e+01,3.321773654079354543e+01,-1.076993387041283334e+01,-2.686345618431849047e+00,-1.931924732960361990e-01,5.120657528354390031e+00,3.427436212543421429e-02
3.797637006886584032e+01,3.330531487087371545e+01,-1.094925380145386384e+01,-2.721999407865772103e+00,-1.905824806350092937e-01,5.121993103072271403e+00,1.001041931569778970e-01
3.817580836482783724e+01,3.338932395774212125e+01,-1.113013527430213934e+01,-2.758678712244217124e+00,-1.884617410779571289e-01,5.125889441582179629e+00,1.482162693870788805e-01
3.837630657751036978e+01,3.346586758206291989e+01,-1.131544746187955042e+01,-2.796632430840664263e+00,-1.872552232380776394e-01,5.131683618611813102e+00,1.687878517289129188e-01
3.857654254222953938e+01,3.353081757482025438e+01,-1.150485691256202792e+01,-2.835368395445758694e+00,-1.868768866980809740e-01,5.138265423095274897e+00,1.661191278940443994e-01
3.877639817573288639e+01,3.358564862946895602e+01,-1.169704387801269618e+01,-2.873597319170031472e+00,-1.871960495032018168e-01,5.144722659702954282e+00,1.452629053128854375e-01
3.897635887114028463e+01,3.363116346386075151e+01,-1.189175566388632355e+01,-2.913933190097737658e+00,-1.881336864619405913e-01,5.150365519881823673e+00,1.095159796683522063e-01
3.917598226427735142e+01,3.366865046922374916e+01,-1.208782764943364896e+01,-2.957416113247113287e+00,-1.892340241237829568e-01,5.154608509995285637e+00,7.205408117209537167e-02
3.937597638995701743e+01,3.369962695614631087e+01,-1.228540828503418503e+01,-3.001563959460848530e+00,-1.900170026796417222e-01,5.157403385158771059e+00,4.577391028324414440e-02
3.957547192304527783e+01,3.372372070330638394e+01,-1.248344353207358282e+01,-3.044925646155101973e+00,-1.894755145025350529e-01,5.159173679816771774e+00,5.671638768646759809e-02
3.977493813341822460e+01,3.374279094526766443e+01,-1.268199603130762476e+01,-3.083794260521669717e+00,-1.890340382423818244e-01,5.161366007594293315e+00,6.419010830414313695e-02
3.997522668721477146e+01,3.375309004874479513e+01,-1.288201961304107890e+01,-3.119206674273119262e+00,-1.886102929215310031e-01,5.163856325680490578e+00,7.062880308691157905e-02
4.017516764083701730e+01,3.375292493821786621e+01,-1.308196049848946885e+01,3.126900267091202501e+00,-1.872612148457254988e-01,5.166590300454953599e+00,1.013136737151870553e-01
4.037546814810261964e+01,3.374305795485147996e+01,-1.328201782989750335e+01,3.089109066143362448e+00,-1.854316584725060335e-01,5.170516578953344045e+00,1.426252248192846905e-01
4.057549241623134151e+01,3.372244040518400965e+01,-1.348097668113599745e+01,3.050838074695111590e+00,-1.833537869370671924e-01,5.176031173172524369e+00,1.877139253562448706e-01
4.077476412918957038e+01,3.370033128793345867e+01,-1.367901809730874518e+01,3.011775623219071996e+00,-1.815142453213730578e-01,5.183252922302503229e+00,2.234181631516394539e-01
4.097463889886033428e+01,3.367562057637356787e+01,-1.387735948049728663e+01,2.973873395126565011e+00,-1.793064847001057949e-01,5.191861146482813716e+00,2.667180081016873872e-01
4.117473820757447811e+01,3.363946433127576086e+01,-1.407416511885225496e+01,2.938583168186837291e+00,-1.766752117583922643e-01,5.202130557996729188e+00,3.187867375088330735e-01
4.137450004186592167e+01,3.359542462516144923e+01,-1.426901196826185725e+01,2.904877184323280570e+00,-1.739827797850252711e-01,5.214357600827590034e+00,3.694908265291610983e-01
4.157442265886681554e+01,3.354365258219510793e+01,-1.446211481224810314e+01,2.873799970580250829e+00,-1.716295927881870964e-01,5.228504980900709143e+00,4.081164541888384067e-01
4.177432059594053726e+01,3.348542885399931635e+01,-1.465334551773577410e+01,2.841139565468667527e+00,-1.705670906861750380e-01,5.244085011692688703e+00,4.093320699604311996e-01
4.197402442373881115e+01,3.342117341363478999e+01,-1.484242977731558000e+01,2.807179779898723471e+00,-1.704667272773205122e-01,5.259649985719894616e+00,3.842224395966115091e-01
4.217389713565207643e+01,3.335194485276324627e+01,-1.502993046352023931e+01,2.775893676013048150e+00,-1.698401561845520047e-01,5.274230667523321259e+00,3.754699039748891076e-01
4.237398253911714363e+01,3.327667221279659771e+01,-1.521531708211022504e+01,2.745253962818186011e+00,-1.687841054914956673e-01,5.288455467213003303e+00,3.794864384149527203e-01
4.257373160584469218e+01,3.319638136171826659e+01,-1.539821888333602828e+01,2.714824691494835740e+00,-1.672243809206939991e-01,5.302769592629251960e+00,3.977565370431408454e-01
4.277344202648134797e+01,3.311163682185239310e+01,-1.557905752708727576e+01,2.683949691109885016e+00,-1.649871696414738353e-01,5.317728613154410588e+00,4.344536154053467714e-01
4.297326384043857672e+01,3.302224741317890988e+01,-1.575777040001522877e+01,2.652439770202477121e+00,-1.625746833282092629e-01,5.334028892139812683e+00,4.744471839814968783e-01
4.317319648591714554e+01,3.292738093033333513e+01,-1.593376305088613343e+01,2.619475869473201879e+00,-1.603530419483901737e-01,5.351782804211025812e+00,5.072356517283033162e-01
4.337313918921125122e+01,3.282650890794663212e+01,-1.610639537607516658e+01,2.586091540735536487e+00,-1.580363686038388227e-01,5.370699704719696932e+00,5.415333485986794093e-01
4.357306590366000876e+01,3.271925341820143984e+01,-1.627511689536003558e+01,2.552137174120480800e+00,-1.558851814173204675e-01,5.390820835881654283e+00,5.698286486143590013e-01
4.377292261511558991e+01,3.260568392242711155e+01,-1.643956954734049347e+01,2.517516117373379103e+00,-1.529304991209325393e-01,5.411905158461876475e+00,6.208618226486301017e-01
4.397282637901682989e+01,3.248584626221052929e+01,-1.659957095363336776e+01,2.482504925757102576e+00,-1.495132490299138084e-01,5.434790030406543515e+00,6.838357343092810181e-01
4.417273855856117848e+01,3.235961695022435691e+01,-1.675459043733031805e+01,2.447931399051508805e+00,-1.467543097172464839e-01,5.459886158043820714e+00,7.252016567622381338e-01
4.437259644732828434e+01,3.222793014580752669e+01,-1.690492925881342501e+01,2.414361964968259056e+00,-1.437239050835275034e-01,5.486367778676556561e+00,7.738771988573319716e-01
4.457245944957881534e+01,3.209123305297081430e+01,-1.705073434952903000e+01,2.382326274111350006e+00,-1.400426687722987340e-01,5.514487305595511479e+00,8.413626268712166567e-01
4.477235711108478000e+01,3.195002549563999139e+01,-1.719222463480761576e+01,2.352207507355942528e+00,-1.359769915751667668e-01,5.544902441590310538e+00,9.192591559218801223e-01
4.497225620641639665e+01,3.180471570323012287e+01,-1.732950067985626674e+01,2.323949659827351244e+00,-1.318249176172470727e-01,5.577944176311050661e+00,9.984705360349548364e-01
4.517214576570544438e+01,3.165587071063878355e+01,-1.746292108344302818e+01,2.297540873924492466e+00,-1.273939011470530125e-01,5.613611039684226256e+00,1.085483268409907609e+00
4.537207502954029792e+01,3.150378557686380887e+01,-1.759269713139562086e+01,2.273096239754107017e+00,-1.230827156864999772e-01,5.652138413590125587e+00,1.167917265866666998e+00
4.557188768221945452e+01,3.134894192392935253e+01,-1.771898465776538600e+01,2.250618812785793565e+00,-1.187844364637340583e-01,5.693276555761744184e+00,1.249792791776451750e+00
4.577161513580687568e+01,3.119178290096936479e+01,-1.784224088364780414e+01,2.229770321530527788e+00,-1.141462836466971831e-01,5.736953355572377511e+00,1.343145166247236011e+00
4.597172495641152068e+01,3.103193160772687165e+01,-1.796262154800518474e+01,2.209471654027304943e+00,-1.088890604017981739e-01,5.783613652427054497e+00,1.457640580313374512e+00
4.617171780670706482e+01,3.086955029515993587e+01,-1.807936678130562669e+01,2.189214943567742822e+00,-1.033225472576129456e-01,5.833799985366935559e+00,1.583600783754786301e+00
4.637140455654857618e+01,3.070551434257138723e+01,-1.819323953625883306e+01,2.170689858915865855e+00,-9.833770375500419658e-02,5.887755977991630196e+00,1.691057568192271932e+00
4.657098526106936731e+01,3.053997310593885572e+01,-1.830472297265719561e+01,2.154977041624185574e+00,-9.435213007344160629e-02,5.944802383432626236e+00,1.765531999845423305e+00
4.677073004076368790e+01,3.037266207882025171e+01,-1.841383299611815261e+01,2.140355372055488203e+00,-9.085562911030806155e-02,6.003831025168099522e+00,1.825019176141797095e+00
4.697120531892482376e+01,3.020220059757836495e+01,-1.851934707369364119e+01,2.125444169722987553e+00,-8.739673289768368214e-02,6.064464480293696447e+00,1.885746604183223152e+00
4.717147654004679680e+01,3.002923999957673118e+01,-1.862030842049826518e+01,2.110194114203345350e+00,-8.395747420799343219e-02,6.126422364074866067e+00,1.948819840144397464e+00
4.737085456720190280e+01,2.985630950726605803e+01,-1.871953867063123411e+01,2.094044583041348773e+00,-8.069945627942703981e-02,6.189519746559835056e+00,2.008391346289805757e+00
4.757056493883023762e+01,2.968369481866112025e+01,-1.881997970713398516e+01,2.077273418820601236e+00,-7.785324052745022649e-02,6.253986557176106409e+00,2.054976974669249667e+00
4.777039773492526109e+01,2.951015697998921894e+01,-1.891906434239214008e+01,2.061194274885664868e+00,-7.568252848938421262e-02,6.319307829727679682e+00,2.077720286688064633e+00
4.797038187346492322e+01,2.933431843099738145e+01,-1.901432430436933885e+01,2.047199849832782803e+00,-7.374063979387625312e-02,6.384721892939187349e+00,2.093986884047367436e+00
4.817037625555158797e+01,2.915609263318699007e+01,-1.910506193636993189e+01,2.034879535873463929e+00,-7.214552584854064254e-02,6.449980222924890150e+00,2.098584166932402351e+00
4.837043203361010768e+01,2.897554494279141934e+01,-1.919122948146333485e+01,2.021237977661003882e+00,-7.126441285184385854e-02,6.514745785738389472e+00,2.075402014489234670e+00
4.857029383387234844e+01,2.879344497094860245e+01,-1.927359658326319902e+01,2.005135388326439561e+00,-7.032891635281683651e-02,6.578107616827464810e+00,2.056762308799325645e+00
4.876982261819023279e+01,2.861100207215267943e+01,-1.935438225309587423e+01,1.988994560324567118e+00,-6.973392002697761938e-02,6.640200778950487326e+00,2.025273422115905664e+00
4.896936286469973254e+01,2.842835609070139924e+01,-1.943473619162269372e+01,1.974564319287343217e+00,-7.018158701090344842e-02,6.700784543661359116e+00,1.948810704925437509e+00
4.916947970965559023e+01,2.824446366351383730e+01,-1.951366861118623319e+01,1.961904635080418124e+00,-7.112709665591609998e-02,6.758734585700397979e+00,1.850879144877737748e+00
4.936980095055108819e+01,2.805877575899070919e+01,-1.958882579093454979e+01,1.950484557615032699e+00,-7.175083386411013064e-02,6.813371706728008625e+00,1.769180349824398091e+00
4.956966083165256265e+01,2.787214394107707705e+01,-1.966032779521518137e+01,1.939385428516491316e+00,-7.185966378455052594e-02,6.865071766760174832e+00,1.713310788900167747e+00
4.976927818832373163e+01,2.768512892296834949e+01,-1.973013089031974587e+01,1.927214778405721418e+00,-7.151742519296880318e-02,6.914710659488259026e+00,1.680521364786478511e+00
4.996901127184080593e+01,2.749765362082067099e+01,-1.979902440043408518e+01,1.914679186485256146e+00,-7.082985606914657395e-02,6.963083722938479880e+00,1.665847369140835088e+00
5.016891432563882347e+01,2.730948697850483597e+01,-1.986651177434474036e+01,1.900799252485332325e+00,-6.929986691548037370e-02,7.010745387272033113e+00,1.693873364836144368e+00
5.036892471787862746e+01,2.712034597217324361e+01,-1.993154896930111519e+01,1.885796587427394755e+00,-6.646392673869895573e-02,7.058904691052781288e+00,1.788226456764877348e+00
5.056902397473167099e+01,2.693002198892221699e+01,-1.999332674841789981e+01,1.873823598296902482e+00,-6.341358438834369948e-02,7.109414955362653110e+00,1.894837677772744255e+00
5.076869062480537309e+01,2.673897896070175406e+01,-2.005137270021480944e+01,1.861580541601145278e+00,-6.057932228719235812e-02,7.162433440573307664e+00,1.992253336916761652e+00
5.096849948217401760e+01,2.654745396524625178e+01,-2.010830911737232185e+01,1.844879703930553561e+00,-5.794063343908546770e-02,7.217796929556775432e+00,2.081490429586549062e+00
5.116884030236080605e+01,2.635420342265315341e+01,-2.016113592894171447e+01,1.825849790762303471e+00,-5.567493310948092022e-02,7.275342432907735635e+00,2.153091967098729409e+00
5.136843807186358646e+01,2.616006967524633353e+01,-2.020751865965337757e+01,1.807206749492240583e+00,-5.368932923893381115e-02,7.334174270114010241e+00,2.212044954984865974e+00
5.156798186608349255e+01,2.596653705562487602e+01,-2.025612782498393472e+01,1.790000516619000948e+00,-5.183337809177205463e-02,7.394113328250234041e+00,2.266118285538590182e+00
5.176817104755415500e+01,2.577184387791750808e+01,-2.030271403466126756e+01,1.775289537636016490e+00,-4.994226245092835137e-02,7.455214057316066345e+00,2.324198233465555763e+00
5.196818720897423560e+01,2.557524470837997299e+01,-2.033952750184891300e+01,1.764043803117741227e+00,-4.874370509428930381e-02,7.517311424869753012e+00,2.345494635838777597e+00
5.216806198657339166e+01,2.537773451330511776e+01,-2.037018120573284108e+01,1.757839916669528435e+00,-4.796173238428315388e-02,7.579418282155556241e+00,2.344714470170611076e+00
5.236787355900583663e+01,2.518001289316583780e+01,-2.039900524790986935e+01,1.755535577727906471e+00,-4.710329742157230715e-02,7.640980543507073897e+00,2.349893590733779458e+00
5.256785860764397711e+01,2.498204042496478294e+01,-2.042730580467437562e+01,1.751627321814136273e+00,-4.703816679582259463e-02,7.702238040617048753e+00,2.309485645820938959e+00
5.276756349142451086e+01,2.478451266638794337e+01,-2.045671371513067527e+01,1.746817004651264327e+00,-4.666479174763963483e-02,7.761887783220736026e+00,2.288590866628270604e+00
5.296695665925528829e+01,2.458821499323427417e+01,-2.049171169924472480e+01,1.742935432554036268e+00,-4.456154112641524251e-02,7.820457833454669050e+00,2.374635719486457575e+00
5.316694197705678704e+01,2.439241581823519311e+01,-2.053241563524416691e+01,1.739333323555869448e+00,-4.149592175874517591e-02,7.880948247697803666e+00,2.522715467654259136e+00
5.336719894582782331e+01,2.419661564279213550e+01,-2.057442926205537503e+01,1.735851081539101948e+00,-3.818697405444800713e-02,7.944792507557361105e+00,2.198023131742926406e+00
5.356744069923521323e+01,2.400064132936907413e+01,-2.061554894452042319e+01,1.732171476055200721e+00,-3.465722584190417122e-02,8.000000000000000000e+00,0.000000000000000000e+00
5.376728459329986265e+01,2.380427505018181478e+01,-2.065266856727004452e+01,1.727560926422674115e+00,-3.095793644609556167e-02,8.000000000000000000e+00,0.000000000000000000e+00
5.396671456695973035e+01,2.360697397918463381e+01,-2.068173060053235446e+01,1.719816799312413380e+00,-2.761877961931324607e-02,8.000000000000000000e+00,0.000000000000000000e+00
5.416656456954429188e+01,2.340851233057438563e+01,-2.070524650076922768e+01,1.709062952438633154e+00,-2.609875024174003119e-02,8.000000000000000000e+00,0.000000000000000000e+00
5.436656823828437268e+01,2.320971692903521344e+01,-2.072719771568711167e+01,1.697492047148298155e+00,-2.645723682755629635e-02,8.000000000000000000e+00,0.000000000000000000e+00
5.456645920374351277e+01,2.301093069938119129e+01,-2.074818421068092533e+01,1.685779430289201741e+00,-2.688841698234898867e-02,8.000000000000000000e+00,0.000000000000000000e+00
5.476633973661034105e+01,2.281208313973741042e+01,-2.076847892533374562e+01,1.675029012551828345e+00,-2.721168520438757912e-02,8.000000000000000000e+00,0.000000000000000000e+00
5.496623786791428756e+01,2.261316346165105884e+01,-2.078823302791607119e+01,1.666736325966217791e+00,-2.755735036056800036e-02,8.000000000000000000e+00,0.000000000000000000e+00
5.516620280590003489e+01,2.241414840231347938e+01,-2.080770050285516959e+01,1.659961819049748044e+00,-2.777824466829658528e-02,8.000000000000000000e+00,0.000000000000000000e+00
5.536616818813942587e+01,2.221510019642100886e+01,-2.082683073612960456e+01,1.654546936111970012e+00,-2.826258427781775523e-02,8.000000000000000000e+00,0.000000000000000000e+00
5.556609482607856876e+01,2.201597935510415027e+01,-2.084476258240694690e+01,1.651451554301136326e+00,-2.920741882816824120e-02,8.000000000000000000e+00,0.000000000000000000e+00
5.576583555601519038e+01,2.181686550779506462e+01,-2.086057507763664987e+01,1.651529200046535806e+00,-3.064743967966012880e-02,8.000000000000000000e+00,0.000000000000000000e+00
5.596530710060971359e+01,2.161779138874606687e+01,-2.087316047503955119e+01,1.653632390669519836e+00,-3.174079051003265289e-02,8.000000000000000000e+00,0.000000000000000000e+00
5.616500356226632107e+01,2.141834606442801103e+01,-2.088317243817538937e+01,1.653505115601459963e+00,-3.147282561670233098e-02,8.000000000000000000e+00,0.000000000000000000e+00
5.636498294452267999e+01,2.121867870748535978e+01,-2.089433934908081980e+01,1.649767657208895955e+00,-3.004317658896528062e-02,8.000000000000000000e+00,0.000000000000000000e+00
5.656541859752212531e+01,2.101879542918744548e+01,-2.090920965675054788e+01,1.644135675244717376e+00,-2.793024892001153697e-02,8.000000000000000000e+00,0.000000000000000000e+00
5.676609206983385292e+01,2.081917314668244856e+01,-2.092972274567303614e+01,1.638033030850632343e+00,-2.563886248379425650e-02,8.000000000000000000e+00,0.000000000000000000e+00
5.696583320862116295e+01,2.062086975958524349e+01,-2.095364531221236248e+01,1.632769595446839972e+00,-2.372975004921815123e-02,8.000000000000000000e+00,0.000000000000000000e+00
5.716482042972416622e+01,2.042280455210409684e+01,-2.097277873186872910e+01,1.628284418736983596e+00,-2.204050959202485949e-02,8.000000000000000000e+00,0.000000000000000000e+00
5.736447174280815631e+01,2.022349398734969483e+01,-2.098443830276317712e+01,1.622865935469554266e+00,-2.058233411395534590e-02,8.000000000000000000e+00,-2.426803944462812279e-01
5.756444444272791117e+01,2.002363369838795393e+01,-2.099114245142846613e+01,1.615409171158507462e+00,-1.965993775178545913e-02,7.993931516632474477e+00,-3.843377601616667416e+00
5.776443193923071107e+01,1.982367951663530903e+01,-2.099479265102409897e+01,1.605041859700888196e+00,-1.954863269965843170e-02,7.897194828753147711e+00,-3.880820612259272995e+00
5.796443053079289598e+01,1.962369202550161162e+01,-2.099689978578674143e+01,1.592926851214013340e+00,-2.001529743919802304e-02,7.798292688157500763e+00,-3.882572889350607959e+00
5.816431467900041241e+01,1.942381069413477235e+01,-2.099796095291059927e+01,1.583244245820376150e+00,-2.005951664674185744e-02,7.698132195571068870e+00,-3.910705071965361768e+00
5.836421276819346105e+01,1.922391289246344570e+01,-2.099829999568473227e+01,1.577388638983970637e+00,-1.943876129607766817e-02,7.595903788090063280e+00,-3.978068888682323223e+00
5.856412767691435306e+01,1.902399798729024027e+01,-2.099826233309208234e+01,1.574122859079500891e+00,-1.917470333732594970e-02,7.490474203973222167e+00,-4.016060393969571152e+00
5.876402651952871281e+01,1.882409923544468100e+01,-2.099807183598662874e+01,1.572532701729249638e+00,-1.988821910054501887e-02,7.382519363411146784e+00,-3.994732963591405728e+00
5.896391181130213255e+01,1.862421407862368739e+01,-2.099783956461268630e+01,1.571872061285048083e+00,-2.089169399621926618e-02,7.273555899501412902e+00,-3.978686406304507095e+00
5.916379593325272879e+01,1.842433004016868026e+01,-2.099765686574238188e+01,1.571850619761553602e+00,-2.185197447504073909e-02,7.163383484463882844e+00,-3.978640953307149175e+00
5.936367414745688365e+01,1.822445182997940094e+01,-2.099761680365054772e+01,1.572265075279354107e+00,-2.244721466322955467e-02,7.051494568393061435e+00,-3.983488031581977395e+00
5.956355869176760365e+01,1.802456736282887206e+01,-2.099779243466195311e+01,1.572857151299317024e+00,-2.237262582609212194e-02,6.937658125632664152e+00,-4.022665257079539813e+00
5.976346020449754803e+01,1.782466640557903759e+01,-2.099826369077197441e+01,1.573379760514766801e+00,-2.191797523958121177e-02,6.820764365374611060e+00,-4.079935306989654009e+00
5.996335462394142723e+01,1.762477353302569227e+01,-2.099905009218154817e+01,1.573617368597806987e+00,-2.176049209416766952e-02,6.700127903916877514e+00,-4.104192855048196975e+00
6.016325131740414633e+01,1.742487943336209000e+01,-2.100006841286050019e+01,1.573313318696479612e+00,-2.302397165566881510e-02,6.576540486207827385e+00,-4.016641692356702542e+00
6.036315738813453180e+01,1.722497677201545230e+01,-2.100123593219332463e+01,1.572057449859874723e+00,-2.601413756711814726e-02,6.453292388403686353e+00,-3.906331957110539044e+00
6.056304914508299930e+01,1.702508829906580345e+01,-2.100238174099140664e+01,1.567481090649338160e+00,-2.977968819649372961e-02,6.331136985879189716e+00,-3.795587328867593424e+00
6.076293147038347087e+01,1.682520779860717752e+01,-2.100323585101535429e+01,1.558526029012095915e+00,-3.382290698158860881e-02,6.210149264841973604e+00,-3.658320814101393204e+00
6.096282713076571724e+01,1.662531228557716290e+01,-2.100347856508970068e+01,1.549251008660855522e+00,-3.885572788552604101e-02,6.091255123664372384e+00,-3.496359155216550718e+00
6.116322677666563834e+01,1.642491419357208571e+01,-2.100268938986359757e+01,1.540926925037856776e+00,-4.491733144089651159e-02,5.975119304941014953e+00,-3.321121123511779683e+00
6.136329234778433772e+01,1.622486488499530211e+01,-2.100013853020417542e+01,1.533128854010586295e+00,-5.175196370466727397e-02,5.862863355018542499e+00,-3.138365366286657299e+00
6.156129754098256512e+01,1.602706289867741773e+01,-2.099117021140030914e+01,1.525970272999986665e+00,-5.920961114659069324e-02,5.755896232409235758e+00,-2.967411735553429075e+00
6.176068306502411076e+01,1.582843823916959280e+01,-2.097376814736400874e+01,1.517420515182282159e+00,-6.675389527551313373e-02,5.652169809054051086e+00,-2.818872875193632499e+00
6.196180237293771143e+01,1.562810316914614717e+01,-2.095602453627871142e+01,1.505935076023290797e+00,-7.403092791175361342e-02,5.550960640003799185e+00,-2.688912189908921224e+00
6.216208786080513704e+01,1.542842666295140219e+01,-2.094041782220584125e+01,1.491201466750856408e+00,-8.108295107492767551e-02,5.453078382647203348e+00,-2.564251040346063881e+00
6.236230260652110502e+01,1.522873122596313422e+01,-2.092600682473257834e+01,1.473392093445103246e+00,-8.832511787228261579e-02,5.358102472639418856e+00,-2.466876654785933543e+00
6.256230943163853198e+01,1.502915747426002646e+01,-2.091285206419884446e+01,1.455072796717467476e+00,-9.498152967693242188e-02,5.265213934109855387e+00,-2.406845435612145589e+00
6.276181061397300454e+01,1.483031483336199052e+01,-2.089665558576840709e+01,1.437319090396090182e+00,-1.006330020221750943e-01,5.173213774023133205e+00,-2.342491915682572756e+00
6.296143037231212958e+01,1.463198405381555389e+01,-2.087400719059628784e+01,1.416538775141416906e+00,-1.067687322583616705e-01,5.082019816126543077e+00,-2.272900155853028181e+00
6.316119607660763080e+01,1.443449604382211859e+01,-2.084392692262022706e+01,1.392284901212342607e+00,-1.134523489890161829e-01,4.991876441845108481e+00,-2.199895414758952672e+00
6.336103080323061221e+01,1.423828891801612784e+01,-2.080602333773128620e+01,1.365376592574429893e+00,-1.206386402457580304e-01,4.903019417974313399e+00,-2.098647311008524863e+00
6.356094635620311095e+01,1.404360053635404171e+01,-2.076060679486309013e+01,1.336155280785329857e+00,-1.293658905576376972e-01,4.816689209164748853e+00,-1.978359756843099504e+00
6.376097790992567127e+01,1.385055956419678580e+01,-2.070818727985920304e+01,1.306518155281634286e+00,-1.393028067032449635e-01,4.733817295346020693e+00,-1.859802628331282737e+00
6.396103598964481307e+01,1.365918918909809499e+01,-2.064987248932114738e+01,1.277664418168623417e+00,-1.495598411143330975e-01,4.654555736131642085e+00,-1.744907668807144541e+00
6.416097157044943344e+01,1.346941335241121251e+01,-2.058694897796431889e+01,1.249168541952162759e+00,-1.600166067436994966e-01,4.578990155517829841e+00,-1.640733051202445170e+00
6.436081696062271362e+01,1.328104821169662841e+01,-2.052019005543641583e+01,1.218960710852807772e+00,-1.703118896134530880e-01,4.506813172381754384e+00,-1.538250751048772402e+00
6.456065706583341068e+01,1.309385438494277309e+01,-2.045022907434073289e+01,1.187774058236168440e+00,-1.808310621827812770e-01,4.438080281708933761e+00,-1.435607540038118746e+00
6.476050122763705019e+01,1.290811103323094677e+01,-2.037649240570256737e+01,1.156226143017011765e+00,-1.916246538312707248e-01,4.372957925232971554e+00,-1.352700474901922467e+00
6.496031290866878294e+01,1.272427306056752805e+01,-2.029820889732607370e+01,1.122422354519011289e+00,-2.016608087502222701e-01,4.310706473910360437e+00,-1.265740781118603886e+00
6.516030676453031845e+01,1.254301541791081576e+01,-2.021369138812890043e+01,1.087379220537317615e+00,-2.121198498599344839e-01,4.251577300901219658e+00,-1.179306062171968428e+00
6.536040586188448742e+01,1.236675807898773272e+01,-2.011896547172948502e+01,1.050852560526109869e+00,-2.227166734263625880e-01,4.195706542222497504e+00,-1.092924866305189591e+00
6.556018961187180594e+01,1.219555723209406572e+01,-2.001599063605646833e+01,1.008805108717975241e+00,-2.334138375343004224e-01,4.143338766255904027e+00,-9.926980192947539861e-01
6.576033423920264909e+01,1.202820477781284936e+01,-1.990621346222029686e+01,9.605306070072114899e-01,-2.449212269232985129e-01,4.095105588591258616e+00,-8.718754751669395286e-01
6.596060240362162119e+01,1.186680793298073588e+01,-1.978764535454379825e+01,9.080406892844292699e-01,-2.574879109736895044e-01,4.052242833257175825e+00,-7.556109116360214539e-01
6.615936444268930927e+01,1.171121593355185198e+01,-1.966396238122867857e+01,8.515041372791074537e-01,-2.694980556479335543e-01,4.015009146765048165e+00,-6.530412436133765652e-01
6.635883053710695378e+01,1.155940911422174011e+01,-1.953457377111518056e+01,7.925373797995587388e-01,-2.803922223019926219e-01,3.982433838231665746e+00,-5.489404267580932917e-01
6.655933719645909719e+01,1.141648713678448246e+01,-1.939394579093350401e+01,7.321656565282843587e-01,-2.909950343410723228e-01,3.954699337950660532e+00,-4.323289393447870554e-01
6.675907102514300107e+01,1.128638567571577767e+01,-1.924239641895025699e+01,6.712624803271571849e-01,-3.017836381007821256e-01,3.932803761310120105e+00,-3.152072405315401449e-01
6.695868226904057963e+01,1.116681118727139221e+01,-1.908256341108391396e+01,6.103606949921864810e-01,-3.118935661153021677e-01,3.916772600782304714e+00,-2.125600256142894939e-01
6.715893609271576281e+01,1.105889556460757994e+01,-1.891387490441670849e+01,5.442947816575096631e-01,-3.203623336554041190e-01,3.905889871778192912e+00,-1.129175171630448643e-01
6.735946949564559816e+01,1.096473718998785962e+01,-1.873682167462523296e+01,4.750236215989005473e-01,-3.278669847069548560e-01,3.900088232659010057e+00,-3.557399340984571112e-02
6.755881260430459179e+01,1.088256453815387026e+01,-1.855520303499702806e+01,4.030383276705651330e-01,-3.332625420162830809e-01,3.898269534249500179e+00,0.000000000000000000e+00
6.775765285581559283e+01,1.080850508109017838e+01,-1.837066945420374608e+01,3.273981877852172317e-01,-3.356034745243317574e-01,3.898269534249500179e+00,0.000000000000000000e+00
6.795806027313147979e+01,1.074317648567798855e+01,-1.818120888433049487e+01,2.483067010352166815e-01,-3.351786499651981388e-01,3.898269534249500179e+00,6.455848690640313310e-03
6.815790387158784824e+01,1.069616376958008530e+01,-1.798697379901095417e+01,1.717979489615064637e-01,-3.335661608025742297e-01,3.898600477315503188e+00,3.009934143772505927e-02
6.835689068991872830e+01,1.066260218953428840e+01,-1.779083768756209949e+01,9.803857994843934165e-02,-3.312114584680280749e-01,3.900136462496891276e+00,6.192116658102403415e-02
6.855758028681677274e+01,1.064762383418787728e+01,-1.759070782178935133e+01,2.446513583363207900e-02,-3.276667396407264565e-01,3.903321443849964378e+00,1.076963271663086696e-01
6.875895711222665341e+01,1.065712301748996538e+01,-1.738955516501158272e+01,-5.021230921532127134e-02,-3.233848877210302453e-01,3.908873671911779812e+00,1.589074248931516831e-01
6.895834432307006523e+01,1.068760956144115504e+01,-1.719251245267279771e+01,-1.244324900094009312e-01,-3.188545256188899391e-01,3.916970972502679782e+00,2.079229139830418294e-01
6.915614771971668517e+01,1.072657688116488828e+01,-1.699858532275414191e+01,-1.933311599230460587e-01,-3.126761079368056140e-01,3.927456851027341767e+00,2.769968881729606980e-01
6.935654889676979451e+01,1.077463990562130647e+01,-1.680403307413086722e+01,-2.598591137623560421e-01,-3.050390272099111066e-01,3.941565465844937943e+00,3.609324876038286778e-01
6.955694464403151756e+01,1.083503771076508748e+01,-1.661295570588858084e+01,-3.234763493074834795e-01,-2.963091412473181085e-01,3.959873355635281644e+00,4.536957708566056735e-01
6.975662190205530067e+01,1.090621373315120657e+01,-1.642639477426251204e+01,-3.811091814087352869e-01,-2.865149609662958619e-01,3.982685331239902649e+00,5.553620211489523895e-01
6.995629635838523086e+01,1.098558354359163225e+01,-1.624317271854512512e+01,-4.319007808038060059e-01,-2.757235983529721657e-01,4.010432104767753358e+00,6.653813999617077535e-01
7.015568792861351710e+01,1.107267455808725742e+01,-1.606380674219446902e+01,-4.819910955583557310e-01,-2.654606284391987092e-01,4.043378358653816562e+00,7.600084616954959627e-01
7.035569777510427514e+01,1.116845235406473158e+01,-1.588822043153514052e+01,-5.315444751031834780e-01,-2.558918167432026047e-01,4.080799787142321833e+00,8.386522807658987055e-01
7.055670756825597323e+01,1.127543726551606262e+01,-1.571804650384749458e+01,-5.777454993845397846e-01,-2.466372405853334282e-01,4.121902660872370561e+00,9.096131702470859892e-01
7.075654348710214947e+01,1.139195090438309776e+01,-1.555569205697566026e+01,-6.215311445120973444e-01,-2.366829784735035858e-01,4.165768634123666381e+00,9.926915635455536568e-01
7.095571896642606191e+01,1.151444778563354632e+01,-1.539863988205337009e+01,-6.643219312622666850e-01,-2.264623325550054744e-01,4.212964271036311992e+00,1.080504671585704735e+00
7.115571603701241088e+01,1.164350663888398785e+01,-1.524585689661061672e+01,-7.056884251303071620e-01,-2.180666972238986812e-01,4.263949282903412907e+00,1.135271919994835788e+00
7.135546208382245936e+01,1.177778736175426388e+01,-1.509798137232860960e+01,-7.444288781243703079e-01,-2.110404096082367231e-01,4.316803868989112836e+00,1.167305094468104265e+00
7.155523168774442411e+01,1.191646968006622309e+01,-1.495419295402325055e+01,-7.815147647317661761e-01,-2.049591796018229717e-01,4.370489651752459181e+00,1.185037859569478602e+00
7.175524297829684883e+01,1.206023349869908579e+01,-1.481513727884045117e+01,-8.180007749449978993e-01,-2.001364607902466619e-01,4.424389415429804018e+00,1.182284409904193589e+00
7.195548179635966335e+01,1.220887395264441189e+01,-1.468096723855529717e+01,-8.539517028143692734e-01,-1.949160961818016125e-01,4.477577488449965060e+00,1.192185630304342547e+00
7.215491472706936804e+01,1.236090973944719629e+01,-1.455189898768498935e+01,-8.894322480044946078e-01,-1.893352457206698702e-01,4.530366686425844058e+00,1.214041325052150677e+00
7.235410866374823513e+01,1.251538555060443869e+01,-1.442613950224975028e+01,-9.249384418458680424e-01,-1.850264304382900904e-01,4.583435573359029291e+00,1.212986646280694192e+00
7.255463889843842651e+01,1.267620782201176333e+01,-1.430635397706288536e+01,-9.615149281195206621e-01,-1.811803549048154882e-01,4.636201316686160645e+00,1.205643746829917928e+00
7.275475262228336248e+01,1.284321227637303586e+01,-1.419610419386771660e+01,-9.963982854210744478e-01,-1.772053952884528327e-01,4.687952044172325472e+00,1.205575746224575751e+00
7.295446816085350861e+01,1.301368277481262403e+01,-1.409205562103694476e+01,-1.029759457687297042e+00,-1.721135360681853577e-01,4.739033528827177655e+00,1.234598685738617085e+00
7.315422669987522397e+01,1.318757344392966324e+01,-1.399374229993487084e+01,-1.065094951816756730e+00,-1.658289482140413162e-01,4.790791380015490653e+00,1.293946706430965099e+00
7.335443450994551995e+01,1.336527180348710964e+01,-1.390151182653405471e+01,-1.103533962168856686e+00,-1.600651015155807044e-01,4.844563811089206418e+00,1.343304317391555314e+00
7.355432239124837679e+01,1.354632210046903040e+01,-1.381680081748268307e+01,-1.142840304774992433e+00,-1.550630400293069311e-01,4.899675400229276612e+00,1.377429660145097712e+00
7.375317504902838550e+01,1.372793618569722440e+01,-1.373581499432271791e+01,-1.181193385809531815e+00,-1.502322024183259941e-01,4.955262871459155782e+00,1.411103836714576953e+00
7.395322537568257815e+01,1.391207057184110951e+01,-1.365761869623986691e+01,-1.211115568168157353e+00,-1.477073573494710190e-01,5.011907191101716563e+00,1.389707326825952993e+00
7.415372496059207208e+01,1.410035897332725341e+01,-1.358871614610803213e+01,-1.238895353979389879e+00,-1.453409675911721821e-01,5.067196974320778757e+00,1.368154800097555635e+00
7.435364014477616479e+01,1.429147414147099937e+01,-1.353005548320051687e+01,-1.271223411194140507e+00,-1.401774073788144004e-01,5.120890060748558348e+00,1.424055652939747230e+00
7.455511769075586415e+01,1.448675558186238632e+01,-1.348047362590709675e+01,-1.302049004776285157e+00,-1.337377267622819055e-01,5.176615254281411005e+00,1.516183930789030576e+00
7.475417388972680044e+01,1.468189086324322012e+01,-1.344115960411867583e+01,-1.329943980159682848e+00,-1.273241569587129085e-01,5.234592353876886150e+00,1.611196235946148470e+00
7.495044269163064143e+01,1.487220479685860575e+01,-1.339317992849860772e+01,-1.352379075013023124e+00,-1.227893993359400193e-01,5.294658838961072256e+00,1.657794152048018610e+00
7.515244752389135385e+01,1.506849743416456988e+01,-1.334548136671581098e+01,-1.368621713620429281e+00,-1.197267374975560794e-01,5.357534608399940446e+00,1.663462252372649441e+00
7.535434194333772950e+01,1.526789866409273166e+01,-1.331385058887641115e+01,-1.384320074824632929e+00,-1.154463816641919938e-01,5.419858353465575540e+00,1.708778173329590588e+00
7.555373462299719733e+01,1.546563494664850680e+01,-1.328820291329354930e+01,-1.401409253341924233e+00,-1.095661537136907171e-01,5.482362655778816318e+00,1.806846782418202180e+00
7.575264688073039565e+01,1.566262494462802479e+01,-1.326061619597256858e+01,-1.418583056017810096e+00,-1.028253131495735773e-01,5.547531724579472190e+00,1.935539858501935662e+00
7.595099060882600384e+01,1.585787676466643425e+01,-1.322573122432927306e+01,-1.444440427469858568e+00,-9.731114984447053473e-02,5.616307738901202384e+00,2.030522903694713666e+00
7.615134838065395684e+01,1.605467464405826661e+01,-1.318813027488995893e+01,-1.470460871988695351e+00,-9.223648470740732075e-02,5.688283986168527484e+00,2.115543291825900507e+00
7.635239438378322063e+01,1.625372053421393304e+01,-1.315984195598635154e+01,-1.485324735351817305e+00,-8.687223630809341735e-02,5.762570412050370905e+00,2.215214732154239918e+00
7.655230269121933873e+01,1.645301533841596253e+01,-1.314419227867178286e+01,-1.496157353055347139e+00,-8.221561200567589767e-02,5.838912348140141262e+00,2.297031574450664859e+00
7.675220761778719236e+01,1.665284793436403632e+01,-1.313881517324679749e+01,-1.505401224810910987e+00,-7.891788952355789644e-02,5.917032471238653279e+00,2.336984204338954818e+00
7.695268741507055665e+01,1.685330955336418768e+01,-1.314151488186342931e+01,-1.520633826548601908e+00,-7.640215933445275442e-02,5.995690911377367982e+00,2.353471529412107355e+00
7.715196538771519386e+01,1.705254271847978842e+01,-1.314574055333383917e+01,-1.543725737721527880e+00,-7.374095534439266408e-02,6.073409221754236142e+00,2.379969030228199500e+00
7.735143857138099577e+01,1.725200695730187306e+01,-1.314385152371544763e+01,-1.565053197894479720e+00,-7.039415064040289993e-02,6.151079545401821669e+00,2.436582433080597188e+00
7.755105004807876412e+01,1.745157522627552638e+01,-1.313969849490190533e+01,-1.580852192149919011e+00,-6.640496051639148412e-02,6.229648401714725559e+00,2.522921814227621518e+00
7.775045473430735399e+01,1.765076374056476283e+01,-1.313041600250108942e+01,-1.592257459485550752e+00,-6.208572298257439975e-02,6.309887802051436623e+00,2.628076553913277102e+00
7.795108185470661510e+01,1.785133425433689069e+01,-1.312565045480044823e+01,-1.600135707703042920e+00,-5.531716492441609428e-02,6.392903169677953024e+00,2.839231118273965571e+00
7.815150260106287305e+01,1.805157850550018139e+01,-1.313405970245137055e+01,-1.607628538290045039e+00,-4.823198598487419414e-02,6.481303308477640357e+00,3.073904853188543118e+00
7.835107990911870957e+01,1.825064187268401383e+01,-1.314837325324248241e+01,-1.618511975190102481e+00,-4.365348309621205902e-02,6.575276107367773903e+00,3.212674141410603035e+00
7.855078987818811243e+01,1.844971803041403646e+01,-1.316427152890854835e+01,-1.630721812625256950e+00,-3.980240452200172613e-02,6.672140735546866708e+00,3.328097969384426147e+00
7.875069218984259578e+01,1.864886277118833746e+01,-1.318165849030912185e+01,-1.645433504672763725e+00,-3.609689812012929072e-02,6.771118884640041635e+00,3.445027575853913948e+00
7.895055801476175361e+01,1.884788050364243972e+01,-1.320005115567987453e+01,-1.657811481603214565e+00,-3.064364063167196450e-02,6.872054824182032284e+00,-2.864180275086801064e+00
7.915044251690048327e+01,1.904684294299545400e+01,-1.321922827543096091e+01,-1.663415442636688057e+00,-2.296997190947458120e-02,6.788234454548614849e+00,-4.038108625468751711e+00
7.935035411549745277e+01,1.924576868835623600e+01,-1.323905742282189735e+01,-1.665734304831549828e+00,-1.547665135273534193e-02,6.668252957759597699e+00,-4.409952452237472897e+00
7.955023877602656057e+01,1.944462811945150094e+01,-1.325927632930333644e+01,-1.666875924398458553e+00,-9.085324363484645685e-03,6.534725228419295817e+00,-4.711129122447365702e+00
7.975009501843007342e+01,1.964346636923609069e+01,-1.327942249643888672e+01,-1.666782739778691624e+00,-3.430949662502154676e-03,6.389016879235757784e+00,-4.959855867712555266e+00
7.994998081432248682e+01,1.984235753163906324e+01,-1.329933824190665170e+01,-1.665581491489393606e+00,1.837198958862004943e-03,6.231912002580001442e+00,-4.817833656563331957e+00
8.014986919682419853e+01,2.004128900604287367e+01,-1.331887369559164291e+01,-1.663277563065402864e+00,7.644574025256517698e-03,6.075415150782301765e+00,-4.571206782680361513e+00
8.034975433596960670e+01,2.024027283022977741e+01,-1.333783435389069005e+01,-1.659837975740140692e+00,1.507253229354279037e-02,5.923110386166897889e+00,-4.308328336539092973e+00
8.054963928851108790e+01,2.043932852804201517e+01,-1.335602290581205054e+01,-1.655275162121631727e+00,2.373052715236262031e-02,5.775889250717472834e+00,-4.020314253070636390e+00
8.074952247789092041e+01,2.063847034830296678e+01,-1.337322246452182384e+01,-1.649705555464827000e+00,3.400187698636533001e-02,5.635043049181406971e+00,-3.748568482054871698e+00
8.094940473853117169e+01,2.083771104450965694e+01,-1.338922443607944501e+01,-1.643137705841394958e+00,4.466779462090279124e-02,5.500469569174239126e+00,-3.528167262081754352e+00
8.114928911050722604e+01,2.103706234964182187e+01,-1.340381276368636421e+01,-1.635552642363164777e+00,5.449292065791247475e-02,5.370727556541703862e+00,-3.335427527280078408e+00
8.134917591320859742e+01,2.123652758837969756e+01,-1.341678783322062074e+01,-1.626924104552109673e+00,6.413991932823390196e-02,5.245121409315147254e+00,-3.161879155198179081e+00
8.154904904262750165e+01,2.143609079438363452e+01,-1.342791413867825412e+01,-1.617172533213110386e+00,7.384063157881001760e-02,5.123216688299294219e+00,-3.009356641236777374e+00
8.174892439709250880e+01,2.163576134416366159e+01,-1.343696006997647174e+01,-1.605973344238500244e+00,8.347762239420848662e-02,5.004433712670272705e+00,-2.866755573801225587e+00
8.194881602545214605e+01,2.183553660995660906e+01,-1.344377962022744022e+01,-1.592791149587429844e+00,9.344793051500778491e-02,4.888586288999956508e+00,-2.731213483019930610e+00
8.214870014887382865e+01,2.203537220349837256e+01,-1.344818397601101445e+01,-1.577067875316242596e+00,1.038648834678994048e-01,4.775607131992380516e+00,-2.605810201883604016e+00
8.234857544033836518e+01,2.223523991082829454e+01,-1.344992515512754494e+01,-1.558256612620144477e+00,1.145976808681728881e-01,4.665270552918766356e+00,-2.479728415010327591e+00
8.254845061288142460e+01,2.243511099106343565e+01,-1.344864613802280928e+01,-1.535854441323991182e+00,1.261354360491885040e-01,4.557793001257380183e+00,-2.357227775879724874e+00
8.274831650756102874e+01,2.263491011364279615e+01,-1.344348024288312793e+01,-1.509504426136286881e+00,1.383057864235246459e-01,4.453225591134043704e+00,-2.247036381351725787e+00
8.294816883747760983e+01,2.283449530561908247e+01,-1.343315043567884892e+01,-1.479243334747362137e+00,1.506868158503278099e-01,4.351214457262499558e+00,-2.133877453326198825e+00
8.314800908899194098e+01,2.303362679412447278e+01,-1.341633447864573192e+01,-1.445569454464869841e+00,1.640536536299113113e-01,4.252081612474441386e+00,-2.006235913961005757e+00
8.334781833760014536e+01,2.323191968459209633e+01,-1.339176487508019875e+01,-1.409322573938374346e+00,1.790531369201760481e-01,4.156737790400614863e+00,-1.860436223509845055e+00
8.354755032893586986e+01,2.342882074273108017e+01,-1.335825604539780009e+01,-1.371683720359723635e+00,1.959181498998337490e-01,4.066361001533816300e+00,-1.704322200360241402e+00
8.374727612781362041e+01,2.362379656156472407e+01,-1.331495679820449496e+01,-1.333064801353972983e+00,2.141775723204434878e-01,3.981770657480289799e+00,-1.542126228185581427e+00
8.394720205155989845e+01,2.381655463435458486e+01,-1.326190304847705548e+01,-1.292005318293447225e+00,2.334888325315025159e-01,3.903572152191411071e+00,-1.365383802077360320e+00
8.414750063185397266e+01,2.400704077705150041e+01,-1.319997929933127168e+01,-1.248057606009754128e+00,2.542127780820381822e-01,3.832871857124766635e+00,-1.178188358696553362e+00
8.434784690405398067e+01,2.419502455088385062e+01,-1.313069200208142817e+01,-1.201711585568376650e+00,2.758184515352016808e-01,3.770784451796529435e+00,-9.973951622244834336e-01
8.454769080750621413e+01,2.438042883159163310e+01,-1.305610756374300863e+01,-1.151024364442486236e+00,2.968563501467704757e-01,3.717548748423322724e+00,-8.371511335837886758e-01
8.474734157916294919e+01,2.456338438190508100e+01,-1.297618449302725452e+01,-1.096801428661736910e+00,3.160968932439821577e-01,3.672314387042206363e+00,-6.890097873143421481e-01
8.494722651793532009e+01,2.474229537892671971e+01,-1.288705063922994576e+01,-1.040738019661003211e+00,3.339016471347859838e-01,3.634617944017690672e+00,-5.518155952660506181e-01
8.514704610537441454e+01,2.491528987230816483e+01,-1.278704677538445367e+01,-9.797164372795978959e-01,3.501318129936601409e-01,3.604153225072200151e+00,-4.300807519852544725e-01
8.534716406199551386e+01,2.508188865471071338e+01,-1.267617729236864932e+01,-9.111245644154036816e-01,3.643311715719095290e-01,3.580193668959771980e+00,-3.213680554444439119e-01
8.554786383125393456e+01,2.523846025739736731e+01,-1.255061563176911044e+01,-8.339518423337598518e-01,3.766026587811772686e-01,3.562132748524426074e+00,-2.160410046197399070e-01
8.574750949210176998e+01,2.538273472206619985e+01,-1.241261828128770084e+01,-7.497570812253838701e-01,3.875380882116941095e-01,3.550003721101586240e+00,-1.230421281663269112e-01
8.594662528883026198e+01,2.551691251752022538e+01,-1.226550125401377400e+01,-6.593743894688161022e-01,3.964589242179223372e-01,3.543095702499876598e+00,-5.621956941727215828e-02
8.614612709180464378e+01,2.563692238741480978e+01,-1.210613187013494851e+01,-5.608031352624578414e-01,4.025011614114059055e-01,3.539928720490105540e+00,-1.478988667434274866e-02
8.634622054376229983e+01,2.573840173516874685e+01,-1.193368091625017691e+01,-4.556190148318823852e-01,4.059990740797397302e-01,3.539092627665070268e+00,0.000000000000000000e+00
8.654568018579381317e+01,2.581872761198211208e+01,-1.175111064946638351e+01,-3.491137755268380882e-01,4.071798867033503133e-01,3.539092627665070268e+00,0.000000000000000000e+00
8.674490842241559108e+01,2.588047748417765348e+01,-1.156169353421209323e+01,-2.458459685715177478e-01,4.069890201255420004e-01,3.539092627665070268e+00,2.390637599271693611e-03
8.694383153750042936e+01,2.592060052033171047e+01,-1.136685886664793621e+01,-1.444069304205306548e-01,4.055774521160610546e-01,3.539226996584116325e+00,1.968502902764094481e-02
8.714415969399243522e+01,2.593285019984342554e+01,-1.116690558301561609e+01,-4.584982352746691525e-02,4.019538495379858523e-01,3.540341037880534891e+00,6.190455543825029716e-02
8.734471872577940132e+01,2.591949470862376259e+01,-1.096679172521059797e+01,4.716173878775009598e-02,3.958874795511103106e-01,3.543846173284729062e+00,1.281102297933790213e-01
8.754438967917096193e+01,2.588670960047033631e+01,-1.076983074858918066e+01,1.338582355458288742e-01,3.872730738504345793e-01,3.551056952985819137e+00,2.164844151926199056e-01
8.774387190681535742e+01,2.584383014360342656e+01,-1.057501157262138669e+01,2.161936483935777975e-01,3.763903565004453888e-01,3.563197310020140840e+00,3.212068610886023579e-01
8.794354090900239385e+01,2.579073231265315869e+01,-1.038253214311593986e+01,2.929158985004070015e-01,3.633609091131135282e-01,3.581151375889205291e+00,4.400252694201239878e-01
8.814347766857551392e+01,2.572466270549326950e+01,-1.019382730788817604e+01,3.610186224129696697e-01,3.476964280637697691e-01,3.605634428228885913e+00,5.797379459515928923e-01
8.834337616980161556e+01,2.564758138728709014e+01,-1.000938793796939486e+01,4.213482251724101069e-01,3.296457751167839456e-01,3.637633450889284248e+00,7.380027866416042359e-01
8.854342854188986678e+01,2.555996269487636852e+01,-9.829543793448722866e+00,4.767559731067465556e-01,3.103045784268302909e-01,3.677996130935902830e+00,9.023065508115313271e-01
8.874338523441922177e+01,2.546179341192541656e+01,-9.655344279177946021e+00,5.302158828329313067e-01,2.911345714545668928e-01,3.726727788056857449e+00,1.056577502526329759e+00
8.894326059255472217e+01,2.535371503347135302e+01,-9.487209741082594405e+00,5.806362757467220526e-01,2.720245905353147475e-01,3.782970740001288412e+00,1.207092095544405774e+00
8.914317080389233183e+01,2.523729448491296878e+01,-9.324697130893692787e+00,6.271718060899451608e-01,2.531650837847531643e-01,3.846230322218673336e+00,1.354805449098927417e+00
8.934299652025565308e+01,2.511329314158128412e+01,-9.168000022521995973e+00,6.715121918168853732e-01,2.349663418011394556e-01,3.915984886379491936e+00,1.496805803247415856e+00
8.954285384639108258e+01,2.498168738918590037e+01,-9.017590991056307459e+00,7.142471612561744898e-01,2.174549654463952542e-01,3.991645380230392171e+00,1.635239402999059122e+00
8.974278679594469565e+01,2.484521037064630988e+01,-8.871484154365637309e+00,7.549361552579298973e-01,2.001965074059893490e-01,4.072727503240357372e+00,1.779318647045432300e+00
8.994270948478961714e+01,2.470552738771369050e+01,-8.728453577935185947e+00,7.932311114489025705e-01,1.836992034367866400e-01,4.159153958692666464e+00,1.922268003905451383e+00
9.014269023201451603e+01,2.456179413335099326e+01,-8.589410236307704949e+00,8.291805734629291713e-01,1.689482057794287062e-01,4.250575824013015591e+00,2.047546059402687746e+00
9.034255421229794081e+01,2.441302788333779716e+01,-8.455940339058384936e+00,8.622037181023913810e-01,1.559839287394583218e-01,4.345786033179227736e+00,2.154109945112883118e+00
9.054236099706544394e+01,2.425889887801412925e+01,-8.328790817010265357e+00,8.913887834384448539e-01,1.442260483946646021e-01,4.443722292235764648e+00,2.252016132727569619e+00
9.074217913074764397e+01,2.409986755053263963e+01,-8.207810143232537214e+00,9.180207804259024051e-01,1.330457850420781463e-01,4.543859057215654751e+00,2.353049559491190212e+00
9.094201542947460837e+01,2.393679002919011722e+01,-8.092310063917963703e+00,9.430639743637825312e-01,1.227094773885952644e-01,4.646192480001277048e+00,2.451057680959669582e+00
9.114187492557253734e+01,2.377067119340171431e+01,-7.981186931417020958e+00,9.662265559697784667e-01,1.133187933802996261e-01,4.750456700914925001e+00,2.542753049153585465e+00
9.134177990402542946e+01,2.360249507142467351e+01,-7.873118469750272297e+00,9.864851279325055344e-01,1.044686247651686467e-01,4.856280145777392754e+00,2.636268695225543635e+00
9.154169969042337129e+01,2.343314916383141622e+01,-7.766864601233321785e+00,1.003176511362272372e+00,9.606497179119230512e-02,4.963621802992838283e+00,2.733195280102470814e+00
9.174162044457224852e+01,2.326306843568201899e+01,-7.661789133822383135e+00,1.016517900752621273e+00,8.823795190763614182e-02,5.072512821710198239e+00,2.829603408764938433e+00
9.194149049908769200e+01,2.309234775365097292e+01,-7.557854118457673742e+00,1.027288987993673963e+00,8.111283084590178993e-02,5.182807376465794036e+00,2.921188318676022799e+00
9.214128992663164297e+01,2.292068399759702046e+01,-7.455622195340005476e+00,1.036421746222800255e+00,7.464230299315571804e-02,5.294222871129179886e+00,3.007866130677335548e+00
9.234116524039220053e+01,2.274808185586742582e+01,-7.354832107924441864e+00,1.044924144482873185e+00,6.893296702051943114e-02,5.406587850245758275e+00,3.085007193318423990e+00
9.254111970451577918e+01,2.257483089152672662e+01,-7.255002798210482773e+00,1.053327491999817234e+00,6.414057262986530561e-02,5.519503066648282719e+00,3.145962964330603295e+00
9.274103706182410178e+01,2.240102662039402048e+01,-7.156215020175090480e+00,1.062092136934543074e+00,5.976813135370052238e-02,5.632297870920662142e+00,3.203988759488098026e+00
9.294091945856770565e+01,2.222643340586489913e+01,-7.058900160218573916e+00,1.071191141168207128e+00,5.561439438557171794e-02,5.744877823901003211e+00,3.264523593788854594e+00
9.314074801569191209e+01,2.205089692465296380e+01,-6.963409867486421767e+00,1.080185596217655863e+00,5.189528988496506373e-02,5.857329706482213183e+00,3.319560240119063366e+00
9.334060385707989838e+01,2.187419386615937711e+01,-6.870037567226042086e+00,1.089145721459868987e+00,4.888256397974129891e-02,5.969520776418593577e+00,3.358061116816197789e+00
9.354051244536302079e+01,2.169653818723011796e+01,-6.778375669942954040e+00,1.098285463037149690e+00,4.666290693886428892e-02,6.080936508018777609e+00,3.374508881741428823e+00
9.374037724318981191e+01,2.151796294691012790e+01,-6.688615874070841905e+00,1.107684431465167041e+00,4.503416778684084243e-02,6.190854535957337923e+00,3.373989867329124426e+00
9.394025879819776037e+01,2.133849406565033746e+01,-6.600618392903749410e+00,1.117495338355840140e+00,4.366734682176833665e-02,6.298847241194941660e+00,3.367477204390169288e+00
9.414015347867112382e+01,2.115825447583392460e+01,-6.514180128550760784e+00,1.127577614007741147e+00,4.252516155787724322e-02,6.404823036388664015e+00,3.355543108241820338e+00
9.434004847618831491e+01,2.097730839204535513e+01,-6.429229997332632784e+00,1.137776584025112836e+00,4.153094941295840808e-02,6.508707297923033153e+00,3.340613148004622168e+00
9.453998289838426672e+01,2.079568988291249454e+01,-6.345632806475593135e+00,1.147803126031227361e+00,4.050877968860987915e-02,6.610527801098002421e+00,3.329803684436182909e+00
9.473986139791090011e+01,2.061341751673391798e+01,-6.263607206199322874e+00,1.156955443474457557e+00,3.923441928583945582e-02,6.710453795192716342e+00,3.333266639627519012e+00
9.493969920755448300e+01,2.043017163271650105e+01,-6.183882077451714920e+00,1.165393270632525624e+00,3.766197437770581191e-02,6.808995193555269054e+00,3.353899893623296435e+00
9.513953055173330142e+01,2.024591042380818706e+01,-6.106549205993577978e+00,1.173688012796861635e+00,3.601328519464214867e-02,6.906724563338735301e+00,3.382063867452160366e+00
9.533938511433086660e+01,2.006061900642060181e+01,-6.031656370331131889e+00,1.181902630352476002e+00,3.434111983361220338e-02,7.003905052443242241e+00,3.415407150235613365e+00
9.553935155502973942e+01,1.987462870466378106e+01,-5.958211254372471899e+00,1.189720505524025196e+00,3.269828322784760349e-02,7.100747820221482876e+00,3.451332299587013264e+00
9.573931539840486948e+01,1.968850625066148297e+01,-5.885108786743031395e+00,1.196550695188559388e+00,3.118823917013055155e-02,7.197284414913752038e+00,3.484421049592854480e+00
9.593917517137059292e+01,1.950227976964286114e+01,-5.812557931356418628e+00,1.201857651305875407e+00,2.970971254527931746e-02,7.293400725925978101e+00,3.519630637613543556e+00
9.613902175794370919e+01,1.931554305989973130e+01,-5.741367627246694916e+00,1.206424303066793602e+00,2.802659782685863049e-02,7.389212846223068176e+00,3.569734684615922138e+00
9.633892320819309418e+01,1.912823104596895973e+01,-5.671547864650372084e+00,1.210952146016794018e+00,2.597855091891942969e-02,7.485162440970038134e+00,3.644482665792316389e+00
9.653884814680542092e+01,1.894064839644965303e+01,-5.602390575240952408e+00,1.215269172393458774e+00,2.385519493780715455e-02,7.581879893151365124e+00,3.728686439772522565e+00
9.673872783654167051e+01,1.875320131278078506e+01,-5.532996906991649588e+00,1.218939315182276051e+00,2.214102630222781337e-02,7.679549471914606684e+00,3.794222344105742994e+00
9.693855619338359020e+01,1.856599209300288678e+01,-5.463110712158253612e+00,1.221752166816255425e+00,2.085856222845952276e-02,7.777651735878573724e+00,3.838226637780625783e+00
9.713842982285102323e+01,1.837835219127195430e+01,-5.394257716327341079e+00,1.224155668032868238e+00,1.962031066501426085e-02,7.875670581114893487e+00,3.883026939687779233e+00
9.733838834921029104e+01,1.818976287198564634e+01,-5.327793583782821862e+00,1.226430988881002104e+00,1.808622904828300487e-02,7.973648837990370275e+00,1.052776001001092476e+00
9.753829992014966876e+01,1.800082854060163129e+01,-5.262460172575946338e+00,1.229003173434971341e+00,1.711402344911495607e-02,8.000000000000000000e+00,0.000000000000000000e+00
9.773809288930078765e+01,1.781231035456497480e+01,-5.196292778372552768e+00,1.232365448729921820e+00,1.753489346540195240e-02,8.000000000000000000e+00,-3.842220022244340338e+00
9.793793151627733096e+01,1.762413676308623423e+01,-5.129015915322457708e+00,1.236265659520251248e+00,1.916992105437485133e-02,7.903439254680574066e+00,-3.902311752128359235e+00
9.813784547938141145e+01,1.743567950323997096e+01,-5.062311688655638520e+00,1.239619358604516108e+00,1.912627904074734597e-02,7.804107818140046504e+00,-3.934553602440775677e+00
9.833774097500985079e+01,1.724683325768110365e+01,-4.996773114435097085e+00,1.241630865056059463e+00,1.836992074847538028e-02,7.702668352738642810e+00,-3.982677415319961778e+00
9.853763790933125222e+01,1.705756076093921436e+01,-4.932471432278362933e+00,1.243168880913065877e+00,1.935131353836909776e-02,7.598608408179379659e+00,-3.868198260217215356e+00
9.873752709058994981e+01,1.686787790371398543e+01,-4.869415120467846414e+00,1.245468477749611225e+00,2.192113401339716022e-02,7.496160869037703733e+00,-3.716106438288548031e+00
9.893738778420664914e+01,1.667805482317955068e+01,-4.806873174948318450e+00,1.248779406769868761e+00,2.529645277151739910e-02,7.396419441450870380e+00,-3.634175024559711975e+00
9.913724239462038668e+01,1.648822962014163451e+01,-4.744357116249450002e+00,1.252123998856226716e+00,2.752495145717433894e-02,7.297561735707001063e+00,-3.630135773147539435e+00
9.933711200066613856e+01,1.629842628015488515e+01,-4.681726839619370750e+00,1.254205828488231589e+00,2.837394984757563715e-02,7.197450914922016274e+00,-3.629882639606353489e+00
9.953699398825523303e+01,1.610853772434792930e+01,-4.619315740156902272e+00,1.258137123771973176e+00,2.875347562958288292e-02,7.095928646715132793e+00,-3.651778107634372272e+00
9.973688981172941226e+01,1.591844996072646090e+01,-4.557469298352964771e+00,1.266649822714464690e+00,2.887154844102709714e-02,6.992299548455527258e+00,-3.677101128465729563e+00
9.993672965900853455e+01,1.572815083108771894e+01,-4.496459415388961212e+00,1.278493117800359791e+00,3.000466364130249114e-02,6.886406197680063457e+00,-3.564955701833987689e+00
1.001366020179473395e+02,1.553760822036092470e+01,-4.436106508539502613e+00,1.282885302172308783e+00,3.337232879730819834e-02,6.782147013164090410e+00,-3.464079966613171191e+00
1.003368785913865935e+02,1.534707656091492112e+01,-4.374394332939222529e+00,1.284389456584373868e+00,3.667162372555827360e-02,6.679069544218334542e+00,-3.440852560833460583e+00
1.005366981437814644e+02,1.515549640251434482e+01,-4.317606161402385290e+00,1.292629790420391167e+00,3.837521451533604938e-02,6.575322861987837442e+00,-3.440674228223798536e+00
1.007357878273029286e+02,1.496190104630831463e+01,-4.271156832665189640e+00,1.306573287510055081e+00,3.935650924700678094e-02,6.470306426513730003e+00,-3.410667841302794656e+00
1.009354242233260379e+02,1.476623063207771480e+01,-4.231561635836284196e+00,1.322879628598812474e+00,4.170873489654115807e-02,6.364202886555839989e+00,-3.269560226644241396e+00
1.011366279825506780e+02,1.457255198050601663e+01,-4.177049869661486170e+00,1.334191984258447761e+00,4.670992662047147859e-02,6.259982648859444332e+00,-3.046874124059001154e+00
1.013370259466579029e+02,1.438132124744435458e+01,-4.117132002951983338e+00,1.339861340351532260e+00,5.407771760583133386e-02,6.161672501952414116e+00,-2.846547847704819834e+00
1.015354281096998932e+02,1.418836377030053342e+01,-4.070971085348099372e+00,1.343950752611776878e+00,6.117412900826989935e-02,6.069323316560273796e+00,-2.761659078598270423e+00
1.017344442526998165e+02,1.399237800452237046e+01,-4.036373328384510017e+00,1.347785046803398057e+00,6.543109611592499986e-02,5.978081301281835458e+00,-2.760180878168099650e+00
1.019342094172256168e+02,1.379477300007957652e+01,-4.007075151356211506e+00,1.356215104728662357e+00,6.592448506610740222e-02,5.885123624040459411e+00,-2.777134708865788060e+00
1.021353926947242741e+02,1.359736682461419477e+01,-3.968274210217717979e+00,1.373031696513198341e+00,6.930356809566914911e-02,5.789408773326453428e+00,-2.544672424628553919e+00
1.023367546051898387e+02,1.340259299642283253e+01,-3.917188254828579019e+00,1.388232772458124042e+00,7.864372434283448121e-02,5.700215236533165530e+00,-2.289775693586693528e+00
1.025364654153121506e+02,1.320895621118940078e+01,-3.868308779747823500e+00,1.396581221937680084e+00,8.899347865925041901e-02,5.619418815613917317e+00,-2.128759038305813700e+00
1.027340765219597074e+02,1.301515978694231634e+01,-3.829668186849724432e+00,1.402803734226869103e+00,9.666805204049190581e-02,5.544054019089687202e+00,-2.082155996585895785e+00
1.029320992400902384e+02,1.281843130529185437e+01,-3.807065058674409475e+00,1.415518140154571114e+00,1.008910613799117173e-01,5.469177871175250338e+00,-2.032551196692135687e+00
1.031342963532442099e+02,1.261741212995249839e+01,-3.785271396437740687e+00,1.438855963287871020e+00,1.054470123310754376e-01,5.393510416967361110e+00,-1.946199262488506054e+00
1.033362138913150687e+02,1.241783242881945704e+01,-3.754634244542654820e+00,1.470391962167383770e+00,1.114259292585202954e-01,5.320151416132950395e+00,-1.838006234820062090e+00
1.035360961026317881e+02,1.222022266495395826e+01,-3.724579633816792246e+00,1.502692534336516950e+00,1.183200399115577894e-01,5.250642016870121331e+00,-1.671331302208579395e+00
1.037343147955742637e+02,1.202324581528320557e+01,-3.702426283604880020e+00,1.528223282504221903e+00,1.274282377476656514e-01,5.187163326609897318e+00,-1.476186974611704006e+00
1.039320374098150239e+02,1.182555614191746507e+01,-3.698817235704238371e+00,1.542038995330033746e+00,1.376676329214256700e-01,5.130585958881292541e+00,-1.344067265119874177e+00
1.041328606831457222e+02,1.162487998759136509e+01,-3.706502819360757872e+00,1.559939717559782668e+00,1.456743668989673723e-01,5.077703448012089282e+00,-1.274004247043579285e+00
1.043327452233201598e+02,1.142532592550732851e+01,-3.717992192995021483e+00,1.598782952769447263e+00,1.513821064360724167e-01,5.027301940380414891e+00,-1.183750732688998220e+00
1.045326368313749441e+02,1.122600249737677736e+01,-3.733052935639813441e+00,1.648398430920980928e+00,1.579099587306719565e-01,4.980012161106257551e+00,-1.045496574620911723e+00
1.047346982332005467e+02,1.102428631671694070e+01,-3.744859398604506229e+00,1.693022519211273114e+00,1.663180494694579958e-01,4.937409454139151777e+00,-9.078943600630606792e-01
1.049361053774324120e+02,1.082293649100145849e+01,-3.749664128771973637e+00,1.726211156779970501e+00,1.745816003730375765e-01,4.900234616543746036e+00,-8.024861430698342346e-01
1.051334275455188987e+02,1.062611072025456771e+01,-3.763651765750439804e+00,1.755736807396747423e+00,1.813633488831925544e-01,4.867812926351406055e+00,-7.150981584463396157e-01
1.053282373848144431e+02,1.043691621620009791e+01,-3.810087884472167286e+00,1.785308040110337835e+00,1.872530381162981206e-01,4.839110080510558021e+00,-6.177090290107246640e-01
1.055311189504193976e+02,1.024577739204392302e+01,-3.878109054430594060e+00,1.816957992889319584e+00,1.934828904814141770e-01,4.813142717758416289e+00,-4.905896019744321324e-01
1.057338779564178139e+02,1.005413002866847272e+01,-3.944309527425148065e+00,1.857204069274215996e+00,2.006936099781247151e-01,4.792431522871441807e+00,-2.931780558546610016e-01
1.059328322700217626e+02,9.864980656328352637e+00,-4.005996915479431486e+00,1.906568089500980001e+00,2.103573696309599117e-01,4.780244954359480936e+00,-1.074754552190968909e-01
1.061324215662254744e+02,9.676287728880245353e+00,-4.071042025135377607e+00,1.955393148703075568e+00,2.188951063183225410e-01,4.775755429536417296e+00,-5.557150805752865408e-02
1.063320925509522397e+02,9.488857573235435439e+00,-4.139878344740067106e+00,1.993412017210333786e+00,2.213862215767836705e-01,4.773431458319410403e+00,-5.242476980963430705e-02
1.065319721091539833e+02,9.304025599519345491e+00,-4.215963686818150258e+00,2.027856818593726018e+00,2.201663716133704651e-01,4.771235752676304287e+00,-8.596971556867255559e-02
1.067320135329687929e+02,9.124563256304147885e+00,-4.304336978086318766e+00,2.067692299567925218e+00,2.195836181265465870e-01,4.767629977148184039e+00,-7.478553269851608010e-02
1.069318811669763676e+02,8.950761341411000771e+00,-4.403028241647276353e+00,2.113441848238286624e+00,2.213711743047716007e-01,4.764493801448911547e+00,-3.418605430606597856e-02
1.071318637791581523e+02,8.781866303085443803e+00,-4.510114707664508948e+00,2.163891022495556982e+00,2.232941637330253803e-01,4.763058676015283766e+00,-6.294814828268123497e-03
1.073322451849599588e+02,8.619423369252334766e+00,-4.627439048867866056e+00,2.218972193032601403e+00,2.245485409336873961e-01,4.762793846417810784e+00,0.000000000000000000e+00
1.075322604891466227e+02,8.464604598535247604e+00,-4.754077392755222675e+00,2.276177804760229684e+00,2.248260386359988705e-01,4.762793846417810784e+00,0.000000000000000000e+00
1.077314127798059644e+02,8.316120414036063835e+00,-4.886795446645689545e+00,2.330534798525082163e+00,2.225204493757017288e-01,4.762793846417810784e+00,5.230045994162645789e-02
1.079308140851141218e+02,8.173414423207470136e+00,-5.026064541351675352e+00,2.382983259341086235e+00,2.170411750434995957e-01,4.764982978294520777e+00,1.720664940465185810e-01
1.081307444162291631e+02,8.039369231526162451e+00,-5.174402074993337486e+00,2.435015235006215750e+00,2.104825507299837584e-01,4.772197125611385538e+00,3.064987194282779992e-01
1.083305300839282808e+02,7.915678926765274959e+00,-5.331293825975162548e+00,2.483817185193484711e+00,2.058988522384041508e-01,4.785011338368319933e+00,3.856712101705701001e-01
1.085301148850035133e+02,7.801769005032529236e+00,-5.495179830719559178e+00,2.528556077221673082e+00,2.020286924678358631e-01,4.801070894273282263e+00,4.431817207015266158e-01
1.087293876925765375e+02,7.694319843724509056e+00,-5.663002146197078090e+00,2.570850495755508724e+00,1.964779681249206877e-01,4.819430450098488805e+00,5.364239442309634009e-01
1.089295970809984198e+02,7.592923623544793443e+00,-5.835636458387702064e+00,2.611185234824298096e+00,1.885146007307022531e-01,4.841663359110708775e+00,6.808965143544395415e-01
1.091296799535016504e+02,7.499416447346304082e+00,-6.012525021806958136e+00,2.648398407548243849e+00,1.786326309252226630e-01,4.869720273680423261e+00,8.638744323716076590e-01
1.093292840757563340e+02,7.411094129952961573e+00,-6.191524948821830243e+00,2.682984255692962616e+00,1.670920048143863523e-01,4.905001665597853666e+00,1.079926548667786479e+00
1.095291146858638882e+02,7.326184763408202016e+00,-6.372419039960602660e+00,2.715743559199447432e+00,1.544248411910733865e-01,4.948802491684323179e+00,1.318035865078055702e+00
1.097293809540846041e+02,7.244836972518181817e+00,-6.555419354453136727e+00,2.746772596661417154e+00,1.416041801012255241e-01,5.001855890553171591e+00,1.557266991136479151e+00
1.099299254139976938e+02,7.167891494546780429e+00,-6.740615126061421769e+00,2.774232158163050688e+00,1.281185880281921485e-01,5.063908064451543289e+00,1.814633922331836846e+00
1.101301111563340243e+02,7.096921812579388700e+00,-6.927798553950201388e+00,2.796837848364998713e+00,1.144197834891794163e-01,5.135142896048632721e+00,2.082785486283763365e+00
1.103295556706062399e+02,7.034014989401116580e+00,-7.117062512143240482e+00,2.816532495756487453e+00,1.017756853728512961e-01,5.215409173030328915e+00,2.331651198512982415e+00
1.105290705458931910e+02,6.979070573116725740e+00,-7.308862659640402271e+00,2.835505585045475563e+00,8.975063965546915823e-02,5.303856242235157836e+00,2.575234535234557143e+00
1.107291428100313055e+02,6.927892230865530188e+00,-7.502278502222576861e+00,2.853150972059714796e+00,7.785121030968120137e-02,5.400125651000998062e+00,2.829753059649518843e+00
1.109293626386735099e+02,6.877027598638799866e+00,-7.695929654994654534e+00,2.867065419615582034e+00,6.632138108134590093e-02,5.504044185142824119e+00,3.090826762190116206e+00
1.111296038767914069e+02,6.825435007668966492e+00,-7.889410294853033356e+00,2.878009508599981281e+00,5.519298138329347542e-02,5.615365023517375320e+00,3.359637009325182166e+00
1.113293583965248246e+02,6.773845411728571797e+00,-8.082387966475005570e+00,2.886954794532507140e+00,4.416464397858015090e-02,5.733631458499496958e+00,3.648108099752548572e+00
1.115286500594463917e+02,6.724763114831244337e+00,-8.275541001763931703e+00,2.893520970099648260e+00,3.313435064473886638e-02,5.859061764594200028e+00,3.962543972693455707e+00
1.117288445835317532e+02,6.676779035040287802e+00,-8.469899885173928666e+00,2.896624891898200271e+00,2.250880164836469022e-02,5.992926160974377581e+00,4.291592698010719076e+00
1.119292378921429787e+02,6.626244316010443391e+00,-8.663816672246969830e+00,2.895162090558258239e+00,1.312806734747818879e-02,6.134751575314475680e+00,4.605922863143040225e+00
1.121286193776530524e+02,6.576343543055873653e+00,-8.856852652371770773e+00,2.892430446003657174e+00,4.599549702562349962e-03,6.282662522849689957e+00,4.918447271542486732e+00
1.123276733187919518e+02,6.530735360466816353e+00,-9.050611175187803781e+00,2.890685168855019693e+00,-3.932858525410714082e-03,6.436607880195034603e+00,4.937061981974737890e+00
1.125271716266558144e+02,6.488518679469101436e+00,-9.245591499031219129e+00,2.887351615224452051e+00,-1.252749459980157659e-02,6.587851852146858533e+00,4.556309339763848776e+00
1.127276408918961437e+02,6.443262877029986235e+00,-9.440885735125352340e+00,2.882075763836675186e+00,-2.082034102256798830e-02,6.725071895298595948e+00,4.158366931335260475e+00
1.129282723527926748e+02,6.389475685497134627e+00,-9.634172881952252965e+00,2.876317780926646250e+00,-2.810941419485857296e-02,6.848006312912559679e+00,3.781803667565570404e+00
1.131278610738518466e+02,6.332786947254018806e+00,-9.825541752279788099e+00,2.869043023847526186e+00,-3.473938763089619991e-02,6.957355904099115307e+00,3.418446848739936872e+00
1.133273680841308533e+02,6.277897740541032334e+00,-1.001734952620171981e+01,2.859540960556850919e+00,-4.135752054083117329e-02,7.054701226663140368e+00,3.041685443050923254e+00
1.135272929419733856e+02,6.222230330700421419e+00,-1.020936798433789505e+01,2.848204533423015050e+00,-4.792906133247538947e-02,7.140379993886160293e+00,2.656335539900284815e+00
1.137272974996318027e+02,6.164130586580113480e+00,-1.040074782344665039e+01,2.836755884003155259e+00,-5.367329845036214464e-02,7.214401214680944641e+00,2.306434442772250293e+00
1.139272670397497933e+02,6.102661935124774395e+00,-1.059103555784712469e+01,2.826714146090455237e+00,-5.765385126792575005e-02,7.278050436487565555e+00,2.046074451571395780e+00
1.141270686125482001e+02,6.038722030358250947e+00,-1.078032992403684176e+01,2.815225437761982086e+00,-6.051199258271740961e-02,7.334005450163646245e+00,1.845202972773462013e+00
1.143268241875492066e+02,5.974674178303512662e+00,-1.096953923245256490e+01,2.800810133264917567e+00,-6.331806902746262011e-02,7.384092029807721502e+00,1.647593993492898923e+00
1.145269149888740969e+02,5.910452604522418163e+00,-1.115904363407932998e+01,2.785424502815675218e+00,-6.587390422624110620e-02,7.428603631201632140e+00,1.464804462307130128e+00
1.147270674060723081e+02,5.843325772796841733e+00,-1.134760391243288780e+01,2.769917632584140144e+00,-6.797965599651507873e-02,7.467966270492191860e+00,1.308739220887464194e+00
1.149268182330268644e+02,5.770767640074414118e+00,-1.153371062978845885e+01,2.754692600572696826e+00,-6.965494342687031382e-02,7.502890356421939799e+00,1.178888936134185883e+00
1.151264763411320615e+02,5.692457962671835681e+00,-1.171737051805274810e+01,2.739132088642173279e+00,-7.042348551034685600e-02,7.534196252407999950e+00,1.102473298678982028e+00
1.153263892454811526e+02,5.610395904404160028e+00,-1.189966420395042412e+01,2.721620108452592834e+00,-7.011164065619844565e-02,7.563392786839198578e+00,1.089269874899032819e+00
1.155263769119017780e+02,5.525939822502186516e+00,-1.208094364831777767e+01,2.701915278900478778e+00,-6.893985320988854637e-02,7.592140115196631456e+00,1.126266081074918324e+00
1.157262988280020863e+02,5.439026191837430524e+00,-1.226098473624464802e+01,2.682055501999619285e+00,-6.756018173160240059e-02,7.621740094933209697e+00,1.175366747676072077e+00
1.159262360386779136e+02,5.349438695529380006e+00,-1.243972748076337709e+01,2.664679671012103235e+00,-6.662308024584555344e-02,7.652510775739910898e+00,1.198491049432873101e+00
1.161261402497006685e+02,5.256892211570229456e+00,-1.261691902088713135e+01,2.650522053844212245e+00,-6.549262882412970610e-02,7.683754810515811329e+00,1.235397511668422238e-01
1.163258742323485393e+02,5.160852071987803491e+00,-1.279204741782312205e+01,2.637558943468599981e+00,-6.357923352609469447e-02,7.686965471573072861e+00,-1.338602152539575041e+00
1.165254914742124583e+02,5.061003257654361320e+00,-1.296489780840863659e+01,2.624007944383467184e+00,-6.118467061627348019e-02,7.652125327114717379e+00,-1.512798500008089020e+00
1.167253140519463699e+02,4.958181184471086134e+00,-1.313623573135192224e+01,2.610313943083711230e+00,-5.870308555812960710e-02,7.612518599658281815e+00,-1.694293733301638349e+00
1.169255495358165007e+02,4.854304073324046342e+00,-1.330741924335132964e+01,2.597858674703728887e+00,-5.661597303115619567e-02,7.567821613855054252e+00,-1.854386378321484008e+00
1.171258045299265689e+02,4.750559109531783619e+00,-1.347870568517836531e+01,2.587511522025230715e+00,-5.499016892022147440e-02,7.518591870330148197e+00,-1.988424684012593646e+00
1.173254908450618075e+02,4.645732057528452863e+00,-1.364866424960094093e+01,2.579256118843576306e+00,-5.335760253724165791e-02,7.465594505225000788e+00,-2.122882385791521109e+00
1.175248900873812232e+02,4.537861128495003449e+00,-1.381636612945628428e+01,2.572604138626639170e+00,-5.147711192093956667e-02,7.408677279914789970e+00,-2.271573022853250468e+00
1.177246683108975418e+02,4.427262547287774019e+00,-1.398273707772034946e+01,2.566670992742119406e+00,-4.976184759070993724e-02,7.347167984450823752e+00,-2.411953873122439695e+00
1.179248524467982691e+02,4.316044374232864023e+00,-1.414918288346098052e+01,2.560375499235431729e+00,-4.894427183306934714e-02,7.281154275792563801e+00,-2.504696957878718599e+00
1.181250063387579843e+02,4.205561670173456612e+00,-1.431608151308490484e+01,2.553405989071979576e+00,-4.939490011401308223e-02,7.211973232014533330e+00,-2.513989346453346041e+00
1.183248589280483429e+02,4.095332553617975435e+00,-1.448278663990906345e+01,2.546639852291222361e+00,-5.069843345776917087e-02,7.141967749760565809e+00,-2.485342964374462227e+00
1.185245567493868606e+02,3.984156147064493947e+00,-1.464867523648279857e+01,2.540826950134601692e+00,-5.227738620274639120e-02,7.072133213401090579e+00,-2.452679821316624764e+00
1.187243063837831301e+02,3.871391215088897830e+00,-1.481355090648289519e+01,2.535240696061952459e+00,-5.398813223473451772e-02,7.002515576054983093e+00,-2.408343657204513821e+00
1.189242041958144824e+02,3.757153162461626117e+00,-1.497758993411610717e+01,2.528359299982936292e+00,-5.599174393046868481e-02,6.933424776941271794e+00,-2.342256549335659965e+00
1.191242064776196941e+02,3.641893714265939330e+00,-1.514104075953132522e+01,2.519298254383898428e+00,-5.850676135653552767e-02,6.865527352550746976e+00,-2.250843639259794582e+00
1.193241593129944533e+02,3.525656894893301363e+00,-1.530373721983866453e+01,2.508312774015991398e+00,-6.162291264682614317e-02,6.799657395289266049e+00,-2.140703984257248838e+00
1.195240270054349168e+02,3.407938135915023370e+00,-1.546525931822179167e+01,2.496125569351848483e+00,-6.521199721411032046e-02,6.736440125336883966e+00,-2.031439884126581052e+00
1.197238814404575749e+02,3.288173153975142426e+00,-1.562525351905158466e+01,2.483122893308923107e+00,-6.885175085632738723e-02,6.675900015848021063e+00,-1.951491547892025169e+00
1.199237368118163403e+02,3.165976535240176304e+00,-1.578339951435558852e+01,2.469015479515387579e+00,-7.190409643821593644e-02,6.617220631472451764e+00,-1.909289036255805261e+00
1.201235664229417921e+02,3.041051929732629944e+00,-1.593936655068485386e+01,2.453056388651920994e+00,-7.416025071874211838e-02,6.559309713247460927e+00,-1.870380821356536050e+00
1.203234111831675079e+02,2.913213198910550084e+00,-1.609297380016050738e+01,2.434882151657346228e+00,-7.639192219509922943e-02,6.502074461335622502e+00,-1.797561572150347953e+00
1.205233352627607815e+02,2.782541474483695598e+00,-1.624428321175320633e+01,2.415018983636260774e+00,-7.946534714360191376e-02,6.446566575713318592e+00,-1.688442740256388630e+00
1.207233029286108064e+02,2.649203652549221299e+00,-1.639330701061525275e+01,2.394485944249538978e+00,-8.344693897559742057e-02,6.393977846984080671e+00,-1.567144635101660244e+00
1.209231921922145290e+02,2.513040924223737260e+00,-1.653964712513960578e+01,2.374020850657400317e+00,-8.775875847962866239e-02,6.344796445401630791e+00,-1.455874031673511260e+00
1.211229460967956442e+02,2.373441313539346620e+00,-1.668252319413707596e+01,2.353619429464092416e+00,-9.184986822602837775e-02,6.298794240866349092e+00,-1.361641995656039494e+00
1.213227172434934431e+02,2.229838503152831830e+00,-1.682139991609597729e+01,2.332906608898118073e+00,-9.553498425426172613e-02,6.255459641228844347e+00,-1.286355489887675674e+00
1.215226850490441279e+02,2.082493487204216009e+00,-1.695659077944057813e+01,2.311906569066234152e+00,-9.875733652700531551e-02,6.214202760942153070e+00,-1.214589140864177130e+00
1.217227403276508539e+02,1.932485285430628918e+00,-1.708895260890461643e+01,2.291422804141338698e+00,-1.018981274780110524e-01,6.174977410174430581e+00,-1.132367136528528606e+00
1.219226688362068955e+02,1.780649475960355721e+00,-1.721901911303212529e+01,2.272924968908417220e+00,-1.053049282045850354e-01,6.138205036545818949e+00,-1.026713717236195977e+00
1.221225105400440754e+02,1.626705615454661968e+00,-1.734644750235393218e+01,2.256936045713413108e+00,-1.092994969712335618e-01,6.104686776032451689e+00,-9.302525071213819663e-01
1.223224591033559960e+02,1.469932528225075918e+00,-1.747055079437716785e+01,2.241248370645253729e+00,-1.130160026452014382e-01,6.074141530194454575e+00,-8.769146115477293169e-01
1.225225337257623295e+02,1.310482792347726688e+00,-1.759140457487112386e+01,2.223148857918030963e+00,-1.155607180645830262e-01,6.045188054085415708e+00,-8.218140789556525050e-01
1.227224198356534401e+02,1.149688522953048686e+00,-1.771014656347344030e+01,2.201645420536692654e+00,-1.181305017728095375e-01,6.017953154575451435e+00,-7.708049127713511028e-01
1.229219420153122542e+02,9.892116433541799925e-01,-1.782870571027374140e+01,2.177526692170591360e+00,-1.205629389174019406e-01,5.992343015723390565e+00,-7.024103078052608140e-01
1.231215877884002055e+02,8.287160840546685669e-01,-1.794744748959770320e+01,2.152110644221455260e+00,-1.234317305134400022e-01,5.968895066947940364e+00,-6.062067991929286359e-01
1.233215226786860796e+02,6.650401318368591719e-01,-1.806226971314008978e+01,2.126393199902892661e+00,-1.269960301081676790e-01,5.948554827894005470e+00,-5.165575708761602769e-01
1.235216087963786435e+02,4.956718085912426575e-01,-1.816880057990767838e+01,2.101324018889927814e+00,-1.302906710543076940e-01,5.931154402190053077e+00,-4.490161691455509252e-01
1.237217868605434603e+02,3.207724678778938743e-01,-1.826617346109546958e+01,2.075765423654155839e+00,-1.328897091743742875e-01,5.915980575321552415e+00,-3.849046495405969437e-01
1.239217995372909655e+02,1.421771878767204289e-01,-1.835622231906160806e+01,2.048038665148965265e+00,-1.353168326134646937e-01,5.902953036327459380e+00,-2.783830848341233288e-01
1.241217790561100571e+02,-3.899332593255945556e-02,-1.844089257873520538e+01,2.016110513171051721e+00,-1.388174284086748367e-01,5.893514462388513842e+00,-1.623593127687413262e-01
1.243215522963494095e+02,-2.220161218695879402e-01,-1.852096756660982280e+01,1.983078826046869025e+00,-1.424238249083418506e-01,5.888008375197243183e+00,-6.953726668496920671e-02
1.245211272249730996e+02,-4.059866544181467973e-01,-1.859833031791140101e+01,1.953042666039699782e+00,-1.452174927588866238e-01,5.885650927155143819e+00,-2.176818361078135255e-02
1.247206983899170893e+02,-5.912646559435639215e-01,-1.867249710311777022e+01,1.922236419334530488e+00,-1.466332510068588391e-01,5.884912763397463387e+00,0.000000000000000000e+00
1.249205852090015725e+02,-7.783970633848633636e-01,-1.874275521673417089e+01,1.892047187872150538e+00,-1.472618043393517928e-01,5.884912763397463387e+00,0.000000000000000000e+00
1.251210163999454181e+02,-9.687938325597138522e-01,-1.880537895497251810e+01,1.860177217506718605e+00,-1.469150065891201562e-01,5.884912763397463387e+00,1.201036843271826617e-02
1.253203990969105348e+02,-1.160374030499601972e+00,-1.886061017446290222e+01,1.825215420046513159e+00,-1.457013618519380771e-01,5.885319664393573902e+00,5.334374321076376657e-02
1.255203264137184505e+02,-1.353526531047520409e+00,-1.891221485969688487e+01,1.791044415914718968e+00,-1.451889072458013019e-01,5.887131499719954419e+00,6.799678496143550521e-02
1.257202233363368293e+02,-1.549442713891515888e+00,-1.895190905287597261e+01,1.760170493502824840e+00,-1.454971598073533379e-01,5.889439870744788585e+00,5.335797379997901657e-02
1.259198218086354899e+02,-1.746333008131475850e+00,-1.898467736345280343e+01,1.731969762964972404e+00,-1.457143857967312939e-01,5.891247943452155411e+00,4.271961533634834746e-02
1.261205096880059813e+02,-1.945594577367514511e+00,-1.900856149943915696e+01,1.701986531133350411e+00,-1.436854101289282148e-01,5.892703025713072584e+00,1.106751539313340360e-01
1.263207785537302499e+02,-2.145466185776199186e+00,-1.902116938310813055e+01,1.671881588652762929e+00,-1.406878447400536636e-01,5.896463221655110942e+00,2.085258290899164313e-01
1.265197619634504349e+02,-2.344141160159345372e+00,-1.903224421483279016e+01,1.642613848453456704e+00,-1.389224939884295129e-01,5.903495988421221696e+00,2.583753634819944134e-01
1.267178115929776538e+02,-2.541688767535942528e+00,-1.904633671552101859e+01,1.615450643696496158e+00,-1.368495164660732955e-01,5.912157573622221385e+00,3.166157593098357093e-01
1.269180881169446451e+02,-2.741359602106777871e+00,-1.906190090114331070e+01,1.588819151834103494e+00,-1.347694667469738483e-01,5.922873338402069088e+00,3.722293466469396295e-01
1.271198876344245718e+02,-2.943119739256783163e+00,-1.906588741746008253e+01,1.564789494955272531e+00,-1.322048048858612268e-01,5.935542097217786583e+00,4.423374703069052893e-01
1.273191331860340512e+02,-3.142320032703057819e+00,-1.906164089805203687e+01,1.543923830168232758e+00,-1.285828320971245109e-01,5.950372050080750874e+00,5.472769817714622231e-01
1.275186278354541258e+02,-3.341712205566862881e+00,-1.905524742107250091e+01,1.520903285541777006e+00,-1.247069633504417213e-01,5.968692084000526421e+00,6.572788650113682296e-01
1.277190227082126626e+02,-3.541594705526676101e+00,-1.904092641420415077e+01,1.494112391081317881e+00,-1.213450384099501594e-01,5.990719140691891376e+00,7.450824000164641969e-01
1.279187688278699540e+02,-3.740305781965298504e+00,-1.902061827744201139e+01,1.465517229676423838e+00,-1.186822637804645225e-01,6.015510822790418821e+00,8.053196359144523253e-01
1.281184957149119441e+02,-3.938582009497466618e+00,-1.899658981508796884e+01,1.441700300293898174e+00,-1.156640535080946247e-01,6.042189870156236431e+00,8.773299766206605899e-01
1.283184842809847623e+02,-4.136466087358260602e+00,-1.896765336248847689e+01,1.420651960480981302e+00,-1.125139777175858669e-01,6.071158897196873738e+00,9.528506307829330835e-01
1.285184652925054536e+02,-4.333406164096557767e+00,-1.893291129658630112e+01,1.397673131486982356e+00,-1.090647400503736153e-01,6.102464618574773070e+00,1.038420963821758969e+00
1.287182761265049180e+02,-4.529315386000707377e+00,-1.889361821632435223e+01,1.375154013299858313e+00,-1.055540027652248775e-01,6.136371072433972174e+00,1.125358754655858107e+00
1.289180369431976203e+02,-4.724759659629079955e+00,-1.885231543443727631e+01,1.353280182829622369e+00,-1.018798898952757298e-01,6.172896816439516599e+00,1.217901933261563263e+00
1.291179228419149467e+02,-4.919953161683848109e+00,-1.880925885234310968e+01,1.331662944208339194e+00,-9.881034044494700630e-02,6.212208782016928943e+00,1.286756996731187597e+00
1.293179704056692572e+02,-5.114641020268599902e+00,-1.876326248853342449e+01,1.311180683388260881e+00,-9.659398147373172983e-02,6.253508067960574124e+00,1.322560681799656690e+00
1.295178943501335027e+02,-5.307732259963946930e+00,-1.871144206087161521e+01,1.292504214086885650e+00,-9.392625499441725756e-02,6.295648199561772351e+00,1.377215389282812508e+00
1.297176876646609855e+02,-5.498802923695360612e+00,-1.865305225019275071e+01,1.275070236753703679e+00,-9.037197283854576935e-02,6.339203665093235962e+00,1.468356804662887649e+00
1.299175385890551411e+02,-5.688463586274162154e+00,-1.859005046409608752e+01,1.257514462724619531e+00,-8.637316966470311164e-02,6.385327559102679018e+00,1.578357882978568716e+00
1.301174228461460700e+02,-5.877112241634931955e+00,-1.852397928230429613e+01,1.239597110118340506e+00,-8.352915129742621847e-02,6.434546279479364195e+00,1.641610321384801452e+00
1.303173075973290906e+02,-6.064881332195044550e+00,-1.845544693676054848e+01,1.222085204772016986e+00,-8.133824507103694368e-02,6.485341283542501500e+00,1.678941753483241150e+00
1.305172067929896969e+02,-6.251877602101511222e+00,-1.838479225916007920e+01,1.206606459161021938e+00,-7.861947150100086212e-02,6.536886856614953167e+00,1.740520029028815197e+00
1.307171118229743172e+02,-6.438093871432499782e+00,-1.831209066323813772e+01,1.193478105607873818e+00,-7.589112953345354684e-02,6.589898875807501000e+00,1.804293585708882208e+00
1.309169895620161981e+02,-6.623428094229414143e+00,-1.823724190623605423e+01,1.181534590443104715e+00,-7.311461953351862386e-02,6.644399403883505251e+00,1.872132600857410178e+00
1.311168563081809850e+02,-6.807804462229391618e+00,-1.816009223905833636e+01,1.169776051081480084e+00,-7.010418218192127071e-02,6.700477411421683627e+00,1.952574767475721229e+00
1.313167744066002740e+02,-6.991384857084209870e+00,-1.808093742429303319e+01,1.157770709881405846e+00,-6.702424661528819105e-02,6.758484120721350408e+00,2.038526274871422128e+00
1.315167085969296181e+02,-7.174186656943819074e+00,-1.799996099296430074e+01,1.145414917740994909e+00,-6.412332468180524658e-02,6.818522553347291293e+00,2.118762370213369550e+00
1.317166353491627717e+02,-7.356087501456244127e+00,-1.791699841691846373e+01,1.132832953525768627e+00,-6.136723377304435789e-02,6.880366586844540500e+00,2.194909250699020653e+00
1.319165408608200778e+02,-7.536938167871245930e+00,-1.783182066132333787e+01,1.120223781096929550e+00,-5.841881305301600824e-02,6.943845712785640778e+00,2.283220483423559877e+00
1.321163861960970110e+02,-7.716495961999902065e+00,-1.774408722072283950e+01,1.107776365113906536e+00,-5.516769678119180093e-02,7.009249261441157230e+00,2.389634491880395117e+00
1.323162174430141249e+02,-7.894655548546210433e+00,-1.765357927098304103e+01,1.095486596618459707e+00,-5.181460718723757131e-02,7.077048995830866218e+00,2.504884959591146210e+00
1.325160863942633114e+02,-8.071490896397440551e+00,-1.756042962029243171e+01,1.083376590727155975e+00,-4.880447299433882113e-02,7.147441496727156895e+00,2.606778599451368361e+00
1.327159765747097708e+02,-8.247099329099322418e+00,-1.746494264420195108e+01,1.071764547162110670e+00,-4.628659634385058619e-02,7.219976373811337389e+00,2.687169582358779341e+00
1.329158497331745536e+02,-8.421544944096014618e+00,-1.736738237112364303e+01,1.060990352338162079e+00,-4.404524551085878953e-02,7.293986905794867859e+00,2.756694058043067219e+00
1.331157296177187561e+02,-8.594927853443929067e+00,-1.726793220776804461e+01,1.051407919188307449e+00,-4.192192266584975069e-02,7.369142444138099712e+00,2.823460996678168300e+00
1.333156006196694818e+02,-8.767381239877506616e+00,-1.716689633825437866e+01,1.043238296393830922e+00,-3.983747789044474186e-02,7.445328489646875880e+00,2.891692421749030739e+00
1.335154606949386107e+02,-8.939000526833435600e+00,-1.706447138996874457e+01,1.036158823501882598e+00,-3.762116236139109726e-02,7.522551697986475716e+00,2.971064167463421501e+00
1.337153506950282349e+02,-9.110035628288645881e+00,-1.696101605561598902e+01,1.029742852549371701e+00,-3.514243373530971659e-02,7.601089137898618731e+00,3.069591206424036933e+00
1.339152376274502956e+02,-9.280663725026338184e+00,-1.685689670891818537e+01,1.023973960514243942e+00,-3.244554704413731006e-02,7.681386490885879326e+00,3.185592727059113116e+00
1.341151884186604377e+02,-9.451093565950840159e+00,-1.675233099643073942e+01,1.019053573905495558e+00,-2.973158340265681307e-02,7.763866433347595297e+00,3.307850854345952829e+00
1.343151475132101780e+02,-9.621380932153192234e+00,-1.664751757932674892e+01,1.014946292631520031e+00,-2.714150816433723995e-02,7.848598073435960387e+00,3.428069751099411810e+00
1.345149523741591224e+02,-9.791127849371749292e+00,-1.654212324098915587e+01,1.011501140556434475e+00,-2.468813935284152813e-02,7.935387937475142373e+00,2.577176006422533305e+00
1.347147094491916732e+02,-9.960138385884247825e+00,-1.643564165773030084e+01,1.008438485820636110e+00,-2.238433317014482463e-02,8.000000000000000000e+00,0.000000000000000000e+00
1.349145896514764331e+02,-1.012867451746693526e+01,-1.632818158320704427e+01,1.005455204043209427e+00,-2.024922003711207563e-02,8.000000000000000000e+00,0.000000000000000000e+00
1.351145502617322620e+02,-1.029702500837812806e+01,-1.622028182480210390e+01,1.002185058362713210e+00,-1.829564849110034558e-02,8.000000000000000000e+00,0.000000000000000000e+00
1.353144763386835621e+02,-1.046523079372493470e+01,-1.611222049952335666e+01,9.985126882422812322e-01,-1.656980542491599123e-02,8.000000000000000000e+00,0.000000000000000000e+00
1.355143719858955933e+02,-1.063324989916709917e+01,-1.600392530119611934e+01,9.950170460203935363e-01,-1.510576710624946840e-02,8.000000000000000000e+00,0.000000000000000000e+00
1.357142880608301425e+02,-1.080105887984513835e+01,-1.589526719969865454e+01,9.923442788245053769e-01,-1.398096160769319793e-02,8.000000000000000000e+00,0.000000000000000000e+00
1.359141556263136295e+02,-1.096848889908693359e+01,-1.578611486399762143e+01,9.905164324676167809e-01,-1.324237103745545992e-02,8.000000000000000000e+00,0.000000000000000000e+00
1.361139286546013523e+02,-1.113526002846047724e+01,-1.567613007760093424e+01,9.889186109677425840e-01,-1.275252376117605099e-02,8.000000000000000000e+00,0.000000000000000000e+00
1.363137364040454429e+02,-1.130145873822511859e+01,-1.556521963800896025e+01,9.869831691062658230e-01,-1.223572615139591722e-02,8.000000000000000000e+00,0.000000000000000000e+00
1.365136627279986214e+02,-1.146751929023104566e+01,-1.545388937223669501e+01,9.846809794714137531e-01,-1.156741186703206560e-02,8.000000000000000000e+00,0.000000000000000000e+00
1.367136810597050385e+02,-1.163384088434268548e+01,-1.534278374523795385e+01,9.822788466317726730e-01,-1.092192249901179947e-02,8.000000000000000000e+00,0.000000000000000000e+00
1.369136727963556552e+02,-1.180047790261854956e+01,-1.523219984555692186e+01,9.800401794453321713e-01,-1.055268512416221958e-02,8.000000000000000000e+00,0.000000000000000000e+00
1.371135090800439684e+02,-1.196697954579550149e+01,-1.512169308966512205e+01,9.782675263323548087e-01,-1.037585787040986966e-02,8.000000000000000000e+00,0.000000000000000000e+00
1.373132716971238096e+02,-1.213292643992574149e+01,-1.501048728266243870e+01,9.769972949385077321e-01,-1.002669087196813094e-02,8.000000000000000000e+00,0.000000000000000000e+00
1.375131151250751032e+02,-1.229836477428184516e+01,-1.489838218366686995e+01,9.757705983411808504e-01,-9.417726787105951125e-03,8.000000000000000000e+00,0.000000000000000000e+00
1.377130247271117867e+02,-1.246351064304582756e+01,-1.478572921647711880e+01,9.738512548840532190e-01,-8.801039148102252768e-03,8.000000000000000000e+00,0.000000000000000000e+00
1.379129356425609672e+02,-1.262849126872237093e+01,-1.467283206298285059e+01,9.710350214821059645e-01,-8.426665221040139167e-03,8.000000000000000000e+00,0.000000000000000000e+00
1.381128538778554002e+02,-1.279340605909971984e+01,-1.455982581219099714e+01,9.680728940869585131e-01,-8.260911303240896925e-03,8.000000000000000000e+00,0.000000000000000000e+00
1.383127941775208001e+02,-1.295829184535753242e+01,-1.444673823143856950e+01,9.660316111964082353e-01,-8.122581060237601611e-03,8.000000000000000000e+00,0.000000000000000000e+00
1.385126627119189493e+02,-1.312292655002904596e+01,-1.433341195443189697e+01,9.652581747116935063e-01,-7.946971615745725831e-03,8.000000000000000000e+00,0.000000000000000000e+00
1.387124265961828939e+02,-1.328687599234918615e+01,-1.421927961975351451e+01,9.647759885493001342e-01,-7.653292982406528430e-03,8.000000000000000000e+00,0.000000000000000000e+00
1.389122284038236330e+02,-1.345017812649005684e+01,-1.410415718353212178e+01,9.632688045809634225e-01,-7.170657849526782673e-03,8.000000000000000000e+00,0.000000000000000000e+00
1.391121591777411481e+02,-1.361341134740184167e+01,-1.398871356114432807e+01,9.607055600421992025e-01,-6.683312759039650858e-03,8.000000000000000000e+00,0.000000000000000000e+00
1.393122192371864116e+02,-1.377729729981433593e+01,-1.387397288837703080e+01,9.584290525199574695e-01,-6.449881993903256762e-03,8.000000000000000000e+00,0.000000000000000000e+00
1.395122554723065491e+02,-1.394202193347108043e+01,-1.376048152118249135e+01,9.573678619887902030e-01,-6.411854507759812312e-03,8.000000000000000000e+00,0.000000000000000000e+00
1.397120145996813960e+02,-1.410649899860500689e+01,-1.364711925226334976e+01,9.571604228848844542e-01,-6.165689902528006562e-03,8.000000000000000000e+00,0.000000000000000000e+00
1.399116084024008444e+02,-1.426949911932325321e+01,-1.353192964018898969e+01,9.568292086978620326e-01,-5.454540867931993546e-03,8.000000000000000000e+00,0.000000000000000000e+00
1.401114768439858267e+02,-1.443142332752824153e+01,-1.341476332788549364e+01,9.558940205378854138e-01,-4.514102860670287515e-03,8.000000000000000000e+00,0.000000000000000000e+00
1.403115913267619419e+02,-1.459383576376812641e+01,-1.329785307696036334e+01,9.545115805731190228e-01,-3.832369225185918056e-03,8.000000000000000000e+00,0.000000000000000000e+00
1.405115994298885198e+02,-1.475737268322276208e+01,-1.318270570490357585e+01,9.529114236519800052e-01,-3.622064545023088219e-03,8.000000000000000000e+00,0.000000000000000000e+00
1.407113943745815732e+02,-1.492111026130465312e+01,-1.306821541951317300e+01,9.516833279406911039e-01,-3.587390676058359665e-03,8.000000000000000000e+00,0.000000000000000000e+00
1.409111379998400366e+02,-1.508398246865458958e+01,-1.295258601190268699e+01,9.513740880299264013e-01,-3.223670392689150389e-03,8.000000000000000000e+00,0.000000000000000000e+00
1.411110237490446480e+02,-1.524609239963413820e+01,-1.283564721161428146e+01,9.515496911589722551e-01,-2.373957265960191694e-03,8.000000000000000000e+00,0.000000000000000000e+00
1.413109903705536965e+02,-1.540830171058048315e+01,-1.271870795746898075e+01,9.512126443896029571e-01,-1.465569507614670466e-03,8.000000000000000000e+00,0.000000000000000000e+00
1.415109134505067914e+02,-1.557109854191602416e+01,-1.260266301098256214e+01,9.501379700218901547e-01,-9.188563318919264981e-04,8.000000000000000000e+00,0.000000000000000000e+00
1.417107772308704909e+02,-1.573425547697199001e+01,-1.248722755176652832e+01,9.492027171774917171e-01,-7.159117343284979217e-04,8.000000000000000000e+00,0.000000000000000000e+00
1.419106118929871059e+02,-1.589709421514844045e+01,-1.237139388855776900e+01,9.492294395633531501e-01,-5.770972950685208805e-04,8.000000000000000000e+00,0.000000000000000000e+00
1.421104911841617877e+02,-1.605923279051062735e+01,-1.225450585058972663e+01,9.500268949641501592e-01,-3.289409053876762401e-04,8.000000000000000000e+00,0.000000000000000000e+00
1.423104132555038177e+02,-1.622109403102270520e+01,-1.213716117269769867e+01,9.507109741151094084e-01,3.867628550441529612e-05,8.000000000000000000e+00,0.000000000000000000e+00
1.425103089629574526e+02,-1.638329343837230212e+01,-1.202032947274505226e+01,9.507782712580676865e-01,5.290522920646588238e-04,8.000000000000000000e+00,0.000000000000000000e+00
1.427101794271361257e+02,-1.654601406421662801e+01,-1.190426828036868656e+01,9.504347005920941172e-01,1.041715288512356065e-03,8.000000000000000000e+00,0.000000000000000000e+00
1.429100541754258984e+02,-1.670902378538343669e+01,-1.178860607474811673e+01,9.503815587927597619e-01,1.412965603715682014e-03,8.000000000000000000e+00,0.000000000000000000e+00
1.431099372772090703e+02,-1.687205895602327743e+01,-1.167296530549741007e+01,9.512152067956316515e-01,1.657175857209400131e-03,8.000000000000000000e+00,0.000000000000000000e+00
1.433098233792250653e+02,-1.703499859103645520e+01,-1.155718478416106443e+01,9.525701550014145091e-01,2.020938893872936508e-03,8.000000000000000000e+00,0.000000000000000000e+00
1.435097123619228512e+02,-1.719784571373335424e+01,-1.144126921129313423e+01,9.536945561136009886e-01,2.647783904408540154e-03,8.000000000000000000e+00,0.000000000000000000e+00
1.437096123770306235e+02,-1.736063453608818463e+01,-1.132525276695692895e+01,9.542984272838843651e-01,3.348652629292599506e-03,8.000000000000000000e+00,0.000000000000000000e+00
1.439094999503312522e+02,-1.752345473095519779e+01,-1.120930180273721888e+01,9.545221506617420637e-01,3.867500553893723266e-03,8.000000000000000000e+00,0.000000000000000000e+00
1.441093602914415612e+02,-1.768654671128756206e+01,-1.109378054105784450e+01,9.545790156580009622e-01,4.172143073765625237e-03,8.000000000000000000e+00,0.000000000000000000e+00
1.443092297203119756e+02,-1.784993983846097976e+01,-1.097866983525912943e+01,9.546661965036435937e-01,4.434240974353662740e-03,8.000000000000000000e+00,0.000000000000000000e+00
1.445091148340463008e+02,-1.801343389479098889e+01,-1.086367526044213605e+01,9.550264124976486357e-01,4.792916515646665487e-03,8.000000000000000000e+00,0.000000000000000000e+00
1.447090033258649839e+02,-1.817686715318474455e+01,-1.074858842708423978e+01,9.558477862534373592e-01,5.234633759088772563e-03,8.000000000000000000e+00,0.000000000000000000e+00
1.449089019663659599e+02,-1.834015473584554456e+01,-1.063327740496177043e+01,9.570226912700894317e-01,5.607842167001784832e-03,8.000000000000000000e+00,0.000000000000000000e+00
1.451088177277751470e+02,-1.850328229219323006e+01,-1.051771048919499840e+01,9.581745721128589466e-01,5.778817097100829442e-03,8.000000000000000000e+00,0.000000000000000000e+00
1.453087254731967164e+02,-1.866634046815935832e+01,-1.040205955781037517e+01,9.592917384270536196e-01,5.845353160967260535e-03,8.000000000000000000e+00,0.000000000000000000e+00
1.455085879723259268e+02,-1.882958246256123402e+01,-1.028674663649680276e+01,9.607229982082543529e-01,5.954190203913902087e-03,8.000000000000000000e+00,0.000000000000000000e+00
1.457084279367650197e+02,-1.899326960350301974e+01,-1.017210575688866570e+01,9.625896036255845445e-01,6.143791630992294014e-03,8.000000000000000000e+00,0.000000000000000000e+00
1.459083117014338313e+02,-1.915743769387594853e+01,-1.005807787660719121e+01,9.646905209248584079e-01,6.471670895600402547e-03,8.000000000000000000e+00,0.000000000000000000e+00
1.461082397959427510e+02,-1.932190506721468637e+01,-9.944404106189287162e+00,9.667058437106184066e-01,7.040303643828245417e-03,8.000000000000000000e+00,-1.241799032563817740e+00
1.463081219151150094e+02,-1.948658446239790365e+01,-9.831118809849099804e+00,9.684377099036742820e-01,7.832984330892434413e-03,7.968912921821279305e+00,-4.568532379866292459e+00
1.465079380274226821e+02,-1.965165107289399415e+01,-9.718515555734979827e+00,9.699388818836327530e-01,8.616832507584453252e-03,7.853524075049165276e+00,-4.553284769092294404e+00
1.467077706881338770e+02,-1.981715807208040658e+01,-9.606531067937659429e+00,9.713611613176063031e-01,9.133528864838095368e-03,7.736798457799570983e+00,-4.553278267342411922e+00
1.469076785856273659e+02,-1.998283936169468689e+01,-9.494670092830109098e+00,9.727999922999517324e-01,9.389455855548648963e-03,7.618239810241961507e+00,-4.555040368083691504e+00
1.471076601086523112e+02,-2.014831634034630170e+01,-9.382375929634887868e+00,9.743171456490289373e-01,9.607123835296701997e-03,7.497714984303977204e+00,-4.559920338646834992e+00
1.473076206806676680e+02,-2.031339617875682535e+01,-9.269535877742558938e+00,9.759380846368630458e-01,9.890221368678812561e-03,7.375101452002938096e+00,-4.562041802884274411e+00
1.475074730292363938e+02,-2.047834263118009446e+01,-9.156692494855420250e+00,9.774975828751375495e-01,1.019458154277494595e-02,7.250424255875348223e+00,-4.564076974511166895e+00
1.477072841260537928e+02,-2.064362023509112021e+01,-9.044408087848914590e+00,9.788594224152937784e-01,1.052430752530023224e-02,7.123534616867764235e+00,-4.565939145406995081e+00
1.479071626256068441e+02,-2.080940761043545351e+01,-8.932757020858844044e+00,9.803939065587194968e-01,1.088046532082653436e-02,6.994246157152625543e+00,-4.567709537032418332e+00
1.481070632249233370e+02,-2.097555748931632991e+01,-8.821606369241472123e+00,9.827239909282283747e-01,1.118688362715299263e-02,6.862456087941933625e+00,-4.573121505577426582e+00
1.483069138561511693e+02,-2.114202538454276592e+01,-8.711022850301961995e+00,9.859800661090134533e-01,1.138685263318865194e-02,6.727958168700874708e+00,-4.584510508754051195e+00
1.485068206762186094e+02,-2.130890365597385738e+01,-8.600957509555428260e+00,9.894738667699169987e-01,1.157132650106010990e-02,6.590331652128530671e+00,-4.597400452524877501e+00
1.487067900965802210e+02,-2.147603422547985375e+01,-8.491161599721062103e+00,9.923608341325764748e-01,1.193680540674375672e-02,6.449324947444037726e+00,-4.597893893949801303e+00
1.489066539616515570e+02,-2.164337579724969984e+01,-8.381880480954620793e+00,9.945588567857592821e-01,1.262972981216388749e-02,6.305226925976476160e+00,-4.578796968461965378e+00
1.491063971229571621e+02,-2.181122476594826054e+01,-8.273602809224978927e+00,9.965809074702085546e-01,1.374237039061043837e-02,6.158467327602251018e+00,-4.543996449748444633e+00
1.493061834623123048e+02,-2.197974380845635167e+01,-8.166290583895863264e+00,9.988298109195037355e-01,1.539704190873156069e-02,6.009248121992329494e+00,-4.488784154721432884e+00
1.495061575998590797e+02,-2.214863319374460460e+01,-8.059211028309695379e+00,1.001477809353828796e+00,1.781150882633417143e-02,5.857967353248076492e+00,-4.409007408804906269e+00
1.497062252316411559e+02,-2.231729876448267191e+01,-7.951605347537312518e+00,1.004662558148718965e+00,2.122761921627594472e-02,5.705399387434842318e+00,-4.303789380722629510e+00
1.499061884927351969e+02,-2.248557124966636778e+01,-7.843579070560529054e+00,1.008187285109409359e+00,2.582551855724865217e-02,5.552511382327776523e+00,-4.173181816112282227e+00
1.501060189622720316e+02,-2.265387566300207212e+01,-7.735848661636062218e+00,1.011427574329885726e+00,3.178113649173316263e-02,5.400233780803104011e+00,-4.016812572764835387e+00
1.503058161508710100e+02,-2.282274377260209874e+01,-7.629066274829206407e+00,1.013958855294578854e+00,3.930654853878685906e-02,5.249517041499351500e+00,-3.839464495571891955e+00
1.505056434417155913e+02,-2.299241052689129106e+01,-7.523500472339709866e+00,1.016197497234912817e+00,4.843934125068422719e-02,5.101271370168814379e+00,-3.655213230488043585e+00
1.507054537940132093e+02,-2.316281682038011169e+01,-7.419165089919844469e+00,1.019080849270672662e+00,5.882138450615603115e-02,4.956033767589821615e+00,-3.478663915664975015e+00
1.509052791013127148e+02,-2.333387301609908349e+01,-7.315869730181393749e+00,1.023289779561417312e+00,6.996956014186343775e-02,4.813732495020015989e+00,-3.306288797296033088e+00
1.511052543823938379e+02,-2.350534054851508614e+01,-7.212966871277300740e+00,1.029254928785286349e+00,8.209329148992879077e-02,4.674362894605256891e+00,-3.128461125819524735e+00
1.513053100334474834e+02,-2.367675156650097179e+01,-7.109813943875587405e+00,1.037490737147212627e+00,9.571536156872428869e-02,4.538494884410326335e+00,-2.949866977082989283e+00
1.515052500760631631e+02,-2.384796575822466735e+01,-7.006558332921215992e+00,1.048702533798252290e+00,1.107269065005717507e-01,4.406624871440907754e+00,-2.775380956369169372e+00
1.517050472267781345e+02,-2.401943062583701405e+01,-6.903997616228609857e+00,1.063720935229678588e+00,1.269637271028904446e-01,4.278938693547653216e+00,-2.602274164908935816e+00
1.519048205870267623e+02,-2.419193561739226084e+01,-6.803243344093114153e+00,1.083636411130486810e+00,1.446314810988436617e-01,4.155669168102194000e+00,-2.426650755764248935e+00
1.521046310278602505e+02,-2.436634736892276720e+01,-6.705751020322799683e+00,1.109775229890582970e+00,1.640107064400485315e-01,4.037306765679171683e+00,-2.232567988718665575e+00
1.523044610358332420e+02,-2.454346004318582075e+01,-6.613213824007609709e+00,1.143115594993758588e+00,1.861053084094172472e-01,3.925248751636896127e+00,-2.026421594862828801e+00
1.525043296351956883e+02,-2.472391524951670050e+01,-6.527287253500055897e+00,1.183119500620064546e+00,2.105545217491496535e-01,3.820672934243505292e+00,-1.810185686410687778e+00
1.527041727035058329e+02,-2.490805693738721516e+01,-6.449640033718464061e+00,1.227510693576151279e+00,2.371202165707144149e-01,3.724786644479659792e+00,-1.574024558840319221e+00
1.529038812770658637e+02,-2.509608598939301771e+01,-6.382345234846758864e+00,1.274275704167447731e+00,2.662049145675859374e-01,3.639415220623378744e+00,-1.331796533848975672e+00
1.531034445084424078e+02,-2.528796473468947781e+01,-6.327499720710177300e+00,1.324764715403138116e+00,2.963871580434799813e-01,3.565639901678678836e+00,-1.098561125890627821e+00
1.533034634976754660e+02,-2.548367127920976571e+01,-6.286189377141742085e+00,1.381470478228531640e+00,3.260008137342771395e-01,3.503472810857877207e+00,-8.811422846970404787e-01
1.535040503532067362e+02,-2.568220478606638224e+01,-6.257561885684387981e+00,1.444130030460703651e+00,3.539063552842597882e-01,3.452655588977032508e+00,-6.808673339874591335e-01
1.537039716630624753e+02,-2.588121759941733302e+01,-6.238524284559841426e+00,1.512224609489974281e+00,3.793705803237084617e-01,3.413003199177640834e+00,-5.024973222361215353e-01
1.539035808114552424e+02,-2.608044898302317449e+01,-6.226249598878061953e+00,1.586379599640020288e+00,4.015993026924783438e-01,3.383487064032374647e+00,-3.515480616678840486e-01
1.541034296792396106e+02,-2.628029467186370383e+01,-6.225122387032923754e+00,1.667092089716850190e+00,4.199393148210601723e-01,3.362658434673702512e+00,-2.345842719959035649e-01
1.543033891970975731e+02,-2.647952152863685171e+01,-6.242224092277615988e+00,1.757950814708549636e+00,4.338830511698928971e-01,3.348679893992776879e+00,-1.484501352053316514e-01
1.545036672613923372e+02,-2.667646216216673594e+01,-6.278634117030571282e+00,1.857929914963711404e+00,4.439181959639354469e-01,3.339789577351398364e+00,-8.212272662587254135e-02
1.547042329069182642e+02,-2.686904669549414493e+01,-6.334649969146733284e+00,1.967014769323139234e+00,4.511971387152799995e-01,3.334854183563187746e+00,-3.084111710626459557e-02
1.549042219757330656e+02,-2.705311522501623500e+01,-6.412844624238894120e+00,2.087495404255705012e+00,4.563144221181693605e-01,3.333004148369203001e+00,0.000000000000000000e+00
1.551022960251126506e+02,-2.722315645157897990e+01,-6.514428630394710318e+00,2.214119908417163884e+00,4.590906709702844424e-01,3.333004148369203001e+00,0.000000000000000000e+00
1.553013434269163326e+02,-2.737410055504404838e+01,-6.644181263485226197e+00,2.340742032092224090e+00,4.589849102505539347e-01,3.333004148369203001e+00,1.174887020657430737e-03
1.555001470674204711e+02,-2.750326398646930670e+01,-6.795309339831597129e+00,2.463511627463371934e+00,4.566093841509232809e-01,3.333074226098196480e+00,2.735110630165847947e-02
1.556990880004241546e+02,-2.761136345301227735e+01,-6.962318322097509338e+00,2.580328192762214368e+00,4.525427444799456356e-01,3.334706329782693324e+00,6.760416658342371932e-02
1.558999177182848257e+02,-2.769624939451581369e+01,-7.144326433210882676e+00,2.689107284922833685e+00,4.465547407636210053e-01,3.338775248095485537e+00,1.220666814759342050e-01
1.561001908371452771e+02,-2.775971524484799957e+01,-7.334277500540630435e+00,2.788563848758767616e+00,4.381883467912761065e-01,3.346089285615573061e+00,1.939058940744099457e-01
1.562996943641751955e+02,-2.780600763467057845e+01,-7.528335924583218208e+00,2.877646996356346243e+00,4.263648391909673485e-01,3.357630612034445683e+00,2.932978212488370207e-01
1.564991733390494062e+02,-2.784124021747266298e+01,-7.724678804581351699e+00,2.957768333893287860e+00,4.114735323897529828e-01,3.375010640620548230e+00,4.130297413237487003e-01
1.566997634723676640e+02,-2.786796434043968773e+01,-7.923480773475738204e+00,3.031258508099933024e+00,3.936725372909169463e-01,3.399469988991667080e+00,5.505641836231934816e-01
1.569006522552310798e+02,-2.788478572140459022e+01,-8.123664050056927266e+00,3.098480848674607824e+00,3.725426933427018472e-01,3.431850891796949909e+00,7.123409723997901066e-01
1.571006510163546182e+02,-2.788977244304717829e+01,-8.323600632648020081e+00,-3.123116855611900000e+00,3.497423082980393172e-01,3.473116060180323483e+00,8.812211065983930336e-01
1.573003931129292425e+02,-2.788190369972201665e+01,-8.523187676372090849e+00,-3.066833891715639027e+00,3.269748089478843323e-01,3.523431434019691721e+00,1.040748650088595850e+00
1.575002102396115333e+02,-2.786147268839874158e+01,-8.721957538000737031e+00,-3.013670964446026446e+00,3.052438002323102917e-01,3.581967040601629293e+00,1.183573120687509972e+00
1.576997933597724852e+02,-2.782810281161188826e+01,-8.918731197763454688e+00,-2.961833563908316425e+00,2.849871478153299109e-01,3.647318235729822611e+00,1.308835832601145555e+00
1.578993343367145030e+02,-2.778116094048427698e+01,-9.112672070748027764e+00,-2.911616776574539323e+00,2.666669528127061928e-01,3.718233864898123908e+00,1.413259224202326081e+00
1.580992167414074459e+02,-2.772331886527575051e+01,-9.304002335059269768e+00,-2.864350564295536916e+00,2.500350696019281727e-01,3.793446240353402388e+00,1.501936745595855882e+00
1.582992509900697939e+02,-2.765883084387581192e+01,-9.493356489314825453e+00,-2.820758597366149090e+00,2.348696531234143459e-01,3.871835734550044705e+00,1.579042735115331997e+00
1.584991218467614544e+02,-2.758962767141068895e+01,-9.680864569875170744e+00,-2.780310375729985850e+00,2.216647133997940444e-01,3.952508216788322759e+00,1.637082647724748874e+00
1.586988421350284568e+02,-2.751495061792426355e+01,-9.866098290423140682e+00,-2.742388441634842522e+00,2.100687810930736144e-01,4.034382039472739656e+00,1.680870430040700025e+00
1.588986542718317310e+02,-2.743407433832156173e+01,-1.004881095394572199e+01,-2.706378443974806203e+00,1.997466665436506694e-01,4.116789412278937910e+00,1.714702471024276198e+00
1.590986367628994742e+02,-2.734752466869351295e+01,-1.022909448458824677e+01,-2.670902888168197542e+00,1.906253919244428330e-01,4.199258983230595099e+00,1.738554537320855520e+00
1.592986145463680714e+02,-2.725592970328131770e+01,-1.040686252500088393e+01,-2.635298245924738048e+00,1.826162985403290695e-01,4.281252220305201917e+00,1.752803845300792807e+00
1.594984666653719785e+02,-2.715880237741832914e+01,-1.058152549200035608e+01,-2.599402560236897308e+00,1.746300338065314428e-01,4.362307153242577229e+00,1.776838707074275714e+00
1.596981725879819010e+02,-2.705473864135363726e+01,-1.075197546812749749e+01,-2.563565880206672531e+00,1.651858539265239068e-01,4.442906045133295123e+00,1.839328021606907670e+00
1.598979928312000993e+02,-2.694220110618250530e+01,-1.091709189001638514e+01,-2.528025310328626318e+00,1.542951359661508537e-01,4.524873928757914499e+00,1.940886696404644951e+00
1.600980612950536965e+02,-2.682138146894480002e+01,-1.107655977232026778e+01,-2.495057915901609302e+00,1.440085692599125111e-01,4.609892028115211815e+00,2.039658844195268106e+00
1.602979696465394284e+02,-2.669503533012966656e+01,-1.123147911326984882e+01,-2.466601453365348640e+00,1.354064958481005498e-01,4.697509359772787718e+00,2.112039806086356553e+00
1.604979765294584979e+02,-2.656432491360301640e+01,-1.138286451622019158e+01,-2.439269415945027220e+00,1.272394747408872873e-01,4.786589514632068720e+00,2.184760512977262703e+00
1.606981834287514630e+02,-2.642914590330436297e+01,-1.153054470344644500e+01,-2.412136223556053949e+00,1.186792010881624060e-01,4.877114663157659180e+00,2.277067157221771332e+00
1.608984575610271577e+02,-2.628948565391787184e+01,-1.167408822576663852e+01,-2.386178531983364159e+00,1.095156682744817811e-01,4.969740711111558795e+00,2.395146680343227974e+00
1.610976422582105272e+02,-2.614976777987650891e+01,-1.181605110565217664e+01,-2.361054988252796694e+00,9.940455578297556494e-02,5.064827328561902320e+00,2.550027031593291582e+00
1.612973124457079734e+02,-2.601218102117564257e+01,-1.196075102826948999e+01,-2.336789923958123794e+00,8.848342206515856512e-02,5.164378434932038964e+00,2.740075938062731087e+00
1.614973972106727444e+02,-2.587133891631330940e+01,-1.210286863685110781e+01,-2.315553634345861145e+00,7.734239023409059111e-02,5.269468618304595786e+00,2.952410684831670906e+00
1.616971811495642157e+02,-2.572527467738064999e+01,-1.223917293004838314e+01,-2.301471169194132749e+00,6.700759019096612368e-02,5.380240514231565463e+00,3.160332091437676461e+00
1.618969487659060462e+02,-2.557411633754964342e+01,-1.236978019186193833e+01,-2.294792132954144748e+00,5.736581306543977327e-02,5.496330776844584598e+00,3.366998750109023497e+00
1.620971973428962656e+02,-2.541731994690900365e+01,-1.249433694386145888e+01,-2.288648460299758103e+00,4.767270965681569966e-02,5.617661918037009983e+00,3.595538649283290145e+00
1.622971958650040278e+02,-2.525737175619332220e+01,-1.261440353010454452e+01,-2.279444945303169767e+00,3.783679116337132498e-02,5.744243227566120602e+00,-1.732680588633110474e+00
1.624969427580431898e+02,-2.509790241474232886e+01,-1.273468798635714272e+01,-2.271645969881755711e+00,2.675630904317629136e-02,5.683672679616745604e+00,-4.230928102260336665e+00
1.626956243335554007e+02,-2.494451698458425781e+01,-1.286097051984154049e+01,-2.267945385099230826e+00,1.384435406537521188e-02,5.533797991122358262e+00,-4.673818978851407735e+00
1.628953187052239002e+02,-2.479605405301170862e+01,-1.299452425443914194e+01,-2.268568381905992304e+00,-8.176192570865381537e-04,5.362485386273947441e+00,-4.634657687164664530e+00
1.630955773430180500e+02,-2.464705846721416904e+01,-1.312832947640006154e+01,-2.273513953571264956e+00,-1.729897778052974511e-02,5.186519936128098252e+00,-4.206107289345808908e+00
1.632959853498652478e+02,-2.449618213882392936e+01,-1.326023740921663574e+01,-2.281568655293781056e+00,-3.545207713900268287e-02,5.021365739613854906e+00,-3.798689332945977881e+00
1.634960698070434262e+02,-2.434470164466809194e+01,-1.339095638218762119e+01,-2.290211398803537080e+00,-5.492153536867266234e-02,4.867647943784116471e+00,-3.454483746559257273e+00
1.636961636689996453e+02,-2.419345454824584607e+01,-1.352195970052876994e+01,-2.295690080489491525e+00,-7.375175280601312111e-02,4.723510825307560168e+00,-3.150265510661138357e+00
1.638964211681611971e+02,-2.404273761448114755e+01,-1.365382126371912541e+01,-2.298694379197740112e+00,-9.262473218176454914e-02,4.588008928835902722e+00,-2.825448909255144248e+00
1.640964109944085294e+02,-2.389247562762481891e+01,-1.378579575333141527e+01,-2.304477040099180307e+00,-1.141859892564161261e-01,4.463149544683966852e+00,-2.482288211597404981e+00
1.642962666463918708e+02,-2.374281214476417645e+01,-1.391824621021138597e+01,-2.315341563810530356e+00,-1.383019981078332516e-01,4.350575272344327615e+00,-2.157285862593542269e+00
1.644960625504892278e+02,-2.359429853923323961e+01,-1.405189542370060529e+01,-2.332305896409486046e+00,-1.628916326320001273e-01,4.250349567001191708e+00,-1.873024368198616729e+00
1.646957648268856360e+02,-2.344734044306649778e+01,-1.418711493844961424e+01,-2.356790740958320196e+00,-1.863432109399791314e-01,4.161415261849839453e+00,-1.634749786772186742e+00
1.648955015534686481e+02,-2.330293201966307137e+01,-1.432510394959265199e+01,-2.389447123074791790e+00,-2.079440687455420822e-01,4.082197672721455284e+00,-1.441271642980876733e+00
1.650951666094129848e+02,-2.316235353315403955e+01,-1.446689190287530025e+01,-2.430210997207046919e+00,-2.274084809611658653e-01,4.011083977270851975e+00,-1.276690306028851918e+00
1.652949141600789460e+02,-2.302713055051810187e+01,-1.461390832700572417e+01,-2.478516458044494719e+00,-2.454180513093839611e-01,3.946994191728998125e+00,-1.129143399598669717e+00
1.654947892900057695e+02,-2.290005095700713511e+01,-1.476818355015044304e+01,-2.535113092709463167e+00,-2.624945335961610948e-01,3.889394269309919494e+00,-9.672904123110014352e-01
1.656947886507641385e+02,-2.278518619790455091e+01,-1.493190841515286671e+01,-2.596308063151233636e+00,-2.803647907808394790e-01,3.839332344806977382e+00,-7.947046887063805576e-01
1.658947356310669647e+02,-2.268503185629358043e+01,-1.510496303886656655e+01,-2.665077411622846615e+00,-2.985087882201686860e-01,3.797719743267316428e+00,-6.460948027921133985e-01
1.660941630499764301e+02,-2.259996838595766633e+01,-1.528533903900878599e+01,-2.745129033640596017e+00,-3.144308057106459664e-01,3.763638825740198257e+00,-5.207300317416783120e-01
1.662942688380180414e+02,-2.252893640604358083e+01,-1.547241331366258343e+01,-2.832333927581696997e+00,-3.281084335100790117e-01,3.735849973419949954e+00,-4.112337713177851573e-01
1.664939505842336871e+02,-2.247544276405587738e+01,-1.566479634316003455e+01,-2.922836771314536897e+00,-3.399542874846127605e-01,3.713804419834556558e+00,-3.128747246913503033e-01
1.666922665710137892e+02,-2.243336000357441762e+01,-1.585859590942072295e+01,-3.012888405884722953e+00,-3.502369559926262754e-01,3.697059256929924320e+00,-2.224450496116437415e-01
1.668931366078454914e+02,-2.240847139297560631e+01,-1.605791808269611565e+01,-3.099865008943422762e+00,-3.592015107964602327e-01,3.684953467634863866e+00,-1.412834594151257395e-01
1.670943315370172968e+02,-2.241208800223702724e+01,-1.625908050379385017e+01,3.100561974710602797e+00,-3.667138856974838657e-01,3.677231435117166658e+00,-7.209640182415089082e-02
1.672939941348815296e+02,-2.243823615456170373e+01,-1.645702349335372361e+01,3.020510532830107842e+00,-3.726238606676368637e-01,3.673314731634645725e+00,-2.870320497467055906e-02
1.674934253906026527e+02,-2.248130929823804181e+01,-1.665174773440331535e+01,2.943601249128552588e+00,-3.761589418161127019e-01,3.671756049252383303e+00,0.000000000000000000e+00
1.676930591521608847e+02,-2.253782564436756530e+01,-1.684321454973708398e+01,2.866682758596243552e+00,-3.782879765869812672e-01,3.671756049252383303e+00,0.000000000000000000e+00
1.678925489307185899e+02,-2.260460809166027474e+01,-1.703119400734508915e+01,2.791144321437788456e+00,-3.771789870373231657e-01,3.671756049252383303e+00,1.495116697676472997e-02
1.680918661064954165e+02,-2.267922983044545759e+01,-1.721601536071186089e+01,2.721710316618175973e+00,-3.730057660683112064e-01,3.672567566971943975e+00,6.899053352513960513e-02
1.682918498459944772e+02,-2.276317896289641141e+01,-1.739752579904740415e+01,2.656166830798722955e+00,-3.669131361177956352e-01,3.676322415640800312e+00,1.410418285929720683e-01
1.684918550054397599e+02,-2.285835330017395250e+01,-1.757343460874298557e+01,2.591846406185149831e+00,-3.581806836974495423e-01,3.683987607277662057e+00,2.388560441488022101e-01
1.686917444363288325e+02,-2.296475966809542157e+01,-1.774264887955640191e+01,2.526254605812941811e+00,-3.483604365525674318e-01,3.696924977333734041e+00,3.388693297455090958e-01
1.688917943615442709e+02,-2.308322682419357008e+01,-1.790384908273469478e+01,2.457760682302411404e+00,-3.384391008438084048e-01,3.715216798005309684e+00,4.285806437394814039e-01
1.690917175235538537e+02,-2.321390906410654509e+01,-1.805514819998007781e+01,2.386964636760132485e+00,-3.285694177794378779e-01,3.738208427994059058e+00,5.085045024154829507e-01
1.692914763550039368e+02,-2.335558077703077018e+01,-1.819597687781034168e+01,2.315032908108450638e+00,-3.184035904670028394e-01,3.765283360054733297e+00,5.858780606298917837e-01
1.694912774510752911e+02,-2.350724611920708185e+01,-1.832604648215301424e+01,2.244304102938414758e+00,-3.084960059182824121e-01,3.796245110482342699e+00,6.541169249779130723e-01
1.696916211535042578e+02,-2.366930058188767561e+01,-1.844384270547212878e+01,2.174597904287311145e+00,-2.978029101048749738e-01,3.830610049587941823e+00,7.301671541358217832e-01
1.698916867903569994e+02,-2.384042191322523863e+01,-1.854749476290735188e+01,2.110261955996882044e+00,-2.874761434081424816e-01,3.868557362300113933e+00,7.977079126528217046e-01
1.700909688296275135e+02,-2.401737465605642541e+01,-1.863915204838068007e+01,2.046893591820280633e+00,-2.775834351106558073e-01,3.909433946821175176e+00,8.575053297717755152e-01
1.702905228635706862e+02,-2.419965683950005797e+01,-1.872036176492998649e+01,1.984045164299237385e+00,-2.674494410013722456e-01,3.952962317038358098e+00,9.208588165368351008e-01
1.704906194497417289e+02,-2.438623746847281026e+01,-1.879265500589645299e+01,1.928451987798521117e+00,-2.585357855582602338e-01,3.999304000822431870e+00,9.648668313822209575e-01
1.706899462367349258e+02,-2.457591683645904013e+01,-1.885391596714732643e+01,1.877658690229530691e+00,-2.496018078610561519e-01,4.047107621715264614e+00,1.011751995503199275e+00
1.708890177798751608e+02,-2.476644793433564118e+01,-1.891159941390787225e+01,1.830344545254643407e+00,-2.395303211065779037e-01,4.096572001538100416e+00,1.080225585929193821e+00
1.710908781991815601e+02,-2.496310444216161173e+01,-1.895713892216441465e+01,1.787042188378363150e+00,-2.288301030899265176e-01,4.149459210936794484e+00,1.160000597793533705e+00
1.712902261837657818e+02,-2.516016007398665266e+01,-1.898728352240761552e+01,1.747630607047165441e+00,-2.178361343889258783e-01,4.204818581794160792e+00,1.248548377158134937e+00
1.714886652386952051e+02,-2.535634510372213768e+01,-1.901710788541799957e+01,1.710328808507977527e+00,-2.067814732786943110e-01,4.263334472662840824e+00,1.341535635297819384e+00
1.716893444500588828e+02,-2.555553204840454384e+01,-1.904153547108735367e+01,1.676158036320784639e+00,-1.955899190051172964e-01,4.326020972257416553e+00,1.439640782658214269e+00
1.718895917877594002e+02,-2.575525943124232953e+01,-1.905595659451481438e+01,1.641902846022816220e+00,-1.855174142307702279e-01,4.392155042841244139e+00,1.521178753396826622e+00
1.720890965365317697e+02,-2.595457174313446558e+01,-1.906471713735989582e+01,1.612016855674493598e+00,-1.757011428340129466e-01,4.460716387579958031e+00,1.603900295591873748e+00
1.722890002360884125e+02,-2.615441386534082824e+01,-1.906967851705573125e+01,1.586985971018826547e+00,-1.660880155856923335e-01,4.532024039658437253e+00,1.688678071851885898e+00
1.724890343113670212e+02,-2.635444704653971826e+01,-1.906908044346076991e+01,1.558299607761924221e+00,-1.577356332819807028e-01,4.605955732433208105e+00,1.753665637463764027e+00
1.726888956540311142e+02,-2.655421973140596492e+01,-1.906312807646725460e+01,1.528423110887023206e+00,-1.492677357565189156e-01,4.681432275159933987e+00,1.828676940636603909e+00
1.728889724008573410e+02,-2.675404848405282721e+01,-1.905316945024841502e+01,1.500191903301779206e+00,-1.402365712099721273e-01,4.758945220683522770e+00,1.923983893534009448e+00
1.730892140039134972e+02,-2.695380523182305410e+01,-1.903924316880797818e+01,1.472172048489391205e+00,-1.314204240242962396e-01,4.839223372779713372e+00,2.022385621799062783e+00
1.732891352416287702e+02,-2.715275374765068861e+01,-1.901954572380659414e+01,1.444190835733785150e+00,-1.235584267710224671e-01,4.922064457618641420e+00,2.106584773232466734e+00
1.734887912498996627e+02,-2.735052624284655565e+01,-1.899218586666750497e+01,1.417655176102431192e+00,-1.162284445108399955e-01,5.006785709291781572e+00,2.186396611032550119e+00
1.736885163126615907e+02,-2.754714428725999653e+01,-1.895709391165947366e+01,1.392689379882884992e+00,-1.093199079698153886e-01,5.093256280562587612e+00,2.264103894521839244e+00
1.738883216395384750e+02,-2.774255340406342896e+01,-1.891541123278100400e+01,1.368620217249032489e+00,-1.018638063223746698e-01,5.181314464201784098e+00,2.365362261287230705e+00
1.740882157185422159e+02,-2.793688346290654323e+01,-1.886857672572915234e+01,1.344494296251683263e+00,-9.499600900663381087e-02,5.271779908001386517e+00,2.459902893495586440e+00
1.742881835194261271e+02,-2.813039219965054016e+01,-1.881816353108634132e+01,1.320076203892488031e+00,-8.925049943437347866e-02,5.364276851767414200e+00,2.531775275333204345e+00
1.744881623938390192e+02,-2.832322985472715970e+01,-1.876519949615696703e+01,1.297873290834674176e+00,-8.322163191746106969e-02,5.457844746973185224e+00,2.620988262676345215e+00
1.746882694158790912e+02,-2.851558818459603728e+01,-1.871005338840851095e+01,1.280932051145871942e+00,-7.810916752605655267e-02,5.553109542783674968e+00,2.691345601860849257e+00
1.748883076150642353e+02,-2.870726007627041199e+01,-1.865280684200434180e+01,1.269721732892536536e+00,-7.494371704942340284e-02,5.649227332062089602e+00,2.708263492409830331e+00
1.750876280749387774e+02,-2.889702274472669075e+01,-1.859182507928012384e+01,1.261663629257674391e+00,-7.313383115715223204e-02,5.743987647867506929e+00,2.530006748452412690e+00
1.752866668236424346e+02,-2.908444475953556818e+01,-1.852482200583947147e+01,1.253681902299581541e+00,-7.216766325426740569e-02,5.830997586494268248e+00,-2.644224806922907955e+00
1.754868079220271113e+02,-2.927179072355296086e+01,-1.845440930081389652e+01,1.245683125317552431e+00,-7.240851232004399951e-02,5.739520601865182314e+00,-2.714172562814615830e+00
1.756876790727058903e+02,-2.946077183287552614e+01,-1.838632582635620949e+01,1.239130563926008399e+00,-7.432228088719040893e-02,5.643730929763409954e+00,-2.699419716566284322e+00
1.758879940731463876e+02,-2.965077434477142049e+01,-1.832288179689147611e+01,1.234682581824729564e+00,-7.801632491099314004e-02,5.547092056577221264e+00,-2.637550327803612316e+00
1.760873122601484226e+02,-2.984015350656914123e+01,-1.826072656584399567e+01,1.232251939340828883e+00,-8.285829542192776898e-02,5.451495830064744474e+00,-2.582770890260771779e+00
1.762864121111746840e+02,-3.002820360584662396e+01,-1.819532082572583676e+01,1.230189840266999735e+00,-8.773783759607220456e-02,5.356337198705994673e+00,-2.532258028292333485e+00
1.764863040833196237e+02,-3.021611468401217948e+01,-1.812715758614136163e+01,1.225605040771445609e+00,-9.277197435203252129e-02,5.260987747916846757e+00,-2.453565329007392215e+00
1.766867502768352836e+02,-3.040477624921670952e+01,-1.805944133765180126e+01,1.216166608949627026e+00,-9.913828400153125442e-02,5.166660083869273556e+00,-2.331413888317647842e+00
1.768871642261222519e+02,-3.059407012756675215e+01,-1.799361141521530527e+01,1.200589901779582469e+00,-1.074766667094174954e-01,5.075419262749397475e+00,-2.168796781699298126e+00
1.770868999480804575e+02,-3.078268175259248096e+01,-1.792788460537851236e+01,1.179805415817309466e+00,-1.177497033246997227e-01,4.989339466376378596e+00,-1.995612127271461311e+00
1.772861068121425774e+02,-3.096883427933800093e+01,-1.785695780173051617e+01,1.155686646091051095e+00,-1.288211720008912431e-01,4.909015078732674731e+00,-1.845277977301016836e+00
1.774858923265834960e+02,-3.115242211874970479e+01,-1.777815579033125815e+01,1.128188145743857174e+00,-1.393222369592660159e-01,4.833333158728205348e+00,-1.678584090636557224e+00
1.776860380486763518e+02,-3.133349510781574665e+01,-1.769288631922489685e+01,1.095571689592551134e+00,-1.507950008824699151e-01,4.763316761819805123e+00,-1.472438544239988323e+00
1.778858395029585893e+02,-3.151089705274685215e+01,-1.760096694657715233e+01,1.056734871619256388e+00,-1.641371415143258183e-01,4.701148354229293780e+00,-1.271723752864897028e+00
1.780854974870144076e+02,-3.168362364041185941e+01,-1.750082286781643148e+01,1.013252237164115943e+00,-1.772926623619067166e-01,4.646824318491823647e+00,-1.045135957529152115e+00
1.782854394037429415e+02,-3.185126643829136128e+01,-1.739186112047263322e+01,9.693272313578420452e-01,-1.914925976797507978e-01,4.601634847936808548e+00,-8.277118331880436441e-01
1.784854353758338164e+02,-3.201368476929327755e+01,-1.727516204332490801e+01,9.269993831166329912e-01,-2.049652320997426558e-01,4.565519160880531224e+00,-6.287916848511361234e-01
1.786853644858506129e+02,-3.217035027821742688e+01,-1.715095428452681148e+01,8.846075894869041001e-01,-2.171276014474091687e-01,4.537900140427372442e+00,-4.430468550733218658e-01
1.788853792364386663e+02,-3.232042752383422624e+01,-1.701873204433676534e+01,8.400629738822233961e-01,-2.281108680963000179e-01,4.518329987070239362e+00,-2.974010929762251343e-01
1.790853010155777270e+02,-3.246395097926932749e+01,-1.687955684714239268e+01,7.909364197777928318e-01,-2.366232834041538391e-01,4.505151713406190694e+00,-1.832595194264845517e-01
1.792853432376187754e+02,-3.260281438037336699e+01,-1.673556432499996305e+01,7.386943557858494103e-01,-2.431252935147543703e-01,4.497007080031589332e+00,-7.054448544026484247e-02
1.794850560292167643e+02,-3.273780737384717554e+01,-1.658838385468938270e+01,6.887155409366143566e-01,-2.490458808299194360e-01,4.493873096296334246e+00,0.000000000000000000e+00
1.796848201747315272e+02,-3.286760180455287639e+01,-1.643653155937902710e+01,6.362983871588032692e-01,-2.525390648263391991e-01,4.493873096296334246e+00,0.000000000000000000e+00
1.798848031218786332e+02,-3.298816790895680384e+01,-1.627697908018015127e+01,5.785126177783297408e-01,-2.523096759385874410e-01,4.493873096296334246e+00,4.632484595370084911e-03
1.800855205677433730e+02,-3.309372201393887281e+01,-1.610625759941132884e+01,5.234902366914009342e-01,-2.506938126474521633e-01,4.494080000018689347e+00,3.679847426920188763e-02
1.802849376652046942e+02,-3.318399738763036311e+01,-1.592844439499511289e+01,4.646611502007909067e-01,-2.472300255567908278e-01,4.495712572710528931e+00,1.031272647096919126e-01
1.804824596461051556e+02,-3.326903160677704818e+01,-1.575016339625169337e+01,4.062168892730677605e-01,-2.433404431084087716e-01,4.500241253493875604e+00,1.718276523026046887e-01
1.806839084180288921e+02,-3.334354031747437119e+01,-1.556300020612124335e+01,3.481570340247854833e-01,-2.385766811157946643e-01,4.507926383463457753e+00,2.517877658759919979e-01
1.808838636853980404e+02,-3.339692525116966237e+01,-1.537030314386284324e+01,2.886725944815369260e-01,-2.311985238266455189e-01,4.519080975023346269e+00,3.784422775905985081e-01
1.810830228061383309e+02,-3.344644601317079946e+01,-1.517739889428582778e+01,2.338580821951119493e-01,-2.208009785405816439e-01,4.535728532587653739e+00,5.574982712981039201e-01
1.812838658871000632e+02,-3.348287810193895808e+01,-1.497988776528751131e+01,1.837462696929152983e-01,-2.078047769390800326e-01,4.560347866359149904e+00,7.783312958774367685e-01
1.814815902503768541e+02,-3.351369701944212665e+01,-1.478458001286291434e+01,1.325790766300922741e-01,-1.936616003177657475e-01,4.593970263508242446e+00,1.012856597631501598e+00
1.816822899205104420e+02,-3.353940548849322312e+01,-1.458553370616325040e+01,8.599794194111765044e-02,-1.775344606859413921e-01,4.638008489866368933e+00,1.281034423461734351e+00
1.818834462362634667e+02,-3.355012469359864014e+01,-1.438466319561169193e+01,4.807815040584428878e-02,-1.581494468524782537e-01,4.693239721346574633e+00,1.616521354081075890e+00
1.820827812935107488e+02,-3.355131855570773070e+01,-1.418533171354967237e+01,1.105524193267726218e-02,-1.377790343613191359e-01,4.761402927220052206e+00,1.976417321400710803e+00
1.822828824902268821e+02,-3.354511122938921375e+01,-1.398532681854156934e+01,-1.902260515147835562e-02,-1.151449994903936264e-01,4.843751106093831638e+00,2.398476683418270028e+00
1.824827152757156057e+02,-3.353097584322955527e+01,-1.378599460083881034e+01,-4.580109538776100386e-02,-9.126928671754325206e-02,4.941711579092782358e+00,2.871157167008883793e+00
1.826823997123654806e+02,-3.351388875930133793e+01,-1.358704258199252379e+01,-6.914882923565635053e-02,-6.762793463612941369e-02,5.056398336147439387e+00,3.370945495128559788e+00
1.828825599127956991e+02,-3.349230182273814194e+01,-1.338804984341626714e+01,-8.419783428879612508e-02,-4.339886913564162951e-02,5.188123204558955592e+00,3.931849027510255556e+00
1.830823227315349584e+02,-3.346842118429115231e+01,-1.318971956620671726e+01,-9.175819043472310810e-02,-1.805048125517951657e-02,5.337367972593644261e+00,4.585786971653195820e+00
1.832821286730700479e+02,-3.344504514768659931e+01,-1.299128576065587559e+01,-9.204542531900328228e-02,7.913236499342229599e-03,5.506362850554754829e+00,4.860070417366894269e+00
1.834820596790335685e+02,-3.342240019747470825e+01,-1.279264132107731200e+01,-8.548415661682184918e-02,3.425241275317164602e-02,5.680087092392580139e+00,1.043891248364382074e+00
1.836820458861640191e+02,-3.340145636981501553e+01,-1.259375482298007576e+01,-7.342995104991678623e-02,5.848282967058066051e-02,5.716722582039372114e+00,-2.582749428660884305e+00
1.838818828969051822e+02,-3.338218959368277439e+01,-1.239484875922274831e+01,-5.372037895685566333e-02,7.953735269150119525e-02,5.625714108392358526e+00,-2.015070376665323071e+00
1.840816712347880753e+02,-3.336822555334001095e+01,-1.219554902131195284e+01,-2.730809687969903976e-02,1.000188439363847576e-01,5.553691034512346469e+00,-1.486876275085209365e+00
1.842816772616121739e+02,-3.336145232255396564e+01,-1.199565771557134752e+01,4.346747996214483933e-03,1.194471779825044544e-01,5.499883241897520314e+00,-9.920184080029504914e-01
1.844814613978211923e+02,-3.336043663691955885e+01,-1.179587616120890381e+01,4.135026596365731777e-02,1.376100520372195435e-01,5.463729183718072591e+00,-5.464349566619488563e-01
1.846812841695497696e+02,-3.336743620850820236e+01,-1.159617602075108955e+01,7.780128742584424550e-02,1.536603819476212718e-01,5.443707954858838072e+00,-2.038046242997315904e-01
1.848814734432479554e+02,-3.338522696851750737e+01,-1.139677884383501016e+01,1.151772226378453556e-01,1.656786741669296903e-01,5.436207988880079611e+00,-4.809869157970533826e-02
1.850816612176047897e+02,-3.341403602331691047e+01,-1.119867487274025208e+01,1.616977927751965805e-01,1.710589592613072085e-01,5.434436471091548704e+00,-1.473730813713721062e-02
1.852828659833537870e+02,-3.345369465891018734e+01,-1.100141729903777232e+01,2.153809628608287507e-01,1.722231696468702611e-01,5.433890809085784035e+00,0.000000000000000000e+00
1.854828385474108927e+02,-3.350451206037812568e+01,-1.080800939308866404e+01,2.695097203429877020e-01,1.727222797367974627e-01,5.433890809085784035e+00,0.000000000000000000e+00
1.856796631380449867e+02,-3.355549122741514623e+01,-1.061790141322854630e+01,3.197943629597423953e-01,1.707913814838226407e-01,5.433890809085784035e+00,5.701395966506572766e-02
1.858801651841389742e+02,-3.361008286920674237e+01,-1.042497442409957742e+01,3.660440987245763278e-01,1.650599880549779852e-01,5.435994127683039245e+00,2.224720452726819675e-01
1.860803927398764870e+02,-3.368718780119429113e+01,-1.024018832197116602e+01,4.108999122139125326e-01,1.566268378348102397e-01,5.444182420152197110e+00,4.577180098719979551e-01
1.862809989455452921e+02,-3.378394873007513155e+01,-1.006446077036087416e+01,4.584905875306524159e-01,1.454557443178751686e-01,5.461022282535351380e+00,7.621076108944694338e-01
1.864791447343480684e+02,-3.388567612042939459e+01,-9.894421681701867755e+00,5.043216986649503575e-01,1.307947989230064945e-01,5.488604667652261071e+00,1.159835300637545918e+00
1.866787942355907717e+02,-3.398780260134609676e+01,-9.722869633500657471e+00,5.451382624469203186e-01,1.152304445606862071e-01,5.530633080974195259e+00,1.575342422515518370e+00
1.868793506196491876e+02,-3.409245031317845331e+01,-9.551779833702907396e+00,5.781347046379998744e-01,9.904923576087056036e-02,5.587467425962603151e+00,2.007703438391911899e+00
1.870792561486067882e+02,-3.420389824351709507e+01,-9.385823275136978339e+00,5.920830785964543708e-01,8.059276277152033208e-02,5.658842131733007541e+00,2.519218715794309116e+00
1.872797031102629433e+02,-3.432857272326204168e+01,-9.228867043857345465e+00,5.964499998634891220e-01,5.895620500828327448e-02,5.747384948525118276e+00,-8.750281163283135655e-02
1.874787891853636950e+02,-3.445906811294389627e+01,-9.078513398837339210e+00,6.050065576680712098e-01,3.478481660747281129e-02,5.744353102297643510e+00,-3.940945479036095822e+00
1.876791234948250064e+02,-3.458400236090645308e+01,-8.921907941610058401e+00,6.093416240715714416e-01,1.122355013107165234e-02,5.605227861696785219e+00,-4.747326463085302706e+00
1.878825678236123906e+02,-3.469993045950918287e+01,-8.754724596536149761e+00,6.061388425958837978e-01,-1.162216865640952092e-02,5.430188402800407488e+00,-4.066113016965906546e+00
1.880837755465240662e+02,-3.480264304623641181e+01,-8.581708203419470493e+00,5.988379758652038198e-01,-3.712250490947618942e-02,5.277374291010400675e+00,-3.323417237940641034e+00
1.882782883148302631e+02,-3.490354820583060302e+01,-8.415415191535601025e+00,5.858342141409376147e-01,-6.689498941534824383e-02,5.153424612142961436e+00,-2.676630889196985663e+00
1.884766385863630660e+02,-3.501964069880975217e+01,-8.254588069161835406e+00,5.642277677585525453e-01,-9.504912549082383810e-02,5.049352860091099515e+00,-2.155968744116679048e+00
1.886775485016236189e+02,-3.512982726493061847e+01,-8.086588918281551130e+00,5.384572728222809523e-01,-1.195319811768242174e-01,4.962827148948508516e+00,-1.745760858301622864e+00
1.888792326464050007e+02,-3.522960079941874767e+01,-7.911312747419832370e+00,5.111456967346219571e-01,-1.401953365385456285e-01,4.891366755717833747e+00,-1.468715278899201726e+00
1.890763992815282108e+02,-3.532710146035769583e+01,-7.739940920323665097e+00,4.838829469840222330e-01,-1.555400159755726541e-01,4.831801469426531881e+00,-1.213711805766792162e+00
1.892747073038027281e+02,-3.542929925731192498e+01,-7.569994805345627853e+00,4.510697933332479259e-01,-1.699672186718982347e-01,4.781728543563167122e+00,-9.073295494216861989e-01
1.894777214268305841e+02,-3.552652711495281324e+01,-7.391777303827594459e+00,4.085687514197173797e-01,-1.863696807588396120e-01,4.743050330618528321e+00,-6.735064431162844922e-01
1.896791689970114874e+02,-3.560804219074929478e+01,-7.207558911831345227e+00,3.646626750189936317e-01,-1.991657551786054636e-01,4.714358277204503622e+00,-4.743251217411908471e-01
1.898772642129027020e+02,-3.567269940819874563e+01,-7.020312660091331480e+00,3.195822320254302351e-01,-2.099025373503198288e-01,4.694385038645499719e+00,-3.439387377712374572e-01
1.900764967577985374e+02,-3.572436948359471387e+01,-6.827896937619773787e+00,2.624955200877254757e-01,-2.171697310149364457e-01,4.679765305122667307e+00,-2.652457041516139702e-01
1.902777039873344052e+02,-3.576767800111845474e+01,-6.631405916126698052e+00,1.910649311887435697e-01,-2.218442264042854717e-01,4.668347095543837533e+00,-1.964619576969636183e-01
1.904783651401126008e+02,-3.580750963750790561e+01,-6.434737822687997877e+00,1.243444389140695439e-01,-2.258173540947959190e-01,4.659894852746734983e+00,-1.318421455900981032e-01
1.906783648425250988e+02,-3.583596767317281007e+01,-6.236773125908024795e+00,6.728605259625330959e-02,-2.293502275417948488e-01,4.654232832475038606e+00,-6.484943133727362474e-02
1.908779320119736269e+02,-3.584963605082661076e+01,-6.037674581026331033e+00,1.767673584888185268e-02,-2.327209584104979190e-01,4.651451345976218121e+00,0.000000000000000000e+00
1.910722091485021679e+02,-3.583657596757090147e+01,-5.843836916979613605e+00,-2.971821359651882766e-02,-2.357182514620927982e-01,4.651451345976218121e+00,0.000000000000000000e+00
1.912735386636971384e+02,-3.580152770686238739e+01,-5.645581543509057276e+00,-8.302682504071445813e-02,-2.352116249452827490e-01,4.651451345976218121e+00,1.096137112720454825e-02
1.914768585024759489e+02,-3.576988604034357877e+01,-5.444738914117402295e+00,-1.400422813370496566e-01,-2.315514631832665815e-01,4.651930454381785651e+00,8.912052871617910654e-02
1.916768330737257315e+02,-3.574016085291420808e+01,-5.246985930881187699e+00,-1.868619969316265284e-01,-2.288286724927078297e-01,4.655759941346189201e+00,1.398866676883417925e-01
1.918767310426111408e+02,-3.570753582934874970e+01,-5.049768269902611628e+00,-2.329871414178337208e-01,-2.247254286951396451e-01,4.661762193949189559e+00,2.162609715326580251e-01
1.920752908505674839e+02,-3.566574077618985683e+01,-4.855657036669956739e+00,-2.693400201528444171e-01,-2.172132482660449893e-01,4.670964378678766238e+00,3.608612836676430846e-01
1.922737352056988698e+02,-3.560420340314282583e+01,-4.666995133250154915e+00,-3.010309811500155863e-01,-2.053611927896744072e-01,4.686270371664926770e+00,5.900361489415885119e-01
1.924756898325422299e+02,-3.553174657285580906e+01,-4.478486037851018509e+00,-3.385207737987148136e-01,-1.944658765753719820e-01,4.711629342054797220e+00,7.829642907255934814e-01
1.926752583913113028e+02,-3.546779042795334647e+01,-4.289443129551393952e+00,-3.784146135264847555e-01,-1.863246979340237586e-01,4.744677140443513075e+00,9.054656356474427570e-01
1.928749271666604841e+02,-3.539104580095494157e+01,-4.105112225804041337e+00,-4.192013380937635869e-01,-1.803549434032812038e-01,4.782629778294386291e+00,9.746426178499961734e-01
1.930748081183429292e+02,-3.530659499694186820e+01,-3.923948055651583999e+00,-4.584463464346957284e-01,-1.749940419769398792e-01,4.823191120434735524e+00,1.029083400276619376e+00
1.932746185317140544e+02,-3.521232282395990865e+01,-3.747774962664040643e+00,-4.892341626130785048e-01,-1.683458305919854348e-01,4.865636211580736337e+00,1.114510817889652339e+00
1.934746548762025782e+02,-3.511158510581508807e+01,-3.574955833921574566e+00,-5.171030000808130023e-01,-1.607199487303293817e-01,4.911242315672568637e+00,1.223386446539503458e+00
1.936746313641062613e+02,-3.500751203154847246e+01,-3.404194623668801878e+00,-5.501241941627235121e-01,-1.558137462519583460e-01,4.960806197898558700e+00,1.265486321125133262e+00
1.938744774289027362e+02,-3.489935765011136937e+01,-3.236143799836856516e+00,-5.788011265901545910e-01,-1.514292541332111497e-01,5.011527018361769947e+00,1.296793248009771249e+00
1.940745216963955215e+02,-3.478536007963468535e+01,-3.071759302751086995e+00,-6.058564445569958323e-01,-1.498957213835510061e-01,5.063026285389543801e+00,1.257537827595083701e+00
1.942743795346406159e+02,-3.466855213543880154e+01,-2.909589454503241246e+00,-6.299061497385206598e-01,-1.494569927995280378e-01,5.112425329529477480e+00,1.193658608459025050e+00
1.944741424802115546e+02,-3.454862388884630064e+01,-2.749831981775290313e+00,-6.530705085101022878e-01,-1.475197811895949396e-01,5.158855519325805439e+00,1.173939482850287153e+00
1.946738865336571678e+02,-3.442660067670248480e+01,-2.591692731160554430e+00,-6.775829588678868864e-01,-1.449584327143284279e-01,5.204110407253775605e+00,1.174124813056352856e+00
1.948737780455537347e+02,-3.430065864482952520e+01,-2.436466376645570531e+00,-7.033270274473891748e-01,-1.416729752710223778e-01,5.249015174198042644e+00,1.196603475302008945e+00
1.950736190406656760e+02,-3.417085227000082170e+01,-2.284523201803264847e+00,-7.292907367497972748e-01,-1.378441176920001954e-01,5.294376370969372303e+00,1.236171327012155041e+00
1.952734865947081460e+02,-3.403727513258693449e+01,-2.135848430845865842e+00,-7.560218375514202727e-01,-1.361935674225516479e-01,5.340839094795269304e+00,1.215138109845353087e+00
1.954733570967719345e+02,-3.389967479049289523e+01,-1.990885113241593229e+00,-7.825513564126320709e-01,-1.361181197465890780e-01,5.386121309873816543e+00,1.151172134392904001e+00
1.956733250909190076e+02,-3.375728536979622874e+01,-1.850484074937487122e+00,-8.097575788384164808e-01,-1.346522482496381179e-01,5.428692101228613787e+00,1.131704266247363977e+00
1.958734622586448211e+02,-3.360969930869308087e+01,-1.715305524592534381e+00,-8.383548682067800684e-01,-1.336074164406775289e-01,5.470255030895894599e+00,1.101973074961097421e+00
1.960734772961918395e+02,-3.345735634268552872e+01,-1.585699830454672110e+00,-8.685771532204339396e-01,-1.334477473302022044e-01,5.510400391529651998e+00,1.047924211435409259e+00
1.962730976830970349e+02,-3.330202401682580415e+01,-1.460319738688913516e+00,-8.985142118616373796e-01,-1.342981201520486445e-01,5.548232740976018817e+00,9.659162037446643589e-01
1.964722882950598262e+02,-3.314481153349191800e+01,-1.338004020246410297e+00,-9.282596264816146414e-01,-1.346556723533964828e-01,5.582803008121961952e+00,9.030938244387294311e-01
1.966719633949308275e+02,-3.298483665414261878e+01,-1.218512667062719990e+00,-9.579139803659043606e-01,-1.340157729714325785e-01,5.615010251697764687e+00,8.747051274179393765e-01
1.968725191630613551e+02,-3.281974204114197846e+01,-1.104642631985003787e+00,-9.855664534617576411e-01,-1.327670215128395059e-01,5.646166349312164101e+00,8.674943054275021659e-01
1.970725513924546419e+02,-3.265043531386208997e+01,-9.981150538945339212e-01,-1.009504863206008629e+00,-1.316877332341907791e-01,5.676816721007146960e+00,8.561984391876829026e-01
1.972721283094643070e+02,-3.247917596876977342e+01,-8.956397762826691089e-01,-1.033694285498838905e+00,-1.299894730403010901e-01,5.706838264187048537e+00,8.665024554881440855e-01
1.974720946064455802e+02,-3.230505113564043285e+01,-7.973185557039850213e-01,-1.061261506291836465e+00,-1.273366033817497633e-01,5.737119969835712929e+00,9.087735680271594729e-01
1.976720478092545079e+02,-3.212786859778022119e+01,-7.046490807353303909e-01,-1.088422595594437325e+00,-1.244940466821057024e-01,5.768706087104629177e+00,9.570908593687544874e-01
1.978716151233593905e+02,-3.194949915019145337e+01,-6.151423601724680390e-01,-1.112922610815957558e+00,-1.215152351453687302e-01,5.801721987799409952e+00,1.009799855460297602e+00
1.980712426316559061e+02,-3.177113612866699555e+01,-5.254887232058449431e-01,-1.139339620636854900e+00,-1.170999005202021936e-01,5.836364080638097640e+00,1.111209029260437742e+00
1.982717981220635863e+02,-3.158947731109496715e+01,-4.405029671581222050e-01,-1.166788855618823728e+00,-1.124606218001214103e-01,5.874424552701324131e+00,1.219111716582032434e+00
1.984716438748859559e+02,-3.140425221270051281e+01,-3.654697222202976659e-01,-1.191382598458743391e+00,-1.084927349083053688e-01,5.915752904147530522e+00,1.303173882223112701e+00
1.986709773110589765e+02,-3.121835438054418432e+01,-2.935265865079651482e-01,-1.213336927293371392e+00,-1.049012328690282631e-01,5.959502049557403147e+00,1.374362989043582006e+00
1.988712488151026037e+02,-3.103087982042452708e+01,-2.230853724366485269e-01,-1.234088870433575957e+00,-1.021365709758958323e-01,6.005510483257373799e+00,1.416326481075347088e+00
1.990714073847825034e+02,-3.083951894684533812e+01,-1.643957730232267211e-01,-1.255737916129298526e+00,-1.005021039624072465e-01,6.052531365455101842e+00,1.418292764312439225e+00
1.992709989565854869e+02,-3.064685269514776778e+01,-1.122756138561880335e-01,-1.275679893396269415e+00,-9.891555058251522148e-02,6.099122436386210211e+00,1.420411303841953021e+00
1.994706838673689333e+02,-3.045430523520665744e+01,-5.936494135222759871e-02,-1.291604052785447987e+00,-9.649606039954768122e-02,6.145450667200626604e+00,1.455675368533055680e+00
1.996706046392596932e+02,-3.026124148770318456e+01,-7.454398749503830628e-03,-1.307446605110744509e+00,-9.409015482379066986e-02,6.192624919175679921e+00,1.491773969796812649e+00
1.998705089997342554e+02,-3.006793345862204703e+01,4.347456383085554488e-02,-1.324135519318385912e+00,-9.215051708865223956e-02,6.240595134472775030e+00,1.511195565642014849e+00
2.000704421208912436e+02,-2.987417000192962035e+01,9.275920430009398920e-02,-1.336706650330460544e+00,-8.942380143607846221e-02,6.288823715500389433e+00,1.563350916792633827e+00
2.002703795423866779e+02,-2.967989322051564827e+01,1.399980095101568400e-01,-1.348097295144352614e+00,-8.606180223933215800e-02,6.338331675372647744e+00,1.642514564398525723e+00
2.004703140393943670e+02,-2.948502779614278424e+01,1.847335600008288281e-01,-1.361980314604268605e+00,-8.301384776532297338e-02,6.389932634508277864e+00,1.710441735478496872e+00
2.006702305689040884e+02,-2.928952459473770986e+01,2.265081576837821575e-01,-1.377276944561826921e+00,-8.021806349937163350e-02,6.443223589549313957e+00,1.769736647432307075e+00
2.008701144652679602e+02,-2.909333594314937343e+01,2.647649873166483814e-01,-1.393877147109527925e+00,-7.731140130842792391e-02,6.497893038376224339e+00,1.835710549534688818e+00
2.010699783415123534e+02,-2.889641879225515808e+01,2.989586228522866929e-01,-1.411281458894102725e+00,-7.377621155071066583e-02,6.554113089531161229e+00,1.930839664895912966e+00
2.012698462566836781e+02,-2.869880183369875581e+01,3.288705135622851938e-01,-1.429128327243095464e+00,-7.029383968668816152e-02,6.612731976049639471e+00,2.026175219210584633e+00
2.014697217249906203e+02,-2.850059403204897279e+01,3.546361922081120444e-01,-1.447023168148635186e+00,-6.748218053112595149e-02,6.673693851885374784e+00,2.094465846947031640e+00
2.016695998633104523e+02,-2.830191727293494353e+01,3.765180469317535583e-01,-1.464566184658088410e+00,-6.439927237765140366e-02,6.736131345009323645e+00,2.177853038181988499e+00
2.018694795290763295e+02,-2.810287582702348175e+01,3.948042055266616224e-01,-1.481312122946221166e+00,-6.085490369551194850e-02,6.800447233229238719e+00,2.285699098790180628e+00
2.020693603670932816e+02,-2.790355790343912901e+01,4.097946939902345487e-01,-1.496828559653641033e+00,-5.813123376170090117e-02,6.867300595909334504e+00,2.358541626226246635e+00
2.022692420714108437e+02,-2.770403713855668570e+01,4.218013630376322709e-01,-1.510837552703159004e+00,-5.553788029857421871e-02,6.935609282138424980e+00,2.428479331912689609e+00
2.024691247550556170e+02,-2.750437296489643302e+01,4.311450763039285650e-01,-1.523246508119747489e+00,-5.219849579834292402e-02,7.005247893298409245e+00,2.538437218406578211e+00
2.026690081337360709e+02,-2.730461280242190369e+01,4.381623806914617392e-01,-1.534024148702431756e+00,-4.842428984132359643e-02,7.077307458499205950e+00,2.674510569878682631e+00
2.028688915250465072e+02,-2.710479251694789227e+01,4.431846943862007837e-01,-1.543156147643960807e+00,-4.428466033998024187e-02,7.152444431642544842e+00,2.834509200359909276e+00
2.030687754453403500e+02,-2.690493664858822953e+01,4.465333469877291184e-01,-1.550672588648160266e+00,-3.993531698866777113e-02,7.231224444718082012e+00,3.011758035127660715e+00
2.032686598275199117e+02,-2.670506250181244567e+01,4.485561396003691637e-01,-1.556693110967575899e+00,-3.547655558215281196e-02,7.314001213982666449e+00,3.202195361663570772e+00
2.034685442417620607e+02,-2.650518075770763815e+01,4.495893049034125899e-01,-1.561377119163706917e+00,-3.100783084507029858e-02,7.400996665750495751e+00,3.401553766366147258e+00
2.036684288338618103e+02,-2.630529653052599315e+01,4.499712510777944541e-01,-1.564895149972663990e+00,-2.662894652892931757e-02,7.492301917344287965e+00,3.605195057174875206e+00
2.038683134713789116e+02,-2.610541190121592336e+01,4.500285304172805811e-01,-1.567414764963382279e+00,-2.245106734504707935e-02,7.587874157826067112e+00,3.807361068142634419e+00
2.040681981317329132e+02,-2.590552724191952905e+01,4.500079682990547059e-01,-1.569097498711716332e+00,-1.858232978482190004e-02,7.687515878546603787e+00,4.001823325494259009e+00
2.042680827872769953e+02,-2.570564258747300812e+01,4.499870214401839874e-01,-1.570120711554026327e+00,-1.509154516931528189e-02,7.790873284609084237e+00,4.183977820125476477e+00
2.044679674449407401e+02,-2.550575793045109307e+01,4.499710030461262500e-01,-1.570653895704044567e+00,-1.200167184552445795e-02,7.897488998747172140e+00,4.076519617899186265e+00
2.046678521097307453e+02,-2.530587326612170784e+01,4.499574330336009176e-01,-1.570862407492413571e+00,-9.321643074502328902e-03,8.000000000000000000e+00,0.000000000000000000e+00
2.048677368247145978e+02,-2.510598855160281317e+01,4.499437993474768582e-01,-1.570913640586878213e+00,-7.054571901007238369e-03,8.000000000000000000e+00,0.000000000000000000e+00
2.050676214616276241e+02,-2.490610391523592781e+01,4.499290234353885420e-01,-1.570930611248500197e+00,-5.192766050483863319e-03,8.000000000000000000e+00,0.000000000000000000e+00
2.052675060237333184e+02,-2.470621935438924055e+01,4.499065887003506070e-01,-1.570952718639601731e+00,-3.705238736802949837e-03,8.000000000000000000e+00,0.000000000000000000e+00
2.054673907802091719e+02,-2.450633460056953439e+01,4.498740027439441236e-01,-1.570982968246597444e+00,-2.553223507487169773e-03,8.000000000000000000e+00,0.000000000000000000e+00
2.056672754705734576e+02,-2.430644991324100701e+01,4.498391658989026043e-01,-1.571020547913562382e+00,-1.693822722858928089e-03,8.000000000000000000e+00,0.000000000000000000e+00
2.058671600849298784e+02,-2.410656530397881170e+01,4.497940381422932399e-01,-1.571064606245786033e+00,-1.085179676445473989e-03,8.000000000000000000e+00,0.000000000000000000e+00
2.060670447778661298e+02,-2.390668061846807646e+01,4.497395542707736671e-01,-1.571115016419678989e+00,-6.868705478934698664e-04,8.000000000000000000e+00,0.000000000000000000e+00
2.062669294379761595e+02,-2.370679596897095820e+01,4.496744181276852714e-01,-1.571168922920727962e+00,-4.545377097368327019e-04,8.000000000000000000e+00,0.000000000000000000e+00
2.064668141096302065e+02,-2.350691131194937711e+01,4.495979354071897305e-01,-1.571225512205712604e+00,-3.457698242348388037e-04,8.000000000000000000e+00,0.000000000000000000e+00
2.066666987773961353e+02,-2.330702666385782607e+01,4.495092494048892884e-01,-1.571289219512232327e+00,-3.192143256669289814e-04,8.000000000000000000e+00,0.000000000000000000e+00
2.068665834467410036e+02,-2.310714202038486675e+01,4.494075498848038586e-01,-1.571358163031457034e+00,-3.324535990843966978e-04,8.000000000000000000e+00,0.000000000000000000e+00
2.070664681146786563e+02,-2.290725738583911664e+01,4.492920117633716903e-01,-1.571431675112146209e+00,-3.554305499676374612e-04,8.000000000000000000e+00,0.000000000000000000e+00
2.072663527896349080e+02,-2.270737275327803673e+01,4.491618261661807221e-01,-1.571505519337068169e+00,-3.776436312132874654e-04,8.000000000000000000e+00,0.000000000000000000e+00
2.074662374769873736e+02,-2.250748811902685631e+01,4.490161269429311930e-01,-1.571584123877286965e+00,-3.966347301403484477e-04,8.000000000000000000e+00,0.000000000000000000e+00
2.076661221026486714e+02,-2.230760355915771598e+01,4.488539490081180361e-01,-1.571666533858756098e+00,-4.181013783966222911e-04,8.000000000000000000e+00,0.000000000000000000e+00
2.078660067318343181e+02,-2.210771901368364922e+01,4.486710137469263060e-01,-1.571752980572035163e+00,-4.382462698651952318e-04,8.000000000000000000e+00,0.000000000000000000e+00
2.080658914852857606e+02,-2.190783436171902920e+01,4.484695904942261890e-01,-1.571843396553957328e+00,-4.579559140812600269e-04,8.000000000000000000e+00,0.000000000000000000e+00
2.082657761536908936e+02,-2.170794980652432926e+01,4.482568510986729149e-01,-1.571937813947208440e+00,-4.777967460210171555e-04,8.000000000000000000e+00,0.000000000000000000e+00
2.084656607830113444e+02,-2.150806531370630026e+01,4.480232500358634073e-01,-1.572036177441397120e+00,-4.978305994706852186e-04,8.000000000000000000e+00,0.000000000000000000e+00
2.086655454691306772e+02,-2.130818078822233019e+01,4.477698391652827903e-01,-1.572138528488938203e+00,-5.131920697074137663e-04,8.000000000000000000e+00,0.000000000000000000e+00
2.088654301315495161e+02,-2.110829631427851538e+01,4.474953460067990219e-01,-1.572242688139100064e+00,-5.155447762943306256e-04,8.000000000000000000e+00,0.000000000000000000e+00
2.090653148026167685e+02,-2.090841186277142683e+01,4.471990802982679925e-01,-1.572351513605160900e+00,-4.963550756370354537e-04,8.000000000000000000e+00,0.000000000000000000e+00
2.092651994695106055e+02,-2.070852745028559738e+01,4.468801689423614887e-01,-1.572462422084107914e+00,-4.464401122419564398e-04,8.000000000000000000e+00,0.000000000000000000e+00
2.094650841388792628e+02,-2.050864307403095310e+01,4.465378563517482524e-01,-1.572568592281563538e+00,-4.375033352599316892e-04,8.000000000000000000e+00,0.000000000000000000e+00
2.096649688101320237e+02,-2.030875873925816322e+01,4.461710944936632672e-01,-1.572691989026153703e+00,-7.594634767266882254e-04,8.000000000000000000e+00,0.000000000000000000e+00
2.098648534177663407e+02,-2.010887451430988548e+01,4.457799603139677158e-01,-1.572816580457642388e+00,-1.876270658519227190e-03,8.000000000000000000e+00,0.000000000000000000e+00
2.100647381257806501e+02,-1.990899024534342487e+01,4.453610119825218150e-01,-1.572945783745740345e+00,-3.840616587764273705e-03,8.000000000000000000e+00,0.000000000000000000e+00
2.102646229373219455e+02,-1.970910590589460298e+01,4.449265836104970284e-01,-1.573079007809288887e+00,-5.736713759576774797e-03,8.000000000000000000e+00,0.000000000000000000e+00
2.104645074626426151e+02,-1.950922187774698102e+01,4.444807650921678288e-01,-1.573215686297585458e+00,-6.925860097653234286e-03,8.000000000000000000e+00,0.000000000000000000e+00
2.106643920925555733e+02,-1.930933787334955909e+01,4.439807036065440138e-01,-1.573340804051977848e+00,-7.325027551201468597e-03,8.000000000000000000e+00,0.000000000000000000e+00
2.108642768460993864e+02,-1.910945380541635785e+01,4.434571716131815999e-01,-1.573419152970750190e+00,-7.028667296708049350e-03,8.000000000000000000e+00,0.000000000000000000e+00
2.110641614683531770e+02,-1.890956995234597926e+01,4.429026490435233887e-01,-1.573415950512157213e+00,-6.648092510115324524e-03,8.000000000000000000e+00,0.000000000000000000e+00
2.112640460563873432e+02,-1.870968622097008804e+01,4.423174440925213280e-01,-1.573290250018350989e+00,-6.390337242494051155e-03,8.000000000000000000e+00,0.000000000000000000e+00
2.114639306213117038e+02,-1.850980260372899622e+01,4.417019332301900247e-01,-1.573333128064390074e+00,-6.210923779697681557e-03,8.000000000000000000e+00,0.000000000000000000e+00
2.116638153086159946e+02,-1.830991886824266857e+01,4.410850809250769222e-01,-1.574702635972029530e+00,-5.772930096248763202e-03,8.000000000000000000e+00,0.000000000000000000e+00
2.118637001381642051e+02,-1.811003478918069831e+01,4.405373391398476612e-01,-1.579253735362713851e+00,-4.586424004800327206e-03,8.000000000000000000e+00,0.000000000000000000e+00
2.120635848263715957e+02,-1.791015052670694274e+01,4.401247920708455386e-01,-1.587197004062038230e+00,-2.570172103683699121e-03,8.000000000000000000e+00,0.000000000000000000e+00
2.122634717873820875e+02,-1.771026364962927602e+01,4.399416141526436563e-01,-1.594871436566909439e+00,-6.246520369444580811e-04,8.000000000000000000e+00,0.000000000000000000e+00
2.124633939617310432e+02,-1.751034218210747895e+01,4.394099936652856031e-01,-1.599723642504695453e+00,6.171947965968041993e-04,8.000000000000000000e+00,0.000000000000000000e+00
2.126632997514558099e+02,-1.731046261085025506e+01,4.361724391085683994e-01,-1.601421742638803547e+00,1.070071096522225021e-03,8.000000000000000000e+00,0.000000000000000000e+00
2.128625809541051694e+02,-1.711141344510045670e+01,4.265585250416362717e-01,-1.600341144861477716e+00,8.124180593513501960e-04,8.000000000000000000e+00,0.000000000000000000e+00
2.130622014677598486e+02,-1.691246879143092485e+01,4.101459003865857711e-01,-1.598928549022576195e+00,4.374486177819806318e-04,8.000000000000000000e+00,0.000000000000000000e+00
2.132626635175207639e+02,-1.671263964724296258e+01,3.942290373961297445e-01,-1.598009030974489653e+00,1.274144064873382115e-04,8.000000000000000000e+00,0.000000000000000000e+00
2.134628259082775230e+02,-1.651274310161286607e+01,3.839162434673556445e-01,-1.597397961159438662e+00,-2.087632876078168823e-05,8.000000000000000000e+00,0.000000000000000000e+00
2.136626905503992191e+02,-1.631291867600076628e+01,3.799069917630796822e-01,-1.595770393455216540e+00,2.441703925631136772e-04,8.000000000000000000e+00,0.000000000000000000e+00
2.138625217797415985e+02,-1.611309396411903094e+01,3.815209130348169997e-01,-1.591151697339574511e+00,1.352230016680240577e-03,8.000000000000000000e+00,0.000000000000000000e+00
2.140623971440323601e+02,-1.591323314571147840e+01,3.839322437512033281e-01,-1.583220543750135878e+00,3.323309899495137647e-03,8.000000000000000000e+00,0.000000000000000000e+00
2.142622717406611912e+02,-1.571336540065609100e+01,3.855871951151947918e-01,-1.575576175122194611e+00,5.225678183112107168e-03,8.000000000000000000e+00,0.000000000000000000e+00
2.144621547665589958e+02,-1.551348356765014458e+01,3.862777573795049268e-01,-1.570748330745050714e+00,6.414532579643929776e-03,8.000000000000000000e+00,0.000000000000000000e+00
2.146620388691559924e+02,-1.531359946558036711e+01,3.862922752231716106e-01,-1.569062987913265594e+00,6.799965398097127141e-03,8.000000000000000000e+00,0.000000000000000000e+00
2.148619239595296619e+02,-1.511371478199522933e+01,3.858890113452086990e-01,-1.570171354673076669e+00,6.472467487938330342e-03,8.000000000000000000e+00,0.000000000000000000e+00
2.150618095907381075e+02,-1.491382998044640829e+01,3.853131004306100116e-01,-1.571667165068753480e+00,6.049629020225024724e-03,8.000000000000000000e+00,0.000000000000000000e+00
2.152616943829286811e+02,-1.471394620513808960e+01,3.846755131336951350e-01,-1.572780886289018021e+00,5.740772828946310788e-03,8.000000000000000000e+00,0.000000000000000000e+00
2.154615792206791411e+02,-1.451406246807730405e+01,3.840121722427422557e-01,-1.573416585225676068e+00,5.500681995125655810e-03,8.000000000000000000e+00,0.000000000000000000e+00
2.156614642255492242e+02,-1.431417848998676590e+01,3.833714893114291700e-01,-1.573726517610084308e+00,5.000607176422971513e-03,8.000000000000000000e+00,0.000000000000000000e+00
2.158613489623041346e+02,-1.411429465790687487e+01,3.827701070409534889e-01,-1.573847934376773727e+00,3.749685877724656842e-03,8.000000000000000000e+00,0.000000000000000000e+00
2.160612336039206696e+02,-1.391441085347307371e+01,3.821915923564705997e-01,-1.573911430077088225e+00,1.670627609011043685e-03,8.000000000000000000e+00,0.000000000000000000e+00
2.162611182701863299e+02,-1.371452700339952990e+01,3.816203761889626067e-01,-1.573980777488193539e+00,-3.339371455741503071e-04,8.000000000000000000e+00,0.000000000000000000e+00
2.164610029310642574e+02,-1.351464318432542555e+01,3.810402670268696057e-01,-1.574080308075162415e+00,-1.630001486921638055e-03,8.000000000000000000e+00,0.000000000000000000e+00
2.166608875959086618e+02,-1.331475943504718984e+01,3.804352757618958969e-01,-1.574237565982499643e+00,-2.135540225077302724e-03,8.000000000000000000e+00,0.000000000000000000e+00
2.168607722626097427e+02,-1.311487581209700792e+01,3.797893202556348879e-01,-1.574466204432584560e+00,-1.936858109399720472e-03,8.000000000000000000e+00,0.000000000000000000e+00
2.170606569094654219e+02,-1.291499240086691280e+01,3.790864947851600442e-01,-1.574743987136876022e+00,-1.639604069402850672e-03,8.000000000000000000e+00,0.000000000000000000e+00
2.172605415513420155e+02,-1.271510926608465297e+01,3.783102939413425791e-01,-1.575059181440041201e+00,-1.436970339997376911e-03,8.000000000000000000e+00,0.000000000000000000e+00
2.174604261947742145e+02,-1.251522648257353154e+01,3.774480086868627349e-01,-1.575407921161957159e+00,-1.353343275254760515e-03,8.000000000000000000e+00,0.000000000000000000e+00
2.176603107179260519e+02,-1.231534424087786483e+01,3.764929954118511057e-01,-1.575779499249974958e+00,-1.353178924521523377e-03,8.000000000000000000e+00,0.000000000000000000e+00
2.178601953796012083e+02,-1.211546238131799136e+01,3.754346042360595104e-01,-1.576161602929059047e+00,-1.401156108645493833e-03,8.000000000000000000e+00,0.000000000000000000e+00
2.180600801899002477e+02,-1.191558078639801010e+01,3.743008491804408755e-01,-1.576541886817122151e+00,-1.464379286492188941e-03,8.000000000000000000e+00,0.000000000000000000e+00
2.182599648187443506e+02,-1.171569976707991323e+01,3.730996146068198960e-01,-1.576911153438397495e+00,-1.525424348052531942e-03,8.000000000000000000e+00,0.000000000000000000e+00
2.184598494290549979e+02,-1.151581923712529942e+01,3.718224364265282911e-01,-1.577264576898731896e+00,-1.576170248470529093e-03,8.000000000000000000e+00,0.000000000000000000e+00
2.186597341026020445e+02,-1.131593910705210071e+01,3.704747269138350396e-01,-1.577600222933812857e+00,-1.607718972565345917e-03,8.000000000000000000e+00,0.000000000000000000e+00
2.188596188042942288e+02,-1.111605937650508302e+01,3.690650152330306466e-01,-1.577914319515052233e+00,-1.614587453888715034e-03,8.000000000000000000e+00,0.000000000000000000e+00
2.190595035117024167e+02,-1.091618002276258359e+01,3.676020719207943599e-01,-1.578221799402850900e+00,-1.600554683090594631e-03,8.000000000000000000e+00,0.000000000000000000e+00
2.192593881865824414e+02,-1.071630108400218440e+01,3.660877760761014899e-01,-1.578525453104503429e+00,-1.568407661873238469e-03,8.000000000000000000e+00,0.000000000000000000e+00
2.194592728531428065e+02,-1.051642257322418850e+01,3.645190647839948173e-01,-1.578826836678049794e+00,-1.519340374059940241e-03,8.000000000000000000e+00,0.000000000000000000e+00
2.196591575130675267e+02,-1.031654452613922679e+01,3.628931598905521527e-01,-1.579136112038619810e+00,-1.463766716765288207e-03,8.000000000000000000e+00,0.000000000000000000e+00
2.198590421680916620e+02,-1.011666698357886851e+01,3.612069528598503831e-01,-1.579449326876673387e+00,-1.426377311668732863e-03,8.000000000000000000e+00,0.000000000000000000e+00
2.200589268856662954e+02,-9.916789912319030620e+00,3.594586095062290987e-01,-1.579765569456529128e+00,-1.432703529291630721e-03,8.000000000000000000e+00,0.000000000000000000e+00
2.202588115779933844e+02,-9.716913398615171005e+00,3.576504346562634495e-01,-1.580078956306116833e+00,-1.493356780267889082e-03,8.000000000000000000e+00,0.000000000000000000e+00
2.204586961337167281e+02,-9.517037680224911256e+00,3.557708563274996072e-01,-1.580381353443249592e+00,-1.559329280518131650e-03,8.000000000000000000e+00,0.000000000000000000e+00
2.206585807538700124e+02,-9.317162727609055395e+00,3.538049746856262168e-01,-1.580664733476048633e+00,-1.493168298917707439e-03,8.000000000000000000e+00,0.000000000000000000e+00
2.208584654429773479e+02,-9.117288405508867655e+00,3.517692181845236132e-01,-1.580920830008450739e+00,-1.052865593372497889e-03,8.000000000000000000e+00,0.000000000000000000e+00
2.210583501044700938e+02,-8.917414723609990546e+00,3.496741801762205948e-01,-1.581142513997819243e+00,8.858825570232294890e-05,8.000000000000000000e+00,0.000000000000000000e+00
2.212582347828120533e+02,-8.717541508501131631e+00,3.475334985282124700e-01,-1.581329194367076640e+00,2.855045703630388829e-03,8.000000000000000000e+00,0.000000000000000000e+00
2.214581194567060720e+02,-8.517668648004100618e+00,3.453603684230496240e-01,-1.581481778117326042e+00,5.605114619720719636e-03,8.000000000000000000e+00,0.000000000000000000e+00
2.216580041391195266e+02,-8.317795988467008073e+00,3.431680561505833227e-01,-1.581631189763473833e+00,6.373023601141613280e-03,8.000000000000000000e+00,0.000000000000000000e+00
2.218578888396405375e+02,-8.117923374177520301e+00,3.409699752910616000e-01,-1.581863822065320724e+00,6.637024527897455832e-03,8.000000000000000000e+00,0.000000000000000000e+00
2.220577735673038262e+02,-7.918050659758147702e+00,3.387785411345546338e-01,-1.582269396231695380e+00,6.978982709937344049e-03,8.000000000000000000e+00,0.000000000000000000e+00
2.222576583600026368e+02,-7.718177769473778760e+00,3.365972384006453155e-01,-1.582881135952874940e+00,7.509094675581422414e-03,8.000000000000000000e+00,0.000000000000000000e+00
2.224575431702855610e+02,-7.518304897144089338e+00,3.344126815770719352e-01,-1.583498297240722774e+00,8.122574264046908063e-03,8.000000000000000000e+00,0.000000000000000000e+00
2.226574279503601019e+02,-7.318432944971740461e+00,3.321481639111780182e-01,-1.583569451957644425e+00,8.639380840853151319e-03,8.000000000000000000e+00,0.000000000000000000e+00
2.228573123605119122e+02,-7.118564178472909454e+00,3.296474440195502620e-01,-1.582123353327723025e+00,8.767907922919950664e-03,8.000000000000000000e+00,0.000000000000000000e+00
2.230571950158633285e+02,-6.918702643379526229e+00,3.267418114807331131e-01,-1.577867650719482651e+00,8.177866360903974022e-03,8.000000000000000000e+00,0.000000000000000000e+00
2.232570749545946001e+02,-6.718851002805267925e+00,3.233785293046298470e-01,-1.567111855795459974e+00,5.944567789508262146e-03,8.000000000000000000e+00,0.000000000000000000e+00
2.234569605318639844e+02,-6.518994457017530664e+00,3.199719025114690640e-01,-1.556419307068567015e+00,3.710263466731605290e-03,8.000000000000000000e+00,0.000000000000000000e+00
2.236568341027432893e+02,-6.319134518638295894e+00,3.176375145642416076e-01,-1.553658717777656850e+00,3.463654318822342263e-03,8.000000000000000000e+00,0.000000000000000000e+00
2.238565275055909751e+02,-6.119442323974485731e+00,3.183321592463010941e-01,-1.552916537858500590e+00,3.762879105644077044e-03,8.000000000000000000e+00,0.000000000000000000e+00
2.240565106623975282e+02,-5.919558872070428635e+00,3.246463227883693570e-01,-1.551865736477773705e+00,4.070495383357715727e-03,8.000000000000000000e+00,0.000000000000000000e+00
2.242581873589766985e+02,-5.718809471859197302e+00,3.439638862453127111e-01,-1.550059898231639144e+00,4.289490350088197984e-03,8.000000000000000000e+00,0.000000000000000000e+00
2.244567123474817834e+02,-5.521211522605656619e+00,3.631269108433130555e-01,-1.547909792079189106e+00,4.420264550294148061e-03,8.000000000000000000e+00,0.000000000000000000e+00
2.246560921554107892e+02,-5.321858060304050397e+00,3.663680338222264354e-01,-1.546127137881141866e+00,4.362917653538034464e-03,8.000000000000000000e+00,0.000000000000000000e+00
2.248560282976909832e+02,-5.121924506060066662e+00,3.653507446506816247e-01,-1.545869422548412642e+00,3.916726882828801964e-03,8.000000000000000000e+00,0.000000000000000000e+00
2.250559290899780933e+02,-4.922025339229059604e+00,3.645446073903275686e-01,-1.548449911784186117e+00,2.766652426957170226e-03,8.000000000000000000e+00,0.000000000000000000e+00
2.252558185596720932e+02,-4.722136019184874023e+00,3.647892026163374046e-01,-1.557564635067909098e+00,-1.163948877473728908e-05,8.000000000000000000e+00,0.000000000000000000e+00
2.254556999765462137e+02,-4.522256579700682622e+00,3.656782937739759265e-01,-1.566649282418261624e+00,-2.776466383441238833e-03,8.000000000000000000e+00,0.000000000000000000e+00
2.256555836200107592e+02,-4.322376706038578043e+00,3.669059050668918576e-01,-1.567784561822457512e+00,-3.559534420036355572e-03,8.000000000000000000e+00,0.000000000000000000e+00
2.258554678237122459e+02,-4.122496190523814441e+00,3.681201566606732145e-01,-1.566820985174890657e+00,-3.840092741249010334e-03,8.000000000000000000e+00,0.000000000000000000e+00
2.260553525436252471e+02,-3.922614825770135649e+00,3.692782926213298844e-01,-1.565996803784264646e+00,-4.200202361911163466e-03,8.000000000000000000e+00,0.000000000000000000e+00
2.262552371969746901e+02,-3.722733191495581018e+00,3.703768937111937554e-01,-1.565733068776689274e+00,-4.751386996204509314e-03,8.000000000000000000e+00,0.000000000000000000e+00
2.264551218690379528e+02,-3.522851211258513970e+00,3.714142472435037479e-01,-1.565827434910096905e+00,-5.389109923210808582e-03,8.000000000000000000e+00,0.000000000000000000e+00
2.266550065357416486e+02,-3.322968917574177450e+00,3.723882363286402652e-01,-1.566127844936544999e+00,-5.933690659778115967e-03,8.000000000000000000e+00,0.000000000000000000e+00
2.268548912043480925e+02,-3.123086314121588991e+00,3.732968511651396648e-01,-1.566465480196911564e+00,-6.082768922314640142e-03,8.000000000000000000e+00,0.000000000000000000e+00
2.270547758704028354e+02,-2.923203418230323258e+00,3.741380728576018111e-01,-1.566807422627433555e+00,-5.440186966400657916e-03,8.000000000000000000e+00,0.000000000000000000e+00
2.272546605434246771e+02,-2.723320235015354029e+00,3.749098091485196793e-01,-1.567158386902681499e+00,-3.176501337736033995e-03,8.000000000000000000e+00,0.000000000000000000e+00
2.274545452177606251e+02,-2.523436788091854677e+00,3.756102949558067228e-01,-1.567518768349484226e+00,-9.672291568079309032e-04,8.000000000000000000e+00,0.000000000000000000e+00
2.276544298542088427e+02,-2.323553135504738520e+00,3.762374444368445370e-01,-1.567888644964571698e+00,-9.858114343202213463e-04,8.000000000000000000e+00,0.000000000000000000e+00
2.278543145352077772e+02,-2.123669182252341692e+00,3.767768239316277024e-01,-1.568268051188835388e+00,-1.489865893383323639e-03,8.000000000000000000e+00,0.000000000000000000e+00
2.280541992250636270e+02,-1.923785055957040635e+00,3.772514753082819028e-01,-1.568656857654709302e+00,-1.940894484509226008e-03,8.000000000000000000e+00,0.000000000000000000e+00
2.282540838717836209e+02,-1.723900803651327696e+00,3.776485578720171765e-01,-1.569054486572255103e+00,-2.236296327608923093e-03,8.000000000000000000e+00,0.000000000000000000e+00
2.284539685575300041e+02,-1.524016369289726835e+00,3.779655687197486236e-01,-1.569453801143382066e+00,-2.426760628981593400e-03,8.000000000000000000e+00,0.000000000000000000e+00
2.286538531758723707e+02,-1.324131888697335890e+00,3.782002348186959684e-01,-1.569848213750793642e+00,-2.552276959967180424e-03,8.000000000000000000e+00,0.000000000000000000e+00
2.288537380011133848e+02,-1.124247119921619520e+00,3.783504783081729772e-01,-1.570186467601310643e+00,-2.654776294236943588e-03,8.000000000000000000e+00,0.000000000000000000e+00
2.290536221213179147e+02,-9.243630099817541357e-01,3.784145367521373760e-01,-1.570198111205809877e+00,-2.331134028584782875e-03,8.000000000000000000e+00,0.000000000000000000e+00
2.292535087045621083e+02,-7.244764280674440560e-01,3.783914792113776682e-01,-1.570263313437385122e+00,-2.782245785646124902e-04,8.000000000000000000e+00,0.000000000000000000e+00
2.294533884593425057e+02,-5.245966971590234618e-01,3.782937906633817016e-01,-1.570515968015390174e+00,3.625178030982267267e-04,8.000000000000000000e+00,0.000000000000000000e+00
2.296533039604555029e+02,-3.246812610283643097e-01,3.781326015023896980e-01,-1.571725533667382546e+00,3.003112379980135086e-03,8.000000000000000000e+00,0.000000000000000000e+00
2.298531923308502201e+02,-1.247929374073126207e-01,3.779958571375179321e-01,-1.572777012193979251e+00,3.986182724561576976e-03,8.000000000000000000e+00,0.000000000000000000e+00
2.300522906225704389e+02,7.430484371777490438e-02,3.784467639772469694e-01,-1.573755904816294793e+00,4.762306571940679717e-03,8.000000000000000000e+00,0.000000000000000000e+00
2.302529585601213000e+02,2.749726033461464270e-01,3.787139841988181321e-01,-1.574673095801323308e+00,5.572163345736377664e-03,8.000000000000000000e+00,0.000000000000000000e+00
