x_m,y_m,s_m,psi_rad,kappa_inv_m
0.07693907106742981,-0.012506947223258978,0,0.005697930378543061,-0.00020744921313201495
0.12692929241884043,-0.01222236157616039,0.049991031393385073,0.0056876189667172906,-0.00020508125461511293
0.17691951668527028,-0.01193828843999368,0.099982062786770146,0.005677425931827987,-0.00020271328648145868
0.22690974382784379,-0.011654721897087801,0.14997309418015523,0.005667351274310701,-0.00020034531053975108
0.2768999738080139,-0.011371656029750279,0.19996412557354029,0.005657394994510543,-0.00019797732859848361
0.32689020658727086,-0.01108908492027339,0.24995515696692536,0.0056475570926822457,-0.00019560934246595608
0.3768804421272951,-0.010807002650937795,0.29994618836031045,0.0056378375689901438,-0.00019324135395026523
0.42687068038998166,-0.010525403304016958,0.34993721975369552,0.0056282364235081834,-0.00019087336485930085
0.47686092133746472,-0.010244280961781503,0.39992825114708058,0.0056187536562199228,-0.00018850537700074266
0.52685116493187634,-0.0099636297065051078,0.44991928254046565,0.0056093892670185897,-0.000186137392182069
0.57684141113560605,-0.0096834436204675418,0.49991031393385071,0.0056001432557070477,-0.0001837694122105425
0.62683165991132794,-0.009403716785959082,0.54990134532723578,0.0055910156219977861,-0.00018140143889320624
0.6768219112216517,-0.0091244432852869272,0.5998923767206209,0.0055820063655130179,-0.00017903347403689792
0.72681216502949053,-0.0088456172007777105,0.64988340811400591,0.0055731154857845992,-0.00017666551944823012
0.77680242129789878,-0.0085672326147828784,0.69987443950739103,0.0055643429822540905,-0.00017429757693359599
0.82679267999004413,-0.0082892836096834076,0.74986547090077604,0.0055556888542727494,-0.00017192964829916733
0.87678294106930965,-0.008011764267893717,0.79985650229416116,0.005547153101101549,-0.00016956173535088862
0.92677320449923783,-0.00773466867186652,0.84984753368754629,0.0055387357219111805,-0.00016719383989447593
0.97676347024339594,-0.0074579909040980667,0.8998385650809313,0.0055304367157820913,-0.00016482596373542247
1.0267537382656382,-0.0071817250471312277,0.94982959647431642,0.0055222560817044528,-0.00016245810867898246
1.0767440085299689,-0.0069058651835607419,0.99982062786770143,0.005514193818578198,-0.00016009027653017606
1.1267342810003558,-0.0066304053960387754,1.0498116592610864,0.0055062499252130593,-0.00015772246909379593
1.1767245556411774,-0.0063553397672769787,1.0998026906544716,0.0054984244003285073,-0.00015535468817438297
1.2267148324166885,-0.0060806623800538978,1.1497937220478567,0.0054907172425538511,-0.00015298693557625002
1.2767051112914714,-0.0058063673172170675,1.1997847534412418,0.005483128450428176,-0.00015061921310345795
1.3266953922302411,-0.0055324486616885301,1.2497757848346269,0.0054756580224003884,-0.0001482515225598223
1.3766856751976668,-0.0052589004964703713,1.2997668162280118,0.0054683059568292492,-0.00014588386574891985
1.4266759601587293,-0.0049857169046472515,1.3497578476213969,0.005461072251983343,-0.00014351624447406881
1.476666247078487,-0.004712891969392184,1.3997488790147821,0.0054539569060411139,-0.00014114866053833809
1.5266565359220698,-0.0044404197739711044,1.4497399104081672,0.0054469599170908828,-0.0001387811157445449
1.576646826654837,-0.004168294401746488,1.4997309418015521,0.0054400812831308411,-0.00013641361189524519
1.6266371192422133,-0.0038965099361827739,1.5497219731949372,0.0054333210020690798,-0.00013404615079273875
1.676627413649689,-0.0036250604608508517,1.5997130045883223,0.005426679071723609,-0.00013167873423906737
1.7266177098429722,-0.00335394005943175,1.6497040359817075,0.0054201554898223392,-0.00012931136403600453
1.7766080077878839,-0.0030831428157217068,1.6996950673750926,0.0054137502540031234,-0.00012694404198505916
1.8265983074502454,-0.0028126628136372752,1.7496860987684775,0.0054074633618137755,-0.00012457676988747758
1.8765886087961448,-0.0025424941372184078,1.7996771301618626,0.0054012948107120453,-0.00012220954954422918
1.9265789117916645,-0.0022726308706344034,1.8496681615552477,0.0053952445980656773,-0.00011984238275601666
1.9765692164030395,-0.0020030670981875691,1.8996591929486328,0.0053893127211523941,-0.00011747527132326641
2.0265595225966302,-0.0017337969043178707,1.9496502243420177,0.0053834991771599212,-0.00011510821704612766
2.0765498303389154,-0.0014648143736074645,1.9996412557354029,0.0053778039631859976,-0.0001127412217244698
2.1265401395963863,-0.0011961135907857636,2.0496322871287882,0.0053722270762384021,-0.000110374287157886
2.1765304503357017,-0.0009276886407331101,2.0996233185221729,0.0053667685132349477,-0.00010800741514568282
2.2265207625236618,-0.00065953360899799604,2.149614349915558,0.0053614277197825896,-0.00010603579524636215
2.2765110761487035,-0.00039164605071627791,2.1996053813089431,0.0053560090278816841,-0.00011075074359808127
2.3265013912473931,-0.00012403526602385598,2.2495964127023282,0.0053503546341946281,-0.00011546555921652765
2.3764917078982806,0.00014328696251874359,2.2995874440957134,0.0053444645451976979,-0.00012018024839331192
2.4264820261516773,0.00041030885251582612,2.3495784754890985,0.0053383387670559333,-0.00012489481741635814
2.4764723460712768,0.0006770186219436236,2.3995695068824836,0.0053319773056184549,-0.00012960927257384231
2.5264626677192314,0.00094340448905466515,2.4495605382758687,0.0053253801664201903,-0.00013432362015279616
2.57645299115222,0.0012094546723412001,2.4995515696692538,0.0053185473546825107,-0.00013903786643874844
2.626443316434504,0.0014751573905890083,2.5495426010626385,0.0053114788753115287,-0.00014375201771696703
2.6764336436249403,0.0017405008627925588,2.5995336324560236,0.0053041747328998736,-0.00014846608027124702
2.7264239727833366,0.002005473308173127,2.6495246638494088,0.0052966349317259097,-0.00015318006038452108
2.7764143039693203,0.0022700629461570921,2.6995156952427939,0.0052888594757539197,-0.00015789396433876489
2.8264046372422476,0.0025342579963597536,2.749506726636179,0.0052808483686341617,-0.00016260779841500018
2.8763949726611098,0.0027980466785691373,2.7994977580295641,0.0052726016137029461,-0.00016732156889329752
2.9263853102847257,0.0030614172127313177,2.8494887894229493,0.0052641192139826322,-0.00017203528205280588
2.9763756501714997,0.0033243578189334757,2.8994798208163344,0.0052554011721817253,-0.00017674894417174264
3.0263659923796213,0.0035868567173892398,2.9494708522097195,0.005246447490694881,-0.00018146256152742267
3.0763563369669633,0.0038489021284224905,2.9994618836031042,0.0052372581716029704,-0.00018617614039626148
3.1263466839909961,0.0041104822724511957,3.0494529149964893,0.0052278332166731398,-0.00019088968705377796
3.1763370335089425,0.0043715853699725941,3.0994439463898744,0.0052181726273588169,-0.00019560320777462165
3.2263273855776902,0.0046321996415470204,3.1494349777832595,0.0052082764047997783,-0.00020031670883257532
3.276317740253694,0.0048923133077817373,3.1994260091766447,0.0051981445498222034,-0.00020503019650055753
3.3263080975931416,0.0051519145893161389,3.2494170405700298,0.0051877770629386883,-0.00020974367705065038
3.3762984576518584,0.0054109917068055659,3.2994080719634149,0.0051771739443483029,-0.00021445715675410135
3.4262888204852109,0.0056695328809051706,3.3493991033568,0.0051663351939366456,-0.00021917064188132704
3.4762791861482767,0.0059275263322550939,3.3993901347501851,0.0051552608112758564,-0.00022388413870193932
3.5262695546957414,0.0061849602814643117,3.4493811661435698,0.0051439507956246681,-0.00022859765348474882
3.5762599261818147,0.0064418229490945224,3.4993721975369549,0.0051324051459284694,-0.00023331119249776693
3.6262503006603866,0.0066981025556452928,3.5493632289303401,0.0051206238608193025,-0.00023802476200823338
3.6762406781849335,0.0069537873215379407,3.5993542603237252,0.0051086069386159314,-0.00024273836828261897
3.7262310588084282,0.0072088654670994009,3.6493452917171103,0.0050963543773238787,-0.00024745201758662752
3.7762214425834988,0.0074633252125474153,3.6993363231104954,0.0050838661746354478,-0.00025216571618522391
3.8262118295623391,0.007717154777974391,3.7493273545038805,0.0050711423279297613,-0.00025687947034263572
3.8762022197966135,0.0079703423833313095,3.7993183858972657,0.0050581828342728284,-0.0002615932863223569
3.9261926133376148,0.0082228762484128758,3.8493094172906508,0.0050449876904175373,-0.00026630717038717407
3.976183010236177,0.0084747445928414194,3.8993004486840355,0.0050315568928037098,-0.00027102112879916923
4.0261734105425795,0.0087259356360507943,3.9492914800774206,0.0050178904375581613,-0.00027573516781972295
4.0761638143067076,0.0089764375972715468,3.9992825114708057,0.005003988320494682,-0.00028044929370954036
4.1261542215779636,0.009226238695514824,4.0492735428641913,0.0049898505371141098,-0.00028516351272865435
4.1761446324051663,0.0094753271495562567,4.0992645742575764,0.0049754770826043659,-0.00028987783113642869
4.2261350468367187,0.0097236911779211566,4.1492556056509606,0.004960867951840464,-0.00029459225519158384
4.276125464920514,0.0099713189988684253,4.1992466370443458,0.0049460231393845455,-0.00029930679115220012
4.3261158867038407,0.010218198830374449,4.2492376684377309,0.0049309426394859466,-0.00030402144527572067
4.376106312233544,0.010464318890118306,4.299228699831116,0.0049156264460811783,-0.00030873622381897761
4.4260967415559342,0.010709667395465642,4.3492197312245011,0.0049000745527939824,-0.00031345113303819495
4.4760871747166906,0.010954232563452638,4.3992107626178862,0.0048842869529353832,-0.00031816617918899122
4.5260776117610302,0.011198002610771175,4.4492017940112714,0.0048682636395036716,-0.00032288136852640607
4.5760680527336026,0.011440965753752721,4.4991928254046565,0.0048520046051844573,-0.00032759670730490295
4.6260584976784118,0.011683110208352332,4.5491838567980416,0.0048355098423507213,-0.00033231220177837209
4.6760489466389608,0.011924424190133778,4.5991748881914267,0.0048187793430627939,-0.00033702785820015617
4.726039399658176,0.012164895914253513,4.6491659195848118,0.0048018130990684091,-0.00034174368282305378
4.7760298567782975,0.012404513595444578,4.699156950978197,0.0047846111018027592,-0.00034645968189932197
4.8260203180410519,0.012643265448001815,4.7491479823715821,0.0047671733423884609,-0.00035117586168070288
4.8760107834875575,0.0128811396857658,4.7991390137649672,0.004749499811635618,-0.00035589222841842498
4.9260012531582245,0.013118124522106799,4.8491300451583523,0.0047315905000418637,-0.00036060878836320772
4.9759917270929552,0.013354208169910061,4.8991210765517375,0.0047134453977923313,-0.0003653255477652894
5.0259822053308989,0.013589378841559127,4.9491121079451226,0.0046950644947597441,-0.00037004251287441682
5.0759726879106468,0.013823624748921119,4.9991031393385077,0.0046764477805043819,-0.00037475968993987423
5.1259631748701411,0.014056934103330705,5.0490941707318919,0.0046575952442741205,-0.00037947708521048599
5.1759536662465777,0.014289295115574085,5.099085202125277,0.0046385068750045009,-0.00038419470493461977
5.2259441620765692,0.014520695995874137,5.1490762335186622,0.0046191826613186764,-0.00038891255536021088
5.2759346623960495,0.014751124953874395,5.1990672649120473,0.0045996225915274679,-0.00039363064273476803
5.3259251672401833,0.014980570198623049,5.2490582963054324,0.0045798266536294279,-0.0003983489733053729
5.3759156766435314,0.015209019938558091,5.2990493276988175,0.0045597948353107796,-0.00040306755331870813
5.4259061906399468,0.015436462381491302,5.3490403590922027,0.004539527123945483,-0.00040778638902105917
5.4758967092624928,0.01566288573459226,5.3990313904855878,0.0045190235065952836,-0.00041250548665831702
5.525887232543595,0.015888278204373461,5.4490224218789729,0.0044982839700096599,-0.00041722485247600477
5.5758777605149552,0.016112627996674355,5.499013453272358,0.0044773085006258829,-0.00042194449271927949
5.6258682932074535,0.016335923316645327,5.5490044846657431,0.0044560970845690644,-0.0004266644136329353
5.6758588306513138,0.01655815236873286,5.5989955160591283,0.0044346497076521068,-0.00043138462146142918
5.7258493728760094,0.016779303356663521,5.6489865474525134,0.0044129663553757513,-0.00043610512244888409
5.7758399199101618,0.016999364483428009,5.6989775788458985,0.0043910470129286359,-0.00044082592283908992
5.8258304717817166,0.017218323951266257,5.7489686102392836,0.0043688916651872349,-0.00044554702887553203
5.8758210285178407,0.017436169961651499,5.7989596416326687,0.0043465002967159145,-0.00045026844680139127
5.9258115901448294,0.017652890715274257,5.8489506730260539,0.0043238728917669791,-0.00045499018285954782
5.975802156688272,0.017868474412027498,5.898941704419439,0.0043010094342806155,-0.00045971224329260734
6.025792728172954,0.018082909250990632,5.9489327358128232,0.0042779099078849477,-0.00046443463434290265
6.0757833046227647,0.018296183430413605,5.9989237672062083,0.0042545742958960747,-0.00046915736225249677
6.1257738860608644,0.018508285147701978,6.0489147985995935,0.004231002581318026,-0.00047388043326320909
6.1757644725095826,0.018719202599400998,6.0989058299929786,0.0042071947468427925,-0.00047860385361661579
6.2257550639903307,0.018928923981179631,6.1488968613863637,0.0041831507748503966,-0.00048332762955405643
6.2757456605237616,0.01913743748781567,6.1988878927797488,0.0041588706474088109,-0.00048805176731665496
6.3257362621296735,0.019344731313179823,6.248878924173134,0.004134354346274011,-0.0004927762731453258
6.3757268688269253,0.019550793650219746,6.2988699555665191,0.0041096018528900312,-0.00049750115328077514
6.4257174806335833,0.019755612690945154,6.3488609869599042,0.0040846131483888931,-0.00050222641396352528
6.4757080975668408,0.01995917662641189,6.3988520183532893,0.0040593882135906475,-0.00050695206143391944
6.525698719642925,0.020161473646706007,6.4488430497466744,0.0040339270290034304,-0.00051167810193212225
6.5756893468772519,0.020362491940928873,6.4988340811400596,0.0040082295748233941,-0.0005164045416981471
6.6256799792843308,0.020562219697181201,6.5488251125334447,0.0039822958309347397,-0.00052113138697185732
6.6756706168776772,0.02076064510254718,6.5988161439268298,0.0039561257769097861,-0.00052585864399296847
6.7256612596700034,0.020957756343079652,6.6488071753202149,0.0039297193920088628,-0.00053058631900107772
6.7756519076729784,0.021153541603783677,6.6987982067136,0.0039030766551804417,-0.00053531441823565147
6.8256425608974212,0.021347989068601674,6.7487892381069852,0.0038761975450610307,-0.00054004294793605584
6.8756332193532037,0.021541086920397565,6.7987802695003703,0.0038490820399752286,-0.00054477191434155819
6.9256238830491661,0.021732823340940871,6.8487713008937554,0.0038217301179357776,-0.00054950132369132731
6.975614551993262,0.021923186510891743,6.8987623322871396,0.0037941417566434723,-0.00055423118222446216
7.0256052261924884,0.022112164609785122,6.9487533636805248,0.0037663169334872099,-0.00055896149617999191
7.0755959056527704,0.022299745816014818,6.9987443950739099,0.0037382556255440369,-0.00056369227179688
7.1255865903791289,0.022485918306818582,7.048735426467295,0.0037099578095790681,-0.00056842351531404781
7.1755772803756006,0.022670670258262238,7.0987264578606801,0.0036814234620455247,-0.00057315523297037834
7.225567975645121,0.022853989845223764,7.1487174892540652,0.0036526525590847886,-0.00057788743100471805
7.275558676189708,0.023035865241378406,7.1987085206474504,0.0036236450765263092,-0.00058262011565590201
7.3255493820103519,0.023216284619182754,7.2486995520408355,0.0035944009898876525,-0.00058735329316275588
7.3755400931069346,0.023395236149858903,7.2986905834342206,0.003564920274374541,-0.00059208696976409945
7.4255308094783841,0.023572708003379482,7.3486816148276057,0.0035352029048807696,-0.00059682115169877093
7.4755215311225829,0.02374868834845183,7.3986726462209909,0.0035052488559882424,-0.0006015558452056284
7.5255122580362688,0.023923165352502055,7.448663677614376,0.0034750581019670299,-0.0006062910565235543
7.5755029902152042,0.024096127181660154,7.4986547090077611,0.0034446306167752595,-0.00061102679189147891
7.6254937276540886,0.024267562000744144,7.5486457404011462,0.0034139663740591674,-0.00061576305754838237
7.6754844703464427,0.024437457973244169,7.5986367717945313,0.003383065347153148,-0.00062049985973329882
7.7254752182847897,0.024605803261307572,7.6486278031879165,0.0033519275090796458,-0.00062523720468533829
7.7754659714605596,0.024772586025723055,7.6986188345813016,0.0033205528325492058,-0.00062997509864369376
7.825456729863987,0.024937794425904793,7.7486098659746867,0.0032889412899605123,-0.00063471354784763723
7.8754474934842804,0.025101416619877512,7.7986008973680709,0.0032570928534002971,-0.00063945255853654979
7.9254382623095179,0.025263440764260583,7.8485919287614561,0.0032250074946433677,-0.0006441921369499217
7.9754290363265739,0.025423855014252299,7.8985829601548412,0.0031926851851526686,-0.00064893228932735468
8.025419815521257,0.025582647523614773,7.9485739915482263,0.0031601258960791616,-0.00065367302190858661
8.075410599878234,0.025739806444658172,7.9985650229416114,0.0031273295982618731,-0.00065841434093349505
8.1254013893809276,0.0258953199282249,8.0485560543349965,0.0030942962622279445,-0.00066315625264209684
8.1753921840116774,0.026049176123674578,8.0985470857283826,0.0030610258581925112,-0.00066789876327457537
8.2253829837516612,0.026201363178868241,8.1485381171217668,0.0030275183560587518,-0.0006726418790712821
8.2753737885807652,0.026351869240152509,8.1985291485151528,0.002993773725417937,-0.00067738560627273771
8.325364598477794,0.026500682452344607,8.248520179908537,0.0029597919355493049,-0.00068212995111965804
8.3753554134203387,0.026647790958716527,8.2985112113019213,0.002925572955420108,-0.00068687491985295517
8.4253462333847011,0.026793182900979262,8.3485022426953073,0.0028911167536856625,-0.00069162051871373971
8.475337058346053,0.02693684641926776,8.3984932740886915,0.0028564232986892208,-0.00069636675394334679
8.5253278882783299,0.02707876965212511,8.4484843054820775,0.0028214925584620219,-0.00070111363178333665
8.5753187231541634,0.027218940736486813,8.4984753368754617,0.002786324500723331,-0.00070586115847549684
8.62530956294502,0.027357347807665699,8.5484663682688478,0.0027509190928803168,-0.00071060934026186649
8.6753004076211138,0.027493978999336133,8.598457399662232,0.0027152763020280983,-0.00071535818338474026
8.7252912571513122,0.027628822443518282,8.648448431055618,0.002679396094949786,-0.0007201076940866678
8.7752821115032997,0.027761866270563016,8.6984394624490022,0.0026432784381163533,-0.00072485787861048079
8.8252729706434909,0.027893098609136184,8.7484304938423882,0.0026069232976866788,-0.00072960874319929223
8.8752638345369181,0.028022507586202807,8.7984215252357725,0.0025703306395075975,-0.00073436029409650039
8.9252547031474414,0.028150081327012105,8.8484125566291585,0.0025335004291137399,-0.00073911253754581623
8.9752455764374961,0.028275807955081347,8.8984035880225427,0.0024964326317276821,-0.00074386547979124864
9.0252364543682937,0.02839967559218087,8.9483946194159287,0.0024591272122597889,-0.00074861912707713826
9.0752273368997312,0.028521672358318293,8.998385650809313,0.0024215841353082482,-0.00075337348564815342
9.125218223990279,0.028641786371722801,9.048376682202699,0.0023838033651591302,-0.00075812856174929351
9.1752091155971627,0.028760005748830024,9.0983677135960832,0.0023457848657862405,-0.0007628843616259163
9.2252000116762591,0.028876318604266319,9.1483587449894674,0.0023075286008511589,-0.00076764089152373623
9.2751909121820049,0.028990713050833023,9.1983497763828534,0.0022690345337032956,-0.00077239815768882683
9.3251818170675591,0.029103177199491358,9.2483408077762377,0.0022303026273797362,-0.00077715616636764675
9.3751727262846973,0.029213699159346629,9.2983318391696237,0.0021913328446052883,-0.00078191492380704029
9.4251636397837437,0.029322267037632618,9.3483228705630079,0.0021521251477925338,-0.00078667443625423923
9.4751545575137079,0.029428868939696387,9.3983139019563939,0.0021126794990416705,-0.00079143470995688726
9.5251454794221964,0.029533492968982521,9.4483049333497782,0.0020729958601405584,-0.00079619575116304136
9.5751364054553356,0.029636127227017521,9.4982959647431642,0.0020330741925647681,-0.00080095756612117482
9.6251273355579059,0.029736759813394555,9.5482869961365484,0.001992914457477425,-0.00080572016108019942
9.6751182696732698,0.029835378825757812,9.5982780275299344,0.0019525166157292543,-0.00081048354228946862
9.7251092077423049,0.029931972357289963,9.6482690589233187,0.0019118784306790689,-0.000816537668634884
9.7751001497264784,0.030026518900475072,9.6982600903167047,0.0018704666148544812,-0.00084023223779055103
9.8250910956367381,0.030118965620130361,9.7482511217100889,0.0018278702695539049,-0.00086392733324477142
9.8750820454927766,0.030209253299720348,9.7982421531034749,0.0017840893706938938,-0.00088762286586872104
9.9250729993057334,0.03029732272160536,9.8482331844968591,0.0017391238986491945,-0.00091131874646076152
9.9750639570788628,0.030383114667266425,9.8982242158902451,0.0016929738382556602,-0.00093501488574619228
10.025054918807241,0.030466569917528601,9.9482152472836294,0.0016456391788139953,-0.0009587111943765447
10.075045884477721,0.030547629252784939,9.9982062786770154,0.0015971199140933064,-0.00098240758292898918
10.125036854068656,0.030626233453220308,10.0481973100704,0.0015474160423349062,-0.0010061039619056434
10.17502782754957,0.030702323299035335,10.098188341463784,0.0014965275662561816,-0.0010298002417328525
10.225018804881149,0.030775839570671138,10.14817937285717,0.0014444544930542116,-0.0010534963327606289
10.275009786014927,0.030846723049033856,10.198170404250554,0.0013911968344096997,-0.0010771921452619373
10.325000770893004,0.03091491451571934,10.24816143564394,0.0013367546064909184,-0.0011008875894320124
10.374991759447983,0.030980354753238609,10.298152467037324,0.0012811278299574452,-0.0011245825753877765
10.424982751602709,0.031042984545243079,10.34814349843071,0.0012243165299641709,-0.0011482770131671554
10.474973747269921,0.031102744676750105,10.398134529824095,0.0011663207361653695,-0.0011719708127283875
10.524964746352307,0.031159575934369188,10.448125561217481,0.0011071404827184687,-0.0011956638839494727
10.574955748742008,0.031213419106527803,10.498116592610865,0.0010467758082883449,-0.0012193561366274233
10.624946754320645,0.031264214983698121,10.548107624004251,0.00098522675605114385,-0.0012430474804777159
10.674937762959001,0.031311904358623549,10.598098655397635,0.00092249337369848289,-0.0012667378251336172
10.724928774516732,0.03135642802654566,10.648089686791021,0.00085857571344168093,-0.0012904270801455081
10.774919788842343,0.031397726785431623,10.698080718184405,0.00079347383201569619,-0.0013141151549803329
10.824910805772859,0.031435741436201523,10.748071749577791,0.00072718779068343855,-0.00133780195902093
10.874901825133568,0.031470412782956245,10.798062780971176,0.00065971765524008104,-0.0013614874015653686
10.924892846737963,0.031501681633205561,10.848053812364562,0.00059106349601709747,-0.0013851713918264098
10.974883870387433,0.031529488798096479,10.898044843757946,0.00052122538788666197,-0.0014088538389308389
11.024874895870997,0.031553775092641796,10.948035875151332,0.00045020341026606742,-0.0014325346519188211
11.074865922965255,0.031574481335949235,10.998026906544716,0.00037799764712184421,-0.0014562137397433625
11.124856951434086,0.031591548351450442,11.0480179379381,0.00030460818697424077,-0.0014798910112696663
11.174847981028359,0.031604916967130657,11.098008969331486,0.00023003512290176658,-0.0015035663752744819
11.224839011485889,0.031614528015758495,11.148000000724871,0.00015427855254537695,-0.001527239740445588
11.274830042531153,0.031620322335116018,11.197991032118257,7.7338578113041146e-05,-0.0015509110153811611
11.324821073875004,0.031622240768229226,11.247982063511641,-7.8469361560675522e-07,-0.0015745801085891291
11.3748121052146,0.031620224163598741,11.297973094905027,-8.0091151285017082e-05,-0.0015982469284866691
11.424803136233152,0.031614213375430841,11.347964126298411,-0.00016058067895903882,-0.0016219113833995816
11.474794166599583,0.031604149263868807,11.397955157691797,-0.00024225315611620579,-0.0016455733815616694
11.524785195968542,0.031589972695224594,11.447946189085181,-0.0003251084576453802,-0.0016692328311142324
11.574776223980081,0.031571624542210783,11.497937220478567,-0.0004091464538410002,-0.0016928896401054631
11.624767250259364,0.031549045684172917,11.547928251871951,-0.00049436701039825648,-0.0017165437164898313
11.67475827441663,0.03152217700732203,11.597919283265337,-0.00058076998840866402,-0.0017401949681275994
11.724749296046916,0.031490959404967656,11.647910314658722,-0.00066835524435523454,-0.001763843302784226
11.774740314729742,0.031455333777751102,11.697901346052108,-0.00075712263010753022,-0.0017874886281297627
11.824731330029094,0.031415241033878979,11.747892377445492,-0.00084707199291720442,-0.0018111308517383845
11.874722341493115,0.031370622089357106,11.797883408838878,-0.0009382031754130468,-0.0018347698810878066
11.924713348653835,0.031321417868224941,11.847874440232262,-0.0010305160155959763,-0.0018584056235586939
11.974704351027107,0.031267569302789941,11.897865471625646,-0.0011240103468344949,-0.0018820379864342065
12.024695348112346,0.031209017333862599,11.947856503019032,-0.0012186859978596597,-0.0019056668768994305
12.074686339392212,0.031145702910991835,11.997847534412417,-0.0013145427927599759,-0.0019292922020408014
12.12467732433258,0.031077566992700374,12.047838565805803,-0.0014115805509767921,-0.0019529138688456646
12.17466830238228,0.031004550546720869,12.097829597199187,-0.0015097990872991812,-0.0019765317842017184
12.22465927297276,0.030926594550232261,12.147820628592573,-0.0016091982118587619,-0.0020001458548964558
12.274650235518074,0.030843639990096264,12.197811659985957,-0.0017097777301250049,-0.0020237559876167383
12.324641189414603,0.030755627863094465,12.247802691379343,-0.001811537442900056,-0.0020473620889482542
12.374632134040745,0.030662499176165873,12.297793722772727,-0.0019144771463134593,-0.00207096406537498
12.424623068756892,0.030564194946644318,12.347784754166113,-0.0020185966318174214,-0.0020945618232787633
12.474613992905129,0.030460656202496741,12.397775785559498,-0.0021238956861815116,-0.0021181552689388005
12.524604905808971,0.030351823982561778,12.447766816952884,-0.0022303740914873531,-0.0021417443085311096
12.574595806773308,0.030237639336788247,12.497757848346268,-0.0023380316251238077,-0.0021653288481281456
12.624586695084114,0.030118043326474553,12.547748879739654,-0.0024468680597815873,-0.0021889087936982727
12.674577570008168,0.029992977024508351,12.597739911133038,-0.0025568831634478852,-0.0022124840511052743
12.72456843079306,0.029862381515606107,12.647730942526424,-0.0026680766994015503,-0.0022360545261079783
12.77455927666673,0.029726197896553883,12.697721973919808,-0.002780448426207319,-0.0022596201243596996
12.824550106837505,0.029584367276447598,12.747713005313194,-0.0028939980977109982,-0.0022831807514078831
12.874540920493775,0.029436830776934198,12.797704036706579,-0.0030087254630339622,-0.0023067363126936342
12.924531716803738,0.029283529532453424,12.847695068099963,-0.0031246302665676163,-0.0023302867135512224
12.974522494915334,0.029124404690479111,12.897686099493349,-0.0032417122479684473,-0.0023538318592077521
13.024513253955995,0.028959397411761678,12.947677130886733,-0.0033599711421524597,-0.0023773716547826887
13.074503993032334,0.028788448870570943,12.997668162280119,-0.0034794066792895894,-0.0024009060052874011
13.124494711230126,0.028611500254938568,13.047659193673503,-0.003600018584798683,-0.0024244348156248399
13.174485407614016,0.028428492766901802,13.097650225066889,-0.0037218065793418569,-0.0024479579905890806
13.224476081227245,0.028239367622747431,13.147641256460274,-0.0038447703788188673,-0.0024714754348648948
13.274466731091604,0.02804406605325542,13.19763228785366,-0.0039689096943620163,-0.0024949870530274372
13.32445735620716,0.027842529303943719,13.247623319247044,-0.0040942242323304774,-0.0025184927495418203
13.374447955551984,0.027634698635313627,13.29761435064043,-0.0042207136943045722,-0.0025419924287626958
13.424438528081829,0.027420515323095602,13.347605382033814,-0.0043483777770799764,-0.0025654859949338425
13.474429072730926,0.027199920658490792,13.3975964134272,-0.0044772161726646586,-0.0025889733521882474
13.524419588410108,0.026972855948424398,13.447587444820584,-0.004607228568269079,-0.0026124544045469829
13.574410074007845,0.02673926251578702,13.49757847621397,-0.0047384146463036944,-0.0026359290559194127
13.624400528389696,0.02649908169968309,13.547569507607355,-0.004870774084372512,-0.0026593972101026991
13.674390950398008,0.026252254855678718,13.597560539000741,-0.005004306555267209,-0.002682858770781415
13.724381338851924,0.025998723356048713,13.647551570394125,-0.0051390117269619617,-0.0027063136415273045
13.774371692547074,0.025738428590025175,13.697542601787511,-0.005274889262607569,-0.0027297617257989147
13.82436201025531,0.025471311964046575,13.747533633180895,-0.0054119388205255744,-0.0027532029269412409
13.874352290724666,0.025197314902006038,13.797524664574279,-0.0055501600542029912,-0.0027766371481855001
13.924342532679097,0.024916378845501082,13.847515695967665,-0.0056895526122864564,-0.0028000642926487959
13.974332734818177,0.024628445254084218,13.89750672736105,-0.0058301161385761876,-0.0028234842633337752
14.024322895817097,0.024333455605512117,13.947497758754436,-0.0059718502720208216,-0.002846896963128434
14.074313014326361,0.024031351395996998,13.99748879014782,-0.0061147546467113598,-0.0028703022948057943
14.124303088971541,0.023722074140458248,14.047479821541206,-0.006258828891875224,-0.0028937001610235954
14.174293118353214,0.02340556537277301,14.09747085293459,-0.0064040726318709386,-0.0029170904643241119
14.224283101046721,0.02308176664602872,14.147461884327976,-0.006550485486182157,-0.0029404731071338611
14.274273035601869,0.022750619532776184,14.19745291572136,-0.006698067069411541,-0.0029638479917633138
14.324262920542932,0.022412065625281148,14.247443947114746,-0.0068468169912756019,-0.0029872150204067502
14.374252754368253,0.022066046535779073,14.29743497850813,-0.0069967348565982143,-0.0030105740951419297
14.42424253555024,0.021712503896727728,14.347426009901517,-0.0071478202653053212,-0.0030339251179299486
14.474232262535088,0.021351379361061809,14.397417041294901,-0.0073000728124189077,-0.003057267990615
14.524221933742499,0.020982614602448268,14.447408072688287,-0.007453492088050853,-0.003080602614924119
14.574211547565692,0.020606151315540236,14.497399104081671,-0.0076080776773975942,-0.0031039288924670674
14.624201102371071,0.020221931216233037,14.547390135475057,-0.0077638291607340032,-0.0031272467247361077
14.674190596498022,0.019829896041920904,14.597381166868441,-0.0079207461134072534,-0.0031505560131057792
14.724180028258843,0.019429987551752025,14.647372198261825,-0.0080788281058314457,-0.0031738566588328078
14.774169395938481,0.019022147526886132,14.697363229655211,-0.0082380747034814499,-0.0031971485630558996
14.824158697794275,0.018606317770752438,14.747354261048596,-0.0083984854668867331,-0.0032204316267955466
14.874147932055921,0.018182440109305996,14.797345292441982,-0.0085600599516260003,-0.0032437057509539617
14.924137096925218,0.017750456391286661,14.847336323835366,-0.0087227977083209826,-0.0032669708363149033
14.974126190575767,0.017310308488478379,14.897327355228752,-0.0088866982826302648,-0.0032902267835435033
15.024115211152997,0.016861938295966931,14.947318386622136,-0.0090517612152438733,-0.0033134734931862257
15.074104156773863,0.016405287732400149,14.997309418015522,-0.0092179860418770861,-0.0033367108656707093
15.12409302552658,0.015940298740248698,15.047300449408906,-0.0093853722932642075,-0.003359938801305651
15.174081815470629,0.015466913286064971,15.097291480802292,-0.009553919495153192,-0.0033831572002807671
15.224070524636454,0.014985073360744948,15.147282512195677,-0.0097236271682993487,-0.0034063659626666701
15.274059151025231,0.014494720979790057,15.197273543589063,-0.0098944948284592198,-0.0034295649884147753
15.324047692608831,0.013995798183567715,15.247264574982447,-0.010066521986385071,-0.0034527541773572896
15.374036147329544,0.01348824703757426,15.297255606375833,-0.0102397081478187,-0.0034759334292071369
15.424024513099852,0.012972009632698523,15.347246637769217,-0.010414052813485201,-0.003499102643557855
15.474012787802373,0.012447028085483374,15.397237669162603,-0.010589555479087546,-0.0035222617198836532
15.524000969289624,0.011913244538390294,15.447228700555987,-0.010766215635300324,-0.0035454105575393239
15.573989055383748,0.011370601160064338,15.497219731949373,-0.010944032767763479,-0.0035685490557602053
15.62397704387649,0.010819040145596948,15.547210763342758,-0.011123006357076956,-0.0035916771136622421
15.673964932528964,0.010258503716791795,15.597201794736142,-0.01130313587879443,-0.0036147946302419495
15.723952719071349,0.0096889341224314883,15.647192826129528,-0.011484420803416977,-0.0036379015043763807
15.773940401202918,0.0091102736385414475,15.697183857522912,-0.011666860596387786,-0.0036609976348232253
15.823927976591751,0.0085224645686573404,15.747174888916298,-0.011850454718085837,-0.0036840829202208058
15.873915442874496,0.0079254492440930212,15.797165920309682,-0.012035202623819668,-0.0037071572590880769
15.92390279765632,0.0073191700242059045,15.847156951703068,-0.01222110376382197,-0.0037302205498247532
15.973890038510703,0.0067035692966657748,15.897147983096453,-0.012408157583243378,-0.0037532726907113264
16.02387716297914,0.0060785894777241507,15.947139014489839,-0.012596363522146164,-0.0037763135799091041
16.073864168571149,0.0054441730124810163,15.997130045883223,-0.012785721015498911,-0.0037993431154603585
16.123851052764,0.0048002623751550073,16.047121077276607,-0.012976229493170271,-0.0038223611952883899
16.173837813002471,0.0041468000693543547,16.097112108669993,-0.013167888379922653,-0.0038453677171975701
16.223824446698849,0.0034837286283446664,16.147103140063379,-0.013360697095406998,-0.003868362578873556
16.273810951232647,0.0028109906153209324,16.197094171456765,-0.013554655054156435,-0.0038913456778833463
16.32379732395038,0.0021285286236795015,16.247085202850148,-0.013749761665580118,-0.0039143169116753959
16.373783562165535,0.0014362852772876016,16.297076234243534,-0.013946016333957882,-0.0039372761775798197
16.423769663158325,0.00073420323075639934,16.34706726563692,-0.014143418458434046,-0.0039602233728085181
16.473755624175435,2.2225169714850529e-05,16.397058297030306,-0.014341967433011134,-0.003983158394455291
16.523741442430033,-0.00069970618891992617,16.447049328423688,-0.014541662646544717,-0.0040060811394961029
16.573727115101505,-0.0014316480966677717,16.497040359817074,-0.014742503482737118,-0.0040289915047892087
16.623712639335196,-0.0021736577732104079,16.54703139121046,-0.014944489320131222,-0.0040518893870753322
16.673698012242419,-0.0029257924061195373,16.597022422603843,-0.015147619532105286,-0.0040747746829779344
16.72368323090021,-0.0036881091505807581,16.647013453997229,-0.015351893486866757,-0.0040976472890033996
16.773668292351068,-0.0044606651291167962,16.697004485390615,-0.015557310547446029,-0.004120507101541211
16.823653193602983,-0.0052435174313148758,16.746995516784001,-0.015763870071691461,-0.0041433540168643009
16.873637931629048,-0.0060367231135469226,16.796986548177383,-0.015971571412262627,-0.0041661879311291807
16.923622503367518,-0.0068403391986958696,16.846977579570769,-0.016180413916625305,-0.0041890087403763003
16.97360690572151,-0.0076544226758771122,16.896968610964155,-0.01639039692704531,-0.0042118163405302743
17.023591135558799,-0.0084790305001594748,16.946959642357541,-0.016601519780582386,-0.0042346106274001307
17.073575189711807,-0.0093142195922898581,16.996950673750923,-0.016813781809085136,-0.0042573914966796767
17.123559064978842,-0.010160046750696594,17.04694170514431,-0.017027125093546119,-0.0042552561318980331
17.173542760638938,-0.01101642228107387,17.096932736537696,-0.017233651849556206,-0.0040073216028164629
17.223526283748033,-0.011882811065513643,17.146923767931082,-0.017427787805052376,-0.0037595329839725414
17.273509643151961,-0.012758593912244884,17.196914799324464,-0.017609539922884953,-0.0035118770171535278
17.32349284803966,-0.013643151966701248,17.24690583071785,-0.017778914502854341,-0.0032643404338087911
17.373475907920817,-0.014535866678086137,17.296896862111236,-0.017935917181191509,-0.0030169099549127317
17.423458832603128,-0.015436119765887565,17.346887893504622,-0.018080552930030327,-0.0027695722908165333
17.47344163216972,-0.016343293186348615,17.396878924898004,-0.018212826056872296,-0.0025223141410880656
17.523424316956916,-0.017256769098899873,17.44686995629139,-0.018332740204043785,-0.0022751221943394678
17.57340689753168,-0.018175929832543992,17.496860987684776,-0.018440298348143491,-0.0020279831280461016
17.623389384669217,-0.019100157852199158,17.546852019078159,-0.01853550279948089,-0.0017808836083562001
17.67337178933078,-0.020028835725006452,17.596843050471545,-0.01861835520150534,-0.0015338102898908483
17.723354122641314,-0.020961346086592659,17.646834081864931,-0.018688856530224528,-0.0012867498155377148
17.773336395867098,-0.021897071607293962,17.696825113258317,-0.018747007093612499,-0.0010396888162380617
17.823318620393632,-0.022835394958346012,17.746816144651699,-0.018792806531007195,-0.00079261391076665703
17.873300807703341,-0.023775698778031876,17.796807176045085,-0.018826253812496533,-0.00054551170550785411
17.923282969353238,-0.024717365637792921,17.846798207438471,-0.018847347238293267,-0.00029836879422755175
17.973265116952856,-0.02565977800830882,17.896789238831857,-0.018856084438098504,-5.1171757840396105e-05
18.023247262141822,-0.026602318225534851,17.94678027022524,-0.018852462370453325,0.00019609283582358385
18.073229416567756,-0.027544368456711675,17.996771301618626,-0.018836477322078805,0.00044343843225592983
18.123211591863903,-0.028485310666336167,18.046762333012012,-0.018808124907204116,0.00069087849050624198
18.17319379962678,-0.029424526582099469,18.096753364405398,-0.018767400066882916,0.00093842648341878722
18.223176051393963,-0.030361397660796416,18.14674439579878,-0.018714297068297667,0.001186095897869302
18.273158358621647,-0.031295305054198995,18.196735427192166,-0.01864880950405241,0.0014339002349990225
18.323140732662129,-0.032225629574898287,18.246726458585552,-0.018570930291453947,0.0016818530104460382
18.373123184741509,-0.033151751662121504,18.296717489978935,-0.018480651671781125,0.001929967754574699
18.423105725937077,-0.034073051347513587,18.346708521372321,-0.018377965209543164,0.0021782580126992017
18.473088367166479,-0.034988908221107701,18.396699552765707,-0.018262861791698195,0.0024267373453613055
18.52307111911778,-0.035898701396186686,18.446690584159093,-0.018135331627001528,0.0026754193283080861
18.573053992297833,-0.036801809476286237,18.496681615552475,-0.017995364245067622,0.0029243175530516345
18.623036996961865,-0.037697610519995241,18.546672646945861,-0.017842948495692543,0.0031734456268308624
18.673020143104011,-0.038585482006848942,18.596663678339247,-0.017678072548029031,0.0034228171728676671
18.723003440431025,-0.039464800802894509,18.646654709732633,-0.017500723889793356,0.0036724458305307356
18.772986898340665,-0.040334943126317913,18.696645741126016,-0.017310889326449863,0.0039223452555122371
18.822970525899546,-0.04119528451304013,18.746636772519402,-0.017108554980386714,0.0041725291199910686
18.872954331819042,-0.042045199782258784,18.796627803912788,-0.016893706290090731,0.0044230111127743091
18.922938324431723,-0.04288406300198231,18.846618835306174,-0.016666328009313107,0.0046738049394288387
18.972922511667953,-0.043711247454548761,18.896609866699556,-0.016426404206227825,0.0049249243223997092
19.022906901032073,-0.044526125602122463,18.946600898092942,-0.016173918262585602,0.0051763830011119201
19.072891499578457,-0.045328069052173653,18.996591929486328,-0.015908852872863369,0.0054281947320556426
19.122876313887673,-0.046116448522947211,19.046582960879714,-0.015631190043408429,0.0056803732888554628
19.172861350042215,-0.04689063380891282,19.096573992273097,-0.015340911091581026,0.0059329324623197573
19.222846613602083,-0.047649993746202969,19.146565023666483,-0.015037996644894986,0.0061858860604705598
19.272832109580467,-0.048393896178043738,19.196556055059869,-0.01472242664015588,0.0064392479085541203
19.322817842418996,-0.049121707920172557,19.246547086453251,-0.014394180322600529,0.0066930318490285136
19.372803815962772,-0.049832794726247909,19.296538117846637,-0.014053236245038101,0.0069472517415282318
19.422790033435483,-0.050526521253257274,19.346529149240023,-0.013699572266991627,0.0072019214628063219
19.472776497414145,-0.051202251026917715,19.396520180633409,-0.013333165553844634,0.0074570549066500366
19.522763209803461,-0.051859346407073841,19.446511212026792,-0.012953992575993114,0.0077126659837700754
19.572750171810444,-0.052497168553100333,19.496502243420178,-0.012562029108001305,0.0079687686216637858
19.622737383918377,-0.053115077389302483,19.546493274813564,-0.012157250227767452,0.0082253767644481016
19.672724845860685,-0.053712431570322502,19.59648430620695,-0.01173963031569812,0.008482504372662826
19.72271255659475,-0.054288588446555194,19.646475337600332,-0.011309143053891786,0.0087401654230434677
19.772700514275272,-0.054842904029570871,19.696466368993718,-0.010865761425335867,0.0089983739082606859
19.822688716227347,-0.055374732957550278,19.746457400387104,-0.010409457713118346,0.0092571438366255022
19.872677158919636,-0.055883428460737954,19.79644843178049,-0.0099402034996522726,0.0095164892317606779
19.922665837936865,-0.056368342326910209,19.846439463173873,-0.0094579696659201681,0.0097764241322341027
19.972654747952223,-0.056828824866864983,19.896430494567259,-0.0089627263907378109,0.010036962591153971
20.022643882699676,-0.057264224879938576,19.946421525960645,-0.0084544431500362827,0.010298118675726081
20.07263323494562,-0.057673889619546913,19.996412557354031,-0.007933088716170272,0.010559906466768451
20.122622796460526,-0.058057164758759286,20.046403588747413,-0.0073986311572513952,0.010822340058183567
20.172612557990256,-0.05841339435590831,20.096394620140799,-0.0068510378365063346,0.011085433556387941
20.222602509226984,-0.058741920820236881,20.146385651534185,-0.0062902754116674559,0.01134920107969457
20.272592638779763,-0.05904208487758817,20.196376682927568,-0.005716309834395532,0.011613656757648161
20.322582934145032,-0.059313225536144307,20.246367714320954,-0.0051291063497336323,0.011878814730313004
20.372573381676538,-0.059554680052214468,20.29635874571434,-0.0045286294956014802,0.012144689147508476
20.422563966553007,-0.059765783896072004,20.346349777107726,-0.0039148431023523578,0.012411294167982463
20.472554672752477,-0.059945870717882488,20.396340808501108,-0.0032877102922873928,0.012678643958567638
20.522545483030413,-0.060094272313689856,20.446331839894494,-0.0026471934791525479,0.012946752693304709
20.572536378839459,-0.060210318591321012,20.49632287128788,-0.0019932543684357891,0.013215634552196249
20.622527340369857,-0.060293337536720629,20.546313902681266,-0.0013258539561613141,0.013485303720550224
20.672518346469964,-0.060342655180003063,20.596304934074649,-0.0006449525292645293,0.013755774387621407
20.722509374625808,-0.060357595561779276,20.646295965468035,4.9490334731256644e-05,0.014027060745507042
20.772500400928045,-0.060337480699537802,20.696286996861421,0.00075751576782533006,0.014299176987912521
20.822491400072387,-0.060281654038137983,20.746278028254807,0.0014727580752851512,0.013406562790526631
20.872482352894178,-0.060193372519897176,20.796269059648189,0.0020171986748436796,0.0083729855128082085
20.922473264833439,-0.060084168242819751,20.846260091041575,0.0023097339294885825,0.0033290556524230592
20.972464158079163,-0.059966645846583698,20.896251122434961,0.0023499234247230712,-0.0017221414449414784
21.022455061170625,-0.059853428118433645,20.946242153828347,0.0021374810572996118,-0.0067775158885272913
21.072445999396244,-0.059757148289120328,20.99623318522173,0.0016722755157019453,-0.01183396309002189
21.122436985208836,-0.059690442287937275,21.046224216615116,0.00095433126949550024,-0.016888353583650734
21.172428008633851,-0.059665940919396962,21.096215248008502,-1.6169934187063454e-05,-0.021937522936373993
21.22241902771562,-0.059696261924218716,21.146206279401884,-0.001238887074633453,-0.026978261874003619
21.272409959030249,-0.059794001888035006,21.19619731079527,-0.0027133173759394088,-0.03200730674872667
21.322400668296563,-0.059971727962341681,21.246188342188656,-0.0044387933600392856,-0.03702133047489406
21.372390961116494,-0.060241969363765489,21.296179373582042,-0.0064144794609565002,-0.042016934060731953
21.422380573878918,-0.060617208619711323,21.346170404975425,-0.0086393682333041674,-0.04699063886430687
21.472369164859785,-0.061109872530868109,21.396161436368811,-0.011112276194397438,-0.051938879701792527
21.522356305554961,-0.06173232282392975,21.446152467762197,-0.013831839345825483,-0.056857998935586601
21.572341472281572,-0.062496846471193905,21.496143499155583,-0.016796508426600115,-0.061744241667984576
21.622324038084997,-0.063415645657445896,21.546134530548965,-0.020004543956206648,-0.066593752163377359
21.672303264990973,-0.064500827378745712,21.596125561942351,-0.023454011132019868,-0.07140257161801776
21.722278296642038,-0.065764392662341312,21.646116593335737,-0.027142774651292282,-0.076166637390678874
21.772248151358173,-0.067218225401943346,21.696107624729123,-0.031068493533384499,-0.080881783800208135
21.82221171566383,-0.068874080808056376,21.746098656122506,-0.035228616023110414,-0.085543744586911677
21.872167738322375,-0.070743573478807442,21.796089687515892,-0.039620374660524892,-0.090148157123212516
21.922114824918978,-0.072838165102803137,21.846080718909278,-0.044240781606417624,-0.094690568445477588
21.972051433034444,-0.075169151811979834,21.896071750302664,-0.049086624316112659,-0.099166443163138648
22.021975868050202,-0.077747651208970966,21.946062781696046,-0.054154461656407887,-0.10357117328279665
22.071886279623413,-0.080584589100256468,21.996053813089432,-0.059440620561844966,-0.10790008996433041
22.121780658871415,-0.083690685973288381,22.046044844482818,-0.064941193326952862,-0.11214847720320986
22.17165683630062,-0.087076443262566555,22.096035875876201,-0.070652035630040064,-0.1163115874079689
22.221512480512711,-0.090752129456383279,22.146026907269587,-0.076568765381887005,-0.12038465881482181
22.271345097718697,-0.094727766102623234,22.196017938662973,-0.08268676248924707,-0.12436293465299501
22.321152032086314,-0.099013113778200629,22.246008970056359,-0.089001169617848805,-0.12824168394455832
22.370930466941694,-0.10361765809256514,22.296000001449741,-0.095506894033010006,-0.13201622379226882
22.420677426842236,-0.10855059580117898,22.345991032843127,-0.102198610588074,-0.13568194297876518
22.470389780531008,-0.11382082110950152,22.395982064236513,-0.10907076592114984,-0.13923432667069008
22.520064244776194,-0.11943691225192704,22.445973095629899,-0.11611758390953748,-0.14266898199302819
22.569697389094372,-0.12540711843344604,22.495964127023282,-0.12333307241909147,-0.14598166421292766
22.619285641348966,-0.13173934722398806,22.545955158416668,-0.13071103137211934,-0.14916830324899033
22.668825294195933,-0.13844115249492944,22.595946189810054,-0.13824506214088852,-0.15222503020168887
22.71831250901408,-0.14551974600314621,22.64593722120344,-0.14593447087831637,-0.15614524553534903
22.767742832722188,-0.15298520238353311,22.695928252596822,-0.1539196746057922,-0.1633589360145547
22.817110521902269,-0.16085412596183268,22.745919283990208,-0.1622715467434622,-0.17081942808253575
22.86640919286679,-0.16914438431014911,22.795910315383594,-0.17100315017279311,-0.17855579365511029
22.915631874892799,-0.17787441583259325,22.84590134677698,-0.1801290128820536,-0.18659761172737513
22.964770952480578,-0.18706328603374084,22.895892378170362,-0.18966515847336121,-0.19497516958197691
23.013818101463947,-0.19673074283328662,22.945883409563749,-0.199629145968029,-0.2037196336920547
23.062764218312211,-0.20689727091852592,22.995874440957135,-0.21004011739438699,-0.21286318993963169
23.111599341910324,-0.21758414497886983,23.045865472350517,-0.22091885157166116,-0.22243915070341874
23.160312567055001,-0.22881348150312558,23.095856503743903,-0.23228782232754616,-0.23248202418133659
23.208891948858462,-0.24060828863303124,23.145847535137289,-0.24417125909597781,-0.24302753890237555
23.257324397215044,-0.252992513349377,23.195838566530675,-0.2565952074227571,-0.25411261365752735
23.305595560467665,-0.2659910850126726,23.245829597924057,-0.26958758634233543,-0.26577525995421902
23.353689697412499,-0.27962995397964319,23.295820629317443,-0.28317823885613935,-0.27805440049634139
23.401589536817827,-0.29393612366254307,23.345811660710829,-0.2973989708169818,-0.29098958305700179
23.449276123720036,-0.30893767398214439,23.395802692104215,-0.31228357237813065,-0.30462056442120777
23.496728651909667,-0.32466377367806526,23.445793723497598,-0.32786781477090604,-0.31898673386409182
23.543924282251751,-0.34114467837328005,23.495784754890984,-0.3441894135057455,-0.33412634002061603
23.590837946914618,-0.35841171067205213,23.54577578628437,-0.36128794716670598,-0.35007547928966581
23.637442139889508,-0.37649721777762363,23.595766817677756,-0.37920471866781308,-0.36686679845244696
23.683706695198779,-0.39543450143332814,23.645757849071138,-0.39798254346950657,-0.3845278599833814
23.729598554862012,-0.41525771405943163,23.695748880464524,-0.41766544651988324,-0.40307911638965793
23.775081529996068,-0.43600171412550109,23.74573991185791,-0.43829824704583392,-0.4225314417650412
23.820116060194692,-0.45770187308826893,23.795730943251293,-0.45992600798499833,-0.44288317680915495
23.864658977921501,-0.48039382540635134,23.845721974644679,-0.48259332487698309,-0.46411666046625794
23.908663287420179,-0.50411315292774983,23.895713006038065,-0.50634342853942982,-0.48619425118135157
23.952077970220497,-0.528894994916421,23.945704037431451,-0.53121707698318998,-0.50905388696786857
23.994847832563522,-0.55477357575593755,23.995695068824833,-0.5572512160890406,-0.53260430023386662
24.036913413456627,-0.58178164404136368,24.045686100218219,-0.58447739650784303,-0.55672009318515137
24.07821097545029,-0.60994981967862416,24.095677131611605,-0.61291994726927856,-0.58123699269079632
24.118672603209991,-0.63930585004055207,24.145668163004991,-0.64259392575383223,-0.60594773496265075
24.158226436990294,-0.66987378240735562,24.195659194398374,-0.67350288965007044,-0.63059916808497063
24.196797068492124,-0.70167306792581419,24.24565022579176,-0.70563656908941641,-0.6548912824018841
24.234306124469704,-0.73471762198779356,24.295641257185146,-0.73896855476548595,-0.67847895228359001
24.270673058003126,-0.76901487671977797,24.345632288578532,-0.7734541570679333,-0.70097715611385047
24.305816157859681,-0.80456487219266803,24.395623319971914,-0.80902862646326745,-0.72197029023420711
24.339656335946639,-0.84135714451259491,24.4456143513653,-0.8452631511562203,-0.71827377402393322
24.372155035411929,-0.87933973000254084,24.495605382758686,-0.88066014096880951,-0.69755402428835089
24.403310099285385,-0.91843218347733158,24.545596414152072,-0.9149790730329711,-0.67521544672231504
24.433128408291147,-0.95855378010548276,24.595587445545455,-0.94814962811647552,-0.65167896087212007
24.461624270809011,-0.99962537791989148,24.645578476938841,-0.98012189703467645,-0.62733808521424572
24.488818439960568,-1.041570384202088,24.695569508332227,-1.0108647311862209,-0.60254847908773757
24.514737100616045,-1.0843155011795014,24.745560539725609,-1.0403636770975184,-0.57762169202361946
24.539410874257172,-1.1277912628539164,24.795551571118995,-1.0686186927846599,-0.55282257317449635
24.562873878004599,-1.1719323842370466,24.845542602512381,-1.095641810862056,-0.52836960006715117
24.585162862689771,-1.2166779495952948,24.895533633905767,-1.1214548745665045,-0.5044373375251906
24.606316444667296,-1.2619714682215735,24.94552466529915,-1.1460874344268048,-0.4811602913206296
24.626374437683339,-1.3077608256340856,24.995515696692536,-1.1695748591928143,-0.45863753369382276
24.645377284710378,-1.3539981558159935,25.045506728085922,-1.191956686862097,-0.43693761386480318
24.663365585131817,-1.4006396569012547,25.095497759479308,-1.2132752207160347,-0.41610340125284517
24.680379709721446,-1.4476453690431226,25.14548879087269,-1.2335743606820209,-0.39615662779228938
24.696459494343987,-1.4949789298659719,25.195479822266076,-1.2528986512648841,-0.37710199179443238
24.711644002534765,-1.5426073192276608,25.245470853659462,-1.271292522156688,-0.3589307586445617
24.725971347332404,-1.5905006024995332,25.295461885052848,-1.2887996959304926,-0.34162384481187202
24.739478563184569,-1.6386316789282545,25.345452916446231,-1.3054627373624208,-0.32515440543829532
24.752201519563602,-1.6869760396978262,25.395443947839617,-1.321322720511136,-0.3094899657810013
24.764174868861428,-1.7355115387423787,25.445434979233003,-1.336418991987657,-0.29459414684570601
24.775432022088342,-1.7842181780987543,25.495426010626389,-1.3507890114555037,-0.28042803876565708
24.786005146871357,-1.833077908802855,25.545417042019771,-1.364468253102203,-0.26695127421520937
24.795925183049135,-1.8820744473474726,25.595408073413157,-1.377490154257325,-0.25412285038230137
24.805221872056229,-1.9311931076898792,25.645399104806543,-1.3898860997619134,-0.24190174267502068
24.813923796890251,-1.9804206480562878,25.695390136199926,-1.4016854325901431,-0.23024734773133193
24.822058430119331,-2.0297451318213922,25.745381167593312,-1.4129154830280475,-0.21911978752793507
24.829652187889284,-2.0791558015377221,25.795372198986698,-1.4236016101445705,-0.20848010104305439
24.836730488335981,-2.1286429651436278,25.845363230380084,-1.4337672504924357,-0.19829034505291693
24.84331781318355,-2.1781978933633654,25.895354261773466,-1.443433969944401,-0.18851362131870611
24.849437771625418,-2.2278127273302402,25.945345293166852,-1.4526215153364188,-0.1791140436343038
24.855113165853101,-2.2774803955031002,25.995336324560238,-1.4613478631785042,-0.17005665490514243
24.860366057825246,-2.3271945389957298,26.045327355953624,-1.4696292631285612,-0.1613073015430414
24.865217837065487,-2.3769494444962378,26.095318387347007,-1.4774802742235471,-0.15283246990497684
24.869689289450161,-2.4267399840150179,26.145309418740393,-1.4849137920401512,-0.14459908718319345
24.87380066710211,-2.4765615607580562,26.195300450133779,-1.4919410650223717,-0.13657428697274554
24.877571759652501,-2.5264100604791797,26.245291481527165,-1.4985716981710948,-0.12872513759485718
24.881021967274542,-2.5762818077196594,26.295282512920547,-1.5048136421398974,-0.12101832902475639
24.8841713678557,-2.6261734654651523,26.345273544313933,-1.5106018150415015,-0.10998394164774231
24.887046468893047,-2.6760816950233277,26.395264575707319,-1.5158032440470568,-0.098067621930869514
24.889676914823877,-2.726003429436628,26.445255607100705,-1.5204025719128,-0.085896437803836226
24.892093023251991,-2.7759360072953472,26.495246638494088,-1.5243871765051709,-0.07347493378257397
24.89432576085656,-2.8258771301630894,26.545237669887474,-1.5277446323933794,-0.060806451337355821
24.896406729740992,-2.8758248152752413,26.59522870128086,-1.5304626534442551,-0.04789324371951402
24.898368157297522,-2.9257773440478592,26.645219732674242,-1.5325290419637811,-0.034736623136140718
24.900242889110803,-2.9757332064568116,26.695210764067628,-1.5339316460190004,-0.021337141000658765
24.902064384312986,-3.0256910413113682,26.745201795461014,-1.5346583266194758,-0.0076948023468134076
24.90386671268945,-3.0756495724167543,26.7951928268544,-1.5346969365006131,0.0061906841637793877
24.905684552716771,-3.1256075405957255,26.845183858247783,-1.5340353123300818,0.020319618923069067
24.907553189592299,-3.1755636315271052,26.895174889641169,-1.5326612822496273,0.034691984843991629
24.909508512186317,-3.2255163993629177,26.945165921034555,-1.5305626907612353,0.049307079680159883
24.911587007714544,-3.2754641861039078,26.995156952427941,-1.5277274430596877,0.064163105448227856
24.9138257527901,-3.3254050367542338,27.045147983821323,-1.5241435709906503,0.079256713674060911
24.916262399372915,-3.3753366103440223,27.095139015214709,-1.5197993228580751,0.094582506020595827
24.918935153993591,-3.4252560870026407,27.145130046608095,-1.5146832792967238,0.11013249114313353
24.921882748493331,-3.4751600713949444,27.195121078001481,-1.5087844973400888,0.12589550044821399
24.925144400398267,-3.5250444930009972,27.245112109394864,-1.5020926846213551,0.1418565678922431
24.928759760944942,-3.5749045039256764,27.29510314078825,-1.4945984053124193,0.15799628211833164
24.932768848705663,-3.6247343751748811,27.345094172181636,-1.4862933188965497,0.17429012314222894
24.937211966742062,-3.6745273926297197,27.395085203575022,-1.4771704521461273,0.19070780046047944
24.942129601260262,-3.7242757542823619,27.445076234968404,-1.4672245037026939,0.20721261479314176
24.947562299870189,-3.7739704706658279,27.49506726636179,-1.4564521794016021,0.22376087152101745
24.953550527785286,-3.8236012708039735,27.545058297755176,-1.4448525549291675,0.24030137993506798
24.960134500659436,-3.8731565164069606,27.595049329148559,-1.4324274605474125,0.2567750782300442
24.967353993261337,-3.9226231274233938,27.645040360541945,-1.4191818804964316,0.27311482912441665
24.975248123850854,-3.9719865224038604,27.695031391935331,-1.4051243573492282,0.28924543428394356
24.983855114950831,-4.0212305773911687,27.745022423328717,-1.3902673891551998,0.30508391643764193
24.993212032199477,-4.0703376071938795,27.795013454722099,-1.3746278048191372,0.32054011520941644
25.003354504102656,-4.1192883728770635,27.845004486115485,-1.3582271010254841,0.33551763529986206
25.014316426746117,-4.1680621190694254,27.894995517508871,-1.3410917223798611,0.34991517300343061
25.026129658816629,-4.2166366442060559,27.944986548902257,-1.323253265573455,0.36362822880929691
25.038823713543163,-4.2649884060743988,27.99497758029564,-1.3047485885558985,0.37655119029472145
25.052425455307773,-4.3130926639959082,28.044968611689026,-1.2856198071720613,0.38857974175079257
25.066958615192338,-4.3609237185329235,28.094959643082412,-1.2659553575319875,0.39407004782847421
25.082428583837814,-4.4084600633963085,28.144950674475798,-1.2464529863828469,0.38621532905340489
25.098813481375291,-4.4556888919019197,28.19494170586918,-1.2273356322517519,0.37866778166673021
25.116089502545613,-4.5025991159008827,28.244932737262566,-1.2085877827475053,0.37143328161596367
25.134233611583571,-4.54918048628228,28.294923768655952,-1.1901936869960847,0.36451555221646309
25.153223561827168,-4.5954235086083104,28.344914800049335,-1.1721374547786412,0.35791649800400105
25.173037907346639,-4.6413193628345093,28.394905831442721,-1.1544031397546939,0.35163650762902765
25.193656007757642,-4.6868598272545583,28.444896862836107,-1.1369748083085855,0.34567472627391238
25.215058027268189,-4.7320372066990597,28.494887894229493,-1.1198365955156289,0.34002929878775473
25.237224928896449,-4.7768442649332625,28.544878925622875,-1.1029727496514972,0.33469758522103638
25.260138464689312,-4.8212741611343173,28.594869957016261,-1.0863676665755311,0.32967635074970131
25.283781162669168,-4.8653203902780158,28.644860988409647,-1.0700059152149626,0.32496193214512148
25.308136311141904,-4.9089767272288363,28.694852019803033,-1.0538722552674107,0.32055038300603184
25.333187940912754,-4.9522371743036686,28.744843051196415,-1.0379516481278865,0.31643759994915771
25.358920805877176,-4.995095912061986,28.794834082589801,-1.0222292619389395,0.31261943188018909
25.385320362382771,-5.0375472530662782,28.844825113983187,-1.0066904715592084,0.30909177435375929
25.412372747695478,-5.0795855983543756,28.894816145376574,-0.9913208541480607,0.3058506508943753
25.440064757845455,-5.1212053963644646,28.944807176769956,-0.9761061809746423,0.30289228300099913
25.468383825078352,-5.1624011040575803,28.994798208163342,-0.96103240597733808,0.30021315040369362
25.497317995093439,-5.2031671499894436,29.044789239556728,-0.94608565152465895,0.29781004298727226
25.526855904210581,-5.2434978990898697,29.094780270950114,-0.93125219176202056,0.29568010564832009
25.556986756572886,-5.2833876189164197,29.144771302343496,-0.91651843386913878,0.29382087721047478
25.587700301462608,-5.3228304471591716,29.194762333736882,-0.90187089749945892,0.29223032438991903
25.618986810779276,-5.3618203601814765,29.244753365130268,-0.88729619262699966,0.29090687167935625
25.650837056705463,-5.4003511423907025,29.294744396523651,-0.87278099598551573,0.28984942790401547
25.683242289563971,-5.4384163562430246,29.344735427917037,-0.85831202624943337,0.28905741009693753
25.716194215850003,-5.4760093126936784,29.394726459310423,-0.84387601807662804,0.28853076524215937
25.749684976403181,-5.513123041912328,29.444717490703809,-0.82945969510798145,0.28826999034203432
25.783707124668425,-5.5497502640920828,29.494708522097191,-0.81504974199764024,0.28827615117747196
25.818253604976817,-5.5858833601869406,29.544699553490577,-0.80063277553199708,0.2885509000457977
25.853317730762168,-5.6215143424196627,29.594690584883963,-0.78619531488326344,0.28909649267829418
25.888893162613527,-5.6566348244101201,29.644681616277349,-0.77172375103501045,0.28991580445645521
25.924973886047148,-5.6912359907800028,29.694672647670732,-0.7572043154137027,0.29101234596033781
25.961554188864522,-5.7253085660970537,29.744663679064118,-0.74262304776078014,0.29239027779175325
25.998628637950283,-5.7588427830337547,29.794654710457504,-0.72796576328332296,0.29405442451702296
26.036192055315915,-5.7918283495975764,29.84464574185089,-0.7132180191433164,0.29601028746390518
26.074239493273577,-5.824254415387065,29.894636773244272,-0.69836508032301847,0.29826405598953154
26.112766208408694,-5.856109536665989,29.944627804637658,-0.68339188500314429,0.30082261668692539
26.151767621197049,-5.8873816567708195,29.994618836031044,-0.66829021353909435,0.30204635577811856
26.191235409994484,-5.91806309100396,30.04460986742443,-0.65335428540093998,0.29543752601741519
26.231151991944419,-5.9481583619135625,30.094600898817813,-0.63875755718333271,0.2884808354011813
26.271498403724735,-5.9776749341821578,30.144591930211199,-0.62451667919664255,0.28120592325240967
26.312255735496397,-6.006621489454786,30.194582961604585,-0.61064681598579917,0.27364252521733506
26.35340520824392,-6.0350078636362081,30.244573992997967,-0.59716165114373487,0.26582009463733736
26.394928244021774,-6.0628449799218567,30.294565024391353,-0.58407341009880842,0.2577674615406762
26.436806528578284,-6.0901447787145422,30.344556055784739,-0.57139289894254508,0.24951253334405929
26.479022066257464,-6.1169201456991189,30.394547087178125,-0.55912955711876799,0.24108203950844354
26.521557227124646,-6.1431848391780237,30.444538118571508,-0.54729152176383944,0.23250132078271701
26.564394786431905,-6.1689534176884191,30.494529149964894,-0.53588570148217318,0.22379416225173895
26.607517956655954,-6.1942411688041279,30.54452018135828,-0.52491785741122776,0.21498266824376192
26.650910412432236,-6.2190640398997399,30.594511212751666,-0.514392689552441,0.20608717625190923
26.694556308818743,-6.2434385715498903,30.644502244145048,-0.50431392649561835,0.19712620636994685
26.738440293242313,-6.2673818340382148,30.694493275538434,-0.49468441688185633,0.18811644235913455
26.782547511816166,-6.2909113675026358,30.74448430693182,-0.4855062210806505,0.1790727401988603
26.826863610312316,-6.3140451258963575,30.794475338325206,-0.47678070186236682,0.17000816003542352
26.871374730460634,-6.3368014250597229,30.844466369718589,-0.46850861296167307,0.16093401748209271
26.916067502019679,-6.3591988949856653,30.894457401111975,-0.46069018467412404,0.15185995049574402
26.960929031115192,-6.3812564363216184,30.944448432505361,-0.45332520579377511,0.1427939983470925
27.005946885311516,-6.4029931810799896,30.994439463898747,-0.44641310136642159,0.13374268955918556
27.051109075847261,-6.4244284574703414,31.044430495292129,-0.43995300588046443,0.12471113607352508
27.096404037433761,-6.4455817587201523,31.094421526685515,-0.43394383164434519,0.11570313129505228
27.141820605976804,-6.466472715712257,31.144412558078901,-0.42838433220740807,0.10672125005294857
27.187347994547181,-6.4871210732382485,31.194403589472284,-0.42327316076963239,0.097766948881506568
27.232975767886682,-6.5075466696435296,31.24439462086567,-0.41860892359701418,0.088840665368015242
27.278693815700617,-6.5277694196232234,31.294385652259056,-0.41439022851401119,0.079941915626835988
27.324492324954605,-6.5478092999170903,31.344376683652442,-0.41061572858425816,0.071069389238474001
27.370361751360399,-6.567686337643722,31.394367715045824,-0.40728416111764576,0.062221041239597076
27.416292790205347,-6.5874206010099599,31.44435874643921,-0.4043943821570285,0.053394180964634087
27.462276346655351,-6.6070321921305579,31.494349777832596,-0.40194539660297746,0.044585557723573213
27.508303505635105,-6.6265412416924043,31.544340809225982,-0.39993638413184934,0.035791443456829754
27.554365501369162,-6.6459679051988241,31.594331840619365,-0.39836672105203025,0.027007712638535575
27.60045368665018,-6.6653323605317585,31.644322872012751,-0.39723599822679323,0.018229919806687978
27.646559501884884,-6.6846548065708626,31.694313903406137,-0.39654403517112569,0.0094533751858101606
27.692674443955948,-6.7039554626100557,31.744304934799523,-0.39629089040478294,0.00067321893641703707
27.738790122135629,-6.7232543599844776,31.794295966192905,-0.39644075053815075,-0.0042646604748967374
27.784902087333169,-6.7425621273047938,31.844286997586291,-0.39661719092073561,-0.0027939043132493087
27.831011355542721,-6.7618763345816193,31.894278028979677,-0.39672006160667278,-0.0013213929737755823
27.877119347934187,-6.7811935874193932,31.944269060373063,-0.3967492821025404,0.00015258341527774446
27.923227487764859,-6.8005104883274905,31.994260091766446,-0.39670478643364337,0.0016277340917762483
27.969337199347702,-6.8198236370759515,32.044251123159832,-0.39658652318128418,0.0031037674360824114
28.015449907017338,-6.8391296310526162,32.094242154553214,-0.3963944555312468,0.0045803907462999959
28.061567034093613,-6.8584250656225194,32.144233185946604,-0.39612856133352237,0.0060573100133100724
28.107690001842705,-6.8777065344905077,32.194224217339986,-0.3957888331732699,0.0075342296965399446
28.153820228437191,-6.8969706300685516,32.244215248733369,-0.39537527845294579,0.009010852501460765
28.199959127914852,-6.9162139438486676,32.294206280126758,-0.39488791948549173,0.010486879159769464
28.246108109136493,-6.9354330667824087,32.344197311520141,-0.3943267935984287,0.011962008213220523
28.292268574743854,-6.9546245896682972,32.39418834291353,-0.39369195324864231,0.013435935802118989
28.33844192011782,-6.9737851035482441,32.444179374306913,-0.39298346614760182,0.014908355459453399
28.384629532336895,-6.9929112001137135,32.494170405700295,-0.39220141539671716,0.016378957911641397
28.430832789137352,-7.0119994721231249,32.544161437093685,-0.39134589963246391,0.017847430886915507
28.477053057875104,-7.0310465138313551,32.594152468487067,-0.39041703318087456,0.0193134589323311
28.523291694489529,-7.0500489214321362,32.64414349988045,-0.38941494622095091,0.020776723240373468
28.569550042470528,-7.0690032935147515,32.694134531273839,-0.38833978495647381,0.022236901486191146
28.615829431834438,-7.0879062315379464,32.744125562667222,-0.38719171179552958,0.02369366767659185
28.662131178077232,-7.1067543403089033,32.794116594060611,-0.38597090553795732,0.025146692010778258
28.708456581185334,-7.1255442285006954,32.844107625453994,-0.38467756156807609,0.026595640756298264
28.754806924599965,-7.1442725091662762,32.894098656847376,-0.38331189205457944,0.02804017613788019
28.801183474212909,-7.1629358002814021,32.944089688240766,-0.38187412615496175,0.029479956242528568
28.847587477365295,-7.1815307253052847,32.994080719634148,-0.38036451022437717,0.030914634940893478
28.894020161851984,-7.2000539137605246,33.044071751027531,-0.37878330802806903,0.032343861825885389
28.940482734936097,-7.2185020018344774,33.09406278242092,-0.37713080095636625,0.033767282169540502
28.986976382373381,-7.2368716330021972,33.144053813814303,-0.37540728824135028,0.035184536898955961
29.033502267434915,-7.2551594586667125,33.194044845207685,-0.37361308717469005,0.036595262591758181
29.080061529996193,-7.2733621388434582,33.244035876601075,-0.37174853332302765,0.037999091493925281
29.126655285528454,-7.2914763428244731,33.294026907994457,-0.36981398074626193,0.039395651555720584
29.173284624213522,-7.3094987499093635,33.344017939387847,-0.36780980220914555,0.040784566493127894
29.219950610017268,-7.3274260501380546,33.394008970781229,-0.36573638939143061,0.042165455870417264
29.266654279789797,-7.3452549450519573,33.444000002174612,-0.36359415309285253,0.043537935206486224
29.313396642382031,-7.3629821484792526,33.493991033568001,-0.36138352343219676,0.044901616105183464
29.360178677779231,-7.3806043873441407,33.543982064961384,-0.35910495003926612,0.046256106410085512
29.407001336253693,-7.3981184025004669,33.593973096354766,-0.3567589022384649,0.047601010384178723
29.453865537537155,-7.4155209495894283,33.643964127748156,-0.35434586922277583,0.048935928914775127
29.500772075190618,-7.4328090579581438,33.693955159141538,-0.35190286681233324,0.047029252183617899
29.547718963755358,-7.4499872959453395,33.743946190534928,-0.34969711277243642,0.041221813544365549
29.59470115656498,-7.4670687482730624,33.79393722192831,-0.34778094256818465,0.035443313778030942
29.641713545174802,-7.4840669241970321,33.843928253321693,-0.34615298647274639,0.029690655942094121
29.688751115080571,-7.5009952986710973,33.893919284715082,-0.34481203212291028,0.023960644668224129
29.735808931042957,-7.5178673152808848,33.943910316108465,-0.34375702894472943,0.018250005769719666
29.782882122522047,-7.5346963895257728,33.993901347501847,-0.34298709162545093,0.012555404819255156
29.829965869211733,-7.551495912375823,34.043892378895237,-0.3425015026787594,0.0068734648753851603
29.877055386663084,-7.5682792540331647,34.093883410288619,-0.34229971414139609,0.0012007835366263371
29.924145911983086,-7.5850597678285503,34.143874441682001,-0.34238134843031376,-0.0044660504982057536
29.971232689594043,-7.6018507941854097,34.193865473075391,-0.34274619838059828,-0.010130441185666767
30.01831095703977,-7.6186656645849711,34.243856504468773,-0.34339422647554235,-0.015795769033226291
30.065375930823468,-7.6355177054662109,34.293847535862163,-0.3443255632714996,-0.02146537496026012
30.112422792262578,-7.6524202419943803,34.343838567255546,-0.34554050501147032,-0.027142543952376141
30.159446673336891,-7.6693866016279522,34.393829598648928,-0.34703951041246672,-0.032830488338474205
30.206442642585319,-7.6864301174410334,34.443820630042318,-0.34882319660598488,-0.038532330532599267
30.253405690883135,-7.7035641310758169,34.4938116614357,-0.35089233419537996,-0.044251085059391217
30.300330717262735,-7.7208019953163687,34.543802692829082,-0.35324784139570914,-0.049989639726420627
30.347212514711952,-7.7381570761901504,34.593793724222472,-0.35589077720846551,-0.055750735784836497
30.394045755932066,-7.7556427545170674,34.643784755615854,-0.35882233357614346,-0.061536946932412767
30.440824979021553,-7.7732724268153337,34.693775787009244,-0.36204382645233713,-0.067350657019794924
30.487544573203394,-7.7910595055258058,34.743766818402626,-0.36555668572623695,-0.073194036350389222
30.534198764515498,-7.8090174184379748,34.793757849796009,-0.36936244392283674,-0.079069016453441901
30.580781601520659,-7.8271596072464851,34.843748881189399,-0.37346272360236898,-0.084977263243441903
30.627286941057132,-7.8454995251484174,34.893739912582781,-0.37785922337609873,-0.090920148494924968
30.673708434062881,-7.8640506333906339,34.943730943976163,-0.38255370245296361,-0.096898719588075027
30.720039511517395,-7.8828263966749352,34.993721975369553,-0.38754796363024252,-0.10291366751150294
30.76627337055217,-7.9018402773259755,35.043713006762935,-0.39284383464146311,-0.10896529314480136
30.812402960791289,-7.9211057281256547,35.093704038156318,-0.39844314777697037,-0.11505347188637077
30.858420970995841,-7.9406361837174551,35.143695069549707,-0.40434771769717504,-0.12117761674191291
30.904319816095825,-7.9604450504840063,35.19368610094309,-0.4105593173655514,-0.12733664004611919
30.950091624705951,-7.9805456948025855,35.243677132336479,-0.41707965203864261,-0.13352891405521122
30.99572822723583,-8.0009514295867667,35.293668163729862,-0.42391033126419753,-0.13975223072144327
31.04122114471738,-8.0216754990264185,35.343659195123244,-0.43105283885594919,-0.14600376104185275
31.086561578490947,-8.0427310614471033,35.393650226516634,-0.43850850083615556,-0.15228001446334993
31.131740400868555,-8.0641311702011773,35.443641257910016,-0.44627845135719985,-0.15857679891723853
31.17674814703372,-8.0858887525738048,35.493632289303399,-0.45436359666627557,-0.16488918217594495
31.221575008211737,-8.1080165865893079,35.543623320696788,-0.46276457717389485,-0.17121145529769721
31.266210857519155,-8.1305272146585423,35.593614352090171,-0.47146850662626988,-0.17583704172064113
31.310647447877724,-8.1534286662782236,35.64360538348356,-0.48028030666213206,-0.17669815258600502
31.35488000997573,-8.1767217412339104,35.693596414876943,-0.48913514285374532,-0.17755868913893846
31.398904073692311,-8.2004065157857777,35.743587446270325,-0.49803297017498027,-0.17841799521028529
31.442715136272035,-8.2244830057275085,35.793578477663715,-0.50697371028495752,-0.17927539417340183
31.486308663764245,-8.2489511640827242,35.843569509057097,-0.51595725051102914,-0.18013018918496446
31.529680092572281,-8.2738108787971196,35.89356054045048,-0.52498344284561371,-0.18098166349492381
31.572824831113735,-8.2990619704307065,35.943551571843869,-0.53405210296031247,-0.18182908082889812
31.615738261593545,-8.3247041898549945,35.993542603237252,-0.54316300924094307,-0.18267168584616497
31.658415741891968,-8.3507372159606366,36.043533634630634,-0.55231590184749335,-0.18350870467626276
31.700852607568461,-8.3771606533809564,36.093524666024024,-0.56151048180294083,-0.18433934553698791
31.743044173982003,-8.4039740302367196,36.143515697417406,-0.57074641011495719,-0.18516279943632993
31.784985738529301,-8.4311767959086126,36.193506728810796,-0.58002330693493542,-0.18597824096063534
31.826672583000871,-8.4587683188434895,36.243497760204178,-0.58934075075862236,-0.18678482915095476
31.868099976054495,-8.486747884400387,36.293488791597561,-0.59869827767270567,-0.1875817084691683
31.909263175806387,-8.5151146927435324,36.34347982299095,-0.60809538065204549,-0.18836800985512131
31.950157432538838,-8.5438678567887791,36.393470854384333,-0.61753150891203157,-0.18914285187554614
31.990777991523142,-8.5730064002105344,36.443461885777715,-0.62700606732068132,-0.18990534196508949
32.031120095956084,-8.6025292555162878,36.493452917171105,-0.6365184158750844,-0.19065457775925643
32.071178990007482,-8.6324352621955587,36.543443948564487,-0.64606786924667503,-0.19138964851854204
32.110949921977813,-8.6627231649520269,36.59343497995787,-0.65565369640029258,-0.19210963664248554
32.150428147558742,-8.693391612023019,36.643426011351259,-0.66527512029050884,-0.19281361927167742
32.189608933207431,-8.7244391536050934,36.693417042744642,-0.67493131764308689,-0.1935006699754539
32.228487559570908,-8.7558642403459199,36.743408074138031,-0.68462141881114791,-0.19416986052107119
32.267059325096056,-8.7876652220210474,36.793399105531414,-0.69434450774462497,-0.19482026272297637
32.3053195496353,-8.8198403462565125,36.843390136924796,-0.70409962203131726,-0.19545095036441867
32.343263578179737,-8.8523877574130783,36.893381168318186,-0.71388575304700064,-0.19606100118863232
32.380886784659268,-8.8853054955962598,36.943372199711568,-0.72370184620452127,-0.19664949895274289
32.418184575811424,-8.9185914958056429,36.993363231104951,-0.73354680130698569,-0.19721553553799182
32.455152395111114,-8.9522435872296775,37.04335426249834,-0.74341947300761779,-0.1977582131090492
32.491785726745945,-8.986259492684713,37.093345293891723,-0.75331867137637842,-0.19827664631443431
32.528080099679656,-9.0206368282519982,37.143336325285112,-0.76324316258913705,-0.19876996452027282
32.56403109166547,-9.0553731029973399,37.193327356678495,-0.77319166970567665,-0.19923731406649842
32.599634333373302,-9.0904657189393241,37.243318388071877,-0.78316287358434167,-0.19967786053835038
32.634885512491309,-9.1259119711503853,37.293309419465267,-0.79315541389870037,-0.20009079104122274
32.669780377843203,-9.1617090480421908,37.343300450858649,-0.80316789027004698,-0.20047531646909225
32.70431474350319,-9.1978540318316995,37.393291482252032,-0.81319886351301962,-0.20083067375553504
32.738484492897314,-9.2343438991902431,37.443282513645421,-0.8232468569930611,-0.2011561280961649
32.772285833936763,-9.2711752931071452,37.493273545038804,-0.83328373615919715,-0.20006438825342052
32.80571712608311,-9.3083429033094482,37.543264576432186,-0.84324795160105681,-0.19858402411500153
32.838777792647754,-9.3458405721810234,37.593255607825576,-0.85313940643673669,-0.19715346216023177
32.871467280027197,-9.3836622663079776,37.643246639218958,-0.86296059306909156,-0.1957728061443528
32.903785045074805,-9.4218020810802212,37.693237670612348,-0.87271400822825917,-0.19444212591392637
32.935730550047992,-9.4602542381695383,37.74322870200573,-0.88240215137959477,-0.19316146195982378
32.967303257811636,-9.499013082963522,37.793219733399113,-0.89202752336964497,-0.19193082970354833
32.998502627210343,-9.5380730818790589,37.843210764792502,-0.90159262527379436,-0.19075022353065393
33.029328108625194,-9.5774288195950028,37.893201796185885,-0.91109995744043071,-0.18961962058111068
33.059779139702066,-9.6170749962103201,37.943192827579267,-0.92055201871864178,-0.18853898430795832
33.089855141243227,-9.6570064243382401,37.993183858972657,-0.92995130585836494,-0.18750826781556801
33.119555513253246,-9.6972180261445242,38.043174890366039,-0.93930031307213491,-0.18652741698890682
33.148879631129844,-9.737704830337174,38.093165921759429,-0.9486015317482035,-0.18559637342511848
33.17782684199188,-9.7784619691148933,38.143156953152811,-0.95785745030557101,-0.18471507717854616
33.206396461135647,-9.8194846750800266,38.193147984546194,-0.96707055418183618,-0.18388346933011016
33.23458776861083,-9.8607682781203678,38.243139015939583,-0.97624332594521146,-0.18310149439165327
33.262400005908788,-9.902308202265079,38.293130047332966,-0.98537824552292419,-0.18236910255548255
33.289832372754944,-9.944099962517841,38.343121078726348,-0.99447779053840701,-0.18168625179896886
33.316884023995719,-9.986139161667241,38.393112110119738,-1.0035444367496507,-0.18105290985366554
33.343554066582321,-10.028421487091375,38.44310314151312,-1.0125806585853332,-0.18046905604768396
33.369841556623896,-10.070942707527115,38.493094172906503,-1.0215889297658782,-0.17993468303028332
33.395745496525009,-10.11369866983844,38.543085204299892,-1.030571724010952,-0.17944979838612382
33.421264832189678,-10.156685295767659,38.593076235693275,-1.0395315158244189,-0.17901442614693269
33.446398450287404,-10.19989857867203,38.643067267086664,-1.0484707813523579,-0.178628608207476
33.471145175575145,-10.243334580245477,38.693058298480047,-1.0573919993095198,-0.17829240565224683
33.49550376826992,-10.28698942722524,38.743049329873429,-1.0662976519700704,-0.1780058999987271
33.519472921466367,-10.330859308082001,38.793040361266819,-1.0751902262185327,-0.17776919436255534
33.5430512585937,-10.374940469691115,38.843031392660201,-1.0840722146570148,-0.17758241454936999
33.566237330907619,-10.419229213983908,38.893022424053584,-1.092946116765372,-0.17744571007753127
33.589029615012379,-10.463721894576134,38.943013455446973,-1.1018144401108509,-0.17735925513536707
33.611426510408236,-10.508414913370283,38.993004486840356,-1.1106797016039207,-0.17732324947600281
33.63342633706084,-10.553304717129539,39.042995518233745,-1.119544428797435,-0.1773379192522441
33.655027332988311,-10.598387794019111,39.092986549627128,-1.1284111612260153,-0.17740351779338104
33.676227651862774,-10.643660670111601,39.14297758102051,-1.1372824517829041,-0.17752032632515888
33.697025360622874,-10.689119905851516,39.1929686124139,-1.1461608681313036,-0.17768865463351924
33.717418437094864,-10.734762092475361,39.242959643807282,-1.1550489941475897,-0.17790884167205565
33.737404800366541,-10.780583834223275,39.292950675200665,-1.1639455865867165,-0.177903576445579
33.756982875364962,-10.826581505322936,39.342941706594054,-1.1728338206216051,-0.17768906810798638
33.776151593167455,-10.872751268859195,39.392932737987437,-1.1817112592710928,-0.17747174634011706
33.794909944623022,-10.919089278076942,39.442923769380819,-1.1905777712682795,-0.1772519856501652
33.81325696403421,-10.96559168411261,39.492914800774209,-1.1994332439556643,-0.17703015598610453
33.831191728244306,-11.012254636893145,39.542905832167591,-1.2082775830491799,-0.17680662241760858
33.848713355713819,-11.059074285990826,39.592896863560981,-1.2171107123867655,-0.17658174483594688
33.865821005583669,-11.106046781422267,39.642887894954363,-1.2259325736602105,-0.17635587767172561
33.882513876751823,-11.153168274459683,39.692878926347746,-1.234743126143895,-0.17612936962991058
33.898791206903411,-11.200434918283344,39.742869957741135,-1.2435423463891571,-0.17590256344266172
33.91465227158205,-11.247842868712782,39.792860989134518,-1.2523302279297037,-0.17567579563849792
33.930096383234925,-11.29538828482567,39.8428520205279,-1.2611067809629397,-0.17544939632832668
33.945122890264543,-11.343067329550552,39.89284305192129,-1.2698720320241639,-0.17522368900750127
33.959731176082897,-11.39087617021751,39.942834083314672,-1.2786260236513238,-0.17499899037352229
33.973920658169448,-11.438810979066581,39.992825114708062,-1.2873688140409756,-0.17477561015889256
33.987690787134675,-11.486867933714835,40.042816146101444,-1.2961004766962481,-0.17455385097860246
34.001041045790785,-11.535043217582421,40.092807177494826,-1.3048211000674592,-0.17433400819169881
34.013970948230984,-11.583333020279131,40.142798208888216,-1.3135307871862347,-0.17411636977636893
34.026480038919132,-11.631733537951849,40.192789240281598,-1.3222296552937118,-0.17390121621795346
34.038567891790528,-11.680240973593133,40.242780271674981,-1.33091783546336,-0.17368882040929429
34.050234109365782,-11.728851537312821,40.292771303068371,-1.3395954722192065,-0.17347944756280265
34.061478321878731,-11.777561446573097,40.342762334461753,-1.3482627231499551,-0.1732733551336347
34.072300186419518,-11.826366926387358,40.392753365855135,-1.3569197585194313,-0.17307079275335255
34.082699386094269,-11.875264209484829,40.442744397248525,-1.3655667608740423,-0.1728720021734482
34.092675629202226,-11.924249536441597,40.492735428641907,-1.3742039246476674,-0.17267721721810672
34.102228648431463,-11.973319155778324,40.542726460035297,-1.3828314557642991,-0.17248666374559449
34.111358200074108,-12.022469324026872,40.592717491428679,-1.3914495712390518,-0.17230055961765484
34.120064063262227,-12.071696305766338,40.642708522822062,-1.4000584987778295,-0.17211911467630753
34.128346039224724,-12.120996373628961,40.692699554215451,-1.4086584763759082,-0.17194253072745996
34.136203950566767,-12.170365808278275,40.742690585608834,-1.4172497519159637,-0.17177100153073899
34.143637640571946,-12.219800898359818,40.792681617002216,-1.4258325827657192,-0.17160471279497774
34.150646972528122,-12.269297940425114,40.842672648395606,-1.4344072353754092,-0.17144384217880088
34.157231829077716,-12.318853238831178,40.892663679788988,-1.4429739848754863,-0.17128855929576217
34.163392111592835,-12.368463105616019,40.942654711182378,-1.4515331146746848,-0.17113902572351633
34.169127739576076,-12.418123860350811,40.99264574257576,-1.4600849160585372,-0.17099539501651839
34.174438650087325,-12.467831829970937,41.042636773969143,-1.4686296877886982,-0.17085781272176076
34.179324797197296,-12.51758334858657,41.092627805362532,-1.4771677357031254,-0.17072641639708491
34.183786151467977,-12.567374757273253,41.142618836755915,-1.4856993723171315,-0.17060133563162211
34.187822699460668,-12.617202403844942,41.192609868149297,-1.4942249164256034,-0.17048269206793598
34.191434443271902,-12.667062642609844,41.242600899542687,-1.5027446927063459,-0.17037059942546573
34.194621400097475,-12.716951834109937,41.292591930936069,-1.5112590313245564,-0.17026516352489202
34.197383601825202,-12.766866344846198,41.342582962329452,-1.5197682675385993,-0.1701664823130638
34.199721094656354,-12.816802546990237,41.392573993722841,-1.5282727413070467,-0.17007464588815574
34.201633938756196,-12.866756818082932,41.442565025116224,-1.5367727968968823,-0.1699897365247445
34.20312220793393,-12.916725540722329,41.492556056509613,-1.5452687824930507,-0.16991182869851476
34.204185989351991,-12.966705102241043,41.542547087902996,-1.5537610498091718,-0.16984098911033488
34.20482538326511,-13.016691894374887,41.592538119296378,-1.5622499536994858,-0.16977727670945952
34.205040502789132,-13.066682312923087,41.642529150689768,-1.5707358517718488,-0.16972074271564785
34.204831473699734,-13.116672757402199,41.69252018208315,-1.5792191040018786,-0.16967143064000229
34.204198434261116,-13.166659630694323,41.742511213476533,-1.5877000723481118,-0.16962937630436228
34.203141535084868,-13.216639338689131,41.792502244869922,-1.5961791203677991,-0.16959460785911376
34.201660939018694,-13.26660828992749,41.842493276263305,-1.6046566128344053,-0.16956714579928539
34.199756821065407,-13.316562895236846,41.892484307656694,-1.6131329153548628,-0.16954700297885189
34.197429368331953,-13.366499567367557,41.942475339050077,-1.6216083939878565,-0.16953418462316266
34.194678780007813,-13.416414720641798,41.992466370443459,-1.6300834148648315,-0.16952868833945181
34.191505267376684,-13.466304770544198,42.042457401836849,-1.6385583438014091,-0.16953050412541285
34.187909053851612,-13.516166133431851,42.092448433230231,-1.6470335459290928,-0.16953961437582502
34.183890375046211,-13.565995226130253,42.142439464623614,-1.6555093853073455,-0.16955599388727965
34.179449478872435,-13.615788465592534,42.192430496017003,-1.6639862245458616,-0.16957960986103557
34.17458662566861,-13.665542268551686,42.242421527410386,-1.6724644244248366,-0.16961042190408457
34.169302088356623,-13.715253051179898,42.292412558803768,-1.6809443435153439,-0.16964838202852417
34.163596152628365,-13.764917228755492,42.342403590197158,-1.689426337799645,-0.16969343464935452
34.157469117161085,-13.814531215337954,42.39239462159054,-1.6979107602912493,-0.16974551658084536
34.150921293861366,-13.864091423453333,42.44238565298393,-1.7063979606548665,-0.16980455703163716
34.14395300813753,-13.913594263790433,42.492376684377312,-1.7148882848260698,-0.16987047759876808
34.136564599200206,-13.963036144908472,42.542367715770695,-1.7233820746305655,-0.16994319226083693
34.128756420390538,-14.012413472958215,42.592358747164084,-1.7318796674031767,-0.17002260737053743
34.120528839535922,-14.061722651417245,42.642349778557467,-1.7403813956064575,-0.17010862164682208
34.111882239332822,-14.110960080839856,42.692340809950849,-1.7488875864488114,-0.1702011261669735
34.102817017756067,-14.160122158623684,42.742331841344239,-1.7573985615023138,-0.17030000435888384
34.093333588494524,-14.209205278793686,42.792322872737621,-1.7659146363201594,-0.17040513199386767
34.083432381412393,-14.25820583180389,42.842313904131011,-1.7744361200536793,-0.17051637718034698
34.073113843035777,-14.30712020435916,42.892304935524393,-1.7829633150691619,-0.17063360035877601
34.062378437063671,-14.355944779258587,42.942295966917776,-1.7914965165646743,-0.17075665429819201
34.051226977664264,-14.404676012171631,42.992286998311165,-1.8000148508025513,-0.17001135400184428
34.039661755502038,-14.453310710492472,43.042278029704548,-1.808494691628356,-0.16924429013526895
34.027685466980451,-14.501845820383933,43.09226906109793,-1.8169363639475862,-0.16848442106571998
34.015300809069608,-14.550278337972312,43.14226009249132,-1.8253402394586296,-0.16773222462790452
34.002510477488656,-14.598605308290894,43.192251123884702,-1.8337067132742872,-0.16698815979461434
33.989317164977919,-14.646823824191932,43.242242155278085,-1.8420362029885151,-0.16625266706635294
33.975723559648934,-14.694931025226159,43.292233186671474,-1.8503291477631352,-0.16552616888353905
33.961732343411107,-14.742924096493923,43.342224218064857,-1.858586007435745,-0.16480907005843223
33.94734619047388,-14.790800267470264,43.392215249458246,-1.8668072616496463,-0.16410175822408107
33.932567765919948,-14.838556810817805,43.442206280851629,-1.8749934090084495,-0.16340460429756945
33.917399724369126,-14.88619104112318,43.492197312245011,-1.8831449662445479,-0.16271796295611149
33.901844708678652,-14.933700313728718,43.542188343638401,-1.8912624674310075,-0.16204217312124583
33.885905348748317,-14.981082023436946,43.592179375031783,-1.8993464631987305,-0.1613775584522722
33.869584260378964,-15.028333603252294,43.642170406425166,-1.9073975199870603,-0.16072442784454705
33.852884044198916,-15.075452523108792,43.692161437818555,-1.9154162193188569,-0.16008307593156135
33.8358072846572,-15.122436288585048,43.742152469211938,-1.9234031571001051,-0.15945378358906678
33.818356549080633,-15.169282439611969,43.792143500605327,-1.9313589429446911,-0.15883681843959319
33.800534386793203,-15.215988549175679,43.84213453199871,-1.9392841995244661,-0.15823243535585987
33.782343328296065,-15.262552222016481,43.892125563392092,-1.9471795619443635,-0.15764087696173207
33.763785884506312,-15.3089710933261,43.942116594785482,-1.9550456771425326,-0.15706237412945864
33.744864546053037,-15.355242827444354,43.992107626178864,-1.9628832033152226,-0.15649714647205981
33.725581782629085,-15.401365116555928,44.042098657572247,-1.9706928093660518,-0.1559454028298331
33.705940042396627,-15.447335679389615,44.092089688965636,-1.978475174379517,-0.15540734175003068
33.685941751444865,-15.493152259920487,44.142080720359019,-1.9862309871182964,-0.15488315195887009
33.665589313298696,-15.538812626075627,44.192071751752401,-1.9939609455438503,-0.15437301282513119
33.644885108476231,-15.584314568445318,44.242062783145791,-2.0016657563600631,-0.1538770948146542
33.623831494093707,-15.629655898999975,44.292053814539173,-2.0093461345793595,-0.15339555993515114
33.602430803516597,-15.674834449813259,44.342044845932563,-2.0170028031107305,-0.1529285621708128
33.580685346055049,-15.719848071792855,44.392035877325945,-2.0246364923692997,-0.15247624790624534
33.558597406702148,-15.764694633419113,44.442026908719328,-2.0322479399067972,-0.15203875633934721
33.536169245914039,-15.809372019491661,44.492017940112717,-2.0398378900623295,-0.15161621988279445
33.513403099430136,-15.853878129885382,44.5420089715061,-2.0474070936329918,-0.15120876455383789
33.490301178132015,-15.898210878315671,44.592000002899482,-2.0549563075636743,-0.15081651035218163
33.466865667940098,-15.942368191112909,44.641991034292872,-2.0624862946553875,-0.15043957162574784
33.44309872974668,-15.986348006007399,44.691982065686254,-2.0699978232916263,-0.1500780574241663
33.419002499383787,-16.030148270924556,44.741973097079644,-2.0774916671821186,-0.1497320718398677
33.394579087624933,-16.073766942791003,44.791964128473026,-2.0849686051233784,-0.14940171433668761
33.369830580225326,-16.11720198634163,44.841955159866409,-2.0924294207737151,-0.14908708006598817
33.344759037972487,-16.160451372974819,44.891946191259798,-2.0998749024501531,-0.14878826016991531
33.319366496806332,-16.20351307955104,44.941937222653181,-2.1073058429286124,-0.14850534207252916
33.293654967932483,-16.246385087266894,44.991928254046563,-2.1147230392693861,-0.14823840975784383
33.267626437982408,-16.289065380508656,45.041919285439953,-2.1221272926508159,-0.14798754403548467
33.241282869198635,-16.33155194572268,45.091910316833335,-2.1295194082169249,-0.14775282279370777
33.214626199647,-16.37384277029728,45.141901348226718,-2.1369001949374717,-0.14753432123985086
33.187658343455659,-16.415935841455397,45.191892379620107,-2.14427046547969,-0.14733211212824884
33.160381191080468,-16.457829145158041,45.24188341101349,-2.1516310360910609,-0.14714626597565375
33.132796609595289,-16.499520665018785,45.291874442406879,-2.1589827264925905,-0.14697685126419061
33.104906443007316,-16.541008381229268,45.341865473800262,-2.1663263597819453,-0.14682393463188603
33.076712512596842,-16.582290269494898,45.391856505193644,-2.1736627623457112,-0.14668758105080504
33.048216617280517,-16.623364299981716,45.441847536587034,-2.1809927637803312,-0.14656785399281777
33.019420533998023,-16.664228436273849,45.491838567980416,-2.188317196821024,-0.14646481558301916
32.990326018121976,-16.704880634341009,45.541829599373798,-2.1956368972779772,-0.14637852674081417
32.960934803890133,-16.745318841516934,45.591820630767188,-2.202952703979375,-0.14630904730866728
32.931248604859981,-16.785540995488123,45.641811662160571,-2.2102654587205426,-0.14625643616850795
32.901269114385705,-16.825545023292499,45.69180269355396,-2.2175760062185264,-0.14622075134577053
32.870998006116558,-16.865328840328754,45.741793724947343,-2.2248851940716556,-0.14620205010102924
32.840436934517257,-16.90489034937583,45.791784756340725,-2.2321938727233483,-0.14620038900917776
32.809587535409989,-16.944227439622274,45.841775787734115,-2.239502895429514,-0.14621582402608649
32.778451426537721,-16.98333798570609,45.891766819127497,-2.246813118229031,-0.14624841054264834
32.747030208149091,-17.022219846764767,45.941757850520879,-2.2541253999166138,-0.14629820342611402
32.715325463604898,-17.060870865495147,45.991748881914269,-2.2614406020173554,-0.14636525704858941
32.683338760005981,-17.09928886722394,46.041739913307651,-2.2687595887624421,-0.14644962530255598
32.65107164884261,-17.137471658988499,46.091730944701034,-2.2760832270653131,-0.14655136160325027
32.618525666665938,-17.17541702862772,46.141721976094423,-2.28341238649754,-0.14667051887771687
32.585702335781086,-17.213122743883844,46.191713007487806,-2.2907479392638881,-0.14680714954033108
32.552603164962179,-17.250586551515006,46.241704038881196,-2.2980907601758189,-0.14696130545456365
32.519229650190141,-17.287806176418346,46.291695070274578,-2.3054417266226497,-0.1471330378807344
32.485583275412665,-17.324779320764659,46.34168610166796,-2.3128017185398257,-0.14732239740948647
32.451665513327029,-17.361503663144486,46.39167713306135,-2.3201716183735011,-0.14752943388068257
32.417477826186435,-17.397976857725613,46.441668164454732,-2.3275523110406127,-0.14775419628740402
32.383021666629503,-17.434196533423119,46.491659195848115,-2.3349446838838697,-0.14799673266471378
32.348298478533756,-17.470160293081914,46.541650227241504,-2.3423496266207637,-0.1482570899628185
32.313309697893608,-17.505865712672005,46.591641258634887,-2.3497680312857945,-0.14853531390424035
32.278056753722922,-17.54131034049756,46.641632290028269,-2.3572007921651972,-0.14883144882459351
32.242541591557163,-17.57649222603753,46.691623321421659,-2.3646011489766874,-0.14710736894904197
32.206768664420679,-17.611411988121496,46.741614352815041,-2.3719082795176321,-0.14522637037823372
32.170743165437926,-17.646071125575205,46.791605384208431,-2.3791208037820279,-0.14332272982877486
32.134470266628291,-17.680471263416631,46.841596415601813,-2.3862376331479012,-0.14139817153037332
32.097955114490581,-17.714614148775453,46.891587446995196,-2.3932577641068451,-0.13945437587475068
32.061202825985518,-17.748501646903282,46.941578478388585,-2.4001802759957913,-0.13749297640731864
32.024218484767658,-17.782135737143292,46.991569509781968,-2.4070043285872473,-0.13551555716847422
31.987007137666431,-17.815518508874892,47.04156054117535,-2.4137291595551793,-0.13352365037568903
31.949573791415023,-17.84865215744794,47.09155157256874,-2.4203540818332399,-0.1315187344356526
31.911923409623348,-17.88153898012142,47.141542603962122,-2.4268784808816966,-0.12950223227400628
31.874060909992124,-17.914181372019492,47.191533635355512,-2.433301811878505,-0.12747550996888604
31.835991161763861,-17.946581822116997,47.241524666748894,-2.4396235968492928,-0.12543987567335765
31.79771898340492,-17.978742909266728,47.291515698142277,-2.4458434217504399,-0.12339657881086356
31.75924914051339,-18.010667298278538,47.341506729535666,-2.4519609335184049,-0.12134680952721529
31.720586343946753,-18.04235773606004,47.391497760929049,-2.4579758370976719,-0.11929169838219254
31.681735248162013,-18.073817047828122,47.441488792322431,-2.4638878924589553,-0.11723231626350783
31.64270044976152,-18.105048133399237,47.491479823715821,-2.4696969116183145,-0.11516967450586012
31.60348648623755,-18.136053963565182,47.541470855109203,-2.4754027556669165,-0.11310472519789148
31.564097834907145,-18.166837576561541,47.591461886502586,-2.4810053318205578,-0.11103836166000643
31.524538912029978,-18.197402074633988,47.641452917895975,-2.4865045904969874,-0.1089714190764247
31.484814072101745,-18.227750620707038,47.691443949289358,-2.4919005224282818,-0.10690467526528803
31.444927607314078,-18.257886435160149,47.741434980682747,-2.4971931558149123,-0.10483885157110304
31.404883747173937,-18.287812792714202,47.79142601207613,-2.5023825535271538,-0.10277461386449489
31.364686658274458,-18.317533019431117,47.841417043469512,-2.5074688103588119,-0.10071257363490103
31.324340444208978,-18.347050489829297,47.891408074862902,-2.5124520503376555,-0.098653289162499991
31.283849145620842,-18.376368624116505,47.941399106256284,-2.5173324240961503,-0.09659726675647469
31.243216740381772,-18.405490885540996,47.991390137649667,-2.522110106305449,-0.094544962047486122
31.202447143890769,-18.434420777862236,48.041381169043056,-2.5267852931751484,-0.092496781322957702
31.161544209486536,-18.463161842941275,48.091372200436439,-2.5313582000206654,-0.090453082894610501
31.12051172896723,-18.491717658450376,48.141363231829828,-2.5358290588995129,-0.088414178488486012
31.0793534332097,-18.520091835701919,48.191354263223211,-2.5401981163174918,-0.086380334648394827
31.038072992882295,-18.548288017595695,48.241345294616593,-2.5444656310052096,-0.084351774144541647
30.996674019245582,-18.576309876683119,48.291336326009983,-2.5486318717649303,-0.082328677379825868
30.955160065033972,-18.604161113347526,48.341327357403365,-2.5526971153875837,-0.0803111837869427
30.91353462541332,-18.631845454098858,48.391318388796748,-2.5566616446392465,-0.078299393210164256
30.871801139009428,-18.659366649980544,48.441309420190137,-2.5605257463161633,-0.07629336726632005
30.829962989001512,-18.686728475087314,48.49130045158352,-2.5642897093672299,-0.074293130680046227
30.788023503300614,-18.713934723681415,48.541291482976902,-2.5679546851722943,-0.072574243864050883
30.745985254928698,-18.740988118004292,48.591282514370292,-2.5715879951571328,-0.072784230553208221
30.703848849818222,-18.767888374862135,48.641273545763674,-2.5752318025866416,-0.072994211543652307
30.661614565058713,-18.79463469478765,48.691264577157064,-2.5788861063564621,-0.073204153974249092
30.619282683942128,-18.821226277362602,48.741255608550446,-2.5825509037080945,-0.073414024529523392
30.576853496034367,-18.847662321320772,48.791246639943829,-2.5862261902062449,-0.073623789441446846
30.534327297246193,-18.873942024653068,48.841237671337218,-2.5899119597162645,-0.073833414491567759
30.491704389903557,-18.900064584714467,48.891228702730601,-2.5936082043816695,-0.07404286501348839
30.448985082816694,-18.926029198333353,48.941219734123983,-2.5973149146018302,-0.074252105895702067
30.40616969134825,-18.951835061922981,48.991210765517373,-2.6010320790098054,-0.074461101584796435
30.36325853748091,-18.977481371594873,49.041201796910755,-2.6047596844503218,-0.074669816089027188
30.320251949883346,-19.002967323274504,49.091192828304145,-2.6084977159579688,-0.074878212982276149
30.277150263975582,-19.028292112819077,49.141183859697527,-2.6122461567355844,-0.075086255408395142
30.233953821992749,-19.053454936137484,49.19117489109091,-2.6160049881328935,-0.075293906085947743
30.190662973048223,-19.078454989312089,49.241165922484299,-2.6197741896253444,-0.075501127313350597
30.147278073195039,-19.103291468722979,49.291156953877682,-2.6235537387932593,-0.075707880974426697
30.103799485486029,-19.127963571174121,49.341147985271064,-2.6273436113012649,-0.075914128544373946
30.060227580033001,-19.152470494021468,49.391139016664454,-2.6311437808780007,-0.076119831096154222
30.01656273406444,-19.176811435303147,49.441130048057836,-2.6349542192961612,-0.07632494930731093
29.972805331980133,-19.200985593872609,49.491121079451219,-2.6387748963530373,-0.076529443467227648
29.928955765407917,-19.224992169531653,49.541112110844608,-2.6426057798510985,-0.076733273484809225
29.885014433255144,-19.248830363167659,49.591103142237991,-2.6464468355793125,-0.076936398896623723
29.840981741760249,-19.272499376891748,49.64109417363138,-2.6502980272947165,-0.077138778875485911
29.796858104542604,-19.295998414178911,49.691085205024763,-2.6541593167044408,-0.077340372239493124
29.752643942650327,-19.319326680010292,49.741076236418145,-2.6580306634482191,-0.077541137461520263
29.708339684606187,-19.342483381017324,49.791067267811535,-2.6619120250813904,-0.077741032679174982
29.663945766452116,-19.365467725627553,49.841058299204917,-2.6658033570583739,-0.077940015705214263
29.619462631791439,-19.388278924212482,49.8910493305983,-2.6697046127167106,-0.07813804403842918
29.574890731829033,-19.410916189237238,49.941040361991689,-2.6736157432616632,-0.078335074874997093
29.530230525409973,-19.433378735411754,49.991031393385072,-2.6775366977513544,-0.078531065120301863
29.485482479055634,-19.455665779843919,50.041022424778461,-2.6814674230825504,-0.078725971401226308
29.440647066997606,-19.477776542194363,50.091013456171844,-2.6854078639770669,-0.078919750078915829
29.395724771209967,-19.499710244832723,50.141004487565226,-2.6893579629687867,-0.079112357262010699
29.350716081438801,-19.521466112995665,50.190995518958616,-2.6933176603913922,-0.079303748820350572
29.305621495229289,-19.543043374946475,50.240986550351998,-2.6972868943667931,-0.079493880399148717
29.260441517951186,-19.564441262135873,50.290977581745381,-2.7012656007942302,-0.079682707433630012
29.215176662062724,-19.585659007738887,50.34096861313877,-2.7052544180333689,-0.080054752878774851
29.169827126517166,-19.606695154047841,50.390959644532153,-2.7092914049003718,-0.081455343785610576
29.124392307443312,-19.627546459097562,50.440950675925535,-2.7133986583036673,-0.082865954391774424
29.078871501027624,-19.648209367113928,50.490941707318925,-2.7175766843799769,-0.084286791783532031
29.033264034325335,-19.668680284052741,50.540932738712307,-2.7218259992215077,-0.085718047071019529
28.987569266284883,-19.68895557701903,50.590923770105697,-2.7261471280627871,-0.087159894801259047
28.941786588820623,-19.709031573732403,50.640914801499079,-2.7305406044370235,-0.088612492324725234
28.895915427934614,-19.728904562041173,50.690905832892462,-2.735006969299655,-0.090075979115540092
28.849955244888321,-19.74857078948736,50.740896864285851,-2.7395467701167022,-0.091550476045432982
28.803905537423336,-19.768026462926038,50.790887895679234,-2.744160559915727,-0.093036084611764186
28.757765841031954,-19.787267748201849,50.840878927072616,-2.7488488962970572,-0.094532886119968379
28.711535730277927,-19.806290769885535,50.890869958466006,-2.7536123404029613,-0.096040940820920129
28.665214820166426,-19.825091611074413,50.940860989859388,-2.758451455842641,-0.097560287003931129
28.618802767563572,-19.843666313260034,50.990852021252778,-2.7633668075707885,-0.099090940046223236
28.572299272665656,-19.862010876266549,51.04084305264616,-2.7683589607175061,-0.10063289141993266
28.525704080516714,-19.880121258264044,51.090834084039543,-2.7734284793676025,-0.10218610765798013
28.479016982574226,-19.897993375860651,51.140825115432932,-2.7785759252871971,-0.10375052928036246
28.432237818322793,-19.91562310427749,51.190816146826315,-2.7838018565956442,-0.10532606968270093
28.38536647693369,-19.933006277611067,51.240807178219697,-2.7891068263810488,-0.10691261398925521
28.338402898963544,-19.950138689189767,51.290798209613087,-2.794491381258335,-0.10851001787311888
28.29134707812818,-19.967016092015367,51.340789241006469,-2.7999560598639546,-0.11011810634521577
28.244199063058261,-19.983634199327756,51.390780272399851,-2.8055013912963656,-0.11173667251852615
28.196958959153925,-19.999988685254344,51.440771303793241,-2.8111278934873862,-0.11336547634723851
28.149626930449681,-20.016075185580561,51.490762335186623,-2.8168360715132597,-0.11500424334797159
28.102203201520563,-20.031889298634571,51.540753366580013,-2.8226264158408236,-0.11665266330665126
28.054688059421341,-20.047426586293064,51.590744397973396,-2.8284994005087989,-0.11831038897645105
28.007081855656459,-20.062682575113072,51.640735429366778,-2.8344554812438174,-0.11997703477256239
27.959385008176426,-20.07765275759553,51.690726460760168,-2.8404950935113153,-0.12165217547019802
27.91159800339716,-20.092332593585297,51.74071749215355,-2.8466186505015649,-0.12333534491277715
27.863721398239008,-20.106717511812889,51.790708523546932,-2.8528265410514702,-0.12502603473786655
27.815755822179696,-20.12080291158324,51.840699554940322,-2.8591191275033547,-0.12672369312914558
27.767701979316953,-20.134584164616339,51.890690586333704,-2.8654967435021876,-0.12842772360325491
27.719560650435994,-20.148056617044489,51.940681617727094,-2.8719596917331707,-0.13013748384105342
27.671332695075044,-20.161215591571281,51.990672649120476,-2.8785082416022871,-0.13185228457351672
27.623019053583363,-20.174056389796544,52.040663680513859,-2.8851426268627405,-0.13357138853310879
27.574620749165579,-20.186574294711516,52.090654711907248,-2.8918630431907828,-0.13529400948209883
27.526138889904164,-20.198764573368464,52.140645743300631,-2.8986696457152101,-0.13701931132996614
27.477574670753306,-20.210622479728201,52.190636774694013,-2.9055625465052222,-0.13874640735256014
27.4289293761334,-20.222143260419021,52.240627806087403,-2.9125403609502483,-0.13997365156213248
27.380204934450759,-20.233324583846581,52.290618837480785,-2.919472857567444,-0.13737285789153439
27.33140485272931,-20.244171039859367,52.340609868874168,-2.9262748902640223,-0.1347545144619717
27.282532808584637,-20.254688513584195,52.390600900267557,-2.9329456342721199,-0.13212070766356737
27.233592361614583,-20.264882971194258,52.44059193166094,-2.9394843666353054,-0.12947342400229306
27.184586953484118,-20.274760453016132,52.490582963054329,-2.9458904611763406,-0.12681454863627178
27.13551990829616,-20.284327066907391,52.540573994447712,-2.9521633834055221,-0.12414586445828213
27.086394433228509,-20.293588981914517,52.590565025841094,-2.9583026853960503,-0.12146905168410391
27.037213619418367,-20.302552422218493,52.640556057234484,-2.9643080006505946,-0.11878568790588345
26.987980443076122,-20.311223661373443,52.690547088627866,-2.9701790389812519,-0.11609724856963385
26.938697766809376,-20.319609016842342,52.740538120021249,-2.975915581423179,-0.11340510783632657
26.889368341139537,-20.327714844831828,52.790529151414638,-2.9815174752000413,-0.11071053978689126
26.839994806194529,-20.335547535426567,52.840520182808021,-2.9869846287574249,-0.10801471993258237
26.790579693559707,-20.343113508022636,52.89051121420141,-2.9923170068786691,-0.10531872699348588
26.741125428271733,-20.350419207057797,52.940502245594793,-2.9975146258955712,-0.1026235449096594
26.691634330940705,-20.357471098035507,52.990493276988175,-3.0025775490046764,-0.099930065051212519
26.642108619985006,-20.36427566383858,53.040484308381565,-3.0075058816984113,-0.097239088595495834
26.592550413965867,-20.370839401327643,53.090475339774947,-3.0122997673186207,-0.094551329041675389
26.542961734009001,-20.377168818218447,53.14046637116833,-3.0169593827386292,-0.09186741483507653
26.493344506302332,-20.383270430231605,53.190457402561719,-3.0214849341786119,-0.089187892075813333
26.4437005646543,-20.389150758508471,53.240448433955102,-3.0258766531582797,-0.086513227288074437
26.394031653109252,-20.39481632728474,53.290439465348484,-3.0301347925887403,-0.083843810229133897
26.344339428605,-20.40027366181495,53.340430496741874,-3.0342596230055512,-0.081179956718525209
26.294625463665799,-20.405529286539416,53.390421528135256,-3.0382514289433256,-0.078521911470239375
26.244891249123413,-20.410589723485504,53.440412559528646,-3.0421105054516286,-0.075869850912618969
26.195138196857776,-20.415461490894831,53.490403590922028,-3.045837154751295,-0.073223885982371631
26.145367642551719,-20.420151102068072,53.540394622315411,-3.0494316830295207,-0.070584064880971423
26.095580848454127,-20.424665064418679,53.5903856537088,-3.0528943973715634,-0.067950375783335917
26.045779006145729,-20.429009878727271,53.640376685102183,-3.0562256028265127,-0.065322749490157733
25.995963239303745,-20.433192038588231,53.690367716495565,-3.0594255996040913,-0.062701062016785186
25.946134606461655,-20.437218030040082,53.740358747888955,-3.062494680399138,-0.060085137112889341
25.896294103760528,-20.441094331371648,53.790349779282337,-3.0654331278402522,-0.057474748708346422
25.8464426676892,-20.444827413095901,53.840340810675727,-3.0682412120587972,-0.05486962328197291
25.796581177812072,-20.44842373808353,53.890331842069109,-3.0709191883743112,-0.052269442150838452
25.746710459481729,-20.451889761848705,53.940322873462492,-3.0734672950923736,-0.049673843678772374
25.696831286535865,-20.455231932979533,53.990313904855881,-3.0758857514108491,-0.047082425403654371
25.646944383482481,-20.458456685999291,54.040304936249264,-3.0781768713263751,-0.044881224176775841
25.597050348338282,-20.461569152384897,54.090295967642646,-3.0803999777657847,-0.044058780337615712
25.547149578510954,-20.464571717779879,54.140286999036036,-3.082581939155149,-0.043235141388523371
25.497242435236128,-20.467466422505257,54.190278030429418,-3.0847226978938909,-0.042410392560074402
25.447329266602441,-20.470255310944033,54.240269061822801,-3.0868222005581316,-0.041584615711313472
25.397410407777304,-20.472940431266487,54.29026009321619,-3.0888803977326931,-0.040757889370079049
25.347486181224138,-20.475523835166708,54.340251124609573,-3.0908972438457201,-0.039930288775805574
25.297556896925908,-20.478007577609755,54.390242156002962,-3.0928726970053999,-0.039101885924886497
25.247622852611862,-20.480393716589102,54.440233187396345,-3.0948067188390223,-0.038272749618391694
25.197684333987436,-20.482684312894573,54.490224218789727,-3.0966992743344841,-0.037442945511988804
25.147741614967575,-20.484881429890304,54.540215250183117,-3.0985503316843284,-0.036612536167926153
25.097794957912463,-20.486987133302804,54.590206281576499,-3.1003598621324477,-0.035781581108922079
25.047844613865923,-20.489003491018838,54.640197312969882,-3.102127839823523,-0.03495013687382735
24.997890822796716,-20.490932572892991,54.690188344363271,-3.1038542416552728,-0.034118257074935189
24.947933813841626,-20.492776450564712,54.740179375756654,-3.1055390471336199,-0.033285992456796532
24.897973805550556,-20.494537197284735,54.790170407150043,-3.1071822382308358,-0.032453390956423259
24.848011006134119,-20.496216887750602,54.840161438543426,-3.1087837992467113,-0.031620497764772777
24.798045613712429,-20.497817597951101,54.890152469936808,-3.1103437166728396,-0.030787355389386456
24.748077816565392,-20.499341405019507,54.940143501330198,-3.1118619790600701,-0.029954003718079526
24.698107793385095,-20.500790387095318,54.99013453272358,-3.1133385768891411,-0.029120480083596283
24.648135713528866,-20.502166623194366,55.040125564116963,-3.1147735024445913,-0.028286819329113491
24.59816173727355,-20.503472193087024,55.090116595510352,-3.1161667496919621,-0.027453053874512183
24.548186016071341,-20.50470917718436,55.140107626903735,-3.117518314158314,-0.026619213783341759
24.498208692805978,-20.505879656431951,55.190098658297117,-3.1188281928161259,-0.025785326830378236
24.44822990204991,-20.506985712211275,55.240089689690507,-3.1200963839705769,-0.024951418569712124
24.398249770322455,-20.508029426248225,55.290080721083889,-3.1213228871502379,-0.024117512403303131
24.348268416348287,-20.509012880528797,55.340071752477279,-3.1225077030012098,-0.023283629649920087
24.298285951316323,-20.509938157221551,55.390062783870661,-3.1236508331847164,-0.022449789614414704
24.248302479139674,-20.510807338606654,55.440053815264044,-3.1247522802781567,-0.021616009657281988
24.198318096715361,-20.511622507011303,55.490044846657433,-3.1258120476796512,-0.020782305264437782
24.148332894184417,-20.512385744751313,55.540035878050816,-3.1268301395160822,-0.019948690117176461
24.098346955192685,-20.513099134078605,55.590026909444198,-3.1278065605546224,-0.019115176162272627
24.048360357151378,-20.513764757134375,55.640017940837588,-3.1287413161177842,-0.018281773682173617
23.998373171497697,-20.514384695907726,55.69000897223097,-3.1296344120019737,-0.017448491365253525
23.948385463956033,-20.514961032199547,55.74000000362436,-3.1304858543995562,-0.01661533637610622
23.898397294798801,-20.515495847591357,55.789991035017742,-3.1312956498244375,-0.015782314425835397
23.848408719107212,-20.515991223418983,55.839982066411125,-3.1320638050411649,-0.014949429842321836
23.798419787032515,-20.516449240750671,55.889973097804514,-3.1327903269975246,-0.014116685640457961
23.748430544056763,-20.516871980369611,55.939964129197897,-3.1334752227606648,-0.013284083592314144
23.698441031253402,-20.517261522760535,55.989955160591279,-3.1341184994567191,-0.012451624297227694
23.648451285548337,-20.51761994810003,56.039946191984669,-3.1347201642139244,-0.011619307251815335
23.598461339980382,-20.517949336250691,56.089937223378051,-3.1352802241092474,-0.010787130919876998
23.548471223961538,-20.518251766758461,56.139928254771434,-3.1357986861184983,-0.0099550928021963705
23.498480963537673,-20.518529318853279,56.189919286164823,-3.1362755570699283,-0.0091231895062385947
23.448490581648574,-20.518784071452561,56.239910317558206,-3.1367108436013127,-0.0082914168157272837
23.398500098387807,-20.51901810316749,56.289901348951595,-3.1371045521205092,-0.0074597697601064446
23.34850953126297,-20.519233492311628,56.339892380344978,-3.137456688769483,-0.0066282426838990332
23.298518895455295,-20.519432316911999,56.38988341173836,-3.1377672593917976,-0.0057968293159439584
23.24852820407909,-20.519616654721975,56.43987444313175,-3.1380362695035684,-0.0049655228385283908
23.198537468441554,-20.519788583236082,56.489865474525132,-3.1382637242678597,-0.0041343159564253109
23.148546698301981,-20.519950179706385,56.539856505918515,-3.1384496284725429,-0.0033032009658278184
23.098555902130791,-20.520103521160106,56.589847537311904,-3.1385939865115886,-0.0024721698231965671
23.048565087369042,-20.520250684418514,56.639838568705287,-3.138696802369803,-0.0016412142140351377
22.998574260687203,-20.520393746116561,56.689829600098669,-3.1387580796110019,-0.00081032562158765231
22.948583428244,-20.520534782723274,56.739820631492059,-3.1387778213696125,2.0504604524022141e-05
22.898592595945541,-20.52067587056257,56.789811662885441,-3.1387560303457098,0.00085128517970482699
22.848601769703901,-20.520819085834248,56.839802694278831,-3.1386927088034806,0.001682024815840744
22.798610955696002,-20.520966504635034,56.889793725672213,-3.1385878585731093,0.0025127321527754487
22.748620160622036,-20.521120202979322,56.939784757065595,-3.138441481056093,0.0033434156898118498
22.698629391964513,-20.521282256819521,56.989775788458985,-3.1382535772339812,0.0041740837172125171
22.648638658246728,-20.521454742065668,57.039766819852368,-3.1380241476805355,0.0050047442477062585
22.598647969291275,-20.52163973460415,57.08975785124575,-3.1377531925773159,0.0058354049479827433
22.548657336479014,-20.521839310315308,57.13974888263914,-3.1374407117326952,0.0066660730701586226
22.498666773007617,-20.522055545089628,57.189739914032522,-3.1370867046042954,0.0074967553832225751
22.448676294150093,-20.522290514842435,57.239730945425912,-3.1366911703248537,0.0083274581044445357
22.398685917513895,-20.522546295526674,57.289721976819294,-3.1362541077315198,0.0091581868307327469
22.34869566329948,-20.522824963143741,57.339713008212676,-3.1357755153985867,0.0099889464699527385
22.298705554559007,-20.523128593752006,57.389704039606066,-3.1352553916736494,0.010819741172193918
22.248715617455534,-20.523459263472873,57.439695070999448,-3.1346937347172128,0.011650574260973276
22.198725881521742,-20.52381904849409,57.489686102392831,-3.1340905425457297,0.012481448164394461
22.148736379918713,-20.524210025070211,57.539677133786221,-3.1334458130780827,0.013312364346252556
22.098747149695246,-20.524634269519744,57.589668165179603,-3.1327595441855207,0.014143323237080134
22.048758232046673,-20.525093858219076,57.639659196572985,-3.1320317337450336,0.014974324165158023
21.998769672573694,-20.525590867592658,57.689650227966375,-3.1312623796961776,0.015805365287487255
21.948781521416805,-20.526127362977281,57.739641259359757,-3.130453963273081,0.016266864579332616
21.89879382044996,-20.526704284550668,57.789632290753147,-3.129654358957517,0.015723040495837091
21.848806588300537,-20.527320496819833,57.839623322146529,-3.1288819417682845,0.01517918535432098
21.798819838052825,-20.527974640371749,57.889614353539912,-3.128136713123332,0.014635304452448593
21.748833579694498,-20.528665355746348,57.939605384933301,-3.1274186741892831,0.01409140254952663
21.698847820228977,-20.529391283451474,57.989596416326684,-3.1267278259078926,0.013547483885696432
21.648862563786675,-20.53015106397616,58.039587447720066,-3.1260641690215261,0.013003552201143864
21.598877811735782,-20.53094333780227,58.089578479113456,-3.1254277040976692,0.012459610755329408
21.548893562793044,-20.531766745414547,58.139569510506838,-3.1248184315524763,0.011915662346238528
21.498909813135111,-20.53261992730916,58.189560541900228,-3.124236351673364,0.011371709329655016
21.448926556509338,-20.533501524000826,58.23955157329361,-3.1236814646406312,0.010827753638440733
21.398943784344574,-20.534410176028462,58.289542604686993,-3.1231537705481189,0.010283796801825729
21.348961485862532,-20.535344523959637,58.339533636080382,-3.1226532694229099,0.00973983996471082
21.298979648188531,-20.53630320839363,58.389524667473765,-3.1221799612440551,0.009195883906968589
21.248998256462322,-20.537284869963422,58.439515698867147,-3.1217338459603408,0.0086519290627470498
21.199017293949328,-20.538288149336413,58.489506730260537,-3.1213149235070889,0.0081079755397791293
21.149036742151424,-20.539311687214216,58.539497761653919,-3.1209231938219943,0.0075640231386855392
21.099056580917637,-20.540354124331316,58.589488793047302,-3.1205586568599912,0.0070200713722761311
21.049076788555361,-20.541414101452865,58.639479824440691,-3.1202213126071618,0.0064761194848528851
20.999097341941095,-20.54249025937159,58.689470855834074,-3.1199111610936767,0.005932166471505078
20.949118216631028,-20.543581238903823,58.739461887227463,-3.1196282024057682,0.0053882110973992202
20.899139386972255,-20.54468568088485,58.789452918620846,-3.119372436696747,0.0048442519170718281
20.849160826213382,-20.545802226163527,58.839443950014228,-3.1191438641970461,0.0043002872937118733
20.799182506615153,-20.546929515596311,58.889434981407618,-3.1189424852233048,0.0037563154184404248
20.749204399561538,-20.548066190040636,58.939426012801,-3.1187683001864905,0.0032123343295922422
20.699226475670333,-20.549210890347904,58.989417044194383,-3.1186213095990536,0.0026683419319897803
20.649248704903748,-20.550362257355975,59.039408075587772,-3.1185015140811196,0.0021243360162156756
20.59927105667947,-20.551518931881244,59.089399106981155,-3.1184089143657197,0.0015803142778900417
20.549293499981218,-20.552679554710533,59.139390138374544,-3.1183435113030558,0.0010362743369422005
20.499316003469421,-20.553842766592588,59.189381169767927,-3.1183053058638022,0.00049221375688523019
20.449338535592158,-20.555007208229487,59.239372201161309,-3.1182942991414437,-5.1869935903187253e-05
20.399361064695857,-20.556171520267885,59.289363232554699,-3.1183104923536513,-0.00059597923289941444
20.349383559135848,-20.557334343290236,59.339354263948081,-3.1183538868426921,-0.0011401166241490996
20.299405987387527,-20.558494317805973,59.389345295341464,-3.1184244840748749,-0.0016842845789687734
20.249428318156966,-20.559650084242794,59.439336326734853,-3.1185222856390324,-0.0022284855266462011
20.199450520491602,-20.560800282938047,59.489327358128236,-3.1186472932440377,-0.0027727218371312785
20.149472563891422,-20.561943554130337,59.539318389521618,-3.1187995087153531,-0.0033169958017108541
20.099494418419731,-20.563078537951409,59.589309420915008,-3.1189789339906171,-0.0038613096136777044
20.049516054813896,-20.564203874418261,59.63930045230839,-3.1191855711142598,-0.0044056653489866439
19.999537444596637,-20.565318203425758,59.68929148370178,-3.1194194222311555,-0.0049500649468918528
19.949558560186947,-20.566420164739615,59.739282515095162,-3.1196804895793027,-0.0054945101905746431
19.899579375010937,-20.567508397989954,59.789273546488545,-3.1199687754815377,-0.006039002687755677
19.849599863613285,-20.568581542665306,59.839264577881934,-3.1202842823362786,-0.006583543851286777
19.799620001768261,-20.569638238107473,59.889255609275317,-3.1206270126072986,-0.0071281348797301598
19.749639766590764,-20.570677123506854,59.939246640668699,-3.1209969688125274,-0.0076727767379220768
19.699659136647981,-20.571696837898727,59.989237672062089,-3.1213941535118797,-0.008217470137513035
19.649678092070424,-20.572696020160201,60.039228703455471,-3.1218185692941116,-0.0087622155174984923
19.599696614663301,-20.573673309008228,60.089219734848861,-3.1222702187627061,-0.0093070130247307117
19.54971468801817,-20.574627342998426,60.139210766242243,-3.1227491045207771,-0.009851862494411584
19.499732297624341,-20.575556760525004,60.189201797635626,-3.1232552291550042,-0.01039676343057486
19.449749430980198,-20.576460199821756,60.239192829029015,-3.1237885952185898,-0.010941714986554983
19.399766077705195,-20.577336298964209,60.289183860422398,-3.1243492052132358,-0.011486715945438519
19.349782229651268,-20.578183695872955,60.33917489181578,-3.1249370615701477,-0.012031764700510464
19.299797881014403,-20.579001028318309,60.38916592320917,-3.1255521666300607,-0.012576859235692633
19.249813028446674,-20.579786933926279,60.439156954602552,-3.1261945226222827,-0.013121997105971134
19.199827671167878,-20.580540050185938,60.489147985995935,-3.1268641316427632,-0.013667175417825989
19.14984181107711,-20.581259014458297,60.539139017389324,-3.1275609956311849,-0.014212390809662794
19.099855452864933,-20.581942463986692,60.589130048782707,-3.1282851163470737,-0.014757639432242384
19.049868604125088,-20.582589035908754,60.639121080176096,-3.1290364953449283,-0.01530291692912473
18.999881275466048,-20.583197367270085,60.689112111569479,-3.1298151339483855,-0.015848218417127514
18.949893480623317,-20.583766095039625,60.739103142962861,-3.1306210332233886,-0.016393538466795959
18.899905236570952,-20.584293856126848,60.789094174356251,-3.1314541939503977,-0.016938871082904407
18.849916563633251,-20.584779287400757,60.839085205749633,-3.1323146165956204,-0.017484209684986714
18.799927485596793,-20.585221025710858,60.889076237143016,-3.1332023012812638,-0.018029547087899552
18.749938029821976,-20.585617707910114,60.939067268536405,-3.1341172477548245,-0.018574875482434916
18.699948227354451,-20.585967970879867,60.989058299929788,-3.1350594553574087,-0.019120186415985167
18.649958113036934,-20.586270451556981,61.039049331323177,-3.1360289229910832,-0.019665470773263756
18.599967725620523,-20.586523786963085,61.08904036271656,-3.1370256490852664,-0.020210718757100316
18.549977107875762,-20.586726614236095,61.139031394109942,-3.1380496315621671,-0.020755919869316228
18.499986306704091,-20.586877570663994,61.189022425503332,-3.1391008678012584,-0.021301062891683396
18.449995373248726,-20.586975293721004,61.239013456896714,-3.1401793546028074,-0.02184613586698942
18.400004363005124,-20.587018421106183,61.289004488290097,-3.1412850881504699,-0.022391126080215942
18.350013335931976,-20.5870055907845,61.338995519683486,3.1407672432066573,-0.022936020039834418
18.30002235656125,-20.586935441030423,61.388986551076869,3.1396070302749699,-0.023480803459246136
18.250031494059154,-20.586806625423968,61.438977582470251,3.1384225163614237,-0.023642571146938133
18.200040817969143,-20.586618898896468,61.488968613863641,3.1372582470060268,-0.022936542246252592
18.15005038982121,-20.586373852142685,61.538959645257023,3.1361292749761511,-0.02223042798643456
18.100060264705515,-20.586073250100871,61.588950676650413,3.1350356040760441,-0.021524246666285503
18.050070491824748,-20.585718857913779,61.638941708043795,3.133977237228494,-0.020818015256033811
18.000081114683383,-20.585312440874699,61.688932739437178,3.1329541765402751,-0.020111749438781325
17.950092171274264,-20.584855764377714,61.738923770830567,3.1319664233654501,-0.019405463652115349
17.900103694265962,-20.584350593872031,61.78891480222395,3.131013978366596,-0.01869917112990763
17.850115711189737,-20.583798694820267,61.838905833617332,3.1300968415739305,-0.017992883944259682
17.80012824462673,-20.583201832660553,61.888896865010722,3.1292150124423337,-0.01728661304758021
17.750141312395666,-20.582561772772316,61.938887896404104,3.1283684899062747,-0.01658036831477714
17.700154927740133,-20.581880280445557,61.988878927797494,3.1275572724326177,-0.015874158585533447
17.650169099516241,-20.581159120853588,62.038869959190876,3.1267813580713164,-0.015167991706658293
17.600183832379944,-20.580400059028971,62.088860990584259,3.1260407445039866,-0.014461874574488552
17.550199126974945,-20.579604859842611,62.138852021977648,3.1253354290903639,-0.013755813177340306
17.500214980120099,-20.578775287985788,62.188843053371031,3.1246654089126351,-0.013049812637979333
17.450231384996663,-20.577913107955094,62.238834084764413,3.1240306808176412,-0.012343877256106519
17.400248331336183,-20.577020084039983,62.288825116157803,3.1234312414569674,-0.011638010550857149
17.350265805607687,-20.576097980312962,62.338816147551185,3.1228670873248983,-0.010932215303288155
17.300283791204784,-20.575148560622154,62.388807178944568,3.122338214794254,-0.010226493598852556
17.250302268633316,-20.574173588586138,62.438798210337957,3.1218446201501031,-0.0095208468698638818
17.200321215698295,-20.573174827591,62.48878924173134,3.1213862996213546,-0.0088152759379280833
17.150340607690726,-20.572154040789265,62.538780273124729,3.1209632494102242,-0.0081097810563459521
17.10036041757504,-20.571112991100811,62.588771304518112,3.1205754657195879,-0.0074043619524928163
17.050380616175612,-20.570053441215446,62.638762335911494,3.1202229447782148,-0.0066990178701517491
17.00040117236346,-20.568977153597068,62.688753367304884,3.1199056828638838,-0.0059937476118134547
16.950422053243184,-20.567885890489297,62.738744398698266,3.1196236763243888,-0.0052885495809429613
16.900443224339334,-20.566781413922406,62.788735430091648,3.1193769215964307,-0.0045834218242005956
16.850464649782776,-20.565665485721418,62.838726461485038,3.1191654152223993,-0.0038783620736261336
16.80048629249729,-20.564539867515212,62.888717492878421,3.1189891538650478,-0.0031733677887896962
16.750508114385752,-20.56340632074658,62.93870852427181,3.118848134320062,-0.0024684361989018395
16.700530076516166,-20.562266606682989,62.988699555665193,3.1187423535265233,-0.0017635643448871271
16.650552139308065,-20.561122486427951,63.038690587058575,3.1186718085752716,-0.0010587491214330224
16.600574262718442,-20.559975720932922,63.088681618451965,3.1186364967151636,-0.00035398731900108591
16.550596406427637,-20.558828071009508,63.138672649845347,3.1186364153572357,0.00035072433418851639
16.500618530025459,-20.55768129734189,63.188663681238729,3.1186715620767642,0.001055389130193148
16.450640593197097,-20.556537160499293,63.238654712632119,3.1187419346132339,0.0017600103394084673
16.400662555908646,-20.555397420948385,63.288645744025501,3.1188475308682042,0.0024645911686531617
16.350684378593378,-20.554263839065516,63.338636775418884,3.1189883489010848,0.0031691347192593783
16.300706022337302,-20.553138175148558,63.388627806812273,3.1191643869228147,0.0038736439451861984
16.250727449064854,-20.55202218942825,63.438618838205656,3.1193756432874493,0.0045781216111417953
16.200748621724937,-20.550917642079,63.488609869599046,3.1196221164816507,0.0052825702507097519
16.150769504476546,-20.549826293228858,63.538600900992428,3.1199038051120893,0.0059869921244874377
16.100790062874381,-20.548749902968584,63.58859193238581,3.1202207078907502,0.0066913891782294024
16.050810264054928,-20.54769023135978,63.6385829637792,3.1205728236181458,0.0073957630009884694
16.000830076922128,-20.546649038441725,63.688573995172582,3.1209601511644398,0.0081001147832651613
15.950849472332926,-20.545628084236998,63.738565026565965,3.121382689448478,0.0088044452751618683
15.900868423283502,-20.544629128755627,63.788556057959354,3.1218404374147228,0.0095087547445311844
15.85088690509485,-20.543653931997611,63.838547089352737,3.1223333940081015,0.010213042935137206
15.800904895598544,-20.542704253953843,63.888538120746126,3.1228615581467625,0.010917309024821742
15.750922375322808,-20.54178185460502,63.938529152139509,3.1234249286927347,0.011621551583673822
15.700939327678297,-20.540888493918672,63.988520183532891,3.1240235044205029,0.012325768532217249
15.650955739143782,-20.540025931844042,64.038511214926274,3.124657283983491,0.013029957099615991
15.600971599452354,-20.539195928304661,64.088502246319663,3.1253262658784533,0.01373411378189475
15.550986901776986,-20.538400243188537,64.138493277713053,3.1260304484077821,0.014438234300198258
15.501001642916552,-20.537640636335841,64.188484309106428,3.1267698296397284,0.015142313559080335
15.451015823481383,-20.536918867523827,64.238475340499818,3.1275444073665386,0.015846345604845824
15.40102944807934,-20.536236696449013,64.288466371893207,3.1283541790605067,0.016550323583940048
15.351042525501271,-20.535595882706389,64.338457403286583,3.1291991418279532,0.017254239701415319
15.30105506890656,-20.53499818576552,64.388448434679972,3.130079292361128,0.017958085179475079
15.251067096008834,-20.53444536494343,64.438439466073362,3.13099462688804,0.0186618502161108
15.201078629261211,-20.533939179374151,64.488430497466737,3.1319451411202248,0.019365523943854802
15.151089696041282,-20.533481387974714,64.538421528860127,3.1329308301984571,0.020069094388664315
15.101100328836509,-20.533073749407592,64.588412560253516,3.1339516886363992,0.020772548428945419
15.051110565428804,-20.532718022039305,64.638403591646906,3.1350077102622191,0.021475871754755908
15.001120449078835,-20.532415963895161,64.688394623040281,3.1360988881581697,0.022179048827199892
14.951130028710715,-20.532169332609957,64.738385654433671,3.1372252145981334,0.022882062838031094
14.901139359095581,-20.531979885374518,64.78837668582706,3.1383866809831673,0.023584895669510095
14.851148501035006,-20.531849378877943,64.838367717220436,3.1395832777750452,0.024287527854530595
14.801157521544383,-20.531779569245394,64.888358748613825,3.1408149944278021,0.024989938537043049
14.751166494035292,-20.531772211971358,64.938349780007215,-3.1411034878622623,0.025692105432819669
14.701175498497427,-20.531829061848249,64.98834081140059,-3.1398015675106064,0.02639400479058885
14.651184621680343,-20.531951872890122,65.03833184279398,-3.1384645656962746,0.027095611353568541
14.601193957273956,-20.532142398251519,65.088322874187369,-3.1370924977197601,0.027796898321452712
14.551203606088546,-20.532402390141236,65.138313905580745,-3.135685380260691,0.028497837312881229
14.501213676234171,-20.532733599730886,65.188304936974134,-3.1342432314578041,0.02919839832843401
14.45122428241168,-20.533137675038343,65.238295968367524,-3.1327844453537885,0.027692445198881276
14.401235486857901,-20.533610136876472,65.288286999760899,-3.1315480318356892,0.021773377443897388
14.35124723384202,-20.534137010345905,65.338278031154289,-3.1306074642770625,0.01585634019165107
14.301259413196147,-20.53470350832082,65.388269062547678,-3.1299626633998834,0.0099404310460381659
14.251271879621651,-20.535294846833352,65.438260093941054,-3.1296135967956511,0.0040246813610382657
14.201284465785051,-20.535896242550184,65.488251125334443,-3.1295602816269268,-0.0018919193545757103
14.151296995404568,-20.536492910111964,65.538242156727833,-3.1298027861105324,-0.0078103990902242864
14.101309296339952,-20.537070059415825,65.588233188121222,-3.1303412297838045,-0.013731778983459479
14.051321213698078,-20.537612892921004,65.638224219514598,-3.1311757825521815,-0.01965704890420655
14.001332622965531,-20.538106603058033,65.688215250907987,-3.1323066625132863,-0.02558714291141145
13.951343443179921,-20.538536369822253,65.738206282301377,-3.1337341325496415,-0.031522914523306078
13.901353650150893,-20.538887358632959,65.788197313694752,-3.1354584956793312,-0.037465111748309063
13.851363289737867,-20.539144718540499,65.838188345088142,-3.1374800891515155,-0.043414351832478028
13.801372491191207,-20.539293580864292,65.888179376481531,-3.1397992772717567,-0.049371095690599019
13.751381480560372,-20.539319058345971,65.938170407874907,3.1407688642388094,-0.055335622002420079
13.701390594167693,-20.539206244902825,65.988161439268296,3.1378533292897393,-0.061308000973093392
13.65140029214348,-20.53894021606774,66.038152470661686,3.1346390355831737,-0.0672880677773567
13.601411172013888,-20.538506030202779,66.088143502055061,3.131125608314516,-0.073275395730764456
13.551423982325701,-20.53788873057427,66.138134533448451,3.1273127011176136,-0.07926926925873877
13.501439636287929,-20.537073348377749,66.18812556484184,3.1232000111846707,-0.085268656764587503
13.451459225403534,-20.536044906801106,66.238116596235216,3.118787295742357,-0.091272183531626153
13.401484033055056,-20.534788426213566,66.288107627628605,3.11407438987812,-0.097278104832028894
13.351515548003379,-20.533288930567409,66.338098659021995,3.1090612257013523,-0.10328427945498203
13.301555477748311,-20.531531455096655,66.38808969041537,3.1037478528122184,-0.10928814390994999
13.251605761690723,-20.529501055394487,66.43808072180876,3.0981344600369973,-0.11528668760616075
13.201668584027482,-20.527182817946592,66.488071753202149,3.0922213983726619,-0.1212764293561039
13.151746386301266,-20.524561872192237,66.538062784595539,3.0860092050649341,-0.12725339559825555
13.101841879515046,-20.52162340417792,66.588053815988914,3.0794986287228232,-0.13321310078156748
13.051958055713637,-20.518352671859457,66.638044847382304,3.0726906553496955,-0.13915053039918901
13.00209819892374,-20.514735022098233,66.688035878775693,3.0655865351453717,-0.14506012720084335
12.952265895333724,-20.510755909384411,66.738026910169069,3.05818780990626,-0.15093578114990489
12.902465042586417,-20.506400916305648,66.788017941562458,3.0504963408215953,-0.15677082372025158
12.852699858049991,-20.501655775762913,66.838008972955848,3.0425143364336091,-0.16255802714742992
12.802974885923442,-20.49650639491604,66.888000004349223,3.0342443804982615,-0.16828960925612088
12.753295003029228,-20.490938880820611,66.937991035742613,3.025689459452428,-0.17395724447825436
12.703665423141501,-20.48493956769445,66.987982067136002,3.0168529891632674,-0.17955208165142986
12.65409169969524,-20.478495045726618,67.037973098529378,3.0077388406067702,-0.1850647691430696
12.604579726724014,-20.471592191315008,67.087964129922767,2.9983513640970711,-0.19048548777935084
12.555135795364745,-20.4642178231671,67.137955161316157,2.9886379468586157,-0.20160593904041677
12.505768952176355,-20.456344151970125,67.187946192709532,2.9780576264849832,-0.2217429730649754
12.45649248137102,-20.447923662901836,67.237937224102922,2.966461022350237,-0.24227608008125839
12.4073216769496,-20.43890690256239,67.287928255496311,2.953826681436063,-0.26326992930936532
12.358273876365619,-20.429243703903587,67.337919286889687,2.9401301456308144,-0.28477988357666634
12.30936869845449,-20.418883141008347,67.387910318283076,2.9253444497734402,-0.30685060940583248
12.260628294001798,-20.407773527234511,67.437901349676466,2.9094407010147481,-0.32951420925924918
12.212077606826742,-20.395862463509349,67.487892381069855,2.8923887639266206,-0.35278785665341966
12.163744641552446,-20.38309694468721,67.537883412463231,2.8741580763868266,-0.37667093014197234
12.115660732299194,-20.369423532860246,67.58787444385662,2.8547186208615822,-0.4011416691557671
12.067860804117055,-20.354788607154504,67.63786547525001,2.8340420735762075,-0.42615341653858896
12.020383616162093,-20.339138699675413,67.687856506643385,2.8121031494185762,-0.45163057204371454
11.9732719724049,-20.322420926621842,67.737847538036775,2.7888811523060082,-0.47746445966107842
11.926572882410055,-20.304583521955156,67.787838569430164,2.7643617283240904,-0.50350940835339708
11.880337651050526,-20.285576477855606,67.83782960082354,2.7385388011012219,-0.52957945573564724
11.834621873570546,-20.265352291672425,67.887820632216929,2.7114166458303197,-0.55544619534192807
11.789485310060144,-20.243866812392188,67.937811663610319,2.683012029643443,-0.58083838206274241
11.744991613388661,-20.221080171334084,67.987802695003694,2.6533563139763081,-0.60544395878282475
11.701205235786585,-20.196962468800322,68.037793726397084,2.6229899547525175,-0.59894782481592845
11.658159929797527,-20.17154544317205,68.087784757790473,2.5936189388911779,-0.57601215157524721
11.615864099046712,-20.144899615189903,68.137775789183848,2.5654059008611569,-0.55266546914383785
11.574320365406837,-20.117095494425499,68.187766820577238,2.5383649300398026,-0.52916002774666637
11.53352649165252,-20.08820217784729,68.237757851970628,2.5124984289335495,-0.50571100977417061
11.493475959034308,-20.058286780368199,68.287748883364003,2.4877989691981583,-0.48249671250187437
11.45415853892394,-20.027414005672611,68.337739914757393,2.4642510978769416,-0.45966026745375371
11.41556083974865,-19.995645842753635,68.387730946150782,2.4418330299679392,-0.43731239074071249
11.377666815863023,-19.963041371300577,68.437721977544172,2.4205181869339096,-0.41553472949586079
11.340458230069602,-19.929656658684902,68.487713008937547,2.400276560469043,-0.39438345694448151
11.303915065338936,-19.895544731808069,68.537704040330937,2.3810758958950005,-0.37389285681038298
11.268015884433307,-19.860755608511841,68.587695071724326,2.3628827005283917,-0.35407871740803454
11.232738138350056,-19.825336375026115,68.637686103117701,2.3456630896132808,-0.3349414219467084
11.198058426015942,-19.789331297889866,68.687677134511091,2.3293834867393763,-0.31646867302498055
11.163952708589321,-19.75278196073376,68.737668165904481,2.3140111977753786,-0.29863782681247886
11.130396482190156,-19.715727418144489,68.787659197297856,2.2995148778882308,-0.28141783791332986
11.097364913016319,-19.678204360503027,68.837650228691246,2.2858649107454725,-0.26477083169459337
11.064832938628454,-19.640247285078413,68.887641260084635,2.2730337179015194,-0.24865332914324748
11.032778047233874,-19.601886423777881,68.93763229147801,2.2607265852246634,-0.24675476048883177
11.001198865060148,-19.563133017220171,68.9876233228714,2.2483397659034212,-0.24882692361419273
10.970104194610213,-19.523989790681977,69.03761435426479,2.2358463594957274,-0.25101890406713961
10.939503179066906,-19.484459448243516,69.087605385658165,2.2232403924666886,-0.2533300398092207
10.909405248842917,-19.444544737952562,69.137596417051554,2.2105159263280667,-0.25575958647482483
10.879820125385661,-19.404248468790904,69.187587448444944,2.1976670623996286,-0.25830669167139453
10.850757824308364,-19.363573528178524,69.237578479838319,2.1846879478739889,-0.26097036765415632
10.822228657853747,-19.322522900171293,69.287569511231709,2.1715727833079144,-0.26374946228732926
10.794243236532814,-19.281099684299615,69.337560542625098,2.15831583160166,-0.26664262823271745
10.766812469855108,-19.239307115098594,69.387551574018488,2.1449114285653348,-0.26964829032121806
10.739947566032486,-19.197148582341011,69.437542605411863,2.1313539951621614,-0.27276461109107281
10.713660030532553,-19.154627651980839,69.487533636805253,2.1176380515199993,-0.27598945450852941
10.68796166334946,-19.111748087807698,69.537524668198643,2.1037582328011126,-0.27932034792512411
10.662864554849344,-19.068513873799773,69.587515699592018,2.0897093070156538,-0.28275444237174907
10.63838108004032,-19.0249292371529,69.637506730985407,2.0754861948585468,-0.28628847134315483
10.614523891109098,-18.980998671950388,69.687497762378797,2.0610839916404036,-0.28991870828842137
10.591305908057899,-18.936726963420629,69.737488793772172,2.0464979913698125,-0.29364092309374878
10.568740307271169,-18.892119212715098,69.787479825165562,2.0317237130289438,-0.29745033792322217
10.546840507836588,-18.847180862119675,69.837470856558951,2.0167569290635767,-0.30134158287156015
10.525620155442452,-18.80191772059063,69.887461887952327,2.0015936960834253,-0.30530865197947943
10.505093103674254,-18.756335989485503,69.937452919345716,1.9862303877388545,-0.30934486026617408
10.485273392536181,-18.710442288334317,69.987443950739106,1.9706637297045484,-0.31344280254328916
10.466175224030581,-18.664243680472929,70.037434982132481,1.954890836660361,-0.31759431488824269
10.447812934630827,-18.6177476983129,70.087426013525871,1.9389092511057922,-0.32179043977119903
10.430200964527669,-18.570962368067978,70.13741704491926,1.9227169838174072,-0.32602139593524265
10.413353823489475,-18.523896233580679,70.187408076312636,1.9063125556498826,-0.33027655424731667
10.397286053276799,-18.476558379048914,70.237399107706025,1.889695040381844,-0.33454442081286612
10.38201218652399,-18.428958450277939,70.287390139099415,1.8728641081903028,-0.33881262873350565
10.367546702067514,-18.381106674129512,70.337381170492804,1.8558200692923705,-0.3430679399276943
10.353903976737119,-18.333013875797306,70.38737220188618,1.8385639172146231,-0.34729625844988377
10.341098233677378,-18.284691493518743,70.437363233279569,1.8210973710795624,-0.35148265671580864
10.329143487325142,-18.236151590321356,70.487354264672959,1.8034229162308533,-0.35561141596441026
10.31805348523088,-18.18740686238937,70.537345296066334,1.7855438424543637,-0.35966608215367124
10.307841646981286,-18.13847064363781,70.587336327459724,1.7674642789978663,-0.36362953829107353
10.2985210005534,-18.089356906087744,70.637327358853113,1.7491892255482435,-0.36748409393594067
10.290104116506395,-18.04008025565302,70.687318390246489,1.7307245782961431,-0.37121159227812778
10.282603040493363,-17.990655922967971,70.737309421639878,1.7120771502044319,-0.3747935347971873
10.276029224658732,-17.94109974896632,70.787300453033268,1.6932546846235168,-0.37821122303894189
10.270390030287537,-17.891428537052551,70.837291484426643,1.6744795332063573,-0.37263700992647036
10.265677066911516,-17.841660876299457,70.887282515820033,1.6559972994488543,-0.36679287095658325
10.261877412225029,-17.791815145020813,70.937273547213422,1.6378058793492629,-0.36100544196465939
10.25897790927533,-17.741908939532497,70.987264578606798,1.6199019931403453,-0.35529222062312832
10.256965240255282,-17.691959087441603,71.037255610000187,1.6022815302378846,-0.34966896001454256
10.255825994472689,-17.641981665460484,71.087246641393577,1.5849396344915556,-0.34414974974543466
10.255546730660432,-17.591992020959616,71.137237672786952,1.5678707850546703,-0.33874710919512857
10.25611403373853,-17.542004796633922,71.187228704180342,1.5510688723641206,-0.3334720893931214
10.257514566201786,-17.492033957687447,71.237219735573731,1.5345272688765883,-0.32833438046583185
10.259735114357969,-17.442092821001818,71.287210766967121,1.5182388943491978,-0.32334242204342428
10.262762629679475,-17.392194085814715,71.337201798360496,1.5021962755731462,-0.31850351445112057
10.266584265558379,-17.342349865491101,71.387192829753886,1.4863916005667435,-0.31382392891504685
10.271187409772249,-17.292571720027073,71.437183861147275,1.4708167673137678,-0.30930901538366223
10.276559712977104,-17.242870688977312,71.487174892540651,1.4554634271940881,-0.30496330689755019
10.282689113546551,-17.193257324547279,71.53716592393404,1.4403230232996553,-0.30079061973177945
10.289563859072723,-17.143741724637433,71.58715695532743,1.4253868238615499,-0.29679414878640364
10.29717252483765,-17.094333565665817,71.637147986720805,1.4106459510338356,-0.29297655791361288
10.305504029552807,-17.045042135034766,71.687139018114195,1.3960914052915183,-0.2893400650479922
10.314547648651194,-16.995876363140979,71.737130049507584,1.3817140857028767,-0.28588652215217575
10.324293025401976,-16.94684485485605,71.78712108090096,1.3675048063320918,-0.28261749010756654
10.334730180101277,-16.897955920433461,71.837112112294349,1.3534543090199849,-0.27953430877302471
10.34584951757649,-16.849217605820243,71.887103143687739,1.339553272777243,-0.2766381625064388
10.357641833223568,-16.800637722375996,71.937094175081114,1.3257923200095461,-0.27393014149902373
10.370098317788099,-16.752223875990271,71.987085206474504,1.3121620197669317,-0.27141129931094043
10.383210561062407,-16.703983495694708,72.037076237867893,1.2986528882149255,-0.26908270703077158
10.39697055468784,-16.655923861746558,72.087067269261269,1.2852553864654068,-0.26694550449386473
10.411370694216984,-16.608052133261342,72.137058300654658,1.2719599159083308,-0.26500094901358623
10.426403780574534,-16.560375375484409,72.187049332048048,1.2587568111624099,-0.2632504620877954
10.442063021030638,-16.512900586828991,72.237040363441423,1.2456363307472023,-0.2616956745488877
10.4583420298608,-16.465634725596381,72.287031394834813,1.232588645494392,-0.26033847062250437
10.475234828725455,-16.418584736711516,72.337022426228202,1.2196038248055394,-0.25918103137875015
10.492735846919842,-16.371757578408385,72.387013457621592,1.2066718207267801,-0.25822587804918806
10.510839921558446,-16.325160249052022,72.437004489014967,1.1937824498543494,-0.25747591569816697
10.529542297774046,-16.278799814212444,72.486995520408357,1.1809253730379747,-0.25693447774240108
10.548838628999329,-16.232683434125068,72.536986551801746,1.1680900728270436,-0.25660537182458948
10.56872497738923,-16.186818391686128,72.586977583195122,1.1552658285798214,-0.25649292756184938
10.589196989436669,-16.141211747574847,72.636968614588511,1.1424970301927624,-0.25431449802810968
10.610247117918691,-16.095869030883481,72.686959645981901,1.1298419011641669,-0.25195244903536484
10.631866640309559,-16.050795016644347,72.736950677375276,1.1173091466500198,-0.24941986314639042
10.654046457054616,-16.005994046610446,72.786941708768666,1.104907104625952,-0.2467243087904924
10.676777122500564,-15.961470022225141,72.836932740162055,1.0926437242797893,-0.24387376004565436
10.700048876357153,-15.917226399929186,72.886923771555431,1.080526547507801,-0.24087652552753028
10.723851675423591,-15.873266188749376,72.93691480294882,1.0685626939712178,-0.23774117724872895
10.748175225322489,-15.829591950092206,72.98690583434221,1.0567588496896521,-0.23447648045118469
10.773009012014926,-15.786205799615161,73.036896865735585,1.0451212590920722,-0.23109132532556192
10.798342332820484,-15.743109411147588,73.086887897128975,1.0336557204343229,-0.22759466143923859
10.824164326824661,-15.700304022371125,73.136878928522364,1.0223675843878377,-0.22399543556350149
10.850464004396677,-15.657790442275699,73.18686995991574,1.0112617556576431,-0.22030253349663773
10.877230275709666,-15.615569060137746,73.236860991309129,1.0003426973914851,-0.21652472633903985
10.904451978103234,-15.573639855892681,73.286852022702519,0.98961443815712868,-0.21267062156718405
10.932117902171756,-15.532002411733492,73.336843054095908,0.9790805812405996,-0.2087486191357121
10.960216816481342,-15.490655924771133,73.386834085489284,0.96874431601056954,-0.20476687272950816
10.988737490840432,-15.449599220593274,73.436825116882673,0.95860843109029759,-0.20073325618908494
11.017668718068743,-15.408830767563106,73.486816148276063,0.94867532907987429,-0.19665533504486316
11.046999334228515,-15.368348691705213,73.536807179669438,0.93894704257666306,-0.19254034301972264
11.076718237300408,-15.328150792032114,73.586798211062828,0.9294252512502833,-0.18839516329494529
11.106814404301863,-15.288234556174221,73.636789242456217,0.92011129974031702,-0.18422631428269365
11.13727690686,-15.248597176185726,73.686780273849593,0.91100621615885258,-0.18003993960780129
11.168094925265011,-15.209235564407368,73.736771305242982,0.90211073099526851,-0.17584180197215665
11.199257761039712,-15.170146369279138,73.786762336636372,0.89342529623790157,-0.1716372805559592
11.230754848070687,-15.131325991006323,73.836753368029747,0.88495010454470036,-0.16743137160002564
11.262575762354682,-15.092770596991796,73.886744399423137,0.87668510831262814,-0.16322869181116942
11.294710230419541,-15.054476136959225,73.936735430816526,0.8686300385136313,-0.15903348423756614
11.327148136483164,-15.016438357702146,73.986726462209901,0.86078442318242887,-0.15484962627148674
11.359879528419103,-14.978652817401974,74.036717493603291,0.8531476054578061,-0.15068063945159926
11.392894622598023,-14.941114899469083,74.086708524996681,0.84571876109541022,-0.14652970075573823
11.426183807675811,-14.903819825869187,74.136699556390056,0.83849691538487037,-0.14239965509605565
11.459737647396858,-14.86676266990829,74.186690587783445,0.83148095941843103,-0.1382930287515434
11.493546882506294,-14.829938368428394,74.236681619176835,0.82466966566568989,-0.13421204349350396
11.527602431774699,-14.793341733470671,74.286672650570225,0.81806170283880897,-0.13015863119441473
11.561895392303693,-14.756967463285763,74.3366636819636,0.81165565000846107,-0.1261344487141848
11.596417039090712,-14.720810152782965,74.38665471335699,0.80545000997881278,-0.12214089290392245
11.631158823956621,-14.684864303373594,74.436645744750379,0.79944322191110551,-0.11817911557393268
11.666112452365255,-14.649124409344381,74.486636776143754,0.79361357548634559,-0.11669750843111786
11.701274657897407,-14.613589704948904,74.536627807537144,0.78769086810943878,-0.12026177791748979
11.736649866277912,-14.578267047959303,74.586618838930534,0.78158867588816983,-0.12387879116780533
11.772243146965558,-14.543164151149254,74.636609870323909,0.77530427292012039,-0.12755209758349353
11.808059539953463,-14.508288937927013,74.686600901717298,0.76883475867075857,-0.13128513419295951
11.844104054094569,-14.473649552989379,74.736591933110688,0.7621770636210965,-0.13508122432874456
11.880381664778371,-14.43925437289942,74.786582964504063,0.75532795502089589,-0.13894357414602915
11.916897310768269,-14.405112016731936,74.836573995897453,0.74828404288581229,-0.14287526692223118
11.953655890295718,-14.371231356642101,74.886565027290843,0.74104178632693918,-0.14687925508962685
11.990662256297519,-14.337621528405435,74.936556058684218,0.73359750034229865,-0.1509583499152411
12.027921210806854,-14.304291941848714,74.986547090077607,0.72594736318008257,-0.15511520874189932
12.065437498422341,-14.271252291162192,75.036538121470997,0.71808742440421536,-0.15935231968387015
12.103215798792462,-14.238512565057874,75.086529152864372,0.71001361379577288,-0.16367198366319896
12.141260718120691,-14.20608305666847,75.136520184257762,0.70172175121459013,-0.16807629367514398
12.179576779590485,-14.173974373164427,75.186511215651151,0.69320755757280206,-0.1725671111574813
12.218168412677583,-14.142197444993961,75.236502247044541,0.68446666706377746,-0.17714603934852038
12.257039941292231,-14.110763534660876,75.286493278437916,0.67549464080045862,-0.18181439352352174
12.2961955706966,-14.079684244940875,75.336484309831306,0.66628698202183445,-0.18657316801300516
12.335639373145872,-14.048971526422418,75.386475341224696,0.65683915303012863,-0.19142299992731349
12.375375272201495,-14.018637684246171,75.436466372618071,0.64714659402482888,-0.19636412954042365
12.415407025669346,-13.988695383902531,75.48645740401146,0.63720474400105265,-0.20139635732435529
12.455738207121628,-13.959157655930953,75.53644843540485,0.62700906387870636,-0.2065189976747844
12.496372185967354,-13.930037899350106,75.586439466798225,0.61655506202564758,-0.2117308294295725
12.537312106044897,-13.901349883632756,75.636430498191615,0.60583832233128065,-0.21703004335655682
12.578560862723211,-13.87310774902207,75.686421529585004,0.59485453497558649,-0.22241418687654785
12.620121078510564,-13.845326004972039,75.73641256097838,0.58359953002314602,-0.22788010639240056
12.661995077186909,-13.818019526479485,75.786403592371769,0.57206931395012872,-0.23342388771671121
12.704184856496621,-13.791203548061112,75.836394623765159,0.56026010918396996,-0.23904079522927191
12.746692059460617,-13.764893655117509,75.886385655158534,0.54816839670035122,-0.24472521055035157
12.789517944393562,-13.739105772416435,75.936376686551924,0.53579096167859253,-0.25047057168645248
12.832663353742817,-13.713856149420479,75.986367717945313,0.52312494216396421,-0.2562693137893573
12.876128681898889,-13.689161342181841,76.036358749338689,0.51016788062377205,-0.26211281286349758
12.919913842163995,-13.665038191528993,76.086349780732078,0.49691777821245675,-0.26799133395652514
12.964018233109982,-13.641503797275329,76.136340812125468,0.48337315147797011,-0.2738939855677287
13.008440704577941,-13.618575488206011,76.186331843518857,0.46953309115707836,-0.27980868219642469
13.053179523690366,-13.596270787582521,76.236322874912233,0.4553973225840508,-0.2857221171340612
13.098232325844043,-13.574607341640323,76.286313906305622,0.44097703163448543,-0.28946191505171004
13.143592905252367,-13.55359595913694,76.336304937699012,0.42663122339408227,-0.28444792157147858
13.189247668785004,-13.533231666077178,76.386295969092387,0.41253973775445774,-0.2792901242795256
13.235182303104926,-13.513506738849987,76.436287000485777,0.39870932667343295,-0.27400592518260075
13.281382813898164,-13.49441282074716,76.486278031879166,0.38514588498050745,-0.26861219452040075
13.327835555621753,-13.475940971504821,76.536269063272542,0.37185447970254576,-0.26312516322116886
13.374527256835611,-13.458081716770879,76.586260094665931,0.3588393843582231,-0.25756033312707982
13.421445041464803,-13.440825096937289,76.636251126059321,0.3461041172804471,-0.25193240451509363
13.468576446056739,-13.424160714968348,76.686242157452696,0.33365148315433901,-0.24625522014061624
13.515909433283191,-13.408077782847805,76.736233188846086,0.32148361695960898,-0.24054172474873695
13.563432401923947,-13.392565166339855,76.786224220239475,0.30960202957571498,-0.23480393880595218
13.611134193580238,-13.377611427814408,76.836215251632851,0.29800765437560989,-0.22905294507371873
13.659004096434094,-13.36320486692073,76.88620628302624,0.28670089419124528,-0.223298886563499
13.707031846204666,-13.349333558994049,76.93619731441963,0.27568166814853523,-0.21755097440854859
13.755207624807579,-13.335985391015305,76.986188345813005,0.26494945785849189,-0.2118175041619248
13.803522056697986,-13.323148095141235,77.036179377206395,0.25450335264642543,-0.20610587914352904
13.851966203404395,-13.310809279696944,77.086170408599784,0.24434209344401975,-0.20042263947140654
13.900531556376855,-13.298956457665128,77.136161439993174,0.23446411512085213,-0.19477349555270104
13.949210028391002,-13.287577072690747,77.186152471386549,0.22486758705906484,-0.18916336490150229
13.997993943828224,-13.276658522622347,77.236143502779939,0.21555045181127622,-0.18359641125481999
14.046876027871241,-13.266188180692264,77.286134534173328,0.20651046178267535,-0.17807608510549788
14.095849394962332,-13.256153414374714,77.336125565566704,0.1977452138551449,-0.17260516484873903
14.144907536602361,-13.246541602031849,77.386116596960093,0.18925218195818108,-0.16718579787924759
14.194044308673673,-13.237340147436928,77.436107628353483,0.18102874759797696,-0.1618195410665888
14.243253918420821,-13.228536492276826,77.486098659746858,0.17307222838857078,-0.15650740013693668
14.292530911209786,-13.220118126738498,77.536089691140248,0.16537990464976829,-0.15124986757701719
14.341870157171282,-13.212072598285019,77.586080722533637,0.15794904415373126,-0.14604695875473292
14.391266837820767,-13.204387518725818,77.636071753927013,0.15077692511543009,-0.14089824602012788
14.440716432730838,-13.197050569684411,77.686062785320402,0.14386085753296116,-0.13580289061087825
14.490214706342851,-13.190049506560099,77.736053816713792,0.13719820298801899,-0.13075967223546942
14.53975769489856,-13.183372161089535,77.786044848107167,0.13078639303478848,-0.12576701626004147
14.589341693689352,-13.177006442576801,77.836035879500557,0.12462294627801111,-0.12082301843729618
14.638963244464996,-13.170940337904202,77.886026910893946,0.11870548428918283,-0.11592546717979121
14.688619123180201,-13.165161910381334,77.936017942287322,0.11303174646375579,-0.11107186336728828
14.738306328032049,-13.159659297514414,77.986008973680711,0.10759960395084682,-0.10625943771690419
14.788022067812083,-13.154420707760652,78.036000005074101,0.10240707277499936,-0.10148516574897334
14.837763750581214,-13.149434416326985,78.08599103646749,0.097452326268971504,-0.09674578039029752
14.887528972667685,-13.144688760066455,78.135982067860866,0.092733706934618368,-0.092037782260823264
14.937315516583551,-13.140172228120591,78.185973099254255,0.088237588369629805,-0.088371274113127257
14.987121540645129,-13.135875806407672,78.235964130647645,0.083883968067186981,-0.085801672986084626
15.036945537172455,-13.131793053328927,78.28595516204102,0.079659259459088874,-0.083214106191996054
15.086786088601883,-13.127917597132152,78.33594619343441,0.075564327367448544,-0.080609897236697023
15.13664185446301,-13.124243014559285,78.385937224827799,0.071599971766472092,-0.077990316903262205
15.186511569810472,-13.120762834810375,78.435928256221175,0.067766930429756803,-0.075356582832282221
15.236394043525179,-13.117470543338962,78.485919287614564,0.064065881591716833,-0.072709859374890606
15.28628815649437,-13.114359585477683,78.535910319007954,0.060497446609884535,-0.070051257702820113
15.336192859680473,-13.111423369893613,78.585901350401329,0.057062192615580189,-0.067381836159472769
15.386107172086676,-13.108655271874005,78.635892381794719,0.053760635141359217,-0.064702600835977314
15.436030178627838,-13.106048636443681,78.685883413188108,0.050593240714387672,-0.062014506356240312
15.485961027915447,-13.103596781316197,78.735874444581484,0.047560429405653935,-0.059318456855161822
15.535898929964121,-13.101292999681549,78.785865475974873,0.044662577325769795,-0.056615307134556696
15.585843153826456,-13.099130562833922,78.835856507368263,0.041900019058893331,-0.053905863981765223
15.635793025164368,-13.097102722643381,78.885847538761638,0.039273050026936505,-0.051190887636343697
15.685747923763019,-13.095202713876173,78.935838570155028,0.036781928777044989,-0.048471093390896551
15.735707280993021,-13.093423756368619,78.985829601548417,0.034426879186004976,-0.045747153312738119
15.785670577227931,-13.091759057060065,79.035820632941807,0.032208092575794524,-0.043019698073647632
15.835637339221531,-13.090201811890799,79.085811664335182,0.030125729735234495,-0.040289318875804073
15.885607137450682,-13.088745207571048,79.135802695728572,0.028179922843172181,-0.037556569462590964
15.935579583427543,-13.087382423227686,79.185793727121961,0.026370777289269107,-0.034821968203790576
15.985554326986627,-13.086106631935333,79.235784758515337,0.024698373388873443,-0.03208600024527547
16.035531053550191,-13.084911002138895,79.285775789908726,0.023162767989005992,-0.029349119714096414
16.085509481375084,-13.083788698974725,79.335766821302116,0.021763995962922677,-0.026611751970556589
16.135489358785545,-13.082732885497812,79.385757852695491,0.020502071591065724,-0.023874295899419678
16.185470461394559,-13.081736723822477,79.435748884088881,0.019376989826647845,-0.02113712623310781
16.235452589315923,-13.080793376184213,79.48573991548227,0.018388727444449936,-0.0184005959003379
16.285435564370836,-13.079896005930374,79.535730946875645,0.017537244071686105,-0.0156650383940896
16.335419227290874,-13.079037778447528,79.585721978269035,0.016822483100125494,-0.012930770153383635
16.38540343491875,-13.078211862033269,79.635713009662425,0.016244372478918034,-0.010198092953812113
16.435388057410215,-13.07741142872038,79.6857040410558,0.015802825387785959,-0.0074672963020559835
16.485372975438292,-13.0766296550612,79.73569507244919,0.015497740790503612,-0.0047386598300681619
16.535358077400971,-13.075859722880164,79.785686103842579,0.01532900386878782,-0.0020124556849137436
16.585343256635159,-13.075094820002226,79.835677135235954,0.015296486336901106,0.00071104908962025658
16.635328408637847,-13.074328140965173,79.885668166629344,0.015400046637479353,0.0034315901832216548
16.685313428295526,-13.073552887723556,79.935659198022734,0.01563953001925756,0.0061489036645155067
16.735298210954465,-13.072762510535641,79.985650229416123,0.015989731711102417,0.0071231697584024922
16.785282710557293,-13.071954430123188,80.035641260809498,0.016338125854573324,0.0068151860570130037
16.835266931967613,-13.07112932001926,80.085632292202888,0.016671136897786203,0.0065077320370334722
16.885250882320147,-13.070287948574174,80.135623323596278,0.016988790822443808,0.0062007877939183019
16.935234569477831,-13.069431082853677,80.185614354989653,0.017291112615758161,0.0058943334454260631
16.98521800199531,-13.068559488688781,80.235605386383043,0.017578126271567077,0.0055883491317841906
17.035201189083399,-13.067673930725594,80.285596417776432,0.017849854791462144,0.0052828150158083431
17.085184140573727,-13.066775172475134,80.335587449169807,0.018106320185921409,0.0049777112829830633
17.135166866882926,-13.065863976363163,80.385578480563197,0.018347543475440941,0.0046730181415109246
17.185149378977933,-13.064941103779971,80.435569511956587,0.018573544691673178,0.0043687158223215065
17.235131688341127,-13.064007315130153,80.485560543349962,0.01878434287856243,0.0040647845790512368
17.285113806935438,-13.063063369882398,80.535551574743351,0.018979956093477985,0.003761204687994458
17.335095747170012,-13.062110026619196,80.585542606136741,0.019160401408345528,0.0034579564480250449
17.385077521866098,-13.061148043086583,80.635533637530116,0.019325694910773895,0.0031550201804921986
17.435059144222603,-13.060178176243802,80.685524668923506,0.019475851705174619,0.002852376229095586
17.485040627782361,-13.059201182313002,80.735515700316896,0.019610885913876105,0.0025500049597365878
17.535021986398409,-13.058217816828837,80.785506731710271,0.019730810678229786,0.0022478867603501142
17.585003234200112,-13.057228834688068,80.83549776310366,0.019835638159706414,0.0019460020407215577
17.634984385559651,-13.056234990199128,80.88548879449705,0.019925379540983616,0.0016443312322868575
17.684965455058933,-13.055237037131663,80.93547982589044,0.020000045027023423,0.0013428547879174753
17.734946457455763,-13.054235728765983,80.985470857283815,0.020059643846137606,0.001041553181698609
17.784927407650969,-13.053231817942537,81.035461888677204,0.020104184251042764,0.00074040690869351972
17.834908320655281,-13.052226057111298,81.085452920070594,0.020133673519903052,0.00043939648470175816
17.884889211555993,-13.051219198381132,81.135443951463969,0.020148117957360403,0.00013850244601362863
17.934870095484101,-13.0502119935691,81.185434982857359,0.020147522895552814,-0.00016229465084153738
17.984850987581517,-13.049205194249724,81.235426014250748,0.020131892695119755,-0.00046301422934907753
18.034831902967777,-13.04819955180421,81.285417045644124,0.020101230746194933,-0.00076367569325963211
18.08481285670738,-13.0471958174696,81.335408077037513,0.020055539469386603,-0.0010642984268412711
18.134793863776967,-13.046194742387883,81.385399108430903,0.019994820316745113,-0.0013649017951271119
18.18477493903212,-13.045197077655056,81.435390139824278,0.01991907377271885,-0.0016655051441548381
18.234756097174746,-13.044203574370123,81.485381171217668,0.019828299355097639,-0.0019661278012023543
18.284737352720235,-13.043214983684033,81.535372202611057,0.01972249561594468,-0.0022667890750130517
18.33471871996419,-13.042232056848558,81.585363234004433,0.019601660142518369,-0.0025675082560074692
18.384700212949678,-13.041255545265127,81.635354265397822,0.019465789558182834,-0.0028683046164852759
18.434681845434341,-13.040286200533558,81.685345296791212,0.019314879523308626,-0.0031691974108120149
18.484663630856947,-13.039324774500763,81.735336328184587,0.01914892473616598,-0.0034702058755860452
18.534645582304449,-13.038372019309381,81.785327359577977,0.018967918933808621,-0.0037713492297904044
18.584627712479257,-13.03742868744631,81.835318390971366,0.018771854892948994,-0.0040726466749259737
18.634610033664249,-13.036495531791205,81.885309422364756,0.018560724430835829,-0.004374117395109527
18.684592557691289,-13.035573305664881,81.935300453758131,0.01833451840611339,-0.0046757805571688458
18.73457529590674,-13.034662762877643,81.985291485151521,0.018093226719687671,-0.004977655310694779
18.784558259137714,-13.033764657777548,82.03528251654491,0.017836838315587862,-0.0052797607880699241
18.834541457658389,-13.032879745298567,82.085273547938286,0.017565341181825862,-0.0055821161044689134
18.884524901156318,-13.03200878100869,82.135264579331675,0.017278722351255632,-0.0058847403578273826
18.934508598697811,-13.031152521157912,82.185255610725065,0.016976967902439213,-0.006187652628772352
18.984492558693905,-13.030311722726179,82.23524664211844,0.016660062960513162,-0.0064908719805210936
19.034476788866044,-13.029487143471171,82.28523767351183,0.016327991698060887,-0.0067944174587417335
19.084461296211067,-13.028679541976063,82.335228704905219,0.015980737335996746,-0.0070983080913701885
19.134446086966523,-13.027889677697157,82.385219736298595,0.015618282144456723,-0.0074025628883885473
19.18443116657572,-13.027118311011389,82.435210767691984,0.015240607443701305,-0.0077072008415588842
19.234416539652141,-13.026366203263775,82.485201799085374,0.014847693605036197,-0.0080122409241079832
19.284402209943995,-13.025634116814722,82.535192830478749,0.014439520051746861,-0.0083177020903661379
19.334388180298696,-13.024922815087235,82.585183861872139,0.014016065260051377,-0.0086236032753557804
19.384374452626432,-13.024233062614016,82.635174893265528,0.013577306760080253,-0.0089299633943234567
19.434361027863947,-13.023565625084403,82.685165924658904,0.013123221136876759,-0.0092368013422197068
19.484347905938282,-13.022921269391258,82.735156956052293,0.012653784031423226,-0.0095441359931222845
19.53433508572946,-13.022300763677643,82.785147987445683,0.012168970141703931,-0.0098519861995952675
19.584322565033453,-13.021704877383428,82.835139018839072,0.011668753223796555,-0.010160370791989354
19.634310340524912,-13.021134381291713,82.885130050232448,0.011153106092999267,-0.010469308577677895
19.684298407719034,-13.020590047575151,82.935121081625837,0.010622000625003411,-0.010778818340222301
19.734286760933543,-13.020072649842067,82.985112113019227,0.010075407757104457,-0.011088918838471025
19.784275393250333,-13.019582963182467,83.035103144412602,0.0095132974894600354,-0.01139962880558599
19.83426429647642,-13.019121764213873,83.085094175805992,0.0089356388864027195,-0.011710966947992027
19.88425346110472,-13.018689831126959,83.135085207199381,0.0083424000778037823,-0.012022951944250708
19.934242876274773,-13.018287943731078,83.185076238592757,0.0077335482604929751,-0.012335602443855263
19.98423252973236,-13.017916883499536,83.235067269986146,0.0071090496997478847,-0.012648937065938776
20.034222407789294,-13.017577433614727,83.285058301379536,0.0064688697308440419,-0.012962974397899917
20.084212495282831,-13.017270379013047,83.335049332772911,0.0058129727606746244,-0.013277732993940626
20.134202775534074,-13.016996506429628,83.385040364166301,0.0051413222694539793,-0.013593231373508357
20.18419323030653,-13.016756604442813,83.43503139555969,0.0044538808124926013,-0.013909488019648229
20.23418383976421,-13.016551463518478,83.485022426953066,0.0037506100220582785,-0.014226521377256959
20.284174582428726,-13.016381876054078,83.535013458346455,0.0030314706093335069,-0.014544349851233592
20.33416543513642,-13.016248636422453,83.585004489739845,0.0022964223664616898,-0.01486299180452931
20.384156372995086,-13.016152541015424,83.63499552113322,0.0015454241686920069,-0.015182465556091327
20.434147369295445,-13.016094338139876,83.68498655252661,0.00078418924133431703,-0.015062385277954858
20.484138395304381,-13.016073739310819,83.734977583919999,4.4268705285158567e-05,-0.014539462269684224
20.534129423159467,-13.016089475751139,83.784968615313389,-0.00066946850723216024,-0.014014878111926671
20.584120427796325,-13.01614023648049,83.834959646706764,-0.0013569414053983266,-0.013488714918171732
20.634111386912732,-13.016224706556994,83.884950678100154,-0.0020180731073994162,-0.012961054960955733
20.684102280875358,-13.016341567286469,83.934941709493543,-0.0026527908478373025,-0.012431980650231005
20.734093092636115,-13.016489496431708,83.984932740886919,-0.0032610259842026754,-0.011901574512018195
20.784083807591337,-13.016667168421559,84.034923772280308,-0.0038427140016278295,-0.01136991916804869
20.834074413549956,-13.016873254560249,84.084914803673698,-0.004397794517948363,-0.01083709731462794
20.884064900584885,-13.017106423236262,84.134905835067073,-0.0049262112863511596,-0.010303191703113841
20.93405526094956,-13.017365340131228,84.184896866460463,-0.0054279121978376994,-0.0097682851200714717
20.984045488973386,-13.017648668428562,84.234887897853852,-0.0059028492824746434,-0.0092324603680146427
21.034035580957976,-13.017955069021887,84.284878929247228,-0.006350978709714206,-0.0086958002464946234
21.084025535072712,-13.018283200723188,84.334869960640617,-0.0067722607877822583,-0.0081583875335439586
21.134015351249236,-13.018631720470646,84.384860992034007,-0.007166659962147397,-0.0076203049674700039
21.184005031074623,-13.018999283536134,84.434852023427382,-0.0075341448130849175,-0.0070816352289928925
21.233994577683841,-13.01938454373237,84.484843054820772,-0.0078746880523584278,-0.0065424609237098577
21.283983995651997,-13.019786153619652,84.534834086214161,-0.0081882665190355815,-0.0060028645648723625
21.333973290884732,-13.020202764712167,84.584825117607537,-0.0084748611744436698,-0.0054629285564800432
21.383962470509015,-13.020633027683848,84.634816149000926,-0.0087344570962937206,-0.0049227351766577693
21.433951542763133,-13.021075592573755,84.684807180394316,-0.0089670434719786585,-0.0043823665613157503
21.483940516885738,-13.021529108990931,84.734798211787705,-0.0091726135910592949,-0.003841904688081859
21.533929403005256,-13.021992226318758,84.784789243181081,-0.0093511648369566328,-0.0033014313604805149
21.583918212028635,-13.02246359391871,84.83478027457447,-0.0095026986778577304,-0.0027610281923542571
21.633906955529792,-13.022941861333564,84.88477130596786,-0.0096272206568480036,-0.0022207765925134708
21.683895645638135,-13.023425678489989,84.934762337361235,-0.0097247403812825914,-0.0016807577495939097
21.733884294927197,-13.023913695900507,84.984753368754625,-0.0097952715114054591,-0.0011410526171109036
21.783872916302855,-13.024404564864819,85.034744400148014,-0.0098388317482253074,-0.00060174189870044765
21.833861522892064,-13.024896937670452,85.08473543154139,-0.0098554428206586928,-6.2906033524567261e-05
21.8838501279319,-13.025389467792715,85.134726462934779,-0.0098451304719471087,0.00047537481817153002
21.933838744658413,-13.025880810093955,85.184717494328169,-0.0098079244453555901,0.0010130207893567001
21.983827386196161,-13.026369621022058,85.234708525721544,-0.0097438584691599446,0.0015499523203913964
22.033816065448534,-13.026854558808239,85.284699557114934,-0.0096529702409274797,0.0020860901730965788
22.083804794987838,-13.027334283664029,85.334690588508323,-0.0095353014110979295,0.0026213554447182649
22.13379358694657,-13.027807457977467,85.384681619901698,-0.0093908975658676154,0.0031556695818158865
22.183782452909519,-13.02827274650852,85.434672651295088,-0.0092198082093805662,0.0036889543940810555
22.233771403805868,-13.028728816583623,85.484663682688478,-0.0090220867452323085,0.0042211320680934326
22.28376044980298,-13.029174338289412,85.534654714081853,-0.0087977904572850135,0.00475212518104006
22.333749600200765,-13.029607984665562,85.584645745475243,-0.0085469804897981231,0.0052818567144006946
22.383738863326876,-13.030028431896737,85.634636776868632,-0.0082697218268765801,0.0058102500676109857
22.433728246433194,-13.030434359503616,85.684627808262022,-0.0079660832712352345,0.0063372290717200446
22.48371775559346,-13.030824450533048,85.734618839655397,-0.0076361374222805476,0.0068627180030498636
22.533707395602221,-13.031197391747154,85.784609871048787,-0.0072799606535079043,0.0073866415968691698
22.583697169874537,-13.031551873811527,85.834600902442176,-0.0068976330892190491,0.0079089250610833717
22.633687080347691,-13.03188659148241,85.884591933835551,-0.0064892385805497051,0.0084294940899628298
22.683677127384144,-13.032200243792863,85.934582965228941,-0.0060548646808109095,0.0089482748779088888
22.733667309675599,-13.032491534237849,85.984573996622331,-0.0055946026201442326,0.0094651941332632543
22.783657624149036,-13.032759170958318,86.034565028015706,-0.0051085472794824942,0.0099801790921754674
22.833648065874442,-13.033001866924105,86.084556059409095,-0.0045967971638133601,0.010493157532532877
22.883638627973689,-13.033218340115807,86.134547090802485,-0.0040594543747522983,0.011004057787948898
22.933629301531653,-13.033407313705442,86.18453812219586,-0.0034966245824075686,0.011512808761829234
22.983620075509144,-13.033567516235973,86.23452915358925,-0.0029084169965412012,0.012019339941511048
23.033610936657169,-13.033697681799605,86.28452018498264,-0.0022949443370263549,0.012523581412475405
23.083601869433718,-13.033796550214886,86.334511216376015,-0.0016563228035864437,0.013025463872644626
23.133592855922345,-13.033862867202519,86.384502247769404,-0.00099267204481782848,0.013524918646760389
23.18358387575249,-13.033895384559914,86.434493279162794,-0.00030411512649681783,0.014021877700839749
23.233574906022167,-13.033892860334381,86.484484310556169,0.00040922150084240111,0.014516273656716296
23.283565921222959,-13.033854058995024,86.534475341949559,0.00114720803506099,0.01500803980666318
23.33355689316662,-13.033777751603202,86.584466373342948,0.0019097113562941441,0.015497110128089376
23.383547790914399,-13.033662715981613,86.634457404736338,0.0026965950615727929,0.015983419298316193
23.433538580708408,-13.033507736881898,86.684448436129713,0.0035077195001825849,0.016466902709423626
23.483529225905574,-13.033311606150763,86.734439467523103,0.0043429418097719755,0.016947496483167186
23.533519686913426,-13.033073122894594,86.784430498916493,0.0052021159531978403,0.017425137485951068
23.58350992112873,-13.032791093642496,86.834421530309868,0.0060850927561292515,0.017899763343861941
23.633499882878578,-13.032464332507743,86.884412561703257,0.0069917199454042657,0.018371312457751421
23.683489523363477,-13.032091661347577,86.934403593096647,0.0079218421881340571,0.018839724018355184
23.733478790603385,-13.031671909921357,86.984394624490022,0.0088753011315709073,0.019304938021448125
23.783467629386337,-13.031203916046964,87.034385655883412,0.0098519354437357227,0.019766895283022522
23.833455981220396,-13.030686525755453,87.084376687276801,0.010851580854822317,0.020225537454486249
23.883443784275464,-13.03011859344406,87.134367718670177,0.011874070199097159,0.020680807037744747
23.933430973377089,-13.02949898202678,87.184358750063566,0.012919233458573955,0.021132647400724115
23.983417479909242,-13.028826563084159,87.234349781456956,0.013986897805523226,0.021581002792016898
24.033403231816859,-13.028100217010039,87.284340812850331,0.015076887647729095,0.022025818356377336
24.083388153558033,-13.027318833156933,87.334331844243721,0.016189024673417797,0.022467040149682233
24.13337215659336,-13.026480759791518,87.38432287563711,0.017399247913691334,0.029924178286135649
24.183354822965274,-13.025566692773253,87.434313907030486,0.019310492533119214,0.046543142867804185
24.233335218940304,-13.024536319686037,87.484304938423875,0.022053700131408789,0.063220442557560194
24.283312097208732,-13.023347964728657,87.534295969817265,0.025633542893221128,0.080026137316563356
24.33328380621364,-13.021959642141423,87.584287001210654,0.030058168669775873,0.097029254282570143
24.383248174079036,-13.020328889716117,87.63427803260403,0.035339153978442693,0.11429795858657989
24.43320238506605,-13.018412606916389,87.684269063997419,0.041491463211184111,0.13189962762792273
24.48314284644529,-13.016166898135273,87.734260095390809,0.04853340868826516,0.14990080646629544
24.533065043617036,-13.013546922043856,87.784251126784184,0.056486604953222219,0.16836701703789553
24.582963381332519,-13.010506748509188,87.834242158177574,0.065375909198946966,0.18736238801911073
24.632831008898378,-13.006999225199579,87.884233189570963,0.075229337891040388,0.20694906543085725
24.682659627331326,-13.002975856767629,87.934224220964339,0.086077947477997976,0.22718635675148091
24.732439276607657,-12.99838670042265,87.984215252357728,0.09795566452929251,0.24812955383791405
24.782158101463885,-12.993180282788586,88.034206283751118,0.11089904773218101,0.26982837310621538
24.83180209470304,-12.987303544197404,88.084197315144493,0.12494696096465267,0.29232494640229995
24.881354817717963,-12.980701817986358,88.134188346537883,0.14014013327959807,0.31565129461550345
24.930797099026158,-12.973318853925035,88.184179377931272,0.15652057832361216,0.33982622093064102
24.980106713213569,-12.965096896522391,88.234170409324648,0.17413084290200218,0.36485157522538808
25.029258044492011,-12.955976830616823,88.284161440718037,0.1930130525441327,0.39070786975549515
25.078221742118437,-12.945898408031674,88.334152472111427,0.21320772217229944,0.41734927466257804
25.126964377938844,-12.934800570143041,88.384143503504802,0.23475230301019445,0.44469809490668588
25.175448120466442,-12.922621881475958,88.434134534898192,0.25767944442045715,0.47263893329230455
25.223630444607998,-12.909301088556655,88.484125566291581,0.28201496286040872,0.50101287921868531
25.271463901116224,-12.894777815740374,88.534116597684971,0.30777553107897193,0.52961222626149107
25.318895974882249,-12.87899340503014,88.584107629078346,0.33496613030664596,0.55817640147378633
25.365869065492859,-12.861891899542238,88.634098660471736,0.36357734670963165,0.58638996024523593
25.412320626168331,-12.84342115994678,88.684089691865125,0.39358263941789406,0.61388362241426997
25.458183497112028,-12.823534089963617,88.734080723258501,0.42493575722689281,0.64023934358374535
25.503386465196442,-12.802189931422657,88.78407175465189,0.4575685279049303,0.66500026873686213
25.547855072660834,-12.779355572833577,88.83406278604528,0.49138927824959544,0.68768605031373287
25.591512682482957,-12.755006799973202,88.884053817438655,0.52628215301521819,0.70781340893434375
25.634281787576938,-12.729129405473603,88.934044848832045,0.56210757526994382,0.72492100918646207
25.676085526447459,-12.701720069830742,88.984035880225434,0.59870402205056683,0.7385968289134931
25.716849342246785,-12.672786931292489,89.03402691161881,0.63589117735580647,0.74850540422911849
25.756502699275519,-12.642349778144943,89.084017943012199,0.6734743799618842,0.75441185605493466
25.794980755180411,-12.610439823475552,89.134008974405589,0.71125012731564352,0.75619963870353879
25.832225882153121,-12.577099056762243,89.184000005798964,0.74901225710468755,0.75387958115301168
25.868192123243588,-12.542382423550064,89.233991037192354,0.7861683120155829,0.72553592071087603
25.902875633722143,-12.506383857014695,89.283982068585743,0.82154125876818329,0.69037450165541603
25.936295834585447,-12.469209180130109,89.333973099979119,0.85526432168972555,0.65947079706354517
25.968472040274502,-12.430952441123813,89.383964131372508,0.88754179052313442,0.63248546811842676
25.999422254213073,-12.391697032270811,89.433955162765898,0.91856153724687661,0.60910264821870452
26.02916251845058,-12.351517020841532,89.483946194159287,0.9484963890415069,0.58903712185534973
26.05770643804976,-12.31047834826107,89.533937225552663,0.97750575553422325,0.57203761982612467
26.085064828841286,-12.268639900443747,89.583928256946052,1.0057373562809151,0.55788774014995224
26.111245449153156,-12.226054459023098,89.633919288339442,1.033328957011469,0.54640551519587566
26.136252785479218,-12.182769546620094,89.683910319732817,1.0604100650129702,0.53744229954457823
26.160087869181119,-12.13882818072763,89.733901351126207,1.0871035614099598,0.5308814149453942
26.182748106656497,-12.094269551116666,89.783892382519596,1.1135272656346726,0.5266368282164885
26.204227109344579,-12.049129635465048,89.833883413912972,1.1397954383219133,0.52465203136516281
26.224514512817514,-12.003441767536215,89.883874445306361,1.1660202354471791,0.5248992228481929
26.243595776298694,-11.957237171932716,89.933865476699751,1.1923131302170737,0.52737884171330174
26.26145195549498,-11.910545479367137,89.983856508093126,1.2187863209270995,0.53211947264836135
26.278059442827683,-11.863395236646696,90.033847539486516,1.2455541431950912,0.53917811207773214
26.293389670189026,-11.815814426238209,90.083838570879905,1.2727345037834408,0.54864075672486012
26.307408797173732,-11.767831018857676,90.133829602273281,1.3004409579552492,0.55849723742206547
26.320085423341528,-11.719475629320934,90.18382063366667,1.3283896992340758,0.55967727398120048
26.331404301363161,-11.670784533477079,90.23381166506006,1.3564014127355521,0.56102331387313897
26.341353266293314,-11.621795176803067,90.283802696453435,1.3844854037072527,0.56257554905419249
26.349920662903273,-11.572545428507571,90.333793727846825,1.4126529734348419,0.56437361384565365
26.357095260256141,-11.523073598068907,90.383784759240214,1.4409173870089591,0.56645641232547039
26.362866169647955,-11.47341846602974,90.433775790633604,1.4692938327004947,0.56886195445593635
26.367222767592438,-11.423619328903124,90.483766822026979,1.4977993732059052,0.57162719323003697
26.370154625533228,-11.373716057946289,90.533757853420369,1.5264528885911663,0.57478785381554853
26.371651447999451,-11.323749171431949,90.583748884813758,1.5552750102833994,0.578378244427039
26.371703020973854,-11.273759919920947,90.633739916207134,1.5842880449145162,0.5824310374513143
26.370299172322024,-11.223790383897603,90.683730947600523,1.6135158862184669,0.58697700819448251
26.367429746236979,-11.173883582960192,90.733721978993913,1.6429839125255727,0.59204471753046062
26.363084593784322,-11.12408359555676,90.783713010387288,1.6727188666857404,0.59766012376101141
26.357253581787415,-11.074435688004231,90.833704041780678,1.7027487144977635,0.60384610823455442
26.349926622461215,-11.024986451211857,90.883695073174067,1.7331024769381647,0.61062189885333062
26.341093726379334,-10.975783943140234,90.933686104567442,1.7638100306890956,0.61800237572576544
26.330745081525297,-10.926877834543737,90.983677135960832,1.7949018706980298,0.62599724416944658
26.318871431747343,-10.878319485086159,91.033668167354222,1.8263604127797735,0.62898914661237804
26.305479130090539,-10.830157816997623,91.083659198747597,1.8575958352147433,0.6203349256423254
26.290600300303296,-10.782434378054262,91.133650230140987,1.8883524384437789,0.6098608759417623
26.274273937965027,-10.735186486340613,91.183641261534376,1.9185436386873418,0.59774645888529532
26.256543467208576,-10.688447297422179,91.233632292927751,1.948092323241547,0.58418978623188933
26.237455972518354,-10.642245592382594,91.283623324321141,1.9769315828680922,0.56939965134231663
26.217061419054776,-10.596605683648249,91.333614355714531,2.0050050546195686,0.55358799154142202
26.195411889495404,-10.551547429079829,91.38360538710792,2.032266907459507,0.53696319225739308
26.17256086071853,-10.507086340575093,91.433596418501295,2.0586815201670925,0.51972450573173734
26.148562538229054,-10.463233770815064,91.483587449894685,2.0842229111608015,0.5020577188554074
26.123471260642301,-10.419997160709103,91.533578481288075,2.1088739834636461,0.48413208298857208
26.09734098128342,-10.377380330323007,91.58356951268145,2.1326256461794753,0.46609842374193206
26.070224829365035,-10.33538379729902,91.63356054407484,2.155475868015805,0.44808828441628212
26.042174749466181,-10.294005108675515,91.683551575468229,2.1774287100838894,0.43021392173925521
26.013241215209774,-10.253239174277814,91.733542606861604,2.1984933757871961,0.41256896200489246
25.983473011085948,-10.213078592225376,91.783533638254994,2.2186833061487414,0.39522953348225243
25.952917075195824,-10.173513959397878,91.833524669648384,2.2380153401768252,0.37825571065832464
25.921618395158308,-10.134534161789583,91.883515701041759,2.2565089522836086,0.36169313193785069
25.889619949384514,-10.096126641484672,91.933506732435148,2.2741855725542277,0.34557468048380902
25.856962686249172,-10.058277638481192,91.983497763828538,2.2910679908328477,0.32992214490736649
25.823685534243268,-10.020972406768651,92.033488795221913,2.307179842048428,0.31474780064115843
25.789825436906099,-9.9841954049774166,92.083479826615303,2.3225451677628719,0.30005587315163107
25.755417407072969,-9.9479304625365064,92.133470858008693,2.3371880474177855,0.28584386040253673
25.72049459576953,-9.9121609227417764,92.183461889402068,2.3511322919397593,0.27210370441879494
25.685088371805207,-9.8768697643823469,92.233452920795457,2.3644011921036827,0.25882281082497499
25.649228408805932,-9.842039703711734,92.283443952188847,2.3770173141599691,0.24598492143343134
25.61294277704058,-9.8076532785809665,92.333434983582222,2.3890023355919499,0.23357084888880836
25.57625803793427,-9.7736929165074056,92.383426014975612,2.4003769143816491,0.22155908456551349
25.539199339631285,-9.7401409883620591,92.433417046369001,2.4111605857482923,0.20992629181764449
25.501790512368881,-9.7069798492316934,92.483408077762391,2.4213716809318022,0.19864769666594206
25.464054162759965,-9.674191867866039,92.533399109155766,2.4310272631839345,0.18769738736638888
25.426011766364457,-9.6417594459652154,92.583390140549156,2.4401430766768151,0.17704853326076436
25.387683758164819,-9.6096650284044269,92.633381171942546,2.4487335045269871,0.16667353201967791
25.349089620754103,-9.5778911053343574,92.683372203335921,2.4568115325536821,0.15654409296224922
25.310247970208628,-9.5464202069442088,92.73336323472931,2.46438871573665,0.14663126264485932
25.271176639753801,-9.5152348915271041,92.7833542661227,2.4714751446106029,0.13690539739090679
25.231892761447089,-9.4843177273455925,92.833345297516075,2.4780794090288056,0.12733608589818005
25.192412846206118,-9.4536512686606908,92.883336328909465,2.484208556846081,0.11789202350496981
25.152751319478195,-9.4232200434286799,92.933327360302854,2.490026266776574,0.11510149850697853
25.112915353007875,-9.3930175227803439,92.98331839169623,2.4957158585361734,0.11251283091212597
25.072910144514093,-9.3630395295611546,93.033309423089619,2.5012745344146885,0.10986431628582997
25.032740898826429,-9.3332816937512071,93.083300454483009,2.5066993616526276,0.10715832079158695
24.992412823204774,-9.3037394576750376,93.133291485876384,2.5119875262433085,0.10439722795845967
24.951931122762648,-9.274408081506289,93.183282517269774,2.5171363335986299,0.10158343044372484
24.911300996241703,-9.2452826490164046,93.233273548663163,2.522143208806177,0.098719322231203013
24.870527632069734,-9.2163580734844963,93.283264580056539,2.5270056965106509,0.095807291298898201
24.829616204731416,-9.1876291037600577,93.333255611449928,2.5317214604408016,0.092849712789696795
24.788571871452902,-9.1590903304517397,93.383246642843318,2.536288282608016,0.08984894271077308
24.747399769201632,-9.1307361922177428,93.433237674236707,2.540704062203627,0.086807312181215304
24.706105012001874,-9.1025609821356586,93.483228705630083,2.5449668142226192,0.083727122241533322
24.6646926885638,-9.0745588541298741,93.533219737023472,2.5490746678421115,0.080610639232914602
24.623167860223671,-9.0467238294371199,93.583210768416862,2.5530258645830983,0.077460090748889626
24.581535559189319,-9.0190498030908675,93.633201799810237,2.5568187562841196,0.074277662156995661
24.539800787084971,-8.9915305504076919,93.683192831203627,2.5604518029151704,0.071065493683596298
24.497968513788788,-8.9641597334605887,93.733183862597016,2.5639235702596701,0.067825678050995417
24.456043676553051,-8.9369309075243475,93.783174893990392,2.5672327274918829,0.064560258652173491
24.414031179398211,-8.9098375274811303,93.833165925383781,2.5703780446761515,0.061271228245458997
24.371935892770548,-8.882872954175637,93.883156956777171,2.5733583902134121,0.057960528148678143
24.329762653451134,-8.8560304607100164,93.933147988170546,2.5761727282594822,0.05463004790987603
24.287516264704561,-8.8293032386710024,93.983139019563936,2.5788201161382767,0.051281625429911687
24.245201496655284,-8.8026844042833918,94.033130050957325,2.5812997017718828,0.047917047510665639
24.20282308687754,-8.7761670044843552,94.083121082350701,2.5836107211481298,0.044538050801298412
24.160385741185902,-8.7497440229154417,94.13311211374409,2.5857524958448224,0.041146323114217939
24.117894134612797,-8.7234083858301652,94.18310314513748,2.5877244306283798,0.037743505081799349
24.075352912558557,-8.697152967915935,94.233094176530855,2.5895260111432199,0.034331192124491636
24.032766692099525,-8.6709705980302942,94.283085207924245,2.5911568017067079,0.030910936700843886
23.990140063441107,-8.6448540648533498,94.333076239317634,2.5926164432229886,0.02748425081013128
23.947477591499521,-8.6187961224575158,94.383067270711024,2.5939046512276671,0.024052608718264479
23.90478381759937,-8.5927894957983035,94.433058302104399,2.5950212140737188,0.020617449878214872
23.862063261271501,-8.5668268861294337,94.483049333497789,2.5959659912676756,0.017180182016467118
23.819320422140297,-8.5409009763486026,94.533040364891178,2.5967389119636182,0.013742184357819005
23.776559781863369,-8.5150044362653183,94.583031396284554,2.5973399736215574,0.01030481095935302
23.733785806188873,-8.4891299278442194,94.633022427677943,2.5977692408338737,0.0068693941331400329
23.691002946957259,-8.4632701103334629,94.683013459071333,2.5980268443256729,0.0034372479186999582
23.648215644226287,-8.4374176454010321,94.733004490464708,2.598112980128517,9.671595090700949e-06
23.605428328361835,-8.4115652021997462,94.782995521858098,2.5980279167445395,-0.0033778397595035448
23.5626445937691,-8.3857068327907598,94.832986553251487,2.5978671631677783,-0.0030535759814141424
23.519864807056663,-8.3598419325542253,94.882977584644863,2.597722602227543,-0.0027300138240668875
23.477088550751176,-8.3339711940103971,94.932968616038252,2.5975941994887926,-0.0024071277177212169
23.434315407968857,-8.3080953080617412,94.982959647431642,2.597481921791343,-0.0020848922280882489
23.391544962418333,-8.2822149640688831,95.032950678825017,2.5973857372431466,-0.0017632820547504608
23.348776798401754,-8.2563308499250692,95.082941710218407,2.5973056152136342,-0.0014422720295661671
23.306010500816257,-8.2304436521305409,95.132932741611796,2.5972415263271462,-0.0011218371150785919
23.263245655154808,-8.2045540558661543,95.182923773005172,2.5971934424564371,-0.00080195240292393812
23.220481847507113,-8.1786627450666316,95.232914804398561,2.5971613367162631,-0.00048259311224497034
23.177718664550753,-8.1527704024876275,95.282905835791951,2.5971451834570445,-0.00016373458804106312
23.134955693592495,-8.1268777098027272,95.33289686718534,2.5971449582586215,0.00015464770009866854
23.092192522508263,-8.1009853476387779,95.382887898578716,2.5971606379240528,0.00047257816000492237
23.049428739784847,-8.0750939956724448,95.432878929972105,2.5971922004735344,0.00079008107816488818
23.006663934510584,-8.0492043326955258,95.482869961365495,2.5972396251383696,0.001107180621323119
22.963897696376108,-8.0233170366860058,95.53286099275887,2.5973028923550205,0.0014239008379891842
22.921129615675081,-7.9974327848787246,95.58285202415226,2.5973819837592358,0.0017402656599247205
22.878359283306857,-7.9715522538368981,95.632843055545649,2.5974768821802465,0.00205629890359426
22.835586290775471,-7.9456761195210257,95.682834086939025,2.5975875716350454,0.0023720242716193472
22.792810230191666,-7.9198050573593202,95.732825118332414,2.5977140373227239,0.0026874653541835961
22.75003069427402,-7.8939397423172117,95.782816149725804,2.5978562656188928,0.0030026456304170965
22.707247276350067,-7.8680808489665122,95.832807181119179,2.5980142440701592,0.0033175884697511406
22.664459570358009,-7.8422290515545834,95.882798212512569,2.5981879613886787,0.0036323171332369396
22.62166717084801,-7.8163850240729316,95.932789243905958,2.5983774074467676,0.003946854774834036
22.578869672983757,-7.7905494403255426,95.982780275299334,2.5985825732715835,0.0042612244426624389
22.53606667254445,-7.7647229739972143,96.032771306692723,2.5988034510398625,0.0045754490802137771
22.49325776592606,-7.7389062987210488,96.082762338086113,2.5990400340727202,0.0048895515275299926
22.450442550144743,-7.7131000881468985,96.132753369479488,2.5992923168305055,0.0052035545223255075
22.407620622838039,-7.6873050160081533,96.182744400872878,2.5995602949077128,0.0055174807010836078
22.364791582267465,-7.661521756188991,96.232735432266267,2.5998439650279503,0.0058313526000988132
22.321955027321,-7.6357509827912402,96.282726463659657,2.6001433250389567,0.006145192656474288
22.279110557516177,-7.6099933702012406,96.332717495053032,2.6004583739076637,0.0064590232090674356
22.236257773002979,-7.5842495931562475,96.382708526446422,2.6007891117153092,0.0067728664993878902
22.193396274577189,-7.5585203268167591,96.432699557839811,2.6011355396525069,0.0070867446723677568
22.150525663643176,-7.5328062468081365,96.482690589233187,2.6014976600147763,0.0074006797774496301
22.107645542278892,-7.5071080293232351,96.532681620626576,2.6018754761972804,0.0077146937688715878
22.064755513198818,-7.4814263511634147,96.582672652019966,2.6022689926904241,0.008028808506643113
22.021855179767428,-7.4557618898095255,96.632663683413341,2.6026782150750813,0.0083430457570927673
21.978944146009013,-7.4301153234903436,96.682654714806731,2.6031031500178785,0.0086574271933827999
21.93602201660368,-7.4044873312423567,96.73264574620012,2.6035438052666331,0.0089719743960632471
21.893088396898939,-7.3788785929785652,96.782636777593495,2.604000189645673,0.0092867088534473695
21.850142892913446,-7.3532897895521545,96.832627808986885,2.6044723130512497,0.009601651961980066
21.807185111342491,-7.3277216028209082,96.882618840380275,2.6049601864469589,0.0099168250265250554
21.764214659564551,-7.3021747157118604,96.93260987177365,2.6054638218591588,0.010232249260575055
21.72123114564744,-7.2766498122853394,96.98260090316704,2.6059832323724144,0.010547945786393594
21.678234178355133,-7.2511475777990313,97.032591934560429,2.6065184321249353,0.010863935635078176
21.635223367155156,-7.2256686987720338,97.082582965953804,2.6070694363040183,0.01118023974654386
21.592198322226043,-7.2002138630485151,97.132573997347194,2.6076362611414856,0.011496878969428954
21.549158654465241,-7.17478375986129,97.182565028740584,2.6082189239091225,0.011813874060917691
21.506103975497645,-7.1493790798953842,97.232556060133973,2.6088174429140936,0.012131245686476161
21.463033897684419,-7.1240005153513399,97.282547091527348,2.609431837494351,0.012449014419502838
21.419948034131931,-7.0986487600082127,97.332538122920738,2.6100621280140262,0.012767200740891689
21.376845998701928,-7.0733245092868797,97.382529154314128,2.6107083358587846,0.013085825038498176
21.333727406021314,-7.0480284603127261,97.432520185707503,2.6113704834311635,0.013404907606516912
21.290591871492826,-7.0227613119784085,97.482511217100893,2.6120485941458753,0.013724468644760665
21.247439011306248,-6.9975237650065392,97.532502248494282,2.6127426924250621,0.01404452825783945
21.20426844244999,-6.9723165220121404,97.582493279887657,2.613452803693519,0.014365106454239489
21.161079782722986,-6.9471402875648396,97.632484311281047,2.6141789543738634,0.014686223145299999
21.117872650747628,-6.9219957682512554,97.682475342674437,2.6149211718816479,0.015007898144079233
21.074646665982769,-6.8968836727369309,97.732466374067812,2.6156794846204172,0.015330151164115438
21.031401448737288,-6.8718047118281689,97.782457405461201,2.6164539219767042,0.015653001818075749
20.988136620184676,-6.8467595985339651,97.832448436854591,2.6172445143149448,0.015976469616287469
20.944851802377691,-6.8217490481275265,97.882439468247966,2.6180512929723241,0.016300573965155735
20.901546618263684,-6.7967737782076521,97.932430499641356,2.6188742902535456,0.016625334165461018
20.858220691700939,-6.7718345087602563,97.982421531034745,2.6197135394254958,0.016950769410530333
20.8148736474751,-6.7469319622193895,98.032412562428121,2.6205690747118311,0.017276898784286988
20.771505111316383,-6.7220668635282124,98.08240359382151,2.6214409312874567,0.017603741259170486
20.728114709917783,-6.6972399402000011,98.1323946252149,2.6223291452728961,0.017931315693922326
20.684702070953527,-6.6724519223787642,98.18238565660829,2.6232337537285466,0.0182596408312399
20.641266823098096,-6.6477035428996265,98.232376688001665,2.6241547946488275,0.018588735295293826
20.597808596046587,-6.6229955373494063,98.282367719395054,2.6250923069561773,0.018918617589099219
20.554327020535137,-6.5983286441266547,98.332358750788444,2.6260463304949337,0.019249306091747808
20.51082172836216,-6.5737036045015671,98.382349782181819,2.6270169060250694,0.01958081905549202
20.467292352410787,-6.5491211626759531,98.432340813575209,2.628004075215769,0.019913174602675044
20.423738526671301,-6.5245820658417335,98.482331844968598,2.6290078774494448,0.020237486806228014
20.380160018657286,-6.500086828572976,98.532322876361974,2.6300123684060646,0.019949134597518067
20.336557103844264,-6.4756350630855675,98.582313907755363,2.6310024108754102,0.01965945004204463
20.292930179070812,-6.4512261619142679,98.632304939148753,2.6319779392151492,0.019368471697570312
20.249279640911794,-6.4268595136857458,98.682295970542128,2.6329388897146027,0.019076238283470701
20.205605885646747,-6.4025345032165308,98.732287001935518,2.6338852006024753,0.018782788667620856
20.161909309227909,-6.378250511611057,98.782278033328907,2.6348168120539563,0.018488161853346136
20.118190307249044,-6.3540069163603574,98.832269064722283,2.6357336661971722,0.018192396966451873
20.074449274915306,-6.3298030914415833,98.882260096115672,2.6366357071189763,0.017895533242341489
20.030686607013447,-6.3056384074178453,98.932251127509062,2.6375228808701148,0.017597610013224439
19.986902697882709,-6.2815122315386001,98.982242158902437,2.6383951354697475,0.017298666695423556
19.943097941386718,-6.2574239278406569,99.032233190295827,2.6392524209093358,0.016998742776790053
19.899272730885833,-6.2333728572495115,99.082224221689216,2.6400946891559074,0.016697877804228704
19.855427459210041,-6.2093583776809984,99.132215253082606,2.6409218941547006,0.016396111371339658
19.811562518633067,-6.1853798441436023,99.182206284475981,2.6417339918311886,0.016093483106187308
19.767678300846594,-6.1614366088407753,99.232197315869371,2.6425309400925019,0.015790032659194073
19.723775196935321,-6.1375280212736492,99.28218834726276,2.6433126988282476,0.015485799691168983
19.679853597353098,-6.1136534283442048,99.332179378656136,2.6440792299107283,0.015180823861477762
19.635913891899179,-6.0898121744583662,99.382170410049525,2.6448304971945791,0.014875144816352858
19.591956469695283,-6.0660036016293812,99.432161441442915,2.6455664665158234,0.014568802177352295
19.547981719163538,-6.0422270495814061,99.48215247283629,2.6462871056903543,0.014261835529971239
19.503990028004981,-6.0184818558532474,99.53214350422968,2.646992384511845,0.013954284412410293
19.459981783178431,-5.994767355901943,99.582134535623069,2.6476822747491151,0.013646188304500022
19.415957370880459,-5.97108288320669,99.632125567016445,2.6483567501429319,0.013337586616792241
19.371917176525621,-5.9474277693725686,99.682116598409834,2.6490157864022819,0.013028518679814973
19.327861584727287,-5.9238013442342243,99.732107629803224,2.649659361200106,0.012719023733496104
19.283790979279555,-5.9002029359597588,99.782098661196599,2.650287454168506,0.01240914091676185
19.239705743139186,-5.8766318711542045,99.832089692589989,2.6509000468934407,0.01209890925730603
19.195606258408354,-5.8530874749630017,99.882080723983378,2.6514971229089159,0.011788367661536554
19.151492906318186,-5.8295690711754427,99.932071755376754,2.6520786676906689,0.011477554904702612
19.107366067212606,-5.8060759823277559,99.982062786770143,2.652644668649371,0.011166509621199671
19.063226120532658,-5.7826075298059703,100.03205381816353,2.6531951151233497,0.010855270295056285
19.019073444801787,-5.7591630339487097,100.08204484955692,2.6537299983708338,0.010543875250606818
18.974908417611406,-5.7357418141496002,100.1320358809503,2.6542493115617423,0.010232362643346836
18.930731415606644,-5.7123431889591734,100.18202691234369,2.6547530497690208,0.0099207704509718438
18.886542814473437,-5.6889664761868772,100.23201794373708,2.6552412099595317,0.0096091364646078113
18.842342988925406,-5.6656109930023364,100.28200897513045,2.6557137909845108,0.0092974982802239686
18.798132312691358,-5.6422760560362946,100.33200000652384,2.6561707935696033,0.0089858932902336253
18.753911158132013,-5.6189609821925597,100.38199103791723,2.6566127931773011,0.0089470019213728526
18.709679096477711,-5.595666607649437,100.43198206931061,2.6571333137326509,0.01187699149491413
18.665433212359552,-5.5723984993104319,100.481973100704,2.6578002296032541,0.014803999002667587
18.621170121007264,-5.5491631420735379,100.53196413209739,2.658613411658806,0.017728819618286023
18.576886454577796,-5.5259670235278584,100.58195516349076,2.6595727700784493,0.020652230439441029
18.532578864090667,-5.5028166371290412,100.63194619488415,2.6606782533885083,0.023574988136623523
18.488244021399257,-5.479718485319947,100.68193722627754,2.6619298473819182,0.026497826571310792
18.443878621202181,-5.4566790825892797,100.73192825767092,2.6633275739176323,0.02942145437414237
18.39947938310187,-5.4337049584624593,100.78191928906431,2.6648714895977741,0.032346552474037921
18.355043053718223,-5.4108026604190878,100.83191032045769,2.6665616843198445,0.03527377156969741
18.310566408862574,-5.3879787567299529,100.88190135185107,2.6683982797009405,0.038203729535655449
18.266046255779411,-5.3652398392073035,100.93189238324446,2.6703814273705047,0.041137008755589149
18.2214794354623,-5.3425925258614138,100.98188341463785,2.6725113071278002,0.044074153376320591
18.176862825049426,-5.3200434634556109,101.03187444603124,2.6747881249600169,0.047015666476811262
18.132193340305161,-5.2975993299522282,101.08186547742461,2.6772121109166163,0.049962007147215604
18.087467938192898,-5.2752668368409008,101.131856508818,2.6797835168353359,0.052913587474085526
18.042683619544817,-5.2530527313406967,101.18184754021139,2.6825026139150547,0.055870769428800322
17.997837431833226,-5.2309637984665409,101.23183857160477,2.6853696901306545,0.05883386165751494
17.9529264720471,-5.2090068629497139,101.28182960299816,2.6883850474850042,0.061803116172221499
17.907947889682717,-5.1871887910043792,101.33182063439155,2.6915489990928161,0.064778724943536259
17.862898889842132,-5.1655164919243726,101.38181166578492,2.6948618660921921,0.067760816398331813
17.81777673645438,-5.143996919504537,101.43180269717831,2.6983239743784138,0.070749451825569451
17.772578755614404,-5.122637073270905,101.4817937285717,2.7019356511560293,0.073744621696772192
17.727302339044041,-5.101443999508275,101.53178475996508,2.7056972213050221,0.076746241908917032
17.681944947676389,-5.0804247920721757,101.58177579135847,2.7096090035574196,0.07975414995979023
17.636504115364467,-5.0595865929717059,101.63176682275186,2.7136713064812348,0.082768101068139213
17.590977452713098,-5.0389365927088665,101.68175785414523,2.7178844242694153,0.085787764253481461
17.545362651033596,-5.0184820303600937,101.73174888553862,2.72224863233216,0.088812718392959553
17.499657486419434,-4.9982301933852398,101.78173991693201,2.7267641826919156,0.091842448275424829
17.453859823938924,-4.9781884171482931,101.83173094832539,2.7314312991815672,0.094876340675934187
17.407967621941445,-4.9583640841346055,101.88172197971878,2.7362501724474271,0.097913680476790513
17.361978936471907,-4.9387646228489217,101.93171301111217,2.7412209547600419,0.10095364686445768
17.315891925786065,-4.9193975063780142,101.98170404250556,2.7463437546375022,0.10399530963499538
17.269704854959524,-4.9002702506023983,102.03169507389893,2.7516186312874655,0.10703762564386329
17.223416100580174,-4.8813904120410569,102.08168610529232,2.7570455888761618,0.11007943543938359
17.177024155513951,-4.8627655853139888,102.13167713668571,2.7626245706345243,0.11311946012235269
17.130527633814392,-4.8444033999777414,102.18166816807909,2.7683552151013746,0.1160019987459297
17.083925724759052,-4.8263103555718381,102.23165919947247,2.7741675927837637,0.11653548507084886
17.037219202247297,-4.8084891077495975,102.28165023086586,2.7800067385671996,0.11707288879871999
16.990409180049241,-4.790941518878916,102.33164126225924,2.7858728443347229,0.11761405097101063
16.943496794285018,-4.7736694591061175,102.38163229365263,2.7917660938910367,0.11815880731011826
16.896483203921516,-4.756674805805603,102.43162332504602,2.7976866626932533,0.11870698811347728
16.849369591258522,-4.7399594430045981,102.48161435643939,2.8036347175771534,0.11925841815198987
16.802157162409181,-4.7235252607848146,102.53160538783278,2.809610416478487,0.11981291657313552
16.754847147774619,-4.7073741546608918,102.58159641922617,2.8156139081494942,0.12037029680919127
16.707440802510984,-4.6915080249349161,102.63158745061955,2.8216453318710455,0.12093036649102352
16.659939406988887,-4.6759287760269972,102.68157848201294,2.8277048171606034,0.12149292736791041
16.612344267244595,-4.6606383157816937,102.73156951340633,2.8337924834762918,0.12205777523387203
16.564656715421595,-4.6456385547498114,102.7815605447997,2.839908439917505,0.12262469986100839
16.516878110201841,-4.6309314054454891,102.83155157619309,2.8460527849223829,0.1231934849403493
16.469009837226611,-4.6165187815785913,102.88154260758648,2.8522256059624542,0.12376390803072138
16.421053309505034,-4.6024025972619675,102.93153363897987,2.8584269792349959,0.12433574051617274
16.373009967809672,-4.5885847661935788,102.98152467037325,2.8646569693535091,0.12490874757248489
16.324881281059174,-4.575067200813713,103.03151570176664,2.8709156290366655,0.12548268814330166
16.276668746685601,-4.56185181143685,103.08150673316003,2.8772029987963963,0.1260573149264399
16.228373890986177,-4.5489405053584244,103.1314977645534,2.8835191066255654,0.12663237437092192
16.179998269459016,-4.5363351859367382,103.18148879594679,2.889863967685693,0.12720760668527425
16.131543467120636,-4.5240377516498036,103.23147982734018,2.896237583995473,0.12778274585765773
16.083011098805024,-4.5120500951275417,103.28147085873356,2.9026399441205735,0.12835751968836479
16.034402809443272,-4.5003741021595998,103.33146189012695,2.9090710228653531,0.1289316498352254
15.985720274322221,-4.4890116506789202,103.38145292152034,2.915530780967218,0.12950485187246083
15.936965199321126,-4.4779646097215053,103.43144395291371,2.9220191647942837,0.13007683536350345
15.888139321126022,-4.4672348383629341,103.4814349843071,2.9285361060469657,0.13064730394828364
15.839244407419626,-4.4568241846318806,103.53142601570049,2.9350815214643684,0.13121595544548509
15.790282257046103,-4.4467344844012944,103.58141704709386,2.9416553125361791,0.13178248197023307
15.741254700150279,-4.4369675602580125,103.63140807848725,2.948257365220766,0.13234657006765441
15.692163598289078,-4.427525220351229,103.68139910988064,2.9548875496704192,0.13290790086273924
15.64301084451451,-4.4184092572207163,103.73139014127402,2.9615457199645268,0.13346615022688854
15.593798363427968,-4.4096214466057626,103.78138117266741,2.9682317138513965,0.13402098896148959
15.544528111203412,-4.401163546235507,103.8313722040608,2.9749453524997773,0.13457208299884987
15.495202075578991,-4.3930372946017524,103.88136323545419,2.9816864402608689,0.13511909362075478
15.445822275816786,-4.3852444097154661,103.93135426684756,2.9884547644416135,0.13566167769486731
15.396390762628274,-4.3777865878478659,103.98134529824095,2.9952500950903485,0.1361994879291635
15.346909618065467,-4.370665502257463,104.03133632963434,3.0020721847956087,0.13673217314451502
15.297380957684513,-4.3638827846581965,104.08132736102772,3.0089155518710369,0.13621674144710066
15.247807397167183,-4.3574363911477167,104.13131839242111,3.0156080992648948,0.13153354380145019
15.198192513962921,-4.351316105428646,104.1813094238145,3.0220666064566757,0.12685390816446132
15.14853981022738,-4.3455105768609714,104.23130045520787,3.0282913167632355,0.12218038763516484
15.098852567079584,-4.3400084306945814,104.28129148660126,3.0342825926499457,0.11751519814866208
15.049133852138855,-4.3347982772643414,104.33128251799465,3.0400408992173547,0.11286023226559445
14.999386527317441,-4.3298687201427271,104.38127354938803,3.0455667883924975,0.10821707354067694
14.949613256814114,-4.3252083632887279,104.43126458078142,3.0508608838488267,0.10358701127049855
14.899816515260577,-4.3208058172344952,104.48125561217481,3.0559238666691662,0.098971055444920561
14.849998595978239,-4.3166497043531571,104.53124664356818,3.0607564617579039,0.094369951749616585
14.80016161930598,-4.3127286632523534,104.58123767496157,3.0653594250017742,0.089784196489218787
14.750307540966919,-4.3090313523390078,104.63122870635496,3.0697335311723193,0.085214051321576958
14.700438160445852,-4.3055464526010008,104.68121973774834,3.0738795625582731,0.080659557712927391
14.650555129352632,-4.3022626696512507,104.73121076914173,3.0777982983120915,0.076120551041609807
14.600659959752218,-4.2991687350792676,104.78120180053511,3.0814905044915584,0.071596674294441595
14.550754032445896,-4.2962534071545608,104.8311928319285,3.0849569247749877,0.067087391314726255
14.50083860519028,-4.2935054709251279,104.88118386332188,3.0881982718269345,0.062591999574135665
14.450914820845819,-4.2909137377533,104.93117489471527,3.0912152192901261,0.05810964245284328
14.400983715448424,-4.288467044329856,104.98116592610866,3.0940083943788772,0.053639321022887029
14.351046226203474,-4.2861542512061792,105.03115695750203,3.0965783710491155,0.049179905339415943
14.301103199393411,-4.2839642408822813,105.08114798889542,3.0989256637211096,0.044730145251907154
14.251155398213454,-4.2818859154882958,105.13113902028881,3.1010507215307208,0.040288680756599006
14.201203510527897,-4.2799081940944097,105.18113005168219,3.1029539230874561,0.035854051915696857
14.15124815655758,-4.2780200096838437,105.23112108307558,3.1046355717181862,0.031424708375945361
14.101289896505603,-4.2762103058219454,105.28111211446897,3.1060958911774375,0.02699901852364537
14.051329238128957,-4.2744680330534086,105.33110314586234,3.1073350218071325,0.022575278317416472
14.001366644266588,-4.272782145058672,105.38109417725573,3.1083530171307738,0.018151719843952294
13.951402540336165,-4.2711415945997686,105.43108520864912,3.1091498408694007,0.013726519645420123
13.901437321810031,-4.2695353292850955,105.4810762400425,3.1097253643692202,0.0092978068699016321
13.85147136168502,-4.2679522871821467,105.53106727143589,3.1100793644333833,0.0048636712992511863
13.801505017959823,-4.266381392306883,105.58105830282928,3.1102115215531887,0.00042217131101480733
13.751538641134005,-4.26481155001819,105.63104933422265,3.1101214185368913,-0.0040286581667536639
13.701572581744047,-4.2632316423459153,105.68104036561604,3.1098085395372626,-0.0084907976468513845
13.6516071979524,-4.2616305232812577,105.73103139700943,3.1092722694821631,-0.012966234957661599
13.601642863204484,-4.2599970140585777,105.78102242840282,3.1085118939155598,-0.017456956936888611
13.551679973969716,-4.2583198984584278,105.8310134597962,3.1075265992596699,-0.021964940878302017
13.501718957413367,-4.2565879229783361,105.88100449118959,3.1063177616138367,-0.025767824053075126
13.45176015648015,-4.2547931808340449,105.93099552258298,3.1050595266987076,-0.024569487015552643
13.401803597271851,-4.2529370793139236,105.98098655397635,3.1038613627784675,-0.023364599323597534
13.351849239761014,-4.2510226300863474,106.03097758536974,3.1027235904055037,-0.022153437908011275
13.30189703275644,-4.2490528601683124,106.08096861676313,3.1016465162857028,-0.020936279793396413
13.251946914409888,-4.2470308112284991,106.13095964815651,3.1006304332742864,-0.019713402078509631
13.201998812736132,-4.2449595388935251,106.18095067954989,3.0996756203724125,-0.018485081925558866
13.152052646144922,-4.2428421120572946,106.23094171094328,3.098782342724093,-0.0172515965581099
13.102108323984481,-4.2406816121932991,106.28093274233666,3.0979508516130005,-0.016013223267262726
13.052165747096437,-4.238481132669742,106.33092377373005,3.097181384458775,-0.014770239425744224
13.002224808380939,-4.2362437780672693,106.38091480512344,3.0964741648124341,-0.013522922509509566
12.952285393359627,-4.2339726634985642,106.43090583651681,3.0958294023503732,-0.012271550126141749
12.902347380807511,-4.2316709139328221,106.4808968679102,3.0952472928675157,-0.011016400051414623
12.852410643268312,-4.2293416635164229,106.53088789930359,3.094728018266951,-0.0097577502689251087
12.802475047718698,-4.226988054901649,106.58087893069697,3.0942717465491394,-0.0084958790189917071
12.7525404561515,-4.2246132385726574,106.63086996209036,3.0938786317974913,-0.0072310648505784425
12.702606726193693,-4.2222203721737248,106.68086099348375,3.093548814161565,-0.005963586678651509
12.652673711727598,-4.2198126198379802,106.73085202487714,3.0932824198372479,-0.0046937238456692572
12.602741263517702,-4.2173931515164131,106.78084305627051,3.0930795610437749,-0.0034217561867429342
12.552809229841946,-4.214965142306764,106.8308340876639,3.0929403359974055,-0.0021479640979016707
12.502877457126935,-4.2125317717819071,106.88082511905729,3.0928648288816212,-0.00087262860690090276
12.452945790587446,-4.2100962233173655,106.93081615045067,3.0928531098137326,0.00040396855397588019
12.403014074868205,-4.2076616834175233,106.98080718184406,3.0929052348078105,0.0016815448737399609
12.353082154687957,-4.2052313410401103,107.03079821323745,3.0930212457338842,0.0029598169877222626
12.303149875485561,-4.2028083869186066,107.08078924463082,3.0932011702733866,0.0042385006023881134
12.253217084066687,-4.2003960128820808,107.13078027602421,3.0934450218708469,0.0055173104205682886
12.203283629250594,-4.1979974111720715,107.1807713074176,3.0937527996818699,0.006795960067711897
12.153349362517121,-4.1956157737561419,107.23076233881098,3.0941244885174641,0.0080741620197541508
12.103414138652097,-4.1932542916376248,107.28075337020437,3.0945600587848201,0.0093516275332437108
12.053477816391041,-4.1909161541612008,107.33074440159776,3.0950594664246633,0.010628066578329529
12.003540259060756,-4.18860454831393,107.38073543299113,3.0956226528453432,0.011903187775216784
11.953601335217694,-4.1863226580213206,107.43072646438452,3.0962495448538396,0.013176698334714953
11.903660919282009,-4.184073663438074,107.48071749577791,3.0969400545839241,0.014448304003496342
11.853718892168134,-4.1818607402331951,107.53070852717129,3.0976940794216969,0.015717709014631338
11.803775141909169,-4.1796870588690727,107.58069955856467,3.0985115019288139,0.016984616044046986
11.753829564275815,-4.177555783874249,107.63069058995806,3.099392189763686,0.01824872617346095
11.7038820633888,-4.1754700731096044,107.68068162135145,3.1003359956010015,0.019509738860378479
11.653932552323797,-4.1734330770276431,107.73067265274483,3.1013427570499377,0.020767351915724708
11.603980953708003,-4.1714479379246558,107.78066368413822,3.1024122965714618,0.022021261489667859
11.554027200308694,-4.1695177891855773,107.83065471553161,3.1035444213951267,0.023271162066144321
11.504071235611562,-4.1676457545213106,107.88064574692498,3.1047389234358334,0.024516746466641755
11.454113014389025,-4.1658349471983653,107.93063677831837,3.105995579211021,0.025757705863715428
11.404152503257819,-4.1640884692607463,107.98062780971176,3.1073141497587815,0.026993729804716191
11.354189681224717,-4.1624094107439449,108.03061884110514,3.1086943805574263,0.028224506246195036
11.304224540219455,-4.1608008488810144,108.08060987249853,3.1101360014470614,0.029449721599415519
11.254257085615253,-4.1592658473007509,108.13060090389192,3.1116387265537013,0.030669060787349489
11.204287336734808,-4.1578074552179514,108.18059193528529,3.1132022542165418,0.031882207313558598
11.154315327341678,-4.1564287066158885,108.23058296667868,3.1148262669189863,0.033088843343285206
11.104341106116763,-4.1551326194210958,108.28057399807207,3.1165104312240173,0.034288649797045573
11.054364737118252,-4.1539221946706117,108.33056502946545,3.1182543977145789,0.03548130645701339
11.004386300224677,-4.1528004156719263,108.38055606085884,3.1200578009396098,0.036666492086414815
10.954405891560972,-4.1517702471558779,108.43054709225223,3.12192025936635,0.037843884562105821
10.904423623905833,-4.1508346344227913,108.4805381236456,3.1238413753396252,0.039013161020500994
10.854439627080053,-4.1499965024822236,108.53052915503899,3.1258207350487699,0.04017399801694372
10.804454048315792,-4.149258755186743,108.58052018643238,3.1278579085028277,0.041326071698553825
10.754467052605035,-4.1486242743601522,108.63051121782577,3.1299524495147542,0.042469057990582267
10.704478823027355,-4.148095918920701,108.68050224921915,3.13210389569526,0.043602632796206152
10.654489561055808,-4.1476765239998095,108.73049328061254,3.1343117684569894,0.044726472209676578
10.604499486841208,-4.1473689000569447,108.78048431200592,3.1365755730296594,0.045840252742646304
10.554508839473009,-4.1471758319912713,108.8304753433993,3.1388947984868625,0.04694365156349533
10.504517877216914,-4.1471000782507881,108.88046637479269,3.141268917785152,0.048036346749372592
10.45452687772897,-4.1471443699397339,108.93045740618608,-3.1394879193635705,0.049118017550627217
10.404536138244708,-4.1473114099250079,108.98044843757945,-3.13700565770819,0.050188344667268021
10.35454597574344,-4.1476038719425157,109.03043946897284,-3.1344701794562684,0.051247010537001772
10.304556727087517,-4.1480243997042798,109.08043050036623,-3.1318820754614136,0.052293699634348309
10.254568749135343,-4.1485756060072871,109.13042153175961,-3.1292419522933375,0.053328098780295062
10.20458241882806,-4.1492600718450436,109.180412563153,-3.1265504321125972,0.054349897461872285
10.154598133250254,-4.1500803455228521,109.23040359454639,-3.1238081525291514,0.055358788160967093
10.104616309663172,-4.1510389417778821,109.28039462593976,-3.1210157664442391,0.056354466691674696
10.054637385510853,-4.1521383409051085,109.33038565733315,-3.1181739418751948,0.057336632545395214
10.004661818397034,-4.1533809878903343,109.38037668872654,-3.1152833617627329,0.058304989242879503
9.9546900860503307,-4.1547692915509353,109.43036772011992,-3.1123447237614061,0.05925924469200361
9.904722686210814,-4.1563056236873566,109.48035875151331,-3.1093587400090499,0.060199111551617376
9.8547601365761679,-4.1579923182427612,109.5303497829067,-3.1063261368831037,0.061124307597847233
9.8048029775970598,-4.1598317481357467,109.58034081430009,-3.10322985995741,0.064751083592320874
9.7548521100454799,-4.1618346137668132,109.63033184569346,-3.0997109167898582,0.076038415432087655
9.7049092262132941,-4.1640273515218853,109.68032287708685,-3.0956264000880829,0.087384654657271341
9.6549764090877392,-4.1664382604568733,109.73031390848024,-3.0909723884605191,0.098828698276717447
9.6050561258610774,-4.1690958620834939,109.78030493987362,-3.0857430402736714,0.11040850208594649
9.5551512869064759,-4.1720289887553914,109.83029597126701,-3.0799306366680987,0.12216123477470804
9.5052653088180907,-4.1752668685493797,109.8802870026604,-3.0735256179964581,0.13412338652467187
9.4554021822721985,-4.1788392066168409,109.93027803405377,-3.0665166160402375,0.14633082857880722
9.4055665454659252,-4.182776262810461,109.98026906544716,-3.0588904845763305,0.15881881870977138
9.3557637638838393,-4.1871089252013753,110.03026009684055,-3.0506323311595795,0.1716219458341203
9.3060000171293922,-4.1918687788868709,110.08025112823393,-3.0417255533694987,0.18477400521126705
9.2562823935347556,-4.1970881692441342,110.13024215962731,-3.0321518832452301,0.19830779374596
9.2066189932162441,-4.2028002585070867,110.1802331910207,-3.0218914442062816,0.2122548129220278
9.1570190401665421,-4.2090390742269275,110.23022422241408,-3.0109228254297737,0.22664486490765967
9.1074930038612187,-4.2158395478191242,110.28021525380747,-2.9992231794254449,0.24150552551112817
9.0580527306885035,-4.2232375409989302,110.33020628520086,-2.9867683494060553,0.25686147612036453
9.0087115852715165,-4.2312698574651106,110.38019731659423,-2.973533033970603,0.27273367580436431
8.9594846014295637,-4.239974236711368,110.43018834798762,-2.9594909975638428,0.28913835476812799
8.9103886420918759,-4.2493893263375533,110.48017937938101,-2.9446153360858052,0.306085811847012
8.8614425669179031,-4.2595546287147359,110.5301704107744,-2.9288788078113335,0.32357900235288795
8.8126674056377361,-4.2705104173637274,110.58016144216778,-2.912254240304978,0.34161190915802786
8.7640865343236225,-4.282297617945388,110.63015247356117,-2.8947150241571382,0.36016770030406675
8.7157258505952218,-4.2949576484566947,110.68014350495456,-2.8762357037981183,0.37921669177228362
8.6676139426292345,-4.3085322130498582,110.73013453634793,-2.8567926742563365,0.39871415512676101
8.6197822453274622,-4.3230630440300217,110.78012556774132,-2.8363649900542538,0.41859803741771923
8.5722651754354704,-4.3385915870863929,110.83011659913471,-2.8149352882427499,0.43878669506147444
8.5251002357489227,-4.3551586258163839,110.88010763052809,-2.7924908215049267,0.45917678364921116
8.4783280769350515,-4.3728038432318463,110.93009866192148,-2.7690245890746645,0.47964148954624453
8.4319925040982149,-4.3915653203034397,110.98008969331487,-2.7445365428244215,0.5000293325654408
8.3861404142528464,-4.4114789747798113,111.03008072470824,-2.7190348334579486,0.52016380545004925
8.3408216506044646,-4.4325779475247966,111.08007175610163,-2.6925370478570478,0.53984413652431296
8.2960887602771329,-4.4548919483616576,111.13006278749502,-2.6650713743284586,0.55884745596982022
8.2519966441695356,-4.4784465786735561,111.1800538188884,-2.6366776193876826,0.57693260262098789
8.2086020912091193,-4.503262653404561,111.23004485028179,-2.6074079899249907,0.59384571777087924
8.1659631945258511,-4.5293555500911635,111.28003588167518,-2.5773275505941684,0.60932763129969658
8.1241386539123255,-4.556734616449222,111.33002691306855,-2.5465142705097983,0.62312285835254921
8.0831869770356715,-4.5854026701064168,111.38001794446194,-2.5150585877655907,0.63498980828509288
8.0431655930674459,-4.6153556138671101,111.43000897585533,-2.4830698612941053,0.64173677364755433
8.0041197324177666,-4.6465696595608037,111.48000000724872,-2.4515167264776556,0.62064483329339526
7.9660609107573412,-4.6789800826720178,111.52999103864209,-2.4210119344238779,0.59982630301020012
7.9289908757309115,-4.7125171488337685,111.57998207003548,-2.3915374997311956,0.57944807060853176
7.8929077269459231,-4.747113981117784,111.62997310142887,-2.3630679451339791,0.55964348929302654
7.8578065143078613,-4.7827068265849899,111.67996413282225,-2.3355718958627669,0.54051575168886501
7.8236797930179218,-4.819235215908674,111.72995516421564,-2.3090134947337919,0.52214163114083745
7.7905181284372897,-4.8566420348892461,111.77994619560903,-2.2833536273446575,0.50457529607436447
7.7583105478960661,-4.8948735254180349,111.8299372270024,-2.2585509592417861,0.48785199020663106
7.727044939433819,-4.9338792316146343,111.87992825839579,-2.2345627953742362,0.47199144526991044
7.696708399522274,-4.973611904761416,111.92991928978918,-2.2113457772876393,0.45700095145894165
7.667287533175748,-5.0140273785170617,111.97991032118256,-2.1888564361004885,0.44287805444936423
7.6387687106527373,-5.0550844238512358,112.02990135257595,-2.1670516200483907,0.42961287840120671
7.6111382853304583,-5.096744591287897,112.07989238396934,-2.145888814874676,0.41719009428896497
7.5843827774091617,-5.1389720464194077,112.12988341536271,-2.1253263740556187,0.40559056465998888
7.558489027971393,-5.1817334032676081,112.1798744467561,-2.1053236741272654,0.39479270173877157
7.5334443276606109,-5.2249975589104318,112.22986547814949,-2.0858412084791205,0.38477357751149238
7.5092365239083954,-5.2687355318452829,112.27985650954287,-2.06684063106364,0.37550982348533968
7.4858541102705205,-5.3129203058000725,112.32984754093626,-2.0482847596435803,0.36697835529662193
7.4632863010606192,-5.3575266800976395,112.37983857232965,-2.0301375465224729,0.35915695400924075
7.4415230941152046,-5.4025311272019376,112.42982960372304,-2.0123640232036646,0.35202473232442072
7.4205553241850781,-5.4479116577259399,112.47982063511641,-1.994930224095931,0.34556251034989299
7.4003747091655558,-5.4936476928739353,112.5298116665098,-1.9778030932470503,0.33975312227075066
7.3809738911027143,-5.5397199441095983,112.57980269790319,-1.9609503770831325,0.3345816723224817
7.3623464736991977,-5.5861102996649521,112.62979372929657,-1.9443405052834009,0.3300357559620033
7.3444870578539199,-5.6328017173926188,112.67978476068996,-1.9279424611763774,0.326105660068569
7.3273912766203484,-5.6797781233710918,112.72977579208334,-1.9117256423951401,0.32278455438354697
7.3110558308500551,-5.7270243156043161,112.77976682347672,-1.8956597119497016,0.32006868519909909
7.2954785267044251,-5.7745258720944452,112.82975785487011,-1.8797144393466312,0.31795758151441322
7.2806583161621212,-5.8222690625133851,112.8797488862635,-1.8638595308863013,0.31645428347941451
7.2665953416243969,-5.8702407626439532,112.92973991765687,-1.8480644477789567,0.31556560293382502
7.2532909857238739,-5.9184283706984164,112.97973094905026,-1.8322982102230954,0.31530242622744764
7.2407479274737456,-5.9668197245486851,113.02972198044365,-1.8165291850625378,0.31568007029145401
7.2289702059545693,-6.0154030188124361,113.07971301183703,-1.8007248540611849,0.31671870415102943
7.2179632928266457,-6.064166720623299,113.12970404323042,-1.7848515591850171,0.31844384977437035
7.207734175078353,-6.1130994827676224,113.17969507462381,-1.7688742205322485,0.32088697840821934
7.1982914495778365,-6.1621900526847533,113.22968610601718,-1.7527560216757527,0.32408622144413923
7.1896435493762514,-6.2114268551132161,113.27967713741057,-1.736616029131048,0.31929776403685234
7.1817823725659293,-6.2607954023160346,113.32966816880396,-1.720866017050134,0.31068139481687684
7.1746887039815741,-6.3102800901844898,113.37965920019734,-1.7055665421428368,0.30128027239155658
7.1683409594896803,-6.3598660122960302,113.42965023159073,-1.6907557107629383,0.29114014315444514
7.1627154087502527,-6.409539082347731,113.47964126298412,-1.6764692364380402,0.280310806148866
7.1577863224591116,-6.4592861231718439,113.52963229437751,-1.6627402650631102,0.26884500111793114
7.1535261298631756,-6.5090949377719625,113.57962332577088,-1.6495992553668097,0.25679731578777615
7.149905582786638,-6.5589543619843331,113.62961435716427,-1.6370739127366589,0.24422314954572139
7.1468939225839332,-6.6088542988932302,113.67960538855766,-1.6251891727873766,0.23117776418713232
7.144459046730316,-6.6587857355834457,113.72959641995104,-1.6139672297053871,0.2177154450530932
7.1425676721438345,-6.7087407431902566,113.77958745134443,-1.6034276034263708,0.20388878830180138
7.1411854927752767,-6.7587124615022125,113.82957848273782,-1.5935872390989012,0.18974812279626918
7.1402773294777635,-6.8086950695752799,113.87956951413119,-1.5844606320305867,0.17534106857219209
7.1398072706499924,-6.8586837439428834,113.92956054552458,-1.5760599713567054,0.16071222834936896
7.1397388026163178,-6.9086746060576036,113.97955157691797,-1.5683952959615433,0.14590300421177216
7.1400349291464469,-6.9586646605888207,114.02954260831135,-1.5614746566600575,0.13095152842816823
7.1406582799161384,-7.0086517261387904,114.07953363970474,-1.5553042792542555,0.11589269534665131
7.1415712080606282,-7.0586343598480177,114.12952467109812,-1.5498887237613632,0.1007582802344083
7.1427358772703951,-7.1086117772006405,114.1795157024915,-1.5452310358303034,0.085577130690362851
7.144114339127424,-7.1585837683128455,114.22950673388489,-1.5413328870636112,0.070375416587300454
7.1456686015731794,-7.208550611669815,114.27949776527828,-1.5381947016635658,0.055176925348354403
7.1473606895512916,-7.2585129862879025,114.32948879667165,-1.5358157674388704,0.040003390377851139
7.1491526989756506,-7.3084718831184157,114.37947982806504,-1.5341943297939671,0.024874841658556839
7.1510068452424305,-7.358428516341851,114.42947085945843,-1.5333276678448644,0.009809968733782785
7.1528855075430711,-7.408384235163755,114.47946189085182,-1.5332121522624158,-0.0051735126134814253
7.1547512702430289,-7.458340436624856,114.5294529222452,-1.533843284854868,-0.02005849769098686
7.1565669625746828,-7.5082984798902244,114.57944395363859,-1.5352157202656527,-0.03482814114229487
7.1582956978540775,-7.5582596024468023,114.62943498503198,-1.5373232704913593,-0.0494655223902421
7.1599009133726526,-7.608224838625393,114.67942601642535,-1.5401588932270798,-0.063953334117722138
7.1613464120378696,-7.6581949408692562,114.72941704781874,-1.5437146653304283,-0.078273599333563246
7.1625964067416223,-7.7081703041899345,114.77940807921213,-1.5479817429680687,-0.092407422396572597
7.163615568322478,-7.7581508942843485,114.82939911060551,-1.5529503102743745,-0.10633477926767256
7.1643690778572449,-7.8081361798315845,114.8793901419989,-1.5586095186133309,-0.12003435217292419
7.1648226838687741,-7.8581250695341192,114.92938117339229,-1.5649474187906938,-0.13348341372618533
7.1649427648701005,-7.9081158545184591,114.97937220478566,-1.5719508888103486,-0.14665776531629238
7.1646963974806432,-7.9581061567521667,115.02936323617905,-1.579605559998692,-0.15953173414285896
7.164051430148648,-8.0080928842112833,115.07935426757244,-1.5878957445311632,-0.17207823263878463
7.1629765854673977,-8.0580721940016851,115.12934529896582,-1.5967993794069881,-0.18355687437027032
7.1614435630308666,-8.1080395293131868,115.17933633035921,-1.6062151792145773,-0.19317866509097747
7.1594280275431368,-8.15798970864045,115.2293273617526,-1.6161176435359941,-0.20303221046146164
7.1569055671952038,-8.207916834355478,115.27931839314597,-1.6265191353617785,-0.21314837357045402
7.1538512019311513,-8.2578142217070081,115.32930942453936,-1.6374335259674844,-0.22355664663808664
7.1502393296709519,-8.3076743293186297,115.37930045593275,-1.6488761276441972,-0.23428518752933278
7.1460436792184607,-8.3574886827799411,115.42929148732614,-1.6608636261578944,-0.2453607721612984
7.1412372704826463,-8.4072477910161236,115.47928251871951,-1.6734140086764095,-0.25680866015763409
7.1357923829195933,-8.4569410551745943,115.5292735501129,-1.6865464827092109,-0.26865236880565663
7.1296805333845237,-8.5065566699461552,115.57926458150629,-1.7002813813315427,-0.28091334845943322
7.122872464918574,-8.5560815171209725,115.62925561289967,-1.71464004951447,-0.29361055094945626
7.1153381482715243,-8.6055010517848931,115.67924664429306,-1.7296447060476614,-0.30675988165649243
7.107046798353033,-8.65479918133056,115.72923767568645,-1.7453182749331779,-0.32037352548048936
7.0979669081081385,-8.7039581381320197,115.77922870707982,-1.761684179750441,-0.3344591376484034
7.0880663026736137,-8.7529583469602628,115.82921973847321,-1.778766094032568,-0.34901889215138071
7.0773122169862495,-8.8017782887661156,115.8792107698666,-1.796587640428436,-0.36404838416493351
7.0656714002908831,-8.8503943630605999,115.92920180125998,-1.8151720313731254,-0.37953538848585228
7.0531102511953057,-8.8987807518500457,115.97919283265337,-1.8345416442874567,-0.39545848433849357
7.0395950333232848,-8.9469093023902158,116.02918386404676,-1.8546988971212792,-0.40698771114030285
7.025110945726242,-8.9947552143685598,116.07917489544013,-1.8746777668975829,-0.39219231291136258
7.0096917404434267,-9.0423080730732046,116.12916592683352,-1.893900226607629,-0.37674462280578519
6.993379805831677,-9.0895622074816504,116.17915695822691,-1.9123364338737581,-0.36075435807070139
6.976218431134618,-9.1365145848168581,116.22914798962029,-1.92996187206506,-0.3443245742558127
6.958251486296354,-9.183164701265115,116.27913902101368,-1.946756976992946,-0.32755013326631371
6.9395231370194326,-9.2295144495941308,116.32913005240707,-1.9627066987341373,-0.3105166349223259
6.9200775972566442,-9.2755679701658007,116.37912108380046,-1.9778000208335791,-0.2932997722241274
6.8999589198233284,-9.3213314913130318,116.42911211519383,-1.9920294567587014,-0.2759650561346606
6.8792108245809169,-9.3668131643581507,116.47910314658722,-2.0053905405557666,-0.25856784826957069
6.8578765626853961,-9.412022897759865,116.52909417798061,-2.0178813255160928,-0.24115363824132249
6.8359988147007735,-9.4569721940585918,116.57908520937399,-2.0295019015516504,-0.22375850513597226
6.8136196199249381,-9.5016739924860527,116.62907624076738,-2.0402539390867052,-0.20640970832497796
6.7907803340255573,-9.5461425193565308,116.67906727216076,-2.0501402647149436,-0.18912636029501184
6.7675216119994337,-9.5903931476842565,116.72905830355414,-2.059164471710841,-0.17192014241594356
6.7438834135135934,-9.63444226688196,116.77904933494753,-2.0673305667374131,-0.15479603281534923
6.7199050278241872,-9.6783071628960595,116.82904036634092,-2.0746426527477122,-0.1377530232796258
6.6956251156676831,-9.7220059087222737,116.87903139773429,-2.0811046471016184,-0.12078480905556578
6.6710816531261683,-9.7655572010831388,116.92902242912768,-2.0867471507435349,-0.10766690597875021
6.646302395657111,-9.8089747757460746,116.97901346052107,-2.0920377810065722,-0.10399478241650299
6.6212977539457913,-9.8522629459680484,117.02900449191445,-2.0971446307610977,-0.10031468108501088
6.5960763437230598,-9.8954251822316195,117.07899552330784,-2.1020673469621429,-0.096628406061221347
6.5706467299959668,-9.9384650856887653,117.12898655470123,-2.1068056627176159,-0.092937600696614844
6.5450174247641781,-9.981386381270875,117.1789775860946,-2.1113593893618803,-0.089243752036219981
6.5191968852406763,-10.024192910948781,117.22896861748799,-2.1157284087620161,-0.085548195696399501
6.4931935125524713,-10.066888627154345,117.27895964888138,-2.1199126658778247,-0.081852121129105684
6.4670156508957319,-10.109477586374354,117.32895068027477,-2.1239121615933128,-0.078156577205675704
6.440671587120935,-10.1519639429231,117.37894171166815,-2.1277269458339894,-0.074462478059095366
6.414169550722935,-10.194351942899122,117.42893274306154,-2.1313571109815332,-0.070770609129272605
6.3875177142116435,-10.236645918328792,117.47892377445493,-2.1348027855946685,-0.067081633361615003
6.3607241938386991,-10.278850281498524,117.5289148058483,-2.1380641284428479,-0.063396097514698838
6.3337970506568011,-10.320969519474671,117.57890583724169,-2.1411413228571594,-0.059714438538320966
6.3067442918886636,-10.363008188808749,117.62889686863508,-2.1440345714011055,-0.056036989988392218
6.279573872582727,-10.404970910425204,117.67888790002846,-2.1467440908624167,-0.052363988449997484
6.2522936975341343,-10.446862364686515,117.72887893142185,-2.1492701075656524,-0.04869557994470676
6.2249116234502218,-10.488687286629105,117.77886996281524,-2.1516128530042695,-0.045031826302590255
6.1974354613396381,-10.530450461364065,117.82886099420861,-2.1537725597900561,-0.041372711483329848
6.1698729791054623,-10.572156719634801,117.878852025602,-2.1557494579170613,-0.037718147834626993
6.1422319043267324,-10.613810933518032,117.92884305699539,-2.1575437713364534,-0.034067982279977524
6.1145199272020152,-10.655418012271033,117.97883408838877,-2.1591557148392027,-0.030422002429481579
6.0867447036486118,-10.69698289829851,118.02882511978216,-2.1605854912419105,-0.026779942612711161
6.0589138585326161,-10.738510563240441,118.07881615117554,-2.1618332888724434,-0.02314148983266746
6.0310349890168702,-10.780006004165006,118.12880718256892,-2.1628992793512558,-0.019506289643559084
6.0031156680104756,-10.821474239856096,118.17879821396231,-2.1637836156647379,-0.015873951956579247
5.9751634477055289,-10.862920307182382,118.2287892453557,-2.1644864305271039,-0.012244056779730872
5.9471858631857097,-10.904349257536868,118.27878027674909,-2.1650078350277382,-0.0086161598989937197
5.9191904360928715,-10.945766153333922,118.32877130814246,-2.1653479175612538,-0.0049897985094590766
5.8911846783379342,-10.987176064550706,118.37876233953585,-2.1655067430380019,-0.0013644968059897565
5.8631760958420713,-11.028584065300846,118.42875337092924,-2.1654843523732654,0.0022602284563934525
5.835172192294702,-11.069995230427427,118.47874440232262,-2.1652807622538899,0.0058848624216490909
5.8071804729156025,-11.111414632101368,118.52873543371601,-2.1648959651816511,0.0095098866002626091
5.7792084482068713,-11.152847336413609,118.5787264651094,-2.1643299297932108,0.01313577333422458
5.7512636376819843,-11.194298399947359,118.62871749650277,-2.1635826014570707,0.016762980248421298
5.723353573558625,-11.235772866317316,118.67870852789616,-2.1626539031484717,0.020391944677831158
5.695485804401029,-11.277275762664022,118.72869955928955,-2.1615437366036896,0.024023078060601919
5.6676678986985154,-11.318812096090092,118.77869059068293,-2.1602519837556797,0.027656760287738117
5.6399073916425468,-11.360386812201588,118.82868162207632,-2.1587911565557207,0.029729011865342877
5.6122081836678666,-11.402002394087514,118.87867265346971,-2.1573349356961105,0.028530092394192404
5.5845683576393963,-11.44365743977073,118.92866368486308,-2.1559386764231894,0.027330131184368642
5.55698546871725,-11.485350209966704,118.97865471625647,-2.1546024288921495,0.026129204362672038
5.5294570631508622,-11.527078974237259,119.02864574764986,-2.1533262395684183,0.024927383450178902
5.5019806787461309,-11.56884201066687,119.07863677904324,-2.1521101514532517,0.023724735548702157
5.474553845322137,-11.610637605528249,119.12862781043663,-2.1509542042999454,0.022521323530114302
5.4471740851571173,-11.65246405293902,119.17861884183002,-2.149858434820501,0.021317206228244477
5.4198389134246732,-11.694319654509048,119.22860987322341,-2.1488228768826452,0.020112438633134593
5.3925458386206024,-11.736202718979058,119.27860090461678,-2.1478475616970902,0.018907072087432423
5.3652923629803979,-11.77811156185154,119.32859193601017,-2.1469325179949177,0.017701154484698875
5.3380759828881077,-11.820044505014199,119.37858296740356,-2.1460777721950053,0.016494730469449048
5.3108941892772652,-11.861999876356,119.42857399879694,-2.1452833485614242,0.01528784163876346
5.2837444680238788,-11.903976009377002,119.47856503019032,-2.1445492693507102,0.014080526745287458
5.2566243003321249,-11.945971242792327,119.52855606158371,-2.1438755549489601,0.01287282190147716
5.2295311631136325,-11.987983920130029,119.57854709297709,-2.1432622239986889,0.011664760784974129
5.2024625293602362,-12.030012389324279,119.62853812437048,-2.1427092935153955,0.010456374844960275
5.1754158685110641,-12.072055002303907,119.67852915576387,-2.1422167789937872,0.0092476935093916222
5.1483886468146105,-12.114110114576405,119.72852018715724,-2.1417846945036283,0.0080387443930186146
5.1213783276859646,-12.156176084808445,119.77851121855063,-2.1414130527751696,0.00682955350608082
5.094382372059874,-12.198251274403148,119.82850224994402,-2.1411018652741292,0.0056201454635984973
5.0673982387404592,-12.240334047074072,119.8784932813374,-2.1408511422662015,0.0044105436951951665
5.040423384747668,-12.282422768417042,119.92848431273079,-2.1406608928710598,0.0032007706553595734
5.013455265661146,-12.324515805480099,119.97847534412418,-2.1405311251058405,0.0019908480340854696
4.986491335962552,-12.366611526331209,120.02846637551755,-2.1404618459180922,0.00078079696785015348
4.959529049376127,-12.408708299625294,120.07845740691094,-2.1404530612081625,-0.00042936174916069855
4.9325658592084505,-12.450804494170493,120.12844843830433,-2.1405047758410305,-0.0016396074536213633
4.9055992186881756,-12.492898478493563,120.17843946969772,-2.1406169936475568,-0.0028499194014693632
4.8786265813058654,-12.534988620405734,120.2284305010911,-2.1407897174151582,-0.0040602765562202233
4.8516454011545607,-12.577073286569062,120.27842153248449,-2.1410229488678976,-0.0052706573772407219
4.8246531332721254,-12.619150842063144,120.32841256387788,-2.1413166886359845,-0.0064810396080174967
4.7976472339852148,-12.661219649953647,120.37840359527125,-2.1416709362147026,-0.0076914000645089417
4.7706251612557731,-12.703278070862472,120.42839462666464,-2.1420856899127507,-0.0089017144236259067
4.7435843750309523,-12.745324462539616,120.47838565805803,-2.1425609467900166,-0.010111957011892306
4.7165223375962579,-12.787357179438047,120.52837668945141,-2.1430967025847947,-0.011322100594388356
4.6894365139329786,-12.829374572291558,120.5783677208448,-2.143692951630459,-0.012532116164031552
4.6623243887398989,-12.871374998458233,120.62835875223819,-2.1443461521257108,-0.013322024401792532
4.6351844253549954,-12.913357441395092,120.67834978363156,-2.1450112008080886,-0.013284697692053619
4.6080165867498133,-12.955321851002591,120.72834081502495,-2.1456743838346268,-0.013247384796107133
4.5808209631507486,-12.997268259499062,120.77833184641834,-2.1463357018984235,-0.013210085815937652
4.5535976446654587,-13.039196699248858,120.82832287781171,-2.1469951556976459,-0.013172800851318184
4.5263467212837574,-13.081107202760077,120.8783139092051,-2.1476527459353951,-0.013135529999820554
4.4990682828776389,-13.122999802683596,120.92830494059849,-2.1483084733195925,-0.013098273356824796
4.4717624192011467,-13.164874531812432,120.97829597199187,-2.1489623385628751,-0.013061031015528116
4.4444292198902309,-13.206731423081063,121.02828700338526,-2.1496143423824843,-0.013023803066953943
4.4170687744628454,-13.248570509564441,121.07827803477865,-2.150264485500156,-0.012986589599961334
4.3896811723188085,-13.290391824477362,121.12826906617204,-2.1509127686420157,-0.012949390701253902
4.3622665027396623,-13.332195401173843,121.17826009756541,-2.1515591925384703,-0.012912206455388849
4.3348248548888177,-13.373981273146121,121.2282511289588,-2.1522037579240996,-0.012875036944786337
4.3073563178114398,-13.415749474023967,121.27824216035219,-2.1528464655375488,-0.01283788224973849
4.2798609804343011,-13.457500037574212,121.32823319174557,-2.153487316121427,-0.012800742448418292
4.2523389315659283,-13.499232997699631,121.37822422313896,-2.154126310422197,-0.012763617616889029
4.2247902598965892,-13.540948388438325,121.42821525453235,-2.1547634491900705,-0.012726507829113219
4.1972150539980362,-13.58264624396327,121.47820628592572,-2.1553987331789064,-0.012689413156961466
4.1696134023238169,-13.624326598581151,121.52819731731911,-2.1560321631461035,-0.012652333670221942
4.1419853932091284,-13.665989486731851,121.5781883487125,-2.1566637398524957,-0.01261526943660919
4.1143311148707289,-13.707634942987877,121.62817938010588,-2.1572934640622545,-0.012578220521773065
4.0866506554071451,-13.749263002053356,121.67817041149927,-2.1579213365427781,-0.012541186989308031
4.0589441027985664,-13.790873698763482,121.72816144289266,-2.1585473580645935,-0.012504168900761998
4.0312115449068386,-13.832467068083885,121.77815247428603,-2.1591715294012555,-0.012467166315645253
4.0034530694756372,-13.874043145109685,121.82814350567942,-2.159793851329241,-0.012430179291439705
3.9756687641304005,-13.915601965064962,121.87813453707281,-2.1604143246278498,-0.012393207883607617
3.9478587163782763,-13.957143563302189,121.92812556846619,-2.1610329500791075,-0.012356252145600495
3.9200230136084335,-13.998667975301139,121.97811659985958,-2.1616497284676566,-0.012319312128868356
3.8921617430918727,-14.040175236668563,122.02810763125296,-2.1622646605806648,-0.012282387882868308
3.8642749919815316,-14.081665383137436,122.07809866264635,-2.1628777472077232,-0.012245479455073507
3.8363628473124805,-14.12313845056606,122.12808969403973,-2.1634889891407449,-0.012208586890982212
3.8084253960018399,-14.16459447493763,122.17808072543312,-2.164098387173869,-0.012171710234126398
3.7804627248488596,-14.206033492359539,122.22807175682651,-2.1647059421033625,-0.012134849526080672
3.7524749205351227,-14.247455539062528,122.27806278821988,-2.1653116547275211,-0.01209800480647116
3.7244620696245487,-14.288860651400123,122.32805381961327,-2.1659155258465725,-0.012061176112984226
3.6964242585633995,-14.330248865848136,122.37804485100666,-2.1665175562625829,-0.012024363481375097
3.6683615736805479,-14.371620219003692,122.42803588240004,-2.1671177467793541,-0.011987566945476858
3.6402741011874968,-14.412974747584746,122.47802691379343,-2.1677160982023325,-0.011950786537209044
3.6121619271783776,-14.454312488429565,122.52801794518682,-2.1683126113385152,-0.011914022286586145
3.5840251376302619,-14.495633478495776,122.57800897658019,-2.1689072869963488,-0.011877274221726601
3.5558638184031652,-14.53693775485991,122.62800000797358,-2.1695001259856395,-0.011840542368861215
3.5276780552400622,-14.578225354716896,122.67799103936697,-2.1700911291174596,-0.011803826752341678
3.4994679337672769,-14.619496315379036,122.72798207076035,-2.1706802972040498,-0.011767127394649451
3.4712335394944192,-14.660750674275693,122.77797310215374,-2.1712676310587278,-0.011730444316404062
3.4429749578144722,-14.701988468952685,122.82796413354713,-2.1718531314957983,-0.011693777536371599
3.4146922740041465,-14.743209737071373,122.8779551649405,-2.1724367993304554,-0.011657127071473435
3.3863855732238584,-14.784414516408283,122.92794619633389,-2.173018635378694,-0.011620492936794485
3.3580549405178695,-14.825602844854519,122.97793722772728,-2.1735986404572181,-0.011583875145591612
3.3297004608145682,-14.866774760414922,123.02792825912067,-2.1741768153833489,-0.011547273709302227
3.3013222189265545,-14.907930301207623,123.07791929051405,-2.174753160974932,-0.011510688637552478
3.2729202995507523,-14.949069505463481,123.12791032190744,-2.1753276780502517,-0.011474119938165593
3.2444947872686671,-14.990192411525367,123.17790135330083,-2.1759003674279382,-0.011437567617170252
3.2160457665465692,-15.031299057847539,123.2278923846942,-2.1764712299268756,-0.011401031678808881
3.1875733217355307,-15.072389482995282,123.27788341608759,-2.1770402663661192,-0.011364512125545664
3.1590775370717648,-15.113463725644067,123.32787444748098,-2.177607477564802,-0.011328008958075009
3.1305584966768061,-15.154521824578978,123.37786547887436,-2.1781728643420455,-0.011291522175329648
3.1020162845575237,-15.195563818694403,123.42785651026774,-2.1787364275168777,-0.011255051774488533
3.0734509846065627,-15.236589746993108,123.47784754166113,-2.1792981679081387,-0.011218597750985276
3.0448626806023991,-15.277599648585834,123.52783857305451,-2.1798580863343981,-0.011182160098516006
3.0162514562094964,-15.318593562690857,123.5778296044479,-2.1804161836138691,-0.011145738809047279
2.9876173949787135,-15.359571528633092,123.62782063584129,-2.1809724605643162,-0.011109333872824381
2.958960580347366,-15.400533585843771,123.67781166723466,-2.1815269180029753,-0.011072945278379044
2.9302810956393772,-15.441479773859975,123.72780269862805,-2.1820795567464688,-0.011036573012537245
2.9015790240657435,-15.482410132323739,123.77779373002144,-2.1826303776107139,-0.011000217060427416
2.8728544487246022,-15.523324700981723,123.82778476141482,-2.1831793814108438,-0.01096387740548806
2.8441074526013468,-15.564223519684846,123.87777579280821,-2.1837265689611232,-0.010927554029475366
2.8153381185691471,-15.605106628387322,123.9277668242016,-2.184271941074861,-0.010891246912471356
2.7865465293889926,-15.645974067146398,123.97775785559499,-2.1848154985643289,-0.010854956032891336
2.7577327677100194,-15.686825876121723,124.02774888698836,-2.185357242240678,-0.01081868136749166
2.7288969160696217,-15.727662095574996,124.07773991838175,-2.1858971729138572,-0.010782422891377185
2.7000390568938943,-15.768482765869177,124.12773094977514,-2.1864352913925291,-0.010746180578009102
2.6711592724978481,-15.809287927468016,124.17772198116852,-2.1869715984839879,-0.010709954399212435
2.6422576450854813,-15.850077620935798,124.22771301256191,-2.1875060949940801,-0.010673744325183313
2.6133342567502966,-15.890851886936481,124.2777040439553,-2.1880387817271205,-0.010637550324496738
2.5843891894754885,-15.931610766233305,124.32769507534867,-2.1885696594858124,-0.010601372364113883
2.5554225251310099,-15.972354299692761,124.37768610674206,-2.1890987290712247,-0.010565210409385534
2.5264343263974487,-16.013082514667516,124.42767713813545,-2.1896298445104838,-0.010951386367320114
2.4974237340897654,-16.053794781673243,124.47766816952883,-2.1902053296014641,-0.01207211576271849
2.4683885774331134,-16.0944895333574,124.52765920092222,-2.190836835919177,-0.013192627411194211
2.4393265885098128,-16.135165127036483,124.57765023231561,-2.1915243510565872,-0.014312860122787383
2.4102355032006071,-16.175819915932333,124.62764126370898,-2.1922678594993883,-0.015432750747866547
2.3811130615917357,-16.21645224888762,124.67763229510237,-2.1930673425240879,-0.016552234019398718
2.3519570083872186,-16.25706047008606,124.72762332649576,-2.1939227780882389,-0.017671242396481997
2.3227650933262529,-16.297642918778259,124.77761435788914,-2.1948341407128846,-0.018789705909322343
2.2935350716063354,-16.33819792901339,124.82760538928252,-2.1958014013573006,-0.019907552005818986
2.2642647043126853,-16.378723829376671,124.87759642067591,-2.1968245272860942,-0.021024705399930371
2.2349517588535432,-16.419218942734105,124.9275874520693,-2.1979034819287917,-0.022141087922040649
2.2055940094023989,-16.459681585983855,124.97757848346268,-2.1990382247319822,-0.023256618371498582
2.1761892373466529,-16.500110069815893,125.02756951485607,-2.2002287110041703,-0.02437121237156906
2.1467352317439854,-16.5405026984788,125.07756054624946,-2.2014748917534108,-0.025484782226979599
2.1172297897854619,-16.580857769556001,125.12755157764283,-2.2027767135179235,-0.026597236784339156
2.0876707172665356,-16.621173573750582,125.17754260903622,-2.2041341181897893,-0.027708481295635537
2.0580558290658453,-16.661448394679592,125.22753364042961,-2.2055470428319057,-0.028818417285075452
2.0283829496318861,-16.701680508678507,125.27752467182299,-2.2070154194883793,-0.029926942419535019
1.9986499134777367,-16.741868184616262,125.32751570321638,-2.2085391749885406,-0.031033950382893569
1.9688545656848755,-16.782009683720251,125.37750673460977,-2.2101182307447416,-0.032139330754503474
1.9389947624128738,-16.822103259416256,125.42749776600314,-2.2117525025443223,-0.033242968892215459
1.9090683714221477,-16.862147157174256,125.47748879739653,-2.2134419003356083,-0.03434474582000277
1.8790732726011279,-16.902139614372498,125.52747982878992,-2.215186328008639,-0.035444538120825396
1.8490073585042026,-16.942078860171666,125.5774708601833,-2.2169856831705692,-0.036542217834826848
1.8188685348977358,-16.981963115403609,125.62746189157669,-2.2188398569161536,-0.037637652363301806
1.7886547213154145,-17.021790592473231,125.67745292297008,-2.2207487335935565,-0.038730704378734403
1.7583638516218512,-17.061559495275617,125.72744395436345,-2.2227121905658467,-0.039821231741300797
1.7279938745850327,-17.101268019128081,125.77743498575684,-2.2247300979684845,-0.040909087422175028
1.697542754457716,-17.140914350717299,125.82742601715023,-2.2268023184631307,-0.041994119434002532
1.6670084715669387,-17.180496668063171,125.87741704854362,-2.2289287069881998,-0.043076170768943774
1.6363890229122222,-17.220013140498821,125.927408079937,-2.2311091105064915,-0.044155079344644785
1.6056824227720619,-17.259461928667751,125.97739911133039,-2.2333433677503298,-0.045230677958530259
1.5748867033184764,-17.298841184538485,126.02739014272377,-2.2356313089646322,-0.046302794250810117
1.543999915239179,-17.338149051437661,126.07738117411715,-2.2379727556483786,-0.047371250676599211
1.5130201283678864,-17.377383664100872,126.12737220551054,-2.2403675202948752,-0.048435864487515953
1.4819454323213817,-17.416543148743312,126.17736323690393,-2.2428154061313919,-0.049496447723190021
1.4507739371438222,-17.455625623149494,126.2273542682973,-2.2453162068586097,-0.050552807213040549
1.4195037739578,-17.494629196782718,126.27734529969069,-2.247869706390409,-0.05160474458871471
1.3881330269155427,-17.533551915417881,126.32733633108408,-2.250490573713352,-0.054326939183708393
1.3566562801245508,-17.572388958658756,126.37732736247746,-2.2533503922447298,-0.060089005429954982
1.3250630117346076,-17.611131268188604,126.42731839387085,-2.2564987097907947,-0.065869869591096156
1.2933423388469929,-17.649769328047572,126.47730942526424,-2.2599365991336935,-0.071674817538480304
1.2614834240115613,-17.688293474624057,126.52730045665761,-2.2636653916153535,-0.077508905667138042
1.2294754748573131,-17.726693878823298,126.577291488051,-2.2676866653475263,-0.08337694774311015
1.1973077446433671,-17.764960528446167,126.62728251944439,-2.2720022326990525,-0.08928349910146792
1.1649695337978478,-17.803083210799446,126.67727355083777,-2.2766141269242266,-0.095232838006436116
1.132450192566635,-17.841051495508886,126.72726458223116,-2.2815245877793013,-0.10122894397908036
1.0997391247608215,-17.878854717678422,126.77725561362455,-2.2867360459844144,-0.10727547292970939
1.0668257927919604,-17.916481961317871,126.82724664501794,-2.2922511063519107,-0.11337572890670058
1.0336997240175976,-17.953922043174867,126.87723767641131,-2.2980725294175914,-0.11953263232074332
1.0003505185107906,-17.991163497015783,126.9272287078047,-2.3042032113920543,-0.12574868450996554
0.9667678583441367,-18.028194558444877,126.97721973919809,-2.3106461622469947,-0.13202592854683945
0.93294151848308504,-18.065003150363182,127.02721077059147,-2.3174044817468999,-0.13836590622758685
0.89886137938302035,-18.101576869186122,127.07720180198486,-2.3244813332349286,-0.1447696112364831
0.86451744138376729,-18.137902971955761,127.12719283337825,-2.331879914982864,-0.15123743854188704
0.82989984099250991,-18.17396836450278,127.17718386477162,-2.3396034289197183,-0.15776913015987717
0.79499886914006745,-18.209759590833428,127.22717489616501,-2.3476550465628536,-0.16436371751692253
0.75980499148880853,-18.245262823936489,127.2771659275584,-2.3560378719896651,-0.17101946075594932
0.72430887086014328,-18.28046385822595,127.32715695895178,-2.3647549017082872,-0.17773378546216906
0.68850139183541603,-18.315348103856309,127.37714799034516,-2.3738089813134469,-0.18450321743682377
0.65237368756900438,-18.349900583165745,127.42713902173855,-2.3832027588486637,-0.19132331631809196
0.61591716881872238,-18.384105929533419,127.47713005313193,-2.3929386348439188,-0.19818860904136201
0.57912355521631553,-18.417948388913782,127.52712108452532,-2.4030187090411497,-0.20509252433084746
0.54198490868306737,-18.451411824408844,127.57711211591871,-2.4134447239083534,-0.21202732965313881
0.50449366897468861,-18.484479724142897,127.62710314731208,-2.4242180050895463,-0.21898407227329478
0.46664269117211016,-18.517135212829302,127.67709417870547,-2.4353393990608105,-0.22595252631230631
0.42842528508314731,-18.549361067248668,127.72708521009886,-2.4468092083073558,-0.23292114789730706
0.38983525611714576,-18.581139736159798,127.77707624149225,-2.4586271245502682,-0.23987704077259958
0.35086694763653625,-18.612453364721908,127.82706727288563,-2.4707921605269751,-0.24680593482954585
0.31151528424798752,-18.643283823900859,127.87705830427902,-2.4833025811000935,-0.25369218023819884
0.27177581574676801,-18.673612745030653,127.92704933567241,-2.4961558345114341,-0.26051875987929562
0.23164476123628633,-18.70342155976758,127.97704036706578,-2.5093484847715701,-0.26726732279083404
0.19111905288271183,-18.732691545612816,128.02703139845917,-2.5228761463091449,-0.27391824123447828
0.15019637881483419,-18.761403877028492,128.07702242985255,-2.5367334220915962,-0.28045069374213438
0.10887571422516207,-18.789540409288776,128.12701346124595,-2.5508288565412331,-0.28135353101749394
0.06716351756742453,-18.817093177574346,128.17700449263933,-2.5648307066643801,-0.27881578348047215
0.025071343581677546,-18.844061900569557,128.2269955240327,-2.5787049681187959,-0.27625008806177581
-0.017389247460112341,-18.870446784128347,128.27698655542611,-2.5924503947572908,-0.27366244753635588
-0.06020682126087934,-18.896248334192542,128.32697758681948,-2.6060660346937405,-0.27105862969021993
-0.10337008258468385,-18.921467339335557,128.37696861821286,-2.6195512182796552,-0.26844415676271705
-0.14686788696679323,-18.94610485326799,128.42695964960626,-2.6329055456189892,-0.26582429761082599
-0.19068925114619506,-18.970162177435476,128.47695068099964,-2.646128873771088,-0.26320406240618699
-0.23482336212732094,-18.993640843718062,128.52694171239301,-2.6592213037211381,-0.26058819967508695
-0.27925958506613602,-19.01654259739286,128.57693274378641,-2.6721831672747154,-0.25798119546692222
-0.32398746998705619,-19.03886938039858,128.62692377517979,-2.6850150139618343,-0.25538727444518677
-0.36899675734295606,-19.060623314939193,128.67691480657317,-2.6977175980281229,-0.25281040269530014
-0.41427738254017682,-19.081806687510795,128.72690583796657,-2.7102918656116337,-0.25025429204109295
-0.45981947946453333,-19.102421933380953,128.77689686935994,-2.722738942167739,-0.24772240567348591
-0.50561338307570969,-19.122471621558592,128.82688790075332,-2.7350601202040621,-0.24521796490175038
-0.55164963113510379,-19.141958440283979,128.87687893214672,-2.747256847377388,-0.2427439568482628
-0.59791896512962417,-19.160885183060863,128.9268699635401,-2.7593307149953024,-0.24030314291938115
-0.64441233045278257,-19.17925473524642,128.97686099493347,-2.7712834469572605,-0.23789806789750295
-0.69112087590524729,-19.197070061210585,129.02685202632688,-2.7831168891629665,-0.23553106951215735
-0.73803595257177912,-19.214334192069622,129.07684305772025,-2.7948329994083343,-0.23320428836125834
-0.78514911213135008,-19.231050213995218,129.12683408911363,-2.8064338377837341,-0.23091967806654654
-0.8324521046543204,-19.247221257096573,129.17682512050703,-2.8179215575836336,-0.22867901556001061
-0.87993687593784731,-19.262850484868938,129.22681615190041,-2.8292983967318985,-0.22648391141036484
-0.92759556442658975,-19.277941084199181,129.27680718329381,-2.8405666697224463,-0.2243358201104157
-0.97542049776566964,-19.292496255916863,129.32679821468719,-2.8517287600719419,-0.22223605025704646
-1.0234041890274745,-19.306519205876562,129.37678924608056,-2.8627871132774811,-0.22018577456594948
-1.0715393326511438,-19.320013136555463,129.42678027747397,-2.873744230269605,-0.2181860396727166
-1.1198188001327409,-19.332981239149206,129.47677130886734,-2.8846026613492666,-0.21623777568051553
-1.1682356354990067,-19.345426686147462,129.52676234026072,-2.8953650005950551,-0.21434180542257905
-1.2167830505951518,-19.357352624369629,129.57675337165412,-2.9060338807256647,-0.21249885341482883
-1.2654544202164717,-19.368762168441126,129.6267444030475,-2.9166119684019662,-0.21070955448023523
-1.314243277108325,-19.379658394689741,129.67673543444087,-2.927101959951659,-0.2089744620322527
-1.3631433068576069,-19.39004433544126,129.72672646583428,-2.9375065774992324,-0.20729405600956929
-1.4121483426978474,-19.399922973694213,129.77671749722765,-2.9478285654839573,-0.20566875045867236
-1.4612523602456917,-19.40929723815292,129.82670852862103,-2.9580706875480924,-0.20409890076452455
-1.5104494721849622,-19.418169998598621,129.87669956001443,-2.9682357237777035,-0.2025848105327919
-1.5597339229141869,-19.426544061578827,129.92669059140781,-2.9783264682790933,-0.20112673812968723
-1.6091000831696787,-19.434422166395439,129.97668162280118,-2.9883457270737703,-0.19972490288779071
-1.6585424446344752,-19.441806981372416,130.02667265419458,-2.9982963162953684,-0.19837949098802099
-1.708055614544038,-19.448701100384739,130.07666368558796,-3.0081810606729102,-0.1970906610293448
-1.7576343102957233,-19.455107039630825,130.12665471698134,-3.01800279228494,-0.19585854929902483
-1.807273354068073,-19.461027234630965,130.17664574837474,-3.0277643495698041,-0.19468327475705979
-1.856967667456479,-19.466464037435571,130.22663677976811,-3.0374685765784113,-0.19356494374905328
-1.9067122661280593,-19.471419714027071,130.27662781116149,-3.0471183224560363,-0.19250365446222195
-1.9565022544989592,-19.475896441900499,130.32661884255489,-3.0567164411407619,-0.19149950113944658
-2.006332820436064,-19.479896307808186,130.37660987394827,-3.0662657912668658,-0.19055257806634562
-2.0561992299841845,-19.483421305654922,130.42660090534164,-3.0757692362622131,-0.18966298334629597
-2.1060968221179981,-19.486473334530373,130.47659193673505,-3.0852296446292824,-0.18883082247816513
-2.1560210035186809,-19.489054196866469,130.52658296812842,-3.0946498904004738,-0.18805621175122622
-2.2059672433734954,-19.491165596708086,130.5765739995218,-3.1040328537588793,-0.18733928147140075
-2.255931068195467,-19.492809138085946,130.6265650309152,-3.1133814218163254,-0.18668017903256912
-2.3059080566610728,-19.493986323481305,130.67655606230858,-3.1226984895414338,-0.18607907184620323
-2.3558938344619968,-19.494698552372888,130.72654709370195,-3.1319869608308704,-0.18553615014209157
-2.4058840691662464,-19.494947119856725,130.77653812509536,-3.1412497497175402,-0.18505162965237987
-2.455874465085075,-19.494733215330619,130.82652915648873,3.1326955254691908,-0.18462575419056471
-2.505860758139749,-19.494057921235179,130.87652018788211,3.1234753119188405,-0.18425879813649793
-2.5558387107223988,-19.492922211844252,130.92651121927551,3.1142719638289678,-0.18395106883783158
-2.605804106545333,-19.491326952097943,130.97650225066889,3.1050825119802465,-0.18370290893769059
-2.6557527454719487,-19.489272896472141,131.02649328206226,3.0959039690947581,-0.18351469863770417
-2.7056804383218616,-19.486760687878924,131.07648431345567,3.0867333279030666,-0.18338685790484555
-2.7555830016434633,-19.483790856592773,131.12647534484904,3.0775675591021447,-0.18331984862981959
-2.8054562524457376,-19.480363819198249,131.17646637624244,3.068403609206463,-0.18331417674401168
-2.8552960028803267,-19.476479877555093,131.22645740763582,3.0592383982942741,-0.18337039430124757
-2.9050980548625063,-19.472139217777809,131.2764484390292,3.0500688176512099,-0.18348910152979783
-2.9548581946516221,-19.467341909224107,131.3264394704226,3.0408917273070943,-0.18367094885933291
-3.0045721872871645,-19.462087903498691,131.37643050181597,3.0317039534845165,-0.18391663892624985
-3.0542357710214367,-19.456377033457187,131.42642153320935,3.0225022859323705,-0.18422692856054995
-3.1038446516316034,-19.450209012217528,131.47641256460275,3.0132834751648905,-0.18460263075587238
-3.1533944965514022,-19.443583432186831,131.52640359599613,3.0040442296162069,-0.18504461662261057
-3.202880929003924,-19.436499764080367,131.5763946273895,2.9947812126754969,-0.18555381732492915
-3.2522995219172453,-19.428957355958278,131.62638565878291,2.9854910396419667,-0.18613122599834139
-3.3016457917263846,-19.420955432268226,131.67637669017628,2.9761702745792791,-0.18677789964520775
-3.350915192044492,-19.412493092895541,131.72636772156966,2.9668154270714027,-0.18749496100336036
-3.4001031070883787,-19.40356931224154,131.77635875296306,2.957422948900764,-0.18828360037959266
-3.4492048560242816,-19.394182994570663,131.82634978435644,2.9479983379912991,-0.18817871114046306
-3.4982161892276529,-19.384335447957763,131.87634081574981,2.9386338697843497,-0.18645377865401475
-3.5471336122953261,-19.37403151571749,131.92633184714322,2.9293576241773538,-0.18464966027281027
-3.5959538457050479,-19.363276495348163,131.97632287853659,2.9201734859415147,-0.18276932634785029
-3.644673782907101,-19.352075882102202,132.02631390992997,2.9110851889012195,-0.18081584275140861
-3.6932904939141835,-19.340435357921699,132.07630494132337,2.9020963115680893,-0.17879235451981315
-3.7418012282759414,-19.328360780214556,132.12629597271675,2.893210273589562,-0.17670206964371291
-3.7902034174464849,-19.315858170530177,132.17628700411012,2.8844303330012004,-0.17454824313808512
-3.8384946765549723,-19.302933703192515,132.22627803550353,2.8757595842660031,-0.17233416151373662
-3.8866728055957567,-19.289593693945243,132.2762690668969,2.8672009570776447,-0.17006312776023921
-3.9347357900550426,-19.275844588661773,132.32626009829028,2.8587572158999341,-0.16773844693787091
-3.9826818010117888,-19.261692952164694,132.37625112968368,2.8504309602070887,-0.16536341246224498
-4.0305091946810769,-19.247145457216988,132.42624216107706,2.8422246253980972,-0.16294129315559688
-4.0782165115401385,-19.232208873693878,132.47623319247043,2.8341404843256748,-0.16047532111707116
-4.1258024749206141,-19.216890058016826,132.52622422386384,2.8261806494226325,-0.15796868046413184
-4.1732659892133483,-19.201195942850202,132.57621525525721,2.8183470753612041,-0.15542449697168878
-4.2206061376590167,-19.185133527108835,132.62620628665059,2.8106415622097369,-0.1528458286322267
-4.2678221797712084,-19.168709866299331,132.67619731804399,2.8030657590378221,-0.15023565714541423
-4.3149135484218011,-19.151932063219665,132.72618834943736,2.7956211679237111,-0.14759688033620616
-4.3618798466224087,-19.134807259036229,132.77617938083074,2.7883091483175222,-0.14493230549086741
-4.4087208440307633,-19.117342624755938,132.82617041222414,2.781130921715226,-0.14224464359225031
-4.4554364732147391,-19.099545353105974,132.87616144361752,2.7740875765988249,-0.13953650442809379
-4.5020268257049745,-19.08142265083092,132.92615247501089,2.7671800735998153,-0.1368103925398943
-4.5484921478642519,-19.062981731414631,132.9761435064043,2.7604092508450337,-0.1340687039747501
-4.594832836602591,-19.044229808230803,133.02613453779767,2.7537758294457118,-0.13131372379823525
-4.6410494349668943,-19.025174088123009,133.07612556919108,2.7472804190926006,-0.12854762432298192
-4.6871426276283525,-19.005821765414293,133.12611660058445,2.7409235237229583,-0.12577246400549527
-4.7331132362945949,-18.986180016342324,133.17610763197783,2.734705547226886,-0.12299018696183692
-4.7789622150686855,-18.966255993915119,133.22609866337123,2.7286267991634547,-0.12020262305216911
-4.8246906457763048,-18.946056823180822,133.27608969476461,2.722687500459485,-0.11741148848394904
-4.8702997332815992,-18.925589596902689,133.32608072615798,2.7168877890662184,-0.11461838688394645
-4.9157908008103535,-18.904861371629586,133.37607175755139,2.711227725551657,-0.11182481079022344
-4.9611652852925632,-18.883879164153168,133.42606278894476,2.7057072986093496,-0.10903214351690176
-5.0064247327668339,-18.862649948327448,133.47605382033814,2.7003264304628849,-0.10624166134433646
-5.051570793782771,-18.841180652274133,133.52604485173154,2.6950849821602003,-0.1034545359958087
-5.0966052189414546,-18.819478155901177,133.57603588312492,2.6899827587292435,-0.10067183735147771
-5.1415298544579828,-18.79754928877983,133.62602691451829,2.6850195141991398,-0.097894536368469537
-5.1863466378316421,-18.775400828330866,133.6760179459117,2.6801949564685299,-0.095123508166050169
-5.2310575936064776,-18.753039498317605,133.72600897730507,2.6755087520166647,-0.092359535243720911
-5.275664829233266,-18.730471967629587,133.77600000869845,2.6709605304509516,-0.089603310800927788
-5.3201705310389382,-18.707704849342569,133.82599104009185,2.6665498888865744,-0.086855442129975535
-5.3645769603076827,-18.684744700040881,133.87598207148523,2.6622763961552485,-0.084116454056402126
-5.4088864494778592,-18.661598019387963,133.9259731028786,2.6581395968412878,-0.08138679240357681
-5.4531013984581147,-18.638271249931115,133.975964134272,2.6541390151442621,-0.078666827460746935
-5.4972242710635424,-18.61477077712755,134.02595516566538,2.6502741585686427,-0.075956857436237965
-5.5412575915740216,-18.591102929578089,134.07594619705876,2.6465445214414984,-0.073257111879639805
-5.5852039414152381,-18.567273979455933,134.12593722845216,2.6429495882601617,-0.070567755059011542
-5.6290659559609022,-18.54329014311871,134.17592825984553,2.6394888368725082,-0.067888889281218306
-5.6728463214571638,-18.51915758189114,134.22591929123891,2.6361617414928178,-0.065220558145207191
-5.7165477720665896,-18.494882403007576,134.27591032263231,2.6329677755568728,-0.062562749719956443
-5.7601730870296697,-18.47047066070364,134.32590135402569,2.6299064144202564,-0.059915399640374553
-5.8037250879427358,-18.445928357445975,134.37589238541906,2.6269771379039843,-0.057278394115825061
-5.8472066361485897,-18.421261445290657,134.42588341681247,2.6241794326920291,-0.054651572847435333
-5.8906206302364676,-18.396475827361229,134.47587444820584,2.6215127945853727,-0.052034731851541234
-5.93397000364926,-18.371577359436511,134.52586547959922,2.6189767306172471,-0.049427626187634549
-5.9772577223932117,-18.346571851640658,134.57585651099262,2.6165707610344207,-0.046829972590336437
-6.0204867828461754,-18.321465070227269,134.625847542386,2.6142944211493235,-0.044241452005753169
-6.0636602096613439,-18.296262739449723,134.67583857377937,2.6121472630677083,-0.041661712033318622
-6.1067810537612317,-18.270970543511009,134.72582960517278,2.6101288572965817,-0.0390903692750608
-6.1498523904173181,-18.245594128586696,134.77582063656615,2.6082387942369767,-0.036527011594821614
-6.1928773174119636,-18.220139104914036,134.82581166795953,2.6064766855659349,-0.033971200290438923
-6.2358589532768276,-18.194611048942015,134.87580269935293,2.604842165512022,-0.031422472182529269
-6.2788004356031077,-18.16901550553683,134.92579373074631,2.6033348920284327,-0.028880341623870612
-6.3217049194181563,-18.143357990238044,134.97578476213971,2.6019545478675625,-0.026344302433799729
-6.3645755756279092,-18.117643991558001,135.02577579353309,2.6007008415605415,-0.023813829762073344
-6.407415589527643,-18.091878973315353,135.07576682492646,2.5995735083050113,-0.021288381886740367
-6.4502281593035713,-18.066068377042257,135.12575785631986,2.5985723107660892,-0.018767401955524367
-6.4930164946955289,-18.040217624355613,135.17574888771324,2.5976970397888017,-0.016250319665820159
-6.5357838155955239,-18.014332119421113,135.22573991910662,2.5969475150304526,-0.013736552901895382
-6.5785333507352242,-17.988417251411345,135.27573095050002,2.5963235855109663,-0.011225509325734384
-6.6212683363953788,-17.96247839699182,135.32572198189339,2.5958251300849229,-0.0087165879310642479
-6.6639920151419973,-17.936520922825583,135.37571301328677,2.5954520578367206,-0.006209180565969686
-6.7067076345848502,-17.910550188093055,135.42570404468017,2.5952043084002763,-0.0037026734301436872
-6.7494184461529505,-17.884571547024034,135.47569507607355,2.5950818522043804,-0.0011964485529405917
-6.7921273001516491,-17.858589687787003,135.52568610746692,2.5950333063413349,-0.00095591241916489285
-6.8348349120739451,-17.832605786940629,135.57567713886033,2.594985740989137,-0.00094704261886401195
-6.8775412937763738,-17.806619864190036,135.6256681702537,2.5949386191053412,-0.00093817050291386496
-6.920246456689461,-17.780631938534352,135.67565920164708,2.5948919408053732,-0.00092929608475622605
-6.9629504122495129,-17.754642028975962,135.72565023304048,2.5948457062039867,-0.00092041937783477498
-7.0056531718984223,-17.728650154520544,135.77564126443386,2.5947999154152637,-0.00091154039559515122
-7.0483547470836463,-17.70265633417705,135.82563229582723,2.594754568552613,-0.00090265915148496942
-7.0910551492580831,-17.676660586957727,135.87562332722064,2.5947096657287716,-0.0008937756589538551
-7.133754389880365,-17.650662931877932,135.92561435861401,2.5946652070558049,-0.00088488993145340044
-7.1764524804142935,-17.624663387956435,135.97560539000739,2.5946211926451044,-0.00087600198243729141
-7.2191494323292487,-17.598661974215073,136.02559642140079,2.5945776226073898,-0.0008671118253612359
-7.2618452570999548,-17.572658709678933,136.07558745279417,2.5945344970527082,-0.00085821947368302544
-7.3045399662064536,-17.546653613376265,136.12557848418754,2.5944918160904331,-0.00084932494086255295
-7.347233571133919,-17.520646704338599,136.17556951558095,2.5944495798292659,-0.00084042824036186696
-7.3899260833730658,-17.494638001600418,136.22556054697432,2.594407788377235,-0.00083152938564509627
-7.4326175144195634,-17.468627524199512,136.2755515783677,2.5943664418416943,-0.00082262839017859012
-7.4753078757742513,-17.442615291176772,136.3255426097611,2.5943255403293262,-0.00081372526743087969
-7.5179971789432356,-17.416601321576135,136.37553364115448,2.5942850839461387,-0.00080482003087268042
-7.5606854354375335,-17.390585634444712,136.42552467254785,2.5942450727974666,-0.00079591269397697264
-7.6033726567731907,-17.364568248832715,136.47551570394126,2.5942055069879713,-0.00078700327021899539
-7.6460588544714234,-17.338549183793301,136.52550673533463,2.5941663866216405,-0.00077809177307622919
-7.6887440400582214,-17.312528458382811,136.57549776672801,2.5941277118017871,-0.00076917821602849319
-7.731428225064394,-17.286506091660652,136.62548879812141,2.5940894826310523,-0.00076026261255795048
-7.7741114210259248,-17.2604821026891,136.67547982951479,2.5940516992114002,-0.00075134497614904835
-7.8167936394832909,-17.234456510533619,136.72547086090816,2.5940143616441236,-0.00074242532028867493
-7.85947489198188,-17.208429334262622,136.77546189230156,2.5939774700298392,-0.00073350365846608671
-7.9021551900718157,-17.182400592947474,136.82545292369494,2.5939410244684904,-0.00072458000417296119
-7.9448345453079359,-17.156370305662517,136.87544395508834,2.5939050250593452,-0.00071565437090341305
-7.9875129692495932,-17.130338491485151,136.92543498648172,2.5938694719009971,-0.00070672677215405637
-8.0301904734609195,-17.104305169495589,136.97542601787509,2.5938343650913658,-0.00069779722142395773
-8.0728670695104903,-17.078270358777068,137.0254170492685,2.5937997047276946,-0.00068886573221473024
-8.1155427689713626,-17.052234078415758,137.07540808066187,2.5937654909065531,-0.00067993231803053264
-8.1582175834212425,-17.026196347500647,137.12539911205525,2.5937317237238346,-0.0006709969923780558
-8.2008915244421097,-17.00015718512369,137.17539014344865,2.5936984032747583,-0.00066205976876661471
-8.2435646036203334,-16.974116610379742,137.22538117484203,2.5936655296538671,-0.00065312066070813955
-8.2862368325467752,-16.948074642366421,137.2753722062354,2.5936331029550286,-0.00064417968171717158
-8.3289082228164979,-16.922031300184283,137.32536323762881,2.5936011232714349,-0.00063523684531094056
-8.3715787860287207,-16.895986602936755,137.37535426902218,2.5935695906956022,-0.00062629216500938677
-8.414248533787136,-16.86994056972997,137.42534530041556,2.5935385053193709,-0.00061734565433511706
-8.4569174776994203,-16.84389321967296,137.47533633180896,2.5935078672339049,-0.00060839732681351754
-8.4995856293773908,-16.817844571877565,137.52532736320234,2.5934776765296919,-0.00059944719597274142
-8.5422530004370838,-16.791794645458335,137.57531839459571,2.5934479332965443,-0.0005904952753437089
-8.5849196024984593,-16.765743459532644,137.62530942598912,2.5934186376235964,-0.00058154157846018121
-8.6275854471855009,-16.739691033220641,137.67530045738249,2.5933897895993065,-0.00057258611885876499
-8.670250546126228,-16.713637385645168,137.72529148877587,2.5933613893114575,-0.00056362891007891917
-8.7129149109525148,-16.687582535931821,137.77528252016927,2.593333436847153,-0.00055466996566301324
-8.7555785533000705,-16.661526503208943,137.82527355156265,2.5933059322928207,-0.00054570929915634869
-8.7982414848085817,-16.635469306607494,137.87526458295602,2.593278875734212,-0.00053674692410714481
-8.8409037171213889,-16.609410965261223,137.92525561434942,2.5932522672563989,-0.00052778285406662761
-8.8835652618855896,-16.58335149830652,137.9752466457428,2.5932261069437779,-0.00051881710258902026
-8.9262261307520934,-16.557290924882388,138.02523767713618,2.5932003948800659,-0.00050984968323155298
-8.968886335375398,-16.53122926413052,138.07522870852958,2.5931751311483042,-0.00050088060955452761
-9.0115458874135062,-16.505166535195322,138.12521973992295,2.593150315830854,-0.00049190989512135162
-9.0542047985282803,-16.479102757223629,138.17521077131633,2.5931259490093996,-0.00048293755349848144
-9.0968630803848622,-16.453037949365065,138.22520180270973,2.5931020307649466,-0.00047396359825556368
-9.1395207446519429,-16.426972130771784,138.27519283410311,2.5930785611778226,-0.00046498804296539361
-9.1821778030017391,-16.400905320598493,138.32518386549648,2.5930555403276765,-0.00045601090120394293
-9.2248342671097809,-16.374837538002517,138.37517489688989,2.5930329682934774,-0.00044703218655041844
-9.2674901486549661,-16.348768802143717,138.42516592828326,2.5930108451535165,-0.00043805191258727025
-9.3101454593196031,-16.322699132184461,138.47515695967664,2.5929891709854065,-0.00042907009290020238
-9.3528002107891712,-16.296628547289682,138.52514799107004,2.5929679458660795,-0.00042008674107824008
-9.3954544147523364,-16.270557066626875,138.57513902246342,2.5929471698717887,-0.00041110187071374457
-9.4381080829011683,-16.244484709365889,138.62513005385679,2.5929268430781081,-0.00040211549540238972
-9.4807612269306389,-16.218411494679206,138.6751210852502,2.5929069655599308,-0.00039312762874328124
-9.5234138585389019,-16.192337441741753,138.72511211664357,2.5928875373914724,-0.00038413828433892075
-9.5660659894273223,-16.16626256973079,138.77510314803698,2.5928685586462654,-0.00037514747579521523
-9.6087176312998999,-16.140186897826286,138.82509417943035,2.5928500293971641,-0.00036615521672162075
-9.6513687958640411,-16.114110445210347,138.87508521082373,2.5928319497163419,-0.00035716152073099586
-9.6940194948299077,-16.088033231067641,138.92507624221713,2.5928143196752909,-0.00034816640143976122
-9.7366697399103082,-16.061955274585351,138.97506727361051,2.5927971393448233,-0.00033916987246793617
-9.7793195428212574,-16.03587659495285,139.02505830500388,2.5927804087950697,-0.00033017194743904755
-9.8219689152814489,-16.009797211361956,139.07504933639729,2.5927641280954803,-0.00032117263998025292
-9.8646178690121324,-15.983717143006968,139.12504036779066,2.5927482973148233,-0.00031217196372239049
-9.9072664157374941,-15.957636409084417,139.17503139918404,2.592732916521185,-0.00030316993229991836
-9.9499145671844325,-15.931555028793129,139.22502243057744,2.5927179857819715,-0.00029416655935097819
-9.9925623350821589,-15.905473021334453,139.27501346197081,2.5927035051639056,-0.00028516185851750077
-10.035209731162716,-15.879390405911897,139.32500449336419,2.5926894747330289,-0.00027615584344511804
-10.077856767160748,-15.853307201731214,139.37499552475759,2.5926758945546999,-0.00026714852778322694
-10.120503454813027,-15.827223428000689,139.42498655615097,2.5926627646935958,-0.00025813992518511396
-10.163149805859156,-15.801139103930625,139.47497758754434,2.5926500852137098,-0.00024913004930782407
-10.205795832041066,-15.775054248733658,139.52496861893775,2.5926378561783539,-0.00024011891381228717
-10.248441545102757,-15.748968881624808,139.57495965033112,2.5926260776501548,-0.00023110653236339042
-10.291086956790926,-15.722883021821133,139.6249506817245,2.5926147496910588,-0.00022209291862987149
-10.333732078854398,-15.696796688541982,139.6749417131179,2.5926038723623264,-0.00021307808628445306
-10.376376923044081,-15.67070990100901,139.72493274451128,2.5925934457245359,-0.00020406204900387439
-10.419021501113253,-15.644622678445927,139.77492377590465,2.5925834698375811,-0.0001950448204688505
-10.461665824817389,-15.618535040078623,139.82491480729806,2.5925739447606722,-0.00018602641436413146
-10.504309905913759,-15.592447005135325,139.87490583869143,2.592564870552335,-0.00017700684437860385
-10.54695375616201,-15.566358592846207,139.92489687008481,2.5925562472704105,-0.0001679861242051899
-10.58959738732371,-15.540269822443646,139.97488790147821,2.5925480749720555,-0.00015896426754096271
-10.632240811162157,-15.514180713162293,140.02487893287159,2.5925403537137419,-0.0001499412880872111
-10.67488403944291,-15.488091284238699,140.07486996426496,2.592533083551257,-0.00014091719954934261
-10.717527083933334,-15.46200155491157,140.12486099565837,2.592526264539702,-0.00013189201563700394
-10.760169956402395,-15.435911544421822,140.17485202705174,2.592519896733493,-0.00012286575006414165
-10.802812668621053,-15.409821272012335,140.22484305844512,2.5925139801863604,-0.00011383841654894213
-10.845455232362143,-15.383730756927978,140.27483408983852,2.5925085149513492,-0.00010481002881387751
-10.888097659399813,-15.357640018415882,140.3248251212319,2.5925035010808175,-9.5780600585841186e-05
-10.9307399615102,-15.331549075725027,140.37481615262527,2.5924989386264374,-8.6750145596032255e-05
-10.97338215047103,-15.305457948106422,140.42480718401868,2.5924948276391944,-7.7718677580052386e-05
-11.016024238061359,-15.279366654813245,140.47479821541205,2.5924911681693876,-6.8686210277990576e-05
-11.058666236062024,-15.253275215100482,140.52478924680543,2.5924879602666286,-5.9652757434339313e-05
-11.101308156255328,-15.227183648225136,140.57478027819883,2.5924852039798418,-5.0618332798088833e-05
-11.143950010424778,-15.201091973446303,140.62477130959221,2.5924828993572651,-4.1582950122800385e-05
-11.186591810355592,-15.175000210024859,140.67476234098561,2.5924810464464469,-3.2546623166519258e-05
-11.229233567834104,-15.148908377223751,140.72475337237898,2.59247964529425,-2.3509365691925148e-05
-11.271875294648019,-15.1228164943078,140.77474440377236,2.5924786959468467,-1.4471191466292205e-05
-11.314517002586467,-15.096724580543674,140.82473543516576,2.5924781984497232,-5.4321142615061259e-06
-11.357158703439522,-15.070632655200075,140.87472646655914,2.5924781528476752,3.6078521458183229e-06
-11.399800408998583,-15.044540737547516,140.92471749795251,2.5924785591848107,1.2648693974396486e-05
-11.442442131056282,-15.018448846858336,140.97470852934592,2.5924794175045482,2.1690397438227813e-05
-11.485083881406091,-14.992357002406845,141.02469956073929,2.5924807278496171,3.0732948746502438e-05
-11.527725671842704,-14.966265223469126,141.07469059213267,2.5924824902620576,3.9776334103650589e-05
-11.570367514161807,-14.94017352932309,141.12468162352607,2.5924847047832196,4.8820539709277632e-05
-11.613009420159969,-14.914081939248486,141.17467265491945,2.5924873714537626,5.7865551758122348e-05
-11.655651401634664,-14.887990472526901,141.22466368631282,2.592490490313657,6.6911356440036297e-05
-11.698293470384364,-14.861899148441626,141.27465471770623,2.5924940614021814,7.5957939939983504e-05
-11.740935638208203,-14.83580798627783,141.3246457490996,2.5924980847579246,8.5005288437948619e-05
-11.783577916906156,-14.809717005322394,141.37463678049298,2.5925025604187844,9.4053388108956962e-05
-11.826220318278986,-14.783626224863937,141.42462781188638,2.5925074884219668,0.00010310222512303746
-11.868862854128059,-14.757535664192865,141.47461884327976,2.5925128688039862,0.00011215178564516387
-11.911505536255405,-14.731445342601281,141.52460987467313,2.5925187016006661,0.00012120205583525028
-11.954148376463744,-14.705355279382971,141.57460090606654,2.5925249868471378,0.00013025302184812971
-11.996791386556255,-14.679265493833455,141.62459193745991,2.5925317245778392,0.00013930466983348906
-12.039434578336603,-14.65317600524997,141.67458296885329,2.5925389148265165,0.00014835698593585164
-12.082077963609045,-14.627086832931344,141.72457400024669,2.5925465576262243,0.00015740995629457818
-12.124721554178173,-14.600997996178107,141.77456503164007,2.5925546530093215,0.00016646356704379402
-12.167365361848915,-14.574909514292479,141.82455606303344,2.5925632010074762,0.00017551780431236471
-12.210009398426722,-14.548821406578165,141.87454709442684,2.5925722016516617,0.00018457265422391924
-12.252653675717111,-14.522733692340667,141.92453812582022,2.592581654972157,0.00019362810289672543
-12.295298205525944,-14.496646390886994,141.9745291572136,2.5925915609985486,0.0002026841364437364
-12.337942999659358,-14.470559521525715,142.024520188607,2.5926019197597276,0.0002117407409725484
-12.380588069923563,-14.44447310356702,142.07451122000037,2.5926127312838902,0.00022079790258534157
-12.42323342812481,-14.418387156322723,142.12450225139375,2.5926239955985384,0.00022985560737884701
-12.465879086069606,-14.392301699106042,142.17449328278715,2.5926357127304787,0.00023891384144437831
-12.508525055564357,-14.366216751231843,142.22448431418053,2.5926478827058221,0.00024797259086772823
-12.551171348415401,-14.34013233201652,142.2744753455739,2.5926605055499841,0.00025703184172916029
-12.593817976429184,-14.314048460777872,142.32446637696731,2.5926735812876838,0.00026609158010342193
-12.63646495141192,-14.287965156835275,142.37445740836068,2.5926871099429447,0.00027515179205965371
-12.679112285169623,-14.261882439509609,142.42444843975406,2.5927010915390927,0.00028421246366137323
-12.721759989508271,-14.235800328123128,142.47443947114746,2.5927155260987584,0.00029327358096649196
-12.764408076233448,-14.209718841999628,142.52443050254084,2.5927304136438734,0.00030233513002721538
-12.807056557150487,-14.183638000464322,142.57442153393424,2.5927457541956733,0.00031139709689005662
-12.849705444064515,-14.157557822843772,142.62441256532762,2.5927615477746957,0.00032045946759582251
-12.892354748780116,-14.131478328466065,142.67440359672099,2.5927777944007802,0.00032952222817952064
-12.935004483101467,-14.105399536660663,142.7243946281144,2.5927944940930674,0.00033858536467037172
-12.977654658832467,-14.079321466758318,142.77438565950777,2.59281164687,0.00034764886309181123
-13.020305287776273,-14.053244138091271,142.82437669090115,2.5928292527493229,0.00035671270946137704
-13.062956381735528,-14.02716756999312,142.87436772229455,2.5928473117480793,0.00036577688979073095
-13.105607952512495,-14.001091781798658,142.92435875368793,2.5928658238826157,0.00037484139008566998
-13.14826001190715,-13.975016792845022,142.9743497850813,2.592884789168576,0.00038390619634570005
-13.190912571723,-13.948942622468081,143.02434081647471,2.592904207620907,0.00039297129456525456
-13.233565643758816,-13.922869290007457,143.07433184786808,2.5929240792538542,0.00040203667073191222
-13.276219239813791,-13.896796814803327,143.12432287926146,2.5929444040809608,0.00041110231082747823
-13.318873371686285,-13.87072521619714,143.17431391065486,2.5929651821150714,0.00042016820082769546
-13.36152805117403,-13.844654513531474,143.22430494204824,2.5929864133683278,0.0004292343267022659
-13.404183290073595,-13.818584726150309,143.27429597344161,2.5930080978521706,0.00043830067441471957
-13.446839100180613,-13.792515873398836,143.32428700483501,2.5930302355773391,0.00044736722992244193
-13.489495493289967,-13.76644797462332,143.37427803622839,2.5930528265538699,0.00045643397917669498
-13.53215248119521,-13.740381049171388,143.42426906762176,2.5930758707910977,0.00046550090812247174
-13.574810075688895,-13.714315116391834,143.47426009901517,2.5930993682976533,0.00047456800269854655
-13.617468288562526,-13.688250195634565,143.52425113040854,2.5931233190814655,0.00048363524883744685
-13.660127131606336,-13.662186306250693,143.57424216180192,2.5931477231497593,0.0004927026324653863
-13.702786616609313,-13.636123467592501,143.62423319319532,2.5931725805090564,0.00050177013950225026
-13.745446755359296,-13.610061699013352,143.6742242245887,2.5931978911651736,0.00051083775586159357
-13.78810755964272,-13.584001019867753,143.72421525598207,2.5932236551232237,0.00051990546745057302
-13.830769041244594,-13.557941449511402,143.77420628737548,2.5932498723876152,0.00052897326016991509
-13.873431211948741,-13.531883007300909,143.82419731876885,2.5932765429620512,0.00053804111991396055
-13.916094083537342,-13.505825712594129,143.87418835016223,2.59330366684953,0.0005471090325705302
-13.958757667791108,-13.479769584749935,143.92417938155563,2.5933312440523433,0.00055617698402096033
-14.001421976489349,-13.453714643128182,143.97417041294901,2.5933592745720779,0.00056524496014008572
-14.044087021409643,-13.427660907089852,144.02416144434238,2.5933877584096137,0.00057431294679615623
-14.08675281432796,-13.40160839599694,144.07415247573579,2.5934166955651237,0.00058338092985084225
-14.129419367018736,-13.375557129212364,144.12414350712916,2.593446086038075,0.00059244889515923306
-14.17208669125452,-13.349507126100141,144.17413453852254,2.5934759298272261,0.00060151682856973893
-14.214754798806155,-13.323458406025237,144.22412556991594,2.5935062269306286,0.00061058471592411638
-14.257423701442777,-13.297410988353521,144.27411660130932,2.5935369773456265,0.00061965254305744628
-14.30009341093154,-13.27136489245189,144.32410763270269,2.5935681810688549,0.00062872029579805785
-14.342763939037708,-13.245320137688184,144.3740986640961,2.5935998380962406,0.00063778795996752746
-14.385435297524745,-13.219276743431076,144.42408969548947,2.5936319484230008,0.00064685552138068288
-14.428107498153986,-13.193234729050236,144.47408072688285,2.5936645120436443,0.00065592296584551259
-14.470780552684735,-13.167194113916228,144.52407175827625,2.5936975289519699,0.0006649902791631691
-14.513454472874386,-13.141154917400391,144.57406278966963,2.5937309991410662,0.000674057447127979
-14.556129270477996,-13.115117158875075,144.62405382106303,2.5937649226033117,0.00068312445552732757
-14.598804957248584,-13.089080857713396,144.6740448524564,2.593799299330374,0.00069219129014171197
-14.64148154493701,-13.063046033289282,144.72403588384978,2.5938341293132097,0.00070125793674469239
-14.684159045291766,-13.037012704977538,144.77402691524318,2.5938694125420652,0.0007103243811028353
-14.72683747005901,-13.010980892153817,144.82401794663656,2.5939051490064728,0.00071939060897569472
-14.769516830982736,-12.984950614194441,144.87400897802993,2.593941338695255,0.00072845660611584116
-14.812197139804447,-12.958921890476583,144.92400000942334,2.5939779815965207,0.00073752235826876524
-14.854878408263124,-12.932894740378227,144.97399104081671,2.5940150776976658,0.0007465878511728612
-14.897560648095435,-12.906869183278008,145.02398207221009,2.5940526269853748,0.00075565307055944946
-14.940243871035438,-12.880845238555358,145.07397310360349,2.5940906294456161,0.00076471800215269562
-14.982928088814583,-12.854822925590437,145.12396413499687,2.5941290850636465,0.00077378263166960018
-15.025613313161827,-12.828802263764048,145.17395516639024,2.5941679938240072,0.00078284694482000025
-15.068299555803385,-12.80278327245774,145.22394619778365,2.5942073557105254,0.00079191092730650139
-15.110986828462716,-12.776765971053758,145.27393722917702,2.5942471707063142,0.00080097456482445769
-15.153675142860715,-12.750750378934898,145.3239282605704,2.5942874387937698,0.00081003784306200009
-15.196364510715325,-12.724736515484725,145.3739192919638,2.5943281599545731,0.0008191007476999289
-15.239054943741625,-12.698724400087414,145.42391032335718,2.5943693341696905,0.00082816326441172616
-15.281746453651998,-12.672714052127667,145.47390135475055,2.5944109614193702,0.00083722537886356805
-15.324439052155725,-12.646705490990897,145.52389238614396,2.5944530416831446,0.00084628707671422377
-15.367132750959149,-12.620698736063069,145.57388341753733,2.5944955749398289,0.00085534834361507891
-15.409827561765681,-12.594693806730669,145.62387444893071,2.59453856116752,0.00086440916521011762
-15.452523496275603,-12.568690722380801,145.67386548032411,2.5945820003435984,0.00087346952713586055
-15.495220566186029,-12.542689502401128,145.72385651171749,2.594625892444725,0.00088252941502134905
-15.537918783191103,-12.516690166179743,145.77384754311086,2.5946702374468433,0.00089158881448816898
-15.580618158981602,-12.490692733105337,145.82383857450426,2.5947150353251769,0.00090064771115035006
-15.623318705245072,-12.464697222567125,145.87382960589764,2.59476028605423,0.00090970609061437715
-15.666020433665938,-12.438703653954665,145.92382063729102,2.5948059896077873,0.00091876393847920576
-15.708723355925128,-12.412712046658106,145.97381166868442,2.5948521459589147,0.00092782124033616103
-15.751427483700148,-12.386722420068075,146.02380270007779,2.5948987550799552,0.00093687798176893971
-15.794132828665351,-12.360734793575466,146.07379373147117,2.5949458169425323,0.00094593414835365635
-15.836839402491325,-12.334749186571793,146.12378476286457,2.5949933315175482,0.00095498972565869259
-15.879547216845291,-12.308765618448858,146.17377579425795,2.5950412987751834,0.00096404469924477629
-15.922256283390944,-12.282784108598859,146.22376682565132,2.5950897186848967,0.00097309905466492694
-15.964966613788285,-12.256804676414417,146.27375785704473,2.5951385912154228,0.00098215277746440451
-16.007678219693705,-12.230827341288505,146.3237488884381,2.5951879163347762,0.00099120585318071964
-16.050391112759975,-12.204852122614389,146.37373991983148,2.5952376940102462,0.0010002582673436105
-16.093105304636047,-12.178879039785713,146.42373095122488,2.5952879242083995,0.0010093100054749957
-16.135820806967018,-12.152908112196474,146.47372198261826,2.5953386068950786,0.0010183610530889477
-16.178537631394438,-12.12693935924082,146.52371301401166,2.5953897420354011,0.001027411395691742
-16.22125578955562,-12.100972800313384,146.57370404540504,2.5954413295937604,0.0010364610187817056
-16.263975293084208,-12.075008454808934,146.62369507679841,2.5954933695338256,0.0010455099078493161
-16.306696153609963,-12.049046342122429,146.67368610819182,2.5955458618185379,0.0010545580483771516
-16.349418382758302,-12.023086481649282,146.72367713958519,2.595598806410115,0.0010636054258397723
-16.39214199215083,-11.997128892784971,146.77366817097857,2.5956522032700469,0.0010726520257038276
-16.434866993405169,-11.971173594925123,146.82365920237197,2.5957060523590973,0.0010816978334280041
-16.477593398134434,-11.945220607465767,146.87365023376535,2.5957603536373028,0.001090742834462902
-16.520321217947913,-11.919269949802903,146.92364126515872,2.5958151070639719,0.0010997870142511672
-16.56305046445053,-11.893321641332754,146.97363229655213,2.5958703125976856,0.001108830358227368
-16.605781149242802,-11.867375701451776,147.0236233279455,2.5959259701962973,0.0011178728518179732
-16.648513283921147,-11.841432149556416,147.07361435933888,2.5959820798169302,0.0011269144804414034
-16.6912468800776,-11.815491005043247,147.12360539073228,2.5960386414159795,0.0011359552295079627
-16.733981949299498,-11.789552287309101,147.17359642212566,2.5960956549491101,0.0011449950844197596
-16.776718503170052,-11.763616015750699,147.22358745351903,2.5961531203712571,0.0011540340305708165
-16.819456553267937,-11.737682209764845,147.27357848491243,2.5962110376366256,0.0011630720533469738
-16.862196111167052,-11.711750888748542,147.32356951630581,2.5962694066986902,0.0011721091381258224
-16.90493718843689,-11.685822072098679,147.37356054769919,2.5963282275101927,0.0011811452702767875
-16.947679796642412,-11.659895779212144,147.42355157909259,2.5963875000231451,0.0011901804351610657
-16.990423947343544,-11.633972029485999,147.47354261048596,2.5964472241888261,0.0011992146181315367
-17.033169652095868,-11.608050842317088,147.52353364187934,2.5965073999577832,0.0012082478045328774
-17.075916922450062,-11.582132237102286,147.57352467327274,2.5965680272798299,0.001217279979701446
-17.118665769951793,-11.556216233238551,147.62351570466612,2.5966291061040474,0.0012263111289652438
-17.161416206142167,-11.530302850122572,147.67350673605949,2.5966906363787823,0.0012353412376440087
-17.20416824255733,-11.504392107151032,147.7234977674529,2.596752618051648,0.0012443702910491068
-17.246921890728231,-11.478484023720618,147.77348879884627,2.5968150510695223,0.001253398274483493
-17.289677162181103,-11.452578619227776,147.82347983023965,2.5968779353785494,0.0012624251732417868
-17.332434068437117,-11.426675913068795,147.87347086163305,2.5969412709241371,0.0012714509726102009
-17.37519262101215,-11.400775924639985,147.92346189302643,2.597005057650958,0.0012804756578664773
-17.417952831417136,-11.374878673337347,147.9734529244198,2.5970692955029482,0.0012894992142799583
-17.460714711157891,-11.348984178556689,148.02344395581321,2.5971339844233072,0.0012985216271115389
-17.50347827173475,-11.323092459693767,148.07343498720658,2.5971991243544981,0.001307542881613583
-17.546243524643021,-11.297203536144004,148.12342601859996,2.5972647152382451,0.0013165629630300076
-17.589010481372746,-11.271317427302531,148.17341704999336,2.5973307570155368,0.0013255818565962364
-17.631779153408282,-11.245434152564471,148.22340808138674,2.5973972496266202,0.0013345995475390862
-17.674549552228903,-11.219553731324465,148.27339911278011,2.5974641930110072,0.0013436160210769071
-17.717321689308488,-11.193676182976873,148.32339014417352,2.597531587107468,0.0013526312624194902
-17.76009557611507,-11.167801526915937,148.37338117556689,2.5975994318540345,0.0013616452567679852
-17.802871224111492,-11.141929782535428,148.42337220696029,2.5976677271879973,0.0013706579893150127
-17.845648644754842,-11.11606096922884,148.47336323835367,2.597736473045908,0.0013796694452445552
-17.888427849496669,-11.09019510638932,148.52335426974705,2.5978056693635767,0.0013886796097319887
-17.93120884978282,-11.064332213409621,148.57334530114045,2.5978753160760717,0.0013976884679440446
-17.973991657053489,-11.038472309682135,148.62333633253382,2.5979454131177202,0.0014066960050388097
-18.016776282742974,-11.012615414598901,148.6733273639272,2.5980159604221074,0.0014157022061656781
-18.059562738279944,-10.986761547551451,148.7233183953206,2.5980869579220749,0.0014247070564653963
-18.102351035087153,-10.960910727930919,148.77330942671398,2.598158405549722,0.0014337105410700012
-18.145141184581334,-10.935062975128083,148.82330045810735,2.5982303032364045,0.0014427126451027877
-18.187933198173589,-10.909218308533056,148.87329148950076,2.5983026509127343,0.0014517133536783959
-18.230727087268768,-10.883376747535648,148.92328252089413,2.598375448508579,0.0014607126519026639
-18.273522863265736,-10.857538311525122,148.97327355228751,2.5984486959530604,0.0014697105248726919
-18.316320537557438,-10.831703019890142,149.02326458368091,2.5985223931745565,0.0014787069576768438
-18.359120121530609,-10.8058708920189,149.07325561507429,2.598596540100699,0.0014877019353946872
-18.40192162656572,-10.780041947299091,149.12324664646766,2.5986711366583735,0.0014966954430969744
-18.444725064037311,-10.754216205117675,149.17323767786107,2.5987461827737186,0.001505687465845715
-18.487530445313404,-10.728393684861185,149.22322870925444,2.598821678372127,0.0015146779886940447
-18.530337781755819,-10.702574405915501,149.27321974064782,2.5988976233782428,0.001523666996686289
-18.573147084720169,-10.676758387665789,149.32321077204122,2.5989740177159635,0.0015326544748579655
-18.615958365555457,-10.650945649496714,149.3732018034346,2.5990508613084367,0.0015416404082356913
-18.658771635604428,-10.625136210792197,149.42319283482797,2.5991281540780626,0.0015506247818372529
-18.701586906203342,-10.59933009093546,149.47318386622138,2.5992058959464917,0.0015596075806715703
-18.744404188681834,-10.573527309309124,149.52317489761475,2.5992840868346248,0.0015685887897386439
-18.787223494363083,-10.547727885295011,149.57316592900813,2.5993627266626125,0.001577568394029614
-18.830044834563694,-10.521931838274217,149.62315696040153,2.5994418153498553,0.0015865463785267116
-18.872868220593485,-10.496139187627156,149.67314799179491,2.5995213528150023,0.0015955227282032315
-18.91569366375564,-10.470349952733439,149.72313902318828,2.5996013389759516,0.0016044974280235531
-18.958521175346693,-10.444564152971859,149.77313005458169,2.5996817737498485,0.0016134704629431377
-19.001350766656337,-10.418781807720411,149.82312108597506,2.5997626570530881,0.0016224418179084945
-19.044182448967323,-10.393002936356368,149.87311211736844,2.5998439888013096,0.0016314114778571542
-19.087016233555754,-10.367227558255998,149.92310314876184,2.5999257689094017,0.0016403794277177345
-19.129852131690619,-10.34145569279486,149.97309418015521,2.600007997291498,0.001649345652409836
-19.17269015463399,-10.315687359347598,150.02308521154859,2.6000906738609788,0.001658310136844096
-19.215530313641082,-10.289922577287877,150.07307624294199,2.6001737985304691,0.0016672728659221912
-19.258372619959864,-10.264161365988553,150.12306727433537,2.60025737121184,0.001676233824536769
-19.301217084831272,-10.238403744821539,150.17305830572874,2.600341391816205,0.0016851929975714804
-19.344063719489206,-10.212649733157715,150.22304933712215,2.6004258602539245,0.0016941503699009956
-19.386912535160249,-10.186899350367092,150.27304036851552,2.6005107764346005,0.0017031059263909337
-19.429763543063746,-10.161152615818686,150.32303139990893,2.6005961402670783,0.0017120596518978935
-19.472616754412051,-10.135409548880391,150.3730224313023,2.6006819517313557,0.0017211101581118358
-19.515472181200145,-10.109670170235471,150.42301346269568,2.60076830004932,0.0017334421371127332
-19.558329838313131,-10.08393450539109,150.47300449408908,2.600855264844645,0.0017457736780007716
-19.601189741292067,-10.058202580962185,150.52299552548246,2.6009428460956574,0.0017581047899287753
-19.644051905670441,-10.032474423566937,150.57298655687583,2.6010310437811412,0.001770435482015659
-19.686916346974325,-10.006750059826759,150.62297758826924,2.6011198578803358,0.0017827657633462531
-19.729783080722179,-9.9810295163663341,150.67296861966261,2.6012092883729325,0.0017950956429711124
-19.772652122424908,-9.9553128198137095,150.72295965105599,2.6012993352390756,0.001807425129906295
-19.815523487585626,-9.9295999968004178,150.77295068244939,2.6013899984593594,0.0018197542331331383
-19.85839719170006,-9.9038910739612476,150.82294171384277,2.6014812780148246,0.0018320829615981755
-19.901273250255969,-9.878186077934636,150.87293274523614,2.6015731738869601,0.0018444113242127855
-19.944151678733377,-9.8524850353625304,150.92292377662955,2.6016656860576983,0.001856739329853082
-19.987032492604762,-9.8267879728903473,150.97291480802292,2.6017588145094148,0.0018690669873597508
-20.029915707334506,-9.8010949171672692,151.0229058394163,2.6018525592249264,0.0018813943055377364
-20.072801338379183,-9.7754058948461306,151.0728968708097,2.6019469201874892,0.0018937212931561223
-20.11568940118762,-9.7497209325834042,151.12288790220308,2.6020418973807966,0.0019060479589479529
-20.158579911200516,-9.7240400570394225,151.17287893359645,2.6021374907889774,0.0019183743116099597
-20.201472883850656,-9.6983632948783161,151.22286996498985,2.602233700396595,0.0019307003598024041
-20.244368334562871,-9.672690672768022,151.27286099638323,2.602330526188644,0.0019430261121489041
-20.287266278753901,-9.6470222173804228,151.32285202777661,2.6024279681505496,0.0019553515772361904
-20.330166731832247,-9.621357955391419,151.37284305917001,2.6025260262681651,0.0019676767636138859
-20.373069709198528,-9.5956979134807874,151.42283409056338,2.6026247005277705,0.0019800016797944047
-20.415975226245052,-9.5700421183324131,151.47282512195676,2.6027239909160711,0.0019923263342526533
-20.458883298355847,-9.5443905966343294,151.52281615335016,2.6028238974201932,0.0020046507354258476
-20.501793940906865,-9.5187433750785893,151.57280718474354,2.6029244200276853,0.0020169748917133763
-20.544707169265653,-9.4931004803615071,151.62279821613691,2.6030255587265145,0.0020292988114765237
-20.587622998791424,-9.4674619391836234,151.67278924753032,2.6031273135050648,0.0020416225030383014
-20.630541444835142,-9.4418277782496993,151.72278027892369,2.6032296843521352,0.0020539459746832661
-20.673462522739243,-9.4161980242688568,151.77277131031707,2.6033326712569389,0.0020662692346572809
-20.716386247837693,-9.3905727039546232,151.82276234171047,2.6034362742090988,0.0020785922911673088
-20.759312635456158,-9.3649518440248087,151.87275337310385,2.6035404931986483,0.0020909151523812982
-20.802241700911619,-9.3393354712018013,151.92274440449722,2.6036453282160275,0.0021032378264278528
-20.845173459512484,-9.3137236122124563,151.97273543589063,2.6037507792520813,0.0021155603213961083
-20.888107926558767,-9.2881162937880717,152.022726467284,2.6038568462980605,0.0021278826453355682
-20.931045117341579,-9.2625135426646885,152.07271749867738,2.6039635293456138,0.0021402048062557659
-20.973985047143458,-9.2369153855829058,152.12270853007078,2.6040708283867922,0.0021525268121261889
-21.016927731238287,-9.2113218492879732,152.17269956146416,2.6041787434140424,0.0021648486708760405
-21.059873184891153,-9.1857329605298741,152.22269059285756,2.6042872744202077,0.0021771703903940218
-21.102821423358218,-9.1601487460634345,152.27268162425094,2.6043964213985231,0.0021894919785281032
-21.145772461887034,-9.1345692326481434,152.32267265564431,2.6045061843426165,0.0022018134430854147
-21.188726315716121,-9.1089944470484507,152.37266368703771,2.6046165632465046,0.0022141347918319385
-21.231683000075002,-9.0834244160337416,152.42265471843109,2.6047275581045906,0.0022264560324923247
-21.274642530184533,-9.0578591663781669,152.47264574982447,2.6048391689116639,0.0022387771727497966
-21.317604921256297,-9.0322987248610271,152.52263678121787,2.6049513956628965,0.0022510982202457834
-21.360570188492872,-9.006743118266618,152.57262781261124,2.6050642383538407,0.002263419182579805
-21.403538347087927,-8.9811923733842143,152.62261884400462,2.6051776969804288,0.0022757400673093027
-21.446509412225851,-8.9556465170083062,152.67260987539802,2.605291771538969,0.0022880608819493384
-21.489483399081873,-8.930105575938537,152.7226009067914,2.6054064620261443,0.0023003816339724425
-21.532460322822178,-8.9045695769796378,152.77259193818477,2.6055217684390106,0.0023127023308084612
-21.575440198603513,-8.879038546941727,152.82258296957818,2.6056376907749939,0.0023250229798442257
-21.618423041573418,-8.8535125126401439,152.87257400097155,2.6057542290318882,0.0023373435884234454
-21.661408866870232,-8.8279915008954966,152.92256503236493,2.6058713832078535,0.0023496641638465071
-21.704397689622773,-8.8024755385338569,152.97255606375833,2.6059891533014139,0.0023619847133701903
-21.747389524950403,-8.7769646523867308,153.02254709515171,2.6061075393114557,0.0023743052442074955
-21.790384387963304,-8.7514588692909321,153.07253812654508,2.6062265412372234,0.0023866257635275232
-21.833382293761897,-8.7259582160889195,153.12252915793849,2.6063461590783201,0.0023989462784551169
-21.876383257437208,-8.7004627196286375,153.17252018933186,2.6064663928347027,0.0024112667960707666
-21.919387294070724,-8.6749724067635814,153.22251122072524,2.6065872425066825,0.0024235873234103814
-21.962394418734217,-8.6494873043529168,153.27250225211864,2.6067087080949198,0.0024359078674650431
-22.005404646489826,-8.6240074392614918,153.32249328351202,2.6068307896004246,0.0024482284351808208
-22.048417992390142,-8.5985328383597626,153.37248431490539,2.6069534870245517,0.0024605490334586159
-22.091434471477829,-8.5730635285240488,153.4224753462988,2.6070768003690015,0.0024728696691538473
-22.134454098785813,-8.5475995366364259,153.47246637769217,2.6072007296358137,0.0024851903490763212
-22.17747688933737,-8.5221408895847226,153.52245740908555,2.6073252748273696,0.0024975110799900428
-22.220502858145718,-8.496687614262731,153.57244844047895,2.6074504359463857,0.0025098318686129209
-22.26353202021421,-8.4712397375701656,153.62243947187233,2.6075762129959141,0.0025221527216166095
-22.306564390536352,-8.4457972864126081,153.6724305032657,2.6077026059793393,0.0025344736456263325
-22.349599984095612,-8.4203602877016905,153.72242153465911,2.6078296149003752,0.0025467946472206167
-22.392638815865364,-8.3949287683550935,153.77241256605248,2.6079572397630644,0.0025591157329310959
-22.435680900809018,-8.3695027552965318,153.82240359744586,2.6080854805717739,0.0025714369092423315
-22.478726253879799,-8.3440822754558646,153.87239462883926,2.6082143373311935,0.002583758182591568
-22.521774890020744,-8.31866735576914,153.92238566023264,2.608343810046335,0.0025960795593685223
-22.564826824164896,-8.2932580231784758,153.97237669162601,2.6084738987225271,0.0026084010459152466
-22.607882071234755,-8.2678543046323991,154.02236772301941,2.6086046033654147,0.0026207226485257785
-22.650940646142743,-8.2424562270856008,154.07235875441279,2.6087359239809569,0.0026330443734460625
-22.69400256379102,-8.2170638174990476,154.12234978580619,2.6088678605754225,0.0026453662268737109
-22.737067839071045,-8.1916771028402504,154.17234081719957,2.6090004131553899,0.0026576882149576759
-22.780136486864201,-8.1662961100829339,154.22233184859294,2.6091335817277437,0.0026700103437982217
-22.82320852204138,-8.140920866207269,154.27232287998635,2.6092673662996715,0.0026823326194466146
-22.866283959462706,-8.1155513982000418,154.32231391137972,2.6094017668786624,0.0026946550479048544
-22.909362813978074,-8.0901877330544014,154.3723049427731,2.6095367834725054,0.0027069776351255977
-22.952445100426718,-8.0648298977700676,154.4222959741665,2.6096724160892841,0.0027193003870118714
-22.995530833636991,-8.0394779193535104,154.47228700555988,2.6098086647373768,0.0027316233094167833
-23.038620028426969,-8.0141318248175981,154.52227803695325,2.6099455294254539,0.0027439464081434996
-23.08171269960383,-7.9887916411819591,154.57226906834666,2.6100830101624739,0.0027562696889448868
-23.124808861963825,-7.9634573954730445,154.62226009974003,2.6102211069576806,0.0027685931575232711
-23.167908530292671,-7.9381291147238819,154.67225113113341,2.6103598198206033,0.002780916819530375
-23.211011719365199,-7.9128068259743092,154.72224216252681,2.6104991487610523,0.0027932406805670018
-23.254118443945092,-7.8874905562711337,154.77223319392019,2.6106390937891155,0.0028055647461827662
-23.297228718785412,-7.8621803326678226,154.82222422531356,2.6107796549151581,0.0028178890218760449
-23.340342558628187,-7.8368761822247981,154.87221525670697,2.6109208321498185,0.0028302135130936447
-23.383459978204151,-7.8115781320095596,154.92220628810034,2.6110626255040055,0.0028425382252305412
-23.426580992233273,-7.7862862090963931,154.97219731949372,2.6112050349888971,0.0028548631636298224
-23.469705615424434,-7.7610004405665878,155.02218835088712,2.611348060615938,0.0028671883335823919
-23.512833862475041,-7.7357208535086679,155.0721793822805,2.6114917023968331,0.0028795137403266552
-23.555965748071511,-7.7104474750181042,155.12217041367387,2.6116359603435506,0.0028918393890484599
-23.599101286889148,-7.6851803321974099,155.17216144506727,2.6117808344683162,0.0029041652848808613
-23.642240493591625,-7.6599194521564717,155.22215247646065,2.6119263247836093,0.0029164914329037487
-23.685383382831585,-7.634664862012162,155.27214350785403,2.6120724313021637,0.0029288178381438523
-23.728529969250175,-7.6094165888886636,155.32213453924743,2.6122191540369628,0.0029411445055743737
-23.771680267477009,-7.5841746599174868,155.3721255706408,2.612366493001236,0.0029534714401147815
-23.814834292130389,-7.5589391022373507,155.42211660203418,2.6125144482084592,0.0029657986466306704
-23.857992057817146,-7.5337099429942782,155.47210763342758,2.612663019672349,0.0029781261299335234
-23.901153579132263,-7.5084872093418298,155.52209866482096,2.6128122074068609,0.0029904538947803823
-23.944318870659362,-7.4832709284408452,155.57208969621433,2.6129620114261876,0.0030027819458737885
-23.987487946970461,-7.4580611274595645,155.62208072760774,2.6131124317447556,0.0030151102878615142
-24.030660822625567,-7.4328578335738911,155.67207175900111,2.6132634683772218,0.0030274389253362381
-24.073837512173245,-7.4076610739670734,155.72206279039449,2.6134151213384711,0.0030397678628354919
-24.117018030150252,-7.3824708758299176,155.77205382178789,2.613567390643615,0.0030520971048413723
-24.160202391081256,-7.3572872663609559,155.82204485318127,2.613720276307987,0.0030644266557802338
-24.203390609479257,-7.3321102727662124,155.87203588457464,2.6138737783471395,0.0030767565200226226
-24.246582699845408,-7.3069399222593283,155.92202691596805,2.614027896776844,0.0030890867018830005
-24.289778676668512,-7.2817762420618406,155.97201794736142,2.6141826316130845,0.0031014172056194073
-24.332978554425736,-7.256619259402787,156.02200897875483,2.6143379828720579,0.0031137480354334552
-24.376182347582066,-7.2314690015190362,156.0720000101482,2.6144939505701688,0.0031260791954699687
-24.419390070590168,-7.2063254956553529,156.12199104154158,2.6146505347240265,0.003138410689816737
-24.462601737890893,-7.1811887690641321,156.17198207293498,2.6148077353504462,0.0031507425225044414
-24.50581736391262,-7.1560588490057704,156.22197310432836,2.6149655524664408,0.0031630746975062855
-24.549036963071522,-7.1309357627485515,156.27196413572173,2.615123986089221,0.0031754072187378276
-24.592260549771574,-7.1058195375685935,156.32195516711514,2.6152830362361921,0.0031877400900568197
-24.635488138404305,-7.0807102007500458,156.37194619850851,2.6154427029249505,0.0032000733152628834
-24.678719743348793,-7.0556077795850776,156.42193722990189,2.6156029861732804,0.0032124068980973379
-24.72195537897187,-7.0305123013737667,156.47192826129529,2.6157638859991534,0.0032247408422430247
-24.765195059627668,-7.0054237934243657,156.52191929268866,2.6159254024207219,0.0032370751513239866
-24.808438799657839,-6.9803422830531776,156.57191032408204,2.6160875354563191,0.003249409828905315
-24.851686613391514,-6.9552677975846047,156.62190135547544,2.6162502851244542,0.0032617448784929234
-24.894938515145178,-6.930200364351192,156.67189238686882,2.6164136514438114,0.0032740803035333178
-24.938194519222488,-6.9051400106937679,156.72188341826219,2.6165776344332441,0.0032864161074133221
-24.981454639914556,-6.8800867639612635,156.7718744496556,2.6167422341117743,0.0032987522934599537
-25.024718891499631,-6.8550406515109064,156.82186548104897,2.6169074504985899,0.003311088864940131
-25.067987288243046,-6.830001700708265,156.87185651244235,2.6170732836130379,0.0033234258250604337
-25.111259844397463,-6.8049699389270941,156.92184754383575,2.6172397334746269,0.0033357631769669769
-25.154536574202442,-6.7799453935496015,156.97183857522913,2.6174068001030193,0.0033481009237450745
-25.197817491884592,-6.7549280919663595,157.0218296066225,2.6175744835180312,0.0033604390684190601
-25.24110261165761,-6.7299180615762619,157.07182063801591,2.617742783739629,0.0033727776139521109
-25.284391947721982,-6.7049153297867523,157.12181166940928,2.6179117007879236,0.0033851165632459274
-25.327685514265113,-6.6799199240136939,157.17180270080266,2.6180812346831712,0.0033974559191405794
-25.370983325461381,-6.6549318716813843,157.22179373219606,2.6182513854457681,0.0034097956844142971
-25.414285395471691,-6.6299512002227834,157.27178476358944,2.6184221530962475,0.003422135861783139
-25.457591738443838,-6.6049779370793296,157.32177579498281,2.6185935376552769,0.0034344764539008827
-25.500902368512342,-6.5800121097010091,157.37176682637622,2.6187655391436553,0.0034468174633587719
-25.544217299798241,-6.5550537455465143,157.42175785776959,2.6189381575823099,0.0034591588926852308
-25.587536546409147,-6.5301028720831713,157.47174888916297,2.6191113929922909,0.0034715007443456925
-25.630860122439394,-6.5051595167868976,157.52173992055637,2.619285245394773,0.0034838430207423938
-25.67418804196954,-6.4802237071424393,157.57173095194975,2.6194597148110468,0.0034961857242140652
-25.717520319066701,-6.4552954706432306,157.62172198334312,2.6196348012625199,0.003508528857035776
-25.760856967784484,-6.4303748347913974,157.67171301473653,2.6198105047707116,0.0035208724214187224
-25.804198002162639,-6.4054618270979731,157.7217040461299,2.61998682535725,0.0035332164195099065
-25.847543436227255,-6.3805564750827788,157.77169507752328,2.6201637630438679,0.0035455608533919913
-25.890893283990756,-6.3556588062744241,157.82168610891668,2.6203413178524033,0.0035579057250830705
-25.934247559451659,-6.3307688482104556,157.87167714031006,2.6205194898047912,0.0035702510365363993
-25.977616170944714,-6.3059038861958125,157.92166817170346,2.6219052551282727,0.052419806949829589
-26.021049802381945,-6.2811527295535461,157.97165920309683,2.6257660465346606,0.10211935725196043
-26.06460924136254,-6.256623766029513,158.02165023449021,2.6321258687775391,0.15244894038567186
-26.10835437283999,-6.2324276881476699,158.07164126588361,2.6410235169081853,0.2036962626296544
-26.152343639856255,-6.2086785807048948,158.12163229727699,2.6525114100940095,0.25611631050236905
-26.196633373125941,-6.1854949425698003,158.17162332867036,2.6666535676772285,0.30991512351735229
-26.241276945318479,-6.1630006010277736,158.22161436006377,2.6835226610413345,0.36522887886322924
-26.286323707799699,-6.1413254588204582,158.27160539145714,2.7031958843544506,0.42209744865058141
-26.331817673797136,-6.1206059914531314,158.32159642285052,2.7257493578365248,0.48043215802737332
-26.37779592551767,-6.100985386610617,158.37158745424392,2.7512507875896897,0.53997852853853434
-26.424286747240117,-6.0826131918064075,158.4215784856373,2.7797501851501396,0.6002765097708388
-26.471307525387289,-6.0656443165777461,158.47156951703067,2.811268633606975,0.66062316584458214
-26.518862512213044,-6.0502372309314438,158.52156054842408,2.8457854098494311,0.72004582139080675
-26.566940620501892,-6.036551224874632,158.57155157981745,2.8832242494356684,0.77729664716253022
-26.615513494502451,-6.0247426584290302,158.62154261121083,2.9234401395240828,0.83088130386545311
-26.664534170064602,-6.0149602475157984,158.67153364260423,2.9662086352822432,0.87913273712009166
-26.713936668561352,-6.0073395970372552,158.72152467399761,3.0112201114250716,0.9203347592041401
-26.763636835101615,-6.0019973870697143,158.77151570539098,3.0580813161837854,0.95288819256009394
-26.813534610578337,-5.9990257964521305,158.82150673678439,3.1063258622356833,0.97549731887115843
-26.863517756791261,-5.998482336921537,158.87149776817776,-3.1282984906904976,0.95178914998788722
-26.913470607869339,-6.0003170267159369,158.92148879957114,-3.0818158469303683,0.90942024568089241
-26.963288667562164,-6.0044219241193328,158.97147983096454,-3.0372236383373368,0.87600656582744496
-27.0128793115158,-6.0107055552173909,159.02147086235792,-2.9940955942643916,0.85071833174273592
-27.062157892243327,-6.0190934354050443,159.07146189375129,-2.9520428852164695,0.8328874710467089
-27.111044439193922,-6.0295266997743253,159.12145292514469,-2.9107061102453122,0.82200338028054709
-27.159460827349918,-6.041960818765963,159.17144395653807,-2.8697476560498485,0.81770313874812905
-27.207328259138258,-6.0563644250241904,159.22143498793145,-2.8288446029563152,0.81975980901564571
-27.254564930640861,-6.0727182420853287,159.27142601932485,-2.7876822300071176,0.82807027334314687
-27.301083775261883,-6.0910140802491766,159.32141705071822,-2.7459481372105721,0.84264260872340346
-27.346790197198448,-6.1112538434394255,159.3714080821116,-2.7033270314604447,0.86358188802262181
-27.39157972567288,-6.1334484686178801,159.421399113505,-2.6594963046268978,0.89107222908402772
-27.43533554258331,-6.1576166931814234,159.47139014489838,-2.6141226705663554,0.92535170278851009
-27.477925866247013,-6.1837835136636308,159.52138117629175,-2.5668603327285813,0.9666752441831058
-27.519201219517008,-6.2119781605048701,159.57137220768516,-2.5173514386061893,1.0152590125618979
-27.558991681427774,-6.2422313711091268,159.62136323907853,-2.4652299472190258,1.0711980118414435
-27.597104329392053,-6.2745717048360055,159.67135427047191,-2.4101304704149173,1.1343480287751064
-27.633321235185349,-6.3090206264201925,159.72134530186531,-2.3517040658613708,1.2041647800894677
-27.667410536764706,-6.3455754023200894,159.77133633325869,-2.2909326640496239,1.2098245134891685
-27.699229935648173,-6.3841225333726994,159.82132736465209,-2.2310145884455514,1.1860331681424969
-27.728710633278396,-6.4244868462747595,159.87131839604547,-2.1724667211302564,1.1552808000118737
-27.75581342437513,-6.4664852785570748,159.92130942743884,-2.1155947800733137,1.1192750424978779
-27.780525912971019,-6.509933715525869,159.97130045883225,-2.0606179889571221,1.0797429341491269
-27.802858870422821,-6.5546523742097342,160.02129149022562,-2.0076716238258285,1.0382974133133491
-27.82284191937536,-6.6004698639987955,160.071282521619,-1.956815095893192,0.99635010544163161
-27.840519046188614,-6.6472259017713533,160.1212735530124,-1.9080432360526556,0.95506947968113531
-27.855944321913771,-6.6947728163340132,160.17126458440578,-1.861298709615228,0.91537564276704064
-27.869178073233815,-6.7429760614933452,160.22125561579915,-1.8164840172116719,0.87796013497062386
-27.880283620868578,-6.7917139810820641,160.27124664719256,-1.7734721144226462,0.84331973655894177
-27.889324608775922,-6.8408770527004243,160.32123767858593,-1.7321151752063531,0.81179574117118791
-27.896362885568003,-6.8903667990042941,160.37122870997931,-1.6922513790636444,0.78361303113144021
-27.901456865256961,-6.9400945104886089,160.42121974137271,-1.6537098196125199,0.75891581292896004
-27.904660280412919,-6.98997988074448,160.47121077276609,-1.6163137396029412,0.73779874408125823
-27.906021239823097,-7.0399496181348438,160.52120180415946,-1.5798823278058272,0.72033340975537741
-27.90558150902195,-7.0899360684648904,160.57119283555286,-1.544231295364666,0.70659082580531041
-27.903379828136508,-7.1398760754392958,160.62118386694624,-1.5095066422972054,0.67724214986530606
-27.899489768943688,-7.1897132637945678,160.67117489833961,-1.476616653838241,0.63819467709213662
-27.894012337593193,-7.23940131355931,160.72116592973302,-1.4457319619504141,0.59714366415717202
-27.887054515270062,-7.2889040326594507,160.77115696112639,-1.4169343255903029,0.55480924341440874
-27.878726657934909,-7.3381950252408892,160.82114799251977,-1.3902720610596717,0.51180652124603965
-27.869140506728421,-7.3872570659477184,160.87113902391317,-1.3657655945727503,0.46863546764876735
-27.858407596500999,-7.4360812791493309,160.92113005530655,-1.3434132487479167,0.42568114744196117
-27.846638058236383,-7.484666215729316,160.97112108669992,-1.3231968251627559,0.38322112670047237
-27.833939785211882,-7.5330169010218606,161.02111211809333,-1.3050866991887686,0.34143713313621021
-27.820417918112177,-7.58114390733137,161.0711031494867,-1.2890462760049242,0.30042861553510303
-27.806174598624089,-7.6290624859815335,161.12109418088008,-1.2750357579313409,0.26022650805941938
-27.791308941594291,-7.6767917784422108,161.17108521227348,-1.2630152422172063,0.22080611770210568
-27.775917180205305,-7.7243541141746697,161.22107624366686,-1.2529472095380276,0.18209854960083285
-27.76009294490348,-7.7717743941943809,161.27106727506023,-1.2447984830696106,0.14400044942109358
-27.743927643639459,-7.8190795534382378,161.32105830645364,-1.238541742449687,0.10638208802927483
-27.727510917492879,-7.8662980911730251,161.37104933784701,-1.2341566715207954,0.069093966961006739
-27.710931151399773,-7.9134596564097537,161.42104036924039,-1.2316308073963607,0.031972211253983793
-27.694276024342855,-7.9605946737197577,161.47103140063379,-1.2309601437751543,-0.0051569364372556388
-27.677623871710775,-8.007730742462785,161.52102243202717,-1.231464186672437,-0.010410754302413094
-27.660996209032248,-8.054875455823435,161.57101346342054,-1.2319816888960697,-0.010292778483538847
-27.644392806385895,-8.1020287185511499,161.62100449481395,-1.2324932530779864,-0.010173193261510267
-27.627813386229519,-8.1491904190494857,161.67099552620732,-1.2329987992554787,-0.010052018501550844
-27.611257667115204,-8.1963604448347169,161.72098655760072,-1.2334982484800361,-0.0099292749124124616
-27.59472536373805,-8.2435386825546821,161.7709775889941,-1.2339915228593399,-0.009804984039690396
-27.578216186990328,-8.2907250179983052,161.82096862038748,-1.2344785455988081,-0.0096791682582747698
-27.561729843998442,-8.3379193361607182,161.87095965178088,-1.2349592410433017,-0.0095518507637645644
-27.545266038202996,-8.3851215211913743,161.92095068317425,-1.2354335347171814,-0.009423055563307324
-27.528824469395026,-8.4323314564733209,161.97094171456763,-1.2359013533652203,-0.0092928074652043058
-27.512404833782778,-8.4795490246215017,162.02093274596103,-1.2363626249921469,-0.0091611320678526911
-27.496006824051342,-8.526774107507288,162.07092377735441,-1.2368172789018768,-0.0090280557477445244
-27.479630129425082,-8.5740065862808788,162.12091480874778,-1.2372652457360989,-0.0088936056466059621
-27.463274435732309,-8.6212463413931353,162.17090584014119,-1.2377064575121879,-0.0087578096576821363
-27.446939425471786,-8.6684932526177345,162.22089687153456,-1.2381408476604123,-0.0086206964111763852
-27.430624777880951,-8.7157471990740394,162.27088790292794,-1.2385683510603969,-0.0084822952588550927
-27.41433016900606,-8.7630080592499109,162.32087893432134,-1.2389889040767925,-0.0083426362578345632
-27.39805527177429,-8.8102757110241381,162.37086996571472,-1.2394024445941105,-0.0082017501535667087
-27.381799756067139,-8.8575500316904066,162.42086099710809,-1.2398089120506983,-0.0080596683620350745
-27.365563288795947,-8.9048308979802577,162.4708520285015,-1.2402082474717959,-0.0079164229511874615
-27.349345533978962,-8.9521181860864978,162.52084305989487,-1.2406003935016461,-0.0077720466216210371
-27.333146152819808,-8.9994117716872672,162.57083409128825,-1.2409852944346274,-0.0076265726865411615
-27.316964803787741,-9.04671152996983,162.62082512268165,-1.2413628962453622,-0.0074800350510195127
-27.30080114269942,-9.0940173356541525,162.67081615407503,-1.2417331466177695,-0.0073324681905761009
-27.284654822801841,-9.1413290630176522,162.7208071854684,-1.242095994973037,-0.007183907129106458
-27.268525494857034,-9.1886465859190416,162.77079821686181,-1.2424513924964689,-0.0070343874161875996
-27.252412807227969,-9.2359697778225076,162.82078924825518,-1.2427992921631832,-0.0068839451037870907
-27.23631640596555,-9.2832985118225242,162.87078027964856,-1.2431396487626363,-0.0067326167224036918
-27.220235934897797,-9.3306326606661258,162.92077131104196,-1.2434724189219224,-0.0065804392566802409
-27.204171035714587,-9.3779720967915861,162.97076234243534,-1.2437975611279535,-0.0064274501204592072
-27.188121348072102,-9.4253166923123128,163.02075337382871,-1.2441150357480066,-0.0062736871315435322
-27.172086509664783,-9.4726663190997726,163.07074440522211,-1.2444248050496693,-0.0061191884856987098
-27.156066156332734,-9.5200208487645899,163.12073543661549,-1.2447268332187882,-0.0059639927305800335
-27.140059922151064,-9.5673801526938078,163.17072646800887,-1.2450210863764835,-0.0058081387391091558
-27.124067439519191,-9.614744102090734,163.22071749940227,-1.2453075325948297,-0.0056516656825073763
-27.108088339269383,-9.662112567960035,163.27070853079564,-1.2455861419108507,-0.0054946130032124526
-27.092122250747952,-9.7094854211760691,163.32069956218902,-1.2458568863396553,-0.0053370203872601532
-27.076168801919728,-9.7568625324839537,163.37069059358242,-1.2461197398857837,-0.005178927736664376
-27.060227619463802,-9.8042437725283182,163.4206816249758,-1.2463746785533345,-0.0050203751415201685
-27.044298328870916,-9.8516290118784777,163.47067265636917,-1.2466216803546708,-0.0048614028519704013
-27.028380554541734,-9.8990181210522774,163.52066368776258,-1.246860725317716,-0.0047020512500670561
-27.012473919885423,-9.9464109705399331,163.57065471915595,-1.2470917954918426,-0.0045423608215603185
-26.996578047418215,-9.9938074308288698,163.62064575054936,-1.2473148749523526,-0.0043823721276507717
-26.980692558862664,-10.041207372426873,163.67063678194273,-1.247529949803541,-0.0042221257767513136
-26.964817075246689,-10.088610665886311,163.72062781333611,-1.247737008180352,-0.0040616623962875511
-26.948951217002858,-10.136017181827789,163.77061884472951,-1.2479360402486259,-0.0039010226045798858
-26.933094604067662,-10.183426790963527,163.82060987612289,-1.248127038203944,-0.0037402469828434824
-26.917246855980842,-10.230839364120607,163.87060090751626,-1.2483099962690762,-0.0035793760473427634
-26.901407591984324,-10.278254772264516,163.92059193890967,-1.2484849106900426,-0.0034184502217352083
-26.885576431121294,-10.325672886521687,163.97058297030304,-1.2486517797307968,-0.00325750980964479
-26.86975299233476,-10.373093578202489,164.02057400169642,-1.2488106036665449,-0.0030965949674955627
-26.853936894565869,-10.420516718823965,164.07056503308982,-1.2489613847757157,-0.00293574567764209
-26.838127756851918,-10.467942180131955,164.1205560644832,-1.2491041273305916,-0.0027750017218319567
-26.822325198423769,-10.515369834123215,164.17054709587657,-1.249238837586625,-0.0026144026550309748
-26.806528838802716,-10.562799553067755,164.22053812726998,-1.2493655237704573,-0.0024539877796426399
-26.790738297897004,-10.610231209529966,164.27052915866335,-1.2494841960666534,-0.0022937961201576836
-26.774953196097382,-10.657664676390333,164.32052019005673,-1.249594866603188,-0.0021338663982574356
-26.759173154372046,-10.705099826866846,164.37051122145013,-1.2496975494356939,-0.0019742370084035229
-26.743397794360984,-10.752536534535363,164.42050225284351,-1.2497922605305047,-0.0018149459939436699
-26.727626738469212,-10.799974673350661,164.47049328423688,-1.249879017746516,-0.0016560310237549063
-26.711859609959195,-10.847414117666908,164.52048431563028,-1.249957840815894,-0.0014975293694536411
-26.696096033042476,-10.894854742257206,164.57047534702366,-1.2500287513236579,-0.0013394778831980398
-26.680335632970035,-10.942296422333889,164.62046637841704,-1.250091772686168,-0.0011819129761000649
-26.664578036121725,-10.989739033567997,164.67045740981044,-1.250146930128553,-0.0010248705972739339
-26.648822870094659,-11.037182452108063,164.72044844120381,-1.2501942506611019,-0.00086838621354077921
-26.633069763790246,-11.084626554599366,164.77043947259719,-1.2502337630546618,-0.00071249478980463742
-26.61731834750006,-11.132071218202583,164.82043050399059,-1.2502654978150693,-0.00055723077012059634
-26.601568252990386,-11.179516320612327,164.87042153538397,-1.2502894871566563,-0.0004026280594697543
-26.585819113584812,-11.22696174007736,164.92041256677734,-1.2503057649748588,-0.00024872000624970178
-26.570070564253896,-11.274407355394832,164.97040359817075,-1.2503143668179666,-9.5539385582953188e-05
-26.554322241675511,-11.321853045988664,165.02039462956412,-1.2503153298580729,5.6881616900489201e-05
-26.538573784338773,-11.369298691851622,165.0703856609575,-1.2503086928612079,0.00020851142008393095
-26.522824832606453,-11.416744173607922,165.1203766923509,-1.2502944961567595,0.0003593190620092103
-26.507075028795001,-11.464189372517641,165.17036772374428,-1.2502727816061727,0.00050927421356128984
-26.49131814683177,-11.511632220656017,165.22035875513765,-1.2497923281122305,0.022600597355297687
-26.475507624723662,-11.559057213326977,165.27034978653106,-1.2479928202915882,0.049395109214233214
-26.459580033305379,-11.606443002247643,165.32034081792443,-1.2448524463308508,0.076264920685414461
-26.443471865513825,-11.653767688716117,165.37033184931781,-1.2403644678667021,0.10332831003609171
-26.427119407653823,-11.701008489020598,165.42032288071121,-1.2345163478915353,0.13069880799526254
-26.410458571611656,-11.748141374370565,165.47031391210459,-1.2272900176280883,0.1584839562586062
-26.39342475399382,-11.795140701699266,165.52030494349796,-1.2186622154115783,0.18678364813855775
-26.37595273012445,-11.841978832870156,165.57029597489137,-1.2086049215019772,0.21568792937898457
-26.357976592271267,-11.888625741125212,165.62028700628474,-1.1970859189292939,0.24527413428470146
-26.339429743172492,-11.935048605312947,165.67027803767814,-1.1840695166842345,0.27560323493390976
-26.32024495779708,-11.981211394706376,165.72026906907152,-1.1695174773968928,0.30671529484016891
-26.30035452814796,-12.027074450191344,165.7702601004649,-1.1533901963739039,0.33862395031360354
-26.279690507585293,-12.072594071395571,165.8202511318583,-1.1356481813525841,0.37130990215361742
-26.258185072277065,-12.117722124019799,165.87024216325167,-1.1162538809434401,0.40471349783620791
-26.235771017515248,-12.162405687230979,165.92023319464505,-1.0951739022901239,0.43872663070329049
-26.212382405176271,-12.206586767336045,165.97022422603845,-1.0723816423242636,0.473184385580877
-26.187955374842229,-12.250202110700139,166.02021525743183,-1.0478603292584245,0.50785711974520964
-26.162429124272251,-12.293183155316708,166.0702062888252,-1.0216064291049933,0.54244396952591611
-26.135747054338488,-12.335456165499389,166.12019732021861,-0.99363331476462147,0.57656907854387696
-26.107858058828015,-12.376942596365577,166.17018835161198,-0.96397502391833212,0.6097820863696084
-26.078729837639777,-12.41756842378399,166.22017938300536,-0.93360510730986046,0.60381289590466247
-26.048388796175413,-12.457296714302741,166.27017041439876,-0.90361110781281118,0.59611677636105898
-26.016877485409946,-12.496103389108796,166.32016144579214,-0.87400795847840218,0.5881902798544465
-25.984238871102228,-12.533966913439556,166.37015247718551,-0.84480509123456571,0.58011590841945193
-25.950516048018404,-12.570868156280662,166.42014350857892,-0.81600795547461846,0.57197038290999336
-25.915751988045674,-12.606790231774429,166.47013453997229,-0.78761832098984219,0.56382412791521297
-25.879989322197961,-12.64171832749825,166.52012557136567,-0.75963460056261201,0.55574099537634725
-25.843270156056594,-12.675639524727941,166.57011660275907,-0.73205218111216219,0.54777819275998785
-25.80563591740902,-12.708542615150213,166.62010763415245,-0.70486375407106416,0.5399863796259522
-25.767127234248221,-12.740417917825786,166.67009866554582,-0.67805963747289744,0.53240989685225903
-25.727783840883486,-12.771257099537431,166.72008969693923,-0.65162808396938854,0.52508709499328854
-25.687644509662594,-12.801053001021188,166.7700807283326,-0.62555557059060651,0.51805073163464277
-25.646747005689754,-12.829799470995111,166.82007175972598,-0.5998270674698678,0.51132841164232101
-25.605128061903159,-12.857491209390016,166.87006279111938,-0.57442628394597073,0.50494304846186733
-25.562823371996018,-12.884123620708296,166.92005382251276,-0.54933589147065731,0.49891332880475581
-25.519867598700181,-12.909692678129431,166.97004485390613,-0.52453772347294469,0.49325416692026847
-25.476294395257,-12.934194798586443,167.02003588529954,-0.50001295301460902,0.48797713812297183
-25.432137612486052,-12.957628988282288,167.07002691669291,-0.47600166751747885,0.46546727914067093
-25.387447755193566,-12.980030223012022,167.12001794808629,-0.45359563580716983,0.43099896276458843
-25.342285468134751,-13.001463418234291,167.17000897947969,-0.43290163197050469,0.39700086560511683
-25.296706550676838,-13.021996081135773,167.22000001087306,-0.41389260095881919,0.36360523345139734
-25.250761789953437,-13.04169682835799,167.26999104226644,-0.39653626493563432,0.33089013522028043
-25.204497289459059,-13.060634822512485,167.31998207365984,-0.38079762801706324,0.29888756628541885
-25.157954852485503,-13.07887935700648,167.36997310505322,-0.36664108642353987,0.26759105756952178
-25.111172397280608,-13.096499572377351,167.41996413644659,-0.35403217804658199,0.23696245257360171
-25.064184386993784,-13.11356428671972,167.46995516784,-0.34293901767812535,0.20693769095047324
-25.017022262813679,-13.130141923504429,167.51994619923337,-0.33333346893939153,0.17743156019471387
-24.969714873142451,-13.146300521592286,167.56993723062678,-0.32519210373207597,0.14834145603585625
-24.922288895233557,-13.162107814136181,167.61992826202015,-0.31849699673893478,0.11955023815824907
-24.874769248594173,-13.177631365044739,167.66991929341353,-0.31323639751471316,0.090928291229236874
-24.827179501675843,-13.19293875358307,167.71991032480693,-0.30940531692910617,0.062334910515887958
-24.779542275207938,-13.208097799343305,167.76990135620031,-0.30700605869360148,0.033619133589725111
-24.731879647053958,-13.223176821160063,167.81989238759368,-0.30604872061990929,0.0046201401361573172
-24.684213564574055,-13.238244924580346,167.86988341898709,-0.30655168409243377,-0.024832655109300977
-24.636566271811109,-13.253372312983702,167.91987445038046,-0.30854210379603819,-0.054919681727768038
-24.588960585340025,-13.26863007620581,167.96986548177384,-0.31197050568216877,-0.077171104563322657
-24.541413528928693,-13.284069543618331,168.01985651316724,-0.31606542595413789,-0.086671564704152187
-24.493933828264449,-13.299714890855487,168.06984754456062,-0.3206374683178928,-0.096253595785611309
-24.44652997164393,-13.315588525614817,168.11983857595399,-0.3256898155586076,-0.10588094081950165
-24.399210809873551,-13.331712847940006,168.1698296073474,-0.33122377205482351,-0.11551473939050286
-24.351985558263745,-13.348110143288483,168.21982063874077,-0.33723863903629953,-0.12511375524437296
-24.304863793976125,-13.364802469948074,168.26981167013415,-0.34373160295584892,-0.13463467400137696
-24.257855448038523,-13.381811541791988,168.31980270152755,-0.35069764055093178,-0.14403247334855035
-24.21097079143037,-13.399158607561564,168.36979373292093,-0.35812944422843884,-0.15326086569450381
-24.164220414726902,-13.416864328072183,168.4197847643143,-0.36601737133676371,-0.16227281044848071
-24.117615200910809,-13.434948652929029,168.4697757957077,-0.37434942066891663,-0.17102108989371362
-24.071166291111414,-13.453430698506404,168.51976682710108,-0.38311123915411205,-0.17945893920393113
-24.024885043209039,-13.472328629077277,168.56975785849446,-0.39228616113650555,-0.18754071768950745
-23.978782983466566,-13.491659543057521,168.61974888988786,-0.40185528190680558,-0.19522260507982481
-23.932871751502169,-13.511439366388583,168.66973992128123,-0.41179756628361319,-0.20246330382349861
-23.887163039273297,-13.531682754998087,168.71973095267461,-0.42208999200750663,-0.20922472622688232
-23.841668524822968,-13.552403008237743,168.76972198406801,-0.43270772664717227,-0.21547264407085939
-23.796399801847613,-13.57361199498941,168.81971301546139,-0.44362433557218223,-0.22117727824518921
-23.751368095289834,-13.59531966034419,168.86970404685476,-0.45476851705332239,-0.22372844890031732
-23.706581983021948,-13.617529594354307,168.91969507824817,-0.46598493036423949,-0.22505184016505742
-23.662048601690053,-13.640242027670714,168.96968610964154,-0.47727394298818582,-0.22663204052202737
-23.617775422977381,-13.663457581164359,169.01967714103492,-0.48864826743688317,-0.22846421165322153
-23.573770303236397,-13.687177303939654,169.06966817242832,-0.50012040153600545,-0.23054458260944827
-23.530041503018165,-13.711402648407597,169.1196592038217,-0.51170267884567811,-0.23287033430441914
-23.486597707363853,-13.736135446649433,169.16965023521507,-0.52340731359689063,-0.23543949521127691
-23.443448046890779,-13.761377887722759,169.21964126660848,-0.53524644063978866,-0.23825084571177271
-23.400602119696266,-13.787132495578923,169.26963229800185,-0.54723215077906506,-0.24130382883226995
-23.35807001409329,-13.813402107270987,169.31962332939523,-0.55937652176289498,-0.24459846531732102
-23.315862332166418,-13.840189851146418,169.36961436078863,-0.57169164509687864,-0.24813527115453315
-23.273990214133704,-13.867499124714861,169.41960539218201,-0.58418964875950452,-0.25191517578113304
-23.232465363507977,-13.895333571863025,169.46959642357541,-0.59688271580096453,-0.25593943928129459
-23.191300072905253,-13.923697059168573,169.51958745496879,-0.60978309876166392,-0.26020956694799313
-23.150507250531398,-13.952593650923752,169.56957848636216,-0.62290312970380823,-0.26472721959608297
-23.110100447155265,-13.982027582599017,169.61956951775556,-0.63625522562753467,-0.26949411804762546
-23.070093883450653,-14.012003232398689,169.66956054914894,-0.64985188893212542,-0.2745119402105915
-23.030502477517018,-14.042525090574628,169.71955158054232,-0.6637057025147115,-0.27978220918506042
-22.991341872353225,-14.073597726149027,169.76954261193572,-0.6778293190183371,-0.28530617084894427
-22.952628463005631,-14.10522575069206,169.81953364332909,-0.69223544366593615,-0.29108465941343331
-22.914379423056307,-14.137413778793599,169.86952467472247,-0.70693681004261288,-0.29711794950665693
-22.87661273005611,-14.17016638486389,169.91951570611587,-0.72194614811846525,-0.30340559345627599
-22.839347189434783,-14.203488055901328,169.96950673750925,-0.73727614374243877,-0.30994624261431736
-22.802602456342683,-14.237383139874362,170.01949776890262,-0.75293938878591826,-0.31673745181762891
-22.766399054796082,-14.271855789379133,170.06948880029603,-0.7689483210768131,-0.32377546642457272
-22.730758393405146,-14.306909900263328,170.1194798316894,-0.78531515324866996,-0.33105499183568393
-22.695702776866206,-14.342549044948363,170.16947086308278,-0.80205178963981349,-0.33856894601511967
-22.66125541230296,-14.37877640023504,170.21946189447618,-0.81916973042044416,-0.34630819630242604
-22.62744040943624,-14.415594669456423,170.26945292586956,-0.8366799622146468,-0.35426128276329166
-22.59428277346257,-14.453005998938163,170.31944395726293,-0.854592834624612,-0.36241413148772306
-22.561808389430364,-14.491011888846403,170.36943498865634,-0.87291792226709863,-0.3707497626132728
-22.530043996818076,-14.529613098654774,170.41942602004971,-0.89166387221054066,-0.37924799942735149
-22.499017152954227,-14.568809547641486,170.46941705144309,-0.9108382370625856,-0.3878851866648399
-22.468756183884576,-14.608600211033597,170.51940808283649,-0.93044729440897256,-0.39663392802155867
-22.439290121285584,-14.648983012659029,170.56939911422987,-0.95049585385659241,-0.40546285488201739
-22.410648624066866,-14.689954715234789,170.61939014562324,-0.97098705358195159,-0.41433644020385979
-22.382861883402349,-14.73151080971544,170.66938117701665,-0.99192214902951414,-0.42321487327044166
-22.355960510104985,-14.773645405421064,170.71937220841002,-1.0133002972189864,-0.4320540124311486
-22.329974433084381,-14.816350542635496,170.7693632398034,-1.0350057588493775,-0.4333318101664686
-22.304919177352193,-14.85960838002911,170.8193542711968,-1.0565745228814718,-0.42955206360551301
-22.28079850526791,-14.903394236544806,170.86934530259018,-1.0779513200035371,-0.42565585824069652
-22.25761491656576,-14.947683411476758,170.91933633398355,-1.0991309371901665,-0.42166742113375577
-22.235369986260793,-14.992451420620549,170.96932736537696,-1.120109351497578,-0.41761011339924481
-22.214064430174957,-15.037674054574923,171.01931839677033,-1.1408836834230831,-0.41350629997207017
-22.193698171924424,-15.083327429471165,171.06930942816371,-1.1614521444297381,-0.40937724798400088
-22.174270410455815,-15.129388030425281,171.11930045955711,-1.1818139800990834,-0.40524305212751788
-22.155779687420253,-15.175832747878321,171.16929149095049,-1.2019694101770759,-0.4011225849556509
-22.138223953716647,-15.222638907156604,171.21928252234386,-1.2219195667112897,-0.3970334697464461
-22.12160063463919,-15.269784291616228,171.26927355373726,-1.2416664313422214,-0.39299207337641445
-22.10590669315286,-15.317247159777214,171.31926458513064,-1.2612127726816393,-0.38901351656969124
-22.091138690893018,-15.365006256921397,171.36925561652404,-1.2805620845961863,-0.38511169889973085
-22.077292846617208,-15.413040821481127,171.41924664791742,-1.299718526019475,-0.38129933602015181
-22.064365091795729,-15.461330586917009,171.46923767931079,-1.3186868629420325,-0.37758800671303694
-22.052351123267709,-15.509855779216293,171.5192287107042,-1.3374724128858895,-0.3739882075700392
-22.0412464527646,-15.558597110740003,171.56921974209757,-1.3560809923107597,-0.37050941327870163
-22.031046453297098,-15.607535770644395,171.61921077349095,-1.3745188671100319,-0.36716014074453446
-22.021746402361355,-15.656653412381738,171.66920180488435,-1.3927927063909709,-0.36394801547827565
-22.013341522007437,-15.705932138552782,171.71919283627773,-1.4109095395810449,-0.36087983891070247
-22.005827015796704,-15.755354483578609,171.7691838676711,-1.4288767169244938,-0.35796165548937781
-21.999198102748878,-15.804903394382931,171.81917489906451,-1.4467018732883501,-0.35519881862093555
-21.99345004835877,-15.854562209440864,171.86916593045788,-1.4643928952272505,-0.35259605468462579
-21.988578192795952,-15.904314636426211,171.91915696185126,-1.4819578911859428,-0.35015752450559007
-21.984577976403756,-15.954144728687483,171.96914799324466,-1.4994051647012951,-0.34788688181143523
-21.981444962620284,-16.004036860752695,172.01913902463804,-1.5167431904432878,-0.34578732831368109
-21.979174858445653,-16.053975703039704,172.06913005603141,-1.5339805929198631,-0.34386166515488292
-21.977763532578841,-16.103946195922735,172.11912108742482,-1.5511261276586175,-0.34211234054442524
-21.97720703134393,-16.153933523297543,172.16911211881819,-1.5681886646757628,-0.34054149347170637
-21.977501592520827,-16.20392308570208,172.21910315021157,-1.5851771740159981,-0.33915099343924032
-21.978643657186939,-16.253900473218742,172.26909418160497,-1.602100713208684,-0.33794247619134216
-21.980629879670545,-16.303851438053936,172.31908521299835,-1.6189684163780929,-0.33691737545133521
-21.983457135704125,-16.353761867006952,172.36907624439172,-1.6357894848588317,-0.33607695068760185
-21.987122528858112,-16.403617753816526,172.41906727578512,-1.6525731790966711,-0.33542231094464015
-21.991623395323348,-16.453405171440025,172.4690583071785,-1.6693288116429776,-0.33495443477469267
-21.996957304362692,-16.503110244616671,172.51904933857188,-1.6860646193324649,-0.33436935984666061
-22.003120760012706,-16.552719288538665,172.56904036996528,-1.7027235527726965,-0.33210966915788653
-22.010106967245228,-16.602219178553529,172.61903140135865,-1.7192699017517623,-0.32986632641755348
-22.017908464467279,-16.65159714540729,172.66902243275203,-1.7357046533000582,-0.32764606138182872
-22.026517666099664,-16.70084071726383,172.71901346414543,-1.752029121483341,-0.32545522821965073
-22.035926886742612,-16.749937713355479,172.76900449553881,-1.7682449286761399,-0.32329980797334895
-22.046128363906476,-16.79887623642928,172.81899552693218,-1.7843539870273417,-0.32118541372029358
-22.057114279286655,-16.847644664121514,172.86898655832559,-1.8003584802435157,-0.31911729805988964
-22.068876778574982,-16.896231639386993,172.91897758971896,-1.8162608457969844,-0.31710036256513552
-22.081407989811638,-16.944626060104554,172.96896862111234,-1.8320637576483587,-0.31513916885679416
-22.094700040290967,-16.992817067972769,173.01895965250574,-1.8477701095566572,-0.31323795097998414
-22.108745072043121,-17.04079403680155,173.06895068389912,-1.8633829990342101,-0.31140062878673891
-22.123535255920878,-17.088546560300429,173.11894171529249,-1.8789057119902495,-0.30963082205274944
-22.139062804325995,-17.136064439454319,173.1689327466859,-1.8943417080932794,-0.307931865081779
-22.155319982614305,-17.183337669571227,173.21892377807927,-1.9096946068709966,-0.30630682157614042
-22.172299119222167,-17.230356427079414,173.26891480947268,-1.9249681745561629,-0.30475849957588264
-22.189992614559209,-17.277111056144232,173.31890584086605,-1.9401663116773997,-0.30328946629255232
-22.208392948713477,-17.323592055167367,173.36889687225943,-1.955293041385562,-0.30190206268526704
-22.227492688016323,-17.369790063226386,173.41888790365283,-1.9703524984996226,-0.30059841764709683
-22.247284490514105,-17.415695846505766,173.46887893504621,-1.9853489192496707,-0.29938046168842003
-22.267761110392854,-17.461300284764594,173.51886996643958,-2.0002866316891672,-0.29824994002081773
-22.288915401407124,-17.506594357893849,173.56886099783299,-2.015170046748342,-0.29720842495992456
-22.310740319325497,-17.551569132533611,173.61885202922636,-2.0300036498712513,-0.29625732758081091
-22.333228923511626,-17.5962157489455,173.66884306061974,-2.0447919932511076,-0.29539790856601367
-22.356374377579485,-17.640525407953106,173.71883409201314,-2.0595396885514763,-0.29463128820514234
-22.380169949235384,-17.684489358137434,173.76882512340651,-2.074251400122713,-0.29395845550488936
-22.404609009312061,-17.728098883246492,173.81881615479989,-2.0889318386473885,-0.29338027638080366
-22.429685030034943,-17.771345289855699,173.86880718619329,-2.1035857551732313,-0.29289750090637384
-22.45539158254325,-17.814219895285827,173.91879821758667,-2.1182179354816788,-0.29251076960031086
-22.481722333695277,-17.856714015802371,173.96878924898004,-2.1328331947452397,-0.29222061873647937
-22.508671042208405,-17.898818955154734,174.01878028037345,-2.1474363724386643,-0.29202748466390127
-22.536231554099519,-17.940525993380625,174.06877131176682,-2.1620323274226774,-0.29193170712745631
-22.56439779748089,-17.981826375955606,174.1187623431602,-2.1766259331712208,-0.29193353158009283
-22.593163776759209,-18.022711303347105,174.1687533745536,-2.1912220731066543,-0.29203311047966568
-22.622523566182117,-18.0631719208851,174.21874440594698,-2.2058256359548585,-0.29223050356435198
-22.652471302797121,-18.103199309049081,174.26873543734035,-2.2204415110969591,-0.2925256771008421
-22.683001178815132,-18.142784474163754,174.31872646873376,-2.2350745838563482,-0.2929185021005119
-22.714107433390261,-18.181918339530007,174.36871750012713,-2.2497297306706572,-0.2934087514993749
-22.745784343823054,-18.220591737015287,174.41870853152051,-2.2644118140966372,-0.29399609629855239
-22.778026216194281,-18.258795399131092,174.46869956291391,-2.2791256775962121,-0.29468010066327566
-22.810827375434442,-18.29651995162661,174.51869059430729,-2.2938761400514887,-0.29546021598018707
-22.84418215483397,-18.33375590663065,174.56868162570066,-2.3086679899565574,-0.29633577387508903
-22.878084884999335,-18.370493656377629,174.61867265709407,-2.3235059792344579,-0.29730597819648213
-22.912529882260259,-18.406723467556308,174.66866368848744,-2.3383948166277744,-0.29836989597433855
-22.947511436533276,-18.442435476322608,174.71865471988082,-2.3533391606117751,-0.29952644736874845
-22.983023798649374,-18.477619684023185,174.76864575127422,-2.3683436117804075,-0.30077439462958067
-23.019061167153762,-18.512265953678234,174.8186367826676,-2.383412704656183,-0.30211233009612892
-23.055617674588305,-18.54636400727669,174.86862781406097,-2.3985508988768518,-0.30353866327518991
-23.092687373270753,-18.579903423941026,174.91861884545438,-2.4137625697142076,-0.30505160704719841
-23.130264220586824,-18.612873639021515,174.96860987684775,-2.4290519978827647,-0.30664916306304713
-23.168342063815885,-18.64526394418397,175.01860090824113,-2.444423358599654,-0.30832910640924449
-23.206914624515967,-18.677063488558591,175.06859193963453,-2.4598807098616988,-0.31008896963618277
-23.245975482498384,-18.708261281020015,175.11858297102791,-2.475427979910434,-0.31192602626350346
-23.285518059428448,-18.73884619367135,175.16857400242131,-2.4910689538621682,-0.31383727389795951
-23.325535602095854,-18.768806966607613,175.21856503381468,-2.5068072594876538,-0.31581941712273254
-23.36602116540206,-18.798132214032567,175.26855606520806,-2.5226463521330613,-0.3178688503425659
-23.406967595151592,-18.82681043182626,175.31854709660146,-2.5385894987960937,-0.31998164079809899
-23.448367510628565,-18.854830006578773,175.36853812799484,-2.5546397613376683,-0.32215351198593067
-23.490213287183018,-18.882179226270953,175.41852915938821,-2.5707999789136284,-0.32437982776308238
-23.532497038766419,-18.90884629257009,175.46852019078162,-2.5870727496099573,-0.32665557743026113
-23.575210600605502,-18.934819334874948,175.51851122217499,-2.6034604113741135,-0.32897536213139073
-23.618345512086556,-18.960086426148798,175.56850225356837,-2.6199650223025608,-0.3313333829303638
-23.661893000013386,-18.98463560062309,175.61849328496177,-2.636588340394145,-0.33372343095845347
-23.705843962259642,-19.00845487335615,175.66848431635515,-2.6533318028402784,-0.33613888004280718
-23.75018895217211,-19.031532261805168,175.71847534774852,-2.6701965050681529,-0.33857268226541837
-23.794918163610092,-19.053855809284492,175.76846637914193,-2.6871831795913041,-0.34101736689111978
-23.840021417020939,-19.075413610449782,175.8184574105353,-2.7042921749371729,-0.34346504313928694
-23.885488146590468,-19.096193838724574,175.86844844192868,-2.7215234348029904,-0.34590740725328328
-23.931307388703047,-19.116184775668984,175.91843947332208,-2.73887647768567,-0.34833575432126901
-23.977467771889934,-19.135374842233887,175.96843050471546,-2.7563503772293525,-0.35074099527576769
-24.02395750848612,-19.153752631835872,176.01842153610883,-2.7739437435688443,-0.35311367946499461
-24.070764388098311,-19.171306945114026,176.06841256750224,-2.7916547059199788,-0.3554440231315516
-24.117875773277561,-19.18802682631733,176.11840359889561,-2.8094808967936076,-0.3577219440818632
-24.165278597357112,-19.20390160107096,176.16839463028899,-2.8274194380589446,-0.35993710272403151
-24.212959365247482,-19.21892091396899,176.21838566168239,-2.8454672112999986,-0.36211882427450853
-24.260904207256566,-19.233074593521579,176.26837669307577,-2.8636301023532273,-0.36458633243172489
-24.3090990472367,-19.246352052460956,176.31836772446914,-2.881925165410586,-0.36740553763133604
-24.357529618129213,-19.258742055490071,176.36835875586254,-2.9003698150217652,-0.37056974940964094
-24.406181396396676,-19.270232728109395,176.41834978725592,-2.9189811293328538,-0.37407217053925207
-24.455039534757702,-19.280811573653345,176.4683408186493,-2.9377758402956164,-0.3779057171326643
-24.504088794705297,-19.290465494287542,176.5183318500427,-2.9567703146173536,-0.38206282795839053
-24.553313478826841,-19.299180816520938,176.56832288143607,-2.9759805248928384,-0.38653526223014256
-24.602697363020578,-19.306943321834058,176.61831391282945,-2.9954220103299183,-0.39131388545067142
-24.652223628791436,-19.313738283068218,176.66830494422285,-3.0151098264695722,-0.39638844331385903
-24.70187479591333,-19.319550507257887,176.71829597561623,-3.0350584833165022,-0.40174732420779952
-24.751632655824828,-19.324364385612498,176.7682870070096,-3.0552818713274967,-0.4073773115287932
-24.801478206330316,-19.328163951379103,176.81827803840301,-3.0757931748184943,-0.41326332784093001
-24.85139158818286,-19.33093294630082,176.86826906979638,-3.0966047724244641,-0.41938817387248079
-24.901352024390317,-19.332654896379783,176.91826010118976,-3.1177281244722264,-0.4257322664812685
-24.951337763170411,-19.333313197598383,176.96825113258316,-3.1391736473364329,-0.43227338099259438
-25.001326025662486,-19.332891212178723,177.01824216397654,3.1222347320163992,-0.43898640472519618
-25.051292959660195,-19.331372375847607,177.06823319536994,3.1001184974576859,-0.44584311002288018
-25.101213600786004,-19.32874031642146,177.11822422676332,3.0776565475795521,-0.45281195664669177
-25.151061842678306,-19.32497898382741,177.16821525815669,3.0548441366924961,-0.45985793487133092
-25.200810891597552,-19.320077256372045,177.2182062895501,3.0320613731808281,-0.4451361167636031
-25.25043871562934,-19.314070201703583,177.26819732094347,3.0104143180040719,-0.42083027848009341
-25.299929308212903,-19.307020549494094,177.31818835233685,2.989991441640965,-0.39619056437532779
-25.349270684214222,-19.298992152015717,177.36817938373025,2.9708051165303955,-0.37138495808636435
-25.398454606037252,-19.29004911086993,177.41817041512363,2.9528600337749671,-0.34655283824846472
-25.447476304976732,-19.280255330706407,177.468161446517,2.9361546164201222,-0.32180580945562226
-25.496334184041697,-19.26967416752511,177.51815247791041,2.9206823695339543,-0.29722934723812855
-25.545029514840149,-19.258368165159776,177.56814350930378,2.9064331339218668,-0.27288496351776842
-25.593566138374996,-19.246398871723283,177.61813454069716,2.8933942237725336,-0.24881264813106116
-25.641950176892411,-19.233826726942333,177.66812557209056,2.8815514394417621,-0.22503339561464678
-25.690189761703323,-19.220711011130401,177.71811660348394,2.8708899547888076,-0.20155167775185434
-25.738294779871833,-19.207109846914072,177.76810763487731,2.8613950843114035,-0.17835776770445491
-25.786276641097643,-19.19308024550385,177.81809866627071,2.8530529390533474,-0.15542985905637102
-25.834148064894944,-19.178678190158561,177.86808969766409,2.8458509823169509,-0.13273595260460563
-25.881922887047882,-19.163958750484866,177.91808072905746,2.8397784970111322,-0.11023550603365596
-25.929615883929934,-19.148976222056984,177.96807176045087,2.8348269762340856,-0.087880857542077528
-25.977242612298316,-19.133784286856251,178.01806279184424,2.8309904479019847,-0.065618445975511655
-26.024819262177395,-19.11843619069916,178.06805382323762,2.8282657428461588,-0.04338985758365544
-26.072361363399541,-19.102981382865249,178.11804485463102,2.826355268049932,-0.036926673093884962
-26.119874814688785,-19.087438716372386,178.1680358860244,2.8245421521434144,-0.035609512491552385
-26.167360523358791,-19.071811494731246,178.21802691741777,2.8227950988055395,-0.03428375413885066
-26.214819380104672,-19.056102912746351,178.26801794881118,2.8211145291803192,-0.032949744507498262
-26.262252298388102,-19.040316179689221,178.31800898020455,2.8195008471290035,-0.031607828545507623
-26.309660213645568,-19.024454518592812,178.36800001159793,2.8179544393083891,-0.030258349593404045
-26.35704408247911,-19.00852116556139,178.41799104299133,2.8164756752529212,-0.028901649317933958
-26.404404881830899,-18.992519369095231,178.46798207438471,2.815064907459687,-0.027538067662847429
-26.451743608144618,-18.97645238942939,178.51797310577808,2.8137224714754012,-0.026167942816261957
-26.499061276499855,-18.960323497891135,178.56796413717149,2.8124486859849611,-0.024791611194540857
-26.546358919789878,-18.944135976251928,178.61795516856486,2.8112438528989312,-0.023409407440132011
-26.593637587775103,-18.927893116131131,178.66794619995824,2.8101082574436802,-0.022021664437707159
-26.640898346236312,-18.911598218374763,178.71793723135164,2.8090421682474336,-0.020628713341497025
-26.688142276059935,-18.895254592466213,178.76792826274502,2.8080458374260884,-0.019230883618076827
-26.735370472329738,-18.878865555943335,178.81791929413839,2.8071195006661602,-0.017828503101793926
-26.782584043400099,-18.862434433830021,178.8679103255318,2.806263377304826,-0.016421898062876861
-26.829784109966294,-18.845964558076592,178.91790135692517,2.805477670406141,-0.015011393287068939
-26.876971804125777,-18.829459267010634,178.96789238831857,2.8047625668330221,-0.013597312166223095
-26.924148268425355,-18.812921904799602,179.01788341971195,2.8041182373145292,-0.012179976799259969
-26.971314654941061,-18.796355820908285,179.06787445110533,2.8035448365073727,-0.010759708101298882
-27.018472124240841,-18.779764369603196,179.11786548249873,2.803042503053089,-0.0093368259246781708
-27.065621844507962,-18.763150909405756,179.1678565138921,2.802611359626999,-0.0079116491826855158
-27.112764990520414,-18.746518802600622,179.21784754528548,2.8022515129824277,-0.0064844959843379825
-27.159902742687734,-18.729871414727963,179.26783857667888,2.8019630539873219,-0.0050556837733113742
-27.207036286072082,-18.713212114084467,179.31782960807226,2.8017460576539261,-0.0036255294723592005
-27.254166809406751,-18.696544271228085,179.36782063946563,2.8016005831611213,-0.0021943496319664184
-27.301295504112328,-18.679871258485505,179.41781167085904,2.8015266738692466,-0.00076246058235176627
-27.348423563310007,-18.663196449462053,179.46780270225241,2.8015243573272599,0.00066982141204201457
-27.395552180834194,-18.646523218552357,179.51779373364579,2.80159364527213,0.0021021799965239636
-27.442682550244321,-18.62985494045132,179.56778476503919,2.8017345336204094,0.003534298569483881
-27.489815863835751,-18.613194989664503,179.61777579643257,2.801947002451977,0.0049658601259611503
-27.536953311651718,-18.596546740016766,179.66776682782594,2.8022310159859876,0.0063965471024087549
-27.584096080495797,-18.579913564158414,179.71775785921935,2.8025865225491091,0.0078260412235300614
-27.63124535294601,-18.563298833067968,179.76774889061272,2.8030134545361736,0.0092540233521091753
-27.678402306370774,-18.546705915550596,179.8177399220061,2.8035117283634126,0.010680173342736734
-27.725568111948121,-18.530138177731271,179.8677309533995,2.8040812444145025,0.012104169900347501
-27.772743805507449,-18.513598616706741,179.91772198479288,2.80469218865397,0.012009014644492763
-27.819929417366911,-18.497087372618513,179.96771301618625,2.8052796658040502,0.011494405915515534
-27.867124509187089,-18.480603245036722,180.01770404757966,2.8058414347506013,0.010980498264721694
-27.91432864257175,-18.464145026684633,180.06769507897303,2.8063775299763267,0.010467269047701356
-27.961541381676025,-18.447711511182067,180.11768611036641,2.8068879848254897,0.0099546953656024523
-28.008762293092101,-18.431301493027,180.16767714175981,2.8073728314915667,0.0094427540798880452
-28.055990945734347,-18.414913767576429,180.21766817315319,2.807832101005626,0.0089314218268615395
-28.10322691072523,-18.398547131026142,180.26765920454656,2.8082658232254292,0.0084206750319558311
-28.150469761281627,-18.382200380389492,180.31765023593996,2.8086740268252459,0.0079104899238001333
-28.197719072600677,-18.365872313475652,180.36764126733334,2.8090567392863584,0.0074008425480847758
-28.244974421746598,-18.349561728866728,180.41763229872672,2.8094139868882615,0.006891708781218483
-28.292235387537477,-18.333267425894352,180.46762333012012,2.8097457947005369,0.0063830643437992347
-28.339501550432093,-18.316988204615523,180.51761436151349,2.8100521865753962,0.0058748848139088634
-28.386772492417062,-18.300722865787904,180.56760539290687,2.8103331851408848,0.0053671456402381371
-28.434047796894671,-18.284470210844322,180.61759642430027,2.8105888117947404,0.0048598221550498156
-28.48132704857003,-18.268229041866995,180.66758745569365,2.8108190866988911,0.0043528895870030594
-28.528609833339129,-18.25199816156114,180.71757848708702,2.8110240287745958,0.0038463230738352244
-28.57589573817695,-18.235776373228113,180.76756951848043,2.8112036556982121,0.0033400976749182404
-28.623184351025571,-18.219562480738279,180.8175605498738,2.8113579838975902,0.0028341883837022328
-28.670475260682377,-18.203355288503538,180.86755158126721,2.8114870285490867,0.0023285701400547441
-28.717768056689078,-18.187153601449385,180.91754261266058,2.8115908035751924,0.001823217842499641
-28.765062329219983,-18.170956224987009,180.96753364405396,2.8116693216427695,0.0013181063603811445
-28.812357668971075,-18.154761964985038,181.01752467544736,2.8117225941618953,0.00081321054594848897
-28.859653667049006,-18.138569627741109,181.06751570684074,2.811750631285308,0.0003085052463796724
-28.906949914860263,-18.122378019953473,181.11750673823411,2.8117534419084529,-0.0001960346842463545
-28.954246004000346,-18.106185948692495,181.16749776962752,2.8117310336701271,-0.00070043437301896478
-29.001541526143306,-18.089992221372096,181.21748880102089,2.8116834129537156,-0.0012047189162988511
-29.04883607293106,-18.073795645721368,181.26747983241427,2.8116105848890269,-0.0017089133678378286
-29.09612923586311,-18.057595029756197,181.31747086380767,2.8115125533547181,-0.0022130427269130837
-29.143420606186272,-18.041389181751001,181.36746189520105,2.8113893209813168,-0.0027171319264606151
-29.190709774784285,-18.025176910210799,181.41745292659442,2.8112408891548313,-0.0032212058211963327
-29.237996332067713,-18.008957023843372,181.46744395798783,2.811067258020961,-0.0037252891757199634
-29.285279867863977,-17.992728331531755,181.5174349893812,2.8108684264898987,-0.004229406652588791
-29.332559971307042,-17.976489642307108,181.56742602077458,2.8106443922417284,-0.0047335828003469025
-29.379836230727598,-17.960239765321944,181.61741705216798,2.8103951517324295,-0.005237842041508717
-29.42710823354318,-17.943977509823668,181.66740808356136,2.8101207002004744,-0.0057422086604811129
-29.474375566148005,-17.927701685128827,181.71739911495473,2.8098210316740393,-0.0062467067914118149
-29.521637813803203,-17.91141110059764,181.76739014634813,2.8094961389788189,-0.0067513604059620943
-29.56889456052701,-17.895104565609238,181.81738117774151,2.8091460137464579,-0.0072561933009880454
-29.61614538898468,-17.878780889537467,181.86737220913488,2.8087706464236,-0.0077612290861205401
-29.663389880378752,-17.862438881727446,181.91736324052829,2.8083700262815587,-0.0082664911712381148
-29.710627614339316,-17.846077351472591,181.96735427192166,2.8079441414266197,-0.0087720027538236798
-29.757858168813666,-17.829695107992805,182.01734530331504,2.8074929788109784,-0.0092777868061845858
-29.805081119956967,-17.813290960413056,182.06733633470844,2.8070165242443168,-0.0097838660625474676
-29.852296042022008,-17.796863717743051,182.11732736610182,2.8065147624060325,-0.010290263005997819
-29.899502507249345,-17.780412188857834,182.16731839749519,2.8059876768581224,-0.010796999855266854
-29.946700085757385,-17.763935182479212,182.2173094288886,2.8054352500587325,-0.01130409855135533
-29.99388834543241,-17.747431507158254,182.26730046028197,2.8048574633763792,-0.011811580743983311
-30.041066851818531,-17.730899971258918,182.31729149167535,2.8042542971048534,-0.012319467777857269
-30.088235168007586,-17.714339382942661,182.36728252306875,2.8036257304788168,-0.012827780678748022
-30.135392854529464,-17.697748550154216,182.41727355446213,2.8029717416900941,-0.013336540139373416
-30.182539469241458,-17.681126280608783,182.4672645858555,2.8022923079046853,-0.013845766505065707
-30.229674567218456,-17.664471381780224,182.51725561724891,2.801587405280491,-0.014355479759233047
-30.276797700643009,-17.647782660890652,182.56724664864228,2.8008570089857723,-0.01486569950859703
-30.323908418694675,-17.631058924901527,182.61723768003566,2.8001010932183599,-0.015376444968194149
-30.371006267440134,-17.614298980506053,182.66722871142906,2.7993196312256119,-0.015887734946146585
-30.418090789723145,-17.597501634122935,182.71721974282244,2.7985125953251391,-0.016399587828188969
-30.46516152505399,-17.580665691891983,182.76721077421584,2.7976799569263187,-0.01691202156193659
-30.512218009499449,-17.56378995967102,182.81720180560922,2.7968216865525903,-0.017425053640903226
-30.559259775572691,-17.546873243034515,182.86719283700259,2.7959377538645618,-0.017938701088252004
-30.6062863521229,-17.52991434727398,182.91718386839599,2.7950281276839379,-0.018452980440274467
-30.653297264225252,-17.51291207740007,182.96717489978937,2.794092776018275,-0.018967907729595425
-30.700292033070856,-17.495865238146408,183.01716593118275,2.7931316660865848,-0.019483498468097302
-30.74727017585645,-17.478772633975467,183.06715696257615,2.7921447643458039,-0.019999767629553356
-30.794231205674535,-17.461633069086243,183.11714799396952,2.7911320365181327,-0.020516729631974189
-30.841174631403575,-17.444445347423859,183.1671390253629,2.7900934476192609,-0.021034398319658528
-30.888099957597955,-17.427208272691416,183.2171300567563,2.7890289619875115,-0.021552786944939711
-30.935006684378266,-17.409920648363734,183.26712108814968,2.7879385433138903,-0.022071908149633751
-30.981894307321966,-17.392581277703346,183.31711211954305,2.7868221546730765,-0.02259177394618072
-31.028762317353575,-17.375188963778768,183.36710315093646,2.7856797585553679,-0.023112395698473412
-31.075610200635648,-17.357742509484961,183.41709418232983,2.7845113168995859,-0.023633784102379304
-31.122437438459755,-17.340240717566111,183.46708521372321,2.7833167911269592,-0.024155949165949805
-31.169243507137431,-17.322682390640971,183.51707624511661,2.7820961421760182,-0.024678900189311917
-31.216027877891655,-17.305066331230535,183.56706727650999,2.7808493305384907,-0.025202645744249297
-31.262790016748745,-17.287391341788197,183.61705830790336,2.7795763162962248,-0.025727193653471279
-31.309529384430036,-17.26965622473271,183.66704933929677,2.778277059159167,-0.026252550969562111
-31.356245881214416,-17.251860949284058,183.71704037069014,2.777040727124461,-0.022529584948891145
-31.402942310635414,-17.234013078675112,183.76703140208352,2.7760278695054779,-0.017990823182950363
-31.449622670375177,-17.216123218263341,183.81702243347692,2.77524206204694,-0.013446387025093461
-31.496290994850334,-17.198201983783406,183.8670134648703,2.7746835230456406,-0.0088988861913014781
-31.542951342616249,-17.180259989939593,183.91700449626367,2.7743523411215341,-0.004350900150817078
-31.589607786824654,-17.162307847138639,183.96699552765708,2.7742484765512772,0.00019501470644648603
-31.636264405692479,-17.144356158298425,184.01698655905045,2.7743717622403912,0.0047363177934949948
-31.682925272992428,-17.126415515699705,184.06697759044383,2.7747219043306535,0.0092704770225089991
-31.729594448575103,-17.108496497847973,184.11696862183723,2.7752984824433602,0.01379496155449109
-31.776275968934762,-17.090609666312307,184.16695965323061,2.7761009495631472,0.01830723468220978
-31.822973837824016,-17.072765562510643,184.21695068462398,2.7771286315708985,0.022804746924686963
-31.869692016950601,-17.054974704401527,184.26694171601739,2.7783807264387947,0.027284929412960676
-31.91643441671356,-17.03724758307203,184.31693274741076,2.7798563031026573,0.031745187638321383
-31.963204887063519,-17.019594659164436,184.36692377880414,2.7815543000333727,0.036182895645046259
-32.010007208444513,-17.0020263591346,184.41691481019754,2.7834735235300974,0.040595390735768781
-32.056845082853734,-16.984553071306152,184.46690584159091,2.7856126457632406,0.044979968763377155
-32.103722125030345,-16.96718514169719,184.51689687298429,2.7879702025981916,0.049333880078614889
-32.150641853788521,-16.949932869596232,184.56688790437769,2.7905445912342364,0.053654326200398735
-32.19760768351312,-16.932806502866345,184.61687893577107,2.7933340676964447,0.05793845727297859
-32.244622915835976,-16.915816232958701,184.66686996716444,2.7963367442213829,0.062183370370425102
-32.291687136964356,-16.898962123422056,184.71686099855785,2.7988145496972106,0.032613894629151909
-32.338778787514705,-16.882184771590424,184.76685202995122,2.79958462577097,-0.0017806344906838502
-32.385868950844831,-16.865403247805201,184.81684306134463,2.7986381891229031,-0.036074848381959262
-32.432928761794599,-16.848536833571043,184.866834092738,2.7959778881404844,-0.070362875909788805
-32.479928924370917,-16.831504982839775,184.91682512413138,2.7916017819708343,-0.10473350103364897
-32.526839221930679,-16.814227267474347,184.96681615552478,2.7855037124303483,-0.13926594262714478
-32.573628031570372,-16.796623354990221,185.01680718691816,2.7776738928332185,-0.17402537115357428
-32.620261844087111,-16.77861303430484,185.06679821831153,2.768099730390043,-0.20905802831305326
-32.666704792929458,-16.760116305797933,185.11678924970494,2.7567669044822707,-0.24438586103252907
-32.712918198667005,-16.741053552401603,185.16678028109831,2.7436607259334056,-0.28000064794355023
-32.758860138757925,-16.721345808770231,185.21677131249169,2.7287678013501528,-0.31585769030945682
-32.804485057105524,-16.700915144921311,185.26676234388509,2.7120780198971888,-0.35186926675496488
-32.849743432605507,-16.679685179122778,185.31675337527847,2.6935868660298556,-0.38789821353843695
-32.894581531121624,-16.657581731371646,185.36674440667184,2.6732980388791163,-0.42375218596601244
-32.93894127026234,-16.634533623116727,185.41673543806525,2.6512263259749642,-0.45917936658444142
-32.982760230238902,-16.610473620422347,185.46672646945862,2.6274006356796216,-0.49386658161342289
-33.025971845932439,-16.585339506291145,185.516717500852,2.601867040925232,-0.52744092013590993
-33.068505813834271,-16.559075253533045,185.5667085322454,2.5746916313187032,-0.55947595593910993
-33.110292417756426,-16.531637754245629,185.61669956363878,2.5464156415435957,-0.56915258397828028
-33.151281239250785,-16.503022221271515,185.66669059503215,2.5177581111573231,-0.57775380229718987
-33.191426248318969,-16.473234563324542,185.71668162642555,2.4886108215103877,-0.58874426688523207
-33.230676923183793,-16.442278087900856,185.76667265781893,2.4588545180810786,-0.60211920875186487
-33.268977761232044,-16.410154023467516,185.81666368921231,2.4283698311684865,-0.6178869949310194
-33.306267797250904,-16.376862102472089,185.86665472060571,2.3970367772676409,-0.63606265819311203
-33.342480123409892,-16.342401206057062,185.91664575199908,2.3647346097666535,-0.65666031458802987
-33.3775414258143,-16.306770094586653,185.96663678339246,2.3313420862189913,-0.67968400121589745
-33.411371560492931,-16.269968248624807,186.01662781478586,2.2967382429760694,-0.70511646355601099
-33.443883201585969,-16.231996844571405,186.06661884617924,2.2608037907040024,-0.73290546425961189
-33.474981606499469,-16.192859886781168,186.11660987757261,2.2234232629780197,-0.76294731263392268
-33.504564556663979,-16.152565512443708,186.16660090896602,2.1844880592728493,-0.79506757840690989
-33.532522547498516,-16.111127475258943,186.21659194035939,2.1439005148633647,-0.82899941689703804
-33.558739315548017,-16.068566797288419,186.26658297175277,2.1015790919205641,-0.86436065493464265
-33.583092801591675,-16.024913553727156,186.31657400314617,2.0574647045645258,-0.90063179749083122
-33.605456651394455,-15.980208721811939,186.36656503453955,2.0115280520681522,-0.93713836762916125
-33.625702344705331,-15.934505983617729,186.41655606593292,1.9637776307579129,-0.97304230210372711
-33.643707054762672,-15.887875168905252,186.46654709732633,1.9148784933952845,-0.96095817028364061
-33.659456594695428,-15.840434650805033,186.5165381287197,1.8682714684480202,-0.90288309852007664
-33.673050411975943,-15.792331477178859,186.56652916011308,1.824665923187756,-0.8412249191618022
-33.684610350377653,-15.743698876459925,186.61652019150648,1.7841915730211648,-0.77790337577207935
-33.694270910397613,-15.694653111792283,186.66651122289986,1.7468912254657174,-0.71446745555185842
-33.702173771193188,-15.645293157262552,186.71650225429326,1.7127400279232532,-0.65207645580188567
-33.708463352779546,-15.595701391137732,186.76649328568664,1.6816644118556974,-0.59152728853109782
-33.713283467369699,-15.545944932185041,186.81648431708001,1.6535589679219098,-0.53330672646445199
-33.716774978559876,-15.49607731041746,186.86647534847341,1.6283004422695082,-0.47765206953471595
-33.719074320164175,-15.446140245792751,186.91646637986679,1.6057587231781851,-0.42460957209547734
-33.720312706227674,-15.396165385133463,186.96645741126017,1.5858050886245667,-0.37408500241850645
-33.720615872135255,-15.346175910039076,187.01644844265357,1.5683181717874677,-0.32588425060036064
-33.720104209608536,-15.296187974103354,187.06643947404694,1.5531881472672802,-0.27974402650774144
-33.718893186144321,-15.246211958409454,187.11643050544032,1.5403196086320807,-0.23535374833307357
-33.717093966584109,-15.196253553351868,187.16642153683372,1.5296335414272522,-0.19237009439964764
-33.714814178384877,-15.146314685761478,187.2164125682271,1.5210687213850487,-0.15042567775914803
-33.712158781941191,-15.096394316026451,187.26640359962047,1.5145827990195131,-0.1091331089094222
-33.709231023091327,-15.046489132456148,187.31639463101388,1.5101532747610658,-0.068085459508662738
-33.706124834467893,-14.996594714483074,187.36638566240725,1.5071351498216226,-0.058817550584142432
-33.702871841761514,-14.946709651505239,187.41637669380063,1.5042362638782756,-0.057151943222642873
-33.69947634492398,-14.896834084632896,187.46636772519403,1.5014216471133492,-0.055446342660162892
-33.695942623248186,-14.846968119480822,187.51635875658741,1.4986932737424079,-0.053701762439483068
-33.692275051774885,-14.797111819101717,187.56634978798078,1.4960530658356888,-0.051919274941890699
-33.688478098431112,-14.747265204265487,187.61634081937419,1.4935028904200383,-0.050100009603015826
-33.684556321045036,-14.697428253884677,187.66633185076756,1.491044556673994,-0.048245151007709326
-33.680514364241915,-14.647600905567414,187.71632288216094,1.4886798132207888,-0.046355936872875467
-33.676356956226876,-14.597783056299455,187.76631391355434,1.4864103455247886,-0.044433655928002816
-33.672088905461237,-14.547974563254733,187.81630494494772,1.4842377733962617,-0.042479645703106118
-33.667715097237874,-14.498175244731135,187.86629597634109,1.4821636486088194,-0.040495290233648285
-33.663240490162394,-14.448384881210034,187.9162870077345,1.4801894526334773,-0.038482017691931908
-33.65867011254587,-14.398603216536412,187.96627803912787,1.478316594492781,-0.036441297954170289
-33.654009058715765,-14.348829959215621,188.01626907052125,1.4765464087379649,-0.034374640112111582
-33.649262485250773,-14.299064783823043,188.06626010191465,1.4748801535517169,-0.032283589937736341
-33.644435607146164,-14.2493073325225,188.11625113330803,1.4733190089786985,-0.030169727309105332
-33.639533693915325,-14.199557216687944,188.1662421647014,1.4718640752855541,-0.028034663604907969
-33.63456206563356,-14.149814018623362,188.21623319609481,1.4705163714518019,-0.025880039074765961
-33.629526088930142,-14.10007729337539,188.26622422748818,1.4692768337926634,-0.023707520191790902
-33.624431172934102,-14.050346570632355,188.31621525888156,1.4681463147145581,-0.021518796993300809
-33.619282765179555,-14.000621356702785,188.36620629027496,1.4671255816037116,-0.019315580415007867
-33.614086347476167,-13.950901136568309,188.41619732166834,1.4662153158481144,-0.017099599623507208
-33.608847431749702,-13.901185376001729,188.46618835306171,1.4654161119927656,-0.01487259935117107
-33.603571555858345,-13.851473523744552,188.51617938445511,1.4647284770280191,-0.012636337237165323
-33.598264279389774,-13.801765013736649,188.56617041584849,1.4641528298106417,-0.010392581177749816
-33.592931179443788,-13.752059267388924,188.61616144724189,1.4636895006170318,-0.0081431066884693048
-33.587577846405559,-13.702355695892601,188.66615247863527,1.4633387308279662,-0.0058896942805545718
-33.58220987971437,-13.652653702557005,188.71614351002864,1.4631006727441096,-0.0036341268534028411
-33.5768328836322,-13.602952685167129,188.76613454142205,1.4629753895314392,-0.0013781871046723102
-33.571452463017081,-13.553252038353392,188.81612557281542,1.4629628552956719,0.00087634504068329468
-33.566074219105516,-13.503551155966125,188.8661166042088,1.4630629552847236,0.003127694981294202
-33.560703745308587,-13.453849433445505,188.9161076356022,1.4632754862181634,0.0053740959692375554
-33.555346623026004,-13.404146270179671,188.96609866699558,1.4636001567425967,0.0076137916179270437
-33.550008417482701,-13.354441071843466,189.01608969838895,1.4640365880118478,0.0098450383870840562
-33.544694673591522,-13.304733252704041,189.06608072978236,1.4645843143908388,0.012066108044067412
-33.539410911850098,-13.255022237919187,189.11607176117573,1.4652427842815463,0.014275290098951818
-33.53416262426628,-13.205307465727937,189.16606279256911,1.4660113610708598,0.016470894216203166
-33.528955270331672,-13.155588389668786,189.21605382396251,1.4668893241973149,0.018651252595060109
-33.523793234605129,-13.1058645881959,189.26604485535589,1.467801476051624,0.017282349181052228
-33.518674156091173,-13.056136345545493,189.31603588674926,1.4686148322678172,0.015259861599517061
-33.513593017060977,-13.00640421166737,189.36602691814267,1.4693273920833549,0.013249592072709697
-33.508544822041344,-12.956668722641913,189.41601794953604,1.469939739730342,0.011250479883821801
-33.503524602277054,-12.906930401817418,189.46600898092942,1.4704524066975588,0.0092614755506163979
-33.498527413290716,-12.857189761629437,189.51600001232282,1.4708658722788379,0.0072815402934428893
-33.493548332461621,-12.807447305385276,189.5659910437162,1.4711805640946176,0.0053096454946995313
-33.488582456623575,-12.757703529018931,189.61598207510957,1.4713968585863253,0.0033447721532856613
-33.48362489968148,-12.707958922818378,189.66597310650297,1.4715150814834408,0.001385910337239374
-33.478670790246518,-12.658213973130621,189.71596413789635,1.4715355082432124,-0.00056794136229573126
-33.473715269289684,-12.608469164048387,189.76595516928973,1.4714583644631687,-0.0025177763728328503
-33.46875348781321,-12.558724979081312,189.81594620068313,1.4712838262667152,-0.0044645806752554931
-33.463780604539963,-12.508981902815783,189.8659372320765,1.4710120206622301,-0.0064093333287464256
-33.458791783620292,-12.45924042256792,189.91592826346988,1.4706430258762224,-0.0083530069832378154
-33.45378219235613,-12.409501030031835,189.96591929486328,1.4701768716612345,-0.010296568376821153
-33.448746998942177,-12.359764222927483,190.01591032625666,1.4696135395793088,-0.012240978815477283
-33.443681370224148,-12.310030506652083,190.06590135765003,1.4689529632619736,-0.014187194632482811
-33.438580469473656,-12.260300395937872,190.11589238904344,1.4681950286478238,-0.016136167624856743
-33.433439454180018,-12.210574416519281,190.16588342043681,1.4673395741989075,-0.018088845464130685
-33.428253473858931,-12.160853106814834,190.21587445183019,1.4663863910972934,-0.020046172078555871
-33.423017667878085,-12.111137019624872,190.26586548322359,1.4653352234232937,-0.022009088003901816
-33.417727163299979,-12.061426723849653,190.31585651461697,1.4641857683169957,-0.023978530699743549
-33.412377072743837,-12.011722806243785,190.36584754601034,1.4629376761252413,-0.025955434827506219
-33.406962492259005,-11.962025873137362,190.41583857740375,1.4615905505341449,-0.027940732489773561
-33.401478499230109,-11.912336552306975,190.46582960879712,1.460143948693869,-0.029935353420089218
-33.39592015028893,-11.86265549476161,190.51582064019053,1.4585973813320039,-0.031940225128890165
-33.390282479253372,-11.812983376626038,190.5658116715839,1.4569503128625307,-0.033956272994356343
-33.38456049508644,-11.763320901048441,190.61580270297728,1.4552021614911874,-0.035984420296851692
-33.378749179879165,-11.713668800159885,190.66579373437068,1.4533522993208972,-0.038025588191314894
-33.372843486857832,-11.664027837076555,190.71578476576406,1.451400052460083,-0.040080695613108452
-33.366838338417658,-11.614398807950915,190.76577579715743,1.4493447011373823,-0.042150659111876723
-33.360728624183935,-11.564782544067832,190.81576682855084,1.4471854798261583,-0.044236392608013798
-33.354509199111796,-11.515179914058031,190.86575785994421,1.4449215773859265,-0.046338807062722837
-33.348174881605047,-11.465591826052332,190.91574889133759,1.4425521372171635,-0.048458810062718759
-33.341720451686456,-11.416019230019412,190.96573992273099,1.4400762574446,-0.050597305302549994
-33.335140649201122,-11.366463120111455,191.01573095412436,1.4374929911263297,-0.052755191964637571
-33.328434793609581,-11.316923907732066,191.06572198551774,1.4351535963882844,-0.037190456438357694
-33.321636948979304,-11.267397226612962,191.11571301691114,1.4337999254904754,-0.016949624516526547
-33.314797157696624,-11.21787631741612,191.16570404830452,1.4334602947477608,0.0033726416769484682
-33.307965725577667,-11.168354255103008,191.21569507969789,1.4341379086518533,0.023741670472190602
-33.301193077632433,-11.118824124306585,191.2656861110913,1.4358342305379446,0.044122334061192599
-33.294529691874118,-11.069279185396722,191.31567714248467,1.4385489386422832,0.064478202886213712
-33.288026028957468,-11.01971304084339,191.36566817387805,1.4422798401135699,0.084770713303869025
-33.281732454622507,-10.970119800847204,191.41565920527145,1.4470227442847483,0.10495837453327679
-33.275699152023314,-10.920494247010438,191.46565023666483,1.4527712978598191,0.1249960428843991
-33.26997602121633,-10.870831992596122,191.5156412680582,1.4595167861255951,0.14483429351436883
-33.264612563374989,-10.821129637641445,191.56563229945161,1.4672479058661834,0.16441892215011999
-33.259657747698014,-10.771384916870298,191.61562333084498,1.475950517324925,0.18369061088702787
-33.25515985949972,-10.72159683801657,191.66561436223836,1.4856073842839976,0.20258479276379171
-33.251166328618432,-10.671765807843659,191.71560539363176,1.4961979130471388,0.22103174869824671
-33.247723538054188,-10.621893742858864,191.76559642502514,1.5076979027146418,0.23895696690316739
-33.244876613644365,-10.571984161513743,191.81558745641851,1.5200793204984493,0.25628178850309025
-33.242669196584806,-10.522042254584882,191.86557848781192,1.5333101167819858,0.27292435332794224
-33.241143201675847,-10.472074930482865,191.91556951920529,1.5473540950119036,0.28880084662746658
-33.240338565268431,-10.422090832470836,191.96556055059867,1.5621708511483006,0.30382703098755132
-33.240292987949594,-10.372100325265741,192.01555158199207,1.5777157961344555,0.31792002875932446
-33.241046273200958,-10.322115540357235,192.06554261338545,1.5942784596245094,0.34776148894443942
-33.242668876097113,-10.2721515437236,192.11553364477882,1.6125366475740603,0.38310283222850472
-33.245248571776166,-10.222227958684982,192.16552467617223,1.6326267948389332,0.42114050991850344
-33.248879329564204,-10.172369966442885,192.2155157075656,1.6546969374011324,0.46240691269362821
-33.253662304927502,-10.122609498531745,192.26550673895898,1.6789221282607898,0.50745064049149224
-33.259706795265181,-10.072986719353386,192.31549777035238,1.7055051945895465,0.55683286828393819
-33.267131061690186,-10.023551850160713,192.36548880174576,1.7346770590586831,0.61111292471670797
-33.276062919945538,-9.9743673845408924,192.41547983313916,1.7666959781935245,0.67081845998449241
-33.286639947276555,-9.9255107322903822,192.46547086453253,1.801844772093681,0.73639366942468532
-33.299009078951698,-9.8770772946656518,192.51546189592591,1.8404247476404041,0.80811729848963043
-33.3133252792787,-9.8291839057544461,192.56545292731931,1.8827445803986098,0.88598153713152994
-33.329748877073747,-9.7819724541652207,192.61544395871269,1.9291020186443415,0.96952536073274354
-33.348441080522193,-9.7356133079706986,192.66543499010606,1.9797561350777544,1.0576246336988318
-33.369557183018756,-9.6903078951029347,192.71542602149947,2.0348883961550666,1.1482605163193897
-33.393237123257812,-9.6462894642817467,192.76541705289284,2.0945526519418571,1.2383201391682803
-33.419593472629501,-9.6038207558984752,192.81540808428622,2.1586178674644794,1.3235247435774984
-33.4486976627716,-9.5631872297840381,192.86539911567962,2.2267130457934097,1.3986107703686281
-33.480557566891228,-9.5246773062186225,192.915390147073,2.2970299484835817,1.3806048461902831
-33.514994678557251,-9.488452297814872,192.96538117846637,2.3641191033764084,1.3030702443093485
-33.551717573214184,-9.4545450598681544,193.01537220985978,2.4273074843499973,1.2251337723005358
-33.590448099203734,-9.4229489178555639,193.06536324125315,2.4866545133964379,1.1498054776838014
-33.63093108843043,-9.3936302373913563,193.11535427264653,2.5423453060321588,1.0791250103806795
-33.672937368078117,-9.3665376894104728,193.16534530403993,2.5946460378427925,1.0143284085808233
-33.716264100448733,-9.3416099333577929,193.21533633543331,2.6438687967879573,0.95605000653966066
-33.760733428217904,-9.3187816098627412,193.26532736682668,2.6903463372242169,0.90451122455451127
-33.806190183438204,-9.2979878060090897,193.31531839822009,2.7344154679826773,0.85967547757942564
-33.85249881597035,-9.2791663175276717,193.36530942961346,2.7762214792688984,0.79883996311139371
-33.899519992535105,-9.262201014832451,193.41530046100684,2.8135786307518456,0.69617513409002407
-33.947103928423353,-9.2468825654264073,193.46529149240024,2.8458834303610212,0.59689732663670203
-33.995124530281217,-9.23299126825653,193.51528252379362,2.8733266547066245,0.50173866237868781
-34.04347911234467,-9.2203094154271295,193.56527355518699,2.8961185836633812,0.41078305691011602
-34.092084466506059,-9.2086238409092083,193.61526458658039,2.9144616466769668,0.32366151618907196
-34.140872950289108,-9.1977267865454291,193.66525561797377,2.9285317376882234,0.23970261850096561
-34.189788808518735,-9.1874155582157986,193.71524664936715,2.9384659153311197,0.1580383700970876
-34.238784791685703,-9.1774913669219629,193.76523768076055,2.9443589014760656,0.078326836149198067
-34.287819404077766,-9.1677595046337128,193.81522871215392,2.946332315269061,0.00058882845784836285
-34.336854280443617,-9.1580289704098767,193.8652197435473,2.9444083671098586,-0.077714292653031397
-34.385850867928298,-9.1481077601291929,193.9152107749407,2.938540952662823,-0.15729654035809151
-34.434767712815109,-9.1378012050907955,193.96520180633408,2.92864867044924,-0.23884858734150202
-34.483557691453676,-9.1269108352798405,194.01519283772745,2.9146172007114992,-0.32298713750173297
-34.532165047053311,-9.1152335788816146,194.06518386912086,2.8963045989754161,-0.41018768663891209
-34.580522207211942,-9.1025615461811462,194.11517490051423,2.873550518937273,-0.50069344917253644
-34.628546421776299,-9.0886827098659548,194.16516593190761,2.8461907000813351,-0.59439526537740306
-34.67613636792229,-9.073382858987376,194.21515696330101,2.8140781936820498,-0.69068292717477509
-34.723169088876325,-9.0564494002361879,194.26514799469439,2.7771665940820509,-0.77674051939980882
-34.76951351848183,-9.0377152702625896,194.31513902608779,2.737389836314323,-0.81535741001208795
-34.815055355568056,-9.0171075006639629,194.36513005748117,2.6955716071478535,-0.85840338160719942
-34.85967044294766,-8.9945643721689823,194.41512108887454,2.6514932389320003,-0.90574337752294765
-34.903218607450334,-8.9700244158061722,194.46511212026795,2.6049471633202392,-0.95705651105428546
-34.945542465828744,-8.9434294877672986,194.51510315166132,2.5557480835003412,-1.0117589352242493
-34.986466850890672,-8.9147287063282512,194.5650941830547,2.503748220155094,-1.0689193227034191
-35.025799233946451,-8.8838832949566982,194.6150852144481,2.4488567389119806,-1.1271787537705966
-35.06333580538287,-8.850876834750391,194.66507624584148,2.3917403763362897,-1.1354428421281901
-35.098942894152238,-8.8157970903345859,194.71506727723485,2.3358766612166835,-1.0985383039606269
-35.1325718534668,-8.7788161289983133,194.76505830862826,2.281987913204083,-1.0567314301080852
-35.16420201980084,-8.7401111053888201,194.81504934002163,2.2302747643950491,-1.011780621612391
-35.193835415972529,-8.6998562124964707,194.86504037141501,2.1808537875286662,-0.96527394645128772
-35.221492863906761,-8.6582184040552175,194.91503140280841,2.1337680562350463,-0.91855573408082203
-35.247209912142452,-8.6153544413851328,194.96502243420179,2.0890001821863464,-0.87269929520217671
-35.271032938641198,-8.5714091317183119,195.01501346559516,2.0464858001189286,-0.82851410289500782
-35.293015657448024,-8.5265145429811469,195.06500449698856,2.0061261049006602,-0.78657446299936662
-35.313216141823453,-8.4807899570502467,195.11499552838194,1.9677986562468934,-0.74725853816585275
-35.331694389496484,-8.4343423393189862,195.16498655977531,1.9313661478925259,-0.71078969247252832
-35.348510399066555,-8.3872671381849688,195.21497759116872,1.8966831605197014,-0.67727521714043581
-35.36372269545312,-8.3396492700068841,195.26496862256209,1.8636010997863446,-0.64673996618500329
-35.37738722965527,-8.2915641848966875,195.31495965395547,1.831971598857439,-0.61915412502771661
-35.389556577299622,-8.2430789424130015,195.36495068534887,1.8016486758010344,-0.59445535180544307
-35.400279366254438,-8.1942532526870266,195.41494171674225,1.7724899095471178,-0.57256605137601158
-35.409599872294059,-8.1451404581810003,195.46493274813562,1.7443568540765704,-0.55340674337881712
-35.417557731074517,-8.0957884452984654,195.51492377952903,1.717114861381406,-0.53690650784332228
-35.42418772319234,-8.0462404847502214,195.5649148109224,1.6906324358816442,-0.5230114317555894
-35.429520406531921,-7.9965360849855607,195.61490584231578,1.6648884605915355,-0.50202343290307994
-35.433605785133992,-7.9467134985042103,195.66489687370918,1.6406097295137831,-0.46907592654427877
-35.436522078634376,-7.8968086685265151,195.71488790510256,1.6180085835477358,-0.43496852774915629
-35.438352787560376,-7.8468520777186122,195.76487893649593,1.5971343405358518,-0.40003950325139004
-35.439184259281205,-7.7968687227034907,195.81486996788934,1.5780207136308186,-0.36457425517451453
-35.439104737431585,-7.7468783804124159,195.86486099928271,1.5606885172133562,-0.328803392525501
-35.438203585083279,-7.6968959751123958,195.91485203067609,1.5451483871390603,-0.29290393280303628
-35.436570680958049,-7.6469320132210727,195.96484306206949,1.531403381649862,-0.25700272923001699
-35.434295979322492,-7.5969930585679535,196.01483409346287,1.5194513724933945,-0.22118131331846203
-35.431469218585782,-7.547082226902087,196.06482512485624,1.5092871726263339,-0.18548149553065599
-35.428179760502296,-7.4971996844637072,196.11481615624965,1.5009043754511719,-0.14991123864942035
-35.424516540637377,-7.4473431408908839,196.16480718764302,1.494296900627031,-0.11445048269800492
-35.420568110767455,-7.3975083313823218,196.21479821903642,1.4894602538836792,-0.079056742569952071
-35.416422754618388,-7.3476894868412224,196.2647892504298,1.4863925142156937,-0.043670414683341915
-35.412168659358962,-7.2978797936901181,196.31478028182318,1.4850950627023709,-0.0082198173138596821
-35.407894126224811,-7.2480718472588643,196.36477131321658,1.4855730642589982,0.027373946037109624
-35.403687804307395,-7.1982581041899989,196.41476234460995,1.4878357079604227,0.06319216595679765
-35.399638931734223,-7.1484313402364226,196.46475337600333,1.491896204093266,0.099313586562063599
-35.395836874765919,-7.0985851713164978,196.51474440739673,1.497649492090622,0.12152272572862068
-35.39233275927522,-7.0487171752378668,196.56473543879011,1.5035947380761601,0.11631423865089031
-35.389118648166473,-6.9988296418837201,196.61472647018348,1.5092773308927792,0.11101580826705035
-35.386181432994576,-6.9489250340943078,196.66471750157689,1.5146929370739752,0.10563392675616343
-35.383507774902654,-6.8990056064121061,196.71470853297026,1.5198375438448484,0.10017492885768953
-35.381084123163149,-6.8490734104681135,196.76469956436364,1.5247074508246938,0.094644975469071371
-35.378896733100945,-6.799130301300945,196.81469059575704,1.5292992610085616,0.089050040961279039
-35.37693168336471,-6.7491779447076565,196.86468162715042,1.533609871194898,0.083395904122052444
-35.375174892505676,-6.6992178253251327,196.91467265854379,1.537636462058749,0.077688142555794523
-35.373612134855243,-6.6492512555522261,196.9646636899372,1.5413764880219696,0.071932130384542117
-35.372229055691292,-6.5992793851552767,197.01465472133057,1.5448276670885379,0.066133039040715311
-35.371011185699011,-6.5493032115108232,197.06464575272395,1.5479879707920643,0.060295840936198698
-35.369943954740847,-6.4993235904145132,197.11463678411735,1.5508556143938483,0.054425315776139363
-35.369012704959211,-6.4493412473912963,197.16462781551073,1.5534290474577135,0.048526059277560395
-35.368202703244343,-6.3993567894462231,197.2146188469041,1.5557069449156533,0.042602494048246758
-35.367499153106358,-6.3493707171965035,197.26460987829751,1.557688198726155,0.036658882379564543
-35.366887205997536,-6.2993834373200714,197.31460090969088,1.5593719102150405,0.030699340706774263
-35.366351972136442,-6.249395275268383,197.36459194108426,1.5607573831758093,0.024727855494387749
-35.365878530890811,-6.1994064882588935,197.41458297247766,1.5618441177933098,0.01874830031609331
-35.36545194077754,-6.1494172783128072,197.46457400387104,1.5626318054491661,0.012764453873629969
-35.365057249146162,-6.0994278055384203,197.51456503526441,1.5631203244440344,0.0067800187560758422
-35.364679501609388,-6.0494382014318457,197.56455606665781,1.5633097366726623,0.00079864069501569168
-35.364303751289384,-5.9994485822237085,197.61454709805119,1.5632002852692553,-0.0051760718933381378
-35.363915067947936,-5.9494590622224113,197.66453812944457,1.5627923932324539,-0.011140528292858746
-35.363498547069362,-5.8994697671084966,197.71452916083797,1.5620866630283683,-0.017091136008529167
-35.363039318964262,-5.8494808471410895,197.76452019223134,1.5610838771596998,-0.023024281629353643
-35.362522557961213,-5.7994924902353624,197.81451122362472,1.5597849996787598,-0.028936312236512916
-35.361933491751671,-5.7495049348697851,197.86450225501812,1.5581911786120832,-0.034823517558313602
-35.361257410950678,-5.699518482781647,197.9144932864115,1.5563037492542904,-0.040682113072140903
-35.360479678933046,-5.6495335114085767,197.96448431780487,1.554124238278894,-0.046508224252599407
-35.359585742000355,-5.5995504860311529,198.01447534919828,1.5516543686037607,-0.052297872164212042
-35.358561139930224,-5.5495699715713487,198.06446638059165,1.5488960649390831,-0.058046960595616197
-35.357391516953399,-5.4995926440003045,198.11445741198506,1.5458514599359561,-0.063751264930150209
-35.35606263319886,-5.4496193013054786,198.16444844337843,1.5425229008439001,-0.069406422944804744
-35.35456037664008,-5.3996508739665527,198.21443947477181,1.5389129565762212,-0.075007927724686632
-35.352870775568896,-5.3496884348883338,198.26443050616521,1.5350244250729761,-0.080551122873324443
-35.350980273038822,-5.2997331984475027,198.31442153755859,1.5308885759455733,-0.084001939471832821
-35.348880139592346,-5.2497863376203577,198.36441256895196,1.5266436528265581,-0.085828594251541421
-35.346565717174641,-5.199848949307742,198.41440360034537,1.5223069323676506,-0.087674672484746349
-35.344032440568633,-5.1499221865067977,198.46439463173874,1.5178774166669895,-0.089541246665817059
-35.341275700569696,-5.1000072654588502,198.51438566313212,1.5133540547725433,-0.091429366893937769
-35.338290842023625,-5.0501054679226733,198.56437669452552,1.5087357437829376,-0.09334006141598411
-35.335073161968523,-5.0002181436192981,198.6143677259189,1.5040213299336735,-0.095274336923670891
-35.331617907877813,-4.9503467127473346,198.66435875731227,1.4992096096717773,-0.097233178609714019
-35.327920276008783,-4.900492668607856,198.71434978870568,1.4942993307342569,-0.09921754998100743
-35.323975409860594,-4.8506575803340004,198.76434082009905,1.489289193241939,-0.10122839242702739
-35.319778398745733,-4.8008430957279407,198.81433185149243,1.4841778508210841,-0.10326662454006182
-35.315324276480503,-4.7510509442068161,198.86432288288583,1.4789639117652977,-0.10533314118265663
-35.310608020200526,-4.7012829398589755,198.91431391427921,1.4736459402505044,-0.10742881229652645
-35.305624549308128,-4.6515409846107572,198.96430494567258,1.4682224576159841,-0.10955448144614932
-35.300368724559469,-4.6018270715069542,199.01429597706598,1.4626919437251629,-0.11171096408916711
-35.294835347299731,-4.5521432881025152,199.06428700845936,1.4570528384197174,-0.11389904556505953
-35.289019158856014,-4.5024918199678288,199.11427803985273,1.4513035430815493,-0.1161194787925805
-35.282914840098329,-4.4528749543064396,199.16426907124614,1.4454424223173536,-0.118372981665926
-35.276517011179635,-4.4032950836841387,199.21426010263951,1.4394678057810864,-0.12066023413906354
-35.269820231467371,-4.353754709867923,199.26425113403289,1.4333779901501831,-0.12298187498727858
-35.262818999679425,-4.304256447773529,199.31424216542629,1.4271712412720543,-0.12533849823475499
-35.255507754238508,-4.2548030295172623,199.36423319681967,1.4208457964976582,-0.12773064923709504
-35.24788087386014,-4.2053973085695295,199.41422422821304,1.414399867219821,-0.13015882040778121
-35.239932678389849,-4.1560422640048804,199.46421525960645,1.4078316416343046,-0.13262344657810066
-35.231657429906839,-4.1067410048428901,199.51420629099982,1.4011392877422009,-0.13512489998076471
-35.223049334111543,-4.0574967744728845,199.5641973223932,1.3943209566126675,-0.13766348484850011
-35.214102542016107,-4.008312955154973,199.6141883537866,1.3873747859255214,-0.14023943162024768
-35.204811151957159,-3.9591930725870994,199.66417938517998,1.3802989038133533,-0.1428528907494582
-35.195169211951551,-3.910140800527464,199.71417041657335,1.3730914330231843,-0.14550392611114552
-35.185170722415926,-3.8611599654599305,199.76416144796676,1.3657504954178017,-0.14819250800706341
-35.174809639272588,-3.8122545512876802,199.81415247936013,1.3582742168367588,-0.1509185057716507
-35.164079877463429,-3.7634287040383665,199.86414351075351,1.3506607323367903,-0.15368167998521443
-35.152975314895862,-3.7146867365639253,199.91413454214691,1.3429081918312626,-0.15648167430516707
-35.141489796843381,-3.6660331332123097,199.96412557354029,1.3350147661470364,-0.15931800693146994
-35.12961714082477,-3.6174725544498294,200.01411660493369,1.3269786535167547,-0.1621900617280794
-35.117351141985822,-3.5690098414088243,200.06410763632707,1.3187980865230913,-0.16509707902888693
-35.104685579006272,-3.5206500203309354,200.11409866772044,1.3104713395095735,-0.16803814616416374
-35.091614220555961,-3.4723983068774391,200.16408969911384,1.3019967364712361,-0.17101218775151622
-35.078130832322024,-3.4242601102724226,200.21408073050722,1.2933726594354797,-0.17401795580457258
-35.064229184628346,-3.3762410372409053,200.2640717619006,1.2845975573404407,-0.17705401972254656
-35.049903060667738,-3.3283468957050806,200.314062793294,1.2756699554154869,-0.18011875623423526
-35.035146265364972,-3.2805836981948624,200.36405382468737,1.2665884650637893,-0.18321033938166439
-35.019952634886273,-3.2329576649264933,200.41404485608075,1.2573517942424515,-0.18632673064063757
-35.004316046809599,-3.1854752265027177,200.46403588747415,1.2479587583310168,-0.18946566928790687
-34.988230430965721,-3.1381430261823668,200.51402691886753,1.2384082914728625,-0.1926246631379083
-34.971689780956602,-3.0909679216640207,200.5640179502609,1.2286994583674085,-0.19580097978530842
-34.954688166354288,-3.0439569863291007,200.61400898165431,1.2188314664845858,-0.19899163850266821
-34.937219745578091,-2.9971175098844616,200.66400001304768,1.2088036786646423,-0.20219340295571434
-34.919278779441974,-2.9504569983422435,200.71399104444106,1.1986156260578482,-0.20540277491111159
-34.90085964535961,-2.9039831732761967,200.76398207583446,1.1882670213502797,-0.20861598912282306
-34.881956852186789,-2.857703970289915,200.81397310722784,1.1777577722117634,-0.21182900959330009
-34.862565055673521,-2.8116275366311583,200.86396413862121,1.1670879948918547,-0.21503752741389481
-34.842679074491812,-2.7657622278900775,200.91395517001462,1.1562580278801537,-0.21823696039432963
-34.822293906795622,-2.7201166037171789,200.96394620140799,1.1452684455360707,-0.22142245469400512
-34.801404747260335,-2.6746994224975191,201.01393723280137,1.1341200715822346,-0.22458888866722115
-34.780007004541872,-2.6295196349250198,201.06392826419477,1.1228139923463758,-0.22773087912920317
-34.758096319083783,-2.5845863764194315,201.11391929558815,1.1113515696251881,-0.23084279024065615
-34.735668581191838,-2.5399089583352534,201.16391032698152,1.0997344530345807,-0.23391874519376021
-34.712719949286488,-2.4954968579195373,201.21390135837493,1.0879645917024943,-0.23695264086208984
-34.68924686823275,-2.451359706980353,201.2638923897683,1.076044245152368,-0.23993816555079517
-34.665246087637257,-2.4075072792361456,201.31388342116168,1.0639759932192718,-0.24286881995082329
-34.640714679994851,-2.3639494763289144,201.36387445255508,1.0517627448372517,-0.24573794136185834
-34.615650058556795,-2.320696312492279,201.41386548394846,1.0394077455335373,-0.24853873120371012
-34.590049994785211,-2.2777578978777351,201.46385651534183,1.0269145834654776,-0.2512642857847765
-34.563912635253388,-2.235144420559068,201.51384754673524,1.0142871938399369,-0.25390763023949514
-34.537236517844434,-2.1928661272458081,201.56383857812861,1.0015298615598232,-0.25646175548582173
-34.510020587097486,-2.1509333027530113,201.61382960952199,0.98864722195171595,-0.25891965798903999
-34.482264208549978,-2.1093562482922468,201.66382064091539,0.9756442594414011,-0.26127438205123438
-34.453967181922806,-2.0681452586635292,201.71381167230876,0.96252630405936057,-0.26351906427833049
-34.42512975299752,-2.0273105984437816,201.76380270370214,0.94929902567703484,-0.2656469798102481
-34.395752624040789,-1.9868624772875549,201.81379373509554,0.93596842589812201,-0.26765158983622406
-34.365836962633708,-1.9468110244651975,201.86378476648892,0.92254082755237443,-0.26952658985959776
-34.33538440879078,-1.9071662628033472,201.91377579788232,0.90902286177559644,-0.27126595812442184
-34.304397080206371,-1.8679380821294091,201.9637668292757,0.89542145266375917,-0.27286400357836649
-34.272879387202259,-1.8291347297995637,202.01375786066907,0.88189777287527837,-0.26758229063784983
-34.240845440592459,-1.7907564412479167,202.06374889206248,0.86866759674671812,-0.26173966027726359
-34.208312055015341,-1.7528005831299307,202.11373992345585,0.85572646652228523,-0.25601913067333038
-34.175295533413603,-1.7152642120774286,202.16373095484923,0.8430681738282616,-0.25042472072465338
-34.141811664206628,-1.6781441124676029,202.21372198624263,0.83068633244951284,-0.24495954210222548
-34.10787572288848,-1.641436830412331,202.26371301763601,0.81857442137841596,-0.2396258906634493
-34.073502475923853,-1.6051387054461272,202.31370404902938,0.80672582340991628,-0.23442533317712846
-34.038706186608778,-1.5692458999601502,202.36369508042279,0.79513385952756643,-0.22935878893250797
-34.003500622593577,-1.5337544264516338,202.41368611181616,0.78379181934330466,-0.22442660598254047
-33.967899064794679,-1.4986601726721018,202.46367714320954,0.77269298786233664,-0.21962863191684256
-33.931914317447323,-1.4639589247679403,202.51366817460294,0.76183066884654382,-0.21496427917700686
-33.895558719079993,-1.4296463885159876,202.56365920599632,0.75119820504731416,-0.21043258501960838
-33.858844154212818,-1.3957182087591962,202.61365023738969,0.74078899557083144,-0.20603226630289295
-33.821782065607131,-1.3621699871517376,202.6636412687831,0.73059651062925401,-0.2017617693259933
-33.784383466914043,-1.3289972983231726,202.71363230017647,0.72061430391864556,-0.19761931498667495
-33.74665895558848,-1.2961957045697576,202.76362333156985,0.71083602285035796,-0.1936029395479929
-33.708618725953244,-1.2637607691795563,202.81361436296325,0.70125541684783754,-0.18971053131844687
-33.670272582314453,-1.2316880684955973,202.86360539435663,0.69186634390557056,-0.18593986355615319
-33.63162995204241,-1.1999732028163022,202.91359642575,0.68266277559092114,-0.18228862390679992
-33.592699898545646,-1.1686118062294817,202.9635874571434,0.67363880065459825,-0.17875444067984275
-33.553491134082549,-1.137599555475364,203.01357848853678,0.66478862740147204,-0.17533490625872308
-33.514012032328289,-1.106932177901117,203.06356951993016,0.65610658495089091,-0.17202759792625372
-33.474270640750134,-1.0766054586634981,203.11356055132356,0.64758712352986036,-0.1688300963839518
-33.434274692590691,-1.0466152471274723,203.16355158271693,0.63922481387125463,-0.16574000220789611
-33.394031618622016,-1.0169574626820965,203.21354261411031,0.63101434585560012,-0.16275495049959099
-33.353548558487695,-0.98762809991833711,203.26353364550371,0.62295052644618398,-0.15987262394704804
-33.31283237173983,-0.95862323332691757,203.31352467689709,0.61502827701731855,-0.15709076452090007
-33.271889648471024,-0.92993902151163288,203.36351570829046,0.60724263012080559,-0.15440718400148346
-33.230726719581831,-0.90157171101167766,203.41350673968387,0.59958872575408462,-0.15181977353199372
-33.189349666662693,-0.87351763977545727,203.46349777107724,0.5920618071709518,-0.14932651237812417
-33.147764331489562,-0.84577324033849677,203.51348880247062,0.58465721627051326,-0.14692547606774167
-33.105976325133405,-0.81833504275431734,203.56347983386402,0.57737038859122713,-0.14461484407762434
-33.063991036685302,-0.79119967732507712,203.6134708652574,0.57019684792870517,-0.14239290722987055
-33.021813641598925,-0.76436387717564691,203.66346189665077,0.56313220058757107,-0.14025807495822853
-32.979449109654681,-0.73782448071454587,203.71345292804418,0.55617212927000659,-0.13820888260485387
-32.936902212550173,-0.71157843402356957,203.76344395943755,0.54931238659542381,-0.13624399891076691
-32.894177531121272,-0.68562279321673669,203.81343499083096,0.54254878823728037,-0.13436223386905338
-32.851279462197766,-0.65995472680872036,203.86342602222433,0.5358772056543587,-0.13256254711904678
-32.808211714818682,-0.63457238867350285,203.91341705361771,0.52918726796327775,-0.13830864602841114
-32.764969285403396,-0.60948883391355979,203.96340808501111,0.52198667984252267,-0.14978017091546056
-32.721540261254958,-0.58472978531019282,204.01339911640449,0.51421080525210705,-0.16131953539699198
-32.677912994472905,-0.56032178911160946,204.06339014779786,0.50585698469407825,-0.17289690878697825
-32.634076412207072,-0.53629179419495676,204.11338117919126,0.49692413329002433,-0.18447911163111846
-32.590020108082697,-0.512667094289319,204.16337221058464,0.48741290982392282,-0.19602956030015817
-32.545734435406445,-0.48947525899993016,204.21336324197802,0.47732588693077627,-0.20750827894528021
-32.501210600956121,-0.466744052991233,204.26335427337142,0.46666771873551488,-0.21887199155605722
-32.456440758004334,-0.4445013429155471,204.31334530476479,0.45544530163290858,-0.23007430625331632
-32.411418097007555,-0.42277499191463702,204.36333633615817,0.44366792332167437,-0.24106600254429916
-32.366136932203389,-0.40159274182238869,204.41332736755157,0.43134739472379374,-0.25179542991926723
-32.320592782205679,-0.38098208355071306,204.46331839894495,0.41849815908186544,-0.26220902280167402
-32.274782442575322,-0.36097011653613159,204.51330943033832,0.40513737238214376,-0.2722519324726404
-32.228704048284392,-0.34158339855020664,204.56330046173173,0.39128494934723951,-0.28186877125838022
-32.182357124048664,-0.32284778763904676,204.6132914931251,0.37696356963852251,-0.29100445817839116
-32.135742620509923,-0.30478827836046596,204.66328252451848,0.36219863958027587,-0.29960514874971977
-32.088862934615847,-0.28742883497760591,204.71327355591188,0.3470182057994074,-0.30761922506631323
-32.041721912642743,-0.27079222455572927,204.76326458730526,0.33145281846299696,-0.31499831626370106
-31.994326693918374,-0.25489423059932514,204.81325561869863,0.31592197792949628,-0.30494481994492401
-31.946694578549288,-0.23972062878182937,204.86324665009204,0.30096116577579662,-0.29365538590484058
-31.898844798737368,-0.22524794501635281,204.91323768148541,0.28655567906750701,-0.28272756744070365
-31.850795199357236,-0.21145304862019504,204.96322871287879,0.27268750310127743,-0.27215836072553434
-31.802562319016999,-0.19831320973738883,205.01321974427219,0.25933884247698197,-0.26194208097998689
-31.754161471370676,-0.18580613982587854,205.06321077566557,0.24649224290327607,-0.25207084039960903
-31.705606824219199,-0.17391002125767097,205.11320180705894,0.23413069072085096,-0.24253496226261892
-31.65691147576203,-0.16260352744579268,205.16319283845235,0.22223769323102052,-0.23332333551725234
-31.608087527546957,-0.15186583477515747,205.21318386984572,0.21079734268530875,-0.22442371470428307
-31.559146153822098,-0.14167662747786708,205.2631749012391,0.19979436654297708,-0.21582297026777719
-31.510097667116501,-0.13201609645881893,205.3131659326325,0.18921416635082214,-0.20750729424240286
-31.460951579971557,-0.12286493294885327,205.36315696402588,0.17904284735528481,-0.19946236605830428
-31.411716662869686,-0.11420431775015069,205.41314799541925,0.16926724073800017,-0.19167348284304528
-31.362400998290088,-0.10601590669459697,205.46313902681266,0.15987492012280266,-0.18412565812644327
-31.313012031235189,-0.098281812898576223,205.51313005820603,0.15085421389262144,-0.17680369242363941
-31.263556616119665,-0.090984586215213714,205.56312108959941,0.14219421459791839,-0.16969221858205796
-31.214041060328654,-0.084107190268843349,205.61311212099281,0.13388478668486267,-0.16277572432010728
-31.164471164585407,-0.07763297734251344,205.66310315238619,0.12591657362703437,-0.15603855383230897
-31.114852152946952,-0.071546551580569731,205.71309418377956,0.11822334341624216,-0.15192053511201595
-31.06518834378528,-0.065837122606166351,205.76308521517296,0.11072805263976601,-0.14793357236034738
-31.015483665150558,-0.060495113571153253,205.81307624656634,0.1034337279026372,-0.14388130036598643
-30.965741843901441,-0.055510741087540928,205.86306727795974,0.096343508082882431,-0.13976873281843755
-30.915966405494729,-0.050874030603385634,205.91305830935312,0.089460285627813052,-0.13560071236622165
-30.866160674573766,-0.046574831733876956,205.96304934074649,0.082786715484277865,-0.13138189590130986
-30.816327776290976,-0.042602833042135496,206.0130403721399,0.076325224695113381,-0.12711674229509778
-30.76647063849164,-0.038947576235962816,206.06303140353327,0.070078022564767098,-0.12280950252004058
-30.716591994461105,-0.035598469719078228,206.11302243492665,0.064047111245047722,-0.11846421203422169
-30.666694386371795,-0.032544801481129176,206.16301346632005,0.05823429665575397,-0.11408468532625396
-30.616780169301673,-0.029775751295338378,206.21300449771343,0.052641199625435169,-0.10967451248278474
-30.566851515778502,-0.027280402207518217,206.2629955291068,0.047269267155537413,-0.10523705763867848
-30.516910420805594,-0.025047751306806445,206.31298656050021,0.042119783718251896,-0.10077545916447975
-30.466958707318074,-0.023066719774205841,206.36297759189358,0.037193882504610323,-0.0962926314424154
-30.416998032023226,-0.021326162211054555,206.41296862328696,0.032492556547159747,-0.091791268082623875
-30.367029891581986,-0.019814875254870429,206.46295965468036,0.028016669648987035,-0.0872738464338947
-30.317055629088618,-0.018521605494671745,206.51295068607374,0.023766967057772155,-0.082742633247419442
-30.267076440810495,-0.017435056702228398,206.56294171746711,0.019744085830704805,-0.07819969135833367
-30.217093383153607,-0.016543896399437413,206.61293274886052,0.015948564842717713,-0.073646887257240792
-30.167107379824287,-0.01583676178527613,206.66292378025389,0.012380854396756414,-0.069085899432376099
-30.117119229115243,-0.015302265048135496,206.71291481164727,0.0090413253975376081,-0.064518227367910352
-30.067129611437,-0.014928998093957074,206.76290584304067,0.0059302780684645047,-0.059945201110614819
-30.01713909679335,-0.014705536717696838,206.81289687443405,0.0030479501672426084,-0.055367991287844406
-29.96714815248836,-0.014620444254167494,206.86288790582742,0.00039452469999854567,-0.050787619522882688
-29.917157150841387,-0.014662274739694364,206.91287893722082,-0.0020298628974582183,-0.046204969156167612
-29.867166376969212,-0.014819575620472545,206.9628699686142,-0.0042251181200250489,-0.041620796215558836
-29.817176036609077,-0.015080890043361066,207.01286100000758,-0.0061911813071658783,-0.037035740579458867
-29.76718626397253,-0.015434758765679516,207.06285203140098,-0.0079280221186172773,-0.032450337285967232
-29.717197129618739,-0.015869721721098726,207.11284306279435,-0.0094356345782918086,-0.027865027948496934
-29.667208648340313,-0.016374319279089694,207.16283409418773,-0.010714032690826651,-0.02328017224534587
-29.617220787055857,-0.016937093235640931,207.21282512558113,-0.011763246633777478,-0.018696059456884774
-29.567233472703343,-0.01754658757313516,207.26281615697451,-0.012583319527328173,-0.014112920029288142
-29.517246600131436,-0.018191349027346933,207.31280718836788,-0.013174304782395129,-0.0095309371486070275
-29.467260039986424,-0.018859927499551687,207.36279821976129,-0.013536264027320813,-0.0049502583128780125
-29.417273646592179,-0.019540876351741645,207.41278925115466,-0.013669265612829152,-0.00037100689301142311
-29.367287265822721,-0.020222752622881476,207.46278028254804,-0.013573383694492836,0.0042067063242575402
-29.317300742966673,-0.020894117204080846,207.51277131394144,-0.01324869789168757,0.0087827716165160569
-29.267313930586504,-0.021543535010443402,207.56276234533482,-0.012695293521819343,0.013357068832935937
-29.217326717887435,-0.022161348152263647,207.61275337672819,-0.012024902748202282,0.013243444987574135
-29.167339107076558,-0.022746067121126541,207.6627444081216,-0.011371453755218938,0.012899239175023801
-29.117351129558369,-0.023298551603212255,207.71273543951497,-0.010735206722738552,0.012555242456075286
-29.067362815074283,-0.023819661006227073,207.76272647090838,-0.010116151299455822,0.012211450741250005
-29.017374191742647,-0.024310254255365749,207.81271750230175,-0.0095142773427619506,0.011867859771771339
-28.967385286103536,-0.024771189801511703,207.86270853369513,-0.008929574927070286,0.011524465124613628
-28.917396123164718,-0.025203325629970436,207.91269956508853,-0.0083620343519081649,0.011181262217522869
-28.867406726447182,-0.025607519269740617,207.96269059648191,-0.0078116461497525309,0.010838246313996462
-28.817417118029958,-0.025984627803303895,208.01268162787528,-0.00727840109361267,0.010495412528222794
-28.767427318595679,-0.026335507876907163,208.06267265926869,-0.0067622902043751858,0.010152755829989441
-28.717437347475805,-0.026661015711329433,208.11266369066206,-0.0062633047579022114,0.0098102710495545
-28.667447222695117,-0.026962007113119017,208.16265472205544,-0.0057814362918807531,0.0094679528824785069
-28.617456961016845,-0.027239337486275442,208.21264575344884,-0.0053166766124388715,0.0091257958944272084
-28.56746657798784,-0.027493861844365478,208.26263678484221,-0.0048690178005232768,0.0087837945259417235
-28.517476087982558,-0.027726434823063008,208.31262781623559,-0.0044384522180296506,0.0084419430971688636
-28.467485504247875,-0.027937910693085561,208.36261884762899,-0.0040249725137060273,0.0081002358125662217
-28.41749483894818,-0.028129143373516963,208.41260987902237,-0.0036285716288235815,0.0077586667655785259
-28.367504103208816,-0.028300986445506684,208.46260091041574,-0.0032492428026029817,0.0074172299432745756
-28.317513307160961,-0.028454293166318666,208.51259194180915,-0.0028869795774207822,0.0070759192309647716
-28.267522459986012,-0.028589916483721698,208.56258297320252,-0.0025417758037830375,0.0067347284167891559
-28.217531569959249,-0.028708709050706525,208.6125740045959,-0.0022136256450650642,0.0063936511962737093
-28.167540644494053,-0.028811523240509666,208.6625650359893,-0.0019025235820293212,0.0060526811768661136
-28.117549690186401,-0.028899211161931247,208.71255606738268,-0.0016084644171185177,0.0057118118824491413
-28.067558712858016,-0.028972624674934361,208.76254709877605,-0.001331443278515927,0.0053710367578220959
-28.01756771760072,-0.029032615406505334,208.81253813016946,-0.0010714556239907187,0.005030349173169921
-27.96757670882036,-0.029080034766764448,208.86252916156283,-0.00082849724451660638,0.0046897424285075127
-27.917585690279964,-0.029115733965310898,208.91252019295621,-0.00060256426766677762,0.0043492097581013392
-27.867594665143827,-0.029140564027786118,208.96251122434961,-0.00039365316079210082,0.004008744334878067
-27.817603636021481,-0.029155375812641673,209.01250225574299,-0.00020176073397922928,0.0036683392748168833
-27.767612605010463,-0.029161020028097555,209.06249328713636,-2.6884142784694257e-05,0.0033279876413176849
-27.717621573740377,-0.029158347249274543,209.11248431852977,0.0001309791092433655,0.0029876824495645277
-27.667630543416589,-0.029148207935487488,209.16247534992314,0.00027183116826325624,0.0026474166708733904
-27.617639514863196,-0.029131452447684277,209.21246638131652,0.00039567382805669367,0.0023071832370236542
-27.567648488566537,-0.029108931066015781,209.26245741270992,0.00050250852815981962,0.0019669750445838975
-27.517657464719292,-0.029081494007523145,209.3124484441033,0.00059233635220983373,0.0016267849592315701
-27.467666443262829,-0.029049991443926376,209.36243947549667,0.00066515802651017687,0.001286605820055343
-27.417675424012785,-0.029015159143191745,209.41243050689008,0.00072814900270520974,0.0012465031673676592
-27.367684407030012,-0.028977211692672762,209.46242153828345,0.00078980073011764062,0.0012200082439211243
-27.317693392454295,-0.028936215316709511,209.51241256967683,0.00085012793273449489,0.0011935126714709941
-27.267702380413134,-0.028892236230597886,209.56240360107023,0.00090913057825229183,0.0011670164556283112
-27.217711371022641,-0.028845340651242678,209.61239463246361,0.00096680863464497556,0.0011405196019042426
-27.16772036438681,-0.028795594797141749,209.66238566385701,0.0010231620701601695,0.0011140221157117484
-27.117729360598595,-0.028743064888372191,209.71237669525038,0.0010781908533133513,0.0010875240023682548
-27.067738359739845,-0.028687817146575711,209.76236772664376,0.0011318949528835241,0.0010610252670976877
-27.017747361881536,-0.028629917794944611,209.81235875803716,0.0011842743379086489,0.0010345259150326698
-26.967756367084164,-0.028569433058208277,209.86234978943054,0.0012353289776809398,0.0010080259512168387
-26.917765375398002,-0.028506429162619744,209.91234082082391,0.0012850588417425289,0.00098152538060704069
-26.867774386863154,-0.028440972335942359,209.96233185221732,0.0013334638998813936,0.00095502420807543986
-26.817783401510102,-0.028373128807437299,210.01232288361069,0.0013805441221268618,0.00092852243841191125
-26.767792419359861,-0.02830296480785089,210.06231391500407,0.0014262994787456885,0.00090202007632619375
-26.717801440424015,-0.028230546569401986,210.11230494639747,0.0014707299402382944,0.00087551712645000024
-26.667810464705401,-0.028155940325770519,210.16229597779085,0.0015138354773345604,0.00084901359333945496
-26.617819492198173,-0.02807921231208543,210.21228700918422,0.0015556160609902796,0.00082250948147721608
-26.567828522887822,-0.028000428764912759,210.26227804057763,0.0015960716623837281,0.00079600479527457905
-26.517837556751864,-0.027919655922244983,210.312269071971,0.0016352022529118086,0.00076949953907392166
-26.467846593759937,-0.027836960023489645,210.36226010336438,0.0016730078041868146,0.00074299371715083802
-26.417855633873796,-0.027752407309458101,210.41225113475778,0.0017094882880333241,0.00071648733371623132
-26.367864677048033,-0.027666064022355524,210.46224216615116,0.0017446436764847011,0.00068998039291877161
-26.317873723230083,-0.027577996405770161,210.51223319754453,0.0017784739417802083,0.00066347289884700672
-26.267882772360398,-0.027488270704662754,210.56222422893794,0.0018109790563621475,0.00063696485553150638
-26.217891824372977,-0.02739695316535708,210.61221526033131,0.0018421589928728018,0.0006104562669472745
-26.167900879195503,-0.02730411003552978,210.66220629172469,0.0018720137241518291,0.00058394713701587664
-26.117909936749399,-0.027209807564200311,210.71219732311809,0.0019005432232337407,0.00055743746960758517
-26.067918996950443,-0.027114112001721993,210.76218835451147,0.0019277474633452179,0.00053092726854376453
-26.017928059708957,-0.027017089599772587,210.81217938590484,0.0019536264179027376,0.00050441653759909788
-25.967937124929652,-0.026918806611344149,210.86217041729824,0.0019781800605105444,0.0004779052805035531
-25.917946192512606,-0.026819329290735459,210.91216144869162,0.002001408364958076,0.00045139350094503027
-25.867955262352982,-0.026718723893541973,210.962152480085,0.0020233113052182078,0.00042488120257128727
-25.817964334341362,-0.026617056676647096,211.0121435114784,0.0020438888554452604,0.00039836838899219622
-25.767973408364181,-0.02651439389821391,211.06213454287177,0.0020631409899730729,0.00037185506378208772
-25.717982484304073,-0.02641080181767675,211.11212557426515,0.0020810676833132712,0.00034534123048201009
-25.667991562039678,-0.026306346695731835,211.16211660565855,0.0020976689101538234,0.00031882689260172341
-25.618000641446386,-0.02620109479432987,211.21210763705193,0.002112944645357352,0.00029231205362219704
-25.568009722396447,-0.026095112376667458,211.2620986684453,0.0021268948639598228,0.0002657967169977305
-25.518018804759016,-0.025988465707178564,211.31208969983871,0.0021395195411693059,0.00023928088615811626
-25.468027888400812,-0.025881221051527133,211.36208073123208,0.0021508186523647218,0.00021276456451104126
-25.41803697318613,-0.025773444676598627,211.41207176262546,0.0021607921730948461,0.00018624775544420714
-25.368046058976972,-0.025665202850491762,211.46206279401886,0.0021694400790773895,0.00015973046232749502
-25.318055145633679,-0.025556561842511361,211.51205382541224,0.0021767623461980937,0.00013321268851538084
-25.268064233014993,-0.025447587923160191,211.56204485680564,0.0021827589505100582,0.0001066944373490866
-25.218073320978181,-0.025338347364130723,211.61203588819902,0.0021874298682331489,8.0175712158715148e-05
-25.168082409379597,-0.025228906438298105,211.66202691959239,0.002190775075753455,5.3656516265655174e-05
-25.118091498074804,-0.0251193314197121,211.7120179509858,0.0021927945496229423,2.7136852984744875e-05
-25.068100586918614,-0.025009688583588902,211.76200898237917,0.0021934882665591731,6.1672562639632254e-07
-25.018109675765825,-0.024900044206304376,211.81200001377255,0.0021928562034451366,-2.590386250095987e-05
-24.968118764471118,-0.024790464565385795,211.86199104516595,0.002190898337329209,-5.2424908088749587e-05
-24.91812785288942,-0.024681015939504027,211.91198207655933,0.0021876146454252138,-7.8946407826075549e-05
-24.868136940876159,-0.024571764608466159,211.9619731079527,0.0021830051051125962,-0.00010546835839738209
-24.818146028287632,-0.024462776853207753,212.01196413934611,0.0021770696939367178,-0.00013199075648023326
-24.768155114981042,-0.024354118955784789,212.06195517073948,0.0021698083896092364,-0.00015851359874315967
-24.71816420081505,-0.024245857199366418,212.11194620213286,0.0021612211700086422,-0.00018503688184328025
-24.668173285649846,-0.024138057868226804,212.16193723352626,0.0021513080131808715,-0.00021156060242416439
-24.618182369347334,-0.024030787247737061,212.21192826491964,0.0021400688973400093,-0.00023808475711363435
-24.568191451771686,-0.023924111624357997,212.26191929631301,0.0021275038008691906,-0.00026460934252138838
-24.518200532789436,-0.023818097285631831,212.31191032770641,0.0021136127023215468,-0.00029113435523681861
-24.468209612269543,-0.023712810520173676,212.36190135909979,0.0020983955804211975,-0.00031765979182691174
-24.41821869008411,-0.02360831761766442,212.41189239049316,0.0020818524140645651,-0.00034418564883375918
-24.368227766108276,-0.023504684868841826,212.46188342188657,0.0020639831823215725,-0.00037071192277249917
-24.318236840220496,-0.023401978565492261,212.51187445327994,0.0020447878644370377,-0.00039723861012907867
-24.268245912303144,-0.023300265000442941,212.56186548467332,0.0020242664398323028,-0.00042376570735785967
-24.218254982242421,-0.023199610467552912,212.61185651606672,0.0020024188881067641,-0.00045029321087951838
-24.168264049928631,-0.023100081261704378,212.6618475474601,0.0019792451890395853,-0.0004768211170788368
-24.118273115256748,-0.023001743678794633,212.71183857885347,0.001954745322591692,-0.00050334942230229073
-24.06828217812637,-0.022904664015726633,212.76182961024688,0.0019289192689076033,-0.00052987812285596597
-24.018291238442082,-0.022808908570400289,212.81182064164025,0.0019017670083175484,-0.00055640721500327503
-23.968300296113817,-0.022714543641703451,212.86181167303363,0.0018732885213397067,-0.00058293669496266157
-23.918309351057065,-0.022621635529502686,212.91180270442703,0.0018434837886824947,-0.00060946655890538738
-23.868318403192898,-0.022530250534633353,212.96179373582041,0.0018123527912468252,-0.00063599680295341621
-23.818327452448663,-0.022440454958890878,213.01178476721378,0.0017798955101288876,-0.00066252742317694953
-23.768336498758043,-0.022352315105020643,213.06177579860719,0.0017461119266226875,-0.00068905841559228594
-23.718345542061069,-0.022265897276707663,213.11176683000056,0.0017110020222226103,-0.00071558977615971352
-23.668354582304882,-0.022181267778567309,213.16175786139394,0.0016745657786266016,-0.00074212150078102363
-23.618363619443617,-0.022098492916134471,213.21174889278734,0.001636803177738931,-0.00076865358529743151
-23.568372653438704,-0.022017638995853055,213.26173992418072,0.0015977142016732431,-0.00079518602548735075
-23.518381684259413,-0.021938772325065851,213.31173095557409,0.0015572988327560017,-0.00082171881706398443
-23.468390711882869,-0.021861959212003155,213.3617219869675,0.0015155570535296283,-0.00084825195567320632
-23.418399736294162,-0.021787265965771446,213.41171301836087,0.0014724888467557309,-0.00087478543689143275
-23.368408757487089,-0.021714758896342813,213.46170404975427,0.0014280941954191069,-0.00090131925622308521
-23.318417775464049,-0.021644504314542748,213.51169508114765,0.0013823730827310378,-0.0009278534090985728
-23.268426790236244,-0.021576568532038307,213.56168611254103,0.00133532549213301,-0.00095438789087206319
-23.218435801824356,-0.021511017861326566,213.61167714393443,0.0012869514073009221,-0.00098092269681904253
-23.168444810258457,-0.021447918615721838,213.6616681753278,0.0012372508121488109,-0.0010074578221342294
-23.118453815578263,-0.021387337109343055,213.71165920672118,0.001186223690832854,-0.0010339932619293725
-23.068462817833659,-0.021329339657101241,213.76165023811458,0.0011338700277558889,-0.0010605290112308389
-23.01847181708483,-0.021273992574686176,213.81164126950796,0.0010801898075715887,-0.0010870650649774573
-22.968480813402298,-0.021221362178552736,213.86163230090133,0.0010251830151886548,-0.0011136014180183845
-22.918489806867573,-0.021171514785907591,213.91162333229474,0.00096884963577575651,-0.0011401380651106673
-22.868498797573334,-0.021124516714695028,213.96161436368811,0.00091118965476611423,-0.0011666750009170421
-22.818507785623275,-0.021080434283582278,214.01160539508149,0.00085220305786180817,-0.0011932122200039017
-22.768516771132958,-0.021039333811945393,214.06159642647489,0.00079188983103932237,-0.0012197497168387418
-22.718525754229809,-0.021001281619853974,214.11158745786827,0.00073024996055421211,-0.0012462874857880743
-22.6685347350532,-0.020966344028055781,214.16157848926164,0.00066728343294600258,-0.001272825521115267
-22.618543713755102,-0.020934587357961356,214.21156952065505,0.0006029902350438948,-0.0012993638169780902
-22.568552690500056,-0.020906077931627798,214.26156055204842,0.00053737035397170309,-0.0013259023674266426
-22.518561665465434,-0.020880882071742459,214.3115515834418,0.00047042377715331531,-0.0013524411664010904
-22.468570638841971,-0.020859066101606372,214.3615426148352,0.00040215049231856232,-0.0013789802077293048
-22.418579610833774,-0.020840696345117017,214.41153364622858,0.00033255048750860833,-0.0014055194851247234
-22.368588581658621,-0.020825839126750942,214.46152467762195,0.00026162375108168111,-0.0014320589921841267
-22.318597551548333,-0.020814560771545903,214.51151570901536,0.00018937027171921875,-0.0014585987223852935
-22.268606520749024,-0.020806927605082695,214.56150674040873,0.00011579003843176598,-0.001485138669084801
-22.218615489521124,-0.020803005953466434,214.61149777180211,4.0883040564776074e-05,-0.0015116788255158948
-22.16862445814002,-0.020802862143307628,214.66148880319551,-3.5350732194592065e-05,-0.0015382191847860352
-22.118633426896157,-0.02080656250170268,214.71147983458889,-0.00011291128981142631,-0.0015647597398747645
-22.068642396095061,-0.020814173356214057,214.76147086598226,-0.0001917986418969194,-0.0015913004836315687
-22.018651366058048,-0.020825761034849989,214.81146189737566,-0.00027201279770118226,-0.0016178414087734138
-21.968660337122252,-0.020841391866043717,214.86145292876904,-0.0003535537661068585,-0.0016443825078826164
-21.918669309640627,-0.020861132178632502,214.91144396016242,-0.00043642155562285392,-0.0016709237734047549
-21.868678283982813,-0.020885048301835747,214.96143499155582,-0.00052061617437636838,-0.0016974651976460848
-21.818687260534997,-0.020913206565233107,215.01142602294919,-0.00060613763010661237,-0.0017240067727715368
-21.768696239700098,-0.020945673298741981,215.06141705434257,-0.00069298593015778502,-0.0017505484908024985
-21.71870522189834,-0.020982514832594411,215.11140808573597,-0.00078116108147134199,-0.0017770903436144189
-21.668714207567309,-0.021023797497313632,215.16139911712935,-0.00087066309057892807,-0.0018036323229346533
-21.618723197162183,-0.021069587623690243,215.21139014852272,-0.00096149196359509974,-0.0018301744203402797
-21.568732191156311,-0.021119951542757413,215.26138117991613,-0.0010536477062091005,-0.0018567166272556578
-21.518741190041034,-0.02117495558576632,215.3113722113095,-0.0011471303236779782,-0.0018832589349504283
-21.468750194326166,-0.021234666084160567,215.36136324270291,-0.0012419398208184727,-0.0019098013345371779
-21.418759204540464,-0.021299149369549849,215.41135427409628,-0.0013380762019986015,-0.001936343816969052
-21.368768221231505,-0.021368471773683985,215.46134530548966,-0.0014355394711304879,-0.0019628863730377592
-21.318777244966039,-0.021442699628425783,215.51133633688306,-0.0015343296316619988,-0.0019894289933712608
-21.268786276330683,-0.021521899265722837,215.56132736827644,-0.0016344466865676596,-0.0020159716684313078
-21.218795315931516,-0.021606137017580403,215.61131839966981,-0.0017358906383416551,-0.0020425143885115606
-21.168804364394727,-0.021695479216032154,215.66130943106322,-0.0018386614889885399,-0.0020690571437351384
-21.118813422367108,-0.02178999219311056,215.71130046245659,-0.0019427592400142633,-0.0020955999240522723
-21.068822490515679,-0.021889742280818199,215.76129149384997,-0.0020481838924187234,-0.0021221427192383941
-21.018831569528317,-0.021994795811096774,215.81128252524337,-0.002154935446686229,-0.0021486855188917039
-20.968840660114381,-0.022105219115795459,215.86127355663675,-0.0022630139027758904,-0.0021752283124307666
-20.918849763004264,-0.02222107852664066,215.91126458803012,-0.0023724192601139449,-0.0022017710890926061
-20.868858878949961,-0.02234244037520354,215.96125561942353,-0.0024831515175841815,-0.0022283138379303657
-20.818868008725765,-0.022469370992865983,216.0112466508169,-0.002595210673517527,-0.0022548565478107893
-20.76887715312769,-0.022601936710789462,216.06123768221028,-0.00270859672568472,-0.0022813992074124691
-20.718886312974359,-0.022740203859879449,216.11122871360368,-0.0028233096712853276,-0.0023079418052232652
-20.668895489107275,-0.022884238770750791,216.16121974499706,-0.0029393495069381984,-0.0023344843295380687
-20.618904682390596,-0.023034107773693826,216.21121077639043,-0.0030567162286728516,-0.0023610267684568299
-20.568913893711741,-0.023189877198637632,216.26120180778383,-0.0031754098319189063,-0.002387569109882142
-20.518923123981921,-0.023351613375112597,216.31119283917721,-0.0032954303114955158,-0.0024141113415168721
-20.468932374135775,-0.023519382632215299,216.36118387057058,-0.00341677766160283,-0.0024406534508622608
-20.41894164513193,-0.023693251298569688,216.41117490196399,-0.0035394518758111318,-0.0024671954252155287
-20.368950937953688,-0.023873285702287222,216.46116593335736,-0.0036634529470495917,-0.0024937372516674328
-20.318960253608484,-0.024059552170930334,216.51115696475074,-0.0037887808675977817,-0.0025202789171004502
-20.268969593128574,-0.02425211703147135,216.56114799614414,-0.0039154356290742962,-0.0025468204081863458
-20.218978957571711,-0.024451046610250105,216.61113902753752,-0.0040434172224249713,-0.0025733617113837008
-20.168988348020484,-0.024656407232936408,216.66113005893089,-0.0041727256379146338,-0.0025999028129361961
-20.118997765583185,-0.024868265224485767,216.7111210903243,-0.0043033608651147099,-0.0026264436988700604
-20.069007211394297,-0.025086686909095678,216.76111212171767,-0.0044353228928917278,-0.0026529843549917267
-20.019016686608893,-0.025311738610188737,216.81110315311105,-0.0045686117094118897,-0.0026795247668887075
-19.969026192429116,-0.02554348665024915,216.86109418450445,-0.0047032273020598311,-0.0027060649199134859
-19.919035729940035,-0.025781973770935159,216.91108521589783,-0.0048376756209185835,-0.0026694972770571839
-19.869045299721787,-0.026027132158606296,216.9610762472912,-0.004970124486720507,-0.0026294077550118294
-19.819054902159987,-0.026278861626415115,217.01106727868461,-0.0051005692247298494,-0.0025893177866422971
-19.769064537601132,-0.026537061982382575,217.06105831007798,-0.0052290098131116975,-0.0025492273909889494
-19.719074206340387,-0.026801633033617992,217.11104934147136,-0.0053554462310016742,-0.0025091365865833148
-19.669083908670498,-0.02707247458611519,217.16104037286476,-0.0054798784583593952,-0.0024690453914945156
-19.619093644810249,-0.027349486445186106,217.21103140425814,-0.0056023064761266126,-0.0024289538232790961
-19.569103414951254,-0.027632568415268573,217.26102243565154,-0.0057227302660855517,-0.0023888618990257899
-19.519113219253857,-0.027921620299996217,217.31101346704492,-0.005841149810848433,-0.002348769635359424
-19.469123057839873,-0.028216541902288884,217.36100449843829,-0.0059575650938533857,-0.0023086770484423459
-19.419132930795648,-0.02851723302438465,217.41099552983169,-0.0060719760993355578,-0.0022685841539840826
-19.369142838172948,-0.028823593467882158,217.46098656122507,-0.006184382812304043,-0.0022284909672492734
-19.319152779989576,-0.029135523033782581,217.51097759261845,-0.0062947852185197351,-0.0021883975030654182
-19.269162756229548,-0.029452921522533537,217.56096862401185,-0.0064031833044746857,-0.0021483037758302124
-19.219172766844192,-0.029775688734065341,217.61095965540522,-0.0065095770573696714,-0.0021082097995196811
-19.169182811752641,-0.030103724467829936,217.6609506867986,-0.0066139664650935858,-0.0020681155876957945
-19.119192890842005,-0.030436928522840467,217.710941718192,-0.0067163515162038008,-0.002028021153513841
-19.069203003968614,-0.030775200697702582,217.76093274958538,-0.0068167321999047141,-0.0019879265097306571
-19.019213150958304,-0.031118440790650636,217.81092378097875,-0.0069151085060286804,-0.0019478316687120921
-18.969223331606798,-0.031466548599582235,217.86091481237216,-0.0070114804250171053,-0.0019077366424405373
-18.9192335456808,-0.031819423922086372,217.91090584376553,-0.0071058479479004857,-0.0018676414425230505
-18.869243792918244,-0.032176966555476187,217.96089687515891,-0.0071982110662805084,-0.0018275460801988022
-18.819254073028937,-0.032539076296818167,218.01088790655231,-0.007288569772311823,-0.0017874505663468018
-18.769264385695344,-0.032905652942958594,218.06087893794569,-0.007376924058683859,-0.0017473549114937884
-18.719274730572966,-0.033276596290552136,218.11086996933906,-0.0074632739186038148,-0.0017072591258217697
-18.669285107291074,-0.033651806136086537,218.16086100073247,-0.0075476193457793836,-0.0016671632191758465
-18.619295515453295,-0.034031182275907484,218.21085203212584,-0.0076299603344021551,-0.0016270672010719254
-18.569305954638235,-0.034414624506241817,218.26084306351922,-0.0077102968791312922,-0.0015869710807044637
-18.519316424399886,-0.034802032623221742,218.31083409491262,-0.0077886289750779972,-0.0015468748669540285
-18.469326924268607,-0.035193306422903081,218.360825126306,-0.0078649566177893798,-0.0015067785683953441
-18.419337453751428,-0.035588345701288257,218.41081615769937,-0.0079392798032338532,-0.0014666821933047663
-18.369348012332583,-0.035987050254346328,218.46080718909278,-0.0080115985277865159,-0.0014265857496679481
-18.319358599474509,-0.036389319878028181,218.51079822048615,-0.0080819127882142041,-0.00138648924518791
-18.269369214618088,-0.036795054368287193,218.56078925187953,-0.0081502225816620956,-0.0013463926872924511
-18.219379857183306,-0.037204153521095316,218.61078028327293,-0.0082165279056400572,-0.0013062960831419471
-18.169390526569984,-0.03761651713245804,218.66077131466631,-0.0082808287580092965,-0.0012661994396371608
-18.119401222158391,-0.038032044998429028,218.71076234605968,-0.0083431251369695657,-0.0012261027634270032
-18.069411943309568,-0.038450636915126707,218.76075337745309,-0.0084034170410471117,-0.0011860060609160256
-18.019422689366255,-0.038872192678744887,218.81074440884646,-0.0084617044690822596,-0.0011459093382724097
-17.969433459653466,-0.039296612085565577,218.86073544023984,-0.0085179874202178305,-0.0011058126014356782
-17.919444253478741,-0.039723794931973616,218.91072647163324,-0.0085722658938882888,-0.0010657158561241538
-17.869455070133238,-0.040153641014463705,218.96071750302661,-0.0086245398898083473,-0.0010256191078430717
-17.819465908891985,-0.040586050129653731,219.01070853441999,-0.0086748094079628791,-0.00098552236189204038
-17.769476769014599,-0.041020922074293781,219.06069956581339,-0.0087230744485967335,-0.00094542562337283627
-17.719487649745876,-0.041458156645274635,219.11069059720677,-0.0087693350122049919,-0.00090532889719718271
-17.669498550316547,-0.041897653639635622,219.16068162860017,-0.0088135910995235864,-0.00086523218809454359
-17.619509469943541,-0.042339312854574866,219.21067265999355,-0.0088558427115206471,-0.00082513550061962915
-17.569520407830851,-0.042783034087454472,219.26066369138692,-0.0088960898493877349,-0.00078503883916032093
-17.51953136317017,-0.043228717135807074,219.31065472278033,-0.0089343325145316826,-0.00074494220794541909
-17.469542335141234,-0.043676261797344219,219.3606457541737,-0.0089705707085670442,-0.00070484561105217702
-17.41955332291267,-0.044125567869959512,219.41063678556708,-0.0090048044333084741,-0.00066474905241426126
-17.369564325642642,-0.044576535151734105,219.46062781696048,-0.0090370336907637881,-0.00062465253582946604
-17.319575342479009,-0.045029063440945177,219.51061884835386,-0.0090672584831276316,-0.00058455606496711141
-17.269586372560514,-0.045483052536064848,219.56060987974723,-0.0090954788127748532,-0.0005444596433762626
-17.219597415017098,-0.045938402235766972,219.61060091114064,-0.0091216946822548911,-0.00050436327449321198
-17.169608468970289,-0.046395012338932624,219.66059194253401,-0.0091459060942864386,-0.00046426696164904459
-17.119619533534355,-0.046852782644648289,219.71058297392739,-0.0091681130517520838,-0.00042417070807781554
-17.069630607816407,-0.04731161295221336,219.76057400532079,-0.0091883155576939126,-0.00038407451692388497
-17.01964169091713,-0.047771403061141755,219.81056503671417,-0.009206513615309133,-0.00034397839124973524
-16.969652781931568,-0.048232052771162402,219.86055606810754,-0.0092227072279461204,-0.00030388233404387752
-16.919663879949614,-0.048693461882222469,219.91054709950095,-0.0092368963991009551,-0.00026378634822847807
-16.869674984056413,-0.049155530194491218,219.96053813089432,-0.0092490811324143583,-0.00022369043666692391
-16.819686093333342,-0.049618157508358122,220.0105291622877,-0.0092592614316688339,-0.00018359460217187649
-16.769697206858417,-0.050081243624436264,220.0605201936811,-0.0092674373007863974,-0.00014349884751283364
-16.719708323706627,-0.050544688343566173,220.11051122507448,-0.0092736087438266175,-0.00010340317542365596
-16.669719442951163,-0.051008391466811527,220.16050225646785,-0.0092777757649849923,-6.3307588610784986e-05
-16.619730563663474,-0.051472252795465155,220.21049328786125,-0.0092799383685917714,-2.3212089760555617e-05
-16.569741684914028,-0.051936172131048709,220.26048431925463,-0.0092800965591111825,1.68833184529437e-05
-16.519752805773059,-0.052400049275312825,220.31047535064801,-0.0092782503411409836,5.6978633360052327e-05
-16.469763925311046,-0.052863784030238808,220.36046638204141,-0.0092743997194124368,9.7073852287867001e-05
-16.419775042599191,-0.053327276198041243,220.41045741343478,-0.0092685446987906626,0.00013716897255263374
-16.369786156710301,-0.053790425581166354,220.46044844482816,-0.0092606852842753891,0.00017726399145178473
-16.31979726671927,-0.054253131982294471,220.51043947622156,-0.0092508214810020847,0.00021735890625630729
-16.269808371703434,-0.054715295204343456,220.56043050761494,-0.0092389532942434259,0.00025745371420320264
-16.219819470743669,-0.055176815050465615,220.61042153900831,-0.0092250807294112849,0.00029754841248737273
-16.16983056292457,-0.055637591324052889,220.66041257040172,-0.0092092037920589367,0.00033764299825420356
-16.119841647335228,-0.056097523828737401,220.71040360179509,-0.0091913224878837647,0.00037773746859172608
-16.069852723069804,-0.056556512368393146,220.76039463318847,-0.0091714368227303195,0.00041783182052288452
-16.019863789228229,-0.057014456747137454,220.81038566458187,-0.0091495468025938088,0.00045792605099774156
-15.969874844916532,-0.057471256769335684,220.86037669597525,-0.0091256524336237946,0.00049802015688595492
-15.91988588924781,-0.057926812239600591,220.91036772736862,-0.0090997537221285969,0.00053811413496877218
-15.869896921342594,-0.058381022962797263,220.96035875876203,-0.0090718506745797907,0.00057820798193146893
-15.819907940329427,-0.058833788744046635,221.0103497901554,-0.0090419432976171724,0.00061830169435565764
-15.769918945345582,-0.059285009388727848,221.06034082154881,-0.0090100315980542016,0.00065839526871145097
-15.719929935537728,-0.059734584702481691,221.11033185294218,-0.0089761155828838139,0.00069848870134969049
-15.669940910062275,-0.060182414491217209,221.16032288433556,-0.0089401952592844097,0.00073858198849442432
-15.619951868086185,-0.060628398561114523,221.21031391572896,-0.0089022706346265131,0.00077867512623500947
-15.569962808787652,-0.061072436718629233,221.26030494712234,-0.0088623417164797793,0.00081876811051831736
-15.519973731356298,-0.061514428770501818,221.31029597851571,-0.0088204085126199847,0.00085886093714134177
-15.469984634994322,-0.061954274523758748,221.36028700990911,-0.008776471031037146,0.0008989536017430269
-15.419995518916759,-0.062391873785722161,221.41027804130249,-0.0087305292799433557,0.00093904609979681081
-15.370006382351967,-0.062827126364018188,221.46026907269587,-0.0086825832677811018,0.00097913842660300298
-15.320017224542694,-0.06325993206658044,221.51026010408927,-0.0086326330032325763,0.0010192305772806763
-15.270028044746349,-0.063690190701661459,221.56025113548264,-0.0085806784952286129,0.0010593225467602115
-15.22003884223539,-0.064117802077843331,221.61024216687602,-0.0085267197529580712,0.0010994143297757407
-15.17004961629851,-0.064542666004042279,221.66023319826942,-0.008470756785878459,0.0011395059208569509
-15.120060366240844,-0.06496468228952236,221.7102242296628,-0.0084127896037259481,0.0011795973143216808
-15.070071091384573,-0.065383750743906691,221.76021526105617,-0.0083528182165261023,0.0012196885042682092
-15.020081791069618,-0.065799771177187827,221.81020629244958,-0.0082908426346052014,0.0012597794845674256
-14.970092464654433,-0.066212643399738938,221.86019732384295,-0.0082268628686020234,0.0012998702488549779
-14.920103111516058,-0.066622267222331666,221.91018835523633,-0.0081608789294790839,0.0013399607905239916
-14.87011373105133,-0.06702854245614466,221.96017938662973,-0.0080928908285357766,0.0013800511027168394
-14.820124322677184,-0.067431368912781509,222.01017041802311,-0.0080228985774206674,0.0014201411783176835
-14.770134885831169,-0.067830646404286474,222.06016144941648,-0.007950902188144501,0.0014602310099448108
-14.720145419972321,-0.068226274743159315,222.11015248080989,-0.0078769016730940375,0.0015003205899427018
-14.670155924581611,-0.068618153742373733,222.16014351220326,-0.0078008970450457616,0.0015404099103744299
-14.620166399162414,-0.069006183215396907,222.21013454359664,-0.0077228883171798846,0.0015804989630140555
-14.570176843241388,-0.069390262976206457,222.26012557499004,-0.0076428755030954441,0.0016205877393386801
-14.520187256369001,-0.069770292839311507,222.31011660638342,-0.0075608586168252351,0.0016606762305207867
-14.470197638119863,-0.070146172619775973,222.36010763777679,-0.0074768376728507491,0.0017007644274207507
-14.420207988093656,-0.070517802133238383,222.4100986691702,-0.0073908126861185492,0.0017408523205788575
-14.370218305915753,-0.070885081195935146,222.46008970056357,-0.0073027836720564775,0.0017809399002075702
-14.320228591237463,-0.071247909624727504,222.51008073195695,-0.007212750646589639,0.001821027156184101
-14.27023884373695,-0.071606187237124932,222.56007176335035,-0.0071207136261578746,0.0018611140780424567
-14.220249063119839,-0.071959813851311644,222.61006279474373,-0.0070266726277331635,0.0019012006549657045
-14.170259249119525,-0.07230868928617655,222.6600538261371,-0.0069306276688367845,0.0019412868757785141
-14.120269401498145,-0.072652713361339605,222.71004485753051,-0.0068325787675581253,0.0019813727289391429
-14.070279520046986,-0.0729917858971834,222.76003588892388,-0.0067325259425728527,0.0020214582025318869
-14.020289604586925,-0.0733258067148857,222.81002692031726,-0.0066304692131614216,0.0020615432842595021
-13.970299654969512,-0.073654675636448674,222.86001795171066,-0.0065264085992293728,0.0021016279614351065
-13.920309671077103,-0.073978292484736322,222.91000898310403,-0.0064203441213259906,0.0021417122209748682
-13.87031965282349,-0.074296557083509129,222.96000001449744,-0.0063122758006644315,0.0021817960493902616
-13.820329600155103,-0.074609369257457106,223.00999104589081,-0.0062022036591434099,0.0022218794327798926
-13.770339513050667,-0.074916628832243565,223.05998207728419,-0.006090127719365992,0.002261962356822563
-13.720349391522408,-0.075218235634540623,223.10997310867759,-0.0059760480046620731,0.0023020448067690778
-13.6703592356169,-0.075514089492068559,223.15996414007097,-0.0058599645391105588,0.002342126767434356
-13.620369045414851,-0.075804090233642804,223.20995517146434,-0.0057418773475594789,0.0023822082231903909
-13.570378821032255,-0.076088137689214089,223.25994620285775,-0.0056217864556495764,0.0024222891579581064
-13.520388562621228,-0.076366131689912492,223.30993723425112,-0.00549969188983761,0.002462369555199496
-13.470398270369909,-0.076637972068097832,223.3599282656445,-0.0053755936774178316,0.0025024493979104762
-13.420407944503443,-0.076903558657405641,223.4099192970379,-0.0052494918465463749,0.0025425286686129064
-13.37041758528499,-0.077162791292794658,223.45991032843128,-0.0051213864262661555,0.0025826073493465753
-13.320427193015416,-0.077415569810602991,223.50990135982465,-0.0049912774465289229,0.002622685421662239
-13.270436768034493,-0.077661794048597646,223.55989239121806,-0.0048591649382213461,0.0026627628666134702
-13.220446310721758,-0.077901363846027874,223.60988342261143,-0.0047250489331908153,0.0027028396647487607
-13.17045582149632,-0.078134179043685331,223.65987445400481,-0.0045889294642687158,0.0027429157961045081
-13.120465300818054,-0.078360139483958757,223.70986548539821,-0.0044508065652978405,0.0027829912401968406
-13.070474749188133,-0.078579145010894136,223.75985651679159,-0.0043106802711584099,0.0028230659760140149
-13.020484167149448,-0.078791095470256547,223.80984754818496,-0.0041685506177941535,0.0028631399820088816
-12.970493555287199,-0.078995890709593383,223.85983857957837,-0.0040244176422391895,0.0029032132360912529
-12.920502914229846,-0.07919343057829753,223.90982961097174,-0.0038782813826464422,0.0029432857156199274
-12.870512244649275,-0.079383614927675886,223.95982064236512,-0.003730141878314028,0.0029833573973954142
-12.820521547261498,-0.079566343611017304,224.00981167375852,-0.0035799991697137313,0.0030234282576521603
-12.770530822827713,-0.079741516483661248,224.0598027051519,-0.0034278532985207921,0.003063498272050567
-12.720540072154193,-0.079909033403072413,224.10979373654527,-0.0032737043076407429,0.0031035674156698763
-12.670549296092645,-0.080068794228915663,224.15978476793867,-0.0031175522412377086,0.0031436356630007581
-12.620558495546877,-0.080220698823113279,224.20977579933205,-0.0029593971447833723,0.0031837029879327643
-12.570567671452517,-0.080364647049986027,224.25976683072543,-0.0027992390650206974,0.0032237693637634543
-12.520576824882669,-0.080500565193823106,224.30975786211883,-0.0026386760689988396,0.0031993915939911724
-12.470585957210716,-0.080628487755582567,224.3597488935122,-0.0024793573863345782,0.0031744991068761641
-12.420595069876896,-0.080748476940664421,224.40973992490558,-0.0023212830903500351,0.0031496071984277885
-12.370604164258378,-0.080860594953389334,224.45973095629898,-0.0021644531520142391,0.0031247158700255431
-12.320613241738867,-0.080964903996806267,224.50972198769236,-0.0020088675423460675,0.0030998251228329509
-12.270622303654704,-0.081061466272808358,224.55971301908573,-0.0018545262322548941,0.0030749349577724708
-12.220631351316765,-0.081150343982070008,224.60970405047914,-0.0017014291926206043,0.0030500453755381634
-12.170640386007605,-0.081231599324043224,224.65969508187251,-0.0015495763942951666,0.0030251563765960137
-12.120649408981077,-0.081305294496948483,224.70968611326589,-0.0013989678081122239,0.0030002679611855075
-12.070658421462666,-0.081371491697764947,224.75967714465929,-0.0012496034048985708,0.0029753801293215289
-12.020667424650263,-0.081430253122220644,224.80966817605267,-0.0011014831554870543,0.0029504928807965198
-11.970676419713667,-0.08148164096478562,224.85965920744607,-0.00095460703072540042,0.0029256062151819663
-11.920685407795261,-0.081525717418663754,224.90965023883945,-0.00080897500148854884,0.0029007201318304856
-11.870694390010241,-0.081562544675786233,224.95964127023282,-0.00066458703868955222,0.0028758346298777102
-11.820703367446555,-0.081592184926805839,225.00963230162623,-0.00052144311328947601,0.0028509497082439754
-11.770712341165437,-0.081614700361091447,225.0596233330196,-0.00037954319630904181,0.0028260653656363667
-11.720721312201619,-0.081630153166723479,225.10961436441298,-0.00023888725883915911,0.0028011816005505566
-11.670730281563248,-0.081638605530490183,225.15960539580638,-9.9475272050509757e-05,0.0027762984112725069
-11.62073925023255,-0.081640119637884381,225.20959642719976,3.8692792794749433e-05,0.0027514157958805569
-11.570748219165802,-0.081634757673100994,225.25958745859313,0.00017561696433339148,0.0027265337522471562
-11.520757189293505,-0.0816225818190352,225.30957848998654,0.00031129727109105454,0.0027016522780406965
-11.470766161520926,-0.081603654257281319,225.35956952137991,0.00044573374147123133,0.0026767713707275169
-11.42077513672808,-0.081578037168132403,225.40956055277329,0.00057892640374590932,0.0026518910275736573
-11.370784115769853,-0.081545792730580158,225.45955158416669,0.00071087528604587137,0.0026270112456466526
-11.320793099476584,-0.081506983122316148,225.50954261556006,0.00084158041634989735,0.0026021320218175734
-11.270802088654166,-0.081461670519732965,225.55953364695344,0.00097104182247533303,0.0025772533527628223
-11.220811084083971,-0.081409917097926457,225.60952467834684,0.0010992595320692773,0.0025523752349658198
-11.170820086523591,-0.081351785030698467,225.65951570974022,0.0012262335725975386,0.002527497664719147
-11.120829096706773,-0.08128733649056033,225.70950674113359,0.0013519639713360117,0.0025026206381262264
-11.070838115342687,-0.081216633648735242,225.759497772527,0.0014764507553636107,0.0024777441511027246
-11.020847143120827,-0.081139738675169673,225.80948880392037,0.0015996939515413812,0.0024528681993807116
-10.970856180702286,-0.081056713738525549,225.85947983531375,0.001721693586525504,0.0024279927785060681
-10.920865228728715,-0.080967621006198781,225.90947086670715,0.00184244968673651,0.002403117883844683
-10.870874287818356,-0.080872522644319642,225.95946189810053,0.0019619622783606742,0.0023782435105822192
-10.820883358567084,-0.080771480817760824,226.0094529294939,0.0020802313873390251,0.0023533696537263757
-10.770892441548387,-0.080664557690144703,226.05944396088731,0.0021972570393591828,0.002328496308108597
-10.720901537314086,-0.080551815423852355,226.10943499228068,0.00231303925984533,0.0023036234683861938
-10.670910646394136,-0.080433316180031383,226.15942602367406,0.0024275780739506652,0.0022787511290439581
-10.620919769297025,-0.080309122118605719,226.20941705506746,0.002540873506548367,0.0022538792843961168
-10.570928906510078,-0.080179295398285541,226.25940808646084,0.0026529255822229964,0.0022290079285882019
-10.520938058499601,-0.08004389817657756,226.30939911785421,0.0027637343252622706,0.0022041370555988728
-10.470947225710995,-0.079902992609795595,226.35939014924762,0.0028732997596490539,0.0021792666592416973
-10.420956408569298,-0.079756640853072922,226.40938118064099,0.0029816219090524876,0.0021543967331671496
-10.370965607479176,-0.079604905060373848,226.45937221203437,0.003088700796820353,0.0021295272708643596
-10.320974822825091,-0.079447847384505707,226.50936324342777,0.003194536445971246,0.0021046582656629059
-10.270984054971834,-0.079285529977133243,226.55935427482115,0.0032991288791859724,0.0020797897107348289
-10.220993304264613,-0.079118014988791618,226.60934530621452,0.0034024781188000462,0.0020549215990963935
-10.171002571028943,-0.078945364568899418,226.65933633760793,0.0035045841867966387,0.0020300539236097802
-10.12101185557157,-0.078767640865775548,226.7093273690013,0.003605447104797497,0.0020051866769852612
-10.071021158180109,-0.078584906026652482,226.75931840039468,0.0037050668940566411,0.0019803198517827532
-10.021030479123509,-0.078397222197692629,226.80930943178808,0.0038034435754523833,0.0019554534404137812
-9.9710398186522973,-0.078204651524004354,226.85930046318146,0.0039005771694799471,0.0019305874351433295
-9.9210491769988618,-0.078007256149659018,226.90929149457486,0.0039964676962440894,0.0019057218280917033
-9.8710585543774148,-0.077805098217706814,226.95928252596823,0.0040911151754524505,0.0018808566112362411
-9.8210679509845331,-0.077598239870195596,227.00927355736161,0.004184519626407833,0.0018559917764133086
-9.771077366999366,-0.077386743248188783,227.05926458875501,0.0042766810680012627,0.0018311273153201379
-9.7210868025834394,-0.077170670491782015,227.10925562014839,0.0043675995187058714,0.0018062632195164372
-9.6710962578816257,-0.076950083740125186,227.15924665154176,0.0044572749965687275,0.0017813994804266112
-9.6211057330217393,-0.076725045131439101,227.20923768293517,0.0045457075192052452,0.0017565360893412871
-9.5711152281149445,-0.076495616803035987,227.25922871432854,0.0046328971037922434,0.0017316730374192266
-9.5211247432562303,-0.07626186089134078,227.30921974572192,0.0047188437670609784,0.0017068103156892994
-9.4711342785243229,-0.0760238395319104,227.35921077711532,0.0048035475252912341,0.0016819479150521521
-9.4211438339820912,-0.075781614859455587,227.4092018085087,0.0048870083943046818,0.0016570858262821406
-9.3711534096766709,-0.075535249007861793,227.45919283990207,0.0049692263894587675,0.001632224040029107
-9.3211630056399137,-0.075284804110212322,227.50918387129548,0.0050502015256401831,0.0016073625468203292
-9.2711726218882422,-0.075030342298808547,227.55917490268885,0.0051299338172594256,0.0015825013370621632
-9.2211822584232692,-0.074771925705194697,227.60916593408223,0.0052084232782441337,0.0015576404010420731
-9.171191915231935,-0.074509616460180395,227.65915696547563,0.0052856699220333783,0.0015327797289304231
-9.1212015922864271,-0.074243476693862567,227.70914799686901,0.0053616737615723043,0.0015079193107821515
-9.0712112895447916,-0.073973568535651138,227.75913902826238,0.0054364348093058528,0.0014830591365387941
-9.0212210069511389,-0.073699954114293309,227.80913005965579,0.0055099530771731643,0.001458199196030308
-8.9712307444355197,-0.073422695557896073,227.85912109104916,0.0055822285766025746,0.0014333394789767205
-8.9212405019145713,-0.073141854993953495,227.90911212244254,0.0056532613185055524,0.0014084799749901782
-8.8712502792916208,-0.072857494549371252,227.95910315383594,0.0057230513132715726,0.0013836206735767002
-8.82126007645663,-0.072569676350490706,228.00909418522932,0.0057915985707632026,0.0013587615641378803
-8.7712698932869326,-0.072278462523117759,228.05908521662269,0.0058589031003102761,0.0013339026359729625
-8.7212797296471667,-0.071983915192547446,228.10907624801609,0.0059249649107052053,0.0013090438782805247
-8.6712895853893386,-0.071686096483589604,228.15906727940947,0.0059897840101982344,0.0012841852801602203
-8.6212994603534714,-0.071385068520598352,228.20905831080285,0.0060533604064919623,0.0012593268306148261
-8.5713093543676475,-0.071080893427498182,228.25904934219625,0.0061156941067368395,0.001234468518551961
-8.521319267248014,-0.070773633327810351,228.30904037358962,0.006176785117526686,0.0012096103327858226
-8.4713291987993617,-0.070463350344682651,228.359031404983,0.0062366334448936802,0.0011847522620391667
-8.421339148815262,-0.070150106600917361,228.4090224363764,0.0062952390943039251,0.001159894294945107
-8.3713491170780863,-0.069833964218998179,228.45901346776978,0.0063526020706532712,0.0011350364200488207
-8.3213591033595087,-0.069514985321120909,228.50900449916315,0.0064087223782626369,0.0011101786258095288
-8.271369107420675,-0.069193232029221952,228.55899553055656,0.0064636000208738685,0.0010853209006022708
-8.2213791290122735,-0.06886876646500685,228.60898656194993,0.0065172350016457058,0.0010604632327196693
-8.1713891678749313,-0.068541650749980754,228.65897759334331,0.0065696273231495685,0.0010356056103738235
-8.1213992237394272,-0.068211947005478377,228.70896862473671,0.0066207769873655618,0.0010107480216981414
-8.0714092963268502,-0.067879717352693561,228.75895965613009,0.0066706839956786959,0.00098589045474911327
-8.0214193853489242,-0.067545023912710347,228.80895068752349,0.0067193483488749766,0.00096103289750819343
-7.9714294905081458,-0.067207928806532924,228.85894171891687,0.0067667700471377868,0.00093617533788357455
-7.9214396114979735,-0.066868494155116351,228.90893275031024,0.0068129490900443153,0.00091131776371199309
-7.8714497480033279,-0.066526782079399271,228.95892378170365,0.0068578854765617807,0.00088646016276068302
-7.8214598997006091,-0.066182854700334137,229.00891481309702,0.0069015792050442079,0.00086160252272910181
-7.7714700662577174,-0.065836774138917017,229.0589058444904,0.0069440302732292443,0.00083674483125063738
-7.7214802473348492,-0.065488602516223432,229.1088968758838,0.0069852386782344438,0.00081188707589472525
-7.6714904425842265,-0.065138401953436897,229.15888790727718,0.0070252044165545176,0.00078702924416841104
-7.6215006516505017,-0.064786234571882234,229.20887893867055,0.0070639274840581332,0.00076217132351827041
-7.5715108741710111,-0.064432162493058109,229.25886997006396,0.007101407875984898,0.00073731330133223387
-7.5215211097761401,-0.064076247838670761,229.30886100145733,0.0071376455869424076,0.00071245516494147863
-7.4715313580891074,-0.063718552730663361,229.35885203285071,0.0071726406109037461,0.00068759690162203339
-7.4215416187267076,-0.063359139291252767,229.40884306424411,0.0072063929412044285,0.00066273849859684964
-7.3715518912993936,-0.062998069642961535,229.45883409563749,0.0072389025705398985,0.00063787994303755283
-7.3215621754111453,-0.06263540590864862,229.50882512703086,0.0072701694909632492,0.00061302122206608085
-7.2715724706602254,-0.062271210211546607,229.55881615842426,0.0073001936938824211,0.00058816232275677317
-7.2215827766392247,-0.061905544675294022,229.60880718981764,0.0073289751700580316,0.000563303232138091
-7.1715930929350158,-0.061538471423967046,229.65879822121101,0.0073565139096012462,0.00053844393719431184
-7.1216034191294293,-0.061170052582116594,229.70878925260442,0.0073828099019713914,0.00051358442486756277
-7.0716137547992464,-0.060800350274800845,229.75878028399779,0.0074078631359740087,0.00048872468205952914
-7.0216240995163339,-0.060429426627618452,229.80877131539117,0.0074316735997589393,0.00046386469563322662
-6.9716344528480869,-0.060057343766744598,229.85876234678457,0.0074542412808183125,0.00043900445241493061
-6.9216448143576574,-0.059684163818965269,229.90875337817795,0.0074755661659847801,0.00041414393919598808
-6.8716551836039335,-0.059309948911710042,229.95874440957132,0.0074956482414299105,0.0003892831427345254
-6.8216655601420291,-0.05893476117308858,230.00873544096473,0.0075144874926624753,0.00036442204975739063
-6.7716759435234666,-0.058558662731925046,230.0587264723581,0.0075320839045269431,0.0003395606469619516
-6.721686333296252,-0.058181715717791779,230.10871750375148,0.0075484374612021111,0.00031469892101784308
-6.6716967290053253,-0.05780398226104589,230.15870853514488,0.0075635481461996893,0.00028983685856889721
-6.6217071301927017,-0.057425524492863603,230.20869956653826,0.0075774159423630969,0.00026497444623491432
-6.5717175363975144,-0.057046404545273897,230.25869059793163,0.0075900408318663338,0.0002401116706133989
-6.5217279471565925,-0.056666684551196396,230.30868162932504,0.0076014227962128414,0.0002152485182815523
-6.4717383620045323,-0.056286426644475251,230.35867266071841,0.007611561816234568,0.00019038497579800879
-6.4217487804737878,-0.055905692959913537,230.40866369211179,0.0076204578720911152,0.00016552102970459389
-6.3717592020950944,-0.055524545633309913,230.45865472350519,0.0076281109432688983,0.00014065666652824356
-6.3217696263977148,-0.055143046801494261,230.50864575489857,0.0076345210085804593,0.00011579187278282745
-6.271780052909401,-0.054761258602361022,230.55863678629194,0.0076396880461638908,9.0926634970846102e-05
-6.2217904811570213,-0.054379243174907693,230.60862781768535,0.0076436120334822579,6.6060939585439212e-05
-6.1718009106665663,-0.053997062659268603,230.65861884907872,0.0076462929473232188,4.1194773112107108e-05
-6.1218113409631068,-0.053614779196748445,230.70860988047212,0.0076477307637986833,1.6328122030394064e-05
-6.0718217715718241,-0.05323245492986383,230.7586009118655,0.0076479254583445375,-8.5390271838933851e-06
-6.0218322020173476,-0.052850152002372093,230.80859194325888,0.0076468770057205237,-3.3406688057303622e-05
-5.9718426318243631,-0.052467932559309739,230.85858297465228,0.0076445853800101585,-5.8274874116729979e-05
-5.9218530605182496,-0.052085858747031054,230.90857400604565,0.0076410505546207815,-8.3143598887387043e-05
-5.8718634876244931,-0.051703992713237536,230.95856503743903,0.0076362725022836439,-0.00010801287589138833
-5.8218739126694548,-0.051322396607017463,231.00855606883243,0.0076302511950541397,-0.00013288271864565711
-5.7718843351807481,-0.050941132578882574,231.05854710022581,0.0076229866043121298,-0.00015775314066003167
-5.7218947546869092,-0.050560262780799302,231.10853813161918,0.0076144787007622868,-0.00018262415543571261
-5.6719051707178583,-0.050179849366226027,231.15852916301259,0.0076047274544345719,-0.00020749577646332881
-5.6219155828057117,-0.049799954490152953,231.20852019440596,0.0075937328346849485,-0.00023236801722081971
-5.571925990483992,-0.049420640309129682,231.25851122579934,0.0075814948101958395,-0.00025724089117211695
-5.5219363932884713,-0.049041968981305327,231.30850225719274,0.0075680133489770011,-0.0002821144117650122
-5.4719467907576496,-0.048664002666465624,231.35849328858612,0.0075532884183664621,-0.00030698859242921035
-5.4219571824322506,-0.048286803526062627,231.40848431997949,0.007537319985031256,-0.00033186344657486395
-5.371967567855914,-0.047910433723253348,231.4584753513729,0.0075201080149685734,-0.00035673898759052005
-5.3219779465756378,-0.047534955422936537,231.50846638276627,0.0075016524735069803,-0.00038161522884118339
-5.2719883181414096,-0.047160430791783087,231.55845741415965,0.0074819533253074133,-0.00040649218366678658
-5.2219986821029831,-0.046786921998245329,231.60844844555305,0.0074610105343629624,-0.00043136986538208264
-5.1720090380294774,-0.046414491212628611,231.65843947694643,0.0074388243692802974,-0.00045567154705562969
-5.1220193855555571,-0.046043188527460602,231.7084305083398,0.0074161037886660737,-0.00045331469071772576
-5.072029724689723,-0.045673018691371664,231.75842153973321,0.0073935010347464291,-0.00045095763420451593
-5.0220400554867695,-0.045303975814078773,231.80841257112658,0.0073710161174764428,-0.00044860037933196163
-4.9720503780202243,-0.044936054004941488,231.85840360251996,0.0073486490467290404,-0.0004462429279169725
-4.9220606923583503,-0.044569247372788626,231.90839463391336,0.0073263998322841261,-0.00044388528177627233
-4.872070998569316,-0.044203550025961096,231.95838566530674,0.007304268483830912,-0.0004415274427266425
-4.8220812967206657,-0.043838956072312564,232.00837669670011,0.0072822550109676769,-0.00043916941258489056
-4.7720915868794274,-0.043475459619214805,232.05836772809351,0.0072603594232018313,-0.00043681119316785807
-4.7221018691126684,-0.043113054773566341,232.10835875948689,0.0072385817299501299,-0.00043445278629243865
-4.6721121434867143,-0.042751735641791293,232.15834979088027,0.0072169219405383523,-0.00043209419377554352
-4.6221224100675098,-0.042391496329846581,232.20834082227367,0.0071953800642014414,-0.00042973541743411277
-4.5721326689209514,-0.042032330943228814,232.25833185366704,0.0071739561100836562,-0.00042737645908512997
-4.5221429201122127,-0.041674233586974092,232.30832288506042,0.0071526500872382713,-0.00042501732054558847
-4.4721531637061691,-0.041317198365665511,232.35831391645382,0.0071314620046277546,-0.00042265800363250621
-4.4221633997675029,-0.04096121938343858,232.4083049478472,0.0071103918711238291,-0.00042029851016293278
-4.3721736283603363,-0.040606290743983031,232.45829597924057,0.0070894396955072858,-0.00041793884195392441
-4.3221838495483746,-0.040252406550548528,232.50828701063398,0.0070686054864680667,-0.00041557900082255227
-4.2721940633952853,-0.039899560905951814,232.55827804202735,0.007047889252605413,-0.00041321898858591596
-4.2222042699639415,-0.03954774791257596,232.60826907342076,0.0070272910024275458,-0.00041085880706110523
-4.1722144693172059,-0.039196961672380404,232.65826010481413,0.0070068107443519963,-0.00040849845806523627
-4.1222246615174116,-0.038847196286901975,232.70825113620751,0.0069864484867053862,-0.00040613794341542249
-4.0722348466264968,-0.038498445857260213,232.75824216760091,0.0069662042377234782,-0.00040377726492877967
-4.0222450247061383,-0.038150704484163064,232.80823319899429,0.0069460780055512397,-0.00040141642442242936
-3.972255195816571,-0.037803966267903048,232.85822423038766,0.0069260697982423619,-0.00039905542371344133
-3.922265360021985,-0.037458225308399359,232.90821526178107,0.0069061796237614142,-0.00039669426461908479
-3.8722755173796348,-0.037113475705126887,232.95820629317444,0.0068864074899795012,-0.00039433294895631262
-3.82228566795097,-0.036769711557197958,233.00819732456782,0.0068667534046787018,-0.00039197147854228449
-3.7722958117957246,-0.036426926963325827,233.05818835596122,0.0068472173755497051,-0.00038960985519408429
-3.7223059489735921,-0.036085116021840967,233.1081793873546,0.0068277994101924909,-0.00038724808072879868
-3.6723160795437466,-0.035744272830692217,233.15817041874797,0.0068084995161161238,-0.00038488615696348895
-3.6223262035649828,-0.035404391487452329,233.20816145014138,0.0067893177007388216,-0.00038252408571519858
-3.5723363210958916,-0.035065466089323746,233.25815248153475,0.0067702539713880155,-0.00038016186880095697
-3.522346432194674,-0.034727490733141887,233.30814351292813,0.0067513083353002877,-0.0003777995080377686
-3.4723565369191407,-0.034390459515379647,233.35813454432153,0.0067324807996213577,-0.00037543700524261115
-3.4223666353268278,-0.034054366532152804,233.40812557571491,0.0067137713714061388,-0.00037307436223243739
-3.3723767274749656,-0.033719205879224286,233.45811660710828,0.0066951800576187225,-0.00037071158082417231
-3.3223868134203833,-0.033384971652008183,233.50810763850168,0.0066767068651323435,-0.00036834866283470558
-3.2723968932195859,-0.0330516579455747,233.55809866989506,0.0066583518007294123,-0.00036598561008089307
-3.2224069669289119,-0.032719258854655854,233.60808970128843,0.0066401148711015675,-0.00036362242437956179
-3.1724170346041549,-0.032387768473647459,233.65808073268184,0.0066219960828495456,-0.00036125910754748877
-3.1224270963009162,-0.03205718089661605,233.70807176407521,0.0066039954424833049,-0.00035889566140141695
-3.0724371520744933,-0.031727490217302652,233.75806279546859,0.0065861129564219918,-0.00035653208775804574
-3.0224472019797419,-0.031398690529126465,233.80805382686199,0.0065683486309938881,-0.00035416838843402271
-2.9724572460713397,-0.031070775925191144,233.85804485825537,0.0065507024724365086,-0.00035180456524595437
-2.9224672844036683,-0.030743740498288562,233.90803588964874,0.0065331744868965614,-0.00034944062001039666
-2.8724773170305951,-0.030417578340901922,233.95802692104215,0.0065157646804298785,-0.00034707655454384393
-2.8224873440059004,-0.030092283545213129,234.00801795243552,0.0064984730590015504,-0.00034471237066274502
-2.7724973653830229,-0.029767850203105663,234.0580089838289,0.00648129962848586,-0.00034234807018348931
-2.7225073812149474,-0.029444272406168398,234.1080000152223,0.0064642443946662329,-0.00033998365492240009
-2.6725173915545044,-0.029121544245702104,234.15799104661568,0.0064473073632353448,-0.00033761912669574433
-2.6225273964542373,-0.028799659812723123,234.20798207800905,0.0064304885397950835,-0.00033525448731972624
-2.5725373959662545,-0.028478613197966983,234.25797310940246,0.0064137879298564963,-0.00033288973861047525
-2.5225473901424844,-0.028158398491894561,234.30796414079583,0.006397205538839882,-0.00033052488238405808
-2.4725573790345807,-0.02783900978469607,234.35795517218921,0.0063807413720747596,-0.00032815992045647033
-2.4225673626937687,-0.027520441166294561,234.40794620358261,0.0063643954347998204,-0.00032579485464362688
-2.3725773411710764,-0.027202686726352,234.45793723497599,0.0063481677321630126,-0.00032342968676137159
-2.3225873145173468,-0.026885740554273861,234.50792826636939,0.0063320582692215337,-0.00032106441862547351
-2.2725972827828937,-0.026569596739211509,234.55791929776277,0.0063160670509417455,-0.00031869905205161034
-2.222607246017954,-0.026254249370069604,234.60791032915614,0.0063001940821992997,-0.0003163335888553851
-2.1726172042724783,-0.0259396925355093,234.65790136054954,0.0062844393677790877,-0.0003139680308523159
-2.1226271575958959,-0.025625920323951348,234.70789239194292,0.0062688029123751689,-0.00031160237985782116
-2.0726371060376501,-0.025312926823584013,234.7578834233363,0.0062532847205909407,-0.00030923663768724308
-2.0226470496468769,-0.025000706122365549,234.8078744547297,0.0062378847969390425,-0.00030687080615582904
-1.9726569884722029,-0.024689252308027532,234.85786548612307,0.0062226031458412949,-0.00030450488707872182
-1.9226669225621711,-0.024378559468082026,234.90785651751645,0.006207439771628835,-0.00030213888227097424
-1.8726768519651282,-0.024068621689825473,234.95784754890985,0.006192394678542097,-0.00029977279354754426
-1.8226867767289274,-0.02375943306034134,235.00783858030323,0.0061774678707307061,-0.00029740662272327611
-1.7726966969013107,-0.023450987666507057,235.0578296116966,0.0061626593522536221,-0.00029504037161291855
-1.722706612529842,-0.023143279594998158,235.10782064309001,0.0061479691270791004,-0.00029267404203111685
-1.6727165236615402,-0.022836302932290525,235.15781167448338,0.0061333971990846069,-0.00029030763579239433
-1.6227264303434303,-0.022530051764668355,235.20780270587676,0.0061189435720569712,-0.00028794115471117578
-1.5727363326221857,-0.02222452017822649,235.25779373727016,0.0061046082496923008,-0.00028557460060176832
-1.5227462305441499,-0.021919702258875091,235.30778476866354,0.006090391235595979,-0.00028320797527835921
-1.4727561241556051,-0.021615592092345842,235.35777580005691,0.0060762925332827579,-0.00028084128055502744
-1.4227660135024354,-0.021312183764194401,235.40776683145032,0.0060623121461766552,-0.00027847451824572402
-1.3727758986302065,-0.021009471359805455,235.45775786284369,0.006048450077611003,-0.0002761076901642743
-1.322785779584456,-0.020707448964399008,235.50774889423707,0.0060347063308285112,-0.00027374079812438941
-1.2727956564103589,-0.020406110663032898,235.55773992563047,0.0060210809089811966,-0.00027137384393964673
-1.2228055291528062,-0.020105450540607805,235.60773095702385,0.0060075738151304028,-0.00026900682942349296
-1.1728153978564602,-0.019805462681872148,235.65772198841722,0.0059941850522468249,-0.00026663975638924306
-1.1228252625659174,-0.019506141171427571,235.70771301981063,0.0059809146232105564,-0.00026427262665008568
-1.0728351233252351,-0.019207480093730658,235.757704051204,0.005967762530810973,-0.00026190544201905986
-1.0228449801785167,-0.018909473533100948,235.80769508259738,0.0059547287777468889,-0.00025953820430907765
-0.97285483316954202,-0.018612115573723335,235.85768611399078,0.005941813366626472,-0.00025717091533290689
-0.92286468234172103,-0.018315400299652219,235.90767714538416,0.0059290162999672286,-0.00025480357690316457
-0.87287452773843621,-0.018019321794818188,235.95766817677753,0.0059163375801961149,-0.00025243619083233223
-0.82288436940276,-0.017723874143030793,236.00765920817094,0.0059037772096494539,-0.00025006875893273886
-0.77289420737752779,-0.01742905142798359,236.05765023956431,0.0058913351905729707,-0.00024770128301656338
-0.72290404170535527,-0.017134847733258674,236.10764127095769,0.0058790115251218062,-0.00024533376489583149
-0.67291387242875611,-0.01684125714233202,236.15763230235109,0.0058668062153605389,-0.00024296620638242006
-0.6229236995897649,-0.016548273738575738,236.20762333374446,0.0058547192632631209,-0.00024059860928803635
-0.57293352323045588,-0.016255891605265638,236.25761436513784,0.0058427506707129937,-0.00023823097542424073
-0.5229433433926356,-0.015964104825584018,236.30760539653124,0.0058309004395030312,-0.00023586330660242867
-0.47295316011779071,-0.015672907482623823,236.35759642792462,0.0058191685713355323,-0.00023349560463382693
-0.42296297344725092,-0.015382293659394183,236.40758745931802,0.0058075550678222589,-0.00023112787132949865
-0.37297278342226847,-0.015092257438825385,236.4575784907114,0.0057960599304844856,-0.00022876010850034445
-0.32298259008365454,-0.014802792903771286,236.50756952210477,0.0057846831607528933,-0.00022639231795708252
-0.2729923934721743,-0.014513894137016132,236.55756055349818,0.005773424759967693,-0.00022402450151026644
-0.22300219362847401,-0.014225555221278687,236.60755158489155,0.0057622847293786039,-0.00022165666097027765
-0.17301199059271316,-0.01393777023921461,236.65754261628493,0.0057512630701447775,-0.00021928879814730613
-0.12302178440514777,-0.013650533273424369,236.70753364767833,0.0057403597833349503,-0.00021692091485137657
-0.073031575105737101,-0.013363838406455488,236.75752467907171,0.0057295748699273501,-0.00021455301289232599
-0.02304136273412094,-0.013077679720806947,236.80751571046508,0.0057189083308097051,-0.00021218509407980158
0.02694885267008662,-0.012792051298935417,236.85750674185849,0.005708360166779323,-0.00020981716022327098
