x,y
0.07693907106742981,-0.012506947223258978
0.12692929241884043,-0.01222236157616039
0.17691951668527028,-0.01193828843999368
0.22690974382784379,-0.011654721897087801
0.2768999738080139,-0.011371656029750279
0.32689020658727086,-0.01108908492027339
0.3768804421272951,-0.010807002650937795
0.42687068038998166,-0.010525403304016958
0.47686092133746472,-0.010244280961781503
0.52685116493187634,-0.0099636297065051078
0.57684141113560605,-0.0096834436204675418
0.62683165991132794,-0.009403716785959082
0.6768219112216517,-0.0091244432852869272
0.72681216502949053,-0.0088456172007777105
0.77680242129789878,-0.0085672326147828784
0.82679267999004413,-0.0082892836096834076
0.87678294106930965,-0.008011764267893717
0.92677320449923783,-0.00773466867186652
0.97676347024339594,-0.0074579909040980667
1.0267537382656382,-0.0071817250471312277
1.0767440085299689,-0.0069058651835607419
1.1267342810003558,-0.0066304053960387754
1.1767245556411774,-0.0063553397672769787
1.2267148324166885,-0.0060806623800538978
1.2767051112914714,-0.0058063673172170675
1.3266953922302411,-0.0055324486616885301
1.3766856751976668,-0.0052589004964703713
1.4266759601587293,-0.0049857169046472515
1.476666247078487,-0.004712891969392184
1.5266565359220698,-0.0044404197739711044
1.576646826654837,-0.004168294401746488
1.6266371192422133,-0.0038965099361827739
1.676627413649689,-0.0036250604608508517
1.7266177098429722,-0.00335394005943175
1.7766080077878839,-0.0030831428157217068
1.8265983074502454,-0.0028126628136372752
1.8765886087961448,-0.0025424941372184078
1.9265789117916645,-0.0022726308706344034
1.9765692164030395,-0.0020030670981875691
2.0265595225966302,-0.0017337969043178707
2.0765498303389154,-0.0014648143736074645
2.1265401395963863,-0.0011961135907857636
2.1765304503357017,-0.0009276886407331101
2.2265207625236618,-0.00065953360899799604
2.2765110761487035,-0.00039164605071627791
2.3265013912473931,-0.00012403526602385598
2.3764917078982806,0.00014328696251874359
2.4264820261516773,0.00041030885251582612
2.4764723460712768,0.0006770186219436236
2.5264626677192314,0.00094340448905466515
2.57645299115222,0.0012094546723412001
2.626443316434504,0.0014751573905890083
2.6764336436249403,0.0017405008627925588
2.7264239727833366,0.002005473308173127
2.7764143039693203,0.0022700629461570921
2.8264046372422476,0.0025342579963597536
2.8763949726611098,0.0027980466785691373
2.9263853102847257,0.0030614172127313177
2.9763756501714997,0.0033243578189334757
3.0263659923796213,0.0035868567173892398
3.0763563369669633,0.0038489021284224905
3.1263466839909961,0.0041104822724511957
3.1763370335089425,0.0043715853699725941
3.2263273855776902,0.0046321996415470204
3.276317740253694,0.0048923133077817373
3.3263080975931416,0.0051519145893161389
3.3762984576518584,0.0054109917068055659
3.4262888204852109,0.0056695328809051706
3.4762791861482767,0.0059275263322550939
3.5262695546957414,0.0061849602814643117
3.5762599261818147,0.0064418229490945224
3.6262503006603866,0.0066981025556452928
3.6762406781849335,0.0069537873215379407
3.7262310588084282,0.0072088654670994009
3.7762214425834988,0.0074633252125474153
3.8262118295623391,0.007717154777974391
3.8762022197966135,0.0079703423833313095
3.9261926133376148,0.0082228762484128758
3.976183010236177,0.0084747445928414194
4.0261734105425795,0.0087259356360507943
4.0761638143067076,0.0089764375972715468
4.1261542215779636,0.009226238695514824
4.1761446324051663,0.0094753271495562567
4.2261350468367187,0.0097236911779211566
4.276125464920514,0.0099713189988684253
4.3261158867038407,0.010218198830374449
4.376106312233544,0.010464318890118306
4.4260967415559342,0.010709667395465642
4.4760871747166906,0.010954232563452638
4.5260776117610302,0.011198002610771175
4.5760680527336026,0.011440965753752721
4.6260584976784118,0.011683110208352332
4.6760489466389608,0.011924424190133778
4.726039399658176,0.012164895914253513
4.7760298567782975,0.012404513595444578
4.8260203180410519,0.012643265448001815
4.8760107834875575,0.0128811396857658
4.9260012531582245,0.013118124522106799
4.9759917270929552,0.013354208169910061
5.0259822053308989,0.013589378841559127
5.0759726879106468,0.013823624748921119
5.1259631748701411,0.014056934103330705
5.1759536662465777,0.014289295115574085
5.2259441620765692,0.014520695995874137
5.2759346623960495,0.014751124953874395
5.3259251672401833,0.014980570198623049
5.3759156766435314,0.015209019938558091
5.4259061906399468,0.015436462381491302
5.4758967092624928,0.01566288573459226
5.525887232543595,0.015888278204373461
5.5758777605149552,0.016112627996674355
5.6258682932074535,0.016335923316645327
5.6758588306513138,0.01655815236873286
5.7258493728760094,0.016779303356663521
5.7758399199101618,0.016999364483428009
5.8258304717817166,0.017218323951266257
5.8758210285178407,0.017436169961651499
5.9258115901448294,0.017652890715274257
5.975802156688272,0.017868474412027498
6.025792728172954,0.018082909250990632
6.0757833046227647,0.018296183430413605
6.1257738860608644,0.018508285147701978
6.1757644725095826,0.018719202599400998
6.2257550639903307,0.018928923981179631
6.2757456605237616,0.01913743748781567
6.3257362621296735,0.019344731313179823
6.3757268688269253,0.019550793650219746
6.4257174806335833,0.019755612690945154
6.4757080975668408,0.01995917662641189
6.525698719642925,0.020161473646706007
6.5756893468772519,0.020362491940928873
6.6256799792843308,0.020562219697181201
6.6756706168776772,0.02076064510254718
6.7256612596700034,0.020957756343079652
6.7756519076729784,0.021153541603783677
6.8256425608974212,0.021347989068601674
6.8756332193532037,0.021541086920397565
6.9256238830491661,0.021732823340940871
6.975614551993262,0.021923186510891743
7.0256052261924884,0.022112164609785122
7.0755959056527704,0.022299745816014818
7.1255865903791289,0.022485918306818582
7.1755772803756006,0.022670670258262238
7.225567975645121,0.022853989845223764
7.275558676189708,0.023035865241378406
7.3255493820103519,0.023216284619182754
7.3755400931069346,0.023395236149858903
7.4255308094783841,0.023572708003379482
7.4755215311225829,0.02374868834845183
7.5255122580362688,0.023923165352502055
7.5755029902152042,0.024096127181660154
7.6254937276540886,0.024267562000744144
7.6754844703464427,0.024437457973244169
7.7254752182847897,0.024605803261307572
7.7754659714605596,0.024772586025723055
7.825456729863987,0.024937794425904793
7.8754474934842804,0.025101416619877512
7.9254382623095179,0.025263440764260583
7.9754290363265739,0.025423855014252299
8.025419815521257,0.025582647523614773
8.075410599878234,0.025739806444658172
8.1254013893809276,0.0258953199282249
8.1753921840116774,0.026049176123674578
8.2253829837516612,0.026201363178868241
8.2753737885807652,0.026351869240152509
8.325364598477794,0.026500682452344607
8.3753554134203387,0.026647790958716527
8.4253462333847011,0.026793182900979262
8.475337058346053,0.02693684641926776
8.5253278882783299,0.02707876965212511
8.5753187231541634,0.027218940736486813
8.62530956294502,0.027357347807665699
8.6753004076211138,0.027493978999336133
8.7252912571513122,0.027628822443518282
8.7752821115032997,0.027761866270563016
8.8252729706434909,0.027893098609136184
8.8752638345369181,0.028022507586202807
8.9252547031474414,0.028150081327012105
8.9752455764374961,0.028275807955081347
9.0252364543682937,0.02839967559218087
9.0752273368997312,0.028521672358318293
9.125218223990279,0.028641786371722801
9.1752091155971627,0.028760005748830024
9.2252000116762591,0.028876318604266319
9.2751909121820049,0.028990713050833023
9.3251818170675591,0.029103177199491358
9.3751727262846973,0.029213699159346629
9.4251636397837437,0.029322267037632618
9.4751545575137079,0.029428868939696387
9.5251454794221964,0.029533492968982521
9.5751364054553356,0.029636127227017521
9.6251273355579059,0.029736759813394555
9.6751182696732698,0.029835378825757812
9.7251092077423049,0.029931972357289963
9.7751001497264784,0.030026518900475072
9.8250910956367381,0.030118965620130361
9.8750820454927766,0.030209253299720348
9.9250729993057334,0.03029732272160536
9.9750639570788628,0.030383114667266425
10.025054918807241,0.030466569917528601
10.075045884477721,0.030547629252784939
10.125036854068656,0.030626233453220308
10.17502782754957,0.030702323299035335
10.225018804881149,0.030775839570671138
10.275009786014927,0.030846723049033856
10.325000770893004,0.03091491451571934
10.374991759447983,0.030980354753238609
10.424982751602709,0.031042984545243079
10.474973747269921,0.031102744676750105
10.524964746352307,0.031159575934369188
10.574955748742008,0.031213419106527803
10.624946754320645,0.031264214983698121
10.674937762959001,0.031311904358623549
10.724928774516732,0.03135642802654566
10.774919788842343,0.031397726785431623
10.824910805772859,0.031435741436201523
10.874901825133568,0.031470412782956245
10.924892846737963,0.031501681633205561
10.974883870387433,0.031529488798096479
11.024874895870997,0.031553775092641796
11.074865922965255,0.031574481335949235
11.124856951434086,0.031591548351450442
11.174847981028359,0.031604916967130657
11.224839011485889,0.031614528015758495
11.274830042531153,0.031620322335116018
11.324821073875004,0.031622240768229226
11.3748121052146,0.031620224163598741
11.424803136233152,0.031614213375430841
11.474794166599583,0.031604149263868807
11.524785195968542,0.031589972695224594
11.574776223980081,0.031571624542210783
11.624767250259364,0.031549045684172917
11.67475827441663,0.03152217700732203
11.724749296046916,0.031490959404967656
11.774740314729742,0.031455333777751102
11.824731330029094,0.031415241033878979
11.874722341493115,0.031370622089357106
11.924713348653835,0.031321417868224941
11.974704351027107,0.031267569302789941
12.024695348112346,0.031209017333862599
12.074686339392212,0.031145702910991835
12.12467732433258,0.031077566992700374
12.17466830238228,0.031004550546720869
12.22465927297276,0.030926594550232261
12.274650235518074,0.030843639990096264
12.324641189414603,0.030755627863094465
12.374632134040745,0.030662499176165873
12.424623068756892,0.030564194946644318
12.474613992905129,0.030460656202496741
12.524604905808971,0.030351823982561778
12.574595806773308,0.030237639336788247
12.624586695084114,0.030118043326474553
12.674577570008168,0.029992977024508351
12.72456843079306,0.029862381515606107
12.77455927666673,0.029726197896553883
12.824550106837505,0.029584367276447598
12.874540920493775,0.029436830776934198
12.924531716803738,0.029283529532453424
12.974522494915334,0.029124404690479111
13.024513253955995,0.028959397411761678
13.074503993032334,0.028788448870570943
13.124494711230126,0.028611500254938568
13.174485407614016,0.028428492766901802
13.224476081227245,0.028239367622747431
13.274466731091604,0.02804406605325542
13.32445735620716,0.027842529303943719
13.374447955551984,0.027634698635313627
13.424438528081829,0.027420515323095602
13.474429072730926,0.027199920658490792
13.524419588410108,0.026972855948424398
13.574410074007845,0.02673926251578702
13.624400528389696,0.02649908169968309
13.674390950398008,0.026252254855678718
13.724381338851924,0.025998723356048713
13.774371692547074,0.025738428590025175
13.82436201025531,0.025471311964046575
13.874352290724666,0.025197314902006038
13.924342532679097,0.024916378845501082
13.974332734818177,0.024628445254084218
14.024322895817097,0.024333455605512117
14.074313014326361,0.024031351395996998
14.124303088971541,0.023722074140458248
14.174293118353214,0.02340556537277301
14.224283101046721,0.02308176664602872
14.274273035601869,0.022750619532776184
14.324262920542932,0.022412065625281148
14.374252754368253,0.022066046535779073
14.42424253555024,0.021712503896727728
14.474232262535088,0.021351379361061809
14.524221933742499,0.020982614602448268
14.574211547565692,0.020606151315540236
14.624201102371071,0.020221931216233037
14.674190596498022,0.019829896041920904
14.724180028258843,0.019429987551752025
14.774169395938481,0.019022147526886132
14.824158697794275,0.018606317770752438
14.874147932055921,0.018182440109305996
14.924137096925218,0.017750456391286661
14.974126190575767,0.017310308488478379
15.024115211152997,0.016861938295966931
15.074104156773863,0.016405287732400149
15.12409302552658,0.015940298740248698
15.174081815470629,0.015466913286064971
15.224070524636454,0.014985073360744948
15.274059151025231,0.014494720979790057
15.324047692608831,0.013995798183567715
15.374036147329544,0.01348824703757426
15.424024513099852,0.012972009632698523
15.474012787802373,0.012447028085483374
15.524000969289624,0.011913244538390294
15.573989055383748,0.011370601160064338
15.62397704387649,0.010819040145596948
15.673964932528964,0.010258503716791795
15.723952719071349,0.0096889341224314883
15.773940401202918,0.0091102736385414475
15.823927976591751,0.0085224645686573404
15.873915442874496,0.0079254492440930212
15.92390279765632,0.0073191700242059045
15.973890038510703,0.0067035692966657748
16.02387716297914,0.0060785894777241507
16.073864168571149,0.0054441730124810163
16.123851052764,0.0048002623751550073
16.173837813002471,0.0041468000693543547
16.223824446698849,0.0034837286283446664
16.273810951232647,0.0028109906153209324
16.32379732395038,0.0021285286236795015
16.373783562165535,0.0014362852772876016
16.423769663158325,0.00073420323075639934
16.473755624175435,2.2225169714850529e-05
16.523741442430033,-0.00069970618891992617
16.573727115101505,-0.0014316480966677717
16.623712639335196,-0.0021736577732104079
16.673698012242419,-0.0029257924061195373
16.72368323090021,-0.0036881091505807581
16.773668292351068,-0.0044606651291167962
16.823653193602983,-0.0052435174313148758
16.873637931629048,-0.0060367231135469226
16.923622503367518,-0.0068403391986958696
16.97360690572151,-0.0076544226758771122
17.023591135558799,-0.0084790305001594748
17.073575189711807,-0.0093142195922898581
17.123559064978842,-0.010160046750696594
17.173542760638938,-0.01101642228107387
17.223526283748033,-0.011882811065513643
17.273509643151961,-0.012758593912244884
17.32349284803966,-0.013643151966701248
17.373475907920817,-0.014535866678086137
17.423458832603128,-0.015436119765887565
17.47344163216972,-0.016343293186348615
17.523424316956916,-0.017256769098899873
17.57340689753168,-0.018175929832543992
17.623389384669217,-0.019100157852199158
17.67337178933078,-0.020028835725006452
17.723354122641314,-0.020961346086592659
17.773336395867098,-0.021897071607293962
17.823318620393632,-0.022835394958346012
17.873300807703341,-0.023775698778031876
17.923282969353238,-0.024717365637792921
17.973265116952856,-0.02565977800830882
18.023247262141822,-0.026602318225534851
18.073229416567756,-0.027544368456711675
18.123211591863903,-0.028485310666336167
18.17319379962678,-0.029424526582099469
18.223176051393963,-0.030361397660796416
18.273158358621647,-0.031295305054198995
18.323140732662129,-0.032225629574898287
18.373123184741509,-0.033151751662121504
18.423105725937077,-0.034073051347513587
18.473088367166479,-0.034988908221107701
18.52307111911778,-0.035898701396186686
18.573053992297833,-0.036801809476286237
18.623036996961865,-0.037697610519995241
18.673020143104011,-0.038585482006848942
18.723003440431025,-0.039464800802894509
18.772986898340665,-0.040334943126317913
18.822970525899546,-0.04119528451304013
18.872954331819042,-0.042045199782258784
18.922938324431723,-0.04288406300198231
18.972922511667953,-0.043711247454548761
19.022906901032073,-0.044526125602122463
19.072891499578457,-0.045328069052173653
19.122876313887673,-0.046116448522947211
19.172861350042215,-0.04689063380891282
19.222846613602083,-0.047649993746202969
19.272832109580467,-0.048393896178043738
19.322817842418996,-0.049121707920172557
19.372803815962772,-0.049832794726247909
19.422790033435483,-0.050526521253257274
19.472776497414145,-0.051202251026917715
19.522763209803461,-0.051859346407073841
19.572750171810444,-0.052497168553100333
19.622737383918377,-0.053115077389302483
19.672724845860685,-0.053712431570322502
19.72271255659475,-0.054288588446555194
19.772700514275272,-0.054842904029570871
19.822688716227347,-0.055374732957550278
19.872677158919636,-0.055883428460737954
19.922665837936865,-0.056368342326910209
19.972654747952223,-0.056828824866864983
20.022643882699676,-0.057264224879938576
20.07263323494562,-0.057673889619546913
20.122622796460526,-0.058057164758759286
20.172612557990256,-0.05841339435590831
20.222602509226984,-0.058741920820236881
20.272592638779763,-0.05904208487758817
20.322582934145032,-0.059313225536144307
20.372573381676538,-0.059554680052214468
20.422563966553007,-0.059765783896072004
20.472554672752477,-0.059945870717882488
20.522545483030413,-0.060094272313689856
20.572536378839459,-0.060210318591321012
20.622527340369857,-0.060293337536720629
20.672518346469964,-0.060342655180003063
20.722509374625808,-0.060357595561779276
20.772500400928045,-0.060337480699537802
20.822491400072387,-0.060281654038137983
20.872482352894178,-0.060193372519897176
20.922473264833439,-0.060084168242819751
20.972464158079163,-0.059966645846583698
21.022455061170625,-0.059853428118433645
21.072445999396244,-0.059757148289120328
21.122436985208836,-0.059690442287937275
21.172428008633851,-0.059665940919396962
21.22241902771562,-0.059696261924218716
21.272409959030249,-0.059794001888035006
21.322400668296563,-0.059971727962341681
21.372390961116494,-0.060241969363765489
21.422380573878918,-0.060617208619711323
21.472369164859785,-0.061109872530868109
21.522356305554961,-0.06173232282392975
21.572341472281572,-0.062496846471193905
21.622324038084997,-0.063415645657445896
21.672303264990973,-0.064500827378745712
21.722278296642038,-0.065764392662341312
21.772248151358173,-0.067218225401943346
21.82221171566383,-0.068874080808056376
21.872167738322375,-0.070743573478807442
21.922114824918978,-0.072838165102803137
21.972051433034444,-0.075169151811979834
22.021975868050202,-0.077747651208970966
22.071886279623413,-0.080584589100256468
22.121780658871415,-0.083690685973288381
22.17165683630062,-0.087076443262566555
22.221512480512711,-0.090752129456383279
22.271345097718697,-0.094727766102623234
22.321152032086314,-0.099013113778200629
22.370930466941694,-0.10361765809256514
22.420677426842236,-0.10855059580117898
22.470389780531008,-0.11382082110950152
22.520064244776194,-0.11943691225192704
22.569697389094372,-0.12540711843344604
22.619285641348966,-0.13173934722398806
22.668825294195933,-0.13844115249492944
22.71831250901408,-0.14551974600314621
22.767742832722188,-0.15298520238353311
22.817110521902269,-0.16085412596183268
22.86640919286679,-0.16914438431014911
22.915631874892799,-0.17787441583259325
22.964770952480578,-0.18706328603374084
23.013818101463947,-0.19673074283328662
23.062764218312211,-0.20689727091852592
23.111599341910324,-0.21758414497886983
23.160312567055001,-0.22881348150312558
23.208891948858462,-0.24060828863303124
23.257324397215044,-0.252992513349377
23.305595560467665,-0.2659910850126726
23.353689697412499,-0.27962995397964319
23.401589536817827,-0.29393612366254307
23.449276123720036,-0.30893767398214439
23.496728651909667,-0.32466377367806526
23.543924282251751,-0.34114467837328005
23.590837946914618,-0.35841171067205213
23.637442139889508,-0.37649721777762363
23.683706695198779,-0.39543450143332814
23.729598554862012,-0.41525771405943163
23.775081529996068,-0.43600171412550109
23.820116060194692,-0.45770187308826893
23.864658977921501,-0.48039382540635134
23.908663287420179,-0.50411315292774983
23.952077970220497,-0.528894994916421
23.994847832563522,-0.55477357575593755
24.036913413456627,-0.58178164404136368
24.07821097545029,-0.60994981967862416
24.118672603209991,-0.63930585004055207
24.158226436990294,-0.66987378240735562
24.196797068492124,-0.70167306792581419
24.234306124469704,-0.73471762198779356
24.270673058003126,-0.76901487671977797
24.305816157859681,-0.80456487219266803
24.339656335946639,-0.84135714451259491
24.372155035411929,-0.87933973000254084
24.403310099285385,-0.91843218347733158
24.433128408291147,-0.95855378010548276
24.461624270809011,-0.99962537791989148
24.488818439960568,-1.041570384202088
24.514737100616045,-1.0843155011795014
24.539410874257172,-1.1277912628539164
24.562873878004599,-1.1719323842370466
24.585162862689771,-1.2166779495952948
24.606316444667296,-1.2619714682215735
24.626374437683339,-1.3077608256340856
24.645377284710378,-1.3539981558159935
24.663365585131817,-1.4006396569012547
24.680379709721446,-1.4476453690431226
24.696459494343987,-1.4949789298659719
24.711644002534765,-1.5426073192276608
24.725971347332404,-1.5905006024995332
24.739478563184569,-1.6386316789282545
24.752201519563602,-1.6869760396978262
24.764174868861428,-1.7355115387423787
24.775432022088342,-1.7842181780987543
24.786005146871357,-1.833077908802855
24.795925183049135,-1.8820744473474726
24.805221872056229,-1.9311931076898792
24.813923796890251,-1.9804206480562878
24.822058430119331,-2.0297451318213922
24.829652187889284,-2.0791558015377221
24.836730488335981,-2.1286429651436278
24.84331781318355,-2.1781978933633654
24.849437771625418,-2.2278127273302402
24.855113165853101,-2.2774803955031002
24.860366057825246,-2.3271945389957298
24.865217837065487,-2.3769494444962378
24.869689289450161,-2.4267399840150179
24.87380066710211,-2.4765615607580562
24.877571759652501,-2.5264100604791797
24.881021967274542,-2.5762818077196594
24.8841713678557,-2.6261734654651523
24.887046468893047,-2.6760816950233277
24.889676914823877,-2.726003429436628
24.892093023251991,-2.7759360072953472
24.89432576085656,-2.8258771301630894
24.896406729740992,-2.8758248152752413
24.898368157297522,-2.9257773440478592
24.900242889110803,-2.9757332064568116
24.902064384312986,-3.0256910413113682
24.90386671268945,-3.0756495724167543
24.905684552716771,-3.1256075405957255
24.907553189592299,-3.1755636315271052
24.909508512186317,-3.2255163993629177
24.911587007714544,-3.2754641861039078
24.9138257527901,-3.3254050367542338
24.916262399372915,-3.3753366103440223
24.918935153993591,-3.4252560870026407
24.921882748493331,-3.4751600713949444
24.925144400398267,-3.5250444930009972
24.928759760944942,-3.5749045039256764
24.932768848705663,-3.6247343751748811
24.937211966742062,-3.6745273926297197
24.942129601260262,-3.7242757542823619
24.947562299870189,-3.7739704706658279
24.953550527785286,-3.8236012708039735
24.960134500659436,-3.8731565164069606
24.967353993261337,-3.9226231274233938
24.975248123850854,-3.9719865224038604
24.983855114950831,-4.0212305773911687
24.993212032199477,-4.0703376071938795
25.003354504102656,-4.1192883728770635
25.014316426746117,-4.1680621190694254
25.026129658816629,-4.2166366442060559
25.038823713543163,-4.2649884060743988
25.052425455307773,-4.3130926639959082
25.066958615192338,-4.3609237185329235
25.082428583837814,-4.4084600633963085
25.098813481375291,-4.4556888919019197
25.116089502545613,-4.5025991159008827
25.134233611583571,-4.54918048628228
25.153223561827168,-4.5954235086083104
25.173037907346639,-4.6413193628345093
25.193656007757642,-4.6868598272545583
25.215058027268189,-4.7320372066990597
25.237224928896449,-4.7768442649332625
25.260138464689312,-4.8212741611343173
25.283781162669168,-4.8653203902780158
25.308136311141904,-4.9089767272288363
25.333187940912754,-4.9522371743036686
25.358920805877176,-4.995095912061986
25.385320362382771,-5.0375472530662782
25.412372747695478,-5.0795855983543756
25.440064757845455,-5.1212053963644646
25.468383825078352,-5.1624011040575803
25.497317995093439,-5.2031671499894436
25.526855904210581,-5.2434978990898697
25.556986756572886,-5.2833876189164197
25.587700301462608,-5.3228304471591716
25.618986810779276,-5.3618203601814765
25.650837056705463,-5.4003511423907025
25.683242289563971,-5.4384163562430246
25.716194215850003,-5.4760093126936784
25.749684976403181,-5.513123041912328
25.783707124668425,-5.5497502640920828
25.818253604976817,-5.5858833601869406
25.853317730762168,-5.6215143424196627
25.888893162613527,-5.6566348244101201
25.924973886047148,-5.6912359907800028
25.961554188864522,-5.7253085660970537
25.998628637950283,-5.7588427830337547
26.036192055315915,-5.7918283495975764
26.074239493273577,-5.824254415387065
26.112766208408694,-5.856109536665989
26.151767621197049,-5.8873816567708195
26.191235409994484,-5.91806309100396
26.231151991944419,-5.9481583619135625
26.271498403724735,-5.9776749341821578
26.312255735496397,-6.006621489454786
26.35340520824392,-6.0350078636362081
26.394928244021774,-6.0628449799218567
26.436806528578284,-6.0901447787145422
26.479022066257464,-6.1169201456991189
26.521557227124646,-6.1431848391780237
26.564394786431905,-6.1689534176884191
26.607517956655954,-6.1942411688041279
26.650910412432236,-6.2190640398997399
26.694556308818743,-6.2434385715498903
26.738440293242313,-6.2673818340382148
26.782547511816166,-6.2909113675026358
26.826863610312316,-6.3140451258963575
26.871374730460634,-6.3368014250597229
26.916067502019679,-6.3591988949856653
26.960929031115192,-6.3812564363216184
27.005946885311516,-6.4029931810799896
27.051109075847261,-6.4244284574703414
27.096404037433761,-6.4455817587201523
27.141820605976804,-6.466472715712257
27.187347994547181,-6.4871210732382485
27.232975767886682,-6.5075466696435296
27.278693815700617,-6.5277694196232234
27.324492324954605,-6.5478092999170903
27.370361751360399,-6.567686337643722
27.416292790205347,-6.5874206010099599
27.462276346655351,-6.6070321921305579
27.508303505635105,-6.6265412416924043
27.554365501369162,-6.6459679051988241
27.60045368665018,-6.6653323605317585
27.646559501884884,-6.6846548065708626
27.692674443955948,-6.7039554626100557
27.738790122135629,-6.7232543599844776
27.784902087333169,-6.7425621273047938
27.831011355542721,-6.7618763345816193
27.877119347934187,-6.7811935874193932
27.923227487764859,-6.8005104883274905
27.969337199347702,-6.8198236370759515
28.015449907017338,-6.8391296310526162
28.061567034093613,-6.8584250656225194
28.107690001842705,-6.8777065344905077
28.153820228437191,-6.8969706300685516
28.199959127914852,-6.9162139438486676
28.246108109136493,-6.9354330667824087
28.292268574743854,-6.9546245896682972
28.33844192011782,-6.9737851035482441
28.384629532336895,-6.9929112001137135
28.430832789137352,-7.0119994721231249
28.477053057875104,-7.0310465138313551
28.523291694489529,-7.0500489214321362
28.569550042470528,-7.0690032935147515
28.615829431834438,-7.0879062315379464
28.662131178077232,-7.1067543403089033
28.708456581185334,-7.1255442285006954
28.754806924599965,-7.1442725091662762
28.801183474212909,-7.1629358002814021
28.847587477365295,-7.1815307253052847
28.894020161851984,-7.2000539137605246
28.940482734936097,-7.2185020018344774
28.986976382373381,-7.2368716330021972
29.033502267434915,-7.2551594586667125
29.080061529996193,-7.2733621388434582
29.126655285528454,-7.2914763428244731
29.173284624213522,-7.3094987499093635
29.219950610017268,-7.3274260501380546
29.266654279789797,-7.3452549450519573
29.313396642382031,-7.3629821484792526
29.360178677779231,-7.3806043873441407
29.407001336253693,-7.3981184025004669
29.453865537537155,-7.4155209495894283
29.500772075190618,-7.4328090579581438
29.547718963755358,-7.4499872959453395
29.59470115656498,-7.4670687482730624
29.641713545174802,-7.4840669241970321
29.688751115080571,-7.5009952986710973
29.735808931042957,-7.5178673152808848
29.782882122522047,-7.5346963895257728
29.829965869211733,-7.551495912375823
29.877055386663084,-7.5682792540331647
29.924145911983086,-7.5850597678285503
29.971232689594043,-7.6018507941854097
30.01831095703977,-7.6186656645849711
30.065375930823468,-7.6355177054662109
30.112422792262578,-7.6524202419943803
30.159446673336891,-7.6693866016279522
30.206442642585319,-7.6864301174410334
30.253405690883135,-7.7035641310758169
30.300330717262735,-7.7208019953163687
30.347212514711952,-7.7381570761901504
30.394045755932066,-7.7556427545170674
30.440824979021553,-7.7732724268153337
30.487544573203394,-7.7910595055258058
30.534198764515498,-7.8090174184379748
30.580781601520659,-7.8271596072464851
30.627286941057132,-7.8454995251484174
30.673708434062881,-7.8640506333906339
30.720039511517395,-7.8828263966749352
30.76627337055217,-7.9018402773259755
30.812402960791289,-7.9211057281256547
30.858420970995841,-7.9406361837174551
30.904319816095825,-7.9604450504840063
30.950091624705951,-7.9805456948025855
30.99572822723583,-8.0009514295867667
31.04122114471738,-8.0216754990264185
31.086561578490947,-8.0427310614471033
31.131740400868555,-8.0641311702011773
31.17674814703372,-8.0858887525738048
31.221575008211737,-8.1080165865893079
31.266210857519155,-8.1305272146585423
31.310647447877724,-8.1534286662782236
31.35488000997573,-8.1767217412339104
31.398904073692311,-8.2004065157857777
31.442715136272035,-8.2244830057275085
31.486308663764245,-8.2489511640827242
31.529680092572281,-8.2738108787971196
31.572824831113735,-8.2990619704307065
31.615738261593545,-8.3247041898549945
31.658415741891968,-8.3507372159606366
31.700852607568461,-8.3771606533809564
31.743044173982003,-8.4039740302367196
31.784985738529301,-8.4311767959086126
31.826672583000871,-8.4587683188434895
31.868099976054495,-8.486747884400387
31.909263175806387,-8.5151146927435324
31.950157432538838,-8.5438678567887791
31.990777991523142,-8.5730064002105344
32.031120095956084,-8.6025292555162878
32.071178990007482,-8.6324352621955587
32.110949921977813,-8.6627231649520269
32.150428147558742,-8.693391612023019
32.189608933207431,-8.7244391536050934
32.228487559570908,-8.7558642403459199
32.267059325096056,-8.7876652220210474
32.3053195496353,-8.8198403462565125
32.343263578179737,-8.8523877574130783
32.380886784659268,-8.8853054955962598
32.418184575811424,-8.9185914958056429
32.455152395111114,-8.9522435872296775
32.491785726745945,-8.986259492684713
32.528080099679656,-9.0206368282519982
32.56403109166547,-9.0553731029973399
32.599634333373302,-9.0904657189393241
32.634885512491309,-9.1259119711503853
32.669780377843203,-9.1617090480421908
32.70431474350319,-9.1978540318316995
32.738484492897314,-9.2343438991902431
32.772285833936763,-9.2711752931071452
32.80571712608311,-9.3083429033094482
32.838777792647754,-9.3458405721810234
32.871467280027197,-9.3836622663079776
32.903785045074805,-9.4218020810802212
32.935730550047992,-9.4602542381695383
32.967303257811636,-9.499013082963522
32.998502627210343,-9.5380730818790589
33.029328108625194,-9.5774288195950028
33.059779139702066,-9.6170749962103201
33.089855141243227,-9.6570064243382401
33.119555513253246,-9.6972180261445242
33.148879631129844,-9.737704830337174
33.17782684199188,-9.7784619691148933
33.206396461135647,-9.8194846750800266
33.23458776861083,-9.8607682781203678
33.262400005908788,-9.902308202265079
33.289832372754944,-9.944099962517841
33.316884023995719,-9.986139161667241
33.343554066582321,-10.028421487091375
33.369841556623896,-10.070942707527115
33.395745496525009,-10.11369866983844
33.421264832189678,-10.156685295767659
33.446398450287404,-10.19989857867203
33.471145175575145,-10.243334580245477
33.49550376826992,-10.28698942722524
33.519472921466367,-10.330859308082001
33.5430512585937,-10.374940469691115
33.566237330907619,-10.419229213983908
33.589029615012379,-10.463721894576134
33.611426510408236,-10.508414913370283
33.63342633706084,-10.553304717129539
33.655027332988311,-10.598387794019111
33.676227651862774,-10.643660670111601
33.697025360622874,-10.689119905851516
33.717418437094864,-10.734762092475361
33.737404800366541,-10.780583834223275
33.756982875364962,-10.826581505322936
33.776151593167455,-10.872751268859195
33.794909944623022,-10.919089278076942
33.81325696403421,-10.96559168411261
33.831191728244306,-11.012254636893145
33.848713355713819,-11.059074285990826
33.865821005583669,-11.106046781422267
33.882513876751823,-11.153168274459683
33.898791206903411,-11.200434918283344
33.91465227158205,-11.247842868712782
33.930096383234925,-11.29538828482567
33.945122890264543,-11.343067329550552
33.959731176082897,-11.39087617021751
33.973920658169448,-11.438810979066581
33.987690787134675,-11.486867933714835
34.001041045790785,-11.535043217582421
34.013970948230984,-11.583333020279131
34.026480038919132,-11.631733537951849
34.038567891790528,-11.680240973593133
34.050234109365782,-11.728851537312821
34.061478321878731,-11.777561446573097
34.072300186419518,-11.826366926387358
34.082699386094269,-11.875264209484829
34.092675629202226,-11.924249536441597
34.102228648431463,-11.973319155778324
34.111358200074108,-12.022469324026872
34.120064063262227,-12.071696305766338
34.128346039224724,-12.120996373628961
34.136203950566767,-12.170365808278275
34.143637640571946,-12.219800898359818
34.150646972528122,-12.269297940425114
34.157231829077716,-12.318853238831178
34.163392111592835,-12.368463105616019
34.169127739576076,-12.418123860350811
34.174438650087325,-12.467831829970937
34.179324797197296,-12.51758334858657
34.183786151467977,-12.567374757273253
34.187822699460668,-12.617202403844942
34.191434443271902,-12.667062642609844
34.194621400097475,-12.716951834109937
34.197383601825202,-12.766866344846198
34.199721094656354,-12.816802546990237
34.201633938756196,-12.866756818082932
34.20312220793393,-12.916725540722329
34.204185989351991,-12.966705102241043
34.20482538326511,-13.016691894374887
34.205040502789132,-13.066682312923087
34.204831473699734,-13.116672757402199
34.204198434261116,-13.166659630694323
34.203141535084868,-13.216639338689131
34.201660939018694,-13.26660828992749
34.199756821065407,-13.316562895236846
34.197429368331953,-13.366499567367557
34.194678780007813,-13.416414720641798
34.191505267376684,-13.466304770544198
34.187909053851612,-13.516166133431851
34.183890375046211,-13.565995226130253
34.179449478872435,-13.615788465592534
34.17458662566861,-13.665542268551686
34.169302088356623,-13.715253051179898
34.163596152628365,-13.764917228755492
34.157469117161085,-13.814531215337954
34.150921293861366,-13.864091423453333
34.14395300813753,-13.913594263790433
34.136564599200206,-13.963036144908472
34.128756420390538,-14.012413472958215
34.120528839535922,-14.061722651417245
34.111882239332822,-14.110960080839856
34.102817017756067,-14.160122158623684
34.093333588494524,-14.209205278793686
34.083432381412393,-14.25820583180389
34.073113843035777,-14.30712020435916
34.062378437063671,-14.355944779258587
34.051226977664264,-14.404676012171631
34.039661755502038,-14.453310710492472
34.027685466980451,-14.501845820383933
34.015300809069608,-14.550278337972312
34.002510477488656,-14.598605308290894
33.989317164977919,-14.646823824191932
33.975723559648934,-14.694931025226159
33.961732343411107,-14.742924096493923
33.94734619047388,-14.790800267470264
33.932567765919948,-14.838556810817805
33.917399724369126,-14.88619104112318
33.901844708678652,-14.933700313728718
33.885905348748317,-14.981082023436946
33.869584260378964,-15.028333603252294
33.852884044198916,-15.075452523108792
33.8358072846572,-15.122436288585048
33.818356549080633,-15.169282439611969
33.800534386793203,-15.215988549175679
33.782343328296065,-15.262552222016481
33.763785884506312,-15.3089710933261
33.744864546053037,-15.355242827444354
33.725581782629085,-15.401365116555928
33.705940042396627,-15.447335679389615
33.685941751444865,-15.493152259920487
33.665589313298696,-15.538812626075627
33.644885108476231,-15.584314568445318
33.623831494093707,-15.629655898999975
33.602430803516597,-15.674834449813259
33.580685346055049,-15.719848071792855
33.558597406702148,-15.764694633419113
33.536169245914039,-15.809372019491661
33.513403099430136,-15.853878129885382
33.490301178132015,-15.898210878315671
33.466865667940098,-15.942368191112909
33.44309872974668,-15.986348006007399
33.419002499383787,-16.030148270924556
33.394579087624933,-16.073766942791003
33.369830580225326,-16.11720198634163
33.344759037972487,-16.160451372974819
33.319366496806332,-16.20351307955104
33.293654967932483,-16.246385087266894
33.267626437982408,-16.289065380508656
33.241282869198635,-16.33155194572268
33.214626199647,-16.37384277029728
33.187658343455659,-16.415935841455397
33.160381191080468,-16.457829145158041
33.132796609595289,-16.499520665018785
33.104906443007316,-16.541008381229268
33.076712512596842,-16.582290269494898
33.048216617280517,-16.623364299981716
33.019420533998023,-16.664228436273849
32.990326018121976,-16.704880634341009
32.960934803890133,-16.745318841516934
32.931248604859981,-16.785540995488123
32.901269114385705,-16.825545023292499
32.870998006116558,-16.865328840328754
32.840436934517257,-16.90489034937583
32.809587535409989,-16.944227439622274
32.778451426537721,-16.98333798570609
32.747030208149091,-17.022219846764767
32.715325463604898,-17.060870865495147
32.683338760005981,-17.09928886722394
32.65107164884261,-17.137471658988499
32.618525666665938,-17.17541702862772
32.585702335781086,-17.213122743883844
32.552603164962179,-17.250586551515006
32.519229650190141,-17.287806176418346
32.485583275412665,-17.324779320764659
32.451665513327029,-17.361503663144486
32.417477826186435,-17.397976857725613
32.383021666629503,-17.434196533423119
32.348298478533756,-17.470160293081914
32.313309697893608,-17.505865712672005
32.278056753722922,-17.54131034049756
32.242541591557163,-17.57649222603753
32.206768664420679,-17.611411988121496
32.170743165437926,-17.646071125575205
32.134470266628291,-17.680471263416631
32.097955114490581,-17.714614148775453
32.061202825985518,-17.748501646903282
32.024218484767658,-17.782135737143292
31.987007137666431,-17.815518508874892
31.949573791415023,-17.84865215744794
31.911923409623348,-17.88153898012142
31.874060909992124,-17.914181372019492
31.835991161763861,-17.946581822116997
31.79771898340492,-17.978742909266728
31.75924914051339,-18.010667298278538
31.720586343946753,-18.04235773606004
31.681735248162013,-18.073817047828122
31.64270044976152,-18.105048133399237
31.60348648623755,-18.136053963565182
31.564097834907145,-18.166837576561541
31.524538912029978,-18.197402074633988
31.484814072101745,-18.227750620707038
31.444927607314078,-18.257886435160149
31.404883747173937,-18.287812792714202
31.364686658274458,-18.317533019431117
31.324340444208978,-18.347050489829297
31.283849145620842,-18.376368624116505
31.243216740381772,-18.405490885540996
31.202447143890769,-18.434420777862236
31.161544209486536,-18.463161842941275
31.12051172896723,-18.491717658450376
31.0793534332097,-18.520091835701919
31.038072992882295,-18.548288017595695
30.996674019245582,-18.576309876683119
30.955160065033972,-18.604161113347526
30.91353462541332,-18.631845454098858
30.871801139009428,-18.659366649980544
30.829962989001512,-18.686728475087314
30.788023503300614,-18.713934723681415
30.745985254928698,-18.740988118004292
30.703848849818222,-18.767888374862135
30.661614565058713,-18.79463469478765
30.619282683942128,-18.821226277362602
30.576853496034367,-18.847662321320772
30.534327297246193,-18.873942024653068
30.491704389903557,-18.900064584714467
30.448985082816694,-18.926029198333353
30.40616969134825,-18.951835061922981
30.36325853748091,-18.977481371594873
30.320251949883346,-19.002967323274504
30.277150263975582,-19.028292112819077
30.233953821992749,-19.053454936137484
30.190662973048223,-19.078454989312089
30.147278073195039,-19.103291468722979
30.103799485486029,-19.127963571174121
30.060227580033001,-19.152470494021468
30.01656273406444,-19.176811435303147
29.972805331980133,-19.200985593872609
29.928955765407917,-19.224992169531653
29.885014433255144,-19.248830363167659
29.840981741760249,-19.272499376891748
29.796858104542604,-19.295998414178911
29.752643942650327,-19.319326680010292
29.708339684606187,-19.342483381017324
29.663945766452116,-19.365467725627553
29.619462631791439,-19.388278924212482
29.574890731829033,-19.410916189237238
29.530230525409973,-19.433378735411754
29.485482479055634,-19.455665779843919
29.440647066997606,-19.477776542194363
29.395724771209967,-19.499710244832723
29.350716081438801,-19.521466112995665
29.305621495229289,-19.543043374946475
29.260441517951186,-19.564441262135873
29.215176662062724,-19.585659007738887
29.169827126517166,-19.606695154047841
29.124392307443312,-19.627546459097562
29.078871501027624,-19.648209367113928
29.033264034325335,-19.668680284052741
28.987569266284883,-19.68895557701903
28.941786588820623,-19.709031573732403
28.895915427934614,-19.728904562041173
28.849955244888321,-19.74857078948736
28.803905537423336,-19.768026462926038
28.757765841031954,-19.787267748201849
28.711535730277927,-19.806290769885535
28.665214820166426,-19.825091611074413
28.618802767563572,-19.843666313260034
28.572299272665656,-19.862010876266549
28.525704080516714,-19.880121258264044
28.479016982574226,-19.897993375860651
28.432237818322793,-19.91562310427749
28.38536647693369,-19.933006277611067
28.338402898963544,-19.950138689189767
28.29134707812818,-19.967016092015367
28.244199063058261,-19.983634199327756
28.196958959153925,-19.999988685254344
28.149626930449681,-20.016075185580561
28.102203201520563,-20.031889298634571
28.054688059421341,-20.047426586293064
28.007081855656459,-20.062682575113072
27.959385008176426,-20.07765275759553
27.91159800339716,-20.092332593585297
27.863721398239008,-20.106717511812889
27.815755822179696,-20.12080291158324
27.767701979316953,-20.134584164616339
27.719560650435994,-20.148056617044489
27.671332695075044,-20.161215591571281
27.623019053583363,-20.174056389796544
27.574620749165579,-20.186574294711516
27.526138889904164,-20.198764573368464
27.477574670753306,-20.210622479728201
27.4289293761334,-20.222143260419021
27.380204934450759,-20.233324583846581
27.33140485272931,-20.244171039859367
27.282532808584637,-20.254688513584195
27.233592361614583,-20.264882971194258
27.184586953484118,-20.274760453016132
27.13551990829616,-20.284327066907391
27.086394433228509,-20.293588981914517
27.037213619418367,-20.302552422218493
26.987980443076122,-20.311223661373443
26.938697766809376,-20.319609016842342
26.889368341139537,-20.327714844831828
26.839994806194529,-20.335547535426567
26.790579693559707,-20.343113508022636
26.741125428271733,-20.350419207057797
26.691634330940705,-20.357471098035507
26.642108619985006,-20.36427566383858
26.592550413965867,-20.370839401327643
26.542961734009001,-20.377168818218447
26.493344506302332,-20.383270430231605
26.4437005646543,-20.389150758508471
26.394031653109252,-20.39481632728474
26.344339428605,-20.40027366181495
26.294625463665799,-20.405529286539416
26.244891249123413,-20.410589723485504
26.195138196857776,-20.415461490894831
26.145367642551719,-20.420151102068072
26.095580848454127,-20.424665064418679
26.045779006145729,-20.429009878727271
25.995963239303745,-20.433192038588231
25.946134606461655,-20.437218030040082
25.896294103760528,-20.441094331371648
25.8464426676892,-20.444827413095901
25.796581177812072,-20.44842373808353
25.746710459481729,-20.451889761848705
25.696831286535865,-20.455231932979533
25.646944383482481,-20.458456685999291
25.597050348338282,-20.461569152384897
25.547149578510954,-20.464571717779879
25.497242435236128,-20.467466422505257
25.447329266602441,-20.470255310944033
25.397410407777304,-20.472940431266487
25.347486181224138,-20.475523835166708
25.297556896925908,-20.478007577609755
25.247622852611862,-20.480393716589102
25.197684333987436,-20.482684312894573
25.147741614967575,-20.484881429890304
25.097794957912463,-20.486987133302804
25.047844613865923,-20.489003491018838
24.997890822796716,-20.490932572892991
24.947933813841626,-20.492776450564712
24.897973805550556,-20.494537197284735
24.848011006134119,-20.496216887750602
24.798045613712429,-20.497817597951101
24.748077816565392,-20.499341405019507
24.698107793385095,-20.500790387095318
24.648135713528866,-20.502166623194366
24.59816173727355,-20.503472193087024
24.548186016071341,-20.50470917718436
24.498208692805978,-20.505879656431951
24.44822990204991,-20.506985712211275
24.398249770322455,-20.508029426248225
24.348268416348287,-20.509012880528797
24.298285951316323,-20.509938157221551
24.248302479139674,-20.510807338606654
24.198318096715361,-20.511622507011303
24.148332894184417,-20.512385744751313
24.098346955192685,-20.513099134078605
24.048360357151378,-20.513764757134375
23.998373171497697,-20.514384695907726
23.948385463956033,-20.514961032199547
23.898397294798801,-20.515495847591357
23.848408719107212,-20.515991223418983
23.798419787032515,-20.516449240750671
23.748430544056763,-20.516871980369611
23.698441031253402,-20.517261522760535
23.648451285548337,-20.51761994810003
23.598461339980382,-20.517949336250691
23.548471223961538,-20.518251766758461
23.498480963537673,-20.518529318853279
23.448490581648574,-20.518784071452561
23.398500098387807,-20.51901810316749
23.34850953126297,-20.519233492311628
23.298518895455295,-20.519432316911999
23.24852820407909,-20.519616654721975
23.198537468441554,-20.519788583236082
23.148546698301981,-20.519950179706385
23.098555902130791,-20.520103521160106
23.048565087369042,-20.520250684418514
22.998574260687203,-20.520393746116561
22.948583428244,-20.520534782723274
22.898592595945541,-20.52067587056257
22.848601769703901,-20.520819085834248
22.798610955696002,-20.520966504635034
22.748620160622036,-20.521120202979322
22.698629391964513,-20.521282256819521
22.648638658246728,-20.521454742065668
22.598647969291275,-20.52163973460415
22.548657336479014,-20.521839310315308
22.498666773007617,-20.522055545089628
22.448676294150093,-20.522290514842435
22.398685917513895,-20.522546295526674
22.34869566329948,-20.522824963143741
22.298705554559007,-20.523128593752006
22.248715617455534,-20.523459263472873
22.198725881521742,-20.52381904849409
22.148736379918713,-20.524210025070211
22.098747149695246,-20.524634269519744
22.048758232046673,-20.525093858219076
21.998769672573694,-20.525590867592658
21.948781521416805,-20.526127362977281
21.89879382044996,-20.526704284550668
21.848806588300537,-20.527320496819833
21.798819838052825,-20.527974640371749
21.748833579694498,-20.528665355746348
21.698847820228977,-20.529391283451474
21.648862563786675,-20.53015106397616
21.598877811735782,-20.53094333780227
21.548893562793044,-20.531766745414547
21.498909813135111,-20.53261992730916
21.448926556509338,-20.533501524000826
21.398943784344574,-20.534410176028462
21.348961485862532,-20.535344523959637
21.298979648188531,-20.53630320839363
21.248998256462322,-20.537284869963422
21.199017293949328,-20.538288149336413
21.149036742151424,-20.539311687214216
21.099056580917637,-20.540354124331316
21.049076788555361,-20.541414101452865
20.999097341941095,-20.54249025937159
20.949118216631028,-20.543581238903823
20.899139386972255,-20.54468568088485
20.849160826213382,-20.545802226163527
20.799182506615153,-20.546929515596311
20.749204399561538,-20.548066190040636
20.699226475670333,-20.549210890347904
20.649248704903748,-20.550362257355975
20.59927105667947,-20.551518931881244
20.549293499981218,-20.552679554710533
20.499316003469421,-20.553842766592588
20.449338535592158,-20.555007208229487
20.399361064695857,-20.556171520267885
20.349383559135848,-20.557334343290236
20.299405987387527,-20.558494317805973
20.249428318156966,-20.559650084242794
20.199450520491602,-20.560800282938047
20.149472563891422,-20.561943554130337
20.099494418419731,-20.563078537951409
20.049516054813896,-20.564203874418261
19.999537444596637,-20.565318203425758
19.949558560186947,-20.566420164739615
19.899579375010937,-20.567508397989954
19.849599863613285,-20.568581542665306
19.799620001768261,-20.569638238107473
19.749639766590764,-20.570677123506854
19.699659136647981,-20.571696837898727
19.649678092070424,-20.572696020160201
19.599696614663301,-20.573673309008228
19.54971468801817,-20.574627342998426
19.499732297624341,-20.575556760525004
19.449749430980198,-20.576460199821756
19.399766077705195,-20.577336298964209
19.349782229651268,-20.578183695872955
19.299797881014403,-20.579001028318309
19.249813028446674,-20.579786933926279
19.199827671167878,-20.580540050185938
19.14984181107711,-20.581259014458297
19.099855452864933,-20.581942463986692
19.049868604125088,-20.582589035908754
18.999881275466048,-20.583197367270085
18.949893480623317,-20.583766095039625
18.899905236570952,-20.584293856126848
18.849916563633251,-20.584779287400757
18.799927485596793,-20.585221025710858
18.749938029821976,-20.585617707910114
18.699948227354451,-20.585967970879867
18.649958113036934,-20.586270451556981
18.599967725620523,-20.586523786963085
18.549977107875762,-20.586726614236095
18.499986306704091,-20.586877570663994
18.449995373248726,-20.586975293721004
18.400004363005124,-20.587018421106183
18.350013335931976,-20.5870055907845
18.30002235656125,-20.586935441030423
18.250031494059154,-20.586806625423968
18.200040817969143,-20.586618898896468
18.15005038982121,-20.586373852142685
18.100060264705515,-20.586073250100871
18.050070491824748,-20.585718857913779
18.000081114683383,-20.585312440874699
17.950092171274264,-20.584855764377714
17.900103694265962,-20.584350593872031
17.850115711189737,-20.583798694820267
17.80012824462673,-20.583201832660553
17.750141312395666,-20.582561772772316
17.700154927740133,-20.581880280445557
17.650169099516241,-20.581159120853588
17.600183832379944,-20.580400059028971
17.550199126974945,-20.579604859842611
17.500214980120099,-20.578775287985788
17.450231384996663,-20.577913107955094
17.400248331336183,-20.577020084039983
17.350265805607687,-20.576097980312962
17.300283791204784,-20.575148560622154
17.250302268633316,-20.574173588586138
17.200321215698295,-20.573174827591
17.150340607690726,-20.572154040789265
17.10036041757504,-20.571112991100811
17.050380616175612,-20.570053441215446
17.00040117236346,-20.568977153597068
16.950422053243184,-20.567885890489297
16.900443224339334,-20.566781413922406
16.850464649782776,-20.565665485721418
16.80048629249729,-20.564539867515212
16.750508114385752,-20.56340632074658
16.700530076516166,-20.562266606682989
16.650552139308065,-20.561122486427951
16.600574262718442,-20.559975720932922
16.550596406427637,-20.558828071009508
16.500618530025459,-20.55768129734189
16.450640593197097,-20.556537160499293
16.400662555908646,-20.555397420948385
16.350684378593378,-20.554263839065516
16.300706022337302,-20.553138175148558
16.250727449064854,-20.55202218942825
16.200748621724937,-20.550917642079
16.150769504476546,-20.549826293228858
16.100790062874381,-20.548749902968584
16.050810264054928,-20.54769023135978
16.000830076922128,-20.546649038441725
15.950849472332926,-20.545628084236998
15.900868423283502,-20.544629128755627
15.85088690509485,-20.543653931997611
15.800904895598544,-20.542704253953843
15.750922375322808,-20.54178185460502
15.700939327678297,-20.540888493918672
15.650955739143782,-20.540025931844042
15.600971599452354,-20.539195928304661
15.550986901776986,-20.538400243188537
15.501001642916552,-20.537640636335841
15.451015823481383,-20.536918867523827
15.40102944807934,-20.536236696449013
15.351042525501271,-20.535595882706389
15.30105506890656,-20.53499818576552
15.251067096008834,-20.53444536494343
15.201078629261211,-20.533939179374151
15.151089696041282,-20.533481387974714
15.101100328836509,-20.533073749407592
15.051110565428804,-20.532718022039305
15.001120449078835,-20.532415963895161
14.951130028710715,-20.532169332609957
14.901139359095581,-20.531979885374518
14.851148501035006,-20.531849378877943
14.801157521544383,-20.531779569245394
14.751166494035292,-20.531772211971358
14.701175498497427,-20.531829061848249
14.651184621680343,-20.531951872890122
14.601193957273956,-20.532142398251519
14.551203606088546,-20.532402390141236
14.501213676234171,-20.532733599730886
14.45122428241168,-20.533137675038343
14.401235486857901,-20.533610136876472
14.35124723384202,-20.534137010345905
14.301259413196147,-20.53470350832082
14.251271879621651,-20.535294846833352
14.201284465785051,-20.535896242550184
14.151296995404568,-20.536492910111964
14.101309296339952,-20.537070059415825
14.051321213698078,-20.537612892921004
14.001332622965531,-20.538106603058033
13.951343443179921,-20.538536369822253
13.901353650150893,-20.538887358632959
13.851363289737867,-20.539144718540499
13.801372491191207,-20.539293580864292
13.751381480560372,-20.539319058345971
13.701390594167693,-20.539206244902825
13.65140029214348,-20.53894021606774
13.601411172013888,-20.538506030202779
13.551423982325701,-20.53788873057427
13.501439636287929,-20.537073348377749
13.451459225403534,-20.536044906801106
13.401484033055056,-20.534788426213566
13.351515548003379,-20.533288930567409
13.301555477748311,-20.531531455096655
13.251605761690723,-20.529501055394487
13.201668584027482,-20.527182817946592
13.151746386301266,-20.524561872192237
13.101841879515046,-20.52162340417792
13.051958055713637,-20.518352671859457
13.00209819892374,-20.514735022098233
12.952265895333724,-20.510755909384411
12.902465042586417,-20.506400916305648
12.852699858049991,-20.501655775762913
12.802974885923442,-20.49650639491604
12.753295003029228,-20.490938880820611
12.703665423141501,-20.48493956769445
12.65409169969524,-20.478495045726618
12.604579726724014,-20.471592191315008
12.555135795364745,-20.4642178231671
12.505768952176355,-20.456344151970125
12.45649248137102,-20.447923662901836
12.4073216769496,-20.43890690256239
12.358273876365619,-20.429243703903587
12.30936869845449,-20.418883141008347
12.260628294001798,-20.407773527234511
12.212077606826742,-20.395862463509349
12.163744641552446,-20.38309694468721
12.115660732299194,-20.369423532860246
12.067860804117055,-20.354788607154504
12.020383616162093,-20.339138699675413
11.9732719724049,-20.322420926621842
11.926572882410055,-20.304583521955156
11.880337651050526,-20.285576477855606
11.834621873570546,-20.265352291672425
11.789485310060144,-20.243866812392188
11.744991613388661,-20.221080171334084
11.701205235786585,-20.196962468800322
11.658159929797527,-20.17154544317205
11.615864099046712,-20.144899615189903
11.574320365406837,-20.117095494425499
11.53352649165252,-20.08820217784729
11.493475959034308,-20.058286780368199
11.45415853892394,-20.027414005672611
11.41556083974865,-19.995645842753635
11.377666815863023,-19.963041371300577
11.340458230069602,-19.929656658684902
11.303915065338936,-19.895544731808069
11.268015884433307,-19.860755608511841
11.232738138350056,-19.825336375026115
11.198058426015942,-19.789331297889866
11.163952708589321,-19.75278196073376
11.130396482190156,-19.715727418144489
11.097364913016319,-19.678204360503027
11.064832938628454,-19.640247285078413
11.032778047233874,-19.601886423777881
11.001198865060148,-19.563133017220171
10.970104194610213,-19.523989790681977
10.939503179066906,-19.484459448243516
10.909405248842917,-19.444544737952562
10.879820125385661,-19.404248468790904
10.850757824308364,-19.363573528178524
10.822228657853747,-19.322522900171293
10.794243236532814,-19.281099684299615
10.766812469855108,-19.239307115098594
10.739947566032486,-19.197148582341011
10.713660030532553,-19.154627651980839
10.68796166334946,-19.111748087807698
10.662864554849344,-19.068513873799773
10.63838108004032,-19.0249292371529
10.614523891109098,-18.980998671950388
10.591305908057899,-18.936726963420629
10.568740307271169,-18.892119212715098
10.546840507836588,-18.847180862119675
10.525620155442452,-18.80191772059063
10.505093103674254,-18.756335989485503
10.485273392536181,-18.710442288334317
10.466175224030581,-18.664243680472929
10.447812934630827,-18.6177476983129
10.430200964527669,-18.570962368067978
10.413353823489475,-18.523896233580679
10.397286053276799,-18.476558379048914
10.38201218652399,-18.428958450277939
10.367546702067514,-18.381106674129512
10.353903976737119,-18.333013875797306
10.341098233677378,-18.284691493518743
10.329143487325142,-18.236151590321356
10.31805348523088,-18.18740686238937
10.307841646981286,-18.13847064363781
10.2985210005534,-18.089356906087744
10.290104116506395,-18.04008025565302
10.282603040493363,-17.990655922967971
10.276029224658732,-17.94109974896632
10.270390030287537,-17.891428537052551
10.265677066911516,-17.841660876299457
10.261877412225029,-17.791815145020813
10.25897790927533,-17.741908939532497
10.256965240255282,-17.691959087441603
10.255825994472689,-17.641981665460484
10.255546730660432,-17.591992020959616
10.25611403373853,-17.542004796633922
10.257514566201786,-17.492033957687447
10.259735114357969,-17.442092821001818
10.262762629679475,-17.392194085814715
10.266584265558379,-17.342349865491101
10.271187409772249,-17.292571720027073
10.276559712977104,-17.242870688977312
10.282689113546551,-17.193257324547279
10.289563859072723,-17.143741724637433
10.29717252483765,-17.094333565665817
10.305504029552807,-17.045042135034766
10.314547648651194,-16.995876363140979
10.324293025401976,-16.94684485485605
10.334730180101277,-16.897955920433461
10.34584951757649,-16.849217605820243
10.357641833223568,-16.800637722375996
10.370098317788099,-16.752223875990271
10.383210561062407,-16.703983495694708
10.39697055468784,-16.655923861746558
10.411370694216984,-16.608052133261342
10.426403780574534,-16.560375375484409
10.442063021030638,-16.512900586828991
10.4583420298608,-16.465634725596381
10.475234828725455,-16.418584736711516
10.492735846919842,-16.371757578408385
10.510839921558446,-16.325160249052022
10.529542297774046,-16.278799814212444
10.548838628999329,-16.232683434125068
10.56872497738923,-16.186818391686128
10.589196989436669,-16.141211747574847
10.610247117918691,-16.095869030883481
10.631866640309559,-16.050795016644347
10.654046457054616,-16.005994046610446
10.676777122500564,-15.961470022225141
10.700048876357153,-15.917226399929186
10.723851675423591,-15.873266188749376
10.748175225322489,-15.829591950092206
10.773009012014926,-15.786205799615161
10.798342332820484,-15.743109411147588
10.824164326824661,-15.700304022371125
10.850464004396677,-15.657790442275699
10.877230275709666,-15.615569060137746
10.904451978103234,-15.573639855892681
10.932117902171756,-15.532002411733492
10.960216816481342,-15.490655924771133
10.988737490840432,-15.449599220593274
11.017668718068743,-15.408830767563106
11.046999334228515,-15.368348691705213
11.076718237300408,-15.328150792032114
11.106814404301863,-15.288234556174221
11.13727690686,-15.248597176185726
11.168094925265011,-15.209235564407368
11.199257761039712,-15.170146369279138
11.230754848070687,-15.131325991006323
11.262575762354682,-15.092770596991796
11.294710230419541,-15.054476136959225
11.327148136483164,-15.016438357702146
11.359879528419103,-14.978652817401974
11.392894622598023,-14.941114899469083
11.426183807675811,-14.903819825869187
11.459737647396858,-14.86676266990829
11.493546882506294,-14.829938368428394
11.527602431774699,-14.793341733470671
11.561895392303693,-14.756967463285763
11.596417039090712,-14.720810152782965
11.631158823956621,-14.684864303373594
11.666112452365255,-14.649124409344381
11.701274657897407,-14.613589704948904
11.736649866277912,-14.578267047959303
11.772243146965558,-14.543164151149254
11.808059539953463,-14.508288937927013
11.844104054094569,-14.473649552989379
11.880381664778371,-14.43925437289942
11.916897310768269,-14.405112016731936
11.953655890295718,-14.371231356642101
11.990662256297519,-14.337621528405435
12.027921210806854,-14.304291941848714
12.065437498422341,-14.271252291162192
12.103215798792462,-14.238512565057874
12.141260718120691,-14.20608305666847
12.179576779590485,-14.173974373164427
12.218168412677583,-14.142197444993961
12.257039941292231,-14.110763534660876
12.2961955706966,-14.079684244940875
12.335639373145872,-14.048971526422418
12.375375272201495,-14.018637684246171
12.415407025669346,-13.988695383902531
12.455738207121628,-13.959157655930953
12.496372185967354,-13.930037899350106
12.537312106044897,-13.901349883632756
12.578560862723211,-13.87310774902207
12.620121078510564,-13.845326004972039
12.661995077186909,-13.818019526479485
12.704184856496621,-13.791203548061112
12.746692059460617,-13.764893655117509
12.789517944393562,-13.739105772416435
12.832663353742817,-13.713856149420479
12.876128681898889,-13.689161342181841
12.919913842163995,-13.665038191528993
12.964018233109982,-13.641503797275329
13.008440704577941,-13.618575488206011
13.053179523690366,-13.596270787582521
13.098232325844043,-13.574607341640323
13.143592905252367,-13.55359595913694
13.189247668785004,-13.533231666077178
13.235182303104926,-13.513506738849987
13.281382813898164,-13.49441282074716
13.327835555621753,-13.475940971504821
13.374527256835611,-13.458081716770879
13.421445041464803,-13.440825096937289
13.468576446056739,-13.424160714968348
13.515909433283191,-13.408077782847805
13.563432401923947,-13.392565166339855
13.611134193580238,-13.377611427814408
13.659004096434094,-13.36320486692073
13.707031846204666,-13.349333558994049
13.755207624807579,-13.335985391015305
13.803522056697986,-13.323148095141235
13.851966203404395,-13.310809279696944
13.900531556376855,-13.298956457665128
13.949210028391002,-13.287577072690747
13.997993943828224,-13.276658522622347
14.046876027871241,-13.266188180692264
14.095849394962332,-13.256153414374714
14.144907536602361,-13.246541602031849
14.194044308673673,-13.237340147436928
14.243253918420821,-13.228536492276826
14.292530911209786,-13.220118126738498
14.341870157171282,-13.212072598285019
14.391266837820767,-13.204387518725818
14.440716432730838,-13.197050569684411
14.490214706342851,-13.190049506560099
14.53975769489856,-13.183372161089535
14.589341693689352,-13.177006442576801
14.638963244464996,-13.170940337904202
14.688619123180201,-13.165161910381334
14.738306328032049,-13.159659297514414
14.788022067812083,-13.154420707760652
14.837763750581214,-13.149434416326985
14.887528972667685,-13.144688760066455
14.937315516583551,-13.140172228120591
14.987121540645129,-13.135875806407672
15.036945537172455,-13.131793053328927
15.086786088601883,-13.127917597132152
15.13664185446301,-13.124243014559285
15.186511569810472,-13.120762834810375
15.236394043525179,-13.117470543338962
15.28628815649437,-13.114359585477683
15.336192859680473,-13.111423369893613
15.386107172086676,-13.108655271874005
15.436030178627838,-13.106048636443681
15.485961027915447,-13.103596781316197
15.535898929964121,-13.101292999681549
15.585843153826456,-13.099130562833922
15.635793025164368,-13.097102722643381
15.685747923763019,-13.095202713876173
15.735707280993021,-13.093423756368619
15.785670577227931,-13.091759057060065
15.835637339221531,-13.090201811890799
15.885607137450682,-13.088745207571048
15.935579583427543,-13.087382423227686
15.985554326986627,-13.086106631935333
16.035531053550191,-13.084911002138895
16.085509481375084,-13.083788698974725
16.135489358785545,-13.082732885497812
16.185470461394559,-13.081736723822477
16.235452589315923,-13.080793376184213
16.285435564370836,-13.079896005930374
16.335419227290874,-13.079037778447528
16.38540343491875,-13.078211862033269
16.435388057410215,-13.07741142872038
16.485372975438292,-13.0766296550612
16.535358077400971,-13.075859722880164
16.585343256635159,-13.075094820002226
16.635328408637847,-13.074328140965173
16.685313428295526,-13.073552887723556
16.735298210954465,-13.072762510535641
16.785282710557293,-13.071954430123188
16.835266931967613,-13.07112932001926
16.885250882320147,-13.070287948574174
16.935234569477831,-13.069431082853677
16.98521800199531,-13.068559488688781
17.035201189083399,-13.067673930725594
17.085184140573727,-13.066775172475134
17.135166866882926,-13.065863976363163
17.185149378977933,-13.064941103779971
17.235131688341127,-13.064007315130153
17.285113806935438,-13.063063369882398
17.335095747170012,-13.062110026619196
17.385077521866098,-13.061148043086583
17.435059144222603,-13.060178176243802
17.485040627782361,-13.059201182313002
17.535021986398409,-13.058217816828837
17.585003234200112,-13.057228834688068
17.634984385559651,-13.056234990199128
17.684965455058933,-13.055237037131663
17.734946457455763,-13.054235728765983
17.784927407650969,-13.053231817942537
17.834908320655281,-13.052226057111298
17.884889211555993,-13.051219198381132
17.934870095484101,-13.0502119935691
17.984850987581517,-13.049205194249724
18.034831902967777,-13.04819955180421
18.08481285670738,-13.0471958174696
18.134793863776967,-13.046194742387883
18.18477493903212,-13.045197077655056
18.234756097174746,-13.044203574370123
18.284737352720235,-13.043214983684033
18.33471871996419,-13.042232056848558
18.384700212949678,-13.041255545265127
18.434681845434341,-13.040286200533558
18.484663630856947,-13.039324774500763
18.534645582304449,-13.038372019309381
18.584627712479257,-13.03742868744631
18.634610033664249,-13.036495531791205
18.684592557691289,-13.035573305664881
18.73457529590674,-13.034662762877643
18.784558259137714,-13.033764657777548
18.834541457658389,-13.032879745298567
18.884524901156318,-13.03200878100869
18.934508598697811,-13.031152521157912
18.984492558693905,-13.030311722726179
19.034476788866044,-13.029487143471171
19.084461296211067,-13.028679541976063
19.134446086966523,-13.027889677697157
19.18443116657572,-13.027118311011389
19.234416539652141,-13.026366203263775
19.284402209943995,-13.025634116814722
19.334388180298696,-13.024922815087235
19.384374452626432,-13.024233062614016
19.434361027863947,-13.023565625084403
19.484347905938282,-13.022921269391258
19.53433508572946,-13.022300763677643
19.584322565033453,-13.021704877383428
19.634310340524912,-13.021134381291713
19.684298407719034,-13.020590047575151
19.734286760933543,-13.020072649842067
19.784275393250333,-13.019582963182467
19.83426429647642,-13.019121764213873
19.88425346110472,-13.018689831126959
19.934242876274773,-13.018287943731078
19.98423252973236,-13.017916883499536
20.034222407789294,-13.017577433614727
20.084212495282831,-13.017270379013047
20.134202775534074,-13.016996506429628
20.18419323030653,-13.016756604442813
20.23418383976421,-13.016551463518478
20.284174582428726,-13.016381876054078
20.33416543513642,-13.016248636422453
20.384156372995086,-13.016152541015424
20.434147369295445,-13.016094338139876
20.484138395304381,-13.016073739310819
20.534129423159467,-13.016089475751139
20.584120427796325,-13.01614023648049
20.634111386912732,-13.016224706556994
20.684102280875358,-13.016341567286469
20.734093092636115,-13.016489496431708
20.784083807591337,-13.016667168421559
20.834074413549956,-13.016873254560249
20.884064900584885,-13.017106423236262
20.93405526094956,-13.017365340131228
20.984045488973386,-13.017648668428562
21.034035580957976,-13.017955069021887
21.084025535072712,-13.018283200723188
21.134015351249236,-13.018631720470646
21.184005031074623,-13.018999283536134
21.233994577683841,-13.01938454373237
21.283983995651997,-13.019786153619652
21.333973290884732,-13.020202764712167
21.383962470509015,-13.020633027683848
21.433951542763133,-13.021075592573755
21.483940516885738,-13.021529108990931
21.533929403005256,-13.021992226318758
21.583918212028635,-13.02246359391871
21.633906955529792,-13.022941861333564
21.683895645638135,-13.023425678489989
21.733884294927197,-13.023913695900507
21.783872916302855,-13.024404564864819
21.833861522892064,-13.024896937670452
21.8838501279319,-13.025389467792715
21.933838744658413,-13.025880810093955
21.983827386196161,-13.026369621022058
22.033816065448534,-13.026854558808239
22.083804794987838,-13.027334283664029
22.13379358694657,-13.027807457977467
22.183782452909519,-13.02827274650852
22.233771403805868,-13.028728816583623
22.28376044980298,-13.029174338289412
22.333749600200765,-13.029607984665562
22.383738863326876,-13.030028431896737
22.433728246433194,-13.030434359503616
22.48371775559346,-13.030824450533048
22.533707395602221,-13.031197391747154
22.583697169874537,-13.031551873811527
22.633687080347691,-13.03188659148241
22.683677127384144,-13.032200243792863
22.733667309675599,-13.032491534237849
22.783657624149036,-13.032759170958318
22.833648065874442,-13.033001866924105
22.883638627973689,-13.033218340115807
22.933629301531653,-13.033407313705442
22.983620075509144,-13.033567516235973
23.033610936657169,-13.033697681799605
23.083601869433718,-13.033796550214886
23.133592855922345,-13.033862867202519
23.18358387575249,-13.033895384559914
23.233574906022167,-13.033892860334381
23.283565921222959,-13.033854058995024
23.33355689316662,-13.033777751603202
23.383547790914399,-13.033662715981613
23.433538580708408,-13.033507736881898
23.483529225905574,-13.033311606150763
23.533519686913426,-13.033073122894594
23.58350992112873,-13.032791093642496
23.633499882878578,-13.032464332507743
23.683489523363477,-13.032091661347577
23.733478790603385,-13.031671909921357
23.783467629386337,-13.031203916046964
23.833455981220396,-13.030686525755453
23.883443784275464,-13.03011859344406
23.933430973377089,-13.02949898202678
23.983417479909242,-13.028826563084159
24.033403231816859,-13.028100217010039
24.083388153558033,-13.027318833156933
24.13337215659336,-13.026480759791518
24.183354822965274,-13.025566692773253
24.233335218940304,-13.024536319686037
24.283312097208732,-13.023347964728657
24.33328380621364,-13.021959642141423
24.383248174079036,-13.020328889716117
24.43320238506605,-13.018412606916389
24.48314284644529,-13.016166898135273
24.533065043617036,-13.013546922043856
24.582963381332519,-13.010506748509188
24.632831008898378,-13.006999225199579
24.682659627331326,-13.002975856767629
24.732439276607657,-12.99838670042265
24.782158101463885,-12.993180282788586
24.83180209470304,-12.987303544197404
24.881354817717963,-12.980701817986358
24.930797099026158,-12.973318853925035
24.980106713213569,-12.965096896522391
25.029258044492011,-12.955976830616823
25.078221742118437,-12.945898408031674
25.126964377938844,-12.934800570143041
25.175448120466442,-12.922621881475958
25.223630444607998,-12.909301088556655
25.271463901116224,-12.894777815740374
25.318895974882249,-12.87899340503014
25.365869065492859,-12.861891899542238
25.412320626168331,-12.84342115994678
25.458183497112028,-12.823534089963617
25.503386465196442,-12.802189931422657
25.547855072660834,-12.779355572833577
25.591512682482957,-12.755006799973202
25.634281787576938,-12.729129405473603
25.676085526447459,-12.701720069830742
25.716849342246785,-12.672786931292489
25.756502699275519,-12.642349778144943
25.794980755180411,-12.610439823475552
25.832225882153121,-12.577099056762243
25.868192123243588,-12.542382423550064
25.902875633722143,-12.506383857014695
25.936295834585447,-12.469209180130109
25.968472040274502,-12.430952441123813
25.999422254213073,-12.391697032270811
26.02916251845058,-12.351517020841532
26.05770643804976,-12.31047834826107
26.085064828841286,-12.268639900443747
26.111245449153156,-12.226054459023098
26.136252785479218,-12.182769546620094
26.160087869181119,-12.13882818072763
26.182748106656497,-12.094269551116666
26.204227109344579,-12.049129635465048
26.224514512817514,-12.003441767536215
26.243595776298694,-11.957237171932716
26.26145195549498,-11.910545479367137
26.278059442827683,-11.863395236646696
26.293389670189026,-11.815814426238209
26.307408797173732,-11.767831018857676
26.320085423341528,-11.719475629320934
26.331404301363161,-11.670784533477079
26.341353266293314,-11.621795176803067
26.349920662903273,-11.572545428507571
26.357095260256141,-11.523073598068907
26.362866169647955,-11.47341846602974
26.367222767592438,-11.423619328903124
26.370154625533228,-11.373716057946289
26.371651447999451,-11.323749171431949
26.371703020973854,-11.273759919920947
26.370299172322024,-11.223790383897603
26.367429746236979,-11.173883582960192
26.363084593784322,-11.12408359555676
26.357253581787415,-11.074435688004231
26.349926622461215,-11.024986451211857
26.341093726379334,-10.975783943140234
26.330745081525297,-10.926877834543737
26.318871431747343,-10.878319485086159
26.305479130090539,-10.830157816997623
26.290600300303296,-10.782434378054262
26.274273937965027,-10.735186486340613
26.256543467208576,-10.688447297422179
26.237455972518354,-10.642245592382594
26.217061419054776,-10.596605683648249
26.195411889495404,-10.551547429079829
26.17256086071853,-10.507086340575093
26.148562538229054,-10.463233770815064
26.123471260642301,-10.419997160709103
26.09734098128342,-10.377380330323007
26.070224829365035,-10.33538379729902
26.042174749466181,-10.294005108675515
26.013241215209774,-10.253239174277814
25.983473011085948,-10.213078592225376
25.952917075195824,-10.173513959397878
25.921618395158308,-10.134534161789583
25.889619949384514,-10.096126641484672
25.856962686249172,-10.058277638481192
25.823685534243268,-10.020972406768651
25.789825436906099,-9.9841954049774166
25.755417407072969,-9.9479304625365064
25.72049459576953,-9.9121609227417764
25.685088371805207,-9.8768697643823469
25.649228408805932,-9.842039703711734
25.61294277704058,-9.8076532785809665
25.57625803793427,-9.7736929165074056
25.539199339631285,-9.7401409883620591
25.501790512368881,-9.7069798492316934
25.464054162759965,-9.674191867866039
25.426011766364457,-9.6417594459652154
25.387683758164819,-9.6096650284044269
25.349089620754103,-9.5778911053343574
25.310247970208628,-9.5464202069442088
25.271176639753801,-9.5152348915271041
25.231892761447089,-9.4843177273455925
25.192412846206118,-9.4536512686606908
25.152751319478195,-9.4232200434286799
25.112915353007875,-9.3930175227803439
25.072910144514093,-9.3630395295611546
25.032740898826429,-9.3332816937512071
24.992412823204774,-9.3037394576750376
24.951931122762648,-9.274408081506289
24.911300996241703,-9.2452826490164046
24.870527632069734,-9.2163580734844963
24.829616204731416,-9.1876291037600577
24.788571871452902,-9.1590903304517397
24.747399769201632,-9.1307361922177428
24.706105012001874,-9.1025609821356586
24.6646926885638,-9.0745588541298741
24.623167860223671,-9.0467238294371199
24.581535559189319,-9.0190498030908675
24.539800787084971,-8.9915305504076919
24.497968513788788,-8.9641597334605887
24.456043676553051,-8.9369309075243475
24.414031179398211,-8.9098375274811303
24.371935892770548,-8.882872954175637
24.329762653451134,-8.8560304607100164
24.287516264704561,-8.8293032386710024
24.245201496655284,-8.8026844042833918
24.20282308687754,-8.7761670044843552
24.160385741185902,-8.7497440229154417
24.117894134612797,-8.7234083858301652
24.075352912558557,-8.697152967915935
24.032766692099525,-8.6709705980302942
23.990140063441107,-8.6448540648533498
23.947477591499521,-8.6187961224575158
23.90478381759937,-8.5927894957983035
23.862063261271501,-8.5668268861294337
23.819320422140297,-8.5409009763486026
23.776559781863369,-8.5150044362653183
23.733785806188873,-8.4891299278442194
23.691002946957259,-8.4632701103334629
23.648215644226287,-8.4374176454010321
23.605428328361835,-8.4115652021997462
23.5626445937691,-8.3857068327907598
23.519864807056663,-8.3598419325542253
23.477088550751176,-8.3339711940103971
23.434315407968857,-8.3080953080617412
23.391544962418333,-8.2822149640688831
23.348776798401754,-8.2563308499250692
23.306010500816257,-8.2304436521305409
23.263245655154808,-8.2045540558661543
23.220481847507113,-8.1786627450666316
23.177718664550753,-8.1527704024876275
23.134955693592495,-8.1268777098027272
23.092192522508263,-8.1009853476387779
23.049428739784847,-8.0750939956724448
23.006663934510584,-8.0492043326955258
22.963897696376108,-8.0233170366860058
22.921129615675081,-7.9974327848787246
22.878359283306857,-7.9715522538368981
22.835586290775471,-7.9456761195210257
22.792810230191666,-7.9198050573593202
22.75003069427402,-7.8939397423172117
22.707247276350067,-7.8680808489665122
22.664459570358009,-7.8422290515545834
22.62166717084801,-7.8163850240729316
22.578869672983757,-7.7905494403255426
22.53606667254445,-7.7647229739972143
22.49325776592606,-7.7389062987210488
22.450442550144743,-7.7131000881468985
22.407620622838039,-7.6873050160081533
22.364791582267465,-7.661521756188991
22.321955027321,-7.6357509827912402
22.279110557516177,-7.6099933702012406
22.236257773002979,-7.5842495931562475
22.193396274577189,-7.5585203268167591
22.150525663643176,-7.5328062468081365
22.107645542278892,-7.5071080293232351
22.064755513198818,-7.4814263511634147
22.021855179767428,-7.4557618898095255
21.978944146009013,-7.4301153234903436
21.93602201660368,-7.4044873312423567
21.893088396898939,-7.3788785929785652
21.850142892913446,-7.3532897895521545
21.807185111342491,-7.3277216028209082
21.764214659564551,-7.3021747157118604
21.72123114564744,-7.2766498122853394
21.678234178355133,-7.2511475777990313
21.635223367155156,-7.2256686987720338
21.592198322226043,-7.2002138630485151
21.549158654465241,-7.17478375986129
21.506103975497645,-7.1493790798953842
21.463033897684419,-7.1240005153513399
21.419948034131931,-7.0986487600082127
21.376845998701928,-7.0733245092868797
21.333727406021314,-7.0480284603127261
21.290591871492826,-7.0227613119784085
21.247439011306248,-6.9975237650065392
21.20426844244999,-6.9723165220121404
21.161079782722986,-6.9471402875648396
21.117872650747628,-6.9219957682512554
21.074646665982769,-6.8968836727369309
21.031401448737288,-6.8718047118281689
20.988136620184676,-6.8467595985339651
20.944851802377691,-6.8217490481275265
20.901546618263684,-6.7967737782076521
20.858220691700939,-6.7718345087602563
20.8148736474751,-6.7469319622193895
20.771505111316383,-6.7220668635282124
20.728114709917783,-6.6972399402000011
20.684702070953527,-6.6724519223787642
20.641266823098096,-6.6477035428996265
20.597808596046587,-6.6229955373494063
20.554327020535137,-6.5983286441266547
20.51082172836216,-6.5737036045015671
20.467292352410787,-6.5491211626759531
20.423738526671301,-6.5245820658417335
20.380160018657286,-6.500086828572976
20.336557103844264,-6.4756350630855675
20.292930179070812,-6.4512261619142679
20.249279640911794,-6.4268595136857458
20.205605885646747,-6.4025345032165308
20.161909309227909,-6.378250511611057
20.118190307249044,-6.3540069163603574
20.074449274915306,-6.3298030914415833
20.030686607013447,-6.3056384074178453
19.986902697882709,-6.2815122315386001
19.943097941386718,-6.2574239278406569
19.899272730885833,-6.2333728572495115
19.855427459210041,-6.2093583776809984
19.811562518633067,-6.1853798441436023
19.767678300846594,-6.1614366088407753
19.723775196935321,-6.1375280212736492
19.679853597353098,-6.1136534283442048
19.635913891899179,-6.0898121744583662
19.591956469695283,-6.0660036016293812
19.547981719163538,-6.0422270495814061
19.503990028004981,-6.0184818558532474
19.459981783178431,-5.994767355901943
19.415957370880459,-5.97108288320669
19.371917176525621,-5.9474277693725686
19.327861584727287,-5.9238013442342243
19.283790979279555,-5.9002029359597588
19.239705743139186,-5.8766318711542045
19.195606258408354,-5.8530874749630017
19.151492906318186,-5.8295690711754427
19.107366067212606,-5.8060759823277559
19.063226120532658,-5.7826075298059703
19.019073444801787,-5.7591630339487097
18.974908417611406,-5.7357418141496002
18.930731415606644,-5.7123431889591734
18.886542814473437,-5.6889664761868772
18.842342988925406,-5.6656109930023364
18.798132312691358,-5.6422760560362946
18.753911158132013,-5.6189609821925597
18.709679096477711,-5.595666607649437
18.665433212359552,-5.5723984993104319
18.621170121007264,-5.5491631420735379
18.576886454577796,-5.5259670235278584
18.532578864090667,-5.5028166371290412
18.488244021399257,-5.479718485319947
18.443878621202181,-5.4566790825892797
18.39947938310187,-5.4337049584624593
18.355043053718223,-5.4108026604190878
18.310566408862574,-5.3879787567299529
18.266046255779411,-5.3652398392073035
18.2214794354623,-5.3425925258614138
18.176862825049426,-5.3200434634556109
18.132193340305161,-5.2975993299522282
18.087467938192898,-5.2752668368409008
18.042683619544817,-5.2530527313406967
17.997837431833226,-5.2309637984665409
17.9529264720471,-5.2090068629497139
17.907947889682717,-5.1871887910043792
17.862898889842132,-5.1655164919243726
17.81777673645438,-5.143996919504537
17.772578755614404,-5.122637073270905
17.727302339044041,-5.101443999508275
17.681944947676389,-5.0804247920721757
17.636504115364467,-5.0595865929717059
17.590977452713098,-5.0389365927088665
17.545362651033596,-5.0184820303600937
17.499657486419434,-4.9982301933852398
17.453859823938924,-4.9781884171482931
17.407967621941445,-4.9583640841346055
17.361978936471907,-4.9387646228489217
17.315891925786065,-4.9193975063780142
17.269704854959524,-4.9002702506023983
17.223416100580174,-4.8813904120410569
17.177024155513951,-4.8627655853139888
17.130527633814392,-4.8444033999777414
17.083925724759052,-4.8263103555718381
17.037219202247297,-4.8084891077495975
16.990409180049241,-4.790941518878916
16.943496794285018,-4.7736694591061175
16.896483203921516,-4.756674805805603
16.849369591258522,-4.7399594430045981
16.802157162409181,-4.7235252607848146
16.754847147774619,-4.7073741546608918
16.707440802510984,-4.6915080249349161
16.659939406988887,-4.6759287760269972
16.612344267244595,-4.6606383157816937
16.564656715421595,-4.6456385547498114
16.516878110201841,-4.6309314054454891
16.469009837226611,-4.6165187815785913
16.421053309505034,-4.6024025972619675
16.373009967809672,-4.5885847661935788
16.324881281059174,-4.575067200813713
16.276668746685601,-4.56185181143685
16.228373890986177,-4.5489405053584244
16.179998269459016,-4.5363351859367382
16.131543467120636,-4.5240377516498036
16.083011098805024,-4.5120500951275417
16.034402809443272,-4.5003741021595998
15.985720274322221,-4.4890116506789202
15.936965199321126,-4.4779646097215053
15.888139321126022,-4.4672348383629341
15.839244407419626,-4.4568241846318806
15.790282257046103,-4.4467344844012944
15.741254700150279,-4.4369675602580125
15.692163598289078,-4.427525220351229
15.64301084451451,-4.4184092572207163
15.593798363427968,-4.4096214466057626
15.544528111203412,-4.401163546235507
15.495202075578991,-4.3930372946017524
15.445822275816786,-4.3852444097154661
15.396390762628274,-4.3777865878478659
15.346909618065467,-4.370665502257463
15.297380957684513,-4.3638827846581965
15.247807397167183,-4.3574363911477167
15.198192513962921,-4.351316105428646
15.14853981022738,-4.3455105768609714
15.098852567079584,-4.3400084306945814
15.049133852138855,-4.3347982772643414
14.999386527317441,-4.3298687201427271
14.949613256814114,-4.3252083632887279
14.899816515260577,-4.3208058172344952
14.849998595978239,-4.3166497043531571
14.80016161930598,-4.3127286632523534
14.750307540966919,-4.3090313523390078
14.700438160445852,-4.3055464526010008
14.650555129352632,-4.3022626696512507
14.600659959752218,-4.2991687350792676
14.550754032445896,-4.2962534071545608
14.50083860519028,-4.2935054709251279
14.450914820845819,-4.2909137377533
14.400983715448424,-4.288467044329856
14.351046226203474,-4.2861542512061792
14.301103199393411,-4.2839642408822813
14.251155398213454,-4.2818859154882958
14.201203510527897,-4.2799081940944097
14.15124815655758,-4.2780200096838437
14.101289896505603,-4.2762103058219454
14.051329238128957,-4.2744680330534086
14.001366644266588,-4.272782145058672
13.951402540336165,-4.2711415945997686
13.901437321810031,-4.2695353292850955
13.85147136168502,-4.2679522871821467
13.801505017959823,-4.266381392306883
13.751538641134005,-4.26481155001819
13.701572581744047,-4.2632316423459153
13.6516071979524,-4.2616305232812577
13.601642863204484,-4.2599970140585777
13.551679973969716,-4.2583198984584278
13.501718957413367,-4.2565879229783361
13.45176015648015,-4.2547931808340449
13.401803597271851,-4.2529370793139236
13.351849239761014,-4.2510226300863474
13.30189703275644,-4.2490528601683124
13.251946914409888,-4.2470308112284991
13.201998812736132,-4.2449595388935251
13.152052646144922,-4.2428421120572946
13.102108323984481,-4.2406816121932991
13.052165747096437,-4.238481132669742
13.002224808380939,-4.2362437780672693
12.952285393359627,-4.2339726634985642
12.902347380807511,-4.2316709139328221
12.852410643268312,-4.2293416635164229
12.802475047718698,-4.226988054901649
12.7525404561515,-4.2246132385726574
12.702606726193693,-4.2222203721737248
12.652673711727598,-4.2198126198379802
12.602741263517702,-4.2173931515164131
12.552809229841946,-4.214965142306764
12.502877457126935,-4.2125317717819071
12.452945790587446,-4.2100962233173655
12.403014074868205,-4.2076616834175233
12.353082154687957,-4.2052313410401103
12.303149875485561,-4.2028083869186066
12.253217084066687,-4.2003960128820808
12.203283629250594,-4.1979974111720715
12.153349362517121,-4.1956157737561419
12.103414138652097,-4.1932542916376248
12.053477816391041,-4.1909161541612008
12.003540259060756,-4.18860454831393
11.953601335217694,-4.1863226580213206
11.903660919282009,-4.184073663438074
11.853718892168134,-4.1818607402331951
11.803775141909169,-4.1796870588690727
11.753829564275815,-4.177555783874249
11.7038820633888,-4.1754700731096044
11.653932552323797,-4.1734330770276431
11.603980953708003,-4.1714479379246558
11.554027200308694,-4.1695177891855773
11.504071235611562,-4.1676457545213106
11.454113014389025,-4.1658349471983653
11.404152503257819,-4.1640884692607463
11.354189681224717,-4.1624094107439449
11.304224540219455,-4.1608008488810144
11.254257085615253,-4.1592658473007509
11.204287336734808,-4.1578074552179514
11.154315327341678,-4.1564287066158885
11.104341106116763,-4.1551326194210958
11.054364737118252,-4.1539221946706117
11.004386300224677,-4.1528004156719263
10.954405891560972,-4.1517702471558779
10.904423623905833,-4.1508346344227913
10.854439627080053,-4.1499965024822236
10.804454048315792,-4.149258755186743
10.754467052605035,-4.1486242743601522
10.704478823027355,-4.148095918920701
10.654489561055808,-4.1476765239998095
10.604499486841208,-4.1473689000569447
10.554508839473009,-4.1471758319912713
10.504517877216914,-4.1471000782507881
10.45452687772897,-4.1471443699397339
10.404536138244708,-4.1473114099250079
10.35454597574344,-4.1476038719425157
10.304556727087517,-4.1480243997042798
10.254568749135343,-4.1485756060072871
10.20458241882806,-4.1492600718450436
10.154598133250254,-4.1500803455228521
10.104616309663172,-4.1510389417778821
10.054637385510853,-4.1521383409051085
10.004661818397034,-4.1533809878903343
9.9546900860503307,-4.1547692915509353
9.904722686210814,-4.1563056236873566
9.8547601365761679,-4.1579923182427612
9.8048029775970598,-4.1598317481357467
9.7548521100454799,-4.1618346137668132
9.7049092262132941,-4.1640273515218853
9.6549764090877392,-4.1664382604568733
9.6050561258610774,-4.1690958620834939
9.5551512869064759,-4.1720289887553914
9.5052653088180907,-4.1752668685493797
9.4554021822721985,-4.1788392066168409
9.4055665454659252,-4.182776262810461
9.3557637638838393,-4.1871089252013753
9.3060000171293922,-4.1918687788868709
9.2562823935347556,-4.1970881692441342
9.2066189932162441,-4.2028002585070867
9.1570190401665421,-4.2090390742269275
9.1074930038612187,-4.2158395478191242
9.0580527306885035,-4.2232375409989302
9.0087115852715165,-4.2312698574651106
8.9594846014295637,-4.239974236711368
8.9103886420918759,-4.2493893263375533
8.8614425669179031,-4.2595546287147359
8.8126674056377361,-4.2705104173637274
8.7640865343236225,-4.282297617945388
8.7157258505952218,-4.2949576484566947
8.6676139426292345,-4.3085322130498582
8.6197822453274622,-4.3230630440300217
8.5722651754354704,-4.3385915870863929
8.5251002357489227,-4.3551586258163839
8.4783280769350515,-4.3728038432318463
8.4319925040982149,-4.3915653203034397
8.3861404142528464,-4.4114789747798113
8.3408216506044646,-4.4325779475247966
8.2960887602771329,-4.4548919483616576
8.2519966441695356,-4.4784465786735561
8.2086020912091193,-4.503262653404561
8.1659631945258511,-4.5293555500911635
8.1241386539123255,-4.556734616449222
8.0831869770356715,-4.5854026701064168
8.0431655930674459,-4.6153556138671101
8.0041197324177666,-4.6465696595608037
7.9660609107573412,-4.6789800826720178
7.9289908757309115,-4.7125171488337685
7.8929077269459231,-4.747113981117784
7.8578065143078613,-4.7827068265849899
7.8236797930179218,-4.819235215908674
7.7905181284372897,-4.8566420348892461
7.7583105478960661,-4.8948735254180349
7.727044939433819,-4.9338792316146343
7.696708399522274,-4.973611904761416
7.667287533175748,-5.0140273785170617
7.6387687106527373,-5.0550844238512358
7.6111382853304583,-5.096744591287897
7.5843827774091617,-5.1389720464194077
7.558489027971393,-5.1817334032676081
7.5334443276606109,-5.2249975589104318
7.5092365239083954,-5.2687355318452829
7.4858541102705205,-5.3129203058000725
7.4632863010606192,-5.3575266800976395
7.4415230941152046,-5.4025311272019376
7.4205553241850781,-5.4479116577259399
7.4003747091655558,-5.4936476928739353
7.3809738911027143,-5.5397199441095983
7.3623464736991977,-5.5861102996649521
7.3444870578539199,-5.6328017173926188
7.3273912766203484,-5.6797781233710918
7.3110558308500551,-5.7270243156043161
7.2954785267044251,-5.7745258720944452
7.2806583161621212,-5.8222690625133851
7.2665953416243969,-5.8702407626439532
7.2532909857238739,-5.9184283706984164
7.2407479274737456,-5.9668197245486851
7.2289702059545693,-6.0154030188124361
7.2179632928266457,-6.064166720623299
7.207734175078353,-6.1130994827676224
7.1982914495778365,-6.1621900526847533
7.1896435493762514,-6.2114268551132161
7.1817823725659293,-6.2607954023160346
7.1746887039815741,-6.3102800901844898
7.1683409594896803,-6.3598660122960302
7.1627154087502527,-6.409539082347731
7.1577863224591116,-6.4592861231718439
7.1535261298631756,-6.5090949377719625
7.149905582786638,-6.5589543619843331
7.1468939225839332,-6.6088542988932302
7.144459046730316,-6.6587857355834457
7.1425676721438345,-6.7087407431902566
7.1411854927752767,-6.7587124615022125
7.1402773294777635,-6.8086950695752799
7.1398072706499924,-6.8586837439428834
7.1397388026163178,-6.9086746060576036
7.1400349291464469,-6.9586646605888207
7.1406582799161384,-7.0086517261387904
7.1415712080606282,-7.0586343598480177
7.1427358772703951,-7.1086117772006405
7.144114339127424,-7.1585837683128455
7.1456686015731794,-7.208550611669815
7.1473606895512916,-7.2585129862879025
7.1491526989756506,-7.3084718831184157
7.1510068452424305,-7.358428516341851
7.1528855075430711,-7.408384235163755
7.1547512702430289,-7.458340436624856
7.1565669625746828,-7.5082984798902244
7.1582956978540775,-7.5582596024468023
7.1599009133726526,-7.608224838625393
7.1613464120378696,-7.6581949408692562
7.1625964067416223,-7.7081703041899345
7.163615568322478,-7.7581508942843485
7.1643690778572449,-7.8081361798315845
7.1648226838687741,-7.8581250695341192
7.1649427648701005,-7.9081158545184591
7.1646963974806432,-7.9581061567521667
7.164051430148648,-8.0080928842112833
7.1629765854673977,-8.0580721940016851
7.1614435630308666,-8.1080395293131868
7.1594280275431368,-8.15798970864045
7.1569055671952038,-8.207916834355478
7.1538512019311513,-8.2578142217070081
7.1502393296709519,-8.3076743293186297
7.1460436792184607,-8.3574886827799411
7.1412372704826463,-8.4072477910161236
7.1357923829195933,-8.4569410551745943
7.1296805333845237,-8.5065566699461552
7.122872464918574,-8.5560815171209725
7.1153381482715243,-8.6055010517848931
7.107046798353033,-8.65479918133056
7.0979669081081385,-8.7039581381320197
7.0880663026736137,-8.7529583469602628
7.0773122169862495,-8.8017782887661156
7.0656714002908831,-8.8503943630605999
7.0531102511953057,-8.8987807518500457
7.0395950333232848,-8.9469093023902158
7.025110945726242,-8.9947552143685598
7.0096917404434267,-9.0423080730732046
6.993379805831677,-9.0895622074816504
6.976218431134618,-9.1365145848168581
6.958251486296354,-9.183164701265115
6.9395231370194326,-9.2295144495941308
6.9200775972566442,-9.2755679701658007
6.8999589198233284,-9.3213314913130318
6.8792108245809169,-9.3668131643581507
6.8578765626853961,-9.412022897759865
6.8359988147007735,-9.4569721940585918
6.8136196199249381,-9.5016739924860527
6.7907803340255573,-9.5461425193565308
6.7675216119994337,-9.5903931476842565
6.7438834135135934,-9.63444226688196
6.7199050278241872,-9.6783071628960595
6.6956251156676831,-9.7220059087222737
6.6710816531261683,-9.7655572010831388
6.646302395657111,-9.8089747757460746
6.6212977539457913,-9.8522629459680484
6.5960763437230598,-9.8954251822316195
6.5706467299959668,-9.9384650856887653
6.5450174247641781,-9.981386381270875
6.5191968852406763,-10.024192910948781
6.4931935125524713,-10.066888627154345
6.4670156508957319,-10.109477586374354
6.440671587120935,-10.1519639429231
6.414169550722935,-10.194351942899122
6.3875177142116435,-10.236645918328792
6.3607241938386991,-10.278850281498524
6.3337970506568011,-10.320969519474671
6.3067442918886636,-10.363008188808749
6.279573872582727,-10.404970910425204
6.2522936975341343,-10.446862364686515
6.2249116234502218,-10.488687286629105
6.1974354613396381,-10.530450461364065
6.1698729791054623,-10.572156719634801
6.1422319043267324,-10.613810933518032
6.1145199272020152,-10.655418012271033
6.0867447036486118,-10.69698289829851
6.0589138585326161,-10.738510563240441
6.0310349890168702,-10.780006004165006
6.0031156680104756,-10.821474239856096
5.9751634477055289,-10.862920307182382
5.9471858631857097,-10.904349257536868
5.9191904360928715,-10.945766153333922
5.8911846783379342,-10.987176064550706
5.8631760958420713,-11.028584065300846
5.835172192294702,-11.069995230427427
5.8071804729156025,-11.111414632101368
5.7792084482068713,-11.152847336413609
5.7512636376819843,-11.194298399947359
5.723353573558625,-11.235772866317316
5.695485804401029,-11.277275762664022
5.6676678986985154,-11.318812096090092
5.6399073916425468,-11.360386812201588
5.6122081836678666,-11.402002394087514
5.5845683576393963,-11.44365743977073
5.55698546871725,-11.485350209966704
5.5294570631508622,-11.527078974237259
5.5019806787461309,-11.56884201066687
5.474553845322137,-11.610637605528249
5.4471740851571173,-11.65246405293902
5.4198389134246732,-11.694319654509048
5.3925458386206024,-11.736202718979058
5.3652923629803979,-11.77811156185154
5.3380759828881077,-11.820044505014199
5.3108941892772652,-11.861999876356
5.2837444680238788,-11.903976009377002
5.2566243003321249,-11.945971242792327
5.2295311631136325,-11.987983920130029
5.2024625293602362,-12.030012389324279
5.1754158685110641,-12.072055002303907
5.1483886468146105,-12.114110114576405
5.1213783276859646,-12.156176084808445
5.094382372059874,-12.198251274403148
5.0673982387404592,-12.240334047074072
5.040423384747668,-12.282422768417042
5.013455265661146,-12.324515805480099
4.986491335962552,-12.366611526331209
4.959529049376127,-12.408708299625294
4.9325658592084505,-12.450804494170493
4.9055992186881756,-12.492898478493563
4.8786265813058654,-12.534988620405734
4.8516454011545607,-12.577073286569062
4.8246531332721254,-12.619150842063144
4.7976472339852148,-12.661219649953647
4.7706251612557731,-12.703278070862472
4.7435843750309523,-12.745324462539616
4.7165223375962579,-12.787357179438047
4.6894365139329786,-12.829374572291558
4.6623243887398989,-12.871374998458233
4.6351844253549954,-12.913357441395092
4.6080165867498133,-12.955321851002591
4.5808209631507486,-12.997268259499062
4.5535976446654587,-13.039196699248858
4.5263467212837574,-13.081107202760077
4.4990682828776389,-13.122999802683596
4.4717624192011467,-13.164874531812432
4.4444292198902309,-13.206731423081063
4.4170687744628454,-13.248570509564441
4.3896811723188085,-13.290391824477362
4.3622665027396623,-13.332195401173843
4.3348248548888177,-13.373981273146121
4.3073563178114398,-13.415749474023967
4.2798609804343011,-13.457500037574212
4.2523389315659283,-13.499232997699631
4.2247902598965892,-13.540948388438325
4.1972150539980362,-13.58264624396327
4.1696134023238169,-13.624326598581151
4.1419853932091284,-13.665989486731851
4.1143311148707289,-13.707634942987877
4.0866506554071451,-13.749263002053356
4.0589441027985664,-13.790873698763482
4.0312115449068386,-13.832467068083885
4.0034530694756372,-13.874043145109685
3.9756687641304005,-13.915601965064962
3.9478587163782763,-13.957143563302189
3.9200230136084335,-13.998667975301139
3.8921617430918727,-14.040175236668563
3.8642749919815316,-14.081665383137436
3.8363628473124805,-14.12313845056606
3.8084253960018399,-14.16459447493763
3.7804627248488596,-14.206033492359539
3.7524749205351227,-14.247455539062528
3.7244620696245487,-14.288860651400123
3.6964242585633995,-14.330248865848136
3.6683615736805479,-14.371620219003692
3.6402741011874968,-14.412974747584746
3.6121619271783776,-14.454312488429565
3.5840251376302619,-14.495633478495776
3.5558638184031652,-14.53693775485991
3.5276780552400622,-14.578225354716896
3.4994679337672769,-14.619496315379036
3.4712335394944192,-14.660750674275693
3.4429749578144722,-14.701988468952685
3.4146922740041465,-14.743209737071373
3.3863855732238584,-14.784414516408283
3.3580549405178695,-14.825602844854519
3.3297004608145682,-14.866774760414922
3.3013222189265545,-14.907930301207623
3.2729202995507523,-14.949069505463481
3.2444947872686671,-14.990192411525367
3.2160457665465692,-15.031299057847539
3.1875733217355307,-15.072389482995282
3.1590775370717648,-15.113463725644067
3.1305584966768061,-15.154521824578978
3.1020162845575237,-15.195563818694403
3.0734509846065627,-15.236589746993108
3.0448626806023991,-15.277599648585834
3.0162514562094964,-15.318593562690857
2.9876173949787135,-15.359571528633092
2.958960580347366,-15.400533585843771
2.9302810956393772,-15.441479773859975
2.9015790240657435,-15.482410132323739
2.8728544487246022,-15.523324700981723
2.8441074526013468,-15.564223519684846
2.8153381185691471,-15.605106628387322
2.7865465293889926,-15.645974067146398
2.7577327677100194,-15.686825876121723
2.7288969160696217,-15.727662095574996
2.7000390568938943,-15.768482765869177
2.6711592724978481,-15.809287927468016
2.6422576450854813,-15.850077620935798
2.6133342567502966,-15.890851886936481
2.5843891894754885,-15.931610766233305
2.5554225251310099,-15.972354299692761
2.5264343263974487,-16.013082514667516
2.4974237340897654,-16.053794781673243
2.4683885774331134,-16.0944895333574
2.4393265885098128,-16.135165127036483
2.4102355032006071,-16.175819915932333
2.3811130615917357,-16.21645224888762
2.3519570083872186,-16.25706047008606
2.3227650933262529,-16.297642918778259
2.2935350716063354,-16.33819792901339
2.2642647043126853,-16.378723829376671
2.2349517588535432,-16.419218942734105
2.2055940094023989,-16.459681585983855
2.1761892373466529,-16.500110069815893
2.1467352317439854,-16.5405026984788
2.1172297897854619,-16.580857769556001
2.0876707172665356,-16.621173573750582
2.0580558290658453,-16.661448394679592
2.0283829496318861,-16.701680508678507
1.9986499134777367,-16.741868184616262
1.9688545656848755,-16.782009683720251
1.9389947624128738,-16.822103259416256
1.9090683714221477,-16.862147157174256
1.8790732726011279,-16.902139614372498
1.8490073585042026,-16.942078860171666
1.8188685348977358,-16.981963115403609
1.7886547213154145,-17.021790592473231
1.7583638516218512,-17.061559495275617
1.7279938745850327,-17.101268019128081
1.697542754457716,-17.140914350717299
1.6670084715669387,-17.180496668063171
1.6363890229122222,-17.220013140498821
1.6056824227720619,-17.259461928667751
1.5748867033184764,-17.298841184538485
1.543999915239179,-17.338149051437661
1.5130201283678864,-17.377383664100872
1.4819454323213817,-17.416543148743312
1.4507739371438222,-17.455625623149494
1.4195037739578,-17.494629196782718
1.3881330269155427,-17.533551915417881
1.3566562801245508,-17.572388958658756
1.3250630117346076,-17.611131268188604
1.2933423388469929,-17.649769328047572
1.2614834240115613,-17.688293474624057
1.2294754748573131,-17.726693878823298
1.1973077446433671,-17.764960528446167
1.1649695337978478,-17.803083210799446
1.132450192566635,-17.841051495508886
1.0997391247608215,-17.878854717678422
1.0668257927919604,-17.916481961317871
1.0336997240175976,-17.953922043174867
1.0003505185107906,-17.991163497015783
0.9667678583441367,-18.028194558444877
0.93294151848308504,-18.065003150363182
0.89886137938302035,-18.101576869186122
0.86451744138376729,-18.137902971955761
0.82989984099250991,-18.17396836450278
0.79499886914006745,-18.209759590833428
0.75980499148880853,-18.245262823936489
0.72430887086014328,-18.28046385822595
0.68850139183541603,-18.315348103856309
0.65237368756900438,-18.349900583165745
0.61591716881872238,-18.384105929533419
0.57912355521631553,-18.417948388913782
0.54198490868306737,-18.451411824408844
0.50449366897468861,-18.484479724142897
0.46664269117211016,-18.517135212829302
0.42842528508314731,-18.549361067248668
0.38983525611714576,-18.581139736159798
0.35086694763653625,-18.612453364721908
0.31151528424798752,-18.643283823900859
0.27177581574676801,-18.673612745030653
0.23164476123628633,-18.70342155976758
0.19111905288271183,-18.732691545612816
0.15019637881483419,-18.761403877028492
0.10887571422516207,-18.789540409288776
0.06716351756742453,-18.817093177574346
0.025071343581677546,-18.844061900569557
-0.017389247460112341,-18.870446784128347
-0.06020682126087934,-18.896248334192542
-0.10337008258468385,-18.921467339335557
-0.14686788696679323,-18.94610485326799
-0.19068925114619506,-18.970162177435476
-0.23482336212732094,-18.993640843718062
-0.27925958506613602,-19.01654259739286
-0.32398746998705619,-19.03886938039858
-0.36899675734295606,-19.060623314939193
-0.41427738254017682,-19.081806687510795
-0.45981947946453333,-19.102421933380953
-0.50561338307570969,-19.122471621558592
-0.55164963113510379,-19.141958440283979
-0.59791896512962417,-19.160885183060863
-0.64441233045278257,-19.17925473524642
-0.69112087590524729,-19.197070061210585
-0.73803595257177912,-19.214334192069622
-0.78514911213135008,-19.231050213995218
-0.8324521046543204,-19.247221257096573
-0.87993687593784731,-19.262850484868938
-0.92759556442658975,-19.277941084199181
-0.97542049776566964,-19.292496255916863
-1.0234041890274745,-19.306519205876562
-1.0715393326511438,-19.320013136555463
-1.1198188001327409,-19.332981239149206
-1.1682356354990067,-19.345426686147462
-1.2167830505951518,-19.357352624369629
-1.2654544202164717,-19.368762168441126
-1.314243277108325,-19.379658394689741
-1.3631433068576069,-19.39004433544126
-1.4121483426978474,-19.399922973694213
-1.4612523602456917,-19.40929723815292
-1.5104494721849622,-19.418169998598621
-1.5597339229141869,-19.426544061578827
-1.6091000831696787,-19.434422166395439
-1.6585424446344752,-19.441806981372416
-1.708055614544038,-19.448701100384739
-1.7576343102957233,-19.455107039630825
-1.807273354068073,-19.461027234630965
-1.856967667456479,-19.466464037435571
-1.9067122661280593,-19.471419714027071
-1.9565022544989592,-19.475896441900499
-2.006332820436064,-19.479896307808186
-2.0561992299841845,-19.483421305654922
-2.1060968221179981,-19.486473334530373
-2.1560210035186809,-19.489054196866469
-2.2059672433734954,-19.491165596708086
-2.255931068195467,-19.492809138085946
-2.3059080566610728,-19.493986323481305
-2.3558938344619968,-19.494698552372888
-2.4058840691662464,-19.494947119856725
-2.455874465085075,-19.494733215330619
-2.505860758139749,-19.494057921235179
-2.5558387107223988,-19.492922211844252
-2.605804106545333,-19.491326952097943
-2.6557527454719487,-19.489272896472141
-2.7056804383218616,-19.486760687878924
-2.7555830016434633,-19.483790856592773
-2.8054562524457376,-19.480363819198249
-2.8552960028803267,-19.476479877555093
-2.9050980548625063,-19.472139217777809
-2.9548581946516221,-19.467341909224107
-3.0045721872871645,-19.462087903498691
-3.0542357710214367,-19.456377033457187
-3.1038446516316034,-19.450209012217528
-3.1533944965514022,-19.443583432186831
-3.202880929003924,-19.436499764080367
-3.2522995219172453,-19.428957355958278
-3.3016457917263846,-19.420955432268226
-3.350915192044492,-19.412493092895541
-3.4001031070883787,-19.40356931224154
-3.4492048560242816,-19.394182994570663
-3.4982161892276529,-19.384335447957763
-3.5471336122953261,-19.37403151571749
-3.5959538457050479,-19.363276495348163
-3.644673782907101,-19.352075882102202
-3.6932904939141835,-19.340435357921699
-3.7418012282759414,-19.328360780214556
-3.7902034174464849,-19.315858170530177
-3.8384946765549723,-19.302933703192515
-3.8866728055957567,-19.289593693945243
-3.9347357900550426,-19.275844588661773
-3.9826818010117888,-19.261692952164694
-4.0305091946810769,-19.247145457216988
-4.0782165115401385,-19.232208873693878
-4.1258024749206141,-19.216890058016826
-4.1732659892133483,-19.201195942850202
-4.2206061376590167,-19.185133527108835
-4.2678221797712084,-19.168709866299331
-4.3149135484218011,-19.151932063219665
-4.3618798466224087,-19.134807259036229
-4.4087208440307633,-19.117342624755938
-4.4554364732147391,-19.099545353105974
-4.5020268257049745,-19.08142265083092
-4.5484921478642519,-19.062981731414631
-4.594832836602591,-19.044229808230803
-4.6410494349668943,-19.025174088123009
-4.6871426276283525,-19.005821765414293
-4.7331132362945949,-18.986180016342324
-4.7789622150686855,-18.966255993915119
-4.8246906457763048,-18.946056823180822
-4.8702997332815992,-18.925589596902689
-4.9157908008103535,-18.904861371629586
-4.9611652852925632,-18.883879164153168
-5.0064247327668339,-18.862649948327448
-5.051570793782771,-18.841180652274133
-5.0966052189414546,-18.819478155901177
-5.1415298544579828,-18.79754928877983
-5.1863466378316421,-18.775400828330866
-5.2310575936064776,-18.753039498317605
-5.275664829233266,-18.730471967629587
-5.3201705310389382,-18.707704849342569
-5.3645769603076827,-18.684744700040881
-5.4088864494778592,-18.661598019387963
-5.4531013984581147,-18.638271249931115
-5.4972242710635424,-18.61477077712755
-5.5412575915740216,-18.591102929578089
-5.5852039414152381,-18.567273979455933
-5.6290659559609022,-18.54329014311871
-5.6728463214571638,-18.51915758189114
-5.7165477720665896,-18.494882403007576
-5.7601730870296697,-18.47047066070364
-5.8037250879427358,-18.445928357445975
-5.8472066361485897,-18.421261445290657
-5.8906206302364676,-18.396475827361229
-5.93397000364926,-18.371577359436511
-5.9772577223932117,-18.346571851640658
-6.0204867828461754,-18.321465070227269
-6.0636602096613439,-18.296262739449723
-6.1067810537612317,-18.270970543511009
-6.1498523904173181,-18.245594128586696
-6.1928773174119636,-18.220139104914036
-6.2358589532768276,-18.194611048942015
-6.2788004356031077,-18.16901550553683
-6.3217049194181563,-18.143357990238044
-6.3645755756279092,-18.117643991558001
-6.407415589527643,-18.091878973315353
-6.4502281593035713,-18.066068377042257
-6.4930164946955289,-18.040217624355613
-6.5357838155955239,-18.014332119421113
-6.5785333507352242,-17.988417251411345
-6.6212683363953788,-17.96247839699182
-6.6639920151419973,-17.936520922825583
-6.7067076345848502,-17.910550188093055
-6.7494184461529505,-17.884571547024034
-6.7921273001516491,-17.858589687787003
-6.8348349120739451,-17.832605786940629
-6.8775412937763738,-17.806619864190036
-6.920246456689461,-17.780631938534352
-6.9629504122495129,-17.754642028975962
-7.0056531718984223,-17.728650154520544
-7.0483547470836463,-17.70265633417705
-7.0910551492580831,-17.676660586957727
-7.133754389880365,-17.650662931877932
-7.1764524804142935,-17.624663387956435
-7.2191494323292487,-17.598661974215073
-7.2618452570999548,-17.572658709678933
-7.3045399662064536,-17.546653613376265
-7.347233571133919,-17.520646704338599
-7.3899260833730658,-17.494638001600418
-7.4326175144195634,-17.468627524199512
-7.4753078757742513,-17.442615291176772
-7.5179971789432356,-17.416601321576135
-7.5606854354375335,-17.390585634444712
-7.6033726567731907,-17.364568248832715
-7.6460588544714234,-17.338549183793301
-7.6887440400582214,-17.312528458382811
-7.731428225064394,-17.286506091660652
-7.7741114210259248,-17.2604821026891
-7.8167936394832909,-17.234456510533619
-7.85947489198188,-17.208429334262622
-7.9021551900718157,-17.182400592947474
-7.9448345453079359,-17.156370305662517
-7.9875129692495932,-17.130338491485151
-8.0301904734609195,-17.104305169495589
-8.0728670695104903,-17.078270358777068
-8.1155427689713626,-17.052234078415758
-8.1582175834212425,-17.026196347500647
-8.2008915244421097,-17.00015718512369
-8.2435646036203334,-16.974116610379742
-8.2862368325467752,-16.948074642366421
-8.3289082228164979,-16.922031300184283
-8.3715787860287207,-16.895986602936755
-8.414248533787136,-16.86994056972997
-8.4569174776994203,-16.84389321967296
-8.4995856293773908,-16.817844571877565
-8.5422530004370838,-16.791794645458335
-8.5849196024984593,-16.765743459532644
-8.6275854471855009,-16.739691033220641
-8.670250546126228,-16.713637385645168
-8.7129149109525148,-16.687582535931821
-8.7555785533000705,-16.661526503208943
-8.7982414848085817,-16.635469306607494
-8.8409037171213889,-16.609410965261223
-8.8835652618855896,-16.58335149830652
-8.9262261307520934,-16.557290924882388
-8.968886335375398,-16.53122926413052
-9.0115458874135062,-16.505166535195322
-9.0542047985282803,-16.479102757223629
-9.0968630803848622,-16.453037949365065
-9.1395207446519429,-16.426972130771784
-9.1821778030017391,-16.400905320598493
-9.2248342671097809,-16.374837538002517
-9.2674901486549661,-16.348768802143717
-9.3101454593196031,-16.322699132184461
-9.3528002107891712,-16.296628547289682
-9.3954544147523364,-16.270557066626875
-9.4381080829011683,-16.244484709365889
-9.4807612269306389,-16.218411494679206
-9.5234138585389019,-16.192337441741753
-9.5660659894273223,-16.16626256973079
-9.6087176312998999,-16.140186897826286
-9.6513687958640411,-16.114110445210347
-9.6940194948299077,-16.088033231067641
-9.7366697399103082,-16.061955274585351
-9.7793195428212574,-16.03587659495285
-9.8219689152814489,-16.009797211361956
-9.8646178690121324,-15.983717143006968
-9.9072664157374941,-15.957636409084417
-9.9499145671844325,-15.931555028793129
-9.9925623350821589,-15.905473021334453
-10.035209731162716,-15.879390405911897
-10.077856767160748,-15.853307201731214
-10.120503454813027,-15.827223428000689
-10.163149805859156,-15.801139103930625
-10.205795832041066,-15.775054248733658
-10.248441545102757,-15.748968881624808
-10.291086956790926,-15.722883021821133
-10.333732078854398,-15.696796688541982
-10.376376923044081,-15.67070990100901
-10.419021501113253,-15.644622678445927
-10.461665824817389,-15.618535040078623
-10.504309905913759,-15.592447005135325
-10.54695375616201,-15.566358592846207
-10.58959738732371,-15.540269822443646
-10.632240811162157,-15.514180713162293
-10.67488403944291,-15.488091284238699
-10.717527083933334,-15.46200155491157
-10.760169956402395,-15.435911544421822
-10.802812668621053,-15.409821272012335
-10.845455232362143,-15.383730756927978
-10.888097659399813,-15.357640018415882
-10.9307399615102,-15.331549075725027
-10.97338215047103,-15.305457948106422
-11.016024238061359,-15.279366654813245
-11.058666236062024,-15.253275215100482
-11.101308156255328,-15.227183648225136
-11.143950010424778,-15.201091973446303
-11.186591810355592,-15.175000210024859
-11.229233567834104,-15.148908377223751
-11.271875294648019,-15.1228164943078
-11.314517002586467,-15.096724580543674
-11.357158703439522,-15.070632655200075
-11.399800408998583,-15.044540737547516
-11.442442131056282,-15.018448846858336
-11.485083881406091,-14.992357002406845
-11.527725671842704,-14.966265223469126
-11.570367514161807,-14.94017352932309
-11.613009420159969,-14.914081939248486
-11.655651401634664,-14.887990472526901
-11.698293470384364,-14.861899148441626
-11.740935638208203,-14.83580798627783
-11.783577916906156,-14.809717005322394
-11.826220318278986,-14.783626224863937
-11.868862854128059,-14.757535664192865
-11.911505536255405,-14.731445342601281
-11.954148376463744,-14.705355279382971
-11.996791386556255,-14.679265493833455
-12.039434578336603,-14.65317600524997
-12.082077963609045,-14.627086832931344
-12.124721554178173,-14.600997996178107
-12.167365361848915,-14.574909514292479
-12.210009398426722,-14.548821406578165
-12.252653675717111,-14.522733692340667
-12.295298205525944,-14.496646390886994
-12.337942999659358,-14.470559521525715
-12.380588069923563,-14.44447310356702
-12.42323342812481,-14.418387156322723
-12.465879086069606,-14.392301699106042
-12.508525055564357,-14.366216751231843
-12.551171348415401,-14.34013233201652
-12.593817976429184,-14.314048460777872
-12.63646495141192,-14.287965156835275
-12.679112285169623,-14.261882439509609
-12.721759989508271,-14.235800328123128
-12.764408076233448,-14.209718841999628
-12.807056557150487,-14.183638000464322
-12.849705444064515,-14.157557822843772
-12.892354748780116,-14.131478328466065
-12.935004483101467,-14.105399536660663
-12.977654658832467,-14.079321466758318
-13.020305287776273,-14.053244138091271
-13.062956381735528,-14.02716756999312
-13.105607952512495,-14.001091781798658
-13.14826001190715,-13.975016792845022
-13.190912571723,-13.948942622468081
-13.233565643758816,-13.922869290007457
-13.276219239813791,-13.896796814803327
-13.318873371686285,-13.87072521619714
-13.36152805117403,-13.844654513531474
-13.404183290073595,-13.818584726150309
-13.446839100180613,-13.792515873398836
-13.489495493289967,-13.76644797462332
-13.53215248119521,-13.740381049171388
-13.574810075688895,-13.714315116391834
-13.617468288562526,-13.688250195634565
-13.660127131606336,-13.662186306250693
-13.702786616609313,-13.636123467592501
-13.745446755359296,-13.610061699013352
-13.78810755964272,-13.584001019867753
-13.830769041244594,-13.557941449511402
-13.873431211948741,-13.531883007300909
-13.916094083537342,-13.505825712594129
-13.958757667791108,-13.479769584749935
-14.001421976489349,-13.453714643128182
-14.044087021409643,-13.427660907089852
-14.08675281432796,-13.40160839599694
-14.129419367018736,-13.375557129212364
-14.17208669125452,-13.349507126100141
-14.214754798806155,-13.323458406025237
-14.257423701442777,-13.297410988353521
-14.30009341093154,-13.27136489245189
-14.342763939037708,-13.245320137688184
-14.385435297524745,-13.219276743431076
-14.428107498153986,-13.193234729050236
-14.470780552684735,-13.167194113916228
-14.513454472874386,-13.141154917400391
-14.556129270477996,-13.115117158875075
-14.598804957248584,-13.089080857713396
-14.64148154493701,-13.063046033289282
-14.684159045291766,-13.037012704977538
-14.72683747005901,-13.010980892153817
-14.769516830982736,-12.984950614194441
-14.812197139804447,-12.958921890476583
-14.854878408263124,-12.932894740378227
-14.897560648095435,-12.906869183278008
-14.940243871035438,-12.880845238555358
-14.982928088814583,-12.854822925590437
-15.025613313161827,-12.828802263764048
-15.068299555803385,-12.80278327245774
-15.110986828462716,-12.776765971053758
-15.153675142860715,-12.750750378934898
-15.196364510715325,-12.724736515484725
-15.239054943741625,-12.698724400087414
-15.281746453651998,-12.672714052127667
-15.324439052155725,-12.646705490990897
-15.367132750959149,-12.620698736063069
-15.409827561765681,-12.594693806730669
-15.452523496275603,-12.568690722380801
-15.495220566186029,-12.542689502401128
-15.537918783191103,-12.516690166179743
-15.580618158981602,-12.490692733105337
-15.623318705245072,-12.464697222567125
-15.666020433665938,-12.438703653954665
-15.708723355925128,-12.412712046658106
-15.751427483700148,-12.386722420068075
-15.794132828665351,-12.360734793575466
-15.836839402491325,-12.334749186571793
-15.879547216845291,-12.308765618448858
-15.922256283390944,-12.282784108598859
-15.964966613788285,-12.256804676414417
-16.007678219693705,-12.230827341288505
-16.050391112759975,-12.204852122614389
-16.093105304636047,-12.178879039785713
-16.135820806967018,-12.152908112196474
-16.178537631394438,-12.12693935924082
-16.22125578955562,-12.100972800313384
-16.263975293084208,-12.075008454808934
-16.306696153609963,-12.049046342122429
-16.349418382758302,-12.023086481649282
-16.39214199215083,-11.997128892784971
-16.434866993405169,-11.971173594925123
-16.477593398134434,-11.945220607465767
-16.520321217947913,-11.919269949802903
-16.56305046445053,-11.893321641332754
-16.605781149242802,-11.867375701451776
-16.648513283921147,-11.841432149556416
-16.6912468800776,-11.815491005043247
-16.733981949299498,-11.789552287309101
-16.776718503170052,-11.763616015750699
-16.819456553267937,-11.737682209764845
-16.862196111167052,-11.711750888748542
-16.90493718843689,-11.685822072098679
-16.947679796642412,-11.659895779212144
-16.990423947343544,-11.633972029485999
-17.033169652095868,-11.608050842317088
-17.075916922450062,-11.582132237102286
-17.118665769951793,-11.556216233238551
-17.161416206142167,-11.530302850122572
-17.20416824255733,-11.504392107151032
-17.246921890728231,-11.478484023720618
-17.289677162181103,-11.452578619227776
-17.332434068437117,-11.426675913068795
-17.37519262101215,-11.400775924639985
-17.417952831417136,-11.374878673337347
-17.460714711157891,-11.348984178556689
-17.50347827173475,-11.323092459693767
-17.546243524643021,-11.297203536144004
-17.589010481372746,-11.271317427302531
-17.631779153408282,-11.245434152564471
-17.674549552228903,-11.219553731324465
-17.717321689308488,-11.193676182976873
-17.76009557611507,-11.167801526915937
-17.802871224111492,-11.141929782535428
-17.845648644754842,-11.11606096922884
-17.888427849496669,-11.09019510638932
-17.93120884978282,-11.064332213409621
-17.973991657053489,-11.038472309682135
-18.016776282742974,-11.012615414598901
-18.059562738279944,-10.986761547551451
-18.102351035087153,-10.960910727930919
-18.145141184581334,-10.935062975128083
-18.187933198173589,-10.909218308533056
-18.230727087268768,-10.883376747535648
-18.273522863265736,-10.857538311525122
-18.316320537557438,-10.831703019890142
-18.359120121530609,-10.8058708920189
-18.40192162656572,-10.780041947299091
-18.444725064037311,-10.754216205117675
-18.487530445313404,-10.728393684861185
-18.530337781755819,-10.702574405915501
-18.573147084720169,-10.676758387665789
-18.615958365555457,-10.650945649496714
-18.658771635604428,-10.625136210792197
-18.701586906203342,-10.59933009093546
-18.744404188681834,-10.573527309309124
-18.787223494363083,-10.547727885295011
-18.830044834563694,-10.521931838274217
-18.872868220593485,-10.496139187627156
-18.91569366375564,-10.470349952733439
-18.958521175346693,-10.444564152971859
-19.001350766656337,-10.418781807720411
-19.044182448967323,-10.393002936356368
-19.087016233555754,-10.367227558255998
-19.129852131690619,-10.34145569279486
-19.17269015463399,-10.315687359347598
-19.215530313641082,-10.289922577287877
-19.258372619959864,-10.264161365988553
-19.301217084831272,-10.238403744821539
-19.344063719489206,-10.212649733157715
-19.386912535160249,-10.186899350367092
-19.429763543063746,-10.161152615818686
-19.472616754412051,-10.135409548880391
-19.515472181200145,-10.109670170235471
-19.558329838313131,-10.08393450539109
-19.601189741292067,-10.058202580962185
-19.644051905670441,-10.032474423566937
-19.686916346974325,-10.006750059826759
-19.729783080722179,-9.9810295163663341
-19.772652122424908,-9.9553128198137095
-19.815523487585626,-9.9295999968004178
-19.85839719170006,-9.9038910739612476
-19.901273250255969,-9.878186077934636
-19.944151678733377,-9.8524850353625304
-19.987032492604762,-9.8267879728903473
-20.029915707334506,-9.8010949171672692
-20.072801338379183,-9.7754058948461306
-20.11568940118762,-9.7497209325834042
-20.158579911200516,-9.7240400570394225
-20.201472883850656,-9.6983632948783161
-20.244368334562871,-9.672690672768022
-20.287266278753901,-9.6470222173804228
-20.330166731832247,-9.621357955391419
-20.373069709198528,-9.5956979134807874
-20.415975226245052,-9.5700421183324131
-20.458883298355847,-9.5443905966343294
-20.501793940906865,-9.5187433750785893
-20.544707169265653,-9.4931004803615071
-20.587622998791424,-9.4674619391836234
-20.630541444835142,-9.4418277782496993
-20.673462522739243,-9.4161980242688568
-20.716386247837693,-9.3905727039546232
-20.759312635456158,-9.3649518440248087
-20.802241700911619,-9.3393354712018013
-20.845173459512484,-9.3137236122124563
-20.888107926558767,-9.2881162937880717
-20.931045117341579,-9.2625135426646885
-20.973985047143458,-9.2369153855829058
-21.016927731238287,-9.2113218492879732
-21.059873184891153,-9.1857329605298741
-21.102821423358218,-9.1601487460634345
-21.145772461887034,-9.1345692326481434
-21.188726315716121,-9.1089944470484507
-21.231683000075002,-9.0834244160337416
-21.274642530184533,-9.0578591663781669
-21.317604921256297,-9.0322987248610271
-21.360570188492872,-9.006743118266618
-21.403538347087927,-8.9811923733842143
-21.446509412225851,-8.9556465170083062
-21.489483399081873,-8.930105575938537
-21.532460322822178,-8.9045695769796378
-21.575440198603513,-8.879038546941727
-21.618423041573418,-8.8535125126401439
-21.661408866870232,-8.8279915008954966
-21.704397689622773,-8.8024755385338569
-21.747389524950403,-8.7769646523867308
-21.790384387963304,-8.7514588692909321
-21.833382293761897,-8.7259582160889195
-21.876383257437208,-8.7004627196286375
-21.919387294070724,-8.6749724067635814
-21.962394418734217,-8.6494873043529168
-22.005404646489826,-8.6240074392614918
-22.048417992390142,-8.5985328383597626
-22.091434471477829,-8.5730635285240488
-22.134454098785813,-8.5475995366364259
-22.17747688933737,-8.5221408895847226
-22.220502858145718,-8.496687614262731
-22.26353202021421,-8.4712397375701656
-22.306564390536352,-8.4457972864126081
-22.349599984095612,-8.4203602877016905
-22.392638815865364,-8.3949287683550935
-22.435680900809018,-8.3695027552965318
-22.478726253879799,-8.3440822754558646
-22.521774890020744,-8.31866735576914
-22.564826824164896,-8.2932580231784758
-22.607882071234755,-8.2678543046323991
-22.650940646142743,-8.2424562270856008
-22.69400256379102,-8.2170638174990476
-22.737067839071045,-8.1916771028402504
-22.780136486864201,-8.1662961100829339
-22.82320852204138,-8.140920866207269
-22.866283959462706,-8.1155513982000418
-22.909362813978074,-8.0901877330544014
-22.952445100426718,-8.0648298977700676
-22.995530833636991,-8.0394779193535104
-23.038620028426969,-8.0141318248175981
-23.08171269960383,-7.9887916411819591
-23.124808861963825,-7.9634573954730445
-23.167908530292671,-7.9381291147238819
-23.211011719365199,-7.9128068259743092
-23.254118443945092,-7.8874905562711337
-23.297228718785412,-7.8621803326678226
-23.340342558628187,-7.8368761822247981
-23.383459978204151,-7.8115781320095596
-23.426580992233273,-7.7862862090963931
-23.469705615424434,-7.7610004405665878
-23.512833862475041,-7.7357208535086679
-23.555965748071511,-7.7104474750181042
-23.599101286889148,-7.6851803321974099
-23.642240493591625,-7.6599194521564717
-23.685383382831585,-7.634664862012162
-23.728529969250175,-7.6094165888886636
-23.771680267477009,-7.5841746599174868
-23.814834292130389,-7.5589391022373507
-23.857992057817146,-7.5337099429942782
-23.901153579132263,-7.5084872093418298
-23.944318870659362,-7.4832709284408452
-23.987487946970461,-7.4580611274595645
-24.030660822625567,-7.4328578335738911
-24.073837512173245,-7.4076610739670734
-24.117018030150252,-7.3824708758299176
-24.160202391081256,-7.3572872663609559
-24.203390609479257,-7.3321102727662124
-24.246582699845408,-7.3069399222593283
-24.289778676668512,-7.2817762420618406
-24.332978554425736,-7.256619259402787
-24.376182347582066,-7.2314690015190362
-24.419390070590168,-7.2063254956553529
-24.462601737890893,-7.1811887690641321
-24.50581736391262,-7.1560588490057704
-24.549036963071522,-7.1309357627485515
-24.592260549771574,-7.1058195375685935
-24.635488138404305,-7.0807102007500458
-24.678719743348793,-7.0556077795850776
-24.72195537897187,-7.0305123013737667
-24.765195059627668,-7.0054237934243657
-24.808438799657839,-6.9803422830531776
-24.851686613391514,-6.9552677975846047
-24.894938515145178,-6.930200364351192
-24.938194519222488,-6.9051400106937679
-24.981454639914556,-6.8800867639612635
-25.024718891499631,-6.8550406515109064
-25.067987288243046,-6.830001700708265
-25.111259844397463,-6.8049699389270941
-25.154536574202442,-6.7799453935496015
-25.197817491884592,-6.7549280919663595
-25.24110261165761,-6.7299180615762619
-25.284391947721982,-6.7049153297867523
-25.327685514265113,-6.6799199240136939
-25.370983325461381,-6.6549318716813843
-25.414285395471691,-6.6299512002227834
-25.457591738443838,-6.6049779370793296
-25.500902368512342,-6.5800121097010091
-25.544217299798241,-6.5550537455465143
-25.587536546409147,-6.5301028720831713
-25.630860122439394,-6.5051595167868976
-25.67418804196954,-6.4802237071424393
-25.717520319066701,-6.4552954706432306
-25.760856967784484,-6.4303748347913974
-25.804198002162639,-6.4054618270979731
-25.847543436227255,-6.3805564750827788
-25.890893283990756,-6.3556588062744241
-25.934247559451659,-6.3307688482104556
-25.977616170944714,-6.3059038861958125
-26.021049802381945,-6.2811527295535461
-26.06460924136254,-6.256623766029513
-26.10835437283999,-6.2324276881476699
-26.152343639856255,-6.2086785807048948
-26.196633373125941,-6.1854949425698003
-26.241276945318479,-6.1630006010277736
-26.286323707799699,-6.1413254588204582
-26.331817673797136,-6.1206059914531314
-26.37779592551767,-6.100985386610617
-26.424286747240117,-6.0826131918064075
-26.471307525387289,-6.0656443165777461
-26.518862512213044,-6.0502372309314438
-26.566940620501892,-6.036551224874632
-26.615513494502451,-6.0247426584290302
-26.664534170064602,-6.0149602475157984
-26.713936668561352,-6.0073395970372552
-26.763636835101615,-6.0019973870697143
-26.813534610578337,-5.9990257964521305
-26.863517756791261,-5.998482336921537
-26.913470607869339,-6.0003170267159369
-26.963288667562164,-6.0044219241193328
-27.0128793115158,-6.0107055552173909
-27.062157892243327,-6.0190934354050443
-27.111044439193922,-6.0295266997743253
-27.159460827349918,-6.041960818765963
-27.207328259138258,-6.0563644250241904
-27.254564930640861,-6.0727182420853287
-27.301083775261883,-6.0910140802491766
-27.346790197198448,-6.1112538434394255
-27.39157972567288,-6.1334484686178801
-27.43533554258331,-6.1576166931814234
-27.477925866247013,-6.1837835136636308
-27.519201219517008,-6.2119781605048701
-27.558991681427774,-6.2422313711091268
-27.597104329392053,-6.2745717048360055
-27.633321235185349,-6.3090206264201925
-27.667410536764706,-6.3455754023200894
-27.699229935648173,-6.3841225333726994
-27.728710633278396,-6.4244868462747595
-27.75581342437513,-6.4664852785570748
-27.780525912971019,-6.509933715525869
-27.802858870422821,-6.5546523742097342
-27.82284191937536,-6.6004698639987955
-27.840519046188614,-6.6472259017713533
-27.855944321913771,-6.6947728163340132
-27.869178073233815,-6.7429760614933452
-27.880283620868578,-6.7917139810820641
-27.889324608775922,-6.8408770527004243
-27.896362885568003,-6.8903667990042941
-27.901456865256961,-6.9400945104886089
-27.904660280412919,-6.98997988074448
-27.906021239823097,-7.0399496181348438
-27.90558150902195,-7.0899360684648904
-27.903379828136508,-7.1398760754392958
-27.899489768943688,-7.1897132637945678
-27.894012337593193,-7.23940131355931
-27.887054515270062,-7.2889040326594507
-27.878726657934909,-7.3381950252408892
-27.869140506728421,-7.3872570659477184
-27.858407596500999,-7.4360812791493309
-27.846638058236383,-7.484666215729316
-27.833939785211882,-7.5330169010218606
-27.820417918112177,-7.58114390733137
-27.806174598624089,-7.6290624859815335
-27.791308941594291,-7.6767917784422108
-27.775917180205305,-7.7243541141746697
-27.76009294490348,-7.7717743941943809
-27.743927643639459,-7.8190795534382378
-27.727510917492879,-7.8662980911730251
-27.710931151399773,-7.9134596564097537
-27.694276024342855,-7.9605946737197577
-27.677623871710775,-8.007730742462785
-27.660996209032248,-8.054875455823435
-27.644392806385895,-8.1020287185511499
-27.627813386229519,-8.1491904190494857
-27.611257667115204,-8.1963604448347169
-27.59472536373805,-8.2435386825546821
-27.578216186990328,-8.2907250179983052
-27.561729843998442,-8.3379193361607182
-27.545266038202996,-8.3851215211913743
-27.528824469395026,-8.4323314564733209
-27.512404833782778,-8.4795490246215017
-27.496006824051342,-8.526774107507288
-27.479630129425082,-8.5740065862808788
-27.463274435732309,-8.6212463413931353
-27.446939425471786,-8.6684932526177345
-27.430624777880951,-8.7157471990740394
-27.41433016900606,-8.7630080592499109
-27.39805527177429,-8.8102757110241381
-27.381799756067139,-8.8575500316904066
-27.365563288795947,-8.9048308979802577
-27.349345533978962,-8.9521181860864978
-27.333146152819808,-8.9994117716872672
-27.316964803787741,-9.04671152996983
-27.30080114269942,-9.0940173356541525
-27.284654822801841,-9.1413290630176522
-27.268525494857034,-9.1886465859190416
-27.252412807227969,-9.2359697778225076
-27.23631640596555,-9.2832985118225242
-27.220235934897797,-9.3306326606661258
-27.204171035714587,-9.3779720967915861
-27.188121348072102,-9.4253166923123128
-27.172086509664783,-9.4726663190997726
-27.156066156332734,-9.5200208487645899
-27.140059922151064,-9.5673801526938078
-27.124067439519191,-9.614744102090734
-27.108088339269383,-9.662112567960035
-27.092122250747952,-9.7094854211760691
-27.076168801919728,-9.7568625324839537
-27.060227619463802,-9.8042437725283182
-27.044298328870916,-9.8516290118784777
-27.028380554541734,-9.8990181210522774
-27.012473919885423,-9.9464109705399331
-26.996578047418215,-9.9938074308288698
-26.980692558862664,-10.041207372426873
-26.964817075246689,-10.088610665886311
-26.948951217002858,-10.136017181827789
-26.933094604067662,-10.183426790963527
-26.917246855980842,-10.230839364120607
-26.901407591984324,-10.278254772264516
-26.885576431121294,-10.325672886521687
-26.86975299233476,-10.373093578202489
-26.853936894565869,-10.420516718823965
-26.838127756851918,-10.467942180131955
-26.822325198423769,-10.515369834123215
-26.806528838802716,-10.562799553067755
-26.790738297897004,-10.610231209529966
-26.774953196097382,-10.657664676390333
-26.759173154372046,-10.705099826866846
-26.743397794360984,-10.752536534535363
-26.727626738469212,-10.799974673350661
-26.711859609959195,-10.847414117666908
-26.696096033042476,-10.894854742257206
-26.680335632970035,-10.942296422333889
-26.664578036121725,-10.989739033567997
-26.648822870094659,-11.037182452108063
-26.633069763790246,-11.084626554599366
-26.61731834750006,-11.132071218202583
-26.601568252990386,-11.179516320612327
-26.585819113584812,-11.22696174007736
-26.570070564253896,-11.274407355394832
-26.554322241675511,-11.321853045988664
-26.538573784338773,-11.369298691851622
-26.522824832606453,-11.416744173607922
-26.507075028795001,-11.464189372517641
-26.49131814683177,-11.511632220656017
-26.475507624723662,-11.559057213326977
-26.459580033305379,-11.606443002247643
-26.443471865513825,-11.653767688716117
-26.427119407653823,-11.701008489020598
-26.410458571611656,-11.748141374370565
-26.39342475399382,-11.795140701699266
-26.37595273012445,-11.841978832870156
-26.357976592271267,-11.888625741125212
-26.339429743172492,-11.935048605312947
-26.32024495779708,-11.981211394706376
-26.30035452814796,-12.027074450191344
-26.279690507585293,-12.072594071395571
-26.258185072277065,-12.117722124019799
-26.235771017515248,-12.162405687230979
-26.212382405176271,-12.206586767336045
-26.187955374842229,-12.250202110700139
-26.162429124272251,-12.293183155316708
-26.135747054338488,-12.335456165499389
-26.107858058828015,-12.376942596365577
-26.078729837639777,-12.41756842378399
-26.048388796175413,-12.457296714302741
-26.016877485409946,-12.496103389108796
-25.984238871102228,-12.533966913439556
-25.950516048018404,-12.570868156280662
-25.915751988045674,-12.606790231774429
-25.879989322197961,-12.64171832749825
-25.843270156056594,-12.675639524727941
-25.80563591740902,-12.708542615150213
-25.767127234248221,-12.740417917825786
-25.727783840883486,-12.771257099537431
-25.687644509662594,-12.801053001021188
-25.646747005689754,-12.829799470995111
-25.605128061903159,-12.857491209390016
-25.562823371996018,-12.884123620708296
-25.519867598700181,-12.909692678129431
-25.476294395257,-12.934194798586443
-25.432137612486052,-12.957628988282288
-25.387447755193566,-12.980030223012022
-25.342285468134751,-13.001463418234291
-25.296706550676838,-13.021996081135773
-25.250761789953437,-13.04169682835799
-25.204497289459059,-13.060634822512485
-25.157954852485503,-13.07887935700648
-25.111172397280608,-13.096499572377351
-25.064184386993784,-13.11356428671972
-25.017022262813679,-13.130141923504429
-24.969714873142451,-13.146300521592286
-24.922288895233557,-13.162107814136181
-24.874769248594173,-13.177631365044739
-24.827179501675843,-13.19293875358307
-24.779542275207938,-13.208097799343305
-24.731879647053958,-13.223176821160063
-24.684213564574055,-13.238244924580346
-24.636566271811109,-13.253372312983702
-24.588960585340025,-13.26863007620581
-24.541413528928693,-13.284069543618331
-24.493933828264449,-13.299714890855487
-24.44652997164393,-13.315588525614817
-24.399210809873551,-13.331712847940006
-24.351985558263745,-13.348110143288483
-24.304863793976125,-13.364802469948074
-24.257855448038523,-13.381811541791988
-24.21097079143037,-13.399158607561564
-24.164220414726902,-13.416864328072183
-24.117615200910809,-13.434948652929029
-24.071166291111414,-13.453430698506404
-24.024885043209039,-13.472328629077277
-23.978782983466566,-13.491659543057521
-23.932871751502169,-13.511439366388583
-23.887163039273297,-13.531682754998087
-23.841668524822968,-13.552403008237743
-23.796399801847613,-13.57361199498941
-23.751368095289834,-13.59531966034419
-23.706581983021948,-13.617529594354307
-23.662048601690053,-13.640242027670714
-23.617775422977381,-13.663457581164359
-23.573770303236397,-13.687177303939654
-23.530041503018165,-13.711402648407597
-23.486597707363853,-13.736135446649433
-23.443448046890779,-13.761377887722759
-23.400602119696266,-13.787132495578923
-23.35807001409329,-13.813402107270987
-23.315862332166418,-13.840189851146418
-23.273990214133704,-13.867499124714861
-23.232465363507977,-13.895333571863025
-23.191300072905253,-13.923697059168573
-23.150507250531398,-13.952593650923752
-23.110100447155265,-13.982027582599017
-23.070093883450653,-14.012003232398689
-23.030502477517018,-14.042525090574628
-22.991341872353225,-14.073597726149027
-22.952628463005631,-14.10522575069206
-22.914379423056307,-14.137413778793599
-22.87661273005611,-14.17016638486389
-22.839347189434783,-14.203488055901328
-22.802602456342683,-14.237383139874362
-22.766399054796082,-14.271855789379133
-22.730758393405146,-14.306909900263328
-22.695702776866206,-14.342549044948363
-22.66125541230296,-14.37877640023504
-22.62744040943624,-14.415594669456423
-22.59428277346257,-14.453005998938163
-22.561808389430364,-14.491011888846403
-22.530043996818076,-14.529613098654774
-22.499017152954227,-14.568809547641486
-22.468756183884576,-14.608600211033597
-22.439290121285584,-14.648983012659029
-22.410648624066866,-14.689954715234789
-22.382861883402349,-14.73151080971544
-22.355960510104985,-14.773645405421064
-22.329974433084381,-14.816350542635496
-22.304919177352193,-14.85960838002911
-22.28079850526791,-14.903394236544806
-22.25761491656576,-14.947683411476758
-22.235369986260793,-14.992451420620549
-22.214064430174957,-15.037674054574923
-22.193698171924424,-15.083327429471165
-22.174270410455815,-15.129388030425281
-22.155779687420253,-15.175832747878321
-22.138223953716647,-15.222638907156604
-22.12160063463919,-15.269784291616228
-22.10590669315286,-15.317247159777214
-22.091138690893018,-15.365006256921397
-22.077292846617208,-15.413040821481127
-22.064365091795729,-15.461330586917009
-22.052351123267709,-15.509855779216293
-22.0412464527646,-15.558597110740003
-22.031046453297098,-15.607535770644395
-22.021746402361355,-15.656653412381738
-22.013341522007437,-15.705932138552782
-22.005827015796704,-15.755354483578609
-21.999198102748878,-15.804903394382931
-21.99345004835877,-15.854562209440864
-21.988578192795952,-15.904314636426211
-21.984577976403756,-15.954144728687483
-21.981444962620284,-16.004036860752695
-21.979174858445653,-16.053975703039704
-21.977763532578841,-16.103946195922735
-21.97720703134393,-16.153933523297543
-21.977501592520827,-16.20392308570208
-21.978643657186939,-16.253900473218742
-21.980629879670545,-16.303851438053936
-21.983457135704125,-16.353761867006952
-21.987122528858112,-16.403617753816526
-21.991623395323348,-16.453405171440025
-21.996957304362692,-16.503110244616671
-22.003120760012706,-16.552719288538665
-22.010106967245228,-16.602219178553529
-22.017908464467279,-16.65159714540729
-22.026517666099664,-16.70084071726383
-22.035926886742612,-16.749937713355479
-22.046128363906476,-16.79887623642928
-22.057114279286655,-16.847644664121514
-22.068876778574982,-16.896231639386993
-22.081407989811638,-16.944626060104554
-22.094700040290967,-16.992817067972769
-22.108745072043121,-17.04079403680155
-22.123535255920878,-17.088546560300429
-22.139062804325995,-17.136064439454319
-22.155319982614305,-17.183337669571227
-22.172299119222167,-17.230356427079414
-22.189992614559209,-17.277111056144232
-22.208392948713477,-17.323592055167367
-22.227492688016323,-17.369790063226386
-22.247284490514105,-17.415695846505766
-22.267761110392854,-17.461300284764594
-22.288915401407124,-17.506594357893849
-22.310740319325497,-17.551569132533611
-22.333228923511626,-17.5962157489455
-22.356374377579485,-17.640525407953106
-22.380169949235384,-17.684489358137434
-22.404609009312061,-17.728098883246492
-22.429685030034943,-17.771345289855699
-22.45539158254325,-17.814219895285827
-22.481722333695277,-17.856714015802371
-22.508671042208405,-17.898818955154734
-22.536231554099519,-17.940525993380625
-22.56439779748089,-17.981826375955606
-22.593163776759209,-18.022711303347105
-22.622523566182117,-18.0631719208851
-22.652471302797121,-18.103199309049081
-22.683001178815132,-18.142784474163754
-22.714107433390261,-18.181918339530007
-22.745784343823054,-18.220591737015287
-22.778026216194281,-18.258795399131092
-22.810827375434442,-18.29651995162661
-22.84418215483397,-18.33375590663065
-22.878084884999335,-18.370493656377629
-22.912529882260259,-18.406723467556308
-22.947511436533276,-18.442435476322608
-22.983023798649374,-18.477619684023185
-23.019061167153762,-18.512265953678234
-23.055617674588305,-18.54636400727669
-23.092687373270753,-18.579903423941026
-23.130264220586824,-18.612873639021515
-23.168342063815885,-18.64526394418397
-23.206914624515967,-18.677063488558591
-23.245975482498384,-18.708261281020015
-23.285518059428448,-18.73884619367135
-23.325535602095854,-18.768806966607613
-23.36602116540206,-18.798132214032567
-23.406967595151592,-18.82681043182626
-23.448367510628565,-18.854830006578773
-23.490213287183018,-18.882179226270953
-23.532497038766419,-18.90884629257009
-23.575210600605502,-18.934819334874948
-23.618345512086556,-18.960086426148798
-23.661893000013386,-18.98463560062309
-23.705843962259642,-19.00845487335615
-23.75018895217211,-19.031532261805168
-23.794918163610092,-19.053855809284492
-23.840021417020939,-19.075413610449782
-23.885488146590468,-19.096193838724574
-23.931307388703047,-19.116184775668984
-23.977467771889934,-19.135374842233887
-24.02395750848612,-19.153752631835872
-24.070764388098311,-19.171306945114026
-24.117875773277561,-19.18802682631733
-24.165278597357112,-19.20390160107096
-24.212959365247482,-19.21892091396899
-24.260904207256566,-19.233074593521579
-24.3090990472367,-19.246352052460956
-24.357529618129213,-19.258742055490071
-24.406181396396676,-19.270232728109395
-24.455039534757702,-19.280811573653345
-24.504088794705297,-19.290465494287542
-24.553313478826841,-19.299180816520938
-24.602697363020578,-19.306943321834058
-24.652223628791436,-19.313738283068218
-24.70187479591333,-19.319550507257887
-24.751632655824828,-19.324364385612498
-24.801478206330316,-19.328163951379103
-24.85139158818286,-19.33093294630082
-24.901352024390317,-19.332654896379783
-24.951337763170411,-19.333313197598383
-25.001326025662486,-19.332891212178723
-25.051292959660195,-19.331372375847607
-25.101213600786004,-19.32874031642146
-25.151061842678306,-19.32497898382741
-25.200810891597552,-19.320077256372045
-25.25043871562934,-19.314070201703583
-25.299929308212903,-19.307020549494094
-25.349270684214222,-19.298992152015717
-25.398454606037252,-19.29004911086993
-25.447476304976732,-19.280255330706407
-25.496334184041697,-19.26967416752511
-25.545029514840149,-19.258368165159776
-25.593566138374996,-19.246398871723283
-25.641950176892411,-19.233826726942333
-25.690189761703323,-19.220711011130401
-25.738294779871833,-19.207109846914072
-25.786276641097643,-19.19308024550385
-25.834148064894944,-19.178678190158561
-25.881922887047882,-19.163958750484866
-25.929615883929934,-19.148976222056984
-25.977242612298316,-19.133784286856251
-26.024819262177395,-19.11843619069916
-26.072361363399541,-19.102981382865249
-26.119874814688785,-19.087438716372386
-26.167360523358791,-19.071811494731246
-26.214819380104672,-19.056102912746351
-26.262252298388102,-19.040316179689221
-26.309660213645568,-19.024454518592812
-26.35704408247911,-19.00852116556139
-26.404404881830899,-18.992519369095231
-26.451743608144618,-18.97645238942939
-26.499061276499855,-18.960323497891135
-26.546358919789878,-18.944135976251928
-26.593637587775103,-18.927893116131131
-26.640898346236312,-18.911598218374763
-26.688142276059935,-18.895254592466213
-26.735370472329738,-18.878865555943335
-26.782584043400099,-18.862434433830021
-26.829784109966294,-18.845964558076592
-26.876971804125777,-18.829459267010634
-26.924148268425355,-18.812921904799602
-26.971314654941061,-18.796355820908285
-27.018472124240841,-18.779764369603196
-27.065621844507962,-18.763150909405756
-27.112764990520414,-18.746518802600622
-27.159902742687734,-18.729871414727963
-27.207036286072082,-18.713212114084467
-27.254166809406751,-18.696544271228085
-27.301295504112328,-18.679871258485505
-27.348423563310007,-18.663196449462053
-27.395552180834194,-18.646523218552357
-27.442682550244321,-18.62985494045132
-27.489815863835751,-18.613194989664503
-27.536953311651718,-18.596546740016766
-27.584096080495797,-18.579913564158414
-27.63124535294601,-18.563298833067968
-27.678402306370774,-18.546705915550596
-27.725568111948121,-18.530138177731271
-27.772743805507449,-18.513598616706741
-27.819929417366911,-18.497087372618513
-27.867124509187089,-18.480603245036722
-27.91432864257175,-18.464145026684633
-27.961541381676025,-18.447711511182067
-28.008762293092101,-18.431301493027
-28.055990945734347,-18.414913767576429
-28.10322691072523,-18.398547131026142
-28.150469761281627,-18.382200380389492
-28.197719072600677,-18.365872313475652
-28.244974421746598,-18.349561728866728
-28.292235387537477,-18.333267425894352
-28.339501550432093,-18.316988204615523
-28.386772492417062,-18.300722865787904
-28.434047796894671,-18.284470210844322
-28.48132704857003,-18.268229041866995
-28.528609833339129,-18.25199816156114
-28.57589573817695,-18.235776373228113
-28.623184351025571,-18.219562480738279
-28.670475260682377,-18.203355288503538
-28.717768056689078,-18.187153601449385
-28.765062329219983,-18.170956224987009
-28.812357668971075,-18.154761964985038
-28.859653667049006,-18.138569627741109
-28.906949914860263,-18.122378019953473
-28.954246004000346,-18.106185948692495
-29.001541526143306,-18.089992221372096
-29.04883607293106,-18.073795645721368
-29.09612923586311,-18.057595029756197
-29.143420606186272,-18.041389181751001
-29.190709774784285,-18.025176910210799
-29.237996332067713,-18.008957023843372
-29.285279867863977,-17.992728331531755
-29.332559971307042,-17.976489642307108
-29.379836230727598,-17.960239765321944
-29.42710823354318,-17.943977509823668
-29.474375566148005,-17.927701685128827
-29.521637813803203,-17.91141110059764
-29.56889456052701,-17.895104565609238
-29.61614538898468,-17.878780889537467
-29.663389880378752,-17.862438881727446
-29.710627614339316,-17.846077351472591
-29.757858168813666,-17.829695107992805
-29.805081119956967,-17.813290960413056
-29.852296042022008,-17.796863717743051
-29.899502507249345,-17.780412188857834
-29.946700085757385,-17.763935182479212
-29.99388834543241,-17.747431507158254
-30.041066851818531,-17.730899971258918
-30.088235168007586,-17.714339382942661
-30.135392854529464,-17.697748550154216
-30.182539469241458,-17.681126280608783
-30.229674567218456,-17.664471381780224
-30.276797700643009,-17.647782660890652
-30.323908418694675,-17.631058924901527
-30.371006267440134,-17.614298980506053
-30.418090789723145,-17.597501634122935
-30.46516152505399,-17.580665691891983
-30.512218009499449,-17.56378995967102
-30.559259775572691,-17.546873243034515
-30.6062863521229,-17.52991434727398
-30.653297264225252,-17.51291207740007
-30.700292033070856,-17.495865238146408
-30.74727017585645,-17.478772633975467
-30.794231205674535,-17.461633069086243
-30.841174631403575,-17.444445347423859
-30.888099957597955,-17.427208272691416
-30.935006684378266,-17.409920648363734
-30.981894307321966,-17.392581277703346
-31.028762317353575,-17.375188963778768
-31.075610200635648,-17.357742509484961
-31.122437438459755,-17.340240717566111
-31.169243507137431,-17.322682390640971
-31.216027877891655,-17.305066331230535
-31.262790016748745,-17.287391341788197
-31.309529384430036,-17.26965622473271
-31.356245881214416,-17.251860949284058
-31.402942310635414,-17.234013078675112
-31.449622670375177,-17.216123218263341
-31.496290994850334,-17.198201983783406
-31.542951342616249,-17.180259989939593
-31.589607786824654,-17.162307847138639
-31.636264405692479,-17.144356158298425
-31.682925272992428,-17.126415515699705
-31.729594448575103,-17.108496497847973
-31.776275968934762,-17.090609666312307
-31.822973837824016,-17.072765562510643
-31.869692016950601,-17.054974704401527
-31.91643441671356,-17.03724758307203
-31.963204887063519,-17.019594659164436
-32.010007208444513,-17.0020263591346
-32.056845082853734,-16.984553071306152
-32.103722125030345,-16.96718514169719
-32.150641853788521,-16.949932869596232
-32.19760768351312,-16.932806502866345
-32.244622915835976,-16.915816232958701
-32.291687136964356,-16.898962123422056
-32.338778787514705,-16.882184771590424
-32.385868950844831,-16.865403247805201
-32.432928761794599,-16.848536833571043
-32.479928924370917,-16.831504982839775
-32.526839221930679,-16.814227267474347
-32.573628031570372,-16.796623354990221
-32.620261844087111,-16.77861303430484
-32.666704792929458,-16.760116305797933
-32.712918198667005,-16.741053552401603
-32.758860138757925,-16.721345808770231
-32.804485057105524,-16.700915144921311
-32.849743432605507,-16.679685179122778
-32.894581531121624,-16.657581731371646
-32.93894127026234,-16.634533623116727
-32.982760230238902,-16.610473620422347
-33.025971845932439,-16.585339506291145
-33.068505813834271,-16.559075253533045
-33.110292417756426,-16.531637754245629
-33.151281239250785,-16.503022221271515
-33.191426248318969,-16.473234563324542
-33.230676923183793,-16.442278087900856
-33.268977761232044,-16.410154023467516
-33.306267797250904,-16.376862102472089
-33.342480123409892,-16.342401206057062
-33.3775414258143,-16.306770094586653
-33.411371560492931,-16.269968248624807
-33.443883201585969,-16.231996844571405
-33.474981606499469,-16.192859886781168
-33.504564556663979,-16.152565512443708
-33.532522547498516,-16.111127475258943
-33.558739315548017,-16.068566797288419
-33.583092801591675,-16.024913553727156
-33.605456651394455,-15.980208721811939
-33.625702344705331,-15.934505983617729
-33.643707054762672,-15.887875168905252
-33.659456594695428,-15.840434650805033
-33.673050411975943,-15.792331477178859
-33.684610350377653,-15.743698876459925
-33.694270910397613,-15.694653111792283
-33.702173771193188,-15.645293157262552
-33.708463352779546,-15.595701391137732
-33.713283467369699,-15.545944932185041
-33.716774978559876,-15.49607731041746
-33.719074320164175,-15.446140245792751
-33.720312706227674,-15.396165385133463
-33.720615872135255,-15.346175910039076
-33.720104209608536,-15.296187974103354
-33.718893186144321,-15.246211958409454
-33.717093966584109,-15.196253553351868
-33.714814178384877,-15.146314685761478
-33.712158781941191,-15.096394316026451
-33.709231023091327,-15.046489132456148
-33.706124834467893,-14.996594714483074
-33.702871841761514,-14.946709651505239
-33.69947634492398,-14.896834084632896
-33.695942623248186,-14.846968119480822
-33.692275051774885,-14.797111819101717
-33.688478098431112,-14.747265204265487
-33.684556321045036,-14.697428253884677
-33.680514364241915,-14.647600905567414
-33.676356956226876,-14.597783056299455
-33.672088905461237,-14.547974563254733
-33.667715097237874,-14.498175244731135
-33.663240490162394,-14.448384881210034
-33.65867011254587,-14.398603216536412
-33.654009058715765,-14.348829959215621
-33.649262485250773,-14.299064783823043
-33.644435607146164,-14.2493073325225
-33.639533693915325,-14.199557216687944
-33.63456206563356,-14.149814018623362
-33.629526088930142,-14.10007729337539
-33.624431172934102,-14.050346570632355
-33.619282765179555,-14.000621356702785
-33.614086347476167,-13.950901136568309
-33.608847431749702,-13.901185376001729
-33.603571555858345,-13.851473523744552
-33.598264279389774,-13.801765013736649
-33.592931179443788,-13.752059267388924
-33.587577846405559,-13.702355695892601
-33.58220987971437,-13.652653702557005
-33.5768328836322,-13.602952685167129
-33.571452463017081,-13.553252038353392
-33.566074219105516,-13.503551155966125
-33.560703745308587,-13.453849433445505
-33.555346623026004,-13.404146270179671
-33.550008417482701,-13.354441071843466
-33.544694673591522,-13.304733252704041
-33.539410911850098,-13.255022237919187
-33.53416262426628,-13.205307465727937
-33.528955270331672,-13.155588389668786
-33.523793234605129,-13.1058645881959
-33.518674156091173,-13.056136345545493
-33.513593017060977,-13.00640421166737
-33.508544822041344,-12.956668722641913
-33.503524602277054,-12.906930401817418
-33.498527413290716,-12.857189761629437
-33.493548332461621,-12.807447305385276
-33.488582456623575,-12.757703529018931
-33.48362489968148,-12.707958922818378
-33.478670790246518,-12.658213973130621
-33.473715269289684,-12.608469164048387
-33.46875348781321,-12.558724979081312
-33.463780604539963,-12.508981902815783
-33.458791783620292,-12.45924042256792
-33.45378219235613,-12.409501030031835
-33.448746998942177,-12.359764222927483
-33.443681370224148,-12.310030506652083
-33.438580469473656,-12.260300395937872
-33.433439454180018,-12.210574416519281
-33.428253473858931,-12.160853106814834
-33.423017667878085,-12.111137019624872
-33.417727163299979,-12.061426723849653
-33.412377072743837,-12.011722806243785
-33.406962492259005,-11.962025873137362
-33.401478499230109,-11.912336552306975
-33.39592015028893,-11.86265549476161
-33.390282479253372,-11.812983376626038
-33.38456049508644,-11.763320901048441
-33.378749179879165,-11.713668800159885
-33.372843486857832,-11.664027837076555
-33.366838338417658,-11.614398807950915
-33.360728624183935,-11.564782544067832
-33.354509199111796,-11.515179914058031
-33.348174881605047,-11.465591826052332
-33.341720451686456,-11.416019230019412
-33.335140649201122,-11.366463120111455
-33.328434793609581,-11.316923907732066
-33.321636948979304,-11.267397226612962
-33.314797157696624,-11.21787631741612
-33.307965725577667,-11.168354255103008
-33.301193077632433,-11.118824124306585
-33.294529691874118,-11.069279185396722
-33.288026028957468,-11.01971304084339
-33.281732454622507,-10.970119800847204
-33.275699152023314,-10.920494247010438
-33.26997602121633,-10.870831992596122
-33.264612563374989,-10.821129637641445
-33.259657747698014,-10.771384916870298
-33.25515985949972,-10.72159683801657
-33.251166328618432,-10.671765807843659
-33.247723538054188,-10.621893742858864
-33.244876613644365,-10.571984161513743
-33.242669196584806,-10.522042254584882
-33.241143201675847,-10.472074930482865
-33.240338565268431,-10.422090832470836
-33.240292987949594,-10.372100325265741
-33.241046273200958,-10.322115540357235
-33.242668876097113,-10.2721515437236
-33.245248571776166,-10.222227958684982
-33.248879329564204,-10.172369966442885
-33.253662304927502,-10.122609498531745
-33.259706795265181,-10.072986719353386
-33.267131061690186,-10.023551850160713
-33.276062919945538,-9.9743673845408924
-33.286639947276555,-9.9255107322903822
-33.299009078951698,-9.8770772946656518
-33.3133252792787,-9.8291839057544461
-33.329748877073747,-9.7819724541652207
-33.348441080522193,-9.7356133079706986
-33.369557183018756,-9.6903078951029347
-33.393237123257812,-9.6462894642817467
-33.419593472629501,-9.6038207558984752
-33.4486976627716,-9.5631872297840381
-33.480557566891228,-9.5246773062186225
-33.514994678557251,-9.488452297814872
-33.551717573214184,-9.4545450598681544
-33.590448099203734,-9.4229489178555639
-33.63093108843043,-9.3936302373913563
-33.672937368078117,-9.3665376894104728
-33.716264100448733,-9.3416099333577929
-33.760733428217904,-9.3187816098627412
-33.806190183438204,-9.2979878060090897
-33.85249881597035,-9.2791663175276717
-33.899519992535105,-9.262201014832451
-33.947103928423353,-9.2468825654264073
-33.995124530281217,-9.23299126825653
-34.04347911234467,-9.2203094154271295
-34.092084466506059,-9.2086238409092083
-34.140872950289108,-9.1977267865454291
-34.189788808518735,-9.1874155582157986
-34.238784791685703,-9.1774913669219629
-34.287819404077766,-9.1677595046337128
-34.336854280443617,-9.1580289704098767
-34.385850867928298,-9.1481077601291929
-34.434767712815109,-9.1378012050907955
-34.483557691453676,-9.1269108352798405
-34.532165047053311,-9.1152335788816146
-34.580522207211942,-9.1025615461811462
-34.628546421776299,-9.0886827098659548
-34.67613636792229,-9.073382858987376
-34.723169088876325,-9.0564494002361879
-34.76951351848183,-9.0377152702625896
-34.815055355568056,-9.0171075006639629
-34.85967044294766,-8.9945643721689823
-34.903218607450334,-8.9700244158061722
-34.945542465828744,-8.9434294877672986
-34.986466850890672,-8.9147287063282512
-35.025799233946451,-8.8838832949566982
-35.06333580538287,-8.850876834750391
-35.098942894152238,-8.8157970903345859
-35.1325718534668,-8.7788161289983133
-35.16420201980084,-8.7401111053888201
-35.193835415972529,-8.6998562124964707
-35.221492863906761,-8.6582184040552175
-35.247209912142452,-8.6153544413851328
-35.271032938641198,-8.5714091317183119
-35.293015657448024,-8.5265145429811469
-35.313216141823453,-8.4807899570502467
-35.331694389496484,-8.4343423393189862
-35.348510399066555,-8.3872671381849688
-35.36372269545312,-8.3396492700068841
-35.37738722965527,-8.2915641848966875
-35.389556577299622,-8.2430789424130015
-35.400279366254438,-8.1942532526870266
-35.409599872294059,-8.1451404581810003
-35.417557731074517,-8.0957884452984654
-35.42418772319234,-8.0462404847502214
-35.429520406531921,-7.9965360849855607
-35.433605785133992,-7.9467134985042103
-35.436522078634376,-7.8968086685265151
-35.438352787560376,-7.8468520777186122
-35.439184259281205,-7.7968687227034907
-35.439104737431585,-7.7468783804124159
-35.438203585083279,-7.6968959751123958
-35.436570680958049,-7.6469320132210727
-35.434295979322492,-7.5969930585679535
-35.431469218585782,-7.547082226902087
-35.428179760502296,-7.4971996844637072
-35.424516540637377,-7.4473431408908839
-35.420568110767455,-7.3975083313823218
-35.416422754618388,-7.3476894868412224
-35.412168659358962,-7.2978797936901181
-35.407894126224811,-7.2480718472588643
-35.403687804307395,-7.1982581041899989
-35.399638931734223,-7.1484313402364226
-35.395836874765919,-7.0985851713164978
-35.39233275927522,-7.0487171752378668
-35.389118648166473,-6.9988296418837201
-35.386181432994576,-6.9489250340943078
-35.383507774902654,-6.8990056064121061
-35.381084123163149,-6.8490734104681135
-35.378896733100945,-6.799130301300945
-35.37693168336471,-6.7491779447076565
-35.375174892505676,-6.6992178253251327
-35.373612134855243,-6.6492512555522261
-35.372229055691292,-6.5992793851552767
-35.371011185699011,-6.5493032115108232
-35.369943954740847,-6.4993235904145132
-35.369012704959211,-6.4493412473912963
-35.368202703244343,-6.3993567894462231
-35.367499153106358,-6.3493707171965035
-35.366887205997536,-6.2993834373200714
-35.366351972136442,-6.249395275268383
-35.365878530890811,-6.1994064882588935
-35.36545194077754,-6.1494172783128072
-35.365057249146162,-6.0994278055384203
-35.364679501609388,-6.0494382014318457
-35.364303751289384,-5.9994485822237085
-35.363915067947936,-5.9494590622224113
-35.363498547069362,-5.8994697671084966
-35.363039318964262,-5.8494808471410895
-35.362522557961213,-5.7994924902353624
-35.361933491751671,-5.7495049348697851
-35.361257410950678,-5.699518482781647
-35.360479678933046,-5.6495335114085767
-35.359585742000355,-5.5995504860311529
-35.358561139930224,-5.5495699715713487
-35.357391516953399,-5.4995926440003045
-35.35606263319886,-5.4496193013054786
-35.35456037664008,-5.3996508739665527
-35.352870775568896,-5.3496884348883338
-35.350980273038822,-5.2997331984475027
-35.348880139592346,-5.2497863376203577
-35.346565717174641,-5.199848949307742
-35.344032440568633,-5.1499221865067977
-35.341275700569696,-5.1000072654588502
-35.338290842023625,-5.0501054679226733
-35.335073161968523,-5.0002181436192981
-35.331617907877813,-4.9503467127473346
-35.327920276008783,-4.900492668607856
-35.323975409860594,-4.8506575803340004
-35.319778398745733,-4.8008430957279407
-35.315324276480503,-4.7510509442068161
-35.310608020200526,-4.7012829398589755
-35.305624549308128,-4.6515409846107572
-35.300368724559469,-4.6018270715069542
-35.294835347299731,-4.5521432881025152
-35.289019158856014,-4.5024918199678288
-35.282914840098329,-4.4528749543064396
-35.276517011179635,-4.4032950836841387
-35.269820231467371,-4.353754709867923
-35.262818999679425,-4.304256447773529
-35.255507754238508,-4.2548030295172623
-35.24788087386014,-4.2053973085695295
-35.239932678389849,-4.1560422640048804
-35.231657429906839,-4.1067410048428901
-35.223049334111543,-4.0574967744728845
-35.214102542016107,-4.008312955154973
-35.204811151957159,-3.9591930725870994
-35.195169211951551,-3.910140800527464
-35.185170722415926,-3.8611599654599305
-35.174809639272588,-3.8122545512876802
-35.164079877463429,-3.7634287040383665
-35.152975314895862,-3.7146867365639253
-35.141489796843381,-3.6660331332123097
-35.12961714082477,-3.6174725544498294
-35.117351141985822,-3.5690098414088243
-35.104685579006272,-3.5206500203309354
-35.091614220555961,-3.4723983068774391
-35.078130832322024,-3.4242601102724226
-35.064229184628346,-3.3762410372409053
-35.049903060667738,-3.3283468957050806
-35.035146265364972,-3.2805836981948624
-35.019952634886273,-3.2329576649264933
-35.004316046809599,-3.1854752265027177
-34.988230430965721,-3.1381430261823668
-34.971689780956602,-3.0909679216640207
-34.954688166354288,-3.0439569863291007
-34.937219745578091,-2.9971175098844616
-34.919278779441974,-2.9504569983422435
-34.90085964535961,-2.9039831732761967
-34.881956852186789,-2.857703970289915
-34.862565055673521,-2.8116275366311583
-34.842679074491812,-2.7657622278900775
-34.822293906795622,-2.7201166037171789
-34.801404747260335,-2.6746994224975191
-34.780007004541872,-2.6295196349250198
-34.758096319083783,-2.5845863764194315
-34.735668581191838,-2.5399089583352534
-34.712719949286488,-2.4954968579195373
-34.68924686823275,-2.451359706980353
-34.665246087637257,-2.4075072792361456
-34.640714679994851,-2.3639494763289144
-34.615650058556795,-2.320696312492279
-34.590049994785211,-2.2777578978777351
-34.563912635253388,-2.235144420559068
-34.537236517844434,-2.1928661272458081
-34.510020587097486,-2.1509333027530113
-34.482264208549978,-2.1093562482922468
-34.453967181922806,-2.0681452586635292
-34.42512975299752,-2.0273105984437816
-34.395752624040789,-1.9868624772875549
-34.365836962633708,-1.9468110244651975
-34.33538440879078,-1.9071662628033472
-34.304397080206371,-1.8679380821294091
-34.272879387202259,-1.8291347297995637
-34.240845440592459,-1.7907564412479167
-34.208312055015341,-1.7528005831299307
-34.175295533413603,-1.7152642120774286
-34.141811664206628,-1.6781441124676029
-34.10787572288848,-1.641436830412331
-34.073502475923853,-1.6051387054461272
-34.038706186608778,-1.5692458999601502
-34.003500622593577,-1.5337544264516338
-33.967899064794679,-1.4986601726721018
-33.931914317447323,-1.4639589247679403
-33.895558719079993,-1.4296463885159876
-33.858844154212818,-1.3957182087591962
-33.821782065607131,-1.3621699871517376
-33.784383466914043,-1.3289972983231726
-33.74665895558848,-1.2961957045697576
-33.708618725953244,-1.2637607691795563
-33.670272582314453,-1.2316880684955973
-33.63162995204241,-1.1999732028163022
-33.592699898545646,-1.1686118062294817
-33.553491134082549,-1.137599555475364
-33.514012032328289,-1.106932177901117
-33.474270640750134,-1.0766054586634981
-33.434274692590691,-1.0466152471274723
-33.394031618622016,-1.0169574626820965
-33.353548558487695,-0.98762809991833711
-33.31283237173983,-0.95862323332691757
-33.271889648471024,-0.92993902151163288
-33.230726719581831,-0.90157171101167766
-33.189349666662693,-0.87351763977545727
-33.147764331489562,-0.84577324033849677
-33.105976325133405,-0.81833504275431734
-33.063991036685302,-0.79119967732507712
-33.021813641598925,-0.76436387717564691
-32.979449109654681,-0.73782448071454587
-32.936902212550173,-0.71157843402356957
-32.894177531121272,-0.68562279321673669
-32.851279462197766,-0.65995472680872036
-32.808211714818682,-0.63457238867350285
-32.764969285403396,-0.60948883391355979
-32.721540261254958,-0.58472978531019282
-32.677912994472905,-0.56032178911160946
-32.634076412207072,-0.53629179419495676
-32.590020108082697,-0.512667094289319
-32.545734435406445,-0.48947525899993016
-32.501210600956121,-0.466744052991233
-32.456440758004334,-0.4445013429155471
-32.411418097007555,-0.42277499191463702
-32.366136932203389,-0.40159274182238869
-32.320592782205679,-0.38098208355071306
-32.274782442575322,-0.36097011653613159
-32.228704048284392,-0.34158339855020664
-32.182357124048664,-0.32284778763904676
-32.135742620509923,-0.30478827836046596
-32.088862934615847,-0.28742883497760591
-32.041721912642743,-0.27079222455572927
-31.994326693918374,-0.25489423059932514
-31.946694578549288,-0.23972062878182937
-31.898844798737368,-0.22524794501635281
-31.850795199357236,-0.21145304862019504
-31.802562319016999,-0.19831320973738883
-31.754161471370676,-0.18580613982587854
-31.705606824219199,-0.17391002125767097
-31.65691147576203,-0.16260352744579268
-31.608087527546957,-0.15186583477515747
-31.559146153822098,-0.14167662747786708
-31.510097667116501,-0.13201609645881893
-31.460951579971557,-0.12286493294885327
-31.411716662869686,-0.11420431775015069
-31.362400998290088,-0.10601590669459697
-31.313012031235189,-0.098281812898576223
-31.263556616119665,-0.090984586215213714
-31.214041060328654,-0.084107190268843349
-31.164471164585407,-0.07763297734251344
-31.114852152946952,-0.071546551580569731
-31.06518834378528,-0.065837122606166351
-31.015483665150558,-0.060495113571153253
-30.965741843901441,-0.055510741087540928
-30.915966405494729,-0.050874030603385634
-30.866160674573766,-0.046574831733876956
-30.816327776290976,-0.042602833042135496
-30.76647063849164,-0.038947576235962816
-30.716591994461105,-0.035598469719078228
-30.666694386371795,-0.032544801481129176
-30.616780169301673,-0.029775751295338378
-30.566851515778502,-0.027280402207518217
-30.516910420805594,-0.025047751306806445
-30.466958707318074,-0.023066719774205841
-30.416998032023226,-0.021326162211054555
-30.367029891581986,-0.019814875254870429
-30.317055629088618,-0.018521605494671745
-30.267076440810495,-0.017435056702228398
-30.217093383153607,-0.016543896399437413
-30.167107379824287,-0.01583676178527613
-30.117119229115243,-0.015302265048135496
-30.067129611437,-0.014928998093957074
-30.01713909679335,-0.014705536717696838
-29.96714815248836,-0.014620444254167494
-29.917157150841387,-0.014662274739694364
-29.867166376969212,-0.014819575620472545
-29.817176036609077,-0.015080890043361066
-29.76718626397253,-0.015434758765679516
-29.717197129618739,-0.015869721721098726
-29.667208648340313,-0.016374319279089694
-29.617220787055857,-0.016937093235640931
-29.567233472703343,-0.01754658757313516
-29.517246600131436,-0.018191349027346933
-29.467260039986424,-0.018859927499551687
-29.417273646592179,-0.019540876351741645
-29.367287265822721,-0.020222752622881476
-29.317300742966673,-0.020894117204080846
-29.267313930586504,-0.021543535010443402
-29.217326717887435,-0.022161348152263647
-29.167339107076558,-0.022746067121126541
-29.117351129558369,-0.023298551603212255
-29.067362815074283,-0.023819661006227073
-29.017374191742647,-0.024310254255365749
-28.967385286103536,-0.024771189801511703
-28.917396123164718,-0.025203325629970436
-28.867406726447182,-0.025607519269740617
-28.817417118029958,-0.025984627803303895
-28.767427318595679,-0.026335507876907163
-28.717437347475805,-0.026661015711329433
-28.667447222695117,-0.026962007113119017
-28.617456961016845,-0.027239337486275442
-28.56746657798784,-0.027493861844365478
-28.517476087982558,-0.027726434823063008
-28.467485504247875,-0.027937910693085561
-28.41749483894818,-0.028129143373516963
-28.367504103208816,-0.028300986445506684
-28.317513307160961,-0.028454293166318666
-28.267522459986012,-0.028589916483721698
-28.217531569959249,-0.028708709050706525
-28.167540644494053,-0.028811523240509666
-28.117549690186401,-0.028899211161931247
-28.067558712858016,-0.028972624674934361
-28.01756771760072,-0.029032615406505334
-27.96757670882036,-0.029080034766764448
-27.917585690279964,-0.029115733965310898
-27.867594665143827,-0.029140564027786118
-27.817603636021481,-0.029155375812641673
-27.767612605010463,-0.029161020028097555
-27.717621573740377,-0.029158347249274543
-27.667630543416589,-0.029148207935487488
-27.617639514863196,-0.029131452447684277
-27.567648488566537,-0.029108931066015781
-27.517657464719292,-0.029081494007523145
-27.467666443262829,-0.029049991443926376
-27.417675424012785,-0.029015159143191745
-27.367684407030012,-0.028977211692672762
-27.317693392454295,-0.028936215316709511
-27.267702380413134,-0.028892236230597886
-27.217711371022641,-0.028845340651242678
-27.16772036438681,-0.028795594797141749
-27.117729360598595,-0.028743064888372191
-27.067738359739845,-0.028687817146575711
-27.017747361881536,-0.028629917794944611
-26.967756367084164,-0.028569433058208277
-26.917765375398002,-0.028506429162619744
-26.867774386863154,-0.028440972335942359
-26.817783401510102,-0.028373128807437299
-26.767792419359861,-0.02830296480785089
-26.717801440424015,-0.028230546569401986
-26.667810464705401,-0.028155940325770519
-26.617819492198173,-0.02807921231208543
-26.567828522887822,-0.028000428764912759
-26.517837556751864,-0.027919655922244983
-26.467846593759937,-0.027836960023489645
-26.417855633873796,-0.027752407309458101
-26.367864677048033,-0.027666064022355524
-26.317873723230083,-0.027577996405770161
-26.267882772360398,-0.027488270704662754
-26.217891824372977,-0.02739695316535708
-26.167900879195503,-0.02730411003552978
-26.117909936749399,-0.027209807564200311
-26.067918996950443,-0.027114112001721993
-26.017928059708957,-0.027017089599772587
-25.967937124929652,-0.026918806611344149
-25.917946192512606,-0.026819329290735459
-25.867955262352982,-0.026718723893541973
-25.817964334341362,-0.026617056676647096
-25.767973408364181,-0.02651439389821391
-25.717982484304073,-0.02641080181767675
-25.667991562039678,-0.026306346695731835
-25.618000641446386,-0.02620109479432987
-25.568009722396447,-0.026095112376667458
-25.518018804759016,-0.025988465707178564
-25.468027888400812,-0.025881221051527133
-25.41803697318613,-0.025773444676598627
-25.368046058976972,-0.025665202850491762
-25.318055145633679,-0.025556561842511361
-25.268064233014993,-0.025447587923160191
-25.218073320978181,-0.025338347364130723
-25.168082409379597,-0.025228906438298105
-25.118091498074804,-0.0251193314197121
-25.068100586918614,-0.025009688583588902
-25.018109675765825,-0.024900044206304376
-24.968118764471118,-0.024790464565385795
-24.91812785288942,-0.024681015939504027
-24.868136940876159,-0.024571764608466159
-24.818146028287632,-0.024462776853207753
-24.768155114981042,-0.024354118955784789
-24.71816420081505,-0.024245857199366418
-24.668173285649846,-0.024138057868226804
-24.618182369347334,-0.024030787247737061
-24.568191451771686,-0.023924111624357997
-24.518200532789436,-0.023818097285631831
-24.468209612269543,-0.023712810520173676
-24.41821869008411,-0.02360831761766442
-24.368227766108276,-0.023504684868841826
-24.318236840220496,-0.023401978565492261
-24.268245912303144,-0.023300265000442941
-24.218254982242421,-0.023199610467552912
-24.168264049928631,-0.023100081261704378
-24.118273115256748,-0.023001743678794633
-24.06828217812637,-0.022904664015726633
-24.018291238442082,-0.022808908570400289
-23.968300296113817,-0.022714543641703451
-23.918309351057065,-0.022621635529502686
-23.868318403192898,-0.022530250534633353
-23.818327452448663,-0.022440454958890878
-23.768336498758043,-0.022352315105020643
-23.718345542061069,-0.022265897276707663
-23.668354582304882,-0.022181267778567309
-23.618363619443617,-0.022098492916134471
-23.568372653438704,-0.022017638995853055
-23.518381684259413,-0.021938772325065851
-23.468390711882869,-0.021861959212003155
-23.418399736294162,-0.021787265965771446
-23.368408757487089,-0.021714758896342813
-23.318417775464049,-0.021644504314542748
-23.268426790236244,-0.021576568532038307
-23.218435801824356,-0.021511017861326566
-23.168444810258457,-0.021447918615721838
-23.118453815578263,-0.021387337109343055
-23.068462817833659,-0.021329339657101241
-23.01847181708483,-0.021273992574686176
-22.968480813402298,-0.021221362178552736
-22.918489806867573,-0.021171514785907591
-22.868498797573334,-0.021124516714695028
-22.818507785623275,-0.021080434283582278
-22.768516771132958,-0.021039333811945393
-22.718525754229809,-0.021001281619853974
-22.6685347350532,-0.020966344028055781
-22.618543713755102,-0.020934587357961356
-22.568552690500056,-0.020906077931627798
-22.518561665465434,-0.020880882071742459
-22.468570638841971,-0.020859066101606372
-22.418579610833774,-0.020840696345117017
-22.368588581658621,-0.020825839126750942
-22.318597551548333,-0.020814560771545903
-22.268606520749024,-0.020806927605082695
-22.218615489521124,-0.020803005953466434
-22.16862445814002,-0.020802862143307628
-22.118633426896157,-0.02080656250170268
-22.068642396095061,-0.020814173356214057
-22.018651366058048,-0.020825761034849989
-21.968660337122252,-0.020841391866043717
-21.918669309640627,-0.020861132178632502
-21.868678283982813,-0.020885048301835747
-21.818687260534997,-0.020913206565233107
-21.768696239700098,-0.020945673298741981
-21.71870522189834,-0.020982514832594411
-21.668714207567309,-0.021023797497313632
-21.618723197162183,-0.021069587623690243
-21.568732191156311,-0.021119951542757413
-21.518741190041034,-0.02117495558576632
-21.468750194326166,-0.021234666084160567
-21.418759204540464,-0.021299149369549849
-21.368768221231505,-0.021368471773683985
-21.318777244966039,-0.021442699628425783
-21.268786276330683,-0.021521899265722837
-21.218795315931516,-0.021606137017580403
-21.168804364394727,-0.021695479216032154
-21.118813422367108,-0.02178999219311056
-21.068822490515679,-0.021889742280818199
-21.018831569528317,-0.021994795811096774
-20.968840660114381,-0.022105219115795459
-20.918849763004264,-0.02222107852664066
-20.868858878949961,-0.02234244037520354
-20.818868008725765,-0.022469370992865983
-20.76887715312769,-0.022601936710789462
-20.718886312974359,-0.022740203859879449
-20.668895489107275,-0.022884238770750791
-20.618904682390596,-0.023034107773693826
-20.568913893711741,-0.023189877198637632
-20.518923123981921,-0.023351613375112597
-20.468932374135775,-0.023519382632215299
-20.41894164513193,-0.023693251298569688
-20.368950937953688,-0.023873285702287222
-20.318960253608484,-0.024059552170930334
-20.268969593128574,-0.02425211703147135
-20.218978957571711,-0.024451046610250105
-20.168988348020484,-0.024656407232936408
-20.118997765583185,-0.024868265224485767
-20.069007211394297,-0.025086686909095678
-20.019016686608893,-0.025311738610188737
-19.969026192429116,-0.02554348665024915
-19.919035729940035,-0.025781973770935159
-19.869045299721787,-0.026027132158606296
-19.819054902159987,-0.026278861626415115
-19.769064537601132,-0.026537061982382575
-19.719074206340387,-0.026801633033617992
-19.669083908670498,-0.02707247458611519
-19.619093644810249,-0.027349486445186106
-19.569103414951254,-0.027632568415268573
-19.519113219253857,-0.027921620299996217
-19.469123057839873,-0.028216541902288884
-19.419132930795648,-0.02851723302438465
-19.369142838172948,-0.028823593467882158
-19.319152779989576,-0.029135523033782581
-19.269162756229548,-0.029452921522533537
-19.219172766844192,-0.029775688734065341
-19.169182811752641,-0.030103724467829936
-19.119192890842005,-0.030436928522840467
-19.069203003968614,-0.030775200697702582
-19.019213150958304,-0.031118440790650636
-18.969223331606798,-0.031466548599582235
-18.9192335456808,-0.031819423922086372
-18.869243792918244,-0.032176966555476187
-18.819254073028937,-0.032539076296818167
-18.769264385695344,-0.032905652942958594
-18.719274730572966,-0.033276596290552136
-18.669285107291074,-0.033651806136086537
-18.619295515453295,-0.034031182275907484
-18.569305954638235,-0.034414624506241817
-18.519316424399886,-0.034802032623221742
-18.469326924268607,-0.035193306422903081
-18.419337453751428,-0.035588345701288257
-18.369348012332583,-0.035987050254346328
-18.319358599474509,-0.036389319878028181
-18.269369214618088,-0.036795054368287193
-18.219379857183306,-0.037204153521095316
-18.169390526569984,-0.03761651713245804
-18.119401222158391,-0.038032044998429028
-18.069411943309568,-0.038450636915126707
-18.019422689366255,-0.038872192678744887
-17.969433459653466,-0.039296612085565577
-17.919444253478741,-0.039723794931973616
-17.869455070133238,-0.040153641014463705
-17.819465908891985,-0.040586050129653731
-17.769476769014599,-0.041020922074293781
-17.719487649745876,-0.041458156645274635
-17.669498550316547,-0.041897653639635622
-17.619509469943541,-0.042339312854574866
-17.569520407830851,-0.042783034087454472
-17.51953136317017,-0.043228717135807074
-17.469542335141234,-0.043676261797344219
-17.41955332291267,-0.044125567869959512
-17.369564325642642,-0.044576535151734105
-17.319575342479009,-0.045029063440945177
-17.269586372560514,-0.045483052536064848
-17.219597415017098,-0.045938402235766972
-17.169608468970289,-0.046395012338932624
-17.119619533534355,-0.046852782644648289
-17.069630607816407,-0.04731161295221336
-17.01964169091713,-0.047771403061141755
-16.969652781931568,-0.048232052771162402
-16.919663879949614,-0.048693461882222469
-16.869674984056413,-0.049155530194491218
-16.819686093333342,-0.049618157508358122
-16.769697206858417,-0.050081243624436264
-16.719708323706627,-0.050544688343566173
-16.669719442951163,-0.051008391466811527
-16.619730563663474,-0.051472252795465155
-16.569741684914028,-0.051936172131048709
-16.519752805773059,-0.052400049275312825
-16.469763925311046,-0.052863784030238808
-16.419775042599191,-0.053327276198041243
-16.369786156710301,-0.053790425581166354
-16.31979726671927,-0.054253131982294471
-16.269808371703434,-0.054715295204343456
-16.219819470743669,-0.055176815050465615
-16.16983056292457,-0.055637591324052889
-16.119841647335228,-0.056097523828737401
-16.069852723069804,-0.056556512368393146
-16.019863789228229,-0.057014456747137454
-15.969874844916532,-0.057471256769335684
-15.91988588924781,-0.057926812239600591
-15.869896921342594,-0.058381022962797263
-15.819907940329427,-0.058833788744046635
-15.769918945345582,-0.059285009388727848
-15.719929935537728,-0.059734584702481691
-15.669940910062275,-0.060182414491217209
-15.619951868086185,-0.060628398561114523
-15.569962808787652,-0.061072436718629233
-15.519973731356298,-0.061514428770501818
-15.469984634994322,-0.061954274523758748
-15.419995518916759,-0.062391873785722161
-15.370006382351967,-0.062827126364018188
-15.320017224542694,-0.06325993206658044
-15.270028044746349,-0.063690190701661459
-15.22003884223539,-0.064117802077843331
-15.17004961629851,-0.064542666004042279
-15.120060366240844,-0.06496468228952236
-15.070071091384573,-0.065383750743906691
-15.020081791069618,-0.065799771177187827
-14.970092464654433,-0.066212643399738938
-14.920103111516058,-0.066622267222331666
-14.87011373105133,-0.06702854245614466
-14.820124322677184,-0.067431368912781509
-14.770134885831169,-0.067830646404286474
-14.720145419972321,-0.068226274743159315
-14.670155924581611,-0.068618153742373733
-14.620166399162414,-0.069006183215396907
-14.570176843241388,-0.069390262976206457
-14.520187256369001,-0.069770292839311507
-14.470197638119863,-0.070146172619775973
-14.420207988093656,-0.070517802133238383
-14.370218305915753,-0.070885081195935146
-14.320228591237463,-0.071247909624727504
-14.27023884373695,-0.071606187237124932
-14.220249063119839,-0.071959813851311644
-14.170259249119525,-0.07230868928617655
-14.120269401498145,-0.072652713361339605
-14.070279520046986,-0.0729917858971834
-14.020289604586925,-0.0733258067148857
-13.970299654969512,-0.073654675636448674
-13.920309671077103,-0.073978292484736322
-13.87031965282349,-0.074296557083509129
-13.820329600155103,-0.074609369257457106
-13.770339513050667,-0.074916628832243565
-13.720349391522408,-0.075218235634540623
-13.6703592356169,-0.075514089492068559
-13.620369045414851,-0.075804090233642804
-13.570378821032255,-0.076088137689214089
-13.520388562621228,-0.076366131689912492
-13.470398270369909,-0.076637972068097832
-13.420407944503443,-0.076903558657405641
-13.37041758528499,-0.077162791292794658
-13.320427193015416,-0.077415569810602991
-13.270436768034493,-0.077661794048597646
-13.220446310721758,-0.077901363846027874
-13.17045582149632,-0.078134179043685331
-13.120465300818054,-0.078360139483958757
-13.070474749188133,-0.078579145010894136
-13.020484167149448,-0.078791095470256547
-12.970493555287199,-0.078995890709593383
-12.920502914229846,-0.07919343057829753
-12.870512244649275,-0.079383614927675886
-12.820521547261498,-0.079566343611017304
-12.770530822827713,-0.079741516483661248
-12.720540072154193,-0.079909033403072413
-12.670549296092645,-0.080068794228915663
-12.620558495546877,-0.080220698823113279
-12.570567671452517,-0.080364647049986027
-12.520576824882669,-0.080500565193823106
-12.470585957210716,-0.080628487755582567
-12.420595069876896,-0.080748476940664421
-12.370604164258378,-0.080860594953389334
-12.320613241738867,-0.080964903996806267
-12.270622303654704,-0.081061466272808358
-12.220631351316765,-0.081150343982070008
-12.170640386007605,-0.081231599324043224
-12.120649408981077,-0.081305294496948483
-12.070658421462666,-0.081371491697764947
-12.020667424650263,-0.081430253122220644
-11.970676419713667,-0.08148164096478562
-11.920685407795261,-0.081525717418663754
-11.870694390010241,-0.081562544675786233
-11.820703367446555,-0.081592184926805839
-11.770712341165437,-0.081614700361091447
-11.720721312201619,-0.081630153166723479
-11.670730281563248,-0.081638605530490183
-11.62073925023255,-0.081640119637884381
-11.570748219165802,-0.081634757673100994
-11.520757189293505,-0.0816225818190352
-11.470766161520926,-0.081603654257281319
-11.42077513672808,-0.081578037168132403
-11.370784115769853,-0.081545792730580158
-11.320793099476584,-0.081506983122316148
-11.270802088654166,-0.081461670519732965
-11.220811084083971,-0.081409917097926457
-11.170820086523591,-0.081351785030698467
-11.120829096706773,-0.08128733649056033
-11.070838115342687,-0.081216633648735242
-11.020847143120827,-0.081139738675169673
-10.970856180702286,-0.081056713738525549
-10.920865228728715,-0.080967621006198781
-10.870874287818356,-0.080872522644319642
-10.820883358567084,-0.080771480817760824
-10.770892441548387,-0.080664557690144703
-10.720901537314086,-0.080551815423852355
-10.670910646394136,-0.080433316180031383
-10.620919769297025,-0.080309122118605719
-10.570928906510078,-0.080179295398285541
-10.520938058499601,-0.08004389817657756
-10.470947225710995,-0.079902992609795595
-10.420956408569298,-0.079756640853072922
-10.370965607479176,-0.079604905060373848
-10.320974822825091,-0.079447847384505707
-10.270984054971834,-0.079285529977133243
-10.220993304264613,-0.079118014988791618
-10.171002571028943,-0.078945364568899418
-10.12101185557157,-0.078767640865775548
-10.071021158180109,-0.078584906026652482
-10.021030479123509,-0.078397222197692629
-9.9710398186522973,-0.078204651524004354
-9.9210491769988618,-0.078007256149659018
-9.8710585543774148,-0.077805098217706814
-9.8210679509845331,-0.077598239870195596
-9.771077366999366,-0.077386743248188783
-9.7210868025834394,-0.077170670491782015
-9.6710962578816257,-0.076950083740125186
-9.6211057330217393,-0.076725045131439101
-9.5711152281149445,-0.076495616803035987
-9.5211247432562303,-0.07626186089134078
-9.4711342785243229,-0.0760238395319104
-9.4211438339820912,-0.075781614859455587
-9.3711534096766709,-0.075535249007861793
-9.3211630056399137,-0.075284804110212322
-9.2711726218882422,-0.075030342298808547
-9.2211822584232692,-0.074771925705194697
-9.171191915231935,-0.074509616460180395
-9.1212015922864271,-0.074243476693862567
-9.0712112895447916,-0.073973568535651138
-9.0212210069511389,-0.073699954114293309
-8.9712307444355197,-0.073422695557896073
-8.9212405019145713,-0.073141854993953495
-8.8712502792916208,-0.072857494549371252
-8.82126007645663,-0.072569676350490706
-8.7712698932869326,-0.072278462523117759
-8.7212797296471667,-0.071983915192547446
-8.6712895853893386,-0.071686096483589604
-8.6212994603534714,-0.071385068520598352
-8.5713093543676475,-0.071080893427498182
-8.521319267248014,-0.070773633327810351
-8.4713291987993617,-0.070463350344682651
-8.421339148815262,-0.070150106600917361
-8.3713491170780863,-0.069833964218998179
-8.3213591033595087,-0.069514985321120909
-8.271369107420675,-0.069193232029221952
-8.2213791290122735,-0.06886876646500685
-8.1713891678749313,-0.068541650749980754
-8.1213992237394272,-0.068211947005478377
-8.0714092963268502,-0.067879717352693561
-8.0214193853489242,-0.067545023912710347
-7.9714294905081458,-0.067207928806532924
-7.9214396114979735,-0.066868494155116351
-7.8714497480033279,-0.066526782079399271
-7.8214598997006091,-0.066182854700334137
-7.7714700662577174,-0.065836774138917017
-7.7214802473348492,-0.065488602516223432
-7.6714904425842265,-0.065138401953436897
-7.6215006516505017,-0.064786234571882234
-7.5715108741710111,-0.064432162493058109
-7.5215211097761401,-0.064076247838670761
-7.4715313580891074,-0.063718552730663361
-7.4215416187267076,-0.063359139291252767
-7.3715518912993936,-0.062998069642961535
-7.3215621754111453,-0.06263540590864862
-7.2715724706602254,-0.062271210211546607
-7.2215827766392247,-0.061905544675294022
-7.1715930929350158,-0.061538471423967046
-7.1216034191294293,-0.061170052582116594
-7.0716137547992464,-0.060800350274800845
-7.0216240995163339,-0.060429426627618452
-6.9716344528480869,-0.060057343766744598
-6.9216448143576574,-0.059684163818965269
-6.8716551836039335,-0.059309948911710042
-6.8216655601420291,-0.05893476117308858
-6.7716759435234666,-0.058558662731925046
-6.721686333296252,-0.058181715717791779
-6.6716967290053253,-0.05780398226104589
-6.6217071301927017,-0.057425524492863603
-6.5717175363975144,-0.057046404545273897
-6.5217279471565925,-0.056666684551196396
-6.4717383620045323,-0.056286426644475251
-6.4217487804737878,-0.055905692959913537
-6.3717592020950944,-0.055524545633309913
-6.3217696263977148,-0.055143046801494261
-6.271780052909401,-0.054761258602361022
-6.2217904811570213,-0.054379243174907693
-6.1718009106665663,-0.053997062659268603
-6.1218113409631068,-0.053614779196748445
-6.0718217715718241,-0.05323245492986383
-6.0218322020173476,-0.052850152002372093
-5.9718426318243631,-0.052467932559309739
-5.9218530605182496,-0.052085858747031054
-5.8718634876244931,-0.051703992713237536
-5.8218739126694548,-0.051322396607017463
-5.7718843351807481,-0.050941132578882574
-5.7218947546869092,-0.050560262780799302
-5.6719051707178583,-0.050179849366226027
-5.6219155828057117,-0.049799954490152953
-5.571925990483992,-0.049420640309129682
-5.5219363932884713,-0.049041968981305327
-5.4719467907576496,-0.048664002666465624
-5.4219571824322506,-0.048286803526062627
-5.371967567855914,-0.047910433723253348
-5.3219779465756378,-0.047534955422936537
-5.2719883181414096,-0.047160430791783087
-5.2219986821029831,-0.046786921998245329
-5.1720090380294774,-0.046414491212628611
-5.1220193855555571,-0.046043188527460602
-5.072029724689723,-0.045673018691371664
-5.0220400554867695,-0.045303975814078773
-4.9720503780202243,-0.044936054004941488
-4.9220606923583503,-0.044569247372788626
-4.872070998569316,-0.044203550025961096
-4.8220812967206657,-0.043838956072312564
-4.7720915868794274,-0.043475459619214805
-4.7221018691126684,-0.043113054773566341
-4.6721121434867143,-0.042751735641791293
-4.6221224100675098,-0.042391496329846581
-4.5721326689209514,-0.042032330943228814
-4.5221429201122127,-0.041674233586974092
-4.4721531637061691,-0.041317198365665511
-4.4221633997675029,-0.04096121938343858
-4.3721736283603363,-0.040606290743983031
-4.3221838495483746,-0.040252406550548528
-4.2721940633952853,-0.039899560905951814
-4.2222042699639415,-0.03954774791257596
-4.1722144693172059,-0.039196961672380404
-4.1222246615174116,-0.038847196286901975
-4.0722348466264968,-0.038498445857260213
-4.0222450247061383,-0.038150704484163064
-3.972255195816571,-0.037803966267903048
-3.922265360021985,-0.037458225308399359
-3.8722755173796348,-0.037113475705126887
-3.82228566795097,-0.036769711557197958
-3.7722958117957246,-0.036426926963325827
-3.7223059489735921,-0.036085116021840967
-3.6723160795437466,-0.035744272830692217
-3.6223262035649828,-0.035404391487452329
-3.5723363210958916,-0.035065466089323746
-3.522346432194674,-0.034727490733141887
-3.4723565369191407,-0.034390459515379647
-3.4223666353268278,-0.034054366532152804
-3.3723767274749656,-0.033719205879224286
-3.3223868134203833,-0.033384971652008183
-3.2723968932195859,-0.0330516579455747
-3.2224069669289119,-0.032719258854655854
-3.1724170346041549,-0.032387768473647459
-3.1224270963009162,-0.03205718089661605
-3.0724371520744933,-0.031727490217302652
-3.0224472019797419,-0.031398690529126465
-2.9724572460713397,-0.031070775925191144
-2.9224672844036683,-0.030743740498288562
-2.8724773170305951,-0.030417578340901922
-2.8224873440059004,-0.030092283545213129
-2.7724973653830229,-0.029767850203105663
-2.7225073812149474,-0.029444272406168398
-2.6725173915545044,-0.029121544245702104
-2.6225273964542373,-0.028799659812723123
-2.5725373959662545,-0.028478613197966983
-2.5225473901424844,-0.028158398491894561
-2.4725573790345807,-0.02783900978469607
-2.4225673626937687,-0.027520441166294561
-2.3725773411710764,-0.027202686726352
-2.3225873145173468,-0.026885740554273861
-2.2725972827828937,-0.026569596739211509
-2.222607246017954,-0.026254249370069604
-2.1726172042724783,-0.0259396925355093
-2.1226271575958959,-0.025625920323951348
-2.0726371060376501,-0.025312926823584013
-2.0226470496468769,-0.025000706122365549
-1.9726569884722029,-0.024689252308027532
-1.9226669225621711,-0.024378559468082026
-1.8726768519651282,-0.024068621689825473
-1.8226867767289274,-0.02375943306034134
-1.7726966969013107,-0.023450987666507057
-1.722706612529842,-0.023143279594998158
-1.6727165236615402,-0.022836302932290525
-1.6227264303434303,-0.022530051764668355
-1.5727363326221857,-0.02222452017822649
-1.5227462305441499,-0.021919702258875091
-1.4727561241556051,-0.021615592092345842
-1.4227660135024354,-0.021312183764194401
-1.3727758986302065,-0.021009471359805455
-1.322785779584456,-0.020707448964399008
-1.2727956564103589,-0.020406110663032898
-1.2228055291528062,-0.020105450540607805
-1.1728153978564602,-0.019805462681872148
-1.1228252625659174,-0.019506141171427571
-1.0728351233252351,-0.019207480093730658
-1.0228449801785167,-0.018909473533100948
-0.97285483316954202,-0.018612115573723335
-0.92286468234172103,-0.018315400299652219
-0.87287452773843621,-0.018019321794818188
-0.82288436940276,-0.017723874143030793
-0.77289420737752779,-0.01742905142798359
-0.72290404170535527,-0.017134847733258674
-0.67291387242875611,-0.01684125714233202
-0.6229236995897649,-0.016548273738575738
-0.57293352323045588,-0.016255891605265638
-0.5229433433926356,-0.015964104825584018
-0.47295316011779071,-0.015672907482623823
-0.42296297344725092,-0.015382293659394183
-0.37297278342226847,-0.015092257438825385
-0.32298259008365454,-0.014802792903771286
-0.2729923934721743,-0.014513894137016132
-0.22300219362847401,-0.014225555221278687
-0.17301199059271316,-0.01393777023921461
-0.12302178440514777,-0.013650533273424369
-0.073031575105737101,-0.013363838406455488
-0.02304136273412094,-0.013077679720806947
0.02694885267008662,-0.012792051298935417
