# s,x,y,heading,curvature
0.000000000000000000e+00,4.748289921477616971e-01,3.785259625803857886e-01,-1.575528879811457506e+00,6.353721945837131381e-03
1.998846690007492211e-01,6.747036570341670147e-01,3.763429025580768417e-01,-1.576331065643370444e+00,7.120154210010212412e-03
3.997693380014984421e-01,8.745607467073031049e-01,3.743914635739450936e-01,-1.577078461813803179e+00,7.843105331849288889e-03
5.996540070022476909e-01,1.074456631802202855e+00,3.724988567995493605e-01,-1.576126581701434493e+00,7.979158447005082339e-03
7.995386760029968842e-01,1.274323858710761037e+00,3.706425533891116730e-01,-1.568270643458566704e+00,6.406699653619913476e-03
9.994233450037460775e-01,1.474203998810024396e+00,3.688342897784001040e-01,-1.566069533327900887e+00,6.344350043308872450e-03
1.199308014004495382e+00,1.674078273509750359e+00,3.670698764948762682e-01,-1.555883122483684211e+00,4.765148560014448309e-03
1.399192683005244575e+00,1.873761984813456349e+00,3.654405001063479319e-01,-1.552332514899325666e+00,4.765445350754073453e-03
1.599077352005993768e+00,2.074205383206776165e+00,3.677866833571460381e-01,-1.549618616198460419e+00,4.939097408867680963e-03
1.798962021006742962e+00,2.273255122834712871e+00,3.837610237913909317e-01,-1.546778686052642904e+00,5.051211862357568930e-03
1.998846690007492155e+00,2.472629310814533632e+00,3.879692224040448001e-01,-1.544053568982053370e+00,5.159434942007317705e-03
2.198731359008241348e+00,2.673068624155577666e+00,4.061471371575361422e-01,-1.541384020400750288e+00,5.251446634359746048e-03
2.398616028008990764e+00,2.871402304896546021e+00,4.112649607950392139e-01,-1.538832137337416750e+00,5.330932314871314817e-03
2.598500697009739735e+00,3.071358550925751274e+00,4.147949911288822955e-01,-1.538299882304127397e+00,4.985648633936081223e-03
2.798385366010489150e+00,3.271323350893646342e+00,4.186149943635298354e-01,-1.544651292644364737e+00,2.913898803326860163e-03
2.998270035011238122e+00,3.471141591833431406e+00,4.222506428182929428e-01,-1.545153201846756863e+00,2.257148959781831755e-03
3.198154704011987537e+00,3.671002911297101878e+00,4.258209783061332465e-01,-1.552675930814225058e+00,-3.965763647029420464e-04
3.398039373012736952e+00,3.870855495789435441e+00,4.292977247793620665e-01,-1.553726222862446660e+00,-1.389921384565923936e-03
3.597924042013485924e+00,4.070711790666156737e+00,4.326888905970934784e-01,-1.554010907801615549e+00,-2.173363804909554144e-03
3.797808711014235339e+00,4.270569074207787530e+00,4.359927670274967859e-01,-1.554479899578123492e+00,-2.988678075505706976e-03
3.997693380014984310e+00,4.470427839182439023e+00,4.392102516993610650e-01,-1.554903040899176858e+00,-3.774014603934922919e-03
4.197578049015733725e+00,4.670288028270957348e+00,4.423415051656099939e-01,-1.555337392197688517e+00,-4.545357860169792034e-03
4.397462718016482697e+00,4.870149333512021173e+00,4.453870946377757600e-01,-1.555767028989334166e+00,-5.287181002177297577e-03
4.597347387017231668e+00,5.070012209947938331e+00,4.483463813151927213e-01,-1.556195487162467472e+00,-5.522156123356344523e-03
4.797232056017981527e+00,5.269876352419931465e+00,4.512271330673703895e-01,-1.556621769502473329e+00,-4.034573915225739445e-03
4.997116725018730499e+00,5.469741254339407277e+00,4.540176334345682463e-01,-1.557046143873673349e+00,-4.009762979434249898e-03
5.197001394019479470e+00,5.669607580911411482e+00,4.567197386000228509e-01,-1.557468513191527570e+00,-2.228236580103484105e-03
5.396886063020229329e+00,5.869475202529233826e+00,4.593378374042165757e-01,-1.557888994417146122e+00,-2.065263157465193136e-03
5.596770732020978301e+00,6.069343811015269985e+00,4.618726700832440635e-01,-1.558307058293711522e+00,-2.093316268569814405e-03
5.796655401021727272e+00,6.269213434875863911e+00,4.643245635070458732e-01,-1.558726504610087993e+00,-2.074760304020860716e-03
5.996540070022476243e+00,6.469084059619308213e+00,4.666938724356070045e-01,-1.559140922180283884e+00,-2.067277973529318101e-03
6.196424739023226103e+00,6.668955635545287919e+00,4.689809518362353935e-01,-1.559554967428150141e+00,-2.055837328201521978e-03
6.396309408023975074e+00,6.868828151412024852e+00,4.711861391730033932e-01,-1.559968665828761925e+00,-2.045134388338713718e-03
6.596194077024724045e+00,7.068701487435711250e+00,4.733098463146399593e-01,-1.560375769281878267e+00,-2.036458668693984838e-03
6.796078746025473905e+00,7.268575861158537599e+00,4.753522522707619991e-01,-1.560780282076443815e+00,-2.027681740027386520e-03
6.995963415026222876e+00,7.468450986135617420e+00,4.773144590213057037e-01,-1.561183004765070326e+00,-2.020703685813402591e-03
7.195848084026971847e+00,7.668326347735226811e+00,4.791890010053754256e-01,-1.561583737439611985e+00,-2.015727371723875783e-03
7.395732753027720818e+00,7.868203053669622804e+00,4.809802307185945258e-01,-1.561982511715034105e+00,-2.012580398203974059e-03
7.595617422028470678e+00,8.068080771231116444e+00,4.827013774520496070e-01,-1.562379344390754765e+00,-2.011636870380452847e-03
7.795502091029219649e+00,8.267958551235510711e+00,4.843447534606090676e-01,-1.562774155110625562e+00,-2.012180062870943826e-03
7.995386760029968620e+00,8.467836994305928400e+00,4.859091199903092240e-01,-1.563167384368605806e+00,-2.016043207634732673e-03
8.195271429030718480e+00,8.667716157519350872e+00,4.873952326987545103e-01,-1.563555999475027436e+00,-2.022086440696619150e-03
8.395156098031467451e+00,8.867595862233144999e+00,4.888033643544194007e-01,-1.563942849194836837e+00,-2.030342236705443091e-03
8.595040767032216422e+00,9.067476093397198511e+00,4.901338943079573962e-01,-1.564336624500979545e+00,-2.042148194026945692e-03
8.794925436032965393e+00,9.267356873819302621e+00,4.913871606918490120e-01,-1.564727819371358075e+00,-2.058383724184485383e-03
8.994810105033714365e+00,9.467238091018185031e+00,4.925633866010860618e-01,-1.565124297621421467e+00,-2.077344387845382178e-03
9.194694774034463336e+00,9.667119909055394089e+00,4.936611735234452403e-01,-1.565526773161383112e+00,-2.099322103919611885e-03
9.394579443035214084e+00,9.867001625115152663e+00,4.946791664360783991e-01,-1.565934673751794071e+00,-2.125605689536919345e-03
9.594464112035963055e+00,1.006688424548464944e+01,4.956132324345092210e-01,-1.566348965693425521e+00,-2.156543989818513526e-03
9.794348781036712026e+00,1.026676760408588329e+01,4.964746899386099366e-01,-1.566770583526825300e+00,-2.192322655354881928e-03
9.994233450037460997e+00,1.046665033963765268e+01,4.972465691801067345e-01,-1.567200444765269429e+00,-2.233307554953117662e-03
1.019411811903820997e+01,1.066653370867723538e+01,4.979282064822611598e-01,-1.567638649005941076e+00,-2.281825283570777015e-03
1.039400278803895894e+01,1.086641762918372578e+01,4.985210188415473143e-01,-1.568085351547604089e+00,-2.339297098821688410e-03
1.059388745703970791e+01,1.106630166962660944e+01,4.990234520332984536e-01,-1.568539651598149343e+00,-2.405528047586975252e-03
1.079377212604045866e+01,1.126618591550259119e+01,4.994339767210110304e-01,-1.569009069064146722e+00,-2.484843294158438961e-03
1.099365679504120763e+01,1.146607033067381565e+01,4.997509825113489734e-01,-1.569487590672371091e+00,-2.573372356438832428e-03
1.119354146404195660e+01,1.166595487709995815e+01,4.999728712836710165e-01,-1.569976183516970547e+00,-2.664410589879303258e-03
1.139342613304270557e+01,1.186583949484234957e+01,5.000979796992511828e-01,-1.570480031508618035e+00,-2.751699383420770639e-03
1.159331080204345454e+01,1.206572418882284126e+01,5.001239726140167541e-01,-1.571000546022563338e+00,-2.823497855774840214e-03
1.179319547104420352e+01,1.226560876494100860e+01,5.000471380597022453e-01,-1.571538388876794645e+00,-2.898315532692242145e-03
1.199308014004495249e+01,1.246549342000243144e+01,4.998625288161705482e-01,-1.572095463196579335e+00,-2.970236220880678995e-03
1.219296480904570323e+01,1.266537799807868048e+01,4.995675455573936885e-01,-1.572678037305509147e+00,-3.031474387370510382e-03
1.239284947804645221e+01,1.286526206267908989e+01,4.991532439349489203e-01,-1.573294641720684561e+00,-3.202732467374621878e-03
1.259273414704720118e+01,1.306514592382176332e+01,4.986152495978055654e-01,-1.573953188052258367e+00,-3.240829917074743161e-03
1.279261881604795015e+01,1.326502974906734877e+01,4.979507102322304202e-01,-1.574661460958789894e+00,-5.462783132618862642e-03
1.299250348504869912e+01,1.346491328005695109e+01,4.971542114136532908e-01,-1.575411851255070550e+00,-7.521533745367568399e-03
1.319238815404944809e+01,1.366479588366091669e+01,4.962116267132661851e-01,-1.576178269738185422e+00,-8.417583773584293161e-03
1.339227282305019706e+01,1.386467758326448241e+01,4.951042422791087083e-01,-1.576935124160686597e+00,-7.676856422073987871e-03
1.359215749205094781e+01,1.406455772506277668e+01,4.938139115019858361e-01,-1.577636444379943104e+00,-6.488295266140072480e-03
1.379204216105169678e+01,1.426443467507365703e+01,4.923213692743068637e-01,-1.578357160345063681e+00,-5.581666112672419022e-03
1.399192683005244575e+01,1.446431139552307066e+01,4.906368700470205013e-01,-1.579074538442564846e+00,-4.868206409598709039e-03
1.419181149905319472e+01,1.466418539774805474e+01,4.888099743120877250e-01,-1.579757554096017147e+00,-4.259637326278708190e-03
1.439169616805394369e+01,1.486406439561580939e+01,4.868828473024451320e-01,-1.580888893930386674e+00,-3.498846131878688859e-03
1.459158083705469267e+01,1.506394970523259502e+01,4.849429834737989387e-01,-1.581495495903393556e+00,-2.783922098699796906e-03
1.479146550605544164e+01,1.526379493681312205e+01,4.828380913637009275e-01,-1.590847601029874658e+00,1.757304867361617648e-04
1.499135017505619238e+01,1.546375543110668360e+01,4.806069950483616293e-01,-1.599556376333786334e+00,3.016658424102604350e-03
1.519123484405694136e+01,1.566343033922909811e+01,4.783009296313817105e-01,-1.603627102444350028e+00,4.712398322326210448e-03
1.539111951305769033e+01,1.586376161823825903e+01,4.749276673806204219e-01,-1.601169749606468740e+00,4.745135671002109930e-03
1.559100418205843930e+01,1.606312208043471657e+01,4.724301175333006086e-01,-1.596938761055594069e+00,4.175328533463337592e-03
1.579088885105918827e+01,1.625968213000284734e+01,4.523087528396687595e-01,-1.593852178544879150e+00,3.668647540142162908e-03
1.599077352005993724e+01,1.646040917387774982e+01,4.332131656944140929e-01,-1.591557059732778612e+00,2.914627819847253817e-03
1.619065818906068799e+01,1.666079032413561833e+01,4.232363244858049489e-01,-1.589706761246038269e+00,1.680583139955751882e-03
1.639054285806143696e+01,1.686112754042722273e+01,4.262065440063710353e-01,-1.587281955739787032e+00,-1.110720829181847686e-03
1.659042752706218593e+01,1.706064894638397078e+01,4.327325102682548774e-01,-1.585082454996707968e+00,-3.140847914024043949e-03
1.679031219606293490e+01,1.726008137017727506e+01,4.368038501739895385e-01,-1.573958944355297929e+00,-2.511661460489780957e-03
1.699019686506368387e+01,1.745994283959913318e+01,4.391587263499988625e-01,-1.563352175843269132e+00,-2.093264314322601863e-03
1.719008153406443284e+01,1.765983054729911572e+01,4.405436335244021229e-01,-1.557339546161028210e+00,-3.223699090320776041e-03
1.738996620306518182e+01,1.785973732020202220e+01,4.420197713293136932e-01,-1.557965526701448500e+00,-6.590369053160875443e-03
1.758985087206593079e+01,1.805963668455424198e+01,4.439057133675520794e-01,-1.560944761142329051e+00,-1.099777776394602648e-02
1.778973554106667976e+01,1.825950889720580150e+01,4.459840445010444521e-01,-1.563691032360229105e+00,-1.559431489942136873e-02
1.798962021006742873e+01,1.845937986956958454e+01,4.480940801792330230e-01,-1.567422750101953977e+00,-2.019003824863553967e-02
1.818950487906817770e+01,1.865928015357605929e+01,4.501311871574433798e-01,-1.573039098002851244e+00,-2.485560957580390876e-02
1.838938954806892667e+01,1.885916125415980105e+01,4.518443220936249061e-01,-1.585329215236251699e+00,-2.904194681379057216e-02
1.858927421706967920e+01,1.905908935582864316e+01,4.524209141105864362e-01,-1.594051642816921355e+00,-3.535149667742443907e-02
1.878915888607042817e+01,1.925885879781809962e+01,4.510059913069037196e-01,-1.600888453423313429e+00,-4.599381961878285657e-02
1.898904355507117714e+01,1.945874625075761699e+01,4.459018685329548259e-01,-1.607924605225775405e+00,-5.649974371368737119e-02
1.918892822407192611e+01,1.965734652413618377e+01,4.360636546926546786e-01,-1.616514462956885723e+00,-6.465986342989298030e-02
1.938881289307267508e+01,1.985613705390197126e+01,4.130042739484485192e-01,-1.627516024342145595e+00,-7.139916185652317449e-02
1.958869756207342405e+01,2.005630744938091325e+01,3.974641314180155649e-01,-1.640904504417397103e+00,-7.877102581926914704e-02
1.978858223107417302e+01,2.025568403721146638e+01,3.858967512497200048e-01,-1.656193467984165002e+00,-8.669854348360113427e-02
1.998846690007492199e+01,2.045525022916991276e+01,3.739567803117628264e-01,-1.672270641981598249e+00,-9.490766256528114508e-02
2.018835156907567097e+01,2.065452619056591388e+01,3.588486502947930146e-01,-1.689071867103466573e+00,-1.035380146606121737e-01
2.038823623807641994e+01,2.085332832085444466e+01,3.386143181703151206e-01,-1.703382754260024834e+00,-1.105152406013076849e-01
2.058812090707716891e+01,2.105144212475183707e+01,3.125113914164971973e-01,-1.726406899237669323e+00,-1.186271577519481119e-01
2.078800557607791788e+01,2.124877629630317699e+01,2.806584279832346485e-01,-1.757828132566909396e+00,-1.275818244289261827e-01
2.098789024507866685e+01,2.144525688265936836e+01,2.436273092998375023e-01,-1.789220827260020297e+00,-1.378151605061709584e-01
2.118777491407941582e+01,2.164042771751813987e+01,2.004137854482889725e-01,-1.815829854147384292e+00,-1.496597793492346340e-01
2.138765958308016835e+01,2.183352049944327433e+01,1.492829197343381875e-01,-1.843397483393889758e+00,-1.614409057660773084e-01
2.158754425208091732e+01,2.202360159960413810e+01,8.883723438127262562e-02,-1.875847169597010922e+00,-1.717731694657909369e-01
2.178742892108166629e+01,2.221103984879224669e+01,1.585816650138745926e-02,-1.910285225701562783e+00,-1.819253743486060337e-01
2.198731359008241526e+01,2.239719157985711107e+01,-5.708762855549145976e-02,-1.946834484451874570e+00,-1.912718141104819414e-01
2.218719825908316423e+01,2.258434596024226693e+01,-1.237187891138833151e-01,-1.986952333791475178e+00,-1.995162595046480747e-01
2.238708292808391320e+01,2.277046381175612311e+01,-1.973411379058806481e-01,-2.027135260978862874e+00,-2.083968008592715915e-01
2.258696759708466217e+01,2.295044713676114867e+01,-2.854456155651839966e-01,-2.068286646051877398e+00,-2.148523494480321649e-01
2.278685226608541115e+01,2.312510756213643148e+01,-3.819903373187469864e-01,-2.110921468353065489e+00,-2.179456461886282170e-01
2.298673693508616012e+01,2.329544194942972979e+01,-4.868740047170669327e-01,-2.158867360046997419e+00,-2.198281871598376791e-01
2.318662160408690909e+01,2.345826317829093455e+01,-6.030146542630138162e-01,-2.214808372115824042e+00,-2.214966070276288279e-01
2.338650627308765806e+01,2.361557548755561697e+01,-7.255229891144855392e-01,-2.272907264586815579e+00,-2.208514986225491306e-01
2.358639094208840703e+01,2.376603923803233442e+01,-8.573904911584616650e-01,-2.327600966854981301e+00,-2.175275370179749201e-01
2.378627561108915600e+01,2.390619595177991386e+01,-1.000556996908529284e+00,-2.383475332674334979e+00,-2.124531616613776763e-01
2.398616028008990497e+01,2.403696574510391315e+01,-1.150432492825918196e+00,-2.436916707034528340e+00,-2.064931294599137990e-01
2.418604494909065750e+01,2.416065770313528560e+01,-1.307211508887142326e+00,-2.486676696930550268e+00,-1.985244268510098498e-01
2.438592961809140647e+01,2.427559869464486297e+01,-1.470539785570110336e+00,-2.536489265471436383e+00,-1.888169211489059418e-01
2.458581428709215544e+01,2.438384022795801442e+01,-1.639124765965769503e+00,-2.585320714306734047e+00,-1.771669012449054448e-01
2.478569895609290441e+01,2.448077796645477378e+01,-1.813722296857014138e+00,-2.629107999538276896e+00,-1.636964499686288654e-01
2.498558362509365338e+01,2.457373445073363172e+01,-1.990193357799614482e+00,-2.668026515809598820e+00,-1.474278611804876460e-01
2.518546829409440235e+01,2.466173438786045224e+01,-2.170053841735972266e+00,-2.701305373757517003e+00,-1.278467764838705500e-01
2.538535296309515132e+01,2.474163672817108406e+01,-2.353590522414895414e+00,-2.726294057403642501e+00,-1.069106681222229682e-01
2.558523763209590030e+01,2.481249827432267452e+01,-2.540427765704567076e+00,-2.745455564304733365e+00,-8.590545528708269651e-02
2.578512230109664927e+01,2.487864516893863964e+01,-2.728970528955774633e+00,-2.759607823638505320e+00,-6.302695973264560436e-02
2.598500697009739824e+01,2.494287240500685598e+01,-2.918191960404476148e+00,-2.772330701112348805e+00,-3.938951298262571149e-02
2.618489163909814721e+01,2.500861237830737949e+01,-3.107037309103907408e+00,-2.780592120785025934e+00,-1.590785753969981356e-02
2.638477630809889618e+01,2.507961082216087334e+01,-3.293922585450173468e+00,-2.781967416690655170e+00,7.947829649718544595e-03
2.658466097709964515e+01,2.515366938610094394e+01,-3.479732808793979171e+00,-2.776545594316404131e+00,3.189790901506972531e-02
2.678454564610039412e+01,2.522499787453313758e+01,-3.666324305478639189e+00,-2.765329682724606997e+00,5.460005096426928661e-02
2.698443031510114309e+01,2.529490034303141854e+01,-3.853602132481728670e+00,-2.748238744718000781e+00,7.557741774661000389e-02
2.718431498410189562e+01,2.536770858064066658e+01,-4.039958428891988973e+00,-2.725900584121649040e+00,9.425465916084201090e-02
2.738419965310264459e+01,2.544500508459465848e+01,-4.224375169558842735e+00,-2.700303334792005572e+00,1.096845087652235790e-01
2.758408432210339356e+01,2.552585033442746365e+01,-4.406981600704472868e+00,-2.671024636763325244e+00,1.225537617699080650e-01
2.778396899110414253e+01,2.561266353961437758e+01,-4.586840574169860574e+00,-2.635437792360003417e+00,1.331339629356323440e-01
2.798385366010489150e+01,2.570809100784780554e+01,-4.762176860978813764e+00,-2.594383902327185520e+00,1.423603523724360775e-01
2.818373832910564047e+01,2.581406800945166324e+01,-4.931748576931027195e+00,-2.550271433707229640e+00,1.496164074471344474e-01
2.838362299810638945e+01,2.593015116354675698e+01,-5.094554590744390765e+00,-2.504716279495269760e+00,1.545788803344047835e-01
2.858350766710713842e+01,2.605462621246003252e+01,-5.250896630010354116e+00,-2.457802654600869552e+00,1.574411315200596462e-01
2.878339233610788739e+01,2.618659627427739878e+01,-5.401055372716098368e+00,-2.410833737249936881e+00,1.581967651504030126e-01
2.898327700510863636e+01,2.632536306685459948e+01,-5.544905726235785259e+00,-2.365891173205349141e+00,1.566104737043545192e-01
2.918316167410938533e+01,2.647050347025859196e+01,-5.682315437540489178e+00,-2.324504146794650339e+00,1.529684594933772845e-01
2.938304634311013430e+01,2.662079215165728385e+01,-5.813921284110842969e+00,-2.287809022822712812e+00,1.482821861224585813e-01
2.958293101211088327e+01,2.677553737919373944e+01,-5.940435743535919855e+00,-2.255523202181238585e+00,1.427379416057250605e-01
2.978281568111163224e+01,2.693451995725180836e+01,-6.061657358506115756e+00,-2.227379061355567735e+00,1.356448478507798761e-01
2.998270035011238477e+01,2.709697125742240686e+01,-6.178256772594666657e+00,-2.203217662856460368e+00,1.270889552712904103e-01
3.018258501911313374e+01,2.726212001805608054e+01,-6.290812331407067859e+00,-2.182471599191991629e+00,1.175102447435539960e-01
3.038246968811388271e+01,2.742867156401411322e+01,-6.400959302129463069e+00,-2.164008450087676394e+00,1.071028577649565661e-01
3.058235435711463168e+01,2.759630023439584434e+01,-6.509687911808189398e+00,-2.147144225096592862e+00,9.576976729096628449e-02
3.078223902611538065e+01,2.776469302869083222e+01,-6.617205786493204123e+00,-2.132907521943055329e+00,8.420736412455789854e-02
3.098212369511612962e+01,2.793386061256935449e+01,-6.723660715081369865e+00,-2.122158090749091564e+00,7.339710003945332240e-02
3.118200836411687860e+01,2.810435236557493610e+01,-6.828322230194364906e+00,-2.114379586253884558e+00,6.354275392506139597e-02
3.138189303311762757e+01,2.827654965521321984e+01,-6.930262502073618158e+00,-2.107516620956103370e+00,5.453410064338785196e-02
3.158177770211837654e+01,2.845034580786736456e+01,-7.028996130297728406e+00,-2.100402112529152987e+00,4.629380334405461261e-02
3.178166237111912551e+01,2.862468424357709296e+01,-7.126282497495127544e+00,-2.093171282073801098e+00,3.894395825626877777e-02
3.198154704011987448e+01,2.879867151549820292e+01,-7.224769126276173736e+00,-2.086321227166127557e+00,3.206148016545166957e-02
3.218143170912062345e+01,2.897239470994108501e+01,-7.324349986960992709e+00,-2.080501506211983376e+00,2.520431108062592268e-02
3.238131637812137598e+01,2.914638099618309397e+01,-7.422962400810599881e+00,-2.076551894027616196e+00,1.772328212537788508e-02
3.258120104712212139e+01,2.932126946629816544e+01,-7.519463488685371289e+00,-2.074944489896198174e+00,9.401360296791193283e-03
3.278108571612287392e+01,2.949706987182116080e+01,-7.614569193774979539e+00,-2.074198515140680321e+00,5.084892670698960273e-04
3.298097038512361934e+01,2.967316372237436184e+01,-7.709210417822714767e+00,-2.072472072265329146e+00,-9.094887393715686205e-03
3.318085505412437186e+01,2.984930169637283370e+01,-7.803699549811566882e+00,-2.070479700080511076e+00,-1.920072227868598047e-02
3.338073972312511728e+01,3.002536748907691688e+01,-7.898756840454997707e+00,-2.069798409695570385e+00,-3.004654987940834354e-02
3.358062439212586980e+01,3.020088165926320656e+01,-7.994768373442806997e+00,-2.070454771016995821e+00,-4.176752732879585039e-02
3.378050906112661522e+01,3.037591227158618423e+01,-8.090733318380518568e+00,-2.071693057242902203e+00,-5.460616563913804622e-02
3.398039373012736775e+01,3.055133159629818707e+01,-8.186068743149839122e+00,-2.075045695845552540e+00,-6.778787169629428566e-02
3.418027839912812027e+01,3.072692428483637528e+01,-8.282132659808105757e+00,-2.081712491637135010e+00,-8.063932086300842905e-02
3.438016306812886569e+01,3.090168442976716179e+01,-8.379615855349403120e+00,-2.093156202462915338e+00,-9.228706297008043569e-02
3.458004773712961821e+01,3.107557956552867751e+01,-8.477069586696032388e+00,-2.109560469274974981e+00,-1.026407507411208342e-01
3.477993240613036363e+01,3.124994811119419325e+01,-8.574212916271712004e+00,-2.130874737766281335e+00,-1.122794367371527519e-01
3.497981707513111616e+01,3.142283797468384421e+01,-8.674738304052809212e+00,-2.158516661874930520e+00,-1.212546838344966821e-01
3.517970174413186157e+01,3.159236667159310485e+01,-8.780795798494773763e+00,-2.191138186598893700e+00,-1.294803738542487648e-01
3.537958641313261410e+01,3.175634068423161693e+01,-8.895277386177989243e+00,-2.227633514501304202e+00,-1.372991741192476078e-01
3.557947108213335952e+01,3.191362468378760298e+01,-9.018562135142605740e+00,-2.267375880031075042e+00,-1.454502635163187896e-01
3.577935575113411204e+01,3.206455100127821112e+01,-9.149609046672896540e+00,-2.311469988957385091e+00,-1.537518020420672316e-01
3.597924042013485746e+01,3.220745814697341558e+01,-9.289477999518656048e+00,-2.357316353091708283e+00,-1.618317490917210444e-01
3.617912508913560998e+01,3.234285542042158568e+01,-9.436594627862927354e+00,-2.402872785394936539e+00,-1.693392054506555333e-01
3.637900975813635540e+01,3.247107962734460784e+01,-9.589697094353969220e+00,-2.445487274724132298e+00,-1.759705313805511873e-01
3.657889442713710793e+01,3.259404514155824018e+01,-9.747202376502286825e+00,-2.485270739653745231e+00,-1.815566771076535246e-01
3.677877909613785334e+01,3.271074289747939901e+01,-9.909855000308851913e+00,-2.523057276096606572e+00,-1.857877808029803901e-01
3.697866376513860587e+01,3.282136315780780222e+01,-1.007640491978491681e+01,-2.557211119126306720e+00,-1.889630985706003685e-01
3.717854843413935839e+01,3.292675221440799760e+01,-1.024595427610734966e+01,-2.588102533479506917e+00,-1.916800149003290987e-01
3.737843310314010381e+01,3.302847071938796120e+01,-1.041759689288720558e+01,-2.618678409153611497e+00,-1.935942483304320949e-01
3.757831777214085633e+01,3.312582502803239493e+01,-1.059238203298914094e+01,-2.651920326597618782e+00,-1.944996006975182323e-01
3.777820244114160175e+01,3.321773654079354543e+01,-1.076993387041283334e+01,-2.686345618431849047e+00,-1.931924732960361990e-01
3.797808711014235428e+01,3.330531487087371545e+01,-1.094925380145386384e+01,-2.721999407865772103e+00,-1.905824806350092937e-01
3.817797177914309970e+01,3.338932395774212125e+01,-1.113013527430213934e+01,-2.758678712244217124e+00,-1.884617410779571289e-01
3.837785644814385222e+01,3.346586758206291989e+01,-1.131544746187955042e+01,-2.796632430840664263e+00,-1.872552232380776394e-01
3.857774111714459764e+01,3.353081757482025438e+01,-1.150485691256202792e+01,-2.835368395445758694e+00,-1.868768866980809740e-01
3.877762578614535016e+01,3.358564862946895602e+01,-1.169704387801269618e+01,-2.873597319170031472e+00,-1.871960495032018168e-01
3.897751045514609558e+01,3.363116346386075151e+01,-1.189175566388632355e+01,-2.913933190097737658e+00,-1.881336864619405913e-01
3.917739512414684810e+01,3.366865046922374916e+01,-1.208782764943364896e+01,-2.957416113247113287e+00,-1.892340241237829568e-01
3.937727979314759352e+01,3.369962695614631087e+01,-1.228540828503418503e+01,-3.001563959460848530e+00,-1.900170026796417222e-01
3.957716446214834605e+01,3.372372070330638394e+01,-1.248344353207358282e+01,-3.044925646155101973e+00,-1.894755145025350529e-01
3.977704913114909147e+01,3.374279094526766443e+01,-1.268199603130762476e+01,-3.083794260521669717e+00,-1.890340382423818244e-01
3.997693380014984399e+01,3.375309004874479513e+01,-1.288201961304107890e+01,-3.119206674273119262e+00,-1.886102929215310031e-01
4.017681846915059651e+01,3.375292493821786621e+01,-1.308196049848946885e+01,3.126900267091202501e+00,-1.872612148457254988e-01
4.037670313815134193e+01,3.374305795485147996e+01,-1.328201782989750335e+01,3.089109066143362448e+00,-1.854316584725060335e-01
4.057658780715209446e+01,3.372244040518400965e+01,-1.348097668113599745e+01,3.050838074695111590e+00,-1.833537869370671924e-01
4.077647247615283987e+01,3.370033128793345867e+01,-1.367901809730874518e+01,3.011775623219071996e+00,-1.815142453213730578e-01
4.097635714515359240e+01,3.367562057637356787e+01,-1.387735948049728663e+01,2.973873395126565011e+00,-1.793064847001057949e-01
4.117624181415433782e+01,3.363946433127576086e+01,-1.407416511885225496e+01,2.938583168186837291e+00,-1.766752117583922643e-01
4.137612648315509034e+01,3.359542462516144923e+01,-1.426901196826185725e+01,2.904877184323280570e+00,-1.739827797850252711e-01
4.157601115215583576e+01,3.354365258219510793e+01,-1.446211481224810314e+01,2.873799970580250829e+00,-1.716295927881870964e-01
4.177589582115658828e+01,3.348542885399931635e+01,-1.465334551773577410e+01,2.841139565468667527e+00,-1.705670906861750380e-01
4.197578049015733370e+01,3.342117341363478999e+01,-1.484242977731558000e+01,2.807179779898723471e+00,-1.704667272773205122e-01
4.217566515915808623e+01,3.335194485276324627e+01,-1.502993046352023931e+01,2.775893676013048150e+00,-1.698401561845520047e-01
4.237554982815883164e+01,3.327667221279659771e+01,-1.521531708211022504e+01,2.745253962818186011e+00,-1.687841054914956673e-01
4.257543449715958417e+01,3.319638136171826659e+01,-1.539821888333602828e+01,2.714824691494835740e+00,-1.672243809206939991e-01
4.277531916616033669e+01,3.311163682185239310e+01,-1.557905752708727576e+01,2.683949691109885016e+00,-1.649871696414738353e-01
4.297520383516108211e+01,3.302224741317890988e+01,-1.575777040001522877e+01,2.652439770202477121e+00,-1.625746833282092629e-01
4.317508850416183463e+01,3.292738093033333513e+01,-1.593376305088613343e+01,2.619475869473201879e+00,-1.603530419483901737e-01
4.337497317316258005e+01,3.282650890794663212e+01,-1.610639537607516658e+01,2.586091540735536487e+00,-1.580363686038388227e-01
4.357485784216333258e+01,3.271925341820143984e+01,-1.627511689536003558e+01,2.552137174120480800e+00,-1.558851814173204675e-01
4.377474251116407800e+01,3.260568392242711155e+01,-1.643956954734049347e+01,2.517516117373379103e+00,-1.529304991209325393e-01
4.397462718016483052e+01,3.248584626221052929e+01,-1.659957095363336776e+01,2.482504925757102576e+00,-1.495132490299138084e-01
4.417451184916557594e+01,3.235961695022435691e+01,-1.675459043733031805e+01,2.447931399051508805e+00,-1.467543097172464839e-01
4.437439651816632846e+01,3.222793014580752669e+01,-1.690492925881342501e+01,2.414361964968259056e+00,-1.437239050835275034e-01
4.457428118716707388e+01,3.209123305297081430e+01,-1.705073434952903000e+01,2.382326274111350006e+00,-1.400426687722987340e-01
4.477416585616782640e+01,3.195002549563999139e+01,-1.719222463480761576e+01,2.352207507355942528e+00,-1.359769915751667668e-01
4.497405052516857182e+01,3.180471570323012287e+01,-1.732950067985626674e+01,2.323949659827351244e+00,-1.318249176172470727e-01
4.517393519416932435e+01,3.165587071063878355e+01,-1.746292108344302818e+01,2.297540873924492466e+00,-1.273939011470530125e-01
4.537381986317006977e+01,3.150378557686380887e+01,-1.759269713139562086e+01,2.273096239754107017e+00,-1.230827156864999772e-01
4.557370453217082229e+01,3.134894192392935253e+01,-1.771898465776538600e+01,2.250618812785793565e+00,-1.187844364637340583e-01
4.577358920117157481e+01,3.119178290096936479e+01,-1.784224088364780414e+01,2.229770321530527788e+00,-1.141462836466971831e-01
4.597347387017232023e+01,3.103193160772687165e+01,-1.796262154800518474e+01,2.209471654027304943e+00,-1.088890604017981739e-01
4.617335853917307276e+01,3.086955029515993587e+01,-1.807936678130562669e+01,2.189214943567742822e+00,-1.033225472576129456e-01
4.637324320817381818e+01,3.070551434257138723e+01,-1.819323953625883306e+01,2.170689858915865855e+00,-9.833770375500419658e-02
4.657312787717457070e+01,3.053997310593885572e+01,-1.830472297265719561e+01,2.154977041624185574e+00,-9.435213007344160629e-02
4.677301254617531612e+01,3.037266207882025171e+01,-1.841383299611815261e+01,2.140355372055488203e+00,-9.085562911030806155e-02
4.697289721517606864e+01,3.020220059757836495e+01,-1.851934707369364119e+01,2.125444169722987553e+00,-8.739673289768368214e-02
4.717278188417681406e+01,3.002923999957673118e+01,-1.862030842049826518e+01,2.110194114203345350e+00,-8.395747420799343219e-02
4.737266655317756658e+01,2.985630950726605803e+01,-1.871953867063123411e+01,2.094044583041348773e+00,-8.069945627942703981e-02
4.757255122217831200e+01,2.968369481866112025e+01,-1.881997970713398516e+01,2.077273418820601236e+00,-7.785324052745022649e-02
4.777243589117906453e+01,2.951015697998921894e+01,-1.891906434239214008e+01,2.061194274885664868e+00,-7.568252848938421262e-02
4.797232056017980995e+01,2.933431843099738145e+01,-1.901432430436933885e+01,2.047199849832782803e+00,-7.374063979387625312e-02
4.817220522918056247e+01,2.915609263318699007e+01,-1.910506193636993189e+01,2.034879535873463929e+00,-7.214552584854064254e-02
4.837208989818131499e+01,2.897554494279141934e+01,-1.919122948146333485e+01,2.021237977661003882e+00,-7.126441285184385854e-02
4.857197456718206041e+01,2.879344497094860245e+01,-1.927359658326319902e+01,2.005135388326439561e+00,-7.032891635281683651e-02
4.877185923618281294e+01,2.861100207215267943e+01,-1.935438225309587423e+01,1.988994560324567118e+00,-6.973392002697761938e-02
4.897174390518355835e+01,2.842835609070139924e+01,-1.943473619162269372e+01,1.974564319287343217e+00,-7.018158701090344842e-02
4.917162857418431088e+01,2.824446366351383730e+01,-1.951366861118623319e+01,1.961904635080418124e+00,-7.112709665591609998e-02
4.937151324318505630e+01,2.805877575899070919e+01,-1.958882579093454979e+01,1.950484557615032699e+00,-7.175083386411013064e-02
4.957139791218580882e+01,2.787214394107707705e+01,-1.966032779521518137e+01,1.939385428516491316e+00,-7.185966378455052594e-02
4.977128258118655424e+01,2.768512892296834949e+01,-1.973013089031974587e+01,1.927214778405721418e+00,-7.151742519296880318e-02
4.997116725018730676e+01,2.749765362082067099e+01,-1.979902440043408518e+01,1.914679186485256146e+00,-7.082985606914657395e-02
5.017105191918805218e+01,2.730948697850483597e+01,-1.986651177434474036e+01,1.900799252485332325e+00,-6.929986691548037370e-02
5.037093658818880471e+01,2.712034597217324361e+01,-1.993154896930111519e+01,1.885796587427394755e+00,-6.646392673869895573e-02
5.057082125718955012e+01,2.693002198892221699e+01,-1.999332674841789981e+01,1.873823598296902482e+00,-6.341358438834369948e-02
5.077070592619030265e+01,2.673897896070175406e+01,-2.005137270021480944e+01,1.861580541601145278e+00,-6.057932228719235812e-02
5.097059059519104807e+01,2.654745396524625178e+01,-2.010830911737232185e+01,1.844879703930553561e+00,-5.794063343908546770e-02
5.117047526419180059e+01,2.635420342265315341e+01,-2.016113592894171447e+01,1.825849790762303471e+00,-5.567493310948092022e-02
5.137035993319255311e+01,2.616006967524633353e+01,-2.020751865965337757e+01,1.807206749492240583e+00,-5.368932923893381115e-02
5.157024460219329853e+01,2.596653705562487602e+01,-2.025612782498393472e+01,1.790000516619000948e+00,-5.183337809177205463e-02
5.177012927119405106e+01,2.577184387791750808e+01,-2.030271403466126756e+01,1.775289537636016490e+00,-4.994226245092835137e-02
5.197001394019479648e+01,2.557524470837997299e+01,-2.033952750184891300e+01,1.764043803117741227e+00,-4.874370509428930381e-02
5.216989860919554900e+01,2.537773451330511776e+01,-2.037018120573284108e+01,1.757839916669528435e+00,-4.796173238428315388e-02
5.236978327819629442e+01,2.518001289316583780e+01,-2.039900524790986935e+01,1.755535577727906471e+00,-4.710329742157230715e-02
5.256966794719704694e+01,2.498204042496478294e+01,-2.042730580467437562e+01,1.751627321814136273e+00,-4.703816679582259463e-02
5.276955261619779236e+01,2.478451266638794337e+01,-2.045671371513067527e+01,1.746817004651264327e+00,-4.666479174763963483e-02
5.296943728519854488e+01,2.458821499323427417e+01,-2.049171169924472480e+01,1.742935432554036268e+00,-4.456154112641524251e-02
5.316932195419929030e+01,2.439241581823519311e+01,-2.053241563524416691e+01,1.739333323555869448e+00,-4.149592175874517591e-02
5.336920662320004283e+01,2.419661564279213550e+01,-2.057442926205537503e+01,1.735851081539101948e+00,-3.818697405444800713e-02
5.356909129220078825e+01,2.400064132936907413e+01,-2.061554894452042319e+01,1.732171476055200721e+00,-3.465722584190417122e-02
5.376897596120154077e+01,2.380427505018181478e+01,-2.065266856727004452e+01,1.727560926422674115e+00,-3.095793644609556167e-02
5.396886063020228619e+01,2.360697397918463381e+01,-2.068173060053235446e+01,1.719816799312413380e+00,-2.761877961931324607e-02
5.416874529920303871e+01,2.340851233057438563e+01,-2.070524650076922768e+01,1.709062952438633154e+00,-2.609875024174003119e-02
5.436862996820379124e+01,2.320971692903521344e+01,-2.072719771568711167e+01,1.697492047148298155e+00,-2.645723682755629635e-02
5.456851463720453665e+01,2.301093069938119129e+01,-2.074818421068092533e+01,1.685779430289201741e+00,-2.688841698234898867e-02
5.476839930620528918e+01,2.281208313973741042e+01,-2.076847892533374562e+01,1.675029012551828345e+00,-2.721168520438757912e-02
5.496828397520603460e+01,2.261316346165105884e+01,-2.078823302791607119e+01,1.666736325966217791e+00,-2.755735036056800036e-02
5.516816864420678712e+01,2.241414840231347938e+01,-2.080770050285516959e+01,1.659961819049748044e+00,-2.777824466829658528e-02
5.536805331320753254e+01,2.221510019642100886e+01,-2.082683073612960456e+01,1.654546936111970012e+00,-2.826258427781775523e-02
5.556793798220828506e+01,2.201597935510415027e+01,-2.084476258240694690e+01,1.651451554301136326e+00,-2.920741882816824120e-02
5.576782265120903048e+01,2.181686550779506462e+01,-2.086057507763664987e+01,1.651529200046535806e+00,-3.064743967966012880e-02
5.596770732020978301e+01,2.161779138874606687e+01,-2.087316047503955119e+01,1.653632390669519836e+00,-3.174079051003265289e-02
5.616759198921052842e+01,2.141834606442801103e+01,-2.088317243817538937e+01,1.653505115601459963e+00,-3.147282561670233098e-02
5.636747665821128095e+01,2.121867870748535978e+01,-2.089433934908081980e+01,1.649767657208895955e+00,-3.004317658896528062e-02
5.656736132721202637e+01,2.101879542918744548e+01,-2.090920965675054788e+01,1.644135675244717376e+00,-2.793024892001153697e-02
5.676724599621277889e+01,2.081917314668244856e+01,-2.092972274567303614e+01,1.638033030850632343e+00,-2.563886248379425650e-02
5.696713066521353142e+01,2.062086975958524349e+01,-2.095364531221236248e+01,1.632769595446839972e+00,-2.372975004921815123e-02
5.716701533421427683e+01,2.042280455210409684e+01,-2.097277873186872910e+01,1.628284418736983596e+00,-2.204050959202485949e-02
5.736690000321502936e+01,2.022349398734969483e+01,-2.098443830276317712e+01,1.622865935469554266e+00,-2.058233411395534590e-02
5.756678467221577478e+01,2.002363369838795393e+01,-2.099114245142846613e+01,1.615409171158507462e+00,-1.965993775178545913e-02
5.776666934121652730e+01,1.982367951663530903e+01,-2.099479265102409897e+01,1.605041859700888196e+00,-1.954863269965843170e-02
5.796655401021727272e+01,1.962369202550161162e+01,-2.099689978578674143e+01,1.592926851214013340e+00,-2.001529743919802304e-02
5.816643867921802524e+01,1.942381069413477235e+01,-2.099796095291059927e+01,1.583244245820376150e+00,-2.005951664674185744e-02
5.836632334821877066e+01,1.922391289246344570e+01,-2.099829999568473227e+01,1.577388638983970637e+00,-1.943876129607766817e-02
5.856620801721952319e+01,1.902399798729024027e+01,-2.099826233309208234e+01,1.574122859079500891e+00,-1.917470333732594970e-02
5.876609268622026860e+01,1.882409923544468100e+01,-2.099807183598662874e+01,1.572532701729249638e+00,-1.988821910054501887e-02
5.896597735522102113e+01,1.862421407862368739e+01,-2.099783956461268630e+01,1.571872061285048083e+00,-2.089169399621926618e-02
5.916586202422176655e+01,1.842433004016868026e+01,-2.099765686574238188e+01,1.571850619761553602e+00,-2.185197447504073909e-02
5.936574669322251907e+01,1.822445182997940094e+01,-2.099761680365054772e+01,1.572265075279354107e+00,-2.244721466322955467e-02
5.956563136222326449e+01,1.802456736282887206e+01,-2.099779243466195311e+01,1.572857151299317024e+00,-2.237262582609212194e-02
5.976551603122401701e+01,1.782466640557903759e+01,-2.099826369077197441e+01,1.573379760514766801e+00,-2.191797523958121177e-02
5.996540070022476954e+01,1.762477353302569227e+01,-2.099905009218154817e+01,1.573617368597806987e+00,-2.176049209416766952e-02
6.016528536922551496e+01,1.742487943336209000e+01,-2.100006841286050019e+01,1.573313318696479612e+00,-2.302397165566881510e-02
6.036517003822626748e+01,1.722497677201545230e+01,-2.100123593219332463e+01,1.572057449859874723e+00,-2.601413756711814726e-02
6.056505470722701290e+01,1.702508829906580345e+01,-2.100238174099140664e+01,1.567481090649338160e+00,-2.977968819649372961e-02
6.076493937622776542e+01,1.682520779860717752e+01,-2.100323585101535429e+01,1.558526029012095915e+00,-3.382290698158860881e-02
6.096482404522851084e+01,1.662531228557716290e+01,-2.100347856508970068e+01,1.549251008660855522e+00,-3.885572788552604101e-02
6.116470871422926336e+01,1.642491419357208571e+01,-2.100268938986359757e+01,1.540926925037856776e+00,-4.491733144089651159e-02
6.136459338323000878e+01,1.622486488499530211e+01,-2.100013853020417542e+01,1.533128854010586295e+00,-5.175196370466727397e-02
6.156447805223076131e+01,1.602706289867741773e+01,-2.099117021140030914e+01,1.525970272999986665e+00,-5.920961114659069324e-02
6.176436272123150673e+01,1.582843823916959280e+01,-2.097376814736400874e+01,1.517420515182282159e+00,-6.675389527551313373e-02
6.196424739023225925e+01,1.562810316914614717e+01,-2.095602453627871142e+01,1.505935076023290797e+00,-7.403092791175361342e-02
6.216413205923300467e+01,1.542842666295140219e+01,-2.094041782220584125e+01,1.491201466750856408e+00,-8.108295107492767551e-02
6.236401672823375719e+01,1.522873122596313422e+01,-2.092600682473257834e+01,1.473392093445103246e+00,-8.832511787228261579e-02
6.256390139723450972e+01,1.502915747426002646e+01,-2.091285206419884446e+01,1.455072796717467476e+00,-9.498152967693242188e-02
6.276378606623525513e+01,1.483031483336199052e+01,-2.089665558576840709e+01,1.437319090396090182e+00,-1.006330020221750943e-01
6.296367073523600766e+01,1.463198405381555389e+01,-2.087400719059628784e+01,1.416538775141416906e+00,-1.067687322583616705e-01
6.316355540423675308e+01,1.443449604382211859e+01,-2.084392692262022706e+01,1.392284901212342607e+00,-1.134523489890161829e-01
6.336344007323750560e+01,1.423828891801612784e+01,-2.080602333773128620e+01,1.365376592574429893e+00,-1.206386402457580304e-01
6.356332474223825102e+01,1.404360053635404171e+01,-2.076060679486309013e+01,1.336155280785329857e+00,-1.293658905576376972e-01
6.376320941123900354e+01,1.385055956419678580e+01,-2.070818727985920304e+01,1.306518155281634286e+00,-1.393028067032449635e-01
6.396309408023974896e+01,1.365918918909809499e+01,-2.064987248932114738e+01,1.277664418168623417e+00,-1.495598411143330975e-01
6.416297874924049438e+01,1.346941335241121251e+01,-2.058694897796431889e+01,1.249168541952162759e+00,-1.600166067436994966e-01
6.436286341824124690e+01,1.328104821169662841e+01,-2.052019005543641583e+01,1.218960710852807772e+00,-1.703118896134530880e-01
6.456274808724199943e+01,1.309385438494277309e+01,-2.045022907434073289e+01,1.187774058236168440e+00,-1.808310621827812770e-01
6.476263275624275195e+01,1.290811103323094677e+01,-2.037649240570256737e+01,1.156226143017011765e+00,-1.916246538312707248e-01
6.496251742524349027e+01,1.272427306056752805e+01,-2.029820889732607370e+01,1.122422354519011289e+00,-2.016608087502222701e-01
6.516240209424424279e+01,1.254301541791081576e+01,-2.021369138812890043e+01,1.087379220537317615e+00,-2.121198498599344839e-01
6.536228676324499531e+01,1.236675807898773272e+01,-2.011896547172948502e+01,1.050852560526109869e+00,-2.227166734263625880e-01
6.556217143224574784e+01,1.219555723209406572e+01,-2.001599063605646833e+01,1.008805108717975241e+00,-2.334138375343004224e-01
6.576205610124650036e+01,1.202820477781284936e+01,-1.990621346222029686e+01,9.605306070072114899e-01,-2.449212269232985129e-01
6.596194077024723867e+01,1.186680793298073588e+01,-1.978764535454379825e+01,9.080406892844292699e-01,-2.574879109736895044e-01
6.616182543924799120e+01,1.171121593355185198e+01,-1.966396238122867857e+01,8.515041372791074537e-01,-2.694980556479335543e-01
6.636171010824874372e+01,1.155940911422174011e+01,-1.953457377111518056e+01,7.925373797995587388e-01,-2.803922223019926219e-01
6.656159477724949625e+01,1.141648713678448246e+01,-1.939394579093350401e+01,7.321656565282843587e-01,-2.909950343410723228e-01
6.676147944625023456e+01,1.128638567571577767e+01,-1.924239641895025699e+01,6.712624803271571849e-01,-3.017836381007821256e-01
6.696136411525098708e+01,1.116681118727139221e+01,-1.908256341108391396e+01,6.103606949921864810e-01,-3.118935661153021677e-01
6.716124878425173961e+01,1.105889556460757994e+01,-1.891387490441670849e+01,5.442947816575096631e-01,-3.203623336554041190e-01
6.736113345325249213e+01,1.096473718998785962e+01,-1.873682167462523296e+01,4.750236215989005473e-01,-3.278669847069548560e-01
6.756101812225323044e+01,1.088256453815387026e+01,-1.855520303499702806e+01,4.030383276705651330e-01,-3.332625420162830809e-01
6.776090279125398297e+01,1.080850508109017838e+01,-1.837066945420374608e+01,3.273981877852172317e-01,-3.356034745243317574e-01
6.796078746025473549e+01,1.074317648567798855e+01,-1.818120888433049487e+01,2.483067010352166815e-01,-3.351786499651981388e-01
6.816067212925548802e+01,1.069616376958008530e+01,-1.798697379901095417e+01,1.717979489615064637e-01,-3.335661608025742297e-01
6.836055679825624054e+01,1.066260218953428840e+01,-1.779083768756209949e+01,9.803857994843934165e-02,-3.312114584680280749e-01
6.856044146725697885e+01,1.064762383418787728e+01,-1.759070782178935133e+01,2.446513583363207900e-02,-3.276667396407264565e-01
6.876032613625773138e+01,1.065712301748996538e+01,-1.738955516501158272e+01,-5.021230921532127134e-02,-3.233848877210302453e-01
6.896021080525848390e+01,1.068760956144115504e+01,-1.719251245267279771e+01,-1.244324900094009312e-01,-3.188545256188899391e-01
6.916009547425923643e+01,1.072657688116488828e+01,-1.699858532275414191e+01,-1.933311599230460587e-01,-3.126761079368056140e-01
6.935998014325997474e+01,1.077463990562130647e+01,-1.680403307413086722e+01,-2.598591137623560421e-01,-3.050390272099111066e-01
6.955986481226072726e+01,1.083503771076508748e+01,-1.661295570588858084e+01,-3.234763493074834795e-01,-2.963091412473181085e-01
6.975974948126147979e+01,1.090621373315120657e+01,-1.642639477426251204e+01,-3.811091814087352869e-01,-2.865149609662958619e-01
6.995963415026223231e+01,1.098558354359163225e+01,-1.624317271854512512e+01,-4.319007808038060059e-01,-2.757235983529721657e-01
7.015951881926297062e+01,1.107267455808725742e+01,-1.606380674219446902e+01,-4.819910955583557310e-01,-2.654606284391987092e-01
7.035940348826372315e+01,1.116845235406473158e+01,-1.588822043153514052e+01,-5.315444751031834780e-01,-2.558918167432026047e-01
7.055928815726447567e+01,1.127543726551606262e+01,-1.571804650384749458e+01,-5.777454993845397846e-01,-2.466372405853334282e-01
7.075917282626522820e+01,1.139195090438309776e+01,-1.555569205697566026e+01,-6.215311445120973444e-01,-2.366829784735035858e-01
7.095905749526596651e+01,1.151444778563354632e+01,-1.539863988205337009e+01,-6.643219312622666850e-01,-2.264623325550054744e-01
7.115894216426671903e+01,1.164350663888398785e+01,-1.524585689661061672e+01,-7.056884251303071620e-01,-2.180666972238986812e-01
7.135882683326747156e+01,1.177778736175426388e+01,-1.509798137232860960e+01,-7.444288781243703079e-01,-2.110404096082367231e-01
7.155871150226822408e+01,1.191646968006622309e+01,-1.495419295402325055e+01,-7.815147647317661761e-01,-2.049591796018229717e-01
7.175859617126897660e+01,1.206023349869908579e+01,-1.481513727884045117e+01,-8.180007749449978993e-01,-2.001364607902466619e-01
7.195848084026971492e+01,1.220887395264441189e+01,-1.468096723855529717e+01,-8.539517028143692734e-01,-1.949160961818016125e-01
7.215836550927046744e+01,1.236090973944719629e+01,-1.455189898768498935e+01,-8.894322480044946078e-01,-1.893352457206698702e-01
7.235825017827121997e+01,1.251538555060443869e+01,-1.442613950224975028e+01,-9.249384418458680424e-01,-1.850264304382900904e-01
7.255813484727197249e+01,1.267620782201176333e+01,-1.430635397706288536e+01,-9.615149281195206621e-01,-1.811803549048154882e-01
7.275801951627271080e+01,1.284321227637303586e+01,-1.419610419386771660e+01,-9.963982854210744478e-01,-1.772053952884528327e-01
7.295790418527346333e+01,1.301368277481262403e+01,-1.409205562103694476e+01,-1.029759457687297042e+00,-1.721135360681853577e-01
7.315778885427421585e+01,1.318757344392966324e+01,-1.399374229993487084e+01,-1.065094951816756730e+00,-1.658289482140413162e-01
7.335767352327496837e+01,1.336527180348710964e+01,-1.390151182653405471e+01,-1.103533962168856686e+00,-1.600651015155807044e-01
7.355755819227570669e+01,1.354632210046903040e+01,-1.381680081748268307e+01,-1.142840304774992433e+00,-1.550630400293069311e-01
7.375744286127645921e+01,1.372793618569722440e+01,-1.373581499432271791e+01,-1.181193385809531815e+00,-1.502322024183259941e-01
7.395732753027721174e+01,1.391207057184110951e+01,-1.365761869623986691e+01,-1.211115568168157353e+00,-1.477073573494710190e-01
7.415721219927796426e+01,1.410035897332725341e+01,-1.358871614610803213e+01,-1.238895353979389879e+00,-1.453409675911721821e-01
7.435709686827871678e+01,1.429147414147099937e+01,-1.353005548320051687e+01,-1.271223411194140507e+00,-1.401774073788144004e-01
7.455698153727945510e+01,1.448675558186238632e+01,-1.348047362590709675e+01,-1.302049004776285157e+00,-1.337377267622819055e-01
7.475686620628020762e+01,1.468189086324322012e+01,-1.344115960411867583e+01,-1.329943980159682848e+00,-1.273241569587129085e-01
7.495675087528096014e+01,1.487220479685860575e+01,-1.339317992849860772e+01,-1.352379075013023124e+00,-1.227893993359400193e-01
7.515663554428171267e+01,1.506849743416456988e+01,-1.334548136671581098e+01,-1.368621713620429281e+00,-1.197267374975560794e-01
7.535652021328245098e+01,1.526789866409273166e+01,-1.331385058887641115e+01,-1.384320074824632929e+00,-1.154463816641919938e-01
7.555640488228320351e+01,1.546563494664850680e+01,-1.328820291329354930e+01,-1.401409253341924233e+00,-1.095661537136907171e-01
7.575628955128395603e+01,1.566262494462802479e+01,-1.326061619597256858e+01,-1.418583056017810096e+00,-1.028253131495735773e-01
7.595617422028470855e+01,1.585787676466643425e+01,-1.322573122432927306e+01,-1.444440427469858568e+00,-9.731114984447053473e-02
7.615605888928544687e+01,1.605467464405826661e+01,-1.318813027488995893e+01,-1.470460871988695351e+00,-9.223648470740732075e-02
7.635594355828619939e+01,1.625372053421393304e+01,-1.315984195598635154e+01,-1.485324735351817305e+00,-8.687223630809341735e-02
7.655582822728695191e+01,1.645301533841596253e+01,-1.314419227867178286e+01,-1.496157353055347139e+00,-8.221561200567589767e-02
7.675571289628770444e+01,1.665284793436403632e+01,-1.313881517324679749e+01,-1.505401224810910987e+00,-7.891788952355789644e-02
7.695559756528845696e+01,1.685330955336418768e+01,-1.314151488186342931e+01,-1.520633826548601908e+00,-7.640215933445275442e-02
7.715548223428919528e+01,1.705254271847978842e+01,-1.314574055333383917e+01,-1.543725737721527880e+00,-7.374095534439266408e-02
7.735536690328994780e+01,1.725200695730187306e+01,-1.314385152371544763e+01,-1.565053197894479720e+00,-7.039415064040289993e-02
7.755525157229070032e+01,1.745157522627552638e+01,-1.313969849490190533e+01,-1.580852192149919011e+00,-6.640496051639148412e-02
7.775513624129145285e+01,1.765076374056476283e+01,-1.313041600250108942e+01,-1.592257459485550752e+00,-6.208572298257439975e-02
7.795502091029219116e+01,1.785133425433689069e+01,-1.312565045480044823e+01,-1.600135707703042920e+00,-5.531716492441609428e-02
7.815490557929294368e+01,1.805157850550018139e+01,-1.313405970245137055e+01,-1.607628538290045039e+00,-4.823198598487419414e-02
7.835479024829369621e+01,1.825064187268401383e+01,-1.314837325324248241e+01,-1.618511975190102481e+00,-4.365348309621205902e-02
7.855467491729444873e+01,1.844971803041403646e+01,-1.316427152890854835e+01,-1.630721812625256950e+00,-3.980240452200172613e-02
7.875455958629518705e+01,1.864886277118833746e+01,-1.318165849030912185e+01,-1.645433504672763725e+00,-3.609689812012929072e-02
7.895444425529593957e+01,1.884788050364243972e+01,-1.320005115567987453e+01,-1.657811481603214565e+00,-3.064364063167196450e-02
7.915432892429669209e+01,1.904684294299545400e+01,-1.321922827543096091e+01,-1.663415442636688057e+00,-2.296997190947458120e-02
7.935421359329744462e+01,1.924576868835623600e+01,-1.323905742282189735e+01,-1.665734304831549828e+00,-1.547665135273534193e-02
7.955409826229818293e+01,1.944462811945150094e+01,-1.325927632930333644e+01,-1.666875924398458553e+00,-9.085324363484645685e-03
7.975398293129893545e+01,1.964346636923609069e+01,-1.327942249643888672e+01,-1.666782739778691624e+00,-3.430949662502154676e-03
7.995386760029968798e+01,1.984235753163906324e+01,-1.329933824190665170e+01,-1.665581491489393606e+00,1.837198958862004943e-03
8.015375226930044050e+01,2.004128900604287367e+01,-1.331887369559164291e+01,-1.663277563065402864e+00,7.644574025256517698e-03
8.035363693830119303e+01,2.024027283022977741e+01,-1.333783435389069005e+01,-1.659837975740140692e+00,1.507253229354279037e-02
8.055352160730193134e+01,2.043932852804201517e+01,-1.335602290581205054e+01,-1.655275162121631727e+00,2.373052715236262031e-02
8.075340627630268386e+01,2.063847034830296678e+01,-1.337322246452182384e+01,-1.649705555464827000e+00,3.400187698636533001e-02
8.095329094530343639e+01,2.083771104450965694e+01,-1.338922443607944501e+01,-1.643137705841394958e+00,4.466779462090279124e-02
8.115317561430418891e+01,2.103706234964182187e+01,-1.340381276368636421e+01,-1.635552642363164777e+00,5.449292065791247475e-02
8.135306028330492722e+01,2.123652758837969756e+01,-1.341678783322062074e+01,-1.626924104552109673e+00,6.413991932823390196e-02
8.155294495230567975e+01,2.143609079438363452e+01,-1.342791413867825412e+01,-1.617172533213110386e+00,7.384063157881001760e-02
8.175282962130643227e+01,2.163576134416366159e+01,-1.343696006997647174e+01,-1.605973344238500244e+00,8.347762239420848662e-02
8.195271429030718480e+01,2.183553660995660906e+01,-1.344377962022744022e+01,-1.592791149587429844e+00,9.344793051500778491e-02
8.215259895930792311e+01,2.203537220349837256e+01,-1.344818397601101445e+01,-1.577067875316242596e+00,1.038648834678994048e-01
8.235248362830867563e+01,2.223523991082829454e+01,-1.344992515512754494e+01,-1.558256612620144477e+00,1.145976808681728881e-01
8.255236829730942816e+01,2.243511099106343565e+01,-1.344864613802280928e+01,-1.535854441323991182e+00,1.261354360491885040e-01
8.275225296631018068e+01,2.263491011364279615e+01,-1.344348024288312793e+01,-1.509504426136286881e+00,1.383057864235246459e-01
8.295213763531093321e+01,2.283449530561908247e+01,-1.343315043567884892e+01,-1.479243334747362137e+00,1.506868158503278099e-01
8.315202230431167152e+01,2.303362679412447278e+01,-1.341633447864573192e+01,-1.445569454464869841e+00,1.640536536299113113e-01
8.335190697331242404e+01,2.323191968459209633e+01,-1.339176487508019875e+01,-1.409322573938374346e+00,1.790531369201760481e-01
8.355179164231317657e+01,2.342882074273108017e+01,-1.335825604539780009e+01,-1.371683720359723635e+00,1.959181498998337490e-01
8.375167631131392909e+01,2.362379656156472407e+01,-1.331495679820449496e+01,-1.333064801353972983e+00,2.141775723204434878e-01
8.395156098031466740e+01,2.381655463435458486e+01,-1.326190304847705548e+01,-1.292005318293447225e+00,2.334888325315025159e-01
8.415144564931541993e+01,2.400704077705150041e+01,-1.319997929933127168e+01,-1.248057606009754128e+00,2.542127780820381822e-01
8.435133031831617245e+01,2.419502455088385062e+01,-1.313069200208142817e+01,-1.201711585568376650e+00,2.758184515352016808e-01
8.455121498731692498e+01,2.438042883159163310e+01,-1.305610756374300863e+01,-1.151024364442486236e+00,2.968563501467704757e-01
8.475109965631766329e+01,2.456338438190508100e+01,-1.297618449302725452e+01,-1.096801428661736910e+00,3.160968932439821577e-01
8.495098432531841581e+01,2.474229537892671971e+01,-1.288705063922994576e+01,-1.040738019661003211e+00,3.339016471347859838e-01
8.515086899431916834e+01,2.491528987230816483e+01,-1.278704677538445367e+01,-9.797164372795978959e-01,3.501318129936601409e-01
8.535075366331992086e+01,2.508188865471071338e+01,-1.267617729236864932e+01,-9.111245644154036816e-01,3.643311715719095290e-01
8.555063833232067338e+01,2.523846025739736731e+01,-1.255061563176911044e+01,-8.339518423337598518e-01,3.766026587811772686e-01
8.575052300132141170e+01,2.538273472206619985e+01,-1.241261828128770084e+01,-7.497570812253838701e-01,3.875380882116941095e-01
8.595040767032216422e+01,2.551691251752022538e+01,-1.226550125401377400e+01,-6.593743894688161022e-01,3.964589242179223372e-01
8.615029233932291675e+01,2.563692238741480978e+01,-1.210613187013494851e+01,-5.608031352624578414e-01,4.025011614114059055e-01
8.635017700832366927e+01,2.573840173516874685e+01,-1.193368091625017691e+01,-4.556190148318823852e-01,4.059990740797397302e-01
8.655006167732440758e+01,2.581872761198211208e+01,-1.175111064946638351e+01,-3.491137755268380882e-01,4.071798867033503133e-01
8.674994634632516011e+01,2.588047748417765348e+01,-1.156169353421209323e+01,-2.458459685715177478e-01,4.069890201255420004e-01
8.694983101532591263e+01,2.592060052033171047e+01,-1.136685886664793621e+01,-1.444069304205306548e-01,4.055774521160610546e-01
8.714971568432666515e+01,2.593285019984342554e+01,-1.116690558301561609e+01,-4.584982352746691525e-02,4.019538495379858523e-01
8.734960035332740347e+01,2.591949470862376259e+01,-1.096679172521059797e+01,4.716173878775009598e-02,3.958874795511103106e-01
8.754948502232815599e+01,2.588670960047033631e+01,-1.076983074858918066e+01,1.338582355458288742e-01,3.872730738504345793e-01
8.774936969132890852e+01,2.584383014360342656e+01,-1.057501157262138669e+01,2.161936483935777975e-01,3.763903565004453888e-01
8.794925436032966104e+01,2.579073231265315869e+01,-1.038253214311593986e+01,2.929158985004070015e-01,3.633609091131135282e-01
8.814913902933041356e+01,2.572466270549326950e+01,-1.019382730788817604e+01,3.610186224129696697e-01,3.476964280637697691e-01
8.834902369833115188e+01,2.564758138728709014e+01,-1.000938793796939486e+01,4.213482251724101069e-01,3.296457751167839456e-01
8.854890836733190440e+01,2.555996269487636852e+01,-9.829543793448722866e+00,4.767559731067465556e-01,3.103045784268302909e-01
8.874879303633265692e+01,2.546179341192541656e+01,-9.655344279177946021e+00,5.302158828329313067e-01,2.911345714545668928e-01
8.894867770533340945e+01,2.535371503347135302e+01,-9.487209741082594405e+00,5.806362757467220526e-01,2.720245905353147475e-01
8.914856237433414776e+01,2.523729448491296878e+01,-9.324697130893692787e+00,6.271718060899451608e-01,2.531650837847531643e-01
8.934844704333490029e+01,2.511329314158128412e+01,-9.168000022521995973e+00,6.715121918168853732e-01,2.349663418011394556e-01
8.954833171233565281e+01,2.498168738918590037e+01,-9.017590991056307459e+00,7.142471612561744898e-01,2.174549654463952542e-01
8.974821638133640533e+01,2.484521037064630988e+01,-8.871484154365637309e+00,7.549361552579298973e-01,2.001965074059893490e-01
8.994810105033714365e+01,2.470552738771369050e+01,-8.728453577935185947e+00,7.932311114489025705e-01,1.836992034367866400e-01
9.014798571933789617e+01,2.456179413335099326e+01,-8.589410236307704949e+00,8.291805734629291713e-01,1.689482057794287062e-01
9.034787038833864870e+01,2.441302788333779716e+01,-8.455940339058384936e+00,8.622037181023913810e-01,1.559839287394583218e-01
9.054775505733940122e+01,2.425889887801412925e+01,-8.328790817010265357e+00,8.913887834384448539e-01,1.442260483946646021e-01
9.074763972634013953e+01,2.409986755053263963e+01,-8.207810143232537214e+00,9.180207804259024051e-01,1.330457850420781463e-01
9.094752439534089206e+01,2.393679002919011722e+01,-8.092310063917963703e+00,9.430639743637825312e-01,1.227094773885952644e-01
9.114740906434164458e+01,2.377067119340171431e+01,-7.981186931417020958e+00,9.662265559697784667e-01,1.133187933802996261e-01
9.134729373334239710e+01,2.360249507142467351e+01,-7.873118469750272297e+00,9.864851279325055344e-01,1.044686247651686467e-01
9.154717840234314963e+01,2.343314916383141622e+01,-7.766864601233321785e+00,1.003176511362272372e+00,9.606497179119230512e-02
9.174706307134388794e+01,2.326306843568201899e+01,-7.661789133822383135e+00,1.016517900752621273e+00,8.823795190763614182e-02
9.194694774034464047e+01,2.309234775365097292e+01,-7.557854118457673742e+00,1.027288987993673963e+00,8.111283084590178993e-02
9.214683240934539299e+01,2.292068399759702046e+01,-7.455622195340005476e+00,1.036421746222800255e+00,7.464230299315571804e-02
9.234671707834614551e+01,2.274808185586742582e+01,-7.354832107924441864e+00,1.044924144482873185e+00,6.893296702051943114e-02
9.254660174734688383e+01,2.257483089152672662e+01,-7.255002798210482773e+00,1.053327491999817234e+00,6.414057262986530561e-02
9.274648641634763635e+01,2.240102662039402048e+01,-7.156215020175090480e+00,1.062092136934543074e+00,5.976813135370052238e-02
9.294637108534838887e+01,2.222643340586489913e+01,-7.058900160218573916e+00,1.071191141168207128e+00,5.561439438557171794e-02
9.314625575434914140e+01,2.205089692465296380e+01,-6.963409867486421767e+00,1.080185596217655863e+00,5.189528988496506373e-02
9.334614042334987971e+01,2.187419386615937711e+01,-6.870037567226042086e+00,1.089145721459868987e+00,4.888256397974129891e-02
9.354602509235063224e+01,2.169653818723011796e+01,-6.778375669942954040e+00,1.098285463037149690e+00,4.666290693886428892e-02
9.374590976135138476e+01,2.151796294691012790e+01,-6.688615874070841905e+00,1.107684431465167041e+00,4.503416778684084243e-02
9.394579443035213728e+01,2.133849406565033746e+01,-6.600618392903749410e+00,1.117495338355840140e+00,4.366734682176833665e-02
9.414567909935288981e+01,2.115825447583392460e+01,-6.514180128550760784e+00,1.127577614007741147e+00,4.252516155787724322e-02
9.434556376835362812e+01,2.097730839204535513e+01,-6.429229997332632784e+00,1.137776584025112836e+00,4.153094941295840808e-02
9.454544843735438064e+01,2.079568988291249454e+01,-6.345632806475593135e+00,1.147803126031227361e+00,4.050877968860987915e-02
9.474533310635513317e+01,2.061341751673391798e+01,-6.263607206199322874e+00,1.156955443474457557e+00,3.923441928583945582e-02
9.494521777535588569e+01,2.043017163271650105e+01,-6.183882077451714920e+00,1.165393270632525624e+00,3.766197437770581191e-02
9.514510244435662401e+01,2.024591042380818706e+01,-6.106549205993577978e+00,1.173688012796861635e+00,3.601328519464214867e-02
9.534498711335737653e+01,2.006061900642060181e+01,-6.031656370331131889e+00,1.181902630352476002e+00,3.434111983361220338e-02
9.554487178235812905e+01,1.987462870466378106e+01,-5.958211254372471899e+00,1.189720505524025196e+00,3.269828322784760349e-02
9.574475645135888158e+01,1.968850625066148297e+01,-5.885108786743031395e+00,1.196550695188559388e+00,3.118823917013055155e-02
9.594464112035961989e+01,1.950227976964286114e+01,-5.812557931356418628e+00,1.201857651305875407e+00,2.970971254527931746e-02
9.614452578936037241e+01,1.931554305989973130e+01,-5.741367627246694916e+00,1.206424303066793602e+00,2.802659782685863049e-02
9.634441045836112494e+01,1.912823104596895973e+01,-5.671547864650372084e+00,1.210952146016794018e+00,2.597855091891942969e-02
9.654429512736187746e+01,1.894064839644965303e+01,-5.602390575240952408e+00,1.215269172393458774e+00,2.385519493780715455e-02
9.674417979636262999e+01,1.875320131278078506e+01,-5.532996906991649588e+00,1.218939315182276051e+00,2.214102630222781337e-02
9.694406446536336830e+01,1.856599209300288678e+01,-5.463110712158253612e+00,1.221752166816255425e+00,2.085856222845952276e-02
9.714394913436412082e+01,1.837835219127195430e+01,-5.394257716327341079e+00,1.224155668032868238e+00,1.962031066501426085e-02
9.734383380336487335e+01,1.818976287198564634e+01,-5.327793583782821862e+00,1.226430988881002104e+00,1.808622904828300487e-02
9.754371847236562587e+01,1.800082854060163129e+01,-5.262460172575946338e+00,1.229003173434971341e+00,1.711402344911495607e-02
9.774360314136636418e+01,1.781231035456497480e+01,-5.196292778372552768e+00,1.232365448729921820e+00,1.753489346540195240e-02
9.794348781036711671e+01,1.762413676308623423e+01,-5.129015915322457708e+00,1.236265659520251248e+00,1.916992105437485133e-02
9.814337247936786923e+01,1.743567950323997096e+01,-5.062311688655638520e+00,1.239619358604516108e+00,1.912627904074734597e-02
9.834325714836862176e+01,1.724683325768110365e+01,-4.996773114435097085e+00,1.241630865056059463e+00,1.836992074847538028e-02
9.854314181736936007e+01,1.705756076093921436e+01,-4.932471432278362933e+00,1.243168880913065877e+00,1.935131353836909776e-02
9.874302648637011259e+01,1.686787790371398543e+01,-4.869415120467846414e+00,1.245468477749611225e+00,2.192113401339716022e-02
9.894291115537086512e+01,1.667805482317955068e+01,-4.806873174948318450e+00,1.248779406769868761e+00,2.529645277151739910e-02
9.914279582437161764e+01,1.648822962014163451e+01,-4.744357116249450002e+00,1.252123998856226716e+00,2.752495145717433894e-02
9.934268049337235595e+01,1.629842628015488515e+01,-4.681726839619370750e+00,1.254205828488231589e+00,2.837394984757563715e-02
9.954256516237310848e+01,1.610853772434792930e+01,-4.619315740156902272e+00,1.258137123771973176e+00,2.875347562958288292e-02
9.974244983137386100e+01,1.591844996072646090e+01,-4.557469298352964771e+00,1.266649822714464690e+00,2.887154844102709714e-02
9.994233450037461353e+01,1.572815083108771894e+01,-4.496459415388961212e+00,1.278493117800359791e+00,3.000466364130249114e-02
1.001422191693753661e+02,1.553760822036092470e+01,-4.436106508539502613e+00,1.282885302172308783e+00,3.337232879730819834e-02
1.003421038383761044e+02,1.534707656091492112e+01,-4.374394332939222529e+00,1.284389456584373868e+00,3.667162372555827360e-02
1.005419885073768569e+02,1.515549640251434482e+01,-4.317606161402385290e+00,1.292629790420391167e+00,3.837521451533604938e-02
1.007418731763776094e+02,1.496190104630831463e+01,-4.271156832665189640e+00,1.306573287510055081e+00,3.935650924700678094e-02
1.009417578453783619e+02,1.476623063207771480e+01,-4.231561635836284196e+00,1.322879628598812474e+00,4.170873489654115807e-02
1.011416425143791002e+02,1.457255198050601663e+01,-4.177049869661486170e+00,1.334191984258447761e+00,4.670992662047147859e-02
1.013415271833798528e+02,1.438132124744435458e+01,-4.117132002951983338e+00,1.339861340351532260e+00,5.407771760583133386e-02
1.015414118523806053e+02,1.418836377030053342e+01,-4.070971085348099372e+00,1.343950752611776878e+00,6.117412900826989935e-02
1.017412965213813578e+02,1.399237800452237046e+01,-4.036373328384510017e+00,1.347785046803398057e+00,6.543109611592499986e-02
1.019411811903820961e+02,1.379477300007957652e+01,-4.007075151356211506e+00,1.356215104728662357e+00,6.592448506610740222e-02
1.021410658593828487e+02,1.359736682461419477e+01,-3.968274210217717979e+00,1.373031696513198341e+00,6.930356809566914911e-02
1.023409505283836012e+02,1.340259299642283253e+01,-3.917188254828579019e+00,1.388232772458124042e+00,7.864372434283448121e-02
1.025408351973843537e+02,1.320895621118940078e+01,-3.868308779747823500e+00,1.396581221937680084e+00,8.899347865925041901e-02
1.027407198663851062e+02,1.301515978694231634e+01,-3.829668186849724432e+00,1.402803734226869103e+00,9.666805204049190581e-02
1.029406045353858445e+02,1.281843130529185437e+01,-3.807065058674409475e+00,1.415518140154571114e+00,1.008910613799117173e-01
1.031404892043865971e+02,1.261741212995249839e+01,-3.785271396437740687e+00,1.438855963287871020e+00,1.054470123310754376e-01
1.033403738733873496e+02,1.241783242881945704e+01,-3.754634244542654820e+00,1.470391962167383770e+00,1.114259292585202954e-01
1.035402585423881021e+02,1.222022266495395826e+01,-3.724579633816792246e+00,1.502692534336516950e+00,1.183200399115577894e-01
1.037401432113888404e+02,1.202324581528320557e+01,-3.702426283604880020e+00,1.528223282504221903e+00,1.274282377476656514e-01
1.039400278803895930e+02,1.182555614191746507e+01,-3.698817235704238371e+00,1.542038995330033746e+00,1.376676329214256700e-01
1.041399125493903455e+02,1.162487998759136509e+01,-3.706502819360757872e+00,1.559939717559782668e+00,1.456743668989673723e-01
1.043397972183910980e+02,1.142532592550732851e+01,-3.717992192995021483e+00,1.598782952769447263e+00,1.513821064360724167e-01
1.045396818873918363e+02,1.122600249737677736e+01,-3.733052935639813441e+00,1.648398430920980928e+00,1.579099587306719565e-01
1.047395665563925888e+02,1.102428631671694070e+01,-3.744859398604506229e+00,1.693022519211273114e+00,1.663180494694579958e-01
1.049394512253933414e+02,1.082293649100145849e+01,-3.749664128771973637e+00,1.726211156779970501e+00,1.745816003730375765e-01
1.051393358943940939e+02,1.062611072025456771e+01,-3.763651765750439804e+00,1.755736807396747423e+00,1.813633488831925544e-01
1.053392205633948464e+02,1.043691621620009791e+01,-3.810087884472167286e+00,1.785308040110337835e+00,1.872530381162981206e-01
1.055391052323955847e+02,1.024577739204392302e+01,-3.878109054430594060e+00,1.816957992889319584e+00,1.934828904814141770e-01
1.057389899013963372e+02,1.005413002866847272e+01,-3.944309527425148065e+00,1.857204069274215996e+00,2.006936099781247151e-01
1.059388745703970898e+02,9.864980656328352637e+00,-4.005996915479431486e+00,1.906568089500980001e+00,2.103573696309599117e-01
1.061387592393978423e+02,9.676287728880245353e+00,-4.071042025135377607e+00,1.955393148703075568e+00,2.188951063183225410e-01
1.063386439083985806e+02,9.488857573235435439e+00,-4.139878344740067106e+00,1.993412017210333786e+00,2.213862215767836705e-01
1.065385285773993331e+02,9.304025599519345491e+00,-4.215963686818150258e+00,2.027856818593726018e+00,2.201663716133704651e-01
1.067384132464000857e+02,9.124563256304147885e+00,-4.304336978086318766e+00,2.067692299567925218e+00,2.195836181265465870e-01
1.069382979154008382e+02,8.950761341411000771e+00,-4.403028241647276353e+00,2.113441848238286624e+00,2.213711743047716007e-01
1.071381825844015765e+02,8.781866303085443803e+00,-4.510114707664508948e+00,2.163891022495556982e+00,2.232941637330253803e-01
1.073380672534023290e+02,8.619423369252334766e+00,-4.627439048867866056e+00,2.218972193032601403e+00,2.245485409336873961e-01
1.075379519224030815e+02,8.464604598535247604e+00,-4.754077392755222675e+00,2.276177804760229684e+00,2.248260386359988705e-01
1.077378365914038341e+02,8.316120414036063835e+00,-4.886795446645689545e+00,2.330534798525082163e+00,2.225204493757017288e-01
1.079377212604045724e+02,8.173414423207470136e+00,-5.026064541351675352e+00,2.382983259341086235e+00,2.170411750434995957e-01
1.081376059294053249e+02,8.039369231526162451e+00,-5.174402074993337486e+00,2.435015235006215750e+00,2.104825507299837584e-01
1.083374905984060774e+02,7.915678926765274959e+00,-5.331293825975162548e+00,2.483817185193484711e+00,2.058988522384041508e-01
1.085373752674068299e+02,7.801769005032529236e+00,-5.495179830719559178e+00,2.528556077221673082e+00,2.020286924678358631e-01
1.087372599364075825e+02,7.694319843724509056e+00,-5.663002146197078090e+00,2.570850495755508724e+00,1.964779681249206877e-01
1.089371446054083208e+02,7.592923623544793443e+00,-5.835636458387702064e+00,2.611185234824298096e+00,1.885146007307022531e-01
1.091370292744090733e+02,7.499416447346304082e+00,-6.012525021806958136e+00,2.648398407548243849e+00,1.786326309252226630e-01
1.093369139434098258e+02,7.411094129952961573e+00,-6.191524948821830243e+00,2.682984255692962616e+00,1.670920048143863523e-01
1.095367986124105784e+02,7.326184763408202016e+00,-6.372419039960602660e+00,2.715743559199447432e+00,1.544248411910733865e-01
1.097366832814113167e+02,7.244836972518181817e+00,-6.555419354453136727e+00,2.746772596661417154e+00,1.416041801012255241e-01
1.099365679504120692e+02,7.167891494546780429e+00,-6.740615126061421769e+00,2.774232158163050688e+00,1.281185880281921485e-01
1.101364526194128217e+02,7.096921812579388700e+00,-6.927798553950201388e+00,2.796837848364998713e+00,1.144197834891794163e-01
1.103363372884135742e+02,7.034014989401116580e+00,-7.117062512143240482e+00,2.816532495756487453e+00,1.017756853728512961e-01
1.105362219574143126e+02,6.979070573116725740e+00,-7.308862659640402271e+00,2.835505585045475563e+00,8.975063965546915823e-02
1.107361066264150651e+02,6.927892230865530188e+00,-7.502278502222576861e+00,2.853150972059714796e+00,7.785121030968120137e-02
1.109359912954158176e+02,6.877027598638799866e+00,-7.695929654994654534e+00,2.867065419615582034e+00,6.632138108134590093e-02
1.111358759644165701e+02,6.825435007668966492e+00,-7.889410294853033356e+00,2.878009508599981281e+00,5.519298138329347542e-02
1.113357606334173227e+02,6.773845411728571797e+00,-8.082387966475005570e+00,2.886954794532507140e+00,4.416464397858015090e-02
1.115356453024180610e+02,6.724763114831244337e+00,-8.275541001763931703e+00,2.893520970099648260e+00,3.313435064473886638e-02
1.117355299714188135e+02,6.676779035040287802e+00,-8.469899885173928666e+00,2.896624891898200271e+00,2.250880164836469022e-02
1.119354146404195660e+02,6.626244316010443391e+00,-8.663816672246969830e+00,2.895162090558258239e+00,1.312806734747818879e-02
1.121352993094203185e+02,6.576343543055873653e+00,-8.856852652371770773e+00,2.892430446003657174e+00,4.599549702562349962e-03
1.123351839784210568e+02,6.530735360466816353e+00,-9.050611175187803781e+00,2.890685168855019693e+00,-3.932858525410714082e-03
1.125350686474218094e+02,6.488518679469101436e+00,-9.245591499031219129e+00,2.887351615224452051e+00,-1.252749459980157659e-02
1.127349533164225619e+02,6.443262877029986235e+00,-9.440885735125352340e+00,2.882075763836675186e+00,-2.082034102256798830e-02
1.129348379854233144e+02,6.389475685497134627e+00,-9.634172881952252965e+00,2.876317780926646250e+00,-2.810941419485857296e-02
1.131347226544240527e+02,6.332786947254018806e+00,-9.825541752279788099e+00,2.869043023847526186e+00,-3.473938763089619991e-02
1.133346073234248053e+02,6.277897740541032334e+00,-1.001734952620171981e+01,2.859540960556850919e+00,-4.135752054083117329e-02
1.135344919924255578e+02,6.222230330700421419e+00,-1.020936798433789505e+01,2.848204533423015050e+00,-4.792906133247538947e-02
1.137343766614263103e+02,6.164130586580113480e+00,-1.040074782344665039e+01,2.836755884003155259e+00,-5.367329845036214464e-02
1.139342613304270628e+02,6.102661935124774395e+00,-1.059103555784712469e+01,2.826714146090455237e+00,-5.765385126792575005e-02
1.141341459994278011e+02,6.038722030358250947e+00,-1.078032992403684176e+01,2.815225437761982086e+00,-6.051199258271740961e-02
1.143340306684285537e+02,5.974674178303512662e+00,-1.096953923245256490e+01,2.800810133264917567e+00,-6.331806902746262011e-02
1.145339153374293062e+02,5.910452604522418163e+00,-1.115904363407932998e+01,2.785424502815675218e+00,-6.587390422624110620e-02
1.147338000064300587e+02,5.843325772796841733e+00,-1.134760391243288780e+01,2.769917632584140144e+00,-6.797965599651507873e-02
1.149336846754307970e+02,5.770767640074414118e+00,-1.153371062978845885e+01,2.754692600572696826e+00,-6.965494342687031382e-02
1.151335693444315496e+02,5.692457962671835681e+00,-1.171737051805274810e+01,2.739132088642173279e+00,-7.042348551034685600e-02
1.153334540134323021e+02,5.610395904404160028e+00,-1.189966420395042412e+01,2.721620108452592834e+00,-7.011164065619844565e-02
1.155333386824330546e+02,5.525939822502186516e+00,-1.208094364831777767e+01,2.701915278900478778e+00,-6.893985320988854637e-02
1.157332233514337929e+02,5.439026191837430524e+00,-1.226098473624464802e+01,2.682055501999619285e+00,-6.756018173160240059e-02
1.159331080204345454e+02,5.349438695529380006e+00,-1.243972748076337709e+01,2.664679671012103235e+00,-6.662308024584555344e-02
1.161329926894352980e+02,5.256892211570229456e+00,-1.261691902088713135e+01,2.650522053844212245e+00,-6.549262882412970610e-02
1.163328773584360505e+02,5.160852071987803491e+00,-1.279204741782312205e+01,2.637558943468599981e+00,-6.357923352609469447e-02
1.165327620274367888e+02,5.061003257654361320e+00,-1.296489780840863659e+01,2.624007944383467184e+00,-6.118467061627348019e-02
1.167326466964375413e+02,4.958181184471086134e+00,-1.313623573135192224e+01,2.610313943083711230e+00,-5.870308555812960710e-02
1.169325313654382938e+02,4.854304073324046342e+00,-1.330741924335132964e+01,2.597858674703728887e+00,-5.661597303115619567e-02
1.171324160344390464e+02,4.750559109531783619e+00,-1.347870568517836531e+01,2.587511522025230715e+00,-5.499016892022147440e-02
1.173323007034397989e+02,4.645732057528452863e+00,-1.364866424960094093e+01,2.579256118843576306e+00,-5.335760253724165791e-02
1.175321853724405372e+02,4.537861128495003449e+00,-1.381636612945628428e+01,2.572604138626639170e+00,-5.147711192093956667e-02
1.177320700414412897e+02,4.427262547287774019e+00,-1.398273707772034946e+01,2.566670992742119406e+00,-4.976184759070993724e-02
1.179319547104420423e+02,4.316044374232864023e+00,-1.414918288346098052e+01,2.560375499235431729e+00,-4.894427183306934714e-02
1.181318393794427948e+02,4.205561670173456612e+00,-1.431608151308490484e+01,2.553405989071979576e+00,-4.939490011401308223e-02
1.183317240484435331e+02,4.095332553617975435e+00,-1.448278663990906345e+01,2.546639852291222361e+00,-5.069843345776917087e-02
1.185316087174442856e+02,3.984156147064493947e+00,-1.464867523648279857e+01,2.540826950134601692e+00,-5.227738620274639120e-02
1.187314933864450381e+02,3.871391215088897830e+00,-1.481355090648289519e+01,2.535240696061952459e+00,-5.398813223473451772e-02
1.189313780554457907e+02,3.757153162461626117e+00,-1.497758993411610717e+01,2.528359299982936292e+00,-5.599174393046868481e-02
1.191312627244465290e+02,3.641893714265939330e+00,-1.514104075953132522e+01,2.519298254383898428e+00,-5.850676135653552767e-02
1.193311473934472815e+02,3.525656894893301363e+00,-1.530373721983866453e+01,2.508312774015991398e+00,-6.162291264682614317e-02
1.195310320624480340e+02,3.407938135915023370e+00,-1.546525931822179167e+01,2.496125569351848483e+00,-6.521199721411032046e-02
1.197309167314487865e+02,3.288173153975142426e+00,-1.562525351905158466e+01,2.483122893308923107e+00,-6.885175085632738723e-02
1.199308014004495391e+02,3.165976535240176304e+00,-1.578339951435558852e+01,2.469015479515387579e+00,-7.190409643821593644e-02
1.201306860694502774e+02,3.041051929732629944e+00,-1.593936655068485386e+01,2.453056388651920994e+00,-7.416025071874211838e-02
1.203305707384510299e+02,2.913213198910550084e+00,-1.609297380016050738e+01,2.434882151657346228e+00,-7.639192219509922943e-02
1.205304554074517824e+02,2.782541474483695598e+00,-1.624428321175320633e+01,2.415018983636260774e+00,-7.946534714360191376e-02
1.207303400764525350e+02,2.649203652549221299e+00,-1.639330701061525275e+01,2.394485944249538978e+00,-8.344693897559742057e-02
1.209302247454532733e+02,2.513040924223737260e+00,-1.653964712513960578e+01,2.374020850657400317e+00,-8.775875847962866239e-02
1.211301094144540258e+02,2.373441313539346620e+00,-1.668252319413707596e+01,2.353619429464092416e+00,-9.184986822602837775e-02
1.213299940834547783e+02,2.229838503152831830e+00,-1.682139991609597729e+01,2.332906608898118073e+00,-9.553498425426172613e-02
1.215298787524555308e+02,2.082493487204216009e+00,-1.695659077944057813e+01,2.311906569066234152e+00,-9.875733652700531551e-02
1.217297634214562692e+02,1.932485285430628918e+00,-1.708895260890461643e+01,2.291422804141338698e+00,-1.018981274780110524e-01
1.219296480904570217e+02,1.780649475960355721e+00,-1.721901911303212529e+01,2.272924968908417220e+00,-1.053049282045850354e-01
1.221295327594577742e+02,1.626705615454661968e+00,-1.734644750235393218e+01,2.256936045713413108e+00,-1.092994969712335618e-01
1.223294174284585267e+02,1.469932528225075918e+00,-1.747055079437716785e+01,2.241248370645253729e+00,-1.130160026452014382e-01
1.225293020974592793e+02,1.310482792347726688e+00,-1.759140457487112386e+01,2.223148857918030963e+00,-1.155607180645830262e-01
1.227291867664600176e+02,1.149688522953048686e+00,-1.771014656347344030e+01,2.201645420536692654e+00,-1.181305017728095375e-01
1.229290714354607701e+02,9.892116433541799925e-01,-1.782870571027374140e+01,2.177526692170591360e+00,-1.205629389174019406e-01
1.231289561044615226e+02,8.287160840546685669e-01,-1.794744748959770320e+01,2.152110644221455260e+00,-1.234317305134400022e-01
1.233288407734622751e+02,6.650401318368591719e-01,-1.806226971314008978e+01,2.126393199902892661e+00,-1.269960301081676790e-01
1.235287254424630135e+02,4.956718085912426575e-01,-1.816880057990767838e+01,2.101324018889927814e+00,-1.302906710543076940e-01
1.237286101114637660e+02,3.207724678778938743e-01,-1.826617346109546958e+01,2.075765423654155839e+00,-1.328897091743742875e-01
1.239284947804645185e+02,1.421771878767204289e-01,-1.835622231906160806e+01,2.048038665148965265e+00,-1.353168326134646937e-01
1.241283794494652710e+02,-3.899332593255945556e-02,-1.844089257873520538e+01,2.016110513171051721e+00,-1.388174284086748367e-01
1.243282641184660093e+02,-2.220161218695879402e-01,-1.852096756660982280e+01,1.983078826046869025e+00,-1.424238249083418506e-01
1.245281487874667619e+02,-4.059866544181467973e-01,-1.859833031791140101e+01,1.953042666039699782e+00,-1.452174927588866238e-01
1.247280334564675144e+02,-5.912646559435639215e-01,-1.867249710311777022e+01,1.922236419334530488e+00,-1.466332510068588391e-01
1.249279181254682669e+02,-7.783970633848633636e-01,-1.874275521673417089e+01,1.892047187872150538e+00,-1.472618043393517928e-01
1.251278027944690194e+02,-9.687938325597138522e-01,-1.880537895497251810e+01,1.860177217506718605e+00,-1.469150065891201562e-01
1.253276874634697577e+02,-1.160374030499601972e+00,-1.886061017446290222e+01,1.825215420046513159e+00,-1.457013618519380771e-01
1.255275721324705103e+02,-1.353526531047520409e+00,-1.891221485969688487e+01,1.791044415914718968e+00,-1.451889072458013019e-01
1.257274568014712628e+02,-1.549442713891515888e+00,-1.895190905287597261e+01,1.760170493502824840e+00,-1.454971598073533379e-01
1.259273414704720153e+02,-1.746333008131475850e+00,-1.898467736345280343e+01,1.731969762964972404e+00,-1.457143857967312939e-01
1.261272261394727536e+02,-1.945594577367514511e+00,-1.900856149943915696e+01,1.701986531133350411e+00,-1.436854101289282148e-01
1.263271108084735062e+02,-2.145466185776199186e+00,-1.902116938310813055e+01,1.671881588652762929e+00,-1.406878447400536636e-01
1.265269954774742587e+02,-2.344141160159345372e+00,-1.903224421483279016e+01,1.642613848453456704e+00,-1.389224939884295129e-01
1.267268801464750112e+02,-2.541688767535942528e+00,-1.904633671552101859e+01,1.615450643696496158e+00,-1.368495164660732955e-01
1.269267648154757495e+02,-2.741359602106777871e+00,-1.906190090114331070e+01,1.588819151834103494e+00,-1.347694667469738483e-01
1.271266494844765020e+02,-2.943119739256783163e+00,-1.906588741746008253e+01,1.564789494955272531e+00,-1.322048048858612268e-01
1.273265341534772546e+02,-3.142320032703057819e+00,-1.906164089805203687e+01,1.543923830168232758e+00,-1.285828320971245109e-01
1.275264188224780071e+02,-3.341712205566862881e+00,-1.905524742107250091e+01,1.520903285541777006e+00,-1.247069633504417213e-01
1.277263034914787454e+02,-3.541594705526676101e+00,-1.904092641420415077e+01,1.494112391081317881e+00,-1.213450384099501594e-01
1.279261881604794979e+02,-3.740305781965298504e+00,-1.902061827744201139e+01,1.465517229676423838e+00,-1.186822637804645225e-01
1.281260728294802504e+02,-3.938582009497466618e+00,-1.899658981508796884e+01,1.441700300293898174e+00,-1.156640535080946247e-01
1.283259574984809888e+02,-4.136466087358260602e+00,-1.896765336248847689e+01,1.420651960480981302e+00,-1.125139777175858669e-01
1.285258421674817555e+02,-4.333406164096557767e+00,-1.893291129658630112e+01,1.397673131486982356e+00,-1.090647400503736153e-01
1.287257268364824938e+02,-4.529315386000707377e+00,-1.889361821632435223e+01,1.375154013299858313e+00,-1.055540027652248775e-01
1.289256115054832605e+02,-4.724759659629079955e+00,-1.885231543443727631e+01,1.353280182829622369e+00,-1.018798898952757298e-01
1.291254961744839989e+02,-4.919953161683848109e+00,-1.880925885234310968e+01,1.331662944208339194e+00,-9.881034044494700630e-02
1.293253808434847372e+02,-5.114641020268599902e+00,-1.876326248853342449e+01,1.311180683388260881e+00,-9.659398147373172983e-02
1.295252655124855039e+02,-5.307732259963946930e+00,-1.871144206087161521e+01,1.292504214086885650e+00,-9.392625499441725756e-02
1.297251501814862422e+02,-5.498802923695360612e+00,-1.865305225019275071e+01,1.275070236753703679e+00,-9.037197283854576935e-02
1.299250348504869805e+02,-5.688463586274162154e+00,-1.859005046409608752e+01,1.257514462724619531e+00,-8.637316966470311164e-02
1.301249195194877473e+02,-5.877112241634931955e+00,-1.852397928230429613e+01,1.239597110118340506e+00,-8.352915129742621847e-02
1.303248041884884856e+02,-6.064881332195044550e+00,-1.845544693676054848e+01,1.222085204772016986e+00,-8.133824507103694368e-02
1.305246888574892523e+02,-6.251877602101511222e+00,-1.838479225916007920e+01,1.206606459161021938e+00,-7.861947150100086212e-02
1.307245735264899906e+02,-6.438093871432499782e+00,-1.831209066323813772e+01,1.193478105607873818e+00,-7.589112953345354684e-02
1.309244581954907289e+02,-6.623428094229414143e+00,-1.823724190623605423e+01,1.181534590443104715e+00,-7.311461953351862386e-02
1.311243428644914957e+02,-6.807804462229391618e+00,-1.816009223905833636e+01,1.169776051081480084e+00,-7.010418218192127071e-02
1.313242275334922340e+02,-6.991384857084209870e+00,-1.808093742429303319e+01,1.157770709881405846e+00,-6.702424661528819105e-02
1.315241122024930007e+02,-7.174186656943819074e+00,-1.799996099296430074e+01,1.145414917740994909e+00,-6.412332468180524658e-02
1.317239968714937390e+02,-7.356087501456244127e+00,-1.791699841691846373e+01,1.132832953525768627e+00,-6.136723377304435789e-02
1.319238815404944773e+02,-7.536938167871245930e+00,-1.783182066132333787e+01,1.120223781096929550e+00,-5.841881305301600824e-02
1.321237662094952441e+02,-7.716495961999902065e+00,-1.774408722072283950e+01,1.107776365113906536e+00,-5.516769678119180093e-02
1.323236508784959824e+02,-7.894655548546210433e+00,-1.765357927098304103e+01,1.095486596618459707e+00,-5.181460718723757131e-02
1.325235355474967207e+02,-8.071490896397440551e+00,-1.756042962029243171e+01,1.083376590727155975e+00,-4.880447299433882113e-02
1.327234202164974874e+02,-8.247099329099322418e+00,-1.746494264420195108e+01,1.071764547162110670e+00,-4.628659634385058619e-02
1.329233048854982258e+02,-8.421544944096014618e+00,-1.736738237112364303e+01,1.060990352338162079e+00,-4.404524551085878953e-02
1.331231895544989925e+02,-8.594927853443929067e+00,-1.726793220776804461e+01,1.051407919188307449e+00,-4.192192266584975069e-02
1.333230742234997308e+02,-8.767381239877506616e+00,-1.716689633825437866e+01,1.043238296393830922e+00,-3.983747789044474186e-02
1.335229588925004691e+02,-8.939000526833435600e+00,-1.706447138996874457e+01,1.036158823501882598e+00,-3.762116236139109726e-02
1.337228435615012359e+02,-9.110035628288645881e+00,-1.696101605561598902e+01,1.029742852549371701e+00,-3.514243373530971659e-02
1.339227282305019742e+02,-9.280663725026338184e+00,-1.685689670891818537e+01,1.023973960514243942e+00,-3.244554704413731006e-02
1.341226128995027409e+02,-9.451093565950840159e+00,-1.675233099643073942e+01,1.019053573905495558e+00,-2.973158340265681307e-02
1.343224975685034792e+02,-9.621380932153192234e+00,-1.664751757932674892e+01,1.014946292631520031e+00,-2.714150816433723995e-02
1.345223822375042175e+02,-9.791127849371749292e+00,-1.654212324098915587e+01,1.011501140556434475e+00,-2.468813935284152813e-02
1.347222669065049843e+02,-9.960138385884247825e+00,-1.643564165773030084e+01,1.008438485820636110e+00,-2.238433317014482463e-02
1.349221515755057226e+02,-1.012867451746693526e+01,-1.632818158320704427e+01,1.005455204043209427e+00,-2.024922003711207563e-02
1.351220362445064609e+02,-1.029702500837812806e+01,-1.622028182480210390e+01,1.002185058362713210e+00,-1.829564849110034558e-02
1.353219209135072276e+02,-1.046523079372493470e+01,-1.611222049952335666e+01,9.985126882422812322e-01,-1.656980542491599123e-02
1.355218055825079659e+02,-1.063324989916709917e+01,-1.600392530119611934e+01,9.950170460203935363e-01,-1.510576710624946840e-02
1.357216902515087327e+02,-1.080105887984513835e+01,-1.589526719969865454e+01,9.923442788245053769e-01,-1.398096160769319793e-02
1.359215749205094710e+02,-1.096848889908693359e+01,-1.578611486399762143e+01,9.905164324676167809e-01,-1.324237103745545992e-02
1.361214595895102093e+02,-1.113526002846047724e+01,-1.567613007760093424e+01,9.889186109677425840e-01,-1.275252376117605099e-02
1.363213442585109760e+02,-1.130145873822511859e+01,-1.556521963800896025e+01,9.869831691062658230e-01,-1.223572615139591722e-02
1.365212289275117143e+02,-1.146751929023104566e+01,-1.545388937223669501e+01,9.846809794714137531e-01,-1.156741186703206560e-02
1.367211135965124811e+02,-1.163384088434268548e+01,-1.534278374523795385e+01,9.822788466317726730e-01,-1.092192249901179947e-02
1.369209982655132194e+02,-1.180047790261854956e+01,-1.523219984555692186e+01,9.800401794453321713e-01,-1.055268512416221958e-02
1.371208829345139577e+02,-1.196697954579550149e+01,-1.512169308966512205e+01,9.782675263323548087e-01,-1.037585787040986966e-02
1.373207676035147244e+02,-1.213292643992574149e+01,-1.501048728266243870e+01,9.769972949385077321e-01,-1.002669087196813094e-02
1.375206522725154628e+02,-1.229836477428184516e+01,-1.489838218366686995e+01,9.757705983411808504e-01,-9.417726787105951125e-03
1.377205369415162011e+02,-1.246351064304582756e+01,-1.478572921647711880e+01,9.738512548840532190e-01,-8.801039148102252768e-03
1.379204216105169678e+02,-1.262849126872237093e+01,-1.467283206298285059e+01,9.710350214821059645e-01,-8.426665221040139167e-03
1.381203062795177061e+02,-1.279340605909971984e+01,-1.455982581219099714e+01,9.680728940869585131e-01,-8.260911303240896925e-03
1.383201909485184729e+02,-1.295829184535753242e+01,-1.444673823143856950e+01,9.660316111964082353e-01,-8.122581060237601611e-03
1.385200756175192112e+02,-1.312292655002904596e+01,-1.433341195443189697e+01,9.652581747116935063e-01,-7.946971615745725831e-03
1.387199602865199495e+02,-1.328687599234918615e+01,-1.421927961975351451e+01,9.647759885493001342e-01,-7.653292982406528430e-03
1.389198449555207162e+02,-1.345017812649005684e+01,-1.410415718353212178e+01,9.632688045809634225e-01,-7.170657849526782673e-03
1.391197296245214545e+02,-1.361341134740184167e+01,-1.398871356114432807e+01,9.607055600421992025e-01,-6.683312759039650858e-03
1.393196142935222213e+02,-1.377729729981433593e+01,-1.387397288837703080e+01,9.584290525199574695e-01,-6.449881993903256762e-03
1.395194989625229596e+02,-1.394202193347108043e+01,-1.376048152118249135e+01,9.573678619887902030e-01,-6.411854507759812312e-03
1.397193836315236979e+02,-1.410649899860500689e+01,-1.364711925226334976e+01,9.571604228848844542e-01,-6.165689902528006562e-03
1.399192683005244646e+02,-1.426949911932325321e+01,-1.353192964018898969e+01,9.568292086978620326e-01,-5.454540867931993546e-03
1.401191529695252029e+02,-1.443142332752824153e+01,-1.341476332788549364e+01,9.558940205378854138e-01,-4.514102860670287515e-03
1.403190376385259412e+02,-1.459383576376812641e+01,-1.329785307696036334e+01,9.545115805731190228e-01,-3.832369225185918056e-03
1.405189223075267080e+02,-1.475737268322276208e+01,-1.318270570490357585e+01,9.529114236519800052e-01,-3.622064545023088219e-03
1.407188069765274463e+02,-1.492111026130465312e+01,-1.306821541951317300e+01,9.516833279406911039e-01,-3.587390676058359665e-03
1.409186916455282130e+02,-1.508398246865458958e+01,-1.295258601190268699e+01,9.513740880299264013e-01,-3.223670392689150389e-03
1.411185763145289513e+02,-1.524609239963413820e+01,-1.283564721161428146e+01,9.515496911589722551e-01,-2.373957265960191694e-03
1.413184609835296897e+02,-1.540830171058048315e+01,-1.271870795746898075e+01,9.512126443896029571e-01,-1.465569507614670466e-03
1.415183456525304564e+02,-1.557109854191602416e+01,-1.260266301098256214e+01,9.501379700218901547e-01,-9.188563318919264981e-04
1.417182303215311947e+02,-1.573425547697199001e+01,-1.248722755176652832e+01,9.492027171774917171e-01,-7.159117343284979217e-04
1.419181149905319330e+02,-1.589709421514844045e+01,-1.237139388855776900e+01,9.492294395633531501e-01,-5.770972950685208805e-04
1.421179996595326998e+02,-1.605923279051062735e+01,-1.225450585058972663e+01,9.500268949641501592e-01,-3.289409053876762401e-04
1.423178843285334381e+02,-1.622109403102270520e+01,-1.213716117269769867e+01,9.507109741151094084e-01,3.867628550441529612e-05
1.425177689975342048e+02,-1.638329343837230212e+01,-1.202032947274505226e+01,9.507782712580676865e-01,5.290522920646588238e-04
1.427176536665349431e+02,-1.654601406421662801e+01,-1.190426828036868656e+01,9.504347005920941172e-01,1.041715288512356065e-03
1.429175383355356814e+02,-1.670902378538343669e+01,-1.178860607474811673e+01,9.503815587927597619e-01,1.412965603715682014e-03
1.431174230045364482e+02,-1.687205895602327743e+01,-1.167296530549741007e+01,9.512152067956316515e-01,1.657175857209400131e-03
1.433173076735371865e+02,-1.703499859103645520e+01,-1.155718478416106443e+01,9.525701550014145091e-01,2.020938893872936508e-03
1.435171923425379532e+02,-1.719784571373335424e+01,-1.144126921129313423e+01,9.536945561136009886e-01,2.647783904408540154e-03
1.437170770115386915e+02,-1.736063453608818463e+01,-1.132525276695692895e+01,9.542984272838843651e-01,3.348652629292599506e-03
1.439169616805394298e+02,-1.752345473095519779e+01,-1.120930180273721888e+01,9.545221506617420637e-01,3.867500553893723266e-03
1.441168463495401966e+02,-1.768654671128756206e+01,-1.109378054105784450e+01,9.545790156580009622e-01,4.172143073765625237e-03
1.443167310185409349e+02,-1.784993983846097976e+01,-1.097866983525912943e+01,9.546661965036435937e-01,4.434240974353662740e-03
1.445166156875416732e+02,-1.801343389479098889e+01,-1.086367526044213605e+01,9.550264124976486357e-01,4.792916515646665487e-03
1.447165003565424399e+02,-1.817686715318474455e+01,-1.074858842708423978e+01,9.558477862534373592e-01,5.234633759088772563e-03
1.449163850255431782e+02,-1.834015473584554456e+01,-1.063327740496177043e+01,9.570226912700894317e-01,5.607842167001784832e-03
1.451162696945439450e+02,-1.850328229219323006e+01,-1.051771048919499840e+01,9.581745721128589466e-01,5.778817097100829442e-03
1.453161543635446833e+02,-1.866634046815935832e+01,-1.040205955781037517e+01,9.592917384270536196e-01,5.845353160967260535e-03
1.455160390325454216e+02,-1.882958246256123402e+01,-1.028674663649680276e+01,9.607229982082543529e-01,5.954190203913902087e-03
1.457159237015461883e+02,-1.899326960350301974e+01,-1.017210575688866570e+01,9.625896036255845445e-01,6.143791630992294014e-03
1.459158083705469267e+02,-1.915743769387594853e+01,-1.005807787660719121e+01,9.646905209248584079e-01,6.471670895600402547e-03
1.461156930395476934e+02,-1.932190506721468637e+01,-9.944404106189287162e+00,9.667058437106184066e-01,7.040303643828245417e-03
1.463155777085484317e+02,-1.948658446239790365e+01,-9.831118809849099804e+00,9.684377099036742820e-01,7.832984330892434413e-03
1.465154623775491700e+02,-1.965165107289399415e+01,-9.718515555734979827e+00,9.699388818836327530e-01,8.616832507584453252e-03
1.467153470465499367e+02,-1.981715807208040658e+01,-9.606531067937659429e+00,9.713611613176063031e-01,9.133528864838095368e-03
1.469152317155506751e+02,-1.998283936169468689e+01,-9.494670092830109098e+00,9.727999922999517324e-01,9.389455855548648963e-03
1.471151163845514134e+02,-2.014831634034630170e+01,-9.382375929634887868e+00,9.743171456490289373e-01,9.607123835296701997e-03
1.473150010535521801e+02,-2.031339617875682535e+01,-9.269535877742558938e+00,9.759380846368630458e-01,9.890221368678812561e-03
1.475148857225529184e+02,-2.047834263118009446e+01,-9.156692494855420250e+00,9.774975828751375495e-01,1.019458154277494595e-02
1.477147703915536852e+02,-2.064362023509112021e+01,-9.044408087848914590e+00,9.788594224152937784e-01,1.052430752530023224e-02
1.479146550605544235e+02,-2.080940761043545351e+01,-8.932757020858844044e+00,9.803939065587194968e-01,1.088046532082653436e-02
1.481145397295551618e+02,-2.097555748931632991e+01,-8.821606369241472123e+00,9.827239909282283747e-01,1.118688362715299263e-02
1.483144243985559285e+02,-2.114202538454276592e+01,-8.711022850301961995e+00,9.859800661090134533e-01,1.138685263318865194e-02
1.485143090675566668e+02,-2.130890365597385738e+01,-8.600957509555428260e+00,9.894738667699169987e-01,1.157132650106010990e-02
1.487141937365574336e+02,-2.147603422547985375e+01,-8.491161599721062103e+00,9.923608341325764748e-01,1.193680540674375672e-02
1.489140784055581719e+02,-2.164337579724969984e+01,-8.381880480954620793e+00,9.945588567857592821e-01,1.262972981216388749e-02
1.491139630745589102e+02,-2.181122476594826054e+01,-8.273602809224978927e+00,9.965809074702085546e-01,1.374237039061043837e-02
1.493138477435596769e+02,-2.197974380845635167e+01,-8.166290583895863264e+00,9.988298109195037355e-01,1.539704190873156069e-02
1.495137324125604152e+02,-2.214863319374460460e+01,-8.059211028309695379e+00,1.001477809353828796e+00,1.781150882633417143e-02
1.497136170815611536e+02,-2.231729876448267191e+01,-7.951605347537312518e+00,1.004662558148718965e+00,2.122761921627594472e-02
1.499135017505619203e+02,-2.248557124966636778e+01,-7.843579070560529054e+00,1.008187285109409359e+00,2.582551855724865217e-02
1.501133864195626586e+02,-2.265387566300207212e+01,-7.735848661636062218e+00,1.011427574329885726e+00,3.178113649173316263e-02
1.503132710885634253e+02,-2.282274377260209874e+01,-7.629066274829206407e+00,1.013958855294578854e+00,3.930654853878685906e-02
1.505131557575641637e+02,-2.299241052689129106e+01,-7.523500472339709866e+00,1.016197497234912817e+00,4.843934125068422719e-02
1.507130404265649020e+02,-2.316281682038011169e+01,-7.419165089919844469e+00,1.019080849270672662e+00,5.882138450615603115e-02
1.509129250955656687e+02,-2.333387301609908349e+01,-7.315869730181393749e+00,1.023289779561417312e+00,6.996956014186343775e-02
1.511128097645664070e+02,-2.350534054851508614e+01,-7.212966871277300740e+00,1.029254928785286349e+00,8.209329148992879077e-02
1.513126944335671737e+02,-2.367675156650097179e+01,-7.109813943875587405e+00,1.037490737147212627e+00,9.571536156872428869e-02
1.515125791025679121e+02,-2.384796575822466735e+01,-7.006558332921215992e+00,1.048702533798252290e+00,1.107269065005717507e-01
1.517124637715686504e+02,-2.401943062583701405e+01,-6.903997616228609857e+00,1.063720935229678588e+00,1.269637271028904446e-01
1.519123484405694171e+02,-2.419193561739226084e+01,-6.803243344093114153e+00,1.083636411130486810e+00,1.446314810988436617e-01
1.521122331095701554e+02,-2.436634736892276720e+01,-6.705751020322799683e+00,1.109775229890582970e+00,1.640107064400485315e-01
1.523121177785708937e+02,-2.454346004318582075e+01,-6.613213824007609709e+00,1.143115594993758588e+00,1.861053084094172472e-01
1.525120024475716605e+02,-2.472391524951670050e+01,-6.527287253500055897e+00,1.183119500620064546e+00,2.105545217491496535e-01
1.527118871165723988e+02,-2.490805693738721516e+01,-6.449640033718464061e+00,1.227510693576151279e+00,2.371202165707144149e-01
1.529117717855731655e+02,-2.509608598939301771e+01,-6.382345234846758864e+00,1.274275704167447731e+00,2.662049145675859374e-01
1.531116564545739038e+02,-2.528796473468947781e+01,-6.327499720710177300e+00,1.324764715403138116e+00,2.963871580434799813e-01
1.533115411235746421e+02,-2.548367127920976571e+01,-6.286189377141742085e+00,1.381470478228531640e+00,3.260008137342771395e-01
1.535114257925754089e+02,-2.568220478606638224e+01,-6.257561885684387981e+00,1.444130030460703651e+00,3.539063552842597882e-01
1.537113104615761472e+02,-2.588121759941733302e+01,-6.238524284559841426e+00,1.512224609489974281e+00,3.793705803237084617e-01
1.539111951305769139e+02,-2.608044898302317449e+01,-6.226249598878061953e+00,1.586379599640020288e+00,4.015993026924783438e-01
1.541110797995776522e+02,-2.628029467186370383e+01,-6.225122387032923754e+00,1.667092089716850190e+00,4.199393148210601723e-01
1.543109644685783906e+02,-2.647952152863685171e+01,-6.242224092277615988e+00,1.757950814708549636e+00,4.338830511698928971e-01
1.545108491375791573e+02,-2.667646216216673594e+01,-6.278634117030571282e+00,1.857929914963711404e+00,4.439181959639354469e-01
1.547107338065798956e+02,-2.686904669549414493e+01,-6.334649969146733284e+00,1.967014769323139234e+00,4.511971387152799995e-01
1.549106184755806339e+02,-2.705311522501623500e+01,-6.412844624238894120e+00,2.087495404255705012e+00,4.563144221181693605e-01
1.551105031445814006e+02,-2.722315645157897990e+01,-6.514428630394710318e+00,2.214119908417163884e+00,4.590906709702844424e-01
1.553103878135821390e+02,-2.737410055504404838e+01,-6.644181263485226197e+00,2.340742032092224090e+00,4.589849102505539347e-01
1.555102724825829057e+02,-2.750326398646930670e+01,-6.795309339831597129e+00,2.463511627463371934e+00,4.566093841509232809e-01
1.557101571515836440e+02,-2.761136345301227735e+01,-6.962318322097509338e+00,2.580328192762214368e+00,4.525427444799456356e-01
1.559100418205843823e+02,-2.769624939451581369e+01,-7.144326433210882676e+00,2.689107284922833685e+00,4.465547407636210053e-01
1.561099264895851491e+02,-2.775971524484799957e+01,-7.334277500540630435e+00,2.788563848758767616e+00,4.381883467912761065e-01
1.563098111585858874e+02,-2.780600763467057845e+01,-7.528335924583218208e+00,2.877646996356346243e+00,4.263648391909673485e-01
1.565096958275866541e+02,-2.784124021747266298e+01,-7.724678804581351699e+00,2.957768333893287860e+00,4.114735323897529828e-01
1.567095804965873924e+02,-2.786796434043968773e+01,-7.923480773475738204e+00,3.031258508099933024e+00,3.936725372909169463e-01
1.569094651655881307e+02,-2.788478572140459022e+01,-8.123664050056927266e+00,3.098480848674607824e+00,3.725426933427018472e-01
1.571093498345888975e+02,-2.788977244304717829e+01,-8.323600632648020081e+00,-3.123116855611900000e+00,3.497423082980393172e-01
1.573092345035896358e+02,-2.788190369972201665e+01,-8.523187676372090849e+00,-3.066833891715639027e+00,3.269748089478843323e-01
1.575091191725903741e+02,-2.786147268839874158e+01,-8.721957538000737031e+00,-3.013670964446026446e+00,3.052438002323102917e-01
1.577090038415911408e+02,-2.782810281161188826e+01,-8.918731197763454688e+00,-2.961833563908316425e+00,2.849871478153299109e-01
1.579088885105918791e+02,-2.778116094048427698e+01,-9.112672070748027764e+00,-2.911616776574539323e+00,2.666669528127061928e-01
1.581087731795926459e+02,-2.772331886527575051e+01,-9.304002335059269768e+00,-2.864350564295536916e+00,2.500350696019281727e-01
1.583086578485933842e+02,-2.765883084387581192e+01,-9.493356489314825453e+00,-2.820758597366149090e+00,2.348696531234143459e-01
1.585085425175941225e+02,-2.758962767141068895e+01,-9.680864569875170744e+00,-2.780310375729985850e+00,2.216647133997940444e-01
1.587084271865948892e+02,-2.751495061792426355e+01,-9.866098290423140682e+00,-2.742388441634842522e+00,2.100687810930736144e-01
1.589083118555956275e+02,-2.743407433832156173e+01,-1.004881095394572199e+01,-2.706378443974806203e+00,1.997466665436506694e-01
1.591081965245963659e+02,-2.734752466869351295e+01,-1.022909448458824677e+01,-2.670902888168197542e+00,1.906253919244428330e-01
1.593080811935971326e+02,-2.725592970328131770e+01,-1.040686252500088393e+01,-2.635298245924738048e+00,1.826162985403290695e-01
1.595079658625978709e+02,-2.715880237741832914e+01,-1.058152549200035608e+01,-2.599402560236897308e+00,1.746300338065314428e-01
1.597078505315986376e+02,-2.705473864135363726e+01,-1.075197546812749749e+01,-2.563565880206672531e+00,1.651858539265239068e-01
1.599077352005993760e+02,-2.694220110618250530e+01,-1.091709189001638514e+01,-2.528025310328626318e+00,1.542951359661508537e-01
1.601076198696001143e+02,-2.682138146894480002e+01,-1.107655977232026778e+01,-2.495057915901609302e+00,1.440085692599125111e-01
1.603075045386008810e+02,-2.669503533012966656e+01,-1.123147911326984882e+01,-2.466601453365348640e+00,1.354064958481005498e-01
1.605073892076016193e+02,-2.656432491360301640e+01,-1.138286451622019158e+01,-2.439269415945027220e+00,1.272394747408872873e-01
1.607072738766023861e+02,-2.642914590330436297e+01,-1.153054470344644500e+01,-2.412136223556053949e+00,1.186792010881624060e-01
1.609071585456031244e+02,-2.628948565391787184e+01,-1.167408822576663852e+01,-2.386178531983364159e+00,1.095156682744817811e-01
1.611070432146038627e+02,-2.614976777987650891e+01,-1.181605110565217664e+01,-2.361054988252796694e+00,9.940455578297556494e-02
1.613069278836046294e+02,-2.601218102117564257e+01,-1.196075102826948999e+01,-2.336789923958123794e+00,8.848342206515856512e-02
1.615068125526053677e+02,-2.587133891631330940e+01,-1.210286863685110781e+01,-2.315553634345861145e+00,7.734239023409059111e-02
1.617066972216061060e+02,-2.572527467738064999e+01,-1.223917293004838314e+01,-2.301471169194132749e+00,6.700759019096612368e-02
1.619065818906068728e+02,-2.557411633754964342e+01,-1.236978019186193833e+01,-2.294792132954144748e+00,5.736581306543977327e-02
1.621064665596076111e+02,-2.541731994690900365e+01,-1.249433694386145888e+01,-2.288648460299758103e+00,4.767270965681569966e-02
1.623063512286083778e+02,-2.525737175619332220e+01,-1.261440353010454452e+01,-2.279444945303169767e+00,3.783679116337132498e-02
1.625062358976091161e+02,-2.509790241474232886e+01,-1.273468798635714272e+01,-2.271645969881755711e+00,2.675630904317629136e-02
1.627061205666098544e+02,-2.494451698458425781e+01,-1.286097051984154049e+01,-2.267945385099230826e+00,1.384435406537521188e-02
1.629060052356106212e+02,-2.479605405301170862e+01,-1.299452425443914194e+01,-2.268568381905992304e+00,-8.176192570865381537e-04
1.631058899046113595e+02,-2.464705846721416904e+01,-1.312832947640006154e+01,-2.273513953571264956e+00,-1.729897778052974511e-02
1.633057745736121262e+02,-2.449618213882392936e+01,-1.326023740921663574e+01,-2.281568655293781056e+00,-3.545207713900268287e-02
1.635056592426128645e+02,-2.434470164466809194e+01,-1.339095638218762119e+01,-2.290211398803537080e+00,-5.492153536867266234e-02
1.637055439116136029e+02,-2.419345454824584607e+01,-1.352195970052876994e+01,-2.295690080489491525e+00,-7.375175280601312111e-02
1.639054285806143696e+02,-2.404273761448114755e+01,-1.365382126371912541e+01,-2.298694379197740112e+00,-9.262473218176454914e-02
1.641053132496151079e+02,-2.389247562762481891e+01,-1.378579575333141527e+01,-2.304477040099180307e+00,-1.141859892564161261e-01
1.643051979186158462e+02,-2.374281214476417645e+01,-1.391824621021138597e+01,-2.315341563810530356e+00,-1.383019981078332516e-01
1.645050825876166130e+02,-2.359429853923323961e+01,-1.405189542370060529e+01,-2.332305896409486046e+00,-1.628916326320001273e-01
1.647049672566173513e+02,-2.344734044306649778e+01,-1.418711493844961424e+01,-2.356790740958320196e+00,-1.863432109399791314e-01
1.649048519256181180e+02,-2.330293201966307137e+01,-1.432510394959265199e+01,-2.389447123074791790e+00,-2.079440687455420822e-01
1.651047365946188563e+02,-2.316235353315403955e+01,-1.446689190287530025e+01,-2.430210997207046919e+00,-2.274084809611658653e-01
1.653046212636195946e+02,-2.302713055051810187e+01,-1.461390832700572417e+01,-2.478516458044494719e+00,-2.454180513093839611e-01
1.655045059326203614e+02,-2.290005095700713511e+01,-1.476818355015044304e+01,-2.535113092709463167e+00,-2.624945335961610948e-01
1.657043906016210997e+02,-2.278518619790455091e+01,-1.493190841515286671e+01,-2.596308063151233636e+00,-2.803647907808394790e-01
1.659042752706218664e+02,-2.268503185629358043e+01,-1.510496303886656655e+01,-2.665077411622846615e+00,-2.985087882201686860e-01
1.661041599396226047e+02,-2.259996838595766633e+01,-1.528533903900878599e+01,-2.745129033640596017e+00,-3.144308057106459664e-01
1.663040446086233430e+02,-2.252893640604358083e+01,-1.547241331366258343e+01,-2.832333927581696997e+00,-3.281084335100790117e-01
1.665039292776241098e+02,-2.247544276405587738e+01,-1.566479634316003455e+01,-2.922836771314536897e+00,-3.399542874846127605e-01
1.667038139466248481e+02,-2.243336000357441762e+01,-1.585859590942072295e+01,-3.012888405884722953e+00,-3.502369559926262754e-01
1.669036986156255864e+02,-2.240847139297560631e+01,-1.605791808269611565e+01,-3.099865008943422762e+00,-3.592015107964602327e-01
1.671035832846263531e+02,-2.241208800223702724e+01,-1.625908050379385017e+01,3.100561974710602797e+00,-3.667138856974838657e-01
1.673034679536270914e+02,-2.243823615456170373e+01,-1.645702349335372361e+01,3.020510532830107842e+00,-3.726238606676368637e-01
1.675033526226278582e+02,-2.248130929823804181e+01,-1.665174773440331535e+01,2.943601249128552588e+00,-3.761589418161127019e-01
1.677032372916285965e+02,-2.253782564436756530e+01,-1.684321454973708398e+01,2.866682758596243552e+00,-3.782879765869812672e-01
1.679031219606293348e+02,-2.260460809166027474e+01,-1.703119400734508915e+01,2.791144321437788456e+00,-3.771789870373231657e-01
1.681030066296301015e+02,-2.267922983044545759e+01,-1.721601536071186089e+01,2.721710316618175973e+00,-3.730057660683112064e-01
1.683028912986308399e+02,-2.276317896289641141e+01,-1.739752579904740415e+01,2.656166830798722955e+00,-3.669131361177956352e-01
1.685027759676316066e+02,-2.285835330017395250e+01,-1.757343460874298557e+01,2.591846406185149831e+00,-3.581806836974495423e-01
1.687026606366323449e+02,-2.296475966809542157e+01,-1.774264887955640191e+01,2.526254605812941811e+00,-3.483604365525674318e-01
1.689025453056330832e+02,-2.308322682419357008e+01,-1.790384908273469478e+01,2.457760682302411404e+00,-3.384391008438084048e-01
1.691024299746338500e+02,-2.321390906410654509e+01,-1.805514819998007781e+01,2.386964636760132485e+00,-3.285694177794378779e-01
1.693023146436345883e+02,-2.335558077703077018e+01,-1.819597687781034168e+01,2.315032908108450638e+00,-3.184035904670028394e-01
1.695021993126353266e+02,-2.350724611920708185e+01,-1.832604648215301424e+01,2.244304102938414758e+00,-3.084960059182824121e-01
1.697020839816360933e+02,-2.366930058188767561e+01,-1.844384270547212878e+01,2.174597904287311145e+00,-2.978029101048749738e-01
1.699019686506368316e+02,-2.384042191322523863e+01,-1.854749476290735188e+01,2.110261955996882044e+00,-2.874761434081424816e-01
1.701018533196375984e+02,-2.401737465605642541e+01,-1.863915204838068007e+01,2.046893591820280633e+00,-2.775834351106558073e-01
1.703017379886383367e+02,-2.419965683950005797e+01,-1.872036176492998649e+01,1.984045164299237385e+00,-2.674494410013722456e-01
1.705016226576390750e+02,-2.438623746847281026e+01,-1.879265500589645299e+01,1.928451987798521117e+00,-2.585357855582602338e-01
1.707015073266398417e+02,-2.457591683645904013e+01,-1.885391596714732643e+01,1.877658690229530691e+00,-2.496018078610561519e-01
1.709013919956405800e+02,-2.476644793433564118e+01,-1.891159941390787225e+01,1.830344545254643407e+00,-2.395303211065779037e-01
1.711012766646413468e+02,-2.496310444216161173e+01,-1.895713892216441465e+01,1.787042188378363150e+00,-2.288301030899265176e-01
1.713011613336420851e+02,-2.516016007398665266e+01,-1.898728352240761552e+01,1.747630607047165441e+00,-2.178361343889258783e-01
1.715010460026428234e+02,-2.535634510372213768e+01,-1.901710788541799957e+01,1.710328808507977527e+00,-2.067814732786943110e-01
1.717009306716435901e+02,-2.555553204840454384e+01,-1.904153547108735367e+01,1.676158036320784639e+00,-1.955899190051172964e-01
1.719008153406443284e+02,-2.575525943124232953e+01,-1.905595659451481438e+01,1.641902846022816220e+00,-1.855174142307702279e-01
1.721007000096450668e+02,-2.595457174313446558e+01,-1.906471713735989582e+01,1.612016855674493598e+00,-1.757011428340129466e-01
1.723005846786458335e+02,-2.615441386534082824e+01,-1.906967851705573125e+01,1.586985971018826547e+00,-1.660880155856923335e-01
1.725004693476465718e+02,-2.635444704653971826e+01,-1.906908044346076991e+01,1.558299607761924221e+00,-1.577356332819807028e-01
1.727003540166473385e+02,-2.655421973140596492e+01,-1.906312807646725460e+01,1.528423110887023206e+00,-1.492677357565189156e-01
1.729002386856480769e+02,-2.675404848405282721e+01,-1.905316945024841502e+01,1.500191903301779206e+00,-1.402365712099721273e-01
1.731001233546488152e+02,-2.695380523182305410e+01,-1.903924316880797818e+01,1.472172048489391205e+00,-1.314204240242962396e-01
1.733000080236495819e+02,-2.715275374765068861e+01,-1.901954572380659414e+01,1.444190835733785150e+00,-1.235584267710224671e-01
1.734998926926503202e+02,-2.735052624284655565e+01,-1.899218586666750497e+01,1.417655176102431192e+00,-1.162284445108399955e-01
1.736997773616510869e+02,-2.754714428725999653e+01,-1.895709391165947366e+01,1.392689379882884992e+00,-1.093199079698153886e-01
1.738996620306518253e+02,-2.774255340406342896e+01,-1.891541123278100400e+01,1.368620217249032489e+00,-1.018638063223746698e-01
1.740995466996525636e+02,-2.793688346290654323e+01,-1.886857672572915234e+01,1.344494296251683263e+00,-9.499600900663381087e-02
1.742994313686533303e+02,-2.813039219965054016e+01,-1.881816353108634132e+01,1.320076203892488031e+00,-8.925049943437347866e-02
1.744993160376540686e+02,-2.832322985472715970e+01,-1.876519949615696703e+01,1.297873290834674176e+00,-8.322163191746106969e-02
1.746992007066548069e+02,-2.851558818459603728e+01,-1.871005338840851095e+01,1.280932051145871942e+00,-7.810916752605655267e-02
1.748990853756555737e+02,-2.870726007627041199e+01,-1.865280684200434180e+01,1.269721732892536536e+00,-7.494371704942340284e-02
1.750989700446563120e+02,-2.889702274472669075e+01,-1.859182507928012384e+01,1.261663629257674391e+00,-7.313383115715223204e-02
1.752988547136570787e+02,-2.908444475953556818e+01,-1.852482200583947147e+01,1.253681902299581541e+00,-7.216766325426740569e-02
1.754987393826578170e+02,-2.927179072355296086e+01,-1.845440930081389652e+01,1.245683125317552431e+00,-7.240851232004399951e-02
1.756986240516585553e+02,-2.946077183287552614e+01,-1.838632582635620949e+01,1.239130563926008399e+00,-7.432228088719040893e-02
1.758985087206593221e+02,-2.965077434477142049e+01,-1.832288179689147611e+01,1.234682581824729564e+00,-7.801632491099314004e-02
1.760983933896600604e+02,-2.984015350656914123e+01,-1.826072656584399567e+01,1.232251939340828883e+00,-8.285829542192776898e-02
1.762982780586608271e+02,-3.002820360584662396e+01,-1.819532082572583676e+01,1.230189840266999735e+00,-8.773783759607220456e-02
1.764981627276615654e+02,-3.021611468401217948e+01,-1.812715758614136163e+01,1.225605040771445609e+00,-9.277197435203252129e-02
1.766980473966623038e+02,-3.040477624921670952e+01,-1.805944133765180126e+01,1.216166608949627026e+00,-9.913828400153125442e-02
1.768979320656630705e+02,-3.059407012756675215e+01,-1.799361141521530527e+01,1.200589901779582469e+00,-1.074766667094174954e-01
1.770978167346638088e+02,-3.078268175259248096e+01,-1.792788460537851236e+01,1.179805415817309466e+00,-1.177497033246997227e-01
1.772977014036645471e+02,-3.096883427933800093e+01,-1.785695780173051617e+01,1.155686646091051095e+00,-1.288211720008912431e-01
1.774975860726653138e+02,-3.115242211874970479e+01,-1.777815579033125815e+01,1.128188145743857174e+00,-1.393222369592660159e-01
1.776974707416660522e+02,-3.133349510781574665e+01,-1.769288631922489685e+01,1.095571689592551134e+00,-1.507950008824699151e-01
1.778973554106668189e+02,-3.151089705274685215e+01,-1.760096694657715233e+01,1.056734871619256388e+00,-1.641371415143258183e-01
1.780972400796675572e+02,-3.168362364041185941e+01,-1.750082286781643148e+01,1.013252237164115943e+00,-1.772926623619067166e-01
1.782971247486682955e+02,-3.185126643829136128e+01,-1.739186112047263322e+01,9.693272313578420452e-01,-1.914925976797507978e-01
1.784970094176690623e+02,-3.201368476929327755e+01,-1.727516204332490801e+01,9.269993831166329912e-01,-2.049652320997426558e-01
1.786968940866698006e+02,-3.217035027821742688e+01,-1.715095428452681148e+01,8.846075894869041001e-01,-2.171276014474091687e-01
1.788967787556705389e+02,-3.232042752383422624e+01,-1.701873204433676534e+01,8.400629738822233961e-01,-2.281108680963000179e-01
1.790966634246713056e+02,-3.246395097926932749e+01,-1.687955684714239268e+01,7.909364197777928318e-01,-2.366232834041538391e-01
1.792965480936720439e+02,-3.260281438037336699e+01,-1.673556432499996305e+01,7.386943557858494103e-01,-2.431252935147543703e-01
1.794964327626728107e+02,-3.273780737384717554e+01,-1.658838385468938270e+01,6.887155409366143566e-01,-2.490458808299194360e-01
1.796963174316735490e+02,-3.286760180455287639e+01,-1.643653155937902710e+01,6.362983871588032692e-01,-2.525390648263391991e-01
1.798962021006742873e+02,-3.298816790895680384e+01,-1.627697908018015127e+01,5.785126177783297408e-01,-2.523096759385874410e-01
1.800960867696750540e+02,-3.309372201393887281e+01,-1.610625759941132884e+01,5.234902366914009342e-01,-2.506938126474521633e-01
1.802959714386757923e+02,-3.318399738763036311e+01,-1.592844439499511289e+01,4.646611502007909067e-01,-2.472300255567908278e-01
1.804958561076765591e+02,-3.326903160677704818e+01,-1.575016339625169337e+01,4.062168892730677605e-01,-2.433404431084087716e-01
1.806957407766772974e+02,-3.334354031747437119e+01,-1.556300020612124335e+01,3.481570340247854833e-01,-2.385766811157946643e-01
1.808956254456780357e+02,-3.339692525116966237e+01,-1.537030314386284324e+01,2.886725944815369260e-01,-2.311985238266455189e-01
1.810955101146788024e+02,-3.344644601317079946e+01,-1.517739889428582778e+01,2.338580821951119493e-01,-2.208009785405816439e-01
1.812953947836795408e+02,-3.348287810193895808e+01,-1.497988776528751131e+01,1.837462696929152983e-01,-2.078047769390800326e-01
1.814952794526802791e+02,-3.351369701944212665e+01,-1.478458001286291434e+01,1.325790766300922741e-01,-1.936616003177657475e-01
1.816951641216810458e+02,-3.353940548849322312e+01,-1.458553370616325040e+01,8.599794194111765044e-02,-1.775344606859413921e-01
1.818950487906817841e+02,-3.355012469359864014e+01,-1.438466319561169193e+01,4.807815040584428878e-02,-1.581494468524782537e-01
1.820949334596825508e+02,-3.355131855570773070e+01,-1.418533171354967237e+01,1.105524193267726218e-02,-1.377790343613191359e-01
1.822948181286832892e+02,-3.354511122938921375e+01,-1.398532681854156934e+01,-1.902260515147835562e-02,-1.151449994903936264e-01
1.824947027976840275e+02,-3.353097584322955527e+01,-1.378599460083881034e+01,-4.580109538776100386e-02,-9.126928671754325206e-02
1.826945874666847942e+02,-3.351388875930133793e+01,-1.358704258199252379e+01,-6.914882923565635053e-02,-6.762793463612941369e-02
1.828944721356855325e+02,-3.349230182273814194e+01,-1.338804984341626714e+01,-8.419783428879612508e-02,-4.339886913564162951e-02
1.830943568046862993e+02,-3.346842118429115231e+01,-1.318971956620671726e+01,-9.175819043472310810e-02,-1.805048125517951657e-02
1.832942414736870376e+02,-3.344504514768659931e+01,-1.299128576065587559e+01,-9.204542531900328228e-02,7.913236499342229599e-03
1.834941261426877759e+02,-3.342240019747470825e+01,-1.279264132107731200e+01,-8.548415661682184918e-02,3.425241275317164602e-02
1.836940108116885426e+02,-3.340145636981501553e+01,-1.259375482298007576e+01,-7.342995104991678623e-02,5.848282967058066051e-02
1.838938954806892809e+02,-3.338218959368277439e+01,-1.239484875922274831e+01,-5.372037895685566333e-02,7.953735269150119525e-02
1.840937801496900192e+02,-3.336822555334001095e+01,-1.219554902131195284e+01,-2.730809687969903976e-02,1.000188439363847576e-01
1.842936648186907860e+02,-3.336145232255396564e+01,-1.199565771557134752e+01,4.346747996214483933e-03,1.194471779825044544e-01
1.844935494876915243e+02,-3.336043663691955885e+01,-1.179587616120890381e+01,4.135026596365731777e-02,1.376100520372195435e-01
1.846934341566922910e+02,-3.336743620850820236e+01,-1.159617602075108955e+01,7.780128742584424550e-02,1.536603819476212718e-01
1.848933188256930293e+02,-3.338522696851750737e+01,-1.139677884383501016e+01,1.151772226378453556e-01,1.656786741669296903e-01
1.850932034946937677e+02,-3.341403602331691047e+01,-1.119867487274025208e+01,1.616977927751965805e-01,1.710589592613072085e-01
1.852930881636945344e+02,-3.345369465891018734e+01,-1.100141729903777232e+01,2.153809628608287507e-01,1.722231696468702611e-01
1.854929728326952727e+02,-3.350451206037812568e+01,-1.080800939308866404e+01,2.695097203429877020e-01,1.727222797367974627e-01
1.856928575016960394e+02,-3.355549122741514623e+01,-1.061790141322854630e+01,3.197943629597423953e-01,1.707913814838226407e-01
1.858927421706967777e+02,-3.361008286920674237e+01,-1.042497442409957742e+01,3.660440987245763278e-01,1.650599880549779852e-01
1.860926268396975161e+02,-3.368718780119429113e+01,-1.024018832197116602e+01,4.108999122139125326e-01,1.566268378348102397e-01
1.862925115086982828e+02,-3.378394873007513155e+01,-1.006446077036087416e+01,4.584905875306524159e-01,1.454557443178751686e-01
1.864923961776990211e+02,-3.388567612042939459e+01,-9.894421681701867755e+00,5.043216986649503575e-01,1.307947989230064945e-01
1.866922808466997594e+02,-3.398780260134609676e+01,-9.722869633500657471e+00,5.451382624469203186e-01,1.152304445606862071e-01
1.868921655157005262e+02,-3.409245031317845331e+01,-9.551779833702907396e+00,5.781347046379998744e-01,9.904923576087056036e-02
1.870920501847012645e+02,-3.420389824351709507e+01,-9.385823275136978339e+00,5.920830785964543708e-01,8.059276277152033208e-02
1.872919348537020312e+02,-3.432857272326204168e+01,-9.228867043857345465e+00,5.964499998634891220e-01,5.895620500828327448e-02
1.874918195227027695e+02,-3.445906811294389627e+01,-9.078513398837339210e+00,6.050065576680712098e-01,3.478481660747281129e-02
1.876917041917035078e+02,-3.458400236090645308e+01,-8.921907941610058401e+00,6.093416240715714416e-01,1.122355013107165234e-02
1.878915888607042746e+02,-3.469993045950918287e+01,-8.754724596536149761e+00,6.061388425958837978e-01,-1.162216865640952092e-02
1.880914735297050129e+02,-3.480264304623641181e+01,-8.581708203419470493e+00,5.988379758652038198e-01,-3.712250490947618942e-02
1.882913581987057796e+02,-3.490354820583060302e+01,-8.415415191535601025e+00,5.858342141409376147e-01,-6.689498941534824383e-02
1.884912428677065179e+02,-3.501964069880975217e+01,-8.254588069161835406e+00,5.642277677585525453e-01,-9.504912549082383810e-02
1.886911275367072562e+02,-3.512982726493061847e+01,-8.086588918281551130e+00,5.384572728222809523e-01,-1.195319811768242174e-01
1.888910122057080230e+02,-3.522960079941874767e+01,-7.911312747419832370e+00,5.111456967346219571e-01,-1.401953365385456285e-01
1.890908968747087613e+02,-3.532710146035769583e+01,-7.739940920323665097e+00,4.838829469840222330e-01,-1.555400159755726541e-01
1.892907815437094996e+02,-3.542929925731192498e+01,-7.569994805345627853e+00,4.510697933332479259e-01,-1.699672186718982347e-01
1.894906662127102663e+02,-3.552652711495281324e+01,-7.391777303827594459e+00,4.085687514197173797e-01,-1.863696807588396120e-01
1.896905508817110046e+02,-3.560804219074929478e+01,-7.207558911831345227e+00,3.646626750189936317e-01,-1.991657551786054636e-01
1.898904355507117714e+02,-3.567269940819874563e+01,-7.020312660091331480e+00,3.195822320254302351e-01,-2.099025373503198288e-01
1.900903202197125097e+02,-3.572436948359471387e+01,-6.827896937619773787e+00,2.624955200877254757e-01,-2.171697310149364457e-01
1.902902048887132480e+02,-3.576767800111845474e+01,-6.631405916126698052e+00,1.910649311887435697e-01,-2.218442264042854717e-01
1.904900895577140147e+02,-3.580750963750790561e+01,-6.434737822687997877e+00,1.243444389140695439e-01,-2.258173540947959190e-01
1.906899742267147531e+02,-3.583596767317281007e+01,-6.236773125908024795e+00,6.728605259625330959e-02,-2.293502275417948488e-01
1.908898588957155198e+02,-3.584963605082661076e+01,-6.037674581026331033e+00,1.767673584888185268e-02,-2.327209584104979190e-01
1.910897435647162581e+02,-3.583657596757090147e+01,-5.843836916979613605e+00,-2.971821359651882766e-02,-2.357182514620927982e-01
1.912896282337169964e+02,-3.580152770686238739e+01,-5.645581543509057276e+00,-8.302682504071445813e-02,-2.352116249452827490e-01
1.914895129027177632e+02,-3.576988604034357877e+01,-5.444738914117402295e+00,-1.400422813370496566e-01,-2.315514631832665815e-01
1.916893975717185015e+02,-3.574016085291420808e+01,-5.246985930881187699e+00,-1.868619969316265284e-01,-2.288286724927078297e-01
1.918892822407192398e+02,-3.570753582934874970e+01,-5.049768269902611628e+00,-2.329871414178337208e-01,-2.247254286951396451e-01
1.920891669097200065e+02,-3.566574077618985683e+01,-4.855657036669956739e+00,-2.693400201528444171e-01,-2.172132482660449893e-01
1.922890515787207448e+02,-3.560420340314282583e+01,-4.666995133250154915e+00,-3.010309811500155863e-01,-2.053611927896744072e-01
1.924889362477215116e+02,-3.553174657285580906e+01,-4.478486037851018509e+00,-3.385207737987148136e-01,-1.944658765753719820e-01
1.926888209167222499e+02,-3.546779042795334647e+01,-4.289443129551393952e+00,-3.784146135264847555e-01,-1.863246979340237586e-01
1.928887055857229882e+02,-3.539104580095494157e+01,-4.105112225804041337e+00,-4.192013380937635869e-01,-1.803549434032812038e-01
1.930885902547237549e+02,-3.530659499694186820e+01,-3.923948055651583999e+00,-4.584463464346957284e-01,-1.749940419769398792e-01
1.932884749237244932e+02,-3.521232282395990865e+01,-3.747774962664040643e+00,-4.892341626130785048e-01,-1.683458305919854348e-01
1.934883595927252600e+02,-3.511158510581508807e+01,-3.574955833921574566e+00,-5.171030000808130023e-01,-1.607199487303293817e-01
1.936882442617259983e+02,-3.500751203154847246e+01,-3.404194623668801878e+00,-5.501241941627235121e-01,-1.558137462519583460e-01
1.938881289307267366e+02,-3.489935765011136937e+01,-3.236143799836856516e+00,-5.788011265901545910e-01,-1.514292541332111497e-01
1.940880135997275033e+02,-3.478536007963468535e+01,-3.071759302751086995e+00,-6.058564445569958323e-01,-1.498957213835510061e-01
1.942878982687282416e+02,-3.466855213543880154e+01,-2.909589454503241246e+00,-6.299061497385206598e-01,-1.494569927995280378e-01
1.944877829377289800e+02,-3.454862388884630064e+01,-2.749831981775290313e+00,-6.530705085101022878e-01,-1.475197811895949396e-01
1.946876676067297467e+02,-3.442660067670248480e+01,-2.591692731160554430e+00,-6.775829588678868864e-01,-1.449584327143284279e-01
1.948875522757304850e+02,-3.430065864482952520e+01,-2.436466376645570531e+00,-7.033270274473891748e-01,-1.416729752710223778e-01
1.950874369447312517e+02,-3.417085227000082170e+01,-2.284523201803264847e+00,-7.292907367497972748e-01,-1.378441176920001954e-01
1.952873216137319901e+02,-3.403727513258693449e+01,-2.135848430845865842e+00,-7.560218375514202727e-01,-1.361935674225516479e-01
1.954872062827327284e+02,-3.389967479049289523e+01,-1.990885113241593229e+00,-7.825513564126320709e-01,-1.361181197465890780e-01
1.956870909517334951e+02,-3.375728536979622874e+01,-1.850484074937487122e+00,-8.097575788384164808e-01,-1.346522482496381179e-01
1.958869756207342334e+02,-3.360969930869308087e+01,-1.715305524592534381e+00,-8.383548682067800684e-01,-1.336074164406775289e-01
1.960868602897349717e+02,-3.345735634268552872e+01,-1.585699830454672110e+00,-8.685771532204339396e-01,-1.334477473302022044e-01
1.962867449587357385e+02,-3.330202401682580415e+01,-1.460319738688913516e+00,-8.985142118616373796e-01,-1.342981201520486445e-01
1.964866296277364768e+02,-3.314481153349191800e+01,-1.338004020246410297e+00,-9.282596264816146414e-01,-1.346556723533964828e-01
1.966865142967372435e+02,-3.298483665414261878e+01,-1.218512667062719990e+00,-9.579139803659043606e-01,-1.340157729714325785e-01
1.968863989657379818e+02,-3.281974204114197846e+01,-1.104642631985003787e+00,-9.855664534617576411e-01,-1.327670215128395059e-01
1.970862836347387201e+02,-3.265043531386208997e+01,-9.981150538945339212e-01,-1.009504863206008629e+00,-1.316877332341907791e-01
1.972861683037394869e+02,-3.247917596876977342e+01,-8.956397762826691089e-01,-1.033694285498838905e+00,-1.299894730403010901e-01
1.974860529727402252e+02,-3.230505113564043285e+01,-7.973185557039850213e-01,-1.061261506291836465e+00,-1.273366033817497633e-01
1.976859376417409919e+02,-3.212786859778022119e+01,-7.046490807353303909e-01,-1.088422595594437325e+00,-1.244940466821057024e-01
1.978858223107417302e+02,-3.194949915019145337e+01,-6.151423601724680390e-01,-1.112922610815957558e+00,-1.215152351453687302e-01
1.980857069797424685e+02,-3.177113612866699555e+01,-5.254887232058449431e-01,-1.139339620636854900e+00,-1.170999005202021936e-01
1.982855916487432353e+02,-3.158947731109496715e+01,-4.405029671581222050e-01,-1.166788855618823728e+00,-1.124606218001214103e-01
1.984854763177439736e+02,-3.140425221270051281e+01,-3.654697222202976659e-01,-1.191382598458743391e+00,-1.084927349083053688e-01
1.986853609867447119e+02,-3.121835438054418432e+01,-2.935265865079651482e-01,-1.213336927293371392e+00,-1.049012328690282631e-01
1.988852456557454786e+02,-3.103087982042452708e+01,-2.230853724366485269e-01,-1.234088870433575957e+00,-1.021365709758958323e-01
1.990851303247462170e+02,-3.083951894684533812e+01,-1.643957730232267211e-01,-1.255737916129298526e+00,-1.005021039624072465e-01
1.992850149937469837e+02,-3.064685269514776778e+01,-1.122756138561880335e-01,-1.275679893396269415e+00,-9.891555058251522148e-02
1.994848996627477220e+02,-3.045430523520665744e+01,-5.936494135222759871e-02,-1.291604052785447987e+00,-9.649606039954768122e-02
1.996847843317484603e+02,-3.026124148770318456e+01,-7.454398749503830628e-03,-1.307446605110744509e+00,-9.409015482379066986e-02
1.998846690007492271e+02,-3.006793345862204703e+01,4.347456383085554488e-02,-1.324135519318385912e+00,-9.215051708865223956e-02
2.000845536697499654e+02,-2.987417000192962035e+01,9.275920430009398920e-02,-1.336706650330460544e+00,-8.942380143607846221e-02
2.002844383387507321e+02,-2.967989322051564827e+01,1.399980095101568400e-01,-1.348097295144352614e+00,-8.606180223933215800e-02
2.004843230077514704e+02,-2.948502779614278424e+01,1.847335600008288281e-01,-1.361980314604268605e+00,-8.301384776532297338e-02
2.006842076767522087e+02,-2.928952459473770986e+01,2.265081576837821575e-01,-1.377276944561826921e+00,-8.021806349937163350e-02
2.008840923457529755e+02,-2.909333594314937343e+01,2.647649873166483814e-01,-1.393877147109527925e+00,-7.731140130842792391e-02
2.010839770147537138e+02,-2.889641879225515808e+01,2.989586228522866929e-01,-1.411281458894102725e+00,-7.377621155071066583e-02
2.012838616837544521e+02,-2.869880183369875581e+01,3.288705135622851938e-01,-1.429128327243095464e+00,-7.029383968668816152e-02
2.014837463527552188e+02,-2.850059403204897279e+01,3.546361922081120444e-01,-1.447023168148635186e+00,-6.748218053112595149e-02
2.016836310217559571e+02,-2.830191727293494353e+01,3.765180469317535583e-01,-1.464566184658088410e+00,-6.439927237765140366e-02
2.018835156907567239e+02,-2.810287582702348175e+01,3.948042055266616224e-01,-1.481312122946221166e+00,-6.085490369551194850e-02
2.020834003597574622e+02,-2.790355790343912901e+01,4.097946939902345487e-01,-1.496828559653641033e+00,-5.813123376170090117e-02
2.022832850287582005e+02,-2.770403713855668570e+01,4.218013630376322709e-01,-1.510837552703159004e+00,-5.553788029857421871e-02
2.024831696977589672e+02,-2.750437296489643302e+01,4.311450763039285650e-01,-1.523246508119747489e+00,-5.219849579834292402e-02
2.026830543667597055e+02,-2.730461280242190369e+01,4.381623806914617392e-01,-1.534024148702431756e+00,-4.842428984132359643e-02
2.028829390357604723e+02,-2.710479251694789227e+01,4.431846943862007837e-01,-1.543156147643960807e+00,-4.428466033998024187e-02
2.030828237047612106e+02,-2.690493664858822953e+01,4.465333469877291184e-01,-1.550672588648160266e+00,-3.993531698866777113e-02
2.032827083737619489e+02,-2.670506250181244567e+01,4.485561396003691637e-01,-1.556693110967575899e+00,-3.547655558215281196e-02
2.034825930427627156e+02,-2.650518075770763815e+01,4.495893049034125899e-01,-1.561377119163706917e+00,-3.100783084507029858e-02
2.036824777117634540e+02,-2.630529653052599315e+01,4.499712510777944541e-01,-1.564895149972663990e+00,-2.662894652892931757e-02
2.038823623807641923e+02,-2.610541190121592336e+01,4.500285304172805811e-01,-1.567414764963382279e+00,-2.245106734504707935e-02
2.040822470497649590e+02,-2.590552724191952905e+01,4.500079682990547059e-01,-1.569097498711716332e+00,-1.858232978482190004e-02
2.042821317187656973e+02,-2.570564258747300812e+01,4.499870214401839874e-01,-1.570120711554026327e+00,-1.509154516931528189e-02
2.044820163877664640e+02,-2.550575793045109307e+01,4.499710030461262500e-01,-1.570653895704044567e+00,-1.200167184552445795e-02
2.046819010567672024e+02,-2.530587326612170784e+01,4.499574330336009176e-01,-1.570862407492413571e+00,-9.321643074502328902e-03
2.048817857257679407e+02,-2.510598855160281317e+01,4.499437993474768582e-01,-1.570913640586878213e+00,-7.054571901007238369e-03
2.050816703947687074e+02,-2.490610391523592781e+01,4.499290234353885420e-01,-1.570930611248500197e+00,-5.192766050483863319e-03
2.052815550637694457e+02,-2.470621935438924055e+01,4.499065887003506070e-01,-1.570952718639601731e+00,-3.705238736802949837e-03
2.054814397327702125e+02,-2.450633460056953439e+01,4.498740027439441236e-01,-1.570982968246597444e+00,-2.553223507487169773e-03
2.056813244017709508e+02,-2.430644991324100701e+01,4.498391658989026043e-01,-1.571020547913562382e+00,-1.693822722858928089e-03
2.058812090707716891e+02,-2.410656530397881170e+01,4.497940381422932399e-01,-1.571064606245786033e+00,-1.085179676445473989e-03
2.060810937397724558e+02,-2.390668061846807646e+01,4.497395542707736671e-01,-1.571115016419678989e+00,-6.868705478934698664e-04
2.062809784087731941e+02,-2.370679596897095820e+01,4.496744181276852714e-01,-1.571168922920727962e+00,-4.545377097368327019e-04
2.064808630777739324e+02,-2.350691131194937711e+01,4.495979354071897305e-01,-1.571225512205712604e+00,-3.457698242348388037e-04
2.066807477467746992e+02,-2.330702666385782607e+01,4.495092494048892884e-01,-1.571289219512232327e+00,-3.192143256669289814e-04
2.068806324157754375e+02,-2.310714202038486675e+01,4.494075498848038586e-01,-1.571358163031457034e+00,-3.324535990843966978e-04
2.070805170847762042e+02,-2.290725738583911664e+01,4.492920117633716903e-01,-1.571431675112146209e+00,-3.554305499676374612e-04
2.072804017537769425e+02,-2.270737275327803673e+01,4.491618261661807221e-01,-1.571505519337068169e+00,-3.776436312132874654e-04
2.074802864227776809e+02,-2.250748811902685631e+01,4.490161269429311930e-01,-1.571584123877286965e+00,-3.966347301403484477e-04
2.076801710917784476e+02,-2.230760355915771598e+01,4.488539490081180361e-01,-1.571666533858756098e+00,-4.181013783966222911e-04
2.078800557607791859e+02,-2.210771901368364922e+01,4.486710137469263060e-01,-1.571752980572035163e+00,-4.382462698651952318e-04
2.080799404297799526e+02,-2.190783436171902920e+01,4.484695904942261890e-01,-1.571843396553957328e+00,-4.579559140812600269e-04
2.082798250987806910e+02,-2.170794980652432926e+01,4.482568510986729149e-01,-1.571937813947208440e+00,-4.777967460210171555e-04
2.084797097677814293e+02,-2.150806531370630026e+01,4.480232500358634073e-01,-1.572036177441397120e+00,-4.978305994706852186e-04
2.086795944367821960e+02,-2.130818078822233019e+01,4.477698391652827903e-01,-1.572138528488938203e+00,-5.131920697074137663e-04
2.088794791057829343e+02,-2.110829631427851538e+01,4.474953460067990219e-01,-1.572242688139100064e+00,-5.155447762943306256e-04
2.090793637747836726e+02,-2.090841186277142683e+01,4.471990802982679925e-01,-1.572351513605160900e+00,-4.963550756370354537e-04
2.092792484437844394e+02,-2.070852745028559738e+01,4.468801689423614887e-01,-1.572462422084107914e+00,-4.464401122419564398e-04
2.094791331127851777e+02,-2.050864307403095310e+01,4.465378563517482524e-01,-1.572568592281563538e+00,-4.375033352599316892e-04
2.096790177817859444e+02,-2.030875873925816322e+01,4.461710944936632672e-01,-1.572691989026153703e+00,-7.594634767266882254e-04
2.098789024507866827e+02,-2.010887451430988548e+01,4.457799603139677158e-01,-1.572816580457642388e+00,-1.876270658519227190e-03
2.100787871197874210e+02,-1.990899024534342487e+01,4.453610119825218150e-01,-1.572945783745740345e+00,-3.840616587764273705e-03
2.102786717887881878e+02,-1.970910590589460298e+01,4.449265836104970284e-01,-1.573079007809288887e+00,-5.736713759576774797e-03
2.104785564577889261e+02,-1.950922187774698102e+01,4.444807650921678288e-01,-1.573215686297585458e+00,-6.925860097653234286e-03
2.106784411267896928e+02,-1.930933787334955909e+01,4.439807036065440138e-01,-1.573340804051977848e+00,-7.325027551201468597e-03
2.108783257957904311e+02,-1.910945380541635785e+01,4.434571716131815999e-01,-1.573419152970750190e+00,-7.028667296708049350e-03
2.110782104647911694e+02,-1.890956995234597926e+01,4.429026490435233887e-01,-1.573415950512157213e+00,-6.648092510115324524e-03
2.112780951337919362e+02,-1.870968622097008804e+01,4.423174440925213280e-01,-1.573290250018350989e+00,-6.390337242494051155e-03
2.114779798027926745e+02,-1.850980260372899622e+01,4.417019332301900247e-01,-1.573333128064390074e+00,-6.210923779697681557e-03
2.116778644717934128e+02,-1.830991886824266857e+01,4.410850809250769222e-01,-1.574702635972029530e+00,-5.772930096248763202e-03
2.118777491407941795e+02,-1.811003478918069831e+01,4.405373391398476612e-01,-1.579253735362713851e+00,-4.586424004800327206e-03
2.120776338097949179e+02,-1.791015052670694274e+01,4.401247920708455386e-01,-1.587197004062038230e+00,-2.570172103683699121e-03
2.122775184787956846e+02,-1.771026364962927602e+01,4.399416141526436563e-01,-1.594871436566909439e+00,-6.246520369444580811e-04
2.124774031477964229e+02,-1.751034218210747895e+01,4.394099936652856031e-01,-1.599723642504695453e+00,6.171947965968041993e-04
2.126772878167971612e+02,-1.731046261085025506e+01,4.361724391085683994e-01,-1.601421742638803547e+00,1.070071096522225021e-03
2.128771724857979279e+02,-1.711141344510045670e+01,4.265585250416362717e-01,-1.600341144861477716e+00,8.124180593513501960e-04
2.130770571547986663e+02,-1.691246879143092485e+01,4.101459003865857711e-01,-1.598928549022576195e+00,4.374486177819806318e-04
2.132769418237994330e+02,-1.671263964724296258e+01,3.942290373961297445e-01,-1.598009030974489653e+00,1.274144064873382115e-04
2.134768264928001713e+02,-1.651274310161286607e+01,3.839162434673556445e-01,-1.597397961159438662e+00,-2.087632876078168823e-05
2.136767111618009096e+02,-1.631291867600076628e+01,3.799069917630796822e-01,-1.595770393455216540e+00,2.441703925631136772e-04
2.138765958308016764e+02,-1.611309396411903094e+01,3.815209130348169997e-01,-1.591151697339574511e+00,1.352230016680240577e-03
2.140764804998024147e+02,-1.591323314571147840e+01,3.839322437512033281e-01,-1.583220543750135878e+00,3.323309899495137647e-03
2.142763651688031530e+02,-1.571336540065609100e+01,3.855871951151947918e-01,-1.575576175122194611e+00,5.225678183112107168e-03
2.144762498378039197e+02,-1.551348356765014458e+01,3.862777573795049268e-01,-1.570748330745050714e+00,6.414532579643929776e-03
2.146761345068046580e+02,-1.531359946558036711e+01,3.862922752231716106e-01,-1.569062987913265594e+00,6.799965398097127141e-03
2.148760191758054248e+02,-1.511371478199522933e+01,3.858890113452086990e-01,-1.570171354673076669e+00,6.472467487938330342e-03
2.150759038448061631e+02,-1.491382998044640829e+01,3.853131004306100116e-01,-1.571667165068753480e+00,6.049629020225024724e-03
2.152757885138069014e+02,-1.471394620513808960e+01,3.846755131336951350e-01,-1.572780886289018021e+00,5.740772828946310788e-03
2.154756731828076681e+02,-1.451406246807730405e+01,3.840121722427422557e-01,-1.573416585225676068e+00,5.500681995125655810e-03
2.156755578518084064e+02,-1.431417848998676590e+01,3.833714893114291700e-01,-1.573726517610084308e+00,5.000607176422971513e-03
2.158754425208091448e+02,-1.411429465790687487e+01,3.827701070409534889e-01,-1.573847934376773727e+00,3.749685877724656842e-03
2.160753271898099115e+02,-1.391441085347307371e+01,3.821915923564705997e-01,-1.573911430077088225e+00,1.670627609011043685e-03
2.162752118588106498e+02,-1.371452700339952990e+01,3.816203761889626067e-01,-1.573980777488193539e+00,-3.339371455741503071e-04
2.164750965278114165e+02,-1.351464318432542555e+01,3.810402670268696057e-01,-1.574080308075162415e+00,-1.630001486921638055e-03
2.166749811968121548e+02,-1.331475943504718984e+01,3.804352757618958969e-01,-1.574237565982499643e+00,-2.135540225077302724e-03
2.168748658658128932e+02,-1.311487581209700792e+01,3.797893202556348879e-01,-1.574466204432584560e+00,-1.936858109399720472e-03
2.170747505348136599e+02,-1.291499240086691280e+01,3.790864947851600442e-01,-1.574743987136876022e+00,-1.639604069402850672e-03
2.172746352038143982e+02,-1.271510926608465297e+01,3.783102939413425791e-01,-1.575059181440041201e+00,-1.436970339997376911e-03
2.174745198728151649e+02,-1.251522648257353154e+01,3.774480086868627349e-01,-1.575407921161957159e+00,-1.353343275254760515e-03
2.176744045418159033e+02,-1.231534424087786483e+01,3.764929954118511057e-01,-1.575779499249974958e+00,-1.353178924521523377e-03
2.178742892108166416e+02,-1.211546238131799136e+01,3.754346042360595104e-01,-1.576161602929059047e+00,-1.401156108645493833e-03
2.180741738798174083e+02,-1.191558078639801010e+01,3.743008491804408755e-01,-1.576541886817122151e+00,-1.464379286492188941e-03
2.182740585488181466e+02,-1.171569976707991323e+01,3.730996146068198960e-01,-1.576911153438397495e+00,-1.525424348052531942e-03
2.184739432178188849e+02,-1.151581923712529942e+01,3.718224364265282911e-01,-1.577264576898731896e+00,-1.576170248470529093e-03
2.186738278868196517e+02,-1.131593910705210071e+01,3.704747269138350396e-01,-1.577600222933812857e+00,-1.607718972565345917e-03
2.188737125558203900e+02,-1.111605937650508302e+01,3.690650152330306466e-01,-1.577914319515052233e+00,-1.614587453888715034e-03
2.190735972248211567e+02,-1.091618002276258359e+01,3.676020719207943599e-01,-1.578221799402850900e+00,-1.600554683090594631e-03
2.192734818938218950e+02,-1.071630108400218440e+01,3.660877760761014899e-01,-1.578525453104503429e+00,-1.568407661873238469e-03
2.194733665628226333e+02,-1.051642257322418850e+01,3.645190647839948173e-01,-1.578826836678049794e+00,-1.519340374059940241e-03
2.196732512318234001e+02,-1.031654452613922679e+01,3.628931598905521527e-01,-1.579136112038619810e+00,-1.463766716765288207e-03
2.198731359008241384e+02,-1.011666698357886851e+01,3.612069528598503831e-01,-1.579449326876673387e+00,-1.426377311668732863e-03
2.200730205698249051e+02,-9.916789912319030620e+00,3.594586095062290987e-01,-1.579765569456529128e+00,-1.432703529291630721e-03
2.202729052388256434e+02,-9.716913398615171005e+00,3.576504346562634495e-01,-1.580078956306116833e+00,-1.493356780267889082e-03
2.204727899078263818e+02,-9.517037680224911256e+00,3.557708563274996072e-01,-1.580381353443249592e+00,-1.559329280518131650e-03
2.206726745768271485e+02,-9.317162727609055395e+00,3.538049746856262168e-01,-1.580664733476048633e+00,-1.493168298917707439e-03
2.208725592458278868e+02,-9.117288405508867655e+00,3.517692181845236132e-01,-1.580920830008450739e+00,-1.052865593372497889e-03
2.210724439148286251e+02,-8.917414723609990546e+00,3.496741801762205948e-01,-1.581142513997819243e+00,8.858825570232294890e-05
2.212723285838293918e+02,-8.717541508501131631e+00,3.475334985282124700e-01,-1.581329194367076640e+00,2.855045703630388829e-03
2.214722132528301302e+02,-8.517668648004100618e+00,3.453603684230496240e-01,-1.581481778117326042e+00,5.605114619720719636e-03
2.216720979218308969e+02,-8.317795988467008073e+00,3.431680561505833227e-01,-1.581631189763473833e+00,6.373023601141613280e-03
2.218719825908316352e+02,-8.117923374177520301e+00,3.409699752910616000e-01,-1.581863822065320724e+00,6.637024527897455832e-03
2.220718672598323735e+02,-7.918050659758147702e+00,3.387785411345546338e-01,-1.582269396231695380e+00,6.978982709937344049e-03
2.222717519288331403e+02,-7.718177769473778760e+00,3.365972384006453155e-01,-1.582881135952874940e+00,7.509094675581422414e-03
2.224716365978338786e+02,-7.518304897144089338e+00,3.344126815770719352e-01,-1.583498297240722774e+00,8.122574264046908063e-03
2.226715212668346453e+02,-7.318432944971740461e+00,3.321481639111780182e-01,-1.583569451957644425e+00,8.639380840853151319e-03
2.228714059358353836e+02,-7.118564178472909454e+00,3.296474440195502620e-01,-1.582123353327723025e+00,8.767907922919950664e-03
2.230712906048361219e+02,-6.918702643379526229e+00,3.267418114807331131e-01,-1.577867650719482651e+00,8.177866360903974022e-03
2.232711752738368887e+02,-6.718851002805267925e+00,3.233785293046298470e-01,-1.567111855795459974e+00,5.944567789508262146e-03
2.234710599428376270e+02,-6.518994457017530664e+00,3.199719025114690640e-01,-1.556419307068567015e+00,3.710263466731605290e-03
2.236709446118383653e+02,-6.319134518638295894e+00,3.176375145642416076e-01,-1.553658717777656850e+00,3.463654318822342263e-03
2.238708292808391320e+02,-6.119442323974485731e+00,3.183321592463010941e-01,-1.552916537858500590e+00,3.762879105644077044e-03
2.240707139498398703e+02,-5.919558872070428635e+00,3.246463227883693570e-01,-1.551865736477773705e+00,4.070495383357715727e-03
2.242705986188406371e+02,-5.718809471859197302e+00,3.439638862453127111e-01,-1.550059898231639144e+00,4.289490350088197984e-03
2.244704832878413754e+02,-5.521211522605656619e+00,3.631269108433130555e-01,-1.547909792079189106e+00,4.420264550294148061e-03
2.246703679568421137e+02,-5.321858060304050397e+00,3.663680338222264354e-01,-1.546127137881141866e+00,4.362917653538034464e-03
2.248702526258428804e+02,-5.121924506060066662e+00,3.653507446506816247e-01,-1.545869422548412642e+00,3.916726882828801964e-03
2.250701372948436187e+02,-4.922025339229059604e+00,3.645446073903275686e-01,-1.548449911784186117e+00,2.766652426957170226e-03
2.252700219638443855e+02,-4.722136019184874023e+00,3.647892026163374046e-01,-1.557564635067909098e+00,-1.163948877473728908e-05
2.254699066328451238e+02,-4.522256579700682622e+00,3.656782937739759265e-01,-1.566649282418261624e+00,-2.776466383441238833e-03
2.256697913018458621e+02,-4.322376706038578043e+00,3.669059050668918576e-01,-1.567784561822457512e+00,-3.559534420036355572e-03
2.258696759708466288e+02,-4.122496190523814441e+00,3.681201566606732145e-01,-1.566820985174890657e+00,-3.840092741249010334e-03
2.260695606398473672e+02,-3.922614825770135649e+00,3.692782926213298844e-01,-1.565996803784264646e+00,-4.200202361911163466e-03
2.262694453088481055e+02,-3.722733191495581018e+00,3.703768937111937554e-01,-1.565733068776689274e+00,-4.751386996204509314e-03
2.264693299778488722e+02,-3.522851211258513970e+00,3.714142472435037479e-01,-1.565827434910096905e+00,-5.389109923210808582e-03
2.266692146468496105e+02,-3.322968917574177450e+00,3.723882363286402652e-01,-1.566127844936544999e+00,-5.933690659778115967e-03
2.268690993158503773e+02,-3.123086314121588991e+00,3.732968511651396648e-01,-1.566465480196911564e+00,-6.082768922314640142e-03
2.270689839848511156e+02,-2.923203418230323258e+00,3.741380728576018111e-01,-1.566807422627433555e+00,-5.440186966400657916e-03
2.272688686538518539e+02,-2.723320235015354029e+00,3.749098091485196793e-01,-1.567158386902681499e+00,-3.176501337736033995e-03
2.274687533228526206e+02,-2.523436788091854677e+00,3.756102949558067228e-01,-1.567518768349484226e+00,-9.672291568079309032e-04
2.276686379918533589e+02,-2.323553135504738520e+00,3.762374444368445370e-01,-1.567888644964571698e+00,-9.858114343202213463e-04
2.278685226608541257e+02,-2.123669182252341692e+00,3.767768239316277024e-01,-1.568268051188835388e+00,-1.489865893383323639e-03
2.280684073298548640e+02,-1.923785055957040635e+00,3.772514753082819028e-01,-1.568656857654709302e+00,-1.940894484509226008e-03
2.282682919988556023e+02,-1.723900803651327696e+00,3.776485578720171765e-01,-1.569054486572255103e+00,-2.236296327608923093e-03
2.284681766678563690e+02,-1.524016369289726835e+00,3.779655687197486236e-01,-1.569453801143382066e+00,-2.426760628981593400e-03
2.286680613368571073e+02,-1.324131888697335890e+00,3.782002348186959684e-01,-1.569848213750793642e+00,-2.552276959967180424e-03
2.288679460058578456e+02,-1.124247119921619520e+00,3.783504783081729772e-01,-1.570186467601310643e+00,-2.654776294236943588e-03
2.290678306748586124e+02,-9.243630099817541357e-01,3.784145367521373760e-01,-1.570198111205809877e+00,-2.331134028584782875e-03
2.292677153438593507e+02,-7.244764280674440560e-01,3.783914792113776682e-01,-1.570263313437385122e+00,-2.782245785646124902e-04
2.294676000128601174e+02,-5.245966971590234618e-01,3.782937906633817016e-01,-1.570515968015390174e+00,3.625178030982267267e-04
2.296674846818608557e+02,-3.246812610283643097e-01,3.781326015023896980e-01,-1.571725533667382546e+00,3.003112379980135086e-03
2.298673693508615941e+02,-1.247929374073126207e-01,3.779958571375179321e-01,-1.572777012193979251e+00,3.986182724561576976e-03
2.300672540198623608e+02,7.430484371777490438e-02,3.784467639772469694e-01,-1.573755904816294793e+00,4.762306571940679717e-03
2.302671386888630991e+02,2.749726033461464270e-01,3.787139841988181321e-01,-1.574673095801323308e+00,5.572163345736377664e-03
