s_m,left_x_m,left_y_m,d_left_m,right_x_m,right_y_m,d_right_m,left_kind,right_kind,valid,reason
0,0.17567833714368775,1.0500000000000005,0.95385019889588873,0.18441076406288104,-0.84999999999999931,-0.94616986817706139,occupied,occupied,1,
0.049997153151637864,0.22568670687248263,1.0500000000000007,0.95362063519127493,0.2343978376754757,-0.84999999999999865,-0.94639933412480159,occupied,occupied,1,
0.099994306303275729,0.27569672049071248,1.0500000000000005,0.95339166770812567,0.28438326882056653,-0.8500000000000002,-0.94662818906229496,occupied,occupied,1,
0.1499914594549136,0.32570837682726855,1.0500000000000012,0.95316338299211856,0.33436705632690006,-0.84999999999999964,-0.94685634657141415,occupied,occupied,1,
0.19998861260655146,0.37572167472002976,1.0499999999999998,0.95293586759741788,0.38434919903191567,-0.85000000000000009,-0.9470837202425999,occupied,occupied,1,
0.24998576575818932,0.42573661301607524,1.0500000000000003,0.95270920808668658,0.43432969578196023,-0.85000000000000064,-0.94731022367484796,occupied,occupied,1,
0.2999829189098272,0.47575319057322363,1.0500000000000007,0.95248349103106889,0.48430854543382879,-0.84999999999999909,-0.94753577047571647,occupied,occupied,1,
0.34998007206146503,0.52577140626085561,1.0500000000000009,0.95225880301019594,0.53428574685558905,-0.84999999999999964,-0.94776027426133647,occupied,occupied,1,
0.39997722521310292,0.5757912589611156,1.0500000000000014,0.95203523061218187,0.58426129892778478,-0.8499999999999992,-0.94798364865640039,occupied,occupied,1,
0.4499743783647408,0.62581274756982253,1.0500000000000003,0.95181286043361957,0.63423520054434968,-0.84999999999999931,-0.94820580729417581,occupied,occupied,1,
0.49997153151637863,0.67583587098740727,1.05,0.95159177907962877,0.68420745060355659,-0.85000000000000064,-0.94842666381645846,occupied,occupied,1,
0.54996868466801652,0.72586062816065888,1.05,0.9513720731636679,0.73417804804972531,-0.84999999999999898,-0.94864613187374891,occupied,occupied,1,
0.5999658378196544,0.77588701802274129,1.0500000000000003,0.95115382930780523,0.7841469918133035,-0.8499999999999992,-0.94886412512499929,occupied,occupied,1,
0.64996299097129229,0.82591503953484813,1.05,0.95093713414253633,0.83411428085248429,-0.85000000000000042,-0.94908055723777995,occupied,occupied,1,
0.69996014412293006,0.87594469167718703,1.05,0.95072207430682953,0.88407991414420295,-0.85000000000000087,-0.94929534188824061,occupied,occupied,1,
0.74995729727456795,0.92597597343973292,1.0499999999999994,0.95050873644816514,0.9340438906749079,-0.84999999999999987,-0.94950839276107191,occupied,occupied,1,
0.79995445042620583,0.9760088838639821,1.0500000000000007,0.95029720722236599,0.98400620948226314,-0.84999999999999887,-0.9497196235496782,occupied,occupied,1,
0.84995160357784372,1.026043421979925,1.0500000000000007,0.95008757329386095,1.0339668695922108,-0.84999999999999942,-0.94992894795590577,occupied,occupied,1,
0.8999487567294816,1.0760795868569644,1.0500000000000014,0.94987992133548238,1.0839258700698255,-0.8499999999999992,-0.95013627969025061,occupied,occupied,1,
0.94994590988111938,1.1261173775857956,1.0500000000000007,0.94967433802853818,1.1338832100012264,-0.84999999999999998,-0.95034153247178643,occupied,occupied,1,
0.99994306303275726,1.1761567932823074,1.0499999999999994,0.94947091006280704,1.1838388884974753,-0.84999999999999987,-0.95054462002816897,occupied,occupied,1,
1.0499402161843951,1.2261978330886454,1.0499999999999998,0.94926972413653576,1.2337929046956466,-0.85000000000000064,-0.95074545609564265,occupied,occupied,1,
1.099937369336033,1.276240496174327,1.0500000000000007,0.94907086695643605,1.2837452577599466,-0.8500000000000002,-0.95094395441903401,occupied,occupied,1,
1.1499345224876709,1.3262847817371493,1.0500000000000007,0.94887442523768883,1.3336959468826248,-0.84999999999999987,-0.95114002875175785,occupied,occupied,1,
1.1999316756393088,1.3763306890043678,1.0499999999999996,0.9486804857039447,1.3836449712851591,-0.8500000000000002,-0.95133359285581243,occupied,occupied,1,
1.2499288287909467,1.4263782172336748,1.0499999999999992,0.94848913508732757,1.4335923302192373,-0.85000000000000053,-0.95152456050177703,occupied,occupied,1,
1.2999259819425846,1.4764273657143321,1.0500000000000009,0.94830046012843439,1.4835380229678974,-0.84999999999999931,-0.95171284546881296,occupied,occupied,1,
1.3499231350942222,1.5264781337680369,1.0500000000000009,0.94811454757633062,1.5334820488463965,-0.84999999999999976,-0.95189836154466456,occupied,occupied,1,
1.3999202882458601,1.576530520750167,1.0500000000000007,0.94793148418856443,1.5834244072034633,-0.84999999999999964,-0.95208102252564986,occupied,occupied,1,
1.449917441397498,1.6265845260506671,1.0500000000000007,0.94775135673116262,1.6333650974221896,-0.84999999999999909,-0.95226074221666324,occupied,occupied,1,
1.4999145945491359,1.6766401490951626,1.0500000000000005,0.94757425197863399,1.6833041189211495,-0.84999999999999909,-0.95243743443117324,occupied,occupied,1,
1.5499117477007738,1.7266973893460447,1.0500000000000003,0.94740025671397388,1.7332414711554915,-0.84999999999999942,-0.95261101299121609,occupied,occupied,1,
1.5999089008524117,1.7767562463034288,1.0500000000000009,0.94722945772866773,1.7831771536179026,-0.85000000000000009,-0.95278139172739362,occupied,occupied,1,
1.6499060540040495,1.8268167195062386,1.0500000000000007,0.94706194182269365,1.8331111658396986,-0.84999999999999931,-0.95294848447886871,occupied,occupied,1,
1.6999032071556874,1.8768788085333441,1.05,0.94689779580452893,1.8830435073919696,-0.84999999999999964,-0.95311220509336525,occupied,occupied,1,
1.7499003603073253,1.9269425130042646,1.05,0.94673710649115683,1.9329741778862894,-0.8499999999999992,-0.95327246742715532,occupied,occupied,1,
1.7998975134589632,1.9770078325807761,1.0500000000000005,0.94657996070806694,1.9829031769763295,-0.84999999999999998,-0.95342918534506294,occupied,occupied,1,
1.8498946666106011,2.0270747669673925,1.0499999999999992,0.94642644528926256,2.0328305043583481,-0.85000000000000042,-0.95358227272045004,occupied,occupied,1,
1.8998918197622388,2.0771433159127919,1.05,0.94627664707727444,2.0827561597726225,-0.85000000000000042,-0.9537316434352161,occupied,occupied,1,
1.9498889729138766,2.1272134792106794,1.0500000000000003,0.94613065292315368,2.1326801430043214,-0.84999999999999909,-0.9538772113797892,occupied,occupied,1,
1.9998861260655145,2.1772852567008303,1.0499999999999998,0.94598854968649015,2.182602453884555,-0.84999999999999998,-0.95401889045312416,occupied,occupied,1,
2.0498832792171524,2.2273586482702226,1.0500000000000003,0.94585042423541754,2.2325230922915136,-0.8499999999999992,-0.9541565945626832,occupied,occupied,1,
2.0998804323687903,2.2774336538540849,1.05,0.94571636344661814,2.2824420581515268,-0.85000000000000087,-0.95429023762444398,occupied,occupied,1,
2.1498775855204282,2.3275102734367974,1.0500000000000005,0.94558645420533594,2.332359351439969,-0.85000000000000009,-0.95441973356287291,occupied,occupied,1,
2.1998747386720661,2.3775885070530522,1.0500000000000012,0.94546078340538298,2.3822749721824321,-0.84999999999999953,-0.95454499631093426,occupied,occupied,1,
2.249871891823704,2.4276683547909208,1.0500000000000003,0.94533943794914321,2.4321889204577918,-0.85000000000000053,-0.95466593981007541,occupied,occupied,1,
2.2998690449753418,2.4777498167785907,1.0500000000000003,0.94522250474762237,2.4821011963850013,-0.84999999999999909,-0.9547824780101799,occupied,occupied,1,
2.3498661981269797,2.5278328932263427,1.0500000000000003,0.94511007072035569,2.5320118001649421,-0.84999999999999909,-0.9548945248696652,occupied,occupied,1,
2.3998633512786176,2.5779175843702209,1.0499999999999994,0.94500222279555657,2.5819207320242921,-0.8500000000000002,-0.95500199435532596,occupied,occupied,1,
2.4498605044302555,2.6280038905018146,1.0499999999999996,0.94489904791006063,2.6318279922452268,-0.84999999999999987,-0.9551048004423951,occupied,occupied,1,
2.4998576575818934,2.6780918119977586,1.05,0.94480063300927652,2.6817335811948224,-0.85000000000000053,-0.9552028571145933,occupied,occupied,1,
2.5498548107335313,2.7281813492637772,1.0500000000000007,0.94470706504732183,2.731637499269314,-0.84999999999999887,-0.95529607836398811,occupied,occupied,1,
2.5998519638851691,2.7782725027764843,1.0499999999999998,0.94461843098694864,2.7815397469357599,-0.85000000000000042,-0.95538437819107913,occupied,occupied,1,
2.649849117036807,2.8283652730701454,1.0499999999999998,0.94453481779959381,2.8314403247188626,-0.85000000000000031,-0.95546767060473525,occupied,occupied,1,
2.6998462701884445,2.8784596607395811,1.0500000000000003,0.9444563124653822,2.8813392332038803,-0.84999999999999976,-0.95554586962220078,occupied,occupied,1,
2.7498434233400824,2.9285556664416212,1.0500000000000007,0.94438300197314529,2.9312364730380844,-0.85000000000000009,-0.95561888926907412,occupied,occupied,1,
2.7998405764917202,2.9786532908957151,1.05,0.94431497332043635,2.9811320449313876,-0.85000000000000031,-0.95568664357928901,occupied,occupied,1,
2.8498377296433581,3.0287525348850859,1.0500000000000007,0.94425231351355143,3.0310259496575034,-0.84999999999999865,-0.95574904659509985,occupied,occupied,1,
2.899834882794996,3.0788533992581173,1.0500000000000009,0.94419510956753938,3.080918188055346,-0.84999999999999942,-0.95580601236707108,occupied,occupied,1,
2.9498320359466339,3.1289558849288666,1.0500000000000012,0.94414344850622567,3.1308087610295532,-0.84999999999999865,-0.95585745495404462,occupied,occupied,1,
2.9998291890982718,3.179059992878476,1.05,0.94409741736222819,3.180697669551912,-0.84999999999999964,-0.95590328842313688,occupied,occupied,1,
3.0498263422499097,3.2291657241560321,1.0499999999999998,0.94405710317698066,3.2305849146622254,-0.85000000000000087,-0.95594342684970746,occupied,occupied,1,
3.0998234954015476,3.2792730798797636,1.0500000000000007,0.94402259300074809,3.280470497469524,-0.84999999999999976,-0.95597778431734226,occupied,occupied,1,
3.1498206485531854,3.3293820612379261,1.0500000000000016,0.94399397389264839,3.3303544191529628,-0.84999999999999976,-0.9560062749178404,occupied,occupied,1,
3.1998178017048233,3.3794926694899119,1.0500000000000009,0.9439713329206747,3.3802366809629421,-0.84999999999999942,-0.95602881275118123,occupied,occupied,1,
3.2498149548564612,3.4296049059672709,1.0500000000000007,0.94395475716172028,3.4301172842221401,-0.84999999999999865,-0.95604531192550812,occupied,occupied,1,
3.2998121080080991,3.4797187720749267,1.0499999999999996,0.94394433370159758,3.4799962303267429,-0.85000000000000009,-0.9560556865571076,occupied,occupied,1,
3.349809261159737,3.5298342692918383,1.0500000000000009,0.94394014963506701,3.5298735207471172,-0.84999999999999931,-0.95605985077037436,occupied,occupied,1,
3.3998064143113749,3.5799513991723617,1.0500000000000009,0.94394229206585156,3.5797491570291853,-0.84999999999999865,-0.95605771869780154,occupied,occupied,1,
3.4498035674630128,3.6300701633472596,1.0500000000000009,0.94395084810667385,3.6296231407954469,-0.84999999999999876,-0.95604920447994668,occupied,occupied,1,
3.4998007206146506,3.680190563524588,1.0499999999999998,0.94396590487927401,3.67949547374588,-0.84999999999999942,-0.95603422226540546,occupied,occupied,1,
3.5497978737662885,3.7303126014908981,1.0499999999999998,0.94398754951444308,3.7293661576591548,-0.85000000000000009,-0.95601268621078594,occupied,occupied,1,
3.5997950269179264,3.780436279112116,1.0500000000000007,0.94401586915204516,3.7792351943935274,-0.85000000000000031,-0.95598451048068145,occupied,occupied,1,
3.6497921800695643,3.8305615983347652,1.0500000000000005,0.94405095094104563,3.8291025858880752,-0.8499999999999992,-0.95594960924763972,occupied,occupied,1,
3.6997893332212022,3.8806885611868474,1.0500000000000007,0.94409288203954633,3.8789683341635923,-0.84999999999999898,-0.95590789669213871,occupied,occupied,1,
3.7497864863728396,3.9308171697790435,1.0500000000000005,0.94414174961480979,3.9288324413238032,-0.8500000000000002,-0.95585928700255041,occupied,occupied,1,
3.7997836395244775,3.9809474263055473,1.05,0.94419764084329327,3.9786949095562121,-0.84999999999999964,-0.95580369437510704,occupied,occupied,1,
3.8497807926761154,4.0310793330452475,1.0500000000000007,0.94426064291068157,4.0285557411332986,-0.84999999999999831,-0.95574103301387792,occupied,occupied,1,
3.8997779458277533,4.0812128923628475,1.0500000000000014,0.9443308430119145,4.0784149384136494,-0.84999999999999942,-0.95567121713073289,occupied,occupied,1,
3.9497750989793912,4.1313481067096696,1.0500000000000012,0.94440832835122523,4.1282725038427834,-0.84999999999999964,-0.95559416094530125,occupied,occupied,1,
3.999772252131029,4.181484978624888,1.0500000000000003,0.94449318614217392,4.1781284399543912,-0.84999999999999953,-0.95550977868494602,occupied,occupied,1,
4.0497694052826674,4.2316235107365019,1.0500000000000003,0.94458550360768367,4.2279827493713302,-0.84999999999999942,-0.95541798458472382,occupied,occupied,1,
4.0997665584343048,4.2817637057623621,1.05,0.94468536798007396,4.2778354348066623,-0.84999999999999953,-0.95531869288734939,occupied,occupied,1,
4.1497637115859431,4.3319055665112174,1.0499999999999996,0.94479286650109962,4.3276864990647166,-0.85000000000000009,-0.95521181784315645,occupied,occupied,1,
4.1997608647375806,4.3820490958838336,1.0500000000000007,0.94490808642199131,4.3775359450422267,-0.8500000000000002,-0.95509727371005915,occupied,occupied,1,
4.2497580178892189,4.4321942968738473,1.0499999999999992,0.94503111500348547,4.4273837757291936,-0.85000000000000053,-0.95497497475351356,occupied,occupied,1,
4.2997551710408564,4.4823411725690283,1.0500000000000003,0.94516203951588096,4.4772299942101714,-0.84999999999999987,-0.95484483524647534,occupied,occupied,1,
4.3497523241924938,4.5324897261521437,1.0499999999999998,0.94530094723905989,4.5270746036651417,-0.85000000000000075,-0.95470676946936217,occupied,occupied,1,
4.3997494773441321,4.5826399609021022,1.0500000000000014,0.94544792546254763,4.5769176073706763,-0.84999999999999953,-0.95456069171000124,occupied,occupied,1,
4.4497466304957696,4.6327918801949535,1.0500000000000003,0.94560306148553941,4.6267590087009545,-0.84999999999999942,-0.95440651626359985,occupied,occupied,1,
4.4997437836474079,4.68294548750485,1.0500000000000007,0.9457664426169603,4.6765988111287413,-0.84999999999999987,-0.9542441574326882,occupied,occupied,1,
4.5497409367990453,4.7331007864052994,1.0500000000000003,0.94593815617549648,4.7264370182266511,-0.85000000000000031,-0.95407352952707869,occupied,occupied,1,
4.5997380899506837,4.7832577805699215,1.0499999999999998,0.94611828948964916,4.7762736336679277,-0.84999999999999976,-0.9538945468638178,occupied,occupied,1,
4.6497352431023211,4.8334164737738279,1.05,0.94630692989777987,4.8261086612278392,-0.84999999999999964,-0.95370712376714128,occupied,occupied,1,
4.6997323962539594,4.8835768698942061,1.0500000000000005,0.9465041647481548,4.8759421047842793,-0.85000000000000009,-0.95351117456842194,occupied,occupied,1,
4.7497295494055969,4.9337389729118817,1.0500000000000009,0.9467100813989977,4.925773968319346,-0.8499999999999992,-0.95330661360611701,occupied,occupied,1,
4.7997267025572352,4.9839027869118704,1.0500000000000007,0.94692476721853747,4.9756042559199125,-0.84999999999999876,-0.95309335522572536,occupied,occupied,1,
4.8497238557088727,5.0340683160847624,1.0500000000000005,0.94714830958506202,5.0254329717790291,-0.84999999999999898,-0.95287131377972756,occupied,occupied,1,
4.899721008860511,5.0842355647275754,1.0499999999999994,0.947380795886966,5.0752601201967922,-0.85000000000000075,-0.95264040362753544,occupied,occupied,1,
4.9497181620121484,5.1344045372448512,1.0500000000000009,0.94762231352281212,5.1250857055814638,-0.84999999999999876,-0.95240053913543143,occupied,occupied,1,
4.9997153151637868,5.1845752381484447,1.0500000000000009,0.94787294990136473,5.1749097324492812,-0.84999999999999964,-0.95215163467653563,occupied,occupied,1,
5.0497124683154242,5.2347476720616699,1.05,0.94813279244167448,5.2247322054286052,-0.85000000000000075,-0.95189360463071382,occupied,occupied,1,
5.0997096214670625,5.2849218437187817,1.05,0.94840192857312378,5.2745531292594281,-0.84999999999999942,-0.95162636338453488,occupied,occupied,1,
5.1497067746187,5.3350977579749781,1.0500000000000007,0.94868044573553179,5.324372508803334,-0.84999999999999942,-0.9513498253311673,occupied,occupied,1,
5.1997039277703383,5.3852754197675967,1.0500000000000007,0.94896843137899112,5.3741903490049925,-0.84999999999999998,-0.95106390487053039,occupied,occupied,1,
5.2497010809219757,5.4354548341782589,1.0499999999999998,0.9492659729642684,5.4240066549538932,-0.8500000000000002,-0.95076851640889926,occupied,occupied,1,
5.2996982340736141,5.4856360063932259,1.0500000000000003,0.94957315796264286,5.4738214318450069,-0.84999999999999942,-0.95046357435906514,occupied,occupied,1,
5.3496953872252515,5.5358189417144503,1.0499999999999994,0.94989007385601643,5.5236346849897862,-0.85000000000000031,-0.95014899314022061,occupied,occupied,1,
5.3996925403768889,5.586003645560881,1.0500000000000018,0.95021680813698939,5.5734464198174898,-0.8499999999999992,-0.94982468717788227,occupied,occupied,1,
5.4496896935285273,5.6361899341021076,1.0500000000000012,0.95055344647204054,5.6232568310312629,-0.84999999999999931,-0.94949057016416427,occupied,occupied,1,
5.4996868466801647,5.6863689393575916,1.0500000000000012,0.95089982299667875,5.6730747811382374,-0.84999999999999876,-0.94914668555061488,occupied,occupied,1,
5.549683999831803,5.7365358050989235,1.05,0.95125532460453199,5.7229051048782322,-0.8499999999999992,-0.94879356844756613,occupied,occupied,1,
5.5996811529834405,5.786690520723643,1.0500000000000003,0.95161929969723436,5.7727477917137051,-0.85000000000000087,-0.94843185742781744,occupied,occupied,1,
5.6496783061350788,5.8368330748670969,1.0499999999999998,0.95199109714047625,5.8226028303283446,-0.84999999999999976,-0.94806219154898352,occupied,occupied,1,
5.6996754592867163,5.8869634554700667,1.0500000000000003,0.95237006626509157,5.8724702086955842,-0.84999999999999898,-0.94768521035242392,occupied,occupied,1,
5.7496726124383546,5.9370816497961609,1.0500000000000009,0.95275555686780622,5.922349914097067,-0.84999999999999865,-0.94730155386247539,occupied,occupied,1,
5.799669765589992,5.9871876445518755,1.0500000000000009,0.95314691921281802,5.9722419332431613,-0.84999999999999976,-0.94691186258487292,occupied,occupied,1,
5.8496669187416304,6.0372814259022372,1.0499999999999998,0.95354350403263299,6.022146252289553,-0.8500000000000002,-0.94651677750589913,occupied,occupied,1,
5.8996640718932678,6.087362979536711,1.05,0.95394466252931986,6.0720628569037389,-0.84999999999999931,-0.94611694009112701,occupied,occupied,1,
5.9496612250449061,6.1374322907315264,1.0499999999999998,0.95434974637576897,6.1219917323279081,-0.85000000000000098,-0.94571299228414629,occupied,occupied,1,
5.9996583781965436,6.1874893444058223,1.0499999999999996,0.95475810771694725,6.1719328634355861,-0.84999999999999987,-0.94530557650528846,occupied,occupied,1,
6.0496555313481819,6.2375341251798142,1.0500000000000003,0.95516909917118575,6.2218862347902224,-0.84999999999999942,-0.94489533565033956,occupied,occupied,1,
6.0996526844998193,6.2875666174329101,1.0499999999999998,0.95558207383149441,6.271851830703655,-0.85000000000000087,-0.94448291308920262,occupied,occupied,1,
6.1496498376514577,6.337586805361699,1.0500000000000003,0.95599638526689701,6.321829635294371,-0.84999999999999898,-0.94406895266454582,occupied,occupied,1,
6.1996469908030951,6.3875946730383255,1.0499999999999998,0.95641138752377486,6.3718196325460861,-0.84999999999999987,-0.94365409869045824,occupied,occupied,1,
6.2496441439547334,6.4375902044684246,1.0500000000000005,0.95682643512722931,6.4218218063658021,-0.84999999999999909,-0.94323899595105876,occupied,occupied,1,
6.2996412971063709,6.4875733836495995,1.05,0.95724088308243827,6.4718361406423375,-0.84999999999999976,-0.94282428969913457,occupied,occupied,1,
6.3496384502580092,6.537544194629481,1.0500000000000003,0.95765408687602771,6.5218626193043727,-0.84999999999999987,-0.94241062565475275,occupied,occupied,1,
6.3996356034096467,6.5875026215642709,1.0500000000000009,0.95806540247742766,6.5719012263788965,-0.84999999999999987,-0.94199865000389138,occupied,occupied,1,
6.4496327565612841,6.637448648776779,1.0499999999999994,0.95847418634022263,6.6219519460490748,-0.84999999999999964,-0.94158900939707357,occupied,occupied,1,
6.4996299097129224,6.6873822608151006,1.0500000000000005,0.95887979540350388,6.672014762712692,-0.84999999999999876,-0.94118235094801062,occupied,occupied,1,
6.5496270628645599,6.7373034425108189,1.0500000000000003,0.95928158709317524,6.7220896610400382,-0.84999999999999942,-0.94077932223227034,occupied,occupied,1,
6.5996242160161982,6.7872121790374873,1.0500000000000007,0.95967891932326865,6.7721766260320049,-0.85000000000000009,-0.9403805712859552,occupied,occupied,1,
6.6496213691678356,6.8371084559693429,1.0500000000000003,0.96007115049721259,6.8222756430783376,-0.84999999999999898,-0.9399867466044145,occupied,occupied,1,
6.699618522319474,6.8869922593393582,1.05,0.96045763950907792,6.8723866980151529,-0.85000000000000053,-0.93959849714099386,occupied,occupied,1,
6.7496156754711114,6.9368635756983599,1.0499999999999996,0.96083774574478797,6.9225097771834543,-0.85000000000000042,-0.93921647230579342,occupied,occupied,1,
6.7996128286227497,6.9867223921731769,1.0500000000000003,0.96121082908328481,6.972644867486598,-0.84999999999999931,-0.9388413219644961,occupied,occupied,1,
6.8496099817743872,7.0365686965255048,1.0500000000000003,0.96157624989765056,7.0227919564483985,-0.85000000000000042,-0.93847369643722267,occupied,occupied,1,
6.8996071349260255,7.0864024772103997,1.0500000000000005,0.96193336905618532,7.0729510322708045,-0.84999999999999987,-0.93811424649742614,occupied,occupied,1,
6.949604288077663,7.136223723435287,1.0500000000000016,0.9622815479234248,7.1231220838919986,-0.8499999999999992,-0.93776362337085917,occupied,occupied,1,
6.9996014412293013,7.1860324252182943,1.05,0.96262014836109366,7.1733051010437618,-0.85000000000000009,-0.93742247873458384,occupied,occupied,1,
7.0495985943809387,7.2358285734474155,1.0500000000000016,0.9629485327290167,7.2235000743095892,-0.84999999999999909,-0.93709146471603544,occupied,occupied,1,
7.0995957475325771,7.2856121599389327,1.0500000000000016,0.96326606388592317,7.2737069951819873,-0.84999999999999953,-0.93677123389217409,occupied,occupied,1,
7.1495929006842145,7.3353831774966194,1.0499999999999994,0.96357210519021708,7.3239258561204883,-0.85000000000000053,-0.93646243928867601,occupied,occupied,1,
7.1995900538358528,7.3851416199704163,1.0500000000000005,0.96386602050065096,7.3741566506090601,-0.84999999999999931,-0.93616573437921646,occupied,occupied,1,
7.2495872069874903,7.4348874823153279,1.05,0.96414717417690077,7.424399373213654,-0.85000000000000053,-0.93588177308483267,occupied,occupied,1,
7.2995843601391286,7.4846207606505262,1.0500000000000005,0.96441493108008591,7.4746540196399005,-0.84999999999999942,-0.93561120977334233,occupied,occupied,1,
7.349581513290766,7.5343414523181353,1.0500000000000005,0.96466865657316703,7.5249205867904099,-0.84999999999999898,-0.93535469925888393,occupied,occupied,1,
7.3995786664424044,7.5840495559424026,1.0500000000000003,0.96490771652126162,7.5751990728223735,-0.84999999999999953,-0.9351128968015141,occupied,occupied,1,
7.4495758195940418,7.6337450714885566,1.0500000000000007,0.96513147729184923,7.6254894772047965,-0.85000000000000031,-0.93488645810691473,occupied,occupied,1,
7.4995729727456792,7.6834280003222428,1.0500000000000007,0.96533930575487037,7.6757918007762242,-0.84999999999999998,-0.93467603932619203,occupied,occupied,1,
7.5495701258973176,7.7330983452680675,1.0500000000000007,0.96553056928271253,7.7261060458015036,-0.84999999999999898,-0.93448229705578356,occupied,occupied,1,
7.599567279048955,7.782756110669335,1.0500000000000005,0.96570463575007792,7.7764322160296713,-0.84999999999999942,-0.93430588833746309,occupied,occupied,1,
7.6495644322005933,7.832401302446713,1.05,0.96586087353372596,7.8267703167506895,-0.84999999999999942,-0.93414747065845327,occupied,occupied,1,
7.6995615853522308,7.8820339281576723,1.05,0.96599865151208986,7.8771203548528854,-0.85000000000000087,-0.93400770195166216,occupied,occupied,1,
7.7495587385038691,7.9316539970557205,1.0500000000000007,0.96611733906475894,7.9274823388801199,-0.84999999999999898,-0.9338872405960198,occupied,occupied,1,
7.7995558916555066,7.9812615201495163,1.0500000000000005,0.96621630607181797,7.9778562790887468,-0.85000000000000009,-0.93378674541696416,occupied,occupied,1,
7.8495530448071449,8.0308565102622254,1.0500000000000014,0.96629492291305374,8.0282421875047572,-0.84999999999999964,-0.93370687568701172,occupied,occupied,1,
7.8995501979587823,8.0804389820906817,1.0500000000000007,0.96635256046699647,8.078640077980646,-0.8499999999999992,-0.93364829112649594,occupied,occupied,1,
7.9495473511104207,8.1300089522649497,1.0500000000000003,0.96638859010982592,8.1290499662526141,-0.8499999999999992,-0.93361165190441386,occupied,occupied,1,
7.9995445042620581,8.1795664394072531,1.0500000000000003,0.96640238371410203,8.1794718699970534,-0.84999999999999976,-0.93359761863941748,occupied,occupied,1,
8.0495416574136964,8.2291114641917247,1.0500000000000003,0.96639331364733916,8.2299058088877999,-0.85000000000000031,-0.93360685240094266,occupied,occupied,1,
8.0995388105653348,8.2786440494034981,1.0500000000000005,0.96636075277041045,8.2803518046526268,-0.84999999999999976,-0.93364001471048486,occupied,occupied,1,
8.1495359637169713,8.3281642199981185,1.0500000000000005,0.96630407443577526,8.3308098811300155,-0.84999999999999898,-0.93369776754302214,occupied,occupied,1,
8.1995331168686096,8.3776720031610648,1.0500000000000005,0.96622265248552774,8.3812800643259404,-0.84999999999999942,-0.93378077332858622,occupied,occupied,1,
8.249530270020248,8.4271674283668325,1.0499999999999989,0.9661158612492593,8.4317623824701613,-0.85000000000000053,-0.93388969495398777,occupied,occupied,1,
8.2995274231718863,8.4766505274387889,1.0500000000000005,0.96598307554173723,8.4822568660731985,-0.85000000000000031,-0.93402519576470266,occupied,occupied,1,
8.3495245763235229,8.5261213346080442,1.0500000000000005,0.96582367066036878,8.5327635479822721,-0.84999999999999953,-0.93418793956692381,occupied,occupied,1,
8.3995217294751612,8.57557988657328,1.0500000000000005,0.96563702238248961,8.5832824634380973,-0.85000000000000031,-0.93437859062977213,occupied,occupied,1,
8.4495188826267995,8.6250262225599403,1.0500000000000003,0.96542250696242859,8.6338136501310139,-0.84999999999999976,-0.93459781368767347,occupied,occupied,1,
8.4995160357784378,8.6744603843796924,1.0500000000000005,0.96517950112836648,8.6843571482572575,-0.84999999999999953,-0.93484627394292152,occupied,occupied,1,
8.5495131889300744,8.7241726950182077,0.99999999999999967,0.91490653946983491,8.7349130005749753,-0.84999999999999964,-0.9351246370684011,occupied,occupied,1,
8.5995103420817127,8.773613126220738,0.99999999999999956,0.9146044986195756,8.7854812524606434,-0.8500000000000002,-0.93543356921050169,occupied,occupied,1,
8.6495074952333511,8.8230437351637629,1.0000000000000009,0.91427207187970672,8.8360603489874592,-0.84999999999999964,-0.93577372004962733,occupied,occupied,1,
8.6995046483849876,8.8725170086484084,1.0000000000000013,0.91390946462097977,8.8865966268179317,-0.84999999999999931,-0.93614411180533585,occupied,occupied,1,
8.7495018015366259,8.9220584797239084,1.0000000000000011,0.9135197313301936,8.9370638735465988,-0.84999999999999853,-0.93654112222132457,occupied,occupied,1,
8.7994989546882643,8.9716680817158014,1.0000000000000002,0.91310647901327247,8.9874620313953386,-0.84999999999999931,-0.93696093836547745,occupied,occupied,1,
8.8494961078399026,9.0213457368800878,1.0000000000000007,0.91267332970358883,9.03779102959734,-0.84999999999999998,-0.9373997628126387,occupied,occupied,1,
8.8994932609915391,9.0710913583649493,1,0.91222392048774892,9.0880507862809576,-0.84999999999999898,-0.93785381360756048,occupied,occupied,1,
8.9494904141431775,9.1209048521750731,1,0.91176190352792208,9.1382412103697526,-0.84999999999999909,-0.93831932423356479,occupied,occupied,1,
8.9994875672948158,9.1707861190669195,0.99999999999999989,0.91129094608232264,9.1883622034266264,-0.84999999999999931,-0.93879254358548603,occupied,occupied,1,
9.0494847204464541,9.2207350565898007,1.0000000000000002,0.91081473052279527,9.2384136616582015,-0.8499999999999992,-0.93926973594817165,occupied,occupied,1,
9.0994818735980907,9.2707515609023066,1.0000000000000007,0.91033695435387663,9.2883954777068496,-0.84999999999999987,-0.93974718097624588,occupied,occupied,1,
9.149479026749729,9.3208355287985736,0.99999999999999989,0.90986133023014937,9.3383075426669055,-0.8500000000000002,-0.94022117367842373,occupied,occupied,1,
9.1994761799013673,9.370986859570678,1.0000000000000002,0.90939158597629999,9.3881497479500648,-0.85000000000000009,-0.94068802440200039,occupied,occupied,1,
9.2494733330530057,9.421205456943353,1.0000000000000011,0.90893146460847174,9.437921987236729,-0.84999999999999887,-0.94114405881889618,occupied,occupied,1,
9.2994704862046422,9.4714912309795061,1,0.90848472435872452,9.4876241584116148,-0.85000000000000075,-0.94158561791141004,occupied,occupied,1,
9.3494676393562806,9.5218440999827454,1.0000000000000009,0.90805513870316112,9.5372561655098806,-0.84999999999999942,-0.94200905795700163,occupied,occupied,1,
9.3994647925079189,9.5722639923946673,1.0000000000000002,0.90764649639449813,9.5868179206715389,-0.84999999999999942,-0.9424107505111986,occupied,occupied,1,
9.4494619456595572,9.622750848686314,1.0000000000000002,0.9072626014998979,9.6363093461035678,-0.85000000000000053,-0.94278708238759601,occupied,occupied,1,
9.4994590988111938,9.6733046232446895,1,0.90690727344475131,9.685730376050655,-0.85000000000000053,-0.94313445563402731,occupied,occupied,1,
9.5494562519628321,9.7239252862541132,1.0000000000000007,0.90658434706317248,9.7350809587743701,-0.84999999999999953,-0.94344928750388013,occupied,occupied,1,
9.5994534051144704,9.7746128255725111,0.99999999999999978,0.90629767265588235,9.7843610585408616,-0.85000000000000053,-0.94372801042151933,occupied,occupied,1,
9.649450558266107,9.8253672486027668,1.0000000000000004,0.90605111605618371,9.833570657617301,-0.85000000000000042,-0.94396707194075136,occupied,occupied,1,
9.6994477114177453,9.8761885841594648,1.0000000000000002,0.90584855870466019,9.8827097582773504,-0.84999999999999998,-0.9441629346952799,occupied,occupied,1,
9.7494448645693836,9.927076884330571,1,0.9056938977332728,9.9317783848153063,-0.84999999999999909,-0.94431207634000147,occupied,occupied,1,
9.799442017721022,9.9780322263341841,1.0000000000000009,0.90559104605944707,9.9807765855690409,-0.84999999999999942,-0.94441098948203073,occupied,occupied,1,
9.8494391708726585,10.029054714370961,1.0000000000000004,0.90554393249075316,10.029704434952373,-0.84999999999999998,-0.94445618160028,occupied,occupied,1,
9.8994363240242969,10.080144481470807,1,0.90555650184077352,10.078562035495532,-0.85000000000000009,-0.94444417495241739,occupied,occupied,1,
9.9494334771759352,10.131301691335036,0.99999999999999933,0.90563271505668219,10.127349519894876,-0.85000000000000053,-0.9443715064679854,occupied,occupied,1,
9.9994306303275735,10.18252654017269,1.0000000000000004,0.90577654935908747,10.176067053070671,-0.85000000000000053,-0.94423472762644067,occupied,occupied,1,
10.04942778347921,10.23381925853176,1.0000000000000009,0.90599199839462619,10.224714834233597,-0.84999999999999998,-0.94403040431886653,occupied,occupied,1,
10.099424936630848,10.28518011312401,0.99999999999999978,0.90628307240180717,10.273293098958751,-0.85000000000000075,-0.9437551166920739,occupied,occupied,1,
10.149422089782487,10.336609408643975,1.0000000000000009,0.90665379839054594,10.321802121267741,-0.84999999999999987,-0.94340545897378103,occupied,occupied,1,
10.199419242934125,10.388107489580966,1.0000000000000007,0.90710822033579719,10.370242215717644,-0.84999999999999931,-0.94297803927757839,occupied,occupied,1,
10.249416396085762,10.439674742023858,1.0000000000000004,0.90765039938571945,10.418613739496656,-0.84999999999999976,-0.9424694793863162,occupied,occupied,1,
10.2994135492374,10.491311595458289,1,0.90828441408469085,10.466917094526012,-0.85000000000000009,-0.94187641451257886,occupied,occupied,1,
10.349410702389038,10.543018524555322,1.0000000000000002,0.90901436061153373,10.515152729567191,-0.84999999999999909,-0.94119549303488914,occupied,occupied,1,
10.399407855540677,10.594796050950835,1.0000000000000002,0.90984435303321654,10.56332114233367,-0.8499999999999992,-0.94042337620827277,occupied,occupied,1,
10.449405008692313,10.646644745015307,0.99999999999999989,0.91077852357430666,10.611422881606769,-0.85000000000000087,-0.93955673784778815,occupied,occupied,1,
10.499402161843951,10.698565227612471,1.0000000000000004,0.91182102290237044,10.659458549354053,-0.84999999999999942,-0.9385922639836719,occupied,occupied,1,
10.54939931499559,10.750558171846324,0.99999999999999933,0.91297602042948545,10.707428802849643,-0.85000000000000009,-0.93752665248672773,occupied,occupied,1,
10.599396468147228,10.802624304795513,1.0000000000000004,0.91424770463001392,10.755334356795352,-0.84999999999999976,-0.93635661266254511,occupied,occupied,1,
10.649393621298865,10.85476440923339,1.0000000000000002,0.9156402833746512,10.803175985440831,-0.84999999999999942,-0.93507886481326308,occupied,occupied,1,
10.699390774450503,10.906979325333307,1.0000000000000009,0.91715798428083828,10.850954524702091,-0.8499999999999992,-0.93369013976547777,occupied,occupied,1,
10.749387927602141,10.959269952357198,1.0000000000000011,0.91880505507943022,10.898670874276329,-0.84999999999999898,-0.93218717836301468,occupied,occupied,1,
10.799385080753778,11.011637250326583,1.0000000000000004,0.92058576399757475,10.946325999751906,-0.8500000000000002,-0.9305667309232597,occupied,occupied,1,
10.849382233905416,11.064082241673727,1.0000000000000002,0.9225044001575915,10.993920934711074,-0.84999999999999942,-0.92882555665580857,occupied,occupied,1,
10.899379387057055,11.116606012872463,1.0000000000000007,0.92456527399165667,11.041456782824591,-0.84999999999999964,-0.9269604230422217,occupied,occupied,1,
10.949376540208693,11.169209716046145,1.0000000000000009,0.92677271767196645,11.088934719935445,-0.84999999999999964,-0.92496810517570582,occupied,occupied,1,
10.999373693360329,11.221894570550978,1.0000000000000011,0.9291310855559971,11.13635599612962,-0.84999999999999942,-0.92284538505966385,occupied,occupied,1,
11.049370846511968,11.274661864533567,1.0000000000000007,0.93164475464642016,11.183721937792308,-0.84999999999999931,-0.92058905086402498,occupied,occupied,1,
11.099367999663606,11.327512956459804,1.0000000000000007,0.93431812506510115,11.231033949646353,-0.84999999999999898,-0.91819589613843855,occupied,occupied,1,
11.149365152815244,11.380449276613895,0.99999999999999956,0.937155620540571,11.278293516771205,-0.84999999999999987,-0.91566271898142182,occupied,occupied,1,
11.199362305966881,11.433472328564514,1,0.94016168890822072,11.325502206598959,-0.85000000000000098,-0.91298632116470912,occupied,occupied,1,
11.249359459118519,11.483504717091067,0.95000000000000051,0.89324609154580648,11.372661670885565,-0.84999999999999987,-0.91016350721208983,occupied,occupied,1,
11.299356612270158,11.536541466580969,0.95000000000000095,0.89659236353060612,11.419773647653395,-0.84999999999999964,-0.90719108343222254,occupied,occupied,1,
11.349353765421796,11.589666200041895,0.95000000000000107,0.90011991082538256,11.470251803017936,-0.7999999999999996,-0.85394958557907796,occupied,occupied,1,
11.399350918573433,11.642880730970525,0.95000000000000095,0.90383324626242911,11.517446372308942,-0.79999999999999905,-0.85065635995723787,occupied,occupied,1,
11.449348071725071,11.696186953232454,0.9500000000000004,0.90773690875474033,11.560843366965139,-0.84999999999999909,-0.89734422137312619,occupied,occupied,1,
11.499345224876709,11.749586842299561,0.95000000000000051,0.91183546386779102,11.607784565371874,-0.84999999999999931,-0.89374142060483519,occupied,occupied,1,
11.549342378028348,11.8030824564376,0.94999999999999962,0.91613350439714025,11.654688326000565,-0.84999999999999998,-0.8899730312059404,occupied,occupied,1,
11.599339531179984,11.856675937841564,0.95000000000000118,0.92063565095032929,11.701556943293792,-0.84999999999999942,-0.88603584726663021,occupied,occupied,1,
11.649336684331622,11.910369513715267,0.94999999999999996,0.92534655253128373,11.748392810499514,-0.84999999999999953,-0.8819266565836642,occupied,occupied,1,
11.699333837483261,11.964165497292946,0.95000000000000062,0.93027088712549511,11.795198421268489,-0.84999999999999987,-0.87764223932175112,occupied,occupied,1,
11.749330990634897,12.018073226408704,0.9500000000000004,0.93541406630337876,11.841969895161272,-0.84999999999999942,-0.87317996865207304,occupied,occupied,1,
11.799328143786536,12.072271780963506,0.95000000000000018,0.94080302247405412,11.883443662437685,-0.9000000000000008,-0.91880878065745031,occupied,occupied,1,
11.849325296938174,12.126846190452049,0.94999999999999951,0.94646635197162654,11.934863585153483,-0.85000000000000053,-0.86374284056309947,occupied,occupied,1,
11.899322450089812,12.17622700625247,0.90000000000000024,0.90211691651393699,11.980924101632629,-0.8500000000000002,-0.85874742367611523,occupied,occupied,1,
11.949319603241449,12.231320906054616,0.90000000000000013,0.90836945741121866,12.026733713135703,-0.85000000000000053,-0.85354879253865978,occupied,occupied,1,
11.999316756393087,12.286807812598672,0.89999999999999991,0.91496494587487986,12.072297737098268,-0.85000000000000109,-0.84813305834700481,occupied,occupied,1,
12.049313909544725,12.342701752010726,0.90000000000000013,0.92192882082078897,12.117621838882863,-0.84999999999999964,-0.84248637048018316,occupied,occupied,1,
12.099311062696364,12.39901807825175,0.8999999999999998,0.92928747824526037,12.155960504508744,-0.90000000000000024,-0.88704866469575305,occupied,occupied,1,
12.149308215848,12.455773552433683,0.90000000000000047,0.93706835486388662,12.200483728473248,-0.89999999999999936,-0.88094509234098739,occupied,occupied,1,
12.199305368999639,12.512986426835976,0.9000000000000008,0.94530001767337746,12.244767494303336,-0.89999999999999991,-0.87457398779209738,occupied,occupied,1,
12.249302522151277,12.562847165634924,0.85000000000000053,0.90340298193964086,12.288819271849043,-0.89999999999999958,-0.86792174452152571,occupied,occupied,1,
12.299299675302915,12.620637099761776,0.84999999999999998,0.91256367999196009,12.332647250498024,-0.89999999999999936,-0.86097463458682444,occupied,occupied,1,
12.349296828454552,12.678928588065801,0.84999999999999976,0.92226209797044911,12.376260432072916,-0.90000000000000102,-0.85371876134423852,occupied,occupied,1,
12.39929398160619,12.737746367799636,0.84999999999999987,0.93253179607569514,12.410580796605529,-0.95000000000000051,-0.89695920170887067,occupied,occupied,1,
12.449291134757829,12.797117139278642,0.85000000000000075,0.94340797579580549,12.453333524233333,-0.94999999999999951,-0.88912774663189709,occupied,occupied,1,
12.499288287909467,12.847036705601285,0.80000000000000071,0.90393093822894521,12.495882527900671,-0.94999999999999907,-0.88095260321475211,occupied,occupied,1,
12.549285441061103,12.907096244295047,0.8000000000000006,0.91603100624617406,12.538240596478209,-0.94999999999999973,-0.87241929748786606,occupied,occupied,1,
12.599282594212742,12.967778987212336,0.80000000000000082,0.92884463119639604,12.569354509857426,-0.99999999999999911,-0.91472312295736236,occupied,occupied,1,
12.64927974736438,13.029120145343198,0.80000000000000027,0.94241420321791036,12.610822523798829,-1.0000000000000002,-0.90555032571376726,occupied,occupied,1,
12.699276900516018,13.078962086252439,0.75000000000000067,0.9053186480585349,12.652122517083338,-0.99999999999999911,-0.89598421870442646,occupied,occupied,1,
12.749274053667655,13.141135483121637,0.75000000000000056,0.92039115120119497,12.693272823667282,-1,-0.88600884927863455,occupied,occupied,1,
12.799271206819293,13.20406367998474,0.75000000000000067,0.93634835297937613,12.720871651154383,-1.0499999999999989,-0.92737762922004441,occupied,occupied,1,
12.849268359970932,13.25371852909989,0.69999999999999984,0.90129907631648831,12.761133382753716,-1.0499999999999996,-0.91670535888186355,occupied,occupied,1,
12.899265513122568,13.317618121568872,0.70000000000000129,0.91899618084292345,12.801285686988116,-1.0499999999999994,-0.90558573921440633,occupied,occupied,1,
12.949262666274207,13.382391904548014,0.70000000000000018,0.93772644877969435,12.84135465475071,-1.0499999999999998,-0.89399986966098077,occupied,occupied,1,
12.999259819425845,13.448094773894068,0.69999999999999973,0.95755019489276383,12.865176735322054,-1.1000000000000001,-0.93448401190494745,occupied,occupied,1,
13.049256972577483,13.497830226653887,0.65000000000000058,0.92573479418771321,12.904404746836203,-1.1000000000000001,-0.92214339446457205,occupied,occupied,1,
13.09925412572912,13.564778051252759,0.65000000000000002,0.94768115657613772,12.943613910993172,-1.0999999999999996,-0.90929081121024524,occupied,occupied,1,
13.149251278880758,13.614240906925025,0.60000000000000053,0.91756587312298077,12.964270135118129,-1.149999999999999,-0.94923942047441234,occupied,occupied,1,
13.199248432032396,13.682575088862039,0.60000000000000064,0.94183464464785771,13.002699967031205,-1.1500000000000001,-0.93559183361553777,occupied,occupied,1,
13.249245585184035,13.750000000000007,0.59481587634439315,0.96191312086562619,13.041198227881216,-1.1499999999999995,-0.92137718986774275,occupied,occupied,1,
13.299242738335671,13.801679422999428,0.54999999999999938,0.94034905711284078,13.05857950752425,-1.2000000000000002,-0.96088672110595108,occupied,occupied,1,
13.34923989148731,13.850573780214461,0.50000000000000078,0.91395132339684504,13.096534500048552,-1.1999999999999988,-0.94577318201601868,occupied,occupied,1,
13.399237044638948,13.921131710798482,0.50000000000000044,0.94305835611152866,13.135586916589666,-1.1999999999999988,-0.92966175744216706,occupied,occupied,1,
13.449234197790586,13.967964644963551,0.45000000000000007,0.91778420855149156,13.175885239006174,-1.1999999999999997,-0.91248620462296337,occupied,occupied,1,
13.499231350942223,14.038174692107965,0.45000000000000057,0.94861529827659419,13.200000000000001,-1.2350536883676575,-0.93338968236817788,occupied,occupied,1,
13.549228504093861,14.082911977984661,0.39999999999999963,0.92419062657464768,13.234532198878286,-1.2500000000000009,-0.93113906100020016,occupied,occupied,1,
13.599225657245499,14.150000000000004,0.39482035567042378,0.95065682982535815,13.27777863081476,-1.2500000000000004,-0.91111762463768486,occupied,occupied,1,
13.649222810397138,14.195477158403339,0.34999999999999992,0.93273442369641435,13.300000000000004,-1.290851668246741,-0.93656318193256149,occupied,occupied,1,
13.699219963548774,14.250000000000002,0.32343350445800229,0.93587906461297188,13.340037449915002,-1.2999999999999998,-0.92518734633371547,occupied,occupied,1,
13.749217116700413,14.305693966090955,0.29999999999999982,0.9429916090222572,13.38633400661444,-1.2999999999999998,-0.90233295188529683,occupied,occupied,1,
13.799214269852051,14.350000000000005,0.25811985531751092,0.92905185112736466,13.40447271988041,-1.3499999999999999,-0.93644307154510709,occupied,occupied,1,
13.849211423003689,14.4,0.22740671943170365,0.9281953942420651,13.449999999999999,-1.3543085106169781,-0.91688538148780885,occupied,occupied,1,
13.899208576155326,14.450000000000001,0.19785691278444584,0.92886294602253472,13.471288677789744,-1.399999999999999,-0.94490933628809526,occupied,occupied,1,
13.949205729306964,14.487904942705741,0.15000000000000102,0.90808535789603273,13.521230618577585,-1.399999999999999,-0.91864922844338071,occupied,occupied,1,
13.999202882458603,14.550000000000002,0.1419551441510214,0.93433314569854453,13.550000000000002,-1.4352348748739849,-0.9331593860434434,occupied,occupied,1,
14.049200035610239,14.590028316919554,0.099999999999999978,0.92052857609632921,13.592389285355541,-1.4499999999999997,-0.92277922166832493,occupied,occupied,1,
14.099197188761877,14.623922319939314,0.050000000000000488,0.89700367460067243,13.645250856668186,-1.4499999999999997,-0.89402894180285153,occupied,occupied,1,
14.149194341913516,14.689857362872029,0.050000000000000155,0.93318954684344868,13.666147200074827,-1.4999999999999998,-0.92435789465414919,occupied,occupied,1,
14.199191495065154,14.722199529536649,-1.1102230246251565e-16,0.90943071405825104,13.700000000000003,-1.5310156769988108,-0.93146604605652161,occupied,occupied,1,
14.249188648216791,14.753622655257368,-0.049999999999998823,0.88541686540971232,13.742549870680097,-1.5499999999999994,-0.92352430989501255,occupied,occupied,1,
14.299185801368429,14.818159030761151,-0.050000000000000488,0.92159279407604289,13.79873848697958,-1.5500000000000003,-0.89202741012436138,occupied,occupied,1,
14.349182954520067,14.85,-0.097276127186822547,0.90047738006194389,13.821610177237446,-1.6000000000000001,-0.92044674397074921,occupied,occupied,1,
14.399180107671706,14.900000000000002,-0.11702885031638521,0.91248645820055541,13.850000000000003,-1.6426291741279093,-0.93952767457862696,occupied,occupied,1,
14.449177260823342,14.9402917247806,-0.14999999999999947,0.90822608845795183,13.900000000000002,-1.6547932038685265,-0.92114797363429823,occupied,occupied,1,
14.499174413974981,15.000000000000005,-0.15403353273791853,0.93890293377475698,13.92780725047316,-1.7000000000000002,-0.94248209062528265,occupied,occupied,1,
14.549171567126619,15.030004643021694,-0.1999999999999994,0.91825704227647587,13.987623543264899,-1.6999999999999991,-0.90836781169058489,occupied,occupied,1,
14.599168720278257,15.056532341597007,-0.24999999999999878,0.8923473994133615,14.013353313586952,-1.7499999999999991,-0.93473291750760079,occupied,occupied,1,
14.649165873429894,15.117190951143172,-0.24999999999999989,0.92697775958226081,14.050000000000006,-1.7852248430290401,-0.94273126720650513,occupied,occupied,1,
14.699163026581532,15.150000000000002,-0.28913905984516508,0.9135502870417278,14.101504989042532,-1.7999999999999989,-0.92548276554005149,occupied,occupied,1,
14.74916017973317,15.201773439922571,-0.29999999999999971,0.93411451657848898,14.150000000000002,-1.8199942588713673,-0.91429288330078928,occupied,occupied,1,
14.799157332884809,15.25,-0.31493920106085349,0.94922707436299736,14.192192006651501,-1.8499999999999994,-0.91500719397123342,occupied,occupied,1,
14.849154486036445,15.283686360907392,-0.35000000000000031,0.93941393532812001,14.221327927016596,-1.9000000000000001,-0.93970964817002445,occupied,occupied,1,
14.899151639188084,15.306604483110211,-0.39999999999999925,0.9110573093110983,14.25129664392702,-1.9499999999999988,-0.96408925441172033,occupied,occupied,1,
14.949148792339722,15.362905638817168,-0.39999999999999969,0.94265954566033183,14.315899704651606,-1.9500000000000002,-0.92782740328582447,occupied,occupied,1,
14.999145945491358,15.4,-0.42765462334202009,0.94041518299909166,14.35,-1.9956331903781344,-0.94666107054357496,occupied,occupied,1,
15.049143098642997,15.440308193730448,-0.44999999999999973,0.944178674325723,14.400000000000006,-2.0180893167041316,-0.93761441820712099,occupied,occupied,1,
15.099140251794635,15.462078906961272,-0.49999999999999989,0.91444511834209141,14.44402726746816,-2.0499999999999998,-0.9399898739600423,occupied,occupied,1,
15.149137404946273,15.516353126873815,-0.49999999999999867,0.94413064368389921,14.5,-2.0640862058854292,-0.92116808251179083,occupied,occupied,1,
15.19913455809791,15.550000000000001,-0.53103016993282748,0.93632837930462243,14.542054686473492,-2.1000000000000005,-0.92850943742933334,occupied,occupied,1,
15.249131711249548,15.591066076412609,-0.54999999999999916,0.9424422803068444,14.575597291204849,-2.1499999999999999,-0.95259778621716551,occupied,occupied,1,
15.299128864401187,15.643598607852319,-0.55000000000000027,0.97046447413547643,14.641133545416263,-2.1500000000000004,-0.91763938990509264,occupied,occupied,1,
15.349126017552825,15.664487499367414,-0.60000000000000042,0.93905046362681333,14.675610032667867,-2.2000000000000002,-0.9418744801564608,occupied,occupied,1,
15.399123170704462,15.715960776538882,-0.60000000000000009,0.96597253873447075,14.710785560419385,-2.2500000000000004,-0.96609299201257792,occupied,occupied,1,
15.4491203238561,15.750000000000005,-0.62778930848155157,0.9598040642707415,14.776685036432857,-2.2500000000000009,-0.93199654519646191,occupied,occupied,1,
15.499117477007738,15.787086922535089,-0.65000000000000013,0.95968826830259402,14.812856739335187,-2.3000000000000003,-0.95646006882000867,occupied,occupied,1,
15.549114630159377,15.807697985046138,-0.69999999999999907,0.92695479418527649,14.878813418293849,-2.2999999999999998,-0.92313345731803786,occupied,occupied,1,
15.599111783311013,15.857060308083266,-0.69999999999999973,0.95157582722701795,14.916013762741883,-2.3500000000000001,-0.94791584174627685,occupied,occupied,1,
15.649108936462651,15.9,-0.71007583140186725,0.96392889381538649,14.954005118357454,-2.3999999999999999,-0.9727564217963125,occupied,occupied,1,
15.69910608961429,15.925982290509289,-0.74999999999999956,0.94160907170481722,15.020258642779442,-2.4000000000000004,-0.94063302910396562,occupied,occupied,1,
15.749103242765928,15.973529593977425,-0.74999999999999978,0.96431013890857953,15.05934823287714,-2.4500000000000006,-0.96590424322185386,occupied,occupied,1,
15.799100395917565,16.000000000000004,-0.78854765454336717,0.94271235871882919,15.125602283773766,-2.4499999999999993,-0.93478471514440442,occupied,occupied,1,
15.849097549069203,16.040524541086452,-0.79999999999999905,0.95126186762330978,15.165828915936347,-2.5,-0.96056773688037922,occupied,occupied,1,
15.899094702220841,16.086294974114619,-0.79999999999999916,0.9720092954282159,15.232064906132296,-2.4999999999999996,-0.93054399135380905,occupied,occupied,1,
15.94909185537248,16.106775116277479,-0.84999999999999976,0.93632796792958528,15.273470279449841,-2.5500000000000003,-0.95692239878907348,occupied,occupied,1,
15.999089008524116,16.150000000000002,-0.85337828410460126,0.95211579922892831,15.339676275545232,-2.5499999999999998,-0.92808360117042843,occupied,occupied,1,
16.049086161675753,16.172449957655843,-0.89999999999999936,0.91951115818369888,15.382304879266457,-2.5999999999999992,-0.95514327527943022,occupied,occupied,1,
16.099083314827393,16.216422467303921,-0.90000000000000013,0.93783114674435986,15.448475714454551,-2.6000000000000005,-0.92757556901815552,occupied,occupied,1,
16.149080467979029,16.25,-0.922027976739066,0.93136081919130909,15.492374618124849,-2.6499999999999999,-0.95540454312430056,occupied,occupied,1,
16.19907762113067,16.280919367053603,-0.94999999999999907,0.91793470137506838,15.550000000000001,-2.6700305088390857,-0.95095482785647123,occupied,occupied,1,
16.249074774282306,16.323398002723813,-0.9499999999999994,0.93432112768906939,15.60373040607303,-2.6999999999999993,-0.95787903341152514,occupied,occupied,1,
16.299071927433943,16.350000000000001,-0.98821682970079761,0.90886131210897492,15.65,-2.7499379177624856,-0.98683412548675309,occupied,occupied,1,
16.349069080585583,16.387132985562207,-0.99999999999999944,0.91138622682925108,15.716431568340917,-2.75,-0.96273767277361322,occupied,occupied,1,
16.399066233737219,16.428297598161734,-0.99999999999999967,0.92587916023383732,15.782532517406816,-2.7500000000000004,-0.93946599268623487,occupied,occupied,1,
16.449063386888856,16.468830710755636,-1.0000000000000002,0.93967019328992507,15.830544999616322,-2.8000000000000012,-0.97014881620930615,occupied,occupied,1,
16.499060540040496,16.500000000000004,-1.0257399535695544,0.92558197467993952,15.896655382542498,-2.8000000000000012,-0.94845736316073481,occupied,occupied,1,
16.549057693192132,16.531831862900493,-1.0499999999999998,0.91261205778943344,15.949999999999999,-2.8381045181617619,-0.96777249983615077,occupied,occupied,1,
16.599054846343773,16.571428709207439,-1.0499999999999998,0.92461345617648827,16.012184552105214,-2.8500000000000005,-0.96026161322545511,occupied,occupied,1,
16.649051999495409,16.610554408139929,-1.0499999999999998,0.93597058461958793,16.077838967833209,-2.8500000000000005,-0.94120435137896941,occupied,occupied,1,
16.699049152647046,16.649212464238552,-1.0499999999999998,0.94668877938820317,16.129065360020981,-2.9000000000000004,-0.97504299430601438,occupied,occupied,1,
16.749046305798686,16.674091315977385,-1.0999999999999994,0.9050305807846577,16.194753047765648,-2.8999999999999995,-0.95769998893610164,occupied,occupied,1,
16.799043458950322,16.712571481288695,-1.0999999999999996,0.91467307680489929,16.260134838756663,-2.9000000000000008,-0.94131693273331463,occupied,occupied,1,
16.849040612101959,16.75059902856956,-1.0999999999999999,0.92368207611915398,16.313425395690121,-2.9500000000000011,-0.9772705233122494,occupied,occupied,1,
16.899037765253599,16.78817814946564,-1.0999999999999992,0.93206187685699027,16.379043579227215,-2.9499999999999993,-0.96263891655715284,occupied,occupied,1,
16.949034918405236,16.825313205353904,-1.0999999999999999,0.93981659960085295,16.444452496526377,-2.9500000000000006,-0.94898060484662516,occupied,occupied,1,
16.999032071556876,16.852486490474039,-1.1500000000000004,0.89605154346630989,16.500160816147922,-3.0000000000000009,-0.98719920478506284,occupied,occupied,1,
17.049029224708512,16.889526564869303,-1.1500000000000008,0.90270784926899794,16.566023491556294,-3.0000000000000004,-0.97536409782008038,occupied,occupied,1,
17.099026377860149,16.926145966645084,-1.1499999999999999,0.90874033304660218,16.631779542934392,-2.9999999999999996,-0.96453262928649564,occupied,occupied,1,
17.149023531011789,16.962351275419284,-1.1499999999999999,0.91415223009339741,16.697462185058793,-2.9999999999999996,-0.9547154030449172,occupied,occupied,1,
17.199020684163425,16.998149675526566,-1.1500000000000001,0.91894662357772994,16.763105450146963,-2.9999999999999996,-0.94592489689875991,occupied,occupied,1,
17.249017837315062,17.033549056978579,-1.1500000000000008,0.92312643914584236,16.828744343777824,-3.0000000000000004,-0.93817551662308729,occupied,occupied,1,
17.299014990466702,17.06855812228584,-1.1500000000000001,0.92669443166656773,16.894415002367502,-2.9999999999999991,-0.9314836615782347,occupied,occupied,1,
17.349012143618339,17.103186499308993,-1.1500000000000004,0.92965316317359215,16.956289132022551,-3.0499999999999994,-0.97601701723950429,occupied,occupied,1,
17.399009296769975,17.137444860810923,-1.1499999999999995,0.93200497102563928,17.022990822671723,-3.0500000000000003,-0.97143920384431781,occupied,occupied,1,
17.449006449921615,17.169200569829641,-1.2000000000000002,0.88370595828973852,17.089854771015329,-3.0499999999999998,-0.96799481553671329,occupied,occupied,1,
17.499003603073252,17.203637687604154,-1.1999999999999997,0.8848798358703579,17.158186571017037,-3.0000000000000004,-0.91569390713463716,occupied,occupied,1,
17.549000756224892,17.237759661866487,-1.1999999999999997,0.88543653776991105,17.224608956199258,-2.9999999999999996,-0.9146115007722676,occupied,occupied,1,
17.598997909376529,17.271583497814039,-1.2000000000000011,0.88537610233013597,17.291312761660325,-3.0000000000000004,-0.91473201771485568,occupied,occupied,1,
17.648995062528165,17.305127966334339,-1.2000000000000002,0.88469793571095423,17.35834664325818,-3,-0.91608862231682153,occupied,occupied,1,
17.698992215679805,17.338413767828644,-1.1999999999999993,0.88340069430127033,17.425761737569804,-3,-0.91871741165569065,occupied,occupied,1,
17.748989368831442,17.371463702883307,-1.1999999999999993,0.88148214863756535,17.493611843222645,-2.9999999999999991,-0.92265758214504723,occupied,occupied,1,
17.798986521983078,17.404302849308749,-1.2,0.87893902769923649,17.561953604228254,-2.9999999999999996,-0.92795160555079181,occupied,occupied,1,
17.848983675134718,17.436958744867386,-1.2000000000000002,0.87576684261882154,17.630846694757235,-3.0000000000000009,-0.93464541350200214,occupied,occupied,1,
17.898980828286355,17.469461574818247,-1.1999999999999997,0.87195968908130961,17.700354004689665,-2.9999999999999996,-0.94278858937824728,occupied,occupied,1,
17.948977981437995,17.5,-1.1876446403615519,0.88000228909588407,17.763078006800288,-2.9499999999999997,-0.90188054973173504,occupied,occupied,1,
17.998975134589632,17.525606031459343,-1.1500000000000001,0.91313203532163778,17.832942898279192,-2.9500000000000002,-0.91291723830343063,occupied,occupied,1,
18.048972287741268,17.556762685578299,-1.1500000000000004,0.90756317679515486,17.903607692365554,-2.9500000000000011,-0.92554932895381081,occupied,occupied,1,
18.098969440892908,17.587892243508144,-1.1499999999999995,0.90134494530007236,17.975149015908286,-2.9499999999999997,-0.93984157642166177,occupied,occupied,1,
18.148966594044545,17.619189861056302,-1.1500000000000008,0.8944295933268096,18.035590328057747,-2.9000000000000004,-0.90442819674972108,occupied,occupied,1,
18.198963747196181,17.651015263773637,-1.1499999999999999,0.88672937797562512,18.107316371708379,-2.9000000000000004,-0.92178125265458322,occupied,occupied,1,
18.248960900347821,17.683402280667458,-1.1500000000000001,0.87822410915087978,18.179632114518018,-2.9000000000000004,-0.9407712311409403,occupied,occupied,1,
18.298958053499458,17.716373439301687,-1.1500000000000004,0.86889500176522882,18.237291349648665,-2.8500000000000005,-0.90912509635522365,occupied,occupied,1,
18.348955206651095,17.749951684637431,-1.1500000000000004,0.85872213239902095,18.309866190673173,-2.8499999999999996,-0.93111145038716847,occupied,occupied,1,
18.398952359802735,17.76654015770395,-1.1000000000000001,0.90069829959349623,18.365635846137476,-2.7999999999999998,-0.90177656677763807,occupied,occupied,1,
18.448949512954371,17.800244825316586,-1.0999999999999996,0.88916959887115432,18.438762307493089,-2.8000000000000003,-0.92678870875736175,occupied,occupied,1,
18.498946666106011,17.834621574253358,-1.1000000000000001,0.87675466656387169,18.5,-2.7677671564778268,-0.918844324768885,occupied,occupied,1,
18.548943819257648,17.850000000000001,-1.0533873370821998,0.91403137765816522,18.566887259913383,-2.7499999999999996,-0.92782145886247813,occupied,occupied,1,
18.598940972409284,17.883175956826964,-1.0499999999999994,0.90391885207356115,18.619680041352328,-2.7000000000000002,-0.90299516539449343,occupied,occupied,1,
18.648938125560925,17.918522070604858,-1.0499999999999996,0.88918961710190725,18.694814780383766,-2.7000000000000002,-0.9343043837809808,occupied,occupied,1,
18.698935278712561,17.954636167630404,-1.0499999999999996,0.87349090191353318,18.746516024549859,-2.6499999999999999,-0.91174681553329884,occupied,occupied,1,
18.748932431864198,17.991549868748201,-1.0499999999999998,0.85679020507430503,18.800000000000008,-2.6054785483063467,-0.89623721312607307,occupied,occupied,1,
18.798929585015838,18.002048497763084,-0.99999999999999967,0.8959953890818404,18.874022315701612,-2.5999999999999996,-0.92618416825335637,occupied,occupied,1,
18.848926738167474,18.039382662978205,-0.99999999999999967,0.87780811300717598,18.923959754338224,-2.5499999999999989,-0.90684216941763141,occupied,occupied,1,
18.898923891319114,18.050000000000004,-0.95375668724888074,0.91239404742930597,19.000000000000004,-2.5452300746023249,-0.94105882293299303,occupied,occupied,1,
18.948921044470751,18.08556820543166,-0.95000000000000018,0.8970717239733399,19.050000000000004,-2.4961831626583946,-0.92523754145408232,occupied,occupied,1,
18.998918197622388,18.124324502743956,-0.9499999999999994,0.87623938617289088,19.101145341781653,-2.4499999999999997,-0.91378266720475165,occupied,occupied,1,
19.048915350774028,18.149999999999999,-0.92928147923284232,0.87926936710234105,19.149999999999999,-2.4011897496911305,-0.90020076657327319,occupied,occupied,1,
19.098912503925664,18.169460246966196,-0.89999999999999958,0.89223579059450187,19.200000000000003,-2.3548409996611426,-0.89061992899640596,occupied,occupied,1,
19.148909657077301,18.200000000000006,-0.8866116573311017,0.88518845222845044,19.280243745369688,-2.3500000000000005,-0.93372110870896541,occupied,occupied,1,
19.198906810228941,18.212991565266584,-0.84999999999999987,0.90661258920482291,19.32798457691387,-2.2999999999999998,-0.92251545880665653,occupied,occupied,1,
19.248903963380577,18.25,-0.84480083443062037,0.88785479155499825,19.375270746767193,-2.2499999999999991,-0.91237267975157899,occupied,occupied,1,
19.298901116532214,18.25487773946022,-0.79999999999999949,0.91946172728064191,19.422164866808185,-2.1999999999999993,-0.90332713533407827,occupied,occupied,1,
19.348898269683854,18.29688617221877,-0.80000000000000016,0.89223998568419882,19.5,-2.1860203426999312,-0.94311700220029471,occupied,occupied,1,
19.398895422835491,18.300000000000001,-0.75547034689216164,0.92351195211416626,19.550000000000001,-2.1386790217619343,-0.94082874589008858,occupied,occupied,1,
19.448892575987131,18.338002484626482,-0.74999999999999978,0.90177092610558174,19.600000000000005,-2.0912590136311087,-0.93986244415453524,occupied,occupied,1,
19.498889729138767,18.382433758593731,-0.74999999999999944,0.87099696041409169,19.650000000000002,-2.0436658973000883,-0.94016168260701738,occupied,occupied,1,
19.548886882290404,18.400000000000006,-0.72209818365787515,0.87830599855779612,19.700000000000006,-1.9958110772677906,-0.94167876383669835,occupied,occupied,1,
19.598884035442044,18.399999999999999,-0.67827763799412899,0.9086524695595084,19.75,-1.9476107714911843,-0.94437386694881398,occupied,occupied,1,
19.64888118859368,18.41513054536728,-0.6499999999999998,0.91667901325532908,19.800000000000008,-1.8989851398728401,-0.94821435795867315,occupied,occupied,1,
19.698878341745317,18.450000000000003,-0.63945452749505438,0.89752170330702363,19.850000000000001,-1.8498575292676893,-0.95317422706625199,occupied,occupied,1,
19.748875494896957,18.451382048719722,-0.59999999999999931,0.92195776114487871,19.899366123655138,-1.7999999999999994,-0.95864264331816507,occupied,occupied,1,
19.798872648048594,18.500000000000004,-0.5988421250322451,0.88493487339199894,19.900000000000002,-1.7116230969738861,-0.90343910637716118,occupied,occupied,1,
19.848869801200234,18.5,-0.55819298522023031,0.90990827666288276,19.950000000000003,-1.6641912036389424,-0.91375069889843752,occupied,occupied,1,
19.89886695435187,18.54339627648946,-0.55000000000000016,0.88005036500870992,20.000000000000004,-1.6167561953824598,-0.92540336957759539,occupied,occupied,1,
19.948864107503507,18.549999999999997,-0.51398310492620625,0.89568780051251362,20.049999999999997,-1.5692868374374183,-0.93834217957289834,occupied,occupied,1,
19.998861260655147,18.588944005001075,-0.49999999999999983,0.87156689004483123,20.067824517002396,-1.5,-0.91367470950893459,occupied,occupied,1,
20.048858413806784,18.600000000000001,-0.46630429565432263,0.8809731358996471,20.112868769213065,-1.4499999999999995,-0.92358474668777268,occupied,occupied,1,
20.09885556695842,18.600000000000005,-0.4255575696345224,0.90288323995873099,20.150000000000002,-1.3951515907068639,-0.92539807474621172,occupied,occupied,1,
20.14885272011006,18.624651480375938,-0.39999999999999963,0.89523984055424977,20.200000000000006,-1.3484937102145012,-0.9436085155094599,occupied,occupied,1,
20.198849873261697,18.650000000000002,-0.37402345052078306,0.88662831182286217,20.200000000000003,-1.272662424397826,-0.90503348811896356,occupied,occupied,1,
20.248847026413337,18.680341178543507,-0.35000000000000026,0.87213806719239217,20.249999999999996,-1.2266911287521238,-0.92575407390196229,occupied,occupied,1,
20.298844179564973,18.699999999999999,-0.31920883769876279,0.86970361174471944,20.300000000000001,-1.1804755138755565,-0.94737654264930771,occupied,occupied,1,
20.34884133271661,18.700000000000003,-0.27764329967748647,0.88912726782155238,20.300000000000004,-1.1080666715038894,-0.91353825203384575,occupied,occupied,1,
20.39883848586825,18.727497400684459,-0.25000000000000028,0.87718226241091612,20.349999999999998,-1.0622883747630785,-0.93729482164413302,occupied,occupied,1,
20.448835639019887,18.75,-0.21909144226828264,0.87062931880013938,20.366398150944676,-1,-0.92452002259627863,occupied,occupied,1,
20.498832792171523,18.75,-0.17701373431933831,0.88867316371192828,20.399999999999999,-0.94660722913327244,-0.9319789577159745,occupied,occupied,1,
20.548829945323163,18.750000000000004,-0.13438624331937743,0.90644388361581008,20.400000000000006,-0.87893847298269345,-0.90376550280793011,occupied,occupied,1,
20.5988270984748,18.770956357089602,-0.0999999999999997,0.90125723167952176,20.450000000000003,-0.83527017271265858,-0.93172115926750143,occupied,occupied,1,
20.648824251626436,18.800000000000004,-0.067563128279441109,0.88745718303675381,20.450000000000006,-0.771065881088562,-0.90625854784426096,occupied,occupied,1,
20.698821404778077,18.800000000000004,-0.021405641170069878,0.90537776308594309,20.500000000000004,-0.72955996137301438,-0.93622005979018541,occupied,occupied,1,
20.748818557929713,18.850000000000001,0.0054041717610066597,0.86937332445863502,20.5,-0.66854859040149683,-0.91296006905293414,occupied,occupied,1,
20.798815711081353,18.849999999999998,0.054104900641912312,0.88765797117028522,20.499999999999996,-0.60921776789506543,-0.8906830992082333,occupied,occupied,1,
20.84881286423299,18.849999999999998,0.10394002580267772,0.9061448608425885,20.549999999999997,-0.57130622952534538,-0.9230510021897218,occupied,occupied,1,
20.898810017384626,18.862642842208469,0.15000000000000049,0.91132653312265843,20.550000000000004,-0.51482146895619929,-0.90227809951793214,occupied,occupied,1,
20.948807170536266,18.899999999999999,0.18768248273817481,0.89034354989241504,20.550000000000001,-0.45975925450634469,-0.8821351673637905,occupied,occupied,1,
20.998804323687903,18.900000000000002,0.24136013627153066,0.9099441806313705,20.600000000000001,-0.42563930714647547,-0.91622346159645307,occupied,occupied,1,
21.04880147683954,18.900000000000006,0.29639421192148224,0.93007348318326899,20.600000000000005,-0.37321080051823902,-0.89704744129994574,occupied,occupied,1,
21.09879862999118,18.950000000000003,0.3330201497381724,0.89703952366385142,20.650000000000002,-0.34185458014203901,-0.9320192236241871,occupied,occupied,1,
21.148795783142816,18.950000000000003,0.39079341304569815,0.91845889151263049,20.650000000000002,-0.29202124614642505,-0.91354434505865267,occupied,occupied,1,
21.198792936294456,19,0.42972136119603288,0.88671206943298031,20.649999999999999,-0.24332327807641752,-0.89527813437100923,occupied,occupied,1,
21.248790089446093,19.000000000000004,0.49030702039170221,0.90977738532678476,20.660390696434778,-0.19999999999999946,-0.88839419914707496,occupied,occupied,1,
21.298787242597729,19.006013274799464,0.54999999999999938,0.92736569071553876,20.700000000000003,-0.17024838104437845,-0.91338110217931467,occupied,occupied,1,
21.348784395749369,19.050000000000008,0.59408020155208119,0.90438115790487017,20.700000000000006,-0.12428909558428397,-0.89521725481620018,occupied,occupied,1,
21.398781548901006,19.067035427137306,0.6500000000000008,0.91134029687448403,20.748813104219543,-0.099999999999999367,-0.93009288277991775,occupied,occupied,1,
21.448778702052643,19.100000000000001,0.69904823663821203,0.90147525037066323,20.750000000000004,-0.054904145872964938,-0.91262072148261197,occupied,occupied,1,
21.498775855204283,19.129055648417964,0.75000000000000089,0.89649708547046636,20.750000000000007,-0.0091634549829279766,-0.89341624827151789,occupied,occupied,1,
21.548773008355919,19.150000000000006,0.80502270755909766,0.9011496572447496,20.750000000000004,0.036713260764888733,-0.87375862377520863,occupied,occupied,1,
21.598770161507556,19.150000000000002,0.87075364825674262,0.92989653723307275,20.800000000000004,0.058123061778197482,-0.90936104942532192,occupied,occupied,1,
21.648767314659196,19.150000000000002,0.93744485259080568,0.95966767632164918,20.800000000000001,0.10370064280110475,-0.88901547861806518,occupied,occupied,1,
21.698764467810832,19.199999999999999,0.97923219587911525,0.93420138628241123,20.800000000000001,0.14946139901404026,-0.86816360875330567,occupied,occupied,1,
21.748761620962473,19.200000000000003,1.0473557469749086,0.96589078970033726,20.850000000000005,0.16881009320640278,-0.90342525253423633,occupied,occupied,1,
21.798758774114109,19.25,1.0892834994487655,0.9417986690272393,20.850000000000001,0.21430122429584642,-0.8818224489223685,occupied,occupied,1,
21.848755927265746,19.266078221663797,1.1500000000000004,0.95717286414203073,20.867861018600678,0.2500000000000005,-0.88013716102055561,occupied,occupied,1,
21.898753080417386,19.300000000000004,1.2011966391475584,0.9530383362207353,20.900000000000002,0.277171782413833,-0.89461475239243315,occupied,occupied,1,
21.948750233569022,19.300000000000001,1.2728032796997764,0.98922445116611779,20.938198664029837,0.30000000000000032,-0.91604221883673809,occupied,occupied,1,
21.998747386720659,19.350000000000001,1.3153201018305447,0.96832781975526561,20.950000000000003,0.33797387788638106,-0.90656034796512308,occupied,occupied,1,
22.048744539872299,19.399999999999999,1.3576237030566691,0.94810824148631079,21,0.35185236706247569,-0.94175312388088117,occupied,occupied,1,
22.098741693023936,19.400000000000006,1.432074340523573,0.98814464682544489,21.000000000000007,0.39660582367106634,-0.91768720551429628,occupied,occupied,1,
22.148738846175576,19.450000000000006,1.4749285295176779,0.9698780516738289,21.000000000000007,0.44174012994131784,-0.89290971643588246,occupied,occupied,1,
22.198735999327212,19.452864389588129,1.5499999999999998,1.0095772196544217,21.050000000000004,0.45296456916452754,-0.92803184683811557,occupied,occupied,1,
22.248733152478849,19.500000000000007,1.5955752344030116,0.9969859018012398,21.050000000000008,0.4979627191646363,-0.90229112738852857,occupied,occupied,1,
22.298730305630489,19.550000000000001,1.6390941950257853,0.98180228168458972,21.100000000000001,0.50694727168390896,-0.93763947466866793,occupied,occupied,1,
22.348727458782125,19.600000000000001,1.6825405049308029,0.96753692545957792,21.102468469667734,0.55000000000000016,-0.91396765801999003,occupied,occupied,1,
22.398724611933762,19.619078230236116,1.7499999999999996,0.99341177896027688,21.149999999999999,0.55845342570920853,-0.94656366001855252,occupied,occupied,1,
22.448721765085402,19.661812431785638,1.8000000000000003,0.99091787543227683,21.154166373581276,0.60000000000000053,-0.92405478431850552,occupied,occupied,1,
22.498718918237039,19.705062096047762,1.8500000000000001,0.98908027216837802,21.199999999999996,0.60738768627137441,-0.95486538008198996,occupied,occupied,1,
22.548716071388675,19.75,1.8990107778805261,0.98640196724376361,21.202741330429436,0.64999999999999902,-0.92944909596537839,occupied,occupied,1,
22.598713224540315,19.800000000000004,1.9439462383569368,0.97834980892830614,21.250000000000004,0.65366354860531628,-0.96261114366004463,occupied,occupied,1,
22.648710377691952,19.850000000000005,1.9890579819177892,0.97156799938651872,21.250000000000004,0.69882104889552255,-0.93229947061623974,occupied,occupied,1,
22.698707530843592,19.899999999999999,2.0343959447970943,0.96612376528757338,21.297076931784325,0.70000000000000118,-0.96582770688113317,occupied,occupied,1,
22.748704683995228,19.950000000000006,2.0800168683697393,0.96209058339066411,21.300000000000008,0.74270352168575082,-0.93814808246663517,occupied,occupied,1,
22.798701837146865,20,2.1259852058032642,0.95954901495871647,21.338297477126176,0.75000000000000044,-0.95992367926533262,occupied,occupied,1,
22.848698990298505,20.050000000000004,2.1723741691868472,0.95858767834948477,21.350000000000005,0.78399372802346667,-0.94341133568943503,occupied,occupied,1,
22.898696143450142,20.099999999999998,2.2191800832074002,0.9592394429604133,21.378386337021539,0.80000000000000049,-0.95082436101470758,occupied,occupied,1,
22.948693296601778,20.163587815891127,2.2500000000000004,0.94022708107099917,21.399999999999995,0.82378833438228938,-0.94730962166008037,occupied,occupied,1,
22.998690449753418,20.209763827025395,2.3000000000000003,0.94839077155573648,21.420280209389336,0.85000000000000031,-0.9404845318911278,occupied,occupied,1,
23.048687602905055,20.25585364773859,2.3500000000000001,0.95785121917854132,21.450000000000003,0.86551273172647425,-0.94732277819950239,occupied,occupied,1,
23.098684756056695,20.301899775417112,2.4000000000000004,0.96854871416915733,21.465202716627431,0.90000000000000002,-0.92968039029336147,occupied,occupied,1,
23.148681909208332,20.385343857235561,2.4000000000000004,0.91798557094523969,21.500000000000004,0.90999033290253983,-0.94281724629424035,occupied,occupied,1,
23.198679062359968,20.430104232419275,2.4499999999999997,0.93176948883019084,21.513061726578947,0.94999999999999973,-0.91831076190397665,occupied,occupied,1,
23.248676215511608,20.47498181603337,2.4999999999999996,0.94658363826130387,21.550000000000008,0.95787197665054102,-0.93326288107441902,occupied,occupied,1,
23.298673368663245,20.549999999999997,2.5054456355119692,0.90867397923844617,21.563752511205095,0.99999999999999944,-0.90628076274733649,occupied,occupied,1,
23.348670521814881,20.597707661465417,2.5500000000000003,0.91949164839624253,21.600000000000001,1.0098253180435339,-0.91809589586520801,occupied,occupied,1,
23.398667674966521,20.641970717706741,2.5999999999999996,0.93775144896392026,21.617162514044058,1.05,-0.89350468812985107,occupied,occupied,1,
23.448664828118158,20.699999999999999,2.6277587260680098,0.93082358198663662,21.649999999999999,1.066537928126208,-0.89671858713724906,occupied,occupied,1,
23.498661981269795,20.750000000000004,2.668071155024085,0.93973505837494331,21.673175082427228,1.099999999999999,-0.87990759336552471,occupied,occupied,1,
23.548659134421435,20.804676333872973,2.7000000000000002,0.93996043883539604,21.716365620350636,1.1000000000000003,-0.90155452311255135,occupied,occupied,1,
23.598656287573071,20.850000000000001,2.7481975905425391,0.95983616586623244,21.75,1.1167776434689816,-0.90336834349646455,occupied,occupied,1,
23.648653440724711,20.92034228849117,2.75,0.92785743850040769,21.775172808591073,1.1500000000000004,-0.88618093432809186,occupied,occupied,1,
23.698650593876348,20.96442514635649,2.8000000000000012,0.95159461857685168,21.818415809139193,1.1500000000000004,-0.90630743807738523,occupied,occupied,1,
23.748647747027984,21.033912084675912,2.8000000000000012,0.92004906798677566,21.850000000000005,1.1728032810765452,-0.90032689527281606,occupied,occupied,1,
23.798644900179625,21.077876627725985,2.8499999999999996,0.94541729812897057,21.879961111232795,1.2000000000000002,-0.88920514768444125,occupied,occupied,1,
23.848642053331261,21.145756559137862,2.8500000000000005,0.91611030765256818,21.923370888792171,1.2000000000000006,-0.90794672152270384,occupied,occupied,1,
23.898639206482898,21.189704898056295,2.8999999999999986,0.94296346373123197,21.949999999999996,1.2363600566915562,-0.88617472213961745,occupied,occupied,1,
23.948636359634538,21.25,2.9139496457864698,0.93093673160467583,21.987560722214287,1.2499999999999998,-0.88915234387107733,occupied,occupied,1,
23.998633512786174,21.300196406261819,2.9500000000000011,0.94389104309535954,22.03121349078657,1.25,-0.90661861045067726,occupied,occupied,1,
24.048630665937814,21.349999999999998,2.9870243725208971,0.95855810104377259,22.074746411426371,1.2500000000000004,-0.92359785200768085,occupied,occupied,1,
24.098627819089451,21.409589430054996,3.0000000000000009,0.94790503587426977,22.100000000000001,1.2948969630998985,-0.89167185067810739,occupied,occupied,1,
24.148624972241088,21.473762592897682,3.0000000000000004,0.92412667817540584,22.141879136005112,1.3000000000000003,-0.90244927567207223,occupied,occupied,1,
24.198622125392728,21.518082265931838,3.0500000000000007,0.95474939340677001,22.185738207901249,1.3000000000000009,-0.91828676664115094,occupied,occupied,1,
24.248619278544364,21.581304126195086,3.0500000000000003,0.9325019890400601,22.211006117674398,1.3500000000000001,-0.88037544699167858,occupied,occupied,1,
24.298616431696001,21.643823712509974,3.0500000000000007,0.91106458789817002,22.255275383188231,1.3500000000000003,-0.89555467071035888,occupied,occupied,1,
24.348613584847641,21.688219013315383,3.1000000000000005,0.94335990713408813,22.299484188110675,1.350000000000001,-0.91032429302448248,occupied,occupied,1,
24.398610737999277,21.749975067731821,3.0999999999999996,0.92325841838614886,22.343631799005905,1.3499999999999999,-0.92469404707042391,occupied,occupied,1,
24.448607891150917,21.800000000000004,3.134073808236804,0.93971434238311757,22.387647775147659,1.3499999999999992,-0.93864911043227539,occupied,occupied,1,
24.498605044302554,21.856011420787191,3.1499999999999995,0.93757237511790215,22.415547077546449,1.3999999999999997,-0.89970282233756205,occupied,occupied,1,
24.548602197454191,21.916803662114653,3.1500000000000017,0.91930790784062055,22.459791720058981,1.4000000000000012,-0.91299556895304557,occupied,occupied,1,
24.598599350605831,21.962097859501622,3.2000000000000002,0.95388597838731637,22.503927666485232,1.3999999999999995,-0.92589580143072914,occupied,occupied,1,
24.648596503757467,22.02246643824477,3.1999999999999993,0.93672683239640486,22.547969557143816,1.4000000000000001,-0.9384141030995431,occupied,occupied,1,
24.698593656909104,22.082412217351713,3.1999999999999997,0.92016374624251562,22.577778140105785,1.4499999999999991,-0.89859610525685041,occupied,occupied,1,
24.748590810060744,22.141951405338336,3.1999999999999997,0.90417895257809444,22.622108080951044,1.4499999999999997,-0.91049744643508657,occupied,occupied,1,
24.79858796321238,22.187806079123,3.2500000000000009,0.94049217701859233,22.666375081435234,1.4500000000000011,-0.92204058510241949,occupied,occupied,1,
24.848585116364017,22.246994408555555,3.25,0.92550724575986543,22.710591608364901,1.4499999999999993,-0.93323489979746488,occupied,occupied,1,
24.898582269515657,22.305812294215869,3.25,0.91105545610623795,22.750000000000004,1.4691227001727321,-0.92438091571650483,occupied,occupied,1,
24.948579422667294,22.364273874532884,3.2500000000000013,0.89712064492770072,22.786846951620191,1.5000000000000013,-0.90317599881716737,occupied,occupied,1,
24.998576575818934,22.410707706865647,3.3000000000000003,0.93503432901345107,22.831370068893602,1.5,-0.91346690788820062,occupied,occupied,1,
25.04857372897057,22.468876496007656,3.3000000000000007,0.92200164422297226,22.875878413582747,1.5000000000000018,-0.92343883460851806,occupied,occupied,1,
25.098570882122207,22.526719419855141,3.3000000000000003,0.90944451180695629,22.920382010183442,1.5,-0.93309998834059471,occupied,occupied,1,
25.148568035273847,22.584248685468431,3.3000000000000012,0.89734819334322147,22.954317040292437,1.5500000000000014,-0.89135261653028719,occupied,occupied,1,
25.198565188425484,22.641476022690618,3.2999999999999998,0.88569832424086281,22.999192299939036,1.5499999999999996,-0.90048781807702771,occupied,occupied,1,
25.24856234157712,22.688536443701906,3.3500000000000005,0.9254469707142795,23.044081473110388,1.55,-0.90933156304315454,occupied,occupied,1,
25.29855949472876,22.745528839368994,3.3500000000000005,0.91458437013461436,23.088992897301605,1.5500000000000009,-0.91789143027627607,occupied,occupied,1,
25.348556647880397,22.802243175057697,3.350000000000001,0.90413092024058084,23.133934506176502,1.5500000000000003,-0.92617482993870714,occupied,occupied,1,
25.398553801032037,22.858689445191196,3.3500000000000005,0.89407345465564159,23.17891384424351,1.5500000000000003,-0.93418901713237168,occupied,occupied,1,
25.448550954183673,22.914877218975171,3.3500000000000005,0.88439911986674624,23.215353057439966,1.6000000000000005,-0.89120943201092528,occupied,occupied,1,
25.49854810733531,22.962532363085735,3.4000000000000012,0.92577684704711682,23.260730739195594,1.6000000000000003,-0.89875659235994376,occupied,occupied,1,
25.54854526048695,23.018523642270726,3.4000000000000008,0.91678427076725166,23.306158294928402,1.6000000000000012,-0.90605244529085427,occupied,occupied,1,
25.598542413638587,23.074274453535523,3.4000000000000012,0.90814092904660249,23.351641919109614,1.6000000000000003,-0.9131038955058236,occupied,occupied,1,
25.648539566790223,23.129792834569283,3.4000000000000004,0.89983495557117776,23.397187487092925,1.6000000000000005,-0.91991774746246224,occupied,occupied,1,
25.698536719941863,23.185086450595094,3.3999999999999999,0.89185474098566953,23.442800568975137,1.6000000000000005,-0.92650071568731018,occupied,occupied,1,
25.7485338730935,23.240162605118357,3.4000000000000012,0.88418892155659867,23.481588558882063,1.6500000000000006,-0.88238586914735506,occupied,occupied,1,
25.798531026245136,23.288383198939183,3.4500000000000015,0.92726600245776247,23.527605058759946,1.6500000000000015,-0.88856083350873571,occupied,occupied,1,
25.848528179396776,23.343289823847023,3.4500000000000002,0.92016413348459891,23.573696130839387,1.6499999999999997,-0.89452235908150346,occupied,occupied,1,
25.898525332548413,23.397990927406404,3.4500000000000002,0.91334607024871517,23.61986630895089,1.6500000000000004,-0.90027701212962452,occupied,occupied,1,
25.948522485700053,23.452492519697124,3.4499999999999997,0.90680121052531515,23.666119885799095,1.6499999999999995,-0.90583130919501353,occupied,occupied,1,
25.99851963885169,23.506759419765896,3.4499999999999997,0.90052336391257193,23.712502288823103,1.6499999999999995,-0.91119684852860205,occupied,occupied,1,
26.048516792003326,23.560610360514946,3.4500000000000006,0.89451455915121814,23.759210116194659,1.6500000000000004,-0.91640837210677528,occupied,occupied,1,
26.098513945154966,23.614031001045966,3.4500000000000011,0.88875047661789985,23.806275437855504,1.6500000000000004,-0.92148650330605952,occupied,occupied,1,
26.148511098306603,23.661844673865833,3.5000000000000018,0.9334726336413488,23.853706084759672,1.6500000000000012,-0.92644962306460676,occupied,occupied,1,
26.198508251458239,23.714563394086678,3.5000000000000009,0.9281051355938732,23.901509368520983,1.6500000000000012,-0.93131649420319662,occupied,occupied,1,
26.24850540460988,23.76685490266987,3.5000000000000018,0.92290675113399823,23.949692156381815,1.6500000000000012,-0.93610628307122945,occupied,occupied,1,
26.298502557761516,23.818726680432217,3.5000000000000009,0.91785250645408145,23.993408667731309,1.7000000000000011,-0.89060368507690446,occupied,occupied,1,
26.348499710913156,23.870185884008126,3.5000000000000013,0.91291802833680025,24.042437175901281,1.7000000000000006,-0.8953049965024652,occupied,occupied,1,
26.398496864064793,23.92123940648705,3.5,0.90807952689395621,24.091842131379515,1.7000000000000006,-0.89998720023221135,occupied,occupied,1,
26.448494017216429,23.971893939382973,3.5,0.9033137784989862,24.141629374808698,1.6999999999999997,-0.90467132045486309,occupied,occupied,1,
26.498491170368069,24.022156035860991,3.5,0.89859810883942404,24.191804658145173,1.6999999999999993,-0.90937884207641184,occupied,occupied,1,
26.548488323519706,24.067300465732462,3.5499999999999994,0.94413376768910862,24.242373711734341,1.7000000000000002,-0.91413172503942797,occupied,occupied,1,
26.598485476671343,24.116756231032344,3.5499999999999998,0.93945621371294874,24.29334231000437,1.7000000000000002,-0.91895241823178953,occupied,occupied,1,
26.648482629822983,24.165817416716106,3.5500000000000007,0.93476595100332893,24.344716335524343,1.6999999999999997,-0.92386387312808171,occupied,occupied,1,
26.698479782974619,24.214490693735005,3.5499999999999994,0.93004240968279039,24.396501841528174,1.6999999999999984,-0.9288895573135787,occupied,occupied,1,
26.748476936126256,24.26278292588206,3.5500000000000007,0.92526550937071628,24.443680188817236,1.75,-0.88380160373964045,occupied,occupied,1,
26.798474089277896,24.310701239243961,3.5500000000000003,0.92041563980821384,24.49618052247822,1.7500000000000009,-0.88911539460625333,occupied,occupied,1,
26.848471242429532,24.358253092418984,3.5500000000000003,0.91547364037518919,24.549090560363432,1.7500000000000004,-0.89461446222408703,occupied,occupied,1,
26.898468395581173,24.405446347386921,3.5500000000000007,0.91042077824771295,24.602417644187401,1.75,-0.90032428712269008,occupied,occupied,1,
26.948465548732809,24.450000000000003,3.5702119329930722,0.92557989788406125,24.656169573380048,1.7500000000000004,-0.9062709077215928,occupied,occupied,1,
26.998462701884446,24.492914186667004,3.6000000000000005,0.95025371051192242,24.710354657136893,1.7500000000000009,-0.91248093462628532,occupied,occupied,1,
27.048459855036086,24.53884899831521,3.600000000000001,0.94478774154271461,24.764981764314527,1.7500000000000004,-0.91898156495916705,occupied,occupied,1,
27.098457008187722,24.584440647562296,3.6000000000000005,0.93914354573467462,24.820060371011682,1.75,-0.9258005966133922,occupied,occupied,1,
27.148454161339359,24.62970011044062,3.600000000000001,0.93330445272538998,24.868954646321459,1.8000000000000012,-0.8825266883611248,occupied,occupied,1,
27.198451314490999,24.674639198976276,3.5999999999999988,0.92725406989642489,24.924668045621544,1.7999999999999989,-0.89002808325282168,occupied,occupied,1,
27.248448467642636,24.71927063167287,3.5999999999999996,0.92097624290301139,24.980844056947287,1.8000000000000005,-0.89793020241235666,occupied,occupied,1,
27.298445620794276,24.763608102583216,3.6000000000000001,0.91445501273473984,25.037495044947196,1.8000000000000003,-0.9062629932171673,occupied,occupied,1,
27.348442773945912,24.807666348511045,3.6000000000000005,0.90767456914776012,25.094634184023143,1.8000000000000012,-0.91505704538535471,occupied,occupied,1,
27.398439927097549,24.850000000000001,3.6087435507275014,0.90948400860527745,25.152275488405714,1.8000000000000012,-0.92434360139224803,occupied,occupied,1,
27.448437080249189,24.886247931055738,3.6500000000000008,0.94403512243732246,25.210433838318163,1.8000000000000003,-0.9341545651255615,occupied,occupied,1,
27.498434233400825,24.929141338001678,3.6500000000000004,0.9364583239833203,25.259936254085062,1.850000000000001,-0.89368518856060297,occupied,occupied,1,
27.548431386552462,24.971805085357786,3.6499999999999999,0.92856694620921487,25.318728879709628,1.8499999999999992,-0.90456046864428685,occupied,occupied,1,
27.598428539704102,25.014274000728218,3.6500000000000004,0.92034302305053428,25.378053797220669,1.8500000000000008,-0.91604902124068632,occupied,occupied,1,
27.648425692855739,25.056600296103149,3.6499999999999999,0.91176614969280068,25.437898246513658,1.8500000000000005,-0.92817627521816715,occupied,occupied,1,
27.698422846007379,25.098792276750441,3.6500000000000004,0.90282458827780154,25.498294576916283,1.8500000000000001,-0.94097640093925561,occupied,occupied,1,
27.748419999159015,25.140856422330128,3.649999999999999,0.89350659466704485,25.549999999999997,1.8899241384454089,-0.91349797244827768,occupied,occupied,1,
27.798417152310652,25.182799968859907,3.6500000000000004,0.88379986991676895,25.608728497505346,1.9000000000000001,-0.91728733272336738,occupied,occupied,1,
27.848414305462292,25.211893253857944,3.6999999999999997,0.92528848860233703,25.670453465649153,1.8999999999999999,-0.93220376382780401,occupied,occupied,1,
27.898411458613928,25.253029578389388,3.7000000000000011,0.91491395819915189,25.732880746837438,1.8999999999999999,-0.94794866257054999,occupied,occupied,1,
27.948408611765565,25.294048688747935,3.7000000000000006,0.90412244080386317,25.796062802732163,1.8999999999999997,-0.96457180134474818,occupied,occupied,1,
27.998405764917205,25.334960983717892,3.6999999999999997,0.89289961750127467,25.845470937240545,1.9499999999999997,-0.93004317168485362,occupied,occupied,1,
28.048402918068842,25.375778319643313,3.6999999999999988,0.88123019770929312,25.909671680277757,1.9499999999999988,-0.94839875935537332,occupied,occupied,1,
28.098400071220478,25.416514226067193,3.7000000000000011,0.8690977743305135,25.958836513612596,2.0000000000000004,-0.91531066085703638,occupied,occupied,1,
28.148397224372118,25.449999999999996,3.7215386652784792,0.87918985532068739,26.024213398417672,1.9999999999999993,-0.93558737700596517,occupied,occupied,1,
28.198394377523755,25.480369811701099,3.7499999999999991,0.89632458278545513,26.090626792560517,1.9999999999999987,-0.95702740285776156,occupied,occupied,1,
28.248391530675395,25.520170748558222,3.7500000000000004,0.88295703350271548,26.150000000000002,2.0223905875917816,-0.95587932893228533,occupied,occupied,1,
28.298388683827032,25.559930515700515,3.7499999999999996,0.86906908938380967,26.207859502384647,2.0499999999999989,-0.95021977492156229,occupied,occupied,1,
28.348385836978668,25.59967307386815,3.7500000000000009,0.85463774110427071,26.257144149034755,2.1000000000000001,-0.92152897817653268,occupied,occupied,1,
28.398382990130308,25.639425893205782,3.7499999999999991,0.8396375475585468,26.326839735592714,2.0999999999999992,-0.94782931666723824,occupied,occupied,1,
28.448380143281945,25.657438944265571,3.7999999999999994,0.87857860652273345,26.398010077874158,2.1000000000000001,-0.97572600813320387,occupied,occupied,1,
28.498377296433581,25.696314133171597,3.8000000000000007,0.86275844554501735,26.448009480789299,2.1500000000000004,-0.9504006472072144,occupied,occupied,1,
28.548374449585221,25.711433437490417,3.8500000000000014,0.90169679951728976,26.5,2.1951101752230007,-0.93146919287364349,occupied,occupied,1,
28.598371602736858,25.749391502589511,3.850000000000001,0.88506643630605564,26.550000000000008,2.2439711416813246,-0.90945373908297678,occupied,occupied,1,
28.648368755888498,25.787456014092612,3.8500000000000001,0.86777409737804023,26.622070190881498,2.2500000000000004,-0.93682580955340755,occupied,occupied,1,
28.698365909040135,25.800000000000001,3.8970347381703889,0.90336565780224654,26.671958363752189,2.3000000000000003,-0.91620334145014681,occupied,occupied,1,
28.748363062191771,25.835543246017895,3.899999999999999,0.88861912747932892,26.749999999999996,2.3003170997796483,-0.95399220868488599,occupied,occupied,1,
28.798360215343411,25.872926499118279,3.8999999999999995,0.86974173918209663,26.800000000000001,2.3515796510731706,-0.93499393481777648,occupied,occupied,1,
28.848357368495048,25.899999999999999,3.9169072419513817,0.87001131301657686,26.851578628693424,2.4000000000000004,-0.92066159605157583,occupied,occupied,1,
28.898354521646684,25.915791631779015,3.9500000000000002,0.88932415421279831,26.902112325286481,2.4500000000000002,-0.90589965089927016,occupied,occupied,1,
28.948351674798324,25.950000000000003,3.9539694669554364,0.87351019497437321,26.952585053186738,2.5000000000000009,-0.89261664070649593,occupied,occupied,1,
28.998348827949961,25.954010721443517,4.0000000000000009,0.90879773738142999,27.039214966882621,2.5000000000000004,-0.94259856117786434,occupied,occupied,1,
29.048345981101598,25.990282909098649,4,0.88719780253174596,27.091506946324717,2.5499999999999998,-0.93356972248743819,occupied,occupied,1,
29.098343134253238,26.000000000000007,4.0341089500606255,0.90814865586550719,27.144007821677249,2.6000000000000005,-0.9263601003694415,occupied,occupied,1,
29.148340287404874,26.023023814041384,4.0499999999999998,0.90587562768668839,27.19679563597925,2.6499999999999995,-0.92107272680375485,occupied,occupied,1,
29.198337440556514,26.06050996703998,4.0499999999999998,0.88144117275058353,27.248989913791206,2.6999999999999997,-0.91716511652725641,occupied,occupied,1,
29.248334593708151,26.100000000000001,4.0507910242192988,0.85558713445555368,27.299801083604113,2.7500000000000009,-0.9140399248162826,occupied,occupied,1,
29.298331746859787,26.100000000000001,4.0954510663344088,0.88807493340181531,27.349223310428712,2.8000000000000007,-0.91157846227897954,occupied,occupied,1,
29.348328900011428,26.139632419413857,4.1000000000000014,0.86349858614987396,27.397250738735341,2.8500000000000005,-0.90966351503912779,occupied,occupied,1,
29.398326053163064,26.150000000000002,4.1351130484923653,0.88056901220523875,27.44387739027573,2.9000000000000012,-0.90817997622852986,occupied,occupied,1,
29.448323206314701,26.182729323096552,4.1500000000000004,0.86684955608231384,27.489097109213812,2.9500000000000011,-0.90701537468465532,occupied,occupied,1,
29.498320359466341,26.199999999999996,4.1804474306449588,0.87441378873323217,27.532903558563891,2.9999999999999991,-0.90606031468657844,occupied,occupied,1,
29.548317512617977,26.199999999999999,4.2264863230400067,0.90463739312259028,27.575290269948127,3.0500000000000016,-0.90520884203502194,occupied,occupied,1,
29.598314665769617,26.2270542291342,4.2500000000000009,0.8990732443159315,27.616250746847459,3.100000000000001,-0.90435875185876546,occupied,occupied,1,
29.648311818921254,26.250000000000007,4.2781745237937949,0.8990839960620175,27.655778619895226,3.1500000000000004,-0.90341185255785172,occupied,occupied,1,
29.698308972072891,26.282512597385157,4.3000000000000007,0.88711777996239505,27.700000000000003,3.1952206480260399,-0.91004886593324719,occupied,occupied,1,
29.748306125224531,26.300000000000001,4.3346926913248067,0.89439455282251623,27.730512984663662,3.25,-0.90085630260264926,occupied,occupied,1,
29.798303278376167,26.344811064317764,4.3500000000000014,0.86768985700476475,27.765709434166077,3.3000000000000007,-0.89907333523056843,occupied,occupied,1,
29.848300431527804,26.350000000000001,4.3956524522037812,0.89041666460630553,27.800000000000004,3.3496059715143067,-0.89751880396151607,occupied,occupied,1,
29.898297584679444,26.400000000000006,4.4100529725500621,0.85807238257979157,27.850000000000005,3.3871211215372927,-0.9164386970746613,occupied,occupied,1,
29.94829473783108,26.399999999999999,4.4607135636292377,0.88707185126525145,27.862580873380146,3.4499999999999988,-0.89075961399841341,occupied,occupied,1,
29.998291890982717,26.417167215115693,4.5000000000000009,0.89509388172690774,27.900000000000006,3.494552487117967,-0.89647464029183965,occupied,occupied,1,
30.048289044134357,26.450000000000003,4.5295837102310328,0.8843464391323721,27.950000000000003,3.5299437301889154,-0.91822952034856076,occupied,occupied,1,
30.098286197285994,26.450000000000003,4.5817710237582556,0.91312794464517877,27.950000000000003,3.5976415457039543,-0.88089291074514564,occupied,occupied,1,
30.148283350437634,26.5,4.6020182727505947,0.88228417126440672,28,3.6315475734547236,-0.90428051499574058,occupied,occupied,1,
30.19828050358927,26.50858342725347,4.6500000000000004,0.90101223834744126,28.050000000000004,3.6649423734524587,-0.92827821927735854,occupied,occupied,1,
30.248277656740907,26.550000000000008,4.677820452559553,0.88098082711043557,28.050000000000008,3.7293958237252074,-0.89370485677264788,occupied,occupied,1,
30.298274809892547,26.550000000000008,4.7326015404421575,0.91015968461213037,28.100000000000005,3.7613483542797983,-0.91900207740634487,occupied,occupied,1,
30.348271963044184,26.600000000000001,4.7568421350719534,0.88058101605819161,28.138264153259129,3.7999999999999998,-0.93099384484352576,occupied,occupied,1,
30.39826911619582,26.600000000000001,4.8129902145456578,0.91017356212775002,28.149999999999999,3.8543190368550655,-0.9123385577042874,occupied,occupied,1,
30.44826626934746,26.632120214131831,4.8499999999999996,0.90227721406739425,28.174303965170022,3.8999999999999995,-0.90902914377664257,occupied,occupied,1,
30.498263422499097,26.650000000000002,4.8965765822799305,0.91145362589793455,28.200000000000003,3.9440198555222694,-0.90784962471513209,occupied,occupied,1,
30.548260575650737,26.658002570057587,4.9500000000000002,0.93259637190218636,28.204926916106768,4,-0.88274792943562841,occupied,occupied,1,
30.598257728802373,26.700000000000003,4.9833448892662142,0.91426647555409757,28.250000000000004,4.0305329864489501,-0.90517039396082299,occupied,occupied,1,
30.64825488195401,26.750000000000004,5.0125264542121606,0.88697983405840997,28.300000000000004,4.0571911425276177,-0.93377977603606965,occupied,occupied,1,
30.69825203510565,26.75,5.0733451660057352,0.9189377542478343,28.300000000000001,4.1138679814229882,-0.90399846727359778,occupied,occupied,1,
30.748249188257287,26.800000000000001,5.1040231008652786,0.89263824963307514,28.331953069573011,4.1499999999999986,-0.91208895533691059,occupied,occupied,1,
30.798246341408923,26.800000000000004,5.1663741884398311,0.92568129184039938,28.350000000000005,4.1942900773013498,-0.90392181242235081,occupied,occupied,1,
30.848243494560563,26.846298538056981,5.2000000000000011,0.90441346883213591,28.350000000000005,4.2497812107686554,-0.87435965724602316,occupied,occupied,1,
30.8982406477122,26.867040064326172,5.25,0.91368615970572775,28.399999999999999,4.2734065710006961,-0.90392240374948529,occupied,occupied,1,
30.948237800863836,26.899999999999995,5.2925095792815888,0.90883214170405568,28.444541716688466,4.3000000000000007,-0.92711022655173425,occupied,occupied,1,
30.998234954015476,26.910217849652813,5.3500000000000014,0.93142688679940222,28.450000000000003,4.3514328181943149,-0.90380211447187186,occupied,occupied,1,
31.048232107167113,26.949999999999996,5.3886529341578191,0.91919949079085428,28.459775387310891,4.4000000000000004,-0.88547675284638794,occupied,occupied,1,
31.098229260318753,27.000000000000004,5.4207012320246637,0.89505317834682141,28.500000000000004,4.4283476416909915,-0.9034922473369813,occupied,occupied,1,
31.14822641347039,27.000000000000004,5.486190121312883,0.93132130627189458,28.500000000000004,4.483100447974282,-0.87317000508389597,occupied,occupied,1,
31.198223566622026,27.050000000000001,5.5186090799766481,0.90792152740105647,28.550000000000001,4.5041322978748024,-0.90292444656352033,occupied,occupied,1,
31.248220719773666,27.100000000000005,5.5510197541977693,0.88481119888015158,28.562719681765813,4.5499999999999989,-0.88764173863870743,occupied,occupied,1,
31.298217872925303,27.100000000000001,5.6180479641939041,0.922824669007696,28.600000000000001,4.578771626439595,-0.90203020363725195,occupied,occupied,1,
31.348215026076939,27.150000000000002,5.6508403543287766,0.90056725247242875,28.600000000000001,4.6332038127378423,-0.87089658593386432,occupied,occupied,1,
31.39821217922858,27.176941060469648,5.7000000000000011,0.90692993775319541,28.650000000000002,4.6522553663078146,-0.90074023591263952,occupied,occupied,1,
31.448209332380216,27.203284611491888,5.7500000000000009,0.914626375853133,28.659141407294509,4.7000000000000011,-0.88037195559029224,occupied,occupied,1,
31.498206485531856,27.25,5.7855361021807283,0.89771564942195903,28.700000000000003,4.724579662079603,-0.89898370433538355,occupied,occupied,1,
31.548203638683493,27.25778795844845,5.8499999999999988,0.92969727552138293,28.738879149720823,4.7499999999999991,-0.91519597799346775,occupied,occupied,1,
31.598200791835129,27.300000000000004,5.8894065058523397,0.91951408085649644,28.750000000000004,4.7957487867902504,-0.89668723135096162,occupied,occupied,1,
31.648197944986769,27.350000000000001,5.9229748494320855,0.90002673417100931,28.750082637561423,4.8499999999999996,-0.86391952904529468,occupied,occupied,1,
31.698195098138406,27.400000000000002,5.9564761853431136,0.8809444655844616,28.800000000000001,4.8657771077762488,-0.89377367479874015,occupied,occupied,1,
31.748192251290043,27.400000000000006,6.0295170557510893,0.9260696084768536,28.825468537572561,4.9000000000000004,-0.89265778474123303,occupied,occupied,1,
31.798189404441683,27.450000000000006,6.0635439072905548,0.90825762892145223,28.850000000000005,4.934691323170914,-0.89016060849541456,occupied,occupied,1,
31.848186557593319,27.496954000217634,6.1000000000000005,0.89484173611627116,28.897831840112122,4.9500000000000011,-0.9176037726666666,occupied,occupied,1,
31.898183710744959,27.527724240837166,6.150000000000003,0.9030459725538148,28.903029255161588,5.0000000000000027,-0.88970718458352538,occupied,occupied,1,
31.948180863896596,27.559110129215394,6.2000000000000028,0.91131343166071799,28.950000000000003,5.0147658591250686,-0.91607667484275146,occupied,occupied,1,
31.998178017048232,27.600000000000001,6.242279297991093,0.90789314074286764,28.950000000000003,5.0693614208761026,-0.88046821716440338,occupied,occupied,1,
32.048175170199869,27.650000000000002,6.2767235663104284,0.89302830399339406,28.977730355790985,5.1000000000000014,-0.881104230288973,occupied,occupied,1,
32.098172323351505,27.699999999999999,6.3110891978857557,0.87869939912122175,29,5.1352568315012634,-0.87417873521594769,occupied,occupied,1,
32.148169476503149,27.74498675872951,6.3499999999999996,0.87174194050814302,29.044367635797581,5.1499999999999995,-0.89698377697610998,occupied,occupied,1,
32.198166629654786,27.750000000000004,6.4267307860388296,0.92043369902773631,29.050343455758817,5.2000000000000011,-0.86723560046538228,occupied,occupied,1,
32.248163782806422,27.800000000000004,6.4618650573740783,0.90849790980151979,29.100000000000005,5.208483971934621,-0.89731607434451921,occupied,occupied,1,
32.298160935958059,27.846903078004843,6.5,0.9015334854755892,29.114907999879744,5.25,-0.87901038702488388,occupied,occupied,1,
32.348158089109695,27.882106091520409,6.5500000000000016,0.91190634972150764,29.149999999999999,5.2714820853396853,-0.88869438927284772,occupied,occupied,1,
32.398155242261339,27.917439451833037,6.6000000000000014,0.92286670339526367,29.178172354603603,5.3000000000000016,-0.88805777104543115,occupied,occupied,1,
32.448152395412976,27.952707773302514,6.6499999999999986,0.93453405257478672,29.200000000000003,5.3356442614114057,-0.8774452260983272,occupied,occupied,1,
32.498149548564612,28.000000000000004,6.6869962991550533,0.92913178615215086,29.242307545290622,5.3500000000000014,-0.89594003189784255,occupied,occupied,1,
32.548146701716249,28.068589696308255,6.700000000000002,0.89227240227062077,29.252041075521149,5.4000000000000021,-0.8657256543155909,occupied,occupied,1,
32.598143854867885,28.10279765166278,6.7500000000000009,0.90651076946571796,29.307584553301421,5.4000000000000004,-0.90291219887530472,occupied,occupied,1,
32.648141008019529,28.150000000000006,6.7851486022234697,0.90158740744357935,29.350000000000005,5.4143390184215869,-0.92025751324618399,occupied,occupied,1,
32.698138161171165,28.199999999999999,6.816470810496531,0.89249225922504094,29.374052742131635,5.4500000000000011,-0.90907436936404673,occupied,occupied,1,
32.748135314322802,28.247562040395046,6.8500000000000014,0.88718855072941893,29.400000000000002,5.4841776993262314,-0.89987155115754058,occupied,occupied,1,
32.798132467474439,28.28099460967594,6.9000000000000012,0.90409339629192265,29.441743250624356,5.5000000000000009,-0.91451524975141796,occupied,occupied,1,
32.848129620626075,28.314442436754788,6.9499999999999993,0.92147699957883678,29.455673522158133,5.5499999999999989,-0.88473682782114527,occupied,occupied,1,
32.898126773777712,28.350000000000001,6.9973787693021974,0.93596545413091126,29.5,5.5633095335142508,-0.90225503673339891,occupied,occupied,1,
32.948123926929355,28.400000000000002,7.0263760424086943,0.92752869585291298,29.525871991837786,5.6000000000000005,-0.88964943420541054,occupied,occupied,1,
32.998121080080992,28.453667026061474,7.0500000000000016,0.91303306903063119,29.550000000000008,5.6396834152231552,-0.8732868516558987,occupied,occupied,1,
33.048118233232628,28.500000000000004,7.0824106899559336,0.91038736405294696,29.597252655171644,5.6499999999999995,-0.89398614882659311,occupied,occupied,1,
33.098115386384265,28.550000000000001,7.1094648209272862,0.90165168347016122,29.650000000000002,5.6530028715971969,-0.92352814598402244,occupied,occupied,1,
33.148112539535902,28.589485933305745,7.1500000000000012,0.91038442558532007,29.669815575976859,5.700000000000002,-0.89782245882638745,occupied,occupied,1,
33.198109692687545,28.621826557562724,7.1999999999999993,0.93133246693730631,29.700000000000003,5.7338916299317306,-0.88853888147204985,occupied,occupied,1,
33.248106845839182,28.690469744505613,7.200000000000002,0.89083094061789703,29.743555471635492,5.7500000000000018,-0.9012319903877819,occupied,occupied,1,
33.298103998990818,28.722343449380748,7.2499999999999991,0.9127144615310343,29.762923102659791,5.7999999999999989,-0.87202810108642381,occupied,occupied,1,
33.348101152142455,28.754202163852142,7.3000000000000016,0.93491106805685509,29.818463553153528,5.8000000000000016,-0.90428775337537926,occupied,occupied,1,
33.398098305294091,28.800000000000001,7.3300956296160544,0.93309621686579913,29.850000000000001,5.8340508527619495,-0.89464828780449224,occupied,occupied,1,
33.448095458445728,28.852543948569274,7.3500000000000032,0.91933575125633504,29.894529085358833,5.8500000000000032,-0.90706317156703264,occupied,occupied,1,
33.498092611597372,28.900000000000002,7.3766312190017045,0.91425805865174858,29.915794506266774,5.9000000000000012,-0.87802490893239038,occupied,occupied,1,
33.548089764749008,28.949326628849683,7.4000000000000012,0.90567158320834051,29.971740731745513,5.9000000000000004,-0.90963296363780399,occupied,occupied,1,
33.598086917900645,28.980278314969585,7.4499999999999993,0.92966358091532164,30,5.9409425630660824,-0.89162350872398943,occupied,occupied,1,
33.648084071052281,29.044670158512613,7.4500000000000011,0.89371246874423593,30.050000000000011,5.950130899778765,-0.91191634360439888,occupied,occupied,1,
33.698081224203918,29.075202897496681,7.5000000000000009,0.91833965638761694,30.073053229553604,6.0000000000000009,-0.88324444800110447,occupied,occupied,1,
33.748078377355561,29.105643259739193,7.5500000000000007,0.94319617548411694,30.12956101168021,6.0000000000000009,-0.91446567822875624,occupied,occupied,1,
33.798075530507198,29.168788217779586,7.5499999999999998,0.90847063829826569,30.153309173062322,6.0499999999999998,-0.88576499600142899,occupied,occupied,1,
33.848072683658835,29.200000000000003,7.5981448059450427,0.93166582609995929,30.200000000000003,6.0655620206848955,-0.89830958184293219,occupied,occupied,1,
33.898069836810471,29.250000000000007,7.6171123931904061,0.920292914413952,30.234643933138685,6.1000000000000005,-0.8883401850948236,occupied,occupied,1,
33.948066989962108,29.290669544986365,7.6500000000000012,0.92579626782808133,30.291854686299484,6.1000000000000005,-0.91943317242756639,occupied,occupied,1,
33.998064143113751,29.350000000000009,7.6537442323309932,0.89680420423205931,30.316864179481641,6.1500000000000012,-0.89095222711797617,occupied,occupied,1,
34.048061296265388,29.381936852890071,7.6999999999999984,0.91849260081796402,30.350000000000001,6.1875863514730165,-0.87720818189698524,occupied,occupied,1,
34.098058449417024,29.411550467927079,7.7500000000000009,0.94469230136181892,30.399283488906704,6.2000000000000011,-0.89327301951165694,occupied,occupied,1,
34.148055602568661,29.472968499572502,7.7499999999999991,0.91173713994112182,30.450000000000006,6.2101004912239306,-0.91196268457945817,occupied,occupied,1,
34.198052755720298,29.50260411608776,7.7999999999999989,0.9381294655719038,30.48184624581927,6.2499999999999991,-0.89528678521270655,occupied,occupied,1,
34.248049908871934,29.563772071612121,7.7999999999999998,0.90550831799548159,30.538911117753234,6.25,-0.92571972878323661,occupied,occupied,1,
34.298047062023578,29.599999999999998,7.839509208795203,0.91970650656267894,30.564557669448206,6.3000000000000016,-0.89701034029502225,occupied,occupied,1,
34.348044215175214,29.654354567644539,7.8500000000000014,0.89978485468114766,30.600000000000009,6.3345681397590887,-0.88649032198340927,occupied,occupied,1,
34.398041368326851,29.700000000000003,7.8743000419244833,0.89628191320720074,30.647422460828764,6.3499999999999996,-0.89846039060518967,occupied,occupied,1,
34.448038521478487,29.744722420530238,7.8999999999999995,0.89454574612080728,30.699999999999996,6.3570940910263802,-0.92014813929990169,occupied,occupied,1,
34.498035674630124,29.77440776426107,7.9499999999999993,0.92147436503786262,30.730444827409301,6.3999999999999995,-0.89965354538279096,occupied,occupied,1,
34.548032827781768,29.834881519839644,7.950000000000002,0.8897702546525813,30.787379152414651,6.4000000000000012,-0.92950205593233926,occupied,occupied,1,
34.598029980933404,29.864577205312887,8,0.91686399264623641,30.813628507870575,6.4500000000000002,-0.90060633032645232,occupied,occupied,1,
34.648027134085041,29.924837234433426,8.0000000000000018,0.88543789900042946,30.870535078094193,6.4500000000000011,-0.93028355857631695,occupied,occupied,1,
34.698024287236677,29.954539766216318,8.0500000000000007,0.91269003599319209,30.900000000000006,6.4950278219345048,-0.90715433323843697,occupied,occupied,1,
34.748021440388314,30.000000000000004,8.074084030694566,0.9096893764580225,30.950000000000006,6.5063749295338562,-0.92339868085458754,occupied,occupied,1,
34.79801859353995,30.044300106516314,8.1000000000000014,0.90893231954466747,30.980492570454945,6.5500000000000016,-0.90185654985327712,occupied,occupied,1,
34.848015746691594,30.100000000000005,8.1069053762635903,0.88608224123504997,31.037365800647454,6.5500000000000007,-0.93122593154740341,occupied,occupied,1,
34.898012899843231,30.133862421375735,8.1500000000000004,0.90557090385867633,31.064178310297997,6.6000000000000005,-0.90218672734668404,occupied,occupied,1,
34.948010052994867,30.19353042966636,8.1500000000000004,0.87489848101353529,31.121045512332447,6.6000000000000005,-0.9314193837525413,occupied,occupied,1,
34.998007206146504,30.223230464762445,8.2000000000000011,0.90258607683429737,31.150000000000006,6.6467084984832914,-0.90617489690669906,occupied,occupied,1,
35.04800435929814,30.252968701864116,8.2500000000000018,0.9303189131658719,31.199999999999996,6.658242786885106,-0.92185799662223789,occupied,occupied,1,
35.098001512449784,30.31240757273833,8.25,0.89995834526080587,31.23206779733632,6.7000000000000002,-0.90233878027305769,occupied,occupied,1,
35.14799866560142,30.349999999999998,8.2867032098060847,0.91237114742596859,31.288943222232461,6.7000000000000002,-0.93133204196900887,occupied,occupied,1,
35.197995818753057,30.401396686833181,8.3000000000000007,0.89766842665743296,31.316274764177731,6.7500000000000018,-0.90219320591482199,occupied,occupied,1,
35.247992971904694,30.450000000000003,8.3179033364676744,0.88840876780378941,31.373164079441693,6.75,-0.93108368617283932,occupied,occupied,1,
35.29799012505633,30.490200377486531,8.3499999999999996,0.89569724139310269,31.400658186633507,6.7999999999999998,-0.90192157866767741,occupied,occupied,1,
35.347987278207967,30.549184734649227,8.3499999999999996,0.86584834817482748,31.449999999999999,6.8129129741659078,-0.91575336581078726,occupied,occupied,1,
35.39798443135961,30.57882086753958,8.4000000000000004,0.89402590507548374,31.485218952368321,6.8500000000000005,-0.90154015836557133,occupied,occupied,1,
35.447981584511247,30.608474259154619,8.4500000000000028,0.92224215611187976,31.542154807504499,6.8500000000000023,-0.93025868501260844,occupied,occupied,1,
35.497978737662883,30.66726005576567,8.4500000000000011,0.89263572119451073,31.569957704942912,6.9000000000000012,-0.90106521425435027,occupied,occupied,1,
35.54797589081452,30.700000000000006,8.494632879472908,0.91474902509574274,31.626925931175723,6.8999999999999986,-0.92971450183614968,occupied,occupied,1,
35.597973043966157,30.755519540425546,8.5000000000000018,0.89150817400608895,31.654874868542358,6.950000000000002,-0.90051303295885543,occupied,occupied,1,
35.6479701971178,30.800000000000004,8.5242789089099151,0.89020382519509755,31.711881370467307,6.9500000000000002,-0.92910420722929565,occupied,occupied,1,
35.697967350269437,30.843600642838783,8.5500000000000007,0.89062492163863727,31.750000000000007,6.9826573212463163,-0.91993379525100039,occupied,occupied,1,
35.747964503421073,30.873138983279091,8.6000000000000014,0.91913768541926621,31.797021249692062,7.0000000000000009,-0.92844409685516571,occupied,occupied,1,
35.79796165657271,30.931504430961649,8.6000000000000014,0.88996778940495547,31.825245176304055,7.0500000000000016,-0.89924223736250064,occupied,occupied,1,
35.847958809724346,30.960993984423975,8.6500000000000004,0.91856709536906789,31.882345536475139,7.0500000000000007,-0.92775050528015124,occupied,occupied,1,
35.89795596287599,31.019231742968785,8.6500000000000021,0.8895187632979713,31.910698292991395,7.1000000000000023,-0.8985563497241893,occupied,occupied,1,
35.947953116027627,31.050000000000001,8.6976799138419363,0.91552285750091267,31.967854066098202,7.1000000000000014,-0.92703981273502178,occupied,occupied,1,
35.997950269179263,31.100000000000001,8.7118194783093958,0.90288760327752426,32,7.1436048458319057,-0.90523217525389554,occupied,occupied,1,
36.0479474223309,31.136158968911559,8.7500000000000036,0.9180142505012826,32.049999999999997,7.1561855045146006,-0.9191983327672314,occupied,occupied,1,
36.097944575482536,31.194159283887267,8.75,0.88917373894011476,32.082139434846269,7.2000000000000011,-0.89716574405217664,occupied,occupied,1,
36.147941728634173,31.223469881171976,8.8000000000000025,0.91799653141322002,32.139422678370188,7.2000000000000028,-0.92563291256277269,occupied,occupied,1,
36.197938881785817,31.281360252369677,8.7999999999999989,0.88924245972413463,32.168126775112555,7.2499999999999991,-0.89649404543486955,occupied,occupied,1,
36.247936034937453,31.310600095850631,8.8500000000000014,0.91812787956854958,32.225481987032701,7.2500000000000009,-0.9249697507302046,occupied,occupied,1,
36.29793318808909,31.368386271009314,8.8500000000000014,0.88944871263582503,32.254291406451223,7.3000000000000007,-0.89586019873003386,occupied,occupied,1,
36.347930341240726,31.399999999999999,8.8957114830527058,0.91345175962645098,32.299999999999997,7.3205195671113428,-0.90072286593940776,occupied,occupied,1,
36.397927494392363,31.450000000000006,8.9091687195154403,0.90033434187037553,32.340632874239056,7.3500000000000014,-0.89528087654105559,occupied,occupied,1,
36.447924647544006,31.484318748869125,8.9500000000000028,0.91876839078126871,32.398148366243504,7.3500000000000032,-0.92380713537515136,occupied,occupied,1,
36.497921800695643,31.541913541189988,8.9500000000000011,0.89020472643205539,32.427150721596746,7.4000000000000012,-0.89477282680902459,occupied,occupied,1,
36.54791895384728,31.570907114858109,9,0.9192431807478032,32.484754515638464,7.3999999999999986,-0.92334116519487608,occupied,occupied,1,
36.597916106998916,31.628414636281601,9.0000000000000018,0.8907202480640205,32.513844512859492,7.4500000000000011,-0.8943528782635074,occupied,occupied,1,
36.647913260150553,31.657314685603936,9.0500000000000007,0.91979828006723763,32.571542065670961,7.4500000000000002,-0.92297454979113025,occupied,occupied,1,
36.697910413302189,31.699999999999999,9.0757883597529592,0.92100872215151885,32.600713856917466,7.4999999999999982,-0.89403794578186147,occupied,occupied,1,
36.747907566453833,31.743541300195922,9.1000000000000014,0.92041679616023764,32.650000000000006,7.5148825147558487,-0.90558014153633359,occupied,occupied,1,
36.797904719605469,31.800000000000004,9.10155723864818,0.893735702519042,32.687758430428772,7.5500000000000007,-0.89384503568522689,occupied,occupied,1,
36.847901872757106,31.829586790129881,9.1500000000000021,0.921081943425343,32.745659995229275,7.5500000000000016,-0.92260732461878114,occupied,occupied,1,
36.897899025908742,31.886865952278427,9.1500000000000004,0.89261380131146328,32.774978000906643,7.6000000000000005,-0.89379125099851331,occupied,occupied,1,
36.947896179060379,31.915451002799621,9.2000000000000011,0.92177703724690163,32.832989913329754,7.6000000000000005,-0.92264093391278523,occupied,occupied,1,
36.997893332212023,31.949999999999999,9.2394861061524445,0.93883356125297046,32.86237244968256,7.6499999999999986,-0.89389379670058611,occupied,occupied,1,
37.047890485363659,32.001136752635816,9.25,0.92248404916542603,32.900000000000006,7.685672487506447,-0.88169878630507159,occupied,occupied,1,
37.097887638515296,32.050000000000004,9.2644636282507715,0.91066914255260489,32.949910718114957,7.6999999999999993,-0.89415376972930227,occupied,occupied,1,
37.147884791666932,32.086727665496731,9.2999999999999989,0.92314817147390804,33.000000000000007,7.7140641719537761,-0.90694986077729245,occupied,occupied,1,
37.197881944818569,32.143914740136154,9.3000000000000007,0.89459802755151496,33.037507882059444,7.7500000000000009,-0.89453827337481251,occupied,occupied,1,
37.247879097970213,32.17226212013815,9.3499999999999996,0.92374433823451574,33.095756429565988,7.7499999999999982,-0.92364347691031801,occupied,occupied,1,
37.297876251121849,32.200561345265058,9.4000000000000004,0.95288942115782493,33.125159422356546,7.8000000000000007,-0.89505040582824003,occupied,occupied,1,
37.347873404273486,32.257740166128855,9.4000000000000021,0.92426750306477079,33.154541176955298,7.8500000000000014,-0.86647314064088188,occupied,occupied,1,
37.397870557425122,32.300000000000004,9.425790700257668,0.92541392853142368,33.212865749236954,7.8499999999999988,-0.89569568023694612,occupied,occupied,1,
37.447867710576759,32.343161876691774,9.4500000000000011,0.92471261715047348,33.25,7.886619016723647,-0.88263778627309164,occupied,occupied,1,
37.497864863728395,32.399999999999999,9.4506402874128685,0.89673391981931172,33.300627336281877,7.9000000000000012,-0.89647964799854429,occupied,occupied,1,
37.547862016880039,32.42852735100157,9.5000000000000018,0.92507462722149447,33.350000000000001,7.9155930343598131,-0.90780760457119203,occupied,occupied,1,
37.597859170031676,32.485748652263368,9.5,0.89629223994897467,33.388444722852235,7.9499999999999993,-0.89740790106026791,occupied,occupied,1,
37.647856323183312,32.513836716510923,9.5500000000000025,0.92534847351217331,33.417794562844485,8.0000000000000018,-0.86898699900906329,occupied,occupied,1,
37.697853476334949,32.550000000000004,9.5860788838886428,0.93828071007671998,33.476318516578793,8,-0.89848607426858063,occupied,occupied,1,
37.747850629486585,32.599090131310312,9.6000000000000014,0.92552908770287057,33.50565476508234,8.0500000000000007,-0.87012105506052673,occupied,occupied,1,
37.797847782638229,32.650000000000006,9.6108231167446778,0.90915293926930341,33.564249395914388,8.0500000000000007,-0.89971984777084246,occupied,occupied,1,
37.847844935789865,32.684287786523662,9.6500000000000004,0.92561139083998523,33.600000000000009,8.0890402252152018,-0.88411905218349429,occupied,occupied,1,
37.897842088941502,32.741554223470075,9.6500000000000004,0.89661838620281875,33.6522381127537,8.0999999999999996,-0.90111494947318072,occupied,occupied,1,
37.947839242093139,32.769429908744073,9.6999999999999993,0.9255902912312397,33.70000000000001,8.118634938612173,-0.90926015284266648,occupied,occupied,1,
37.997836395244775,32.800000000000004,9.7453261327249017,0.94913338407324266,33.740285495123231,8.1500000000000004,-0.90267715755733025,occupied,occupied,1,
38.047833548396412,32.854516762512802,9.75,0.92546068231307455,33.769572502586428,8.1999999999999993,-0.87449126355706419,occupied,occupied,1,
38.097830701548055,32.899999999999999,9.7699936300821317,0.91953740557091712,33.828392449945227,8.2000000000000028,-0.90441230305971299,occupied,occupied,1,
38.147827854699692,32.9395486528459,9.8000000000000007,0.92521744048678789,33.857660320013665,8.25,-0.87628999313361855,occupied,occupied,1,
38.197825007851328,32.996877679013771,9.8000000000000025,0.89598211085601032,33.916559965879593,8.2500000000000018,-0.90632627251647424,occupied,occupied,1,
38.247822161002965,33.02452592781043,9.8500000000000032,0.92485542292082157,33.950000000000003,8.2929461852459205,-0.88647525929471327,occupied,occupied,1,
38.297819314154601,33.081879839219241,9.8500000000000014,0.89553217662596729,34.004789116247409,8.3000000000000007,-0.90842501067772952,occupied,occupied,1,
38.347816467306245,33.109448981156504,9.9000000000000004,0.92436946531476216,34.050000000000011,8.3232014300165655,-0.91163978012747138,occupied,occupied,1,
38.397813620457882,33.166829846653506,9.8999999999999986,0.89495469170696484,34.093081062040234,8.3499999999999996,-0.91071452329488423,occupied,occupied,1,
38.447810773609518,33.200000000000003,9.9405096639286654,0.91269324473896796,34.150000000000006,8.3537050330194198,-0.93675233074440534,occupied,occupied,1,
38.497807926761155,33.250000000000007,9.9528812037680296,0.89760419524524937,34.181437055018513,8.4000000000000004,-0.91320087998443855,occupied,occupied,1,
38.547805079912791,33.279134242605465,10.000000000000004,0.92300495173294961,34.210615593228781,8.4500000000000028,-0.88535273040823392,occupied,occupied,1,
38.597802233064428,33.336575375538658,10,0.89339618362145179,34.269858440904471,8.4499999999999993,-0.91589021717268615,occupied,occupied,1,
38.647799386216072,33.363897491140861,10.050000000000001,0.92211593909659739,34.300000000000004,8.4983617046186612,-0.89002900730981604,occupied,occupied,1,
38.697796539367708,33.421372018967332,10.050000000000001,0.89240464527714636,34.35834666267197,8.5000000000000018,-0.91878874112459985,occupied,occupied,1,
38.747793692519345,33.45000000000001,10.097702903564295,0.91839643372465474,34.400000000000006,8.5293193536641017,-0.9152684646680499,occupied,occupied,1,
38.797790845670981,33.500000000000007,10.110081030222334,0.90305716222869858,34.446903263939426,8.5500000000000007,-0.92190273106175369,occupied,occupied,1,
38.847787998822618,33.533268246868488,10.149999999999999,0.91989803262985381,34.5,8.5605441339133357,-0.94046221010541409,occupied,occupied,1,
38.897785151974261,33.59081630670493,10.150000000000002,0.88997047014508912,34.53552989246905,8.6000000000000032,-0.92523854237311198,occupied,occupied,1,
38.947782305125898,33.617877144495921,10.200000000000001,0.9185584894519726,34.564600283202061,8.6500000000000021,-0.89769719226291456,occupied,occupied,1,
38.997779458277535,33.675465435997197,10.200000000000001,0.88851711408744538,34.624228303776889,8.6500000000000004,-0.92880260992303798,occupied,occupied,1,
39.047776611429171,33.702436090089641,10.249999999999998,0.91705805769729754,34.653268992396669,8.6999999999999993,-0.90134322037902426,occupied,occupied,1,
39.097773764580808,33.760066990510126,10.25,0.88689903382244561,34.713000364859482,8.7000000000000011,-0.93260145146159568,occupied,occupied,1,
39.147770917732451,33.800000000000004,10.278814220009263,0.89050666896850705,34.750000000000007,8.7370334027902619,-0.92045663500661501,occupied,occupied,1,
39.197768070884088,33.844621885007321,10.300000000000001,0.88511076712790127,34.800000000000011,8.7529924902219864,-0.93312452510370436,occupied,occupied,1,
39.247765224035724,33.871407644574177,10.350000000000001,0.91355279572842529,34.83082642224025,8.8000000000000007,-0.90935268479936548,occupied,occupied,1,
39.297762377187361,33.929131109107573,10.350000000000001,0.88314680579889815,34.890773484944113,8.8000000000000007,-0.94092996314602295,occupied,occupied,1,
39.347759530338998,33.955822197692029,10.4,0.91153698664819005,34.919719311288567,8.8499999999999996,-0.91372947214617828,occupied,occupied,1,
39.397756683490634,34.000000000000007,10.421810960856753,0.90670299172529223,34.979778870596725,8.8499999999999996,-0.94547311543547341,occupied,occupied,1,
39.447753836642278,34.040190694116646,10.449999999999999,0.90933832554872074,35.008691300535389,8.8999999999999986,-0.91836335268913449,occupied,occupied,1,
39.497750989793914,34.098016899689647,10.449999999999999,0.87866951920808978,35.050000000000011,8.9301212235523746,-0.91473598941857281,occupied,occupied,1,
39.547748142945551,34.124514306163093,10.500000000000002,0.90695119750140218,35.097744788330068,8.9500000000000011,-0.92326124137528887,occupied,occupied,1,
39.597745296097187,34.182395851280639,10.5,0.87614492138137834,35.149999999999999,8.9627716199878051,-0.94026056224110932,occupied,occupied,1,
39.647742449248824,34.208794292791069,10.549999999999999,0.90436993194069482,35.186882306534045,9,-0.92843015607427515,occupied,occupied,1,
39.697739602400468,34.250000000000007,10.57645164684075,0.90472245091825976,35.215667840376049,9.0500000000000007,-0.90153583849645202,occupied,occupied,1,
39.747736755552104,34.293032003426205,10.6,0.901588799497822,35.276106525111693,9.0499999999999989,-0.93387722175867494,occupied,occupied,1,
39.797733908703741,34.350000000000001,10.601623720466732,0.87241939631063992,35.304854978917326,9.1000000000000014,-0.90708104724973104,occupied,occupied,1,
39.847731061855377,34.377228881900415,10.65,0.8986020087341966,35.365420256875886,9.0999999999999996,-0.93960967482564628,occupied,occupied,1,
39.897728215007014,34.403331856080435,10.700000000000001,0.92670087157415315,35.400000000000006,9.1408185391229253,-0.92381100816260253,occupied,occupied,1,
39.94772536815865,34.461386470517112,10.699999999999999,0.89540370276890968,35.450000000000003,9.1575304163041622,-0.93669048894270213,occupied,occupied,1,
39.997722521310294,34.500000000000007,10.730369980472782,0.90010667126163701,35.483498852079258,9.2000000000000011,-0.91904210472494041,occupied,occupied,1,
40.047719674461931,34.545506414246354,10.750000000000002,0.8919879557949526,35.544328255066411,9.2000000000000028,-0.95196027278934259,occupied,occupied,1,
40.097716827613567,34.571398567303746,10.799999999999999,0.9199617444947833,35.572961767434919,9.25,-0.9254728503519114,occupied,occupied,1,
40.147713980765204,34.629590465055614,10.799999999999999,0.88834876947819297,35.601530892129851,9.2999999999999989,-0.89901470608609269,occupied,occupied,1,
40.19771113391684,34.655375289710584,10.850000000000001,0.91625754661102732,35.66252305214384,9.3000000000000007,-0.93221388010194939,occupied,occupied,1,
40.247708287068484,34.70000000000001,10.870933598673675,0.90946563350865617,35.70000000000001,9.3362670125231464,-0.92225528700486969,occupied,occupied,1,
40.29770544022012,34.739316745841492,10.899999999999999,0.91232216888183482,35.75,9.3533455534152008,-0.93527643941407201,occupied,occupied,1,
40.347702593371757,34.797658457752064,10.9,0.88037570036890911,35.780673524985716,9.4000000000000004,-0.91303407500547229,occupied,occupied,1,
40.397699746523394,34.823224948388535,10.950000000000003,0.9081494431078484,35.841954872965381,9.4000000000000021,-0.94665800221588514,occupied,occupied,1,
40.44769689967503,34.850000000000009,10.998009623113246,0.93353093346863947,35.870400737956523,9.4500000000000028,-0.92053256578736298,occupied,occupied,1,
40.497694052826674,34.907102032514466,11,0.90373311584711014,35.899999999999999,9.4981502200591059,-0.89665549091128227,occupied,occupied,1,
40.54769120597831,34.95000000000001,11.02353655229575,0.89967567850009633,35.960237027647224,9.5000000000000036,-0.9283676684177774,occupied,occupied,1,
40.597688359129947,34.990950260763093,11.050000000000002,0.89906684427878625,36,9.5328146182976141,-0.92302888830649676,occupied,occupied,1,
40.647685512281583,35.016186884199826,11.100000000000003,0.92669019462848334,36.050000000000011,9.5502795449070526,-0.93621158682269856,occupied,occupied,1,
40.69768266543322,35.074772028273934,11.100000000000001,0.89414419184028526,36.078476569771901,9.6000000000000014,-0.91068898788122166,occupied,occupied,1,
40.747679818584857,35.100000000000001,11.149841748557286,0.92150336198009442,36.140253386448187,9.6000000000000032,-0.94508083209956861,occupied,occupied,1,
40.7976769717365,35.150000000000006,11.162728406114109,0.90430316549245215,36.168500102010597,9.6500000000000021,-0.91934419308872917,occupied,occupied,1,
40.847674124888137,35.183575702021763,11.199999999999999,0.91643306186842,36.200000000000003,9.6950730197775918,-0.8995855419244706,occupied,occupied,1,
40.897671278039773,35.208469822264107,11.250000000000004,0.94389908462853234,36.258645492099191,9.7000000000000028,-0.92836396780656005,occupied,occupied,1,
40.94766843119141,35.267235363894578,11.250000000000004,0.91090085648659391,36.300000000000011,9.7305398083651742,-0.92631499026439101,occupied,occupied,1,
40.997665584343046,35.300000000000004,11.288283571453437,0.92410870933685263,36.34891749781535,9.7500000000000018,-0.93775709233273874,occupied,occupied,1,
41.04766273749469,35.350000000000009,11.301280015386041,0.90664143670206243,36.377000446753463,9.8000000000000007,-0.91230650159340099,occupied,occupied,1,
41.097659890646327,35.375531546503922,11.350000000000001,0.93240050593020352,36.4393210918969,9.8000000000000007,-0.94753252396405607,occupied,occupied,1,
41.147657043797963,35.434499548244986,11.350000000000001,0.89899532913704294,36.467359516359707,9.8500000000000014,-0.92221298232376814,occupied,occupied,1,
41.1976541969496,35.459034963221903,11.4,0.92622453476686828,36.5,9.89322388121907,-0.90516359447361183,occupied,occupied,1,
41.247651350101236,35.500000000000007,11.426127006694124,0.92439810840666259,36.557855550584065,9.9000000000000004,-0.93251384601192733,occupied,occupied,1,
41.297648503252873,35.542524346336322,11.450000000000003,0.91975478267897448,36.600000000000001,9.9295386868383577,-0.93228662153224229,occupied,occupied,1,
41.347645656404517,35.566818453553871,11.500000000000002,0.94689318100979714,36.648494056942695,9.9500000000000028,-0.94321848525931051,occupied,occupied,1,
41.397642809556153,35.626003106594055,11.499999999999998,0.91298409792253754,36.676362533528341,9.9999999999999982,-0.9182053859238839,occupied,occupied,1,
41.44763996270779,35.65017336903265,11.550000000000002,0.94003806315301619,36.704148286820292,10.050000000000002,-0.89322763699125463,occupied,occupied,1,
41.497637115859426,35.700000000000003,11.563437833075112,0.92234745359068193,36.767104434858489,10.050000000000001,-0.92946407825529409,occupied,occupied,1,
41.547634269011063,35.733520501932588,11.600000000000001,0.93287285872924219,36.799999999999997,10.092713257317651,-0.91355391871525993,occupied,occupied,1,
41.597631422162706,35.79294330158573,11.600000000000001,0.89851065512490924,36.850000000000009,10.111268428967794,-0.92732902958197083,occupied,occupied,1,
41.647628575314343,35.816863683525732,11.65,0.92539011492121248,36.885695426772898,10.15,-0.91645713590410338,occupied,occupied,1,
41.697625728465979,35.850000000000001,11.686935496676046,0.93620050508732278,36.949058632505576,10.15,-0.95327047871419102,occupied,occupied,1,
41.747622881617616,35.899999999999999,11.70028835139941,0.91793715598970282,36.976708196583168,10.200000000000001,-0.92872623454310654,occupied,occupied,1,
41.797620034769253,35.92387328795688,11.750000000000002,0.9443636610270012,37.00427065222776,10.250000000000002,-0.90421916501122523,occupied,occupied,1,
41.847617187920889,35.983554502111545,11.750000000000004,0.90944145794923914,37.049999999999997,10.27474692020146,-0.91090951079872207,occupied,occupied,1,
41.897614341072533,36.007092711798599,11.799999999999999,0.93613078236521319,37.095406584511124,10.299999999999999,-0.91708995072044186,occupied,occupied,1,
41.947611494224169,36.050000000000004,11.823222010547646,0.92968682175230377,37.150000000000006,10.312696286219666,-0.93891906603050368,occupied,occupied,1,
41.997608647375806,36.090320383917891,11.850000000000001,0.92755510106002315,37.186718660708571,10.350000000000001,-0.93042476464077739,occupied,occupied,1,
42.047605800527442,36.113597043476666,11.900000000000002,0.95414294198843308,37.214101315696972,10.4,-0.90626283449559542,occupied,occupied,1,
42.097602953679079,36.173561031211122,11.9,0.91862849809278024,37.25,10.438311951882294,-0.89665462129587659,occupied,occupied,1,
42.147600106830723,36.199999999999996,11.945545368521364,0.93958057986174648,37.305552558331897,10.449999999999999,-0.92023188609817219,occupied,occupied,1,
42.197597259982359,36.250000000000007,11.95919017674996,0.92078673438943526,37.350000000000009,10.47681899907505,-0.92513425752795964,occupied,occupied,1,
42.247594413133996,36.279834546496232,12.000000000000004,0.93573619970028465,37.39719611506208,10.500000000000004,-0.93469072346670135,occupied,occupied,1,
42.297591566285632,36.302711785577728,12.050000000000002,0.96212294059573367,37.424397776451414,10.550000000000001,-0.91089053029076206,occupied,occupied,1,
42.347588719437269,36.36298495069984,12.050000000000002,0.92598236381697974,37.489040128850071,10.550000000000002,-0.94965093302943437,occupied,occupied,1,
42.397585872588913,36.400000000000006,12.081064436787496,0.9285578809843269,37.516198784535398,10.6,-0.92601797147222542,occupied,occupied,1,
42.447583025740549,36.4461637362148,12.100000000000003,0.91584998874832424,37.550000000000004,10.641094730539256,-0.91359229853695856,occupied,occupied,1,
42.497580178892186,36.468774984232788,12.15,0.9420340088541499,37.600000000000001,10.6608080667356,-0.92808969036932532,occupied,occupied,1,
42.547577332043822,36.500000000000007,12.188518817126305,0.95377278532375287,37.635230879518986,10.700000000000001,-0.91824148245107629,occupied,occupied,1,
42.597574485195459,36.549999999999997,12.202422228255168,0.9344603012604582,37.699999999999996,10.700575341951183,-0.95711155037536511,occupied,occupied,1,
42.647571638347095,36.574188803523526,12.250000000000002,0.95748283202274354,37.727420375363593,10.750000000000002,-0.93459091344510026,occupied,occupied,1,
42.697568791498739,36.63497474418638,12.25,0.92038614327858803,37.754302081244028,10.800000000000001,-0.91138722902612046,occupied,occupied,1,
42.747565944650376,36.657174047160829,12.300000000000001,0.94635259546048767,37.800000000000004,10.82559638625384,-0.91910101551741963,occupied,occupied,1,
42.797563097802012,36.700000000000003,12.323308857630636,0.93849110902661559,37.84668163479617,10.850000000000001,-0.92846303115779039,occupied,occupied,1,
42.847560250953649,36.740206031228539,12.350000000000001,0.93481174515761101,37.873423220104641,10.900000000000002,-0.90548203496670665,occupied,occupied,1,
42.897557404105285,36.762121985786017,12.400000000000002,0.96066374084077499,37.939302986318097,10.900000000000002,-0.94610187349511432,occupied,occupied,1,
42.947554557256929,36.823291572423337,12.400000000000002,0.92285056742248972,37.96600559365816,10.950000000000003,-0.92330634203202788,occupied,occupied,1,
42.997551710408565,36.850000000000001,12.443772529742434,0.94064933761984171,38.000000000000007,10.990657527642581,-0.91246782255316072,occupied,occupied,1,
43.047548863560202,36.900000000000006,12.458100288662239,0.92080607596681063,38.050000000000004,11.011125514628212,-0.92750017481816727,occupied,occupied,1,
43.097546016711838,36.928082136568221,12.500000000000002,0.93608563216574481,38.085405265168184,11.050000000000001,-0.91914934594144959,occupied,occupied,1,
43.147543169863475,36.95000000000001,12.549467475578707,0.96102526391428433,38.150000000000006,11.052424917926048,-0.95760352233469004,occupied,occupied,1,
43.197540323015112,37,12.56386421942851,0.94093578553020718,38.178471491672688,11.100000000000001,-0.93834426534254356,occupied,occupied,1,
43.247537476166755,37.032515565153673,12.600000000000001,0.94864290294818554,38.204894987800692,11.150000000000002,-0.91602154693178028,occupied,occupied,1,
43.297534629318392,37.094316862038539,12.600000000000003,0.90973511494416415,38.25,11.176865389114946,-0.92354490623847163,occupied,occupied,1,
43.347531782470028,37.115535002811598,12.650000000000002,0.9351218555832701,38.298206466723343,11.200000000000001,-0.93603067469082568,occupied,occupied,1,
43.397528935621665,37.149999999999999,12.683637537696249,0.93935285858448614,38.324490496333368,11.250000000000002,-0.91395351529684388,occupied,occupied,1,
43.447526088773301,37.19864721545428,12.700000000000001,0.92112903828809112,38.391803647855262,11.25,-0.95666814782649379,occupied,occupied,1,
43.497523241924945,37.219618674698808,12.75,0.94636117962619248,38.418009057123022,11.300000000000001,-0.93476601136511528,occupied,occupied,1,
43.547520395076582,37.250000000000007,12.788527642904238,0.95665303558656933,38.450000000000003,11.342851631671754,-0.92217083307516912,occupied,occupied,1,
43.597517548228218,37.300000000000004,12.803486258616383,0.93617756132729824,38.5,11.363985312471304,-0.93789900433179341,occupied,occupied,1,
43.647514701379855,37.323722405415104,12.85,0.95666543441352025,38.537601424848582,11.4,-0.93436663136981468,occupied,occupied,1,
43.697511854531491,37.386464478026362,12.85,0.91634079872893648,38.563400002404784,11.449999999999999,-0.91264176776641504,occupied,occupied,1,
43.747509007683128,37.407242055892851,12.9,0.94119415199412138,38.600000000000001,11.48703534696528,-0.90789768562677953,occupied,occupied,1,
43.797506160834772,37.45000000000001,12.923944699188002,0.93186161500793652,38.656951191477788,11.5,-0.93477966948012614,occupied,occupied,1,
43.847503313986408,37.491038380149533,12.950000000000003,0.92515449637305669,38.700000000000003,11.529434851520074,-0.94021236817323584,occupied,occupied,1,
43.897500467138045,37.51167966283537,13.000000000000004,0.94980652831248924,38.750000000000007,11.550735560397392,-0.95644756632762695,occupied,occupied,1,
43.947497620289681,37.550000000000004,13.029275314558127,0.94712335886833043,38.776067948804581,11.600000000000001,-0.93597795011403484,occupied,occupied,1,
43.997494773441318,37.595725886939555,13.050000000000001,0.93303523255984899,38.801370342558165,11.65,-0.91455199227255402,occupied,occupied,1,
44.047491926592961,37.616242623221893,13.1,0.95748831403005163,38.850000000000001,11.672859758990885,-0.92901282094494342,occupied,occupied,1,
44.097489079744598,37.680054987901791,13.100000000000001,0.91571000345333742,38.894960178730855,11.699999999999999,-0.93793360379790736,occupied,occupied,1,
44.147486232896235,37.700549477901561,13.15,0.93999613237781021,38.920024770132436,11.75,-0.91664599478659825,occupied,occupied,1,
44.197483386047871,37.75,13.166776561753515,0.92012206154014464,38.988672096504907,11.750000000000002,-0.96178239634127582,occupied,occupied,1,
44.247480539199508,37.785142844017741,13.200000000000001,0.92195906640480629,39.013635253292613,11.800000000000001,-0.94061807284231447,occupied,occupied,1,
44.297477692351151,37.80553021531464,13.249999999999998,0.94605122909373063,39.049999999999997,11.836906145631829,-0.93690901643667202,occupied,occupied,1,
44.347474845502788,37.850000000000009,13.272654805841118,0.93361940981335045,39.100000000000009,11.858332880068517,-0.95392039366659787,occupied,occupied,1,
44.397471998654424,37.890396603421571,13.300000000000001,0.92731451088603223,39.132099440189585,11.9,-0.9440021204828335,occupied,occupied,1,
44.447469151806061,37.910687720984917,13.35,0.9512154933039092,39.156707989477205,11.950000000000001,-0.9229687317640527,occupied,occupied,1,
44.497466304957698,37.95000000000001,13.378611052309704,0.94641035293490938,39.20000000000001,11.978940106556045,-0.93017664381928888,occupied,occupied,1,
44.547463458109334,37.995834759113087,13.399999999999999,0.93179211452448973,39.25,12.000399418090096,-0.94751952549998186,occupied,occupied,1,
44.597460611260978,38.01604015903181,13.450000000000003,0.95550485759358461,39.274747814710743,12.050000000000002,-0.92713822128907064,occupied,occupied,1,
44.647457764412614,38.08127166809885,13.450000000000001,0.91185233194002002,39.344118569645637,12.050000000000001,-0.9735606988694987,occupied,occupied,1,
44.697454917564251,38.101474342848334,13.5,0.93540862697144533,39.368414771192064,12.1,-0.95274868876572461,occupied,occupied,1,
44.747452070715887,38.150000000000006,13.518721897933595,0.91669124011128789,39.400000000000006,12.141840049831327,-0.94296023896577918,occupied,occupied,1,
44.797449223867524,38.187198817184346,13.550000000000001,0.91480750648260845,39.449999999999996,12.163382268425346,-0.96065925164398147,occupied,occupied,1,
44.847446377019168,38.207330918275254,13.600000000000001,0.93818178631807858,39.486273054168784,12.200000000000001,-0.95804947251189321,occupied,occupied,1,
44.897443530170804,38.250000000000007,13.62533082723677,0.92806789735549666,39.510243394710244,12.250000000000002,-0.93734044889434087,occupied,occupied,1,
44.947440683322441,38.293347473700393,13.65,0.9169346150732065,39.550000000000004,12.282700116296599,-0.94012880436904178,occupied,occupied,1,
44.997437836474077,38.313418579997801,13.700000000000001,0.9401303307019826,39.600000000000009,12.304268590643153,-0.95812094807017645,occupied,occupied,1,
45.047434989625714,38.350000000000009,13.73207285837799,0.93888338750330269,39.627703810590219,12.350000000000001,-0.94331012365910016,occupied,occupied,1,
45.09743214277735,38.399730615098697,13.750000000000002,0.91825321862926679,39.651362765264246,12.400000000000002,-0.92269301614459232,occupied,occupied,1,
45.147429295928994,38.419749958491096,13.800000000000001,0.9412740050410664,39.700000000000003,12.423017943640446,-0.93891740870375606,occupied,occupied,1,
45.197426449080631,38.450000000000003,13.838964257833135,0.94917853762471349,39.744974076370646,12.450000000000001,-0.94981581939953486,occupied,occupied,1,
45.247423602232267,38.500000000000007,13.856802801087522,0.92809649305359976,39.768440668298858,12.500000000000002,-0.9292821894000789,occupied,occupied,1,
45.297420755383904,38.52633623073325,13.899999999999999,0.94163356288790534,39.83867162996232,12.499999999999998,-0.97727868108515403,occupied,occupied,1,
45.34741790853554,38.593251806440499,13.9,0.89583814076935864,39.862054064139222,12.550000000000001,-0.95682458329602571,occupied,occupied,1,
45.397415061687184,38.613245017475293,13.949999999999999,0.91854816862361965,39.899999999999999,12.584435213603788,-0.95775286556505401,occupied,occupied,1,
45.44741221483882,38.650000000000006,13.982202675090576,0.91674776613753584,39.95000000000001,12.606082398035705,-0.97632038290559309,occupied,occupied,1,
45.497409367990457,38.700000000000003,14.000456730756486,0.89565078226979922,39.978942733219505,12.650000000000002,-0.96430295277321632,occupied,occupied,1,
45.547406521142094,38.720395038117815,14.049999999999999,0.9175686409664876,40.002040024371432,12.699999999999999,-0.94391299224643088,occupied,occupied,1,
45.59740367429373,38.75,14.089818744812058,0.92603366023843536,40.050000000000004,12.723771495880365,-0.95972483074439663,occupied,occupied,1,
45.647400827445374,38.800000000000004,14.108258138154724,0.90489340663009521,40.095638176012883,12.75,-0.97221699316143551,occupied,occupied,1,
45.69739798059701,38.827817108657648,14.150000000000002,0.91586884204661378,40.118558194239121,12.800000000000002,-0.95188717788961918,occupied,occupied,1,
45.747395133748647,38.850000000000009,14.197615249893596,0.93492717118639024,40.150000000000006,12.841008856732838,-0.94400361677910649,occupied,occupied,1,
45.797392286900283,38.900000000000006,14.216235534560957,0.91374979344052742,40.20000000000001,12.862638089353647,-0.9630096593588342,occupied,occupied,1,
45.84738944005192,38.93551714813789,14.25,0.91347328280308904,40.234885125116335,12.9,-0.96025485638814523,occupied,occupied,1,
45.897386593203557,38.955403987030294,14.300000000000001,0.93568069637423068,40.257541887959547,12.949999999999999,-0.9399693544178781,occupied,occupied,1,
45.9473837463552,39.000000000000007,14.324399173933973,0.92225636804744693,40.300000000000004,12.979421611944904,-0.94829559387557294,occupied,occupied,1,
45.997380899506837,39.043499750338839,14.350000000000003,0.91040742075204217,40.350000000000009,13.001050237342504,-0.9675191924409241,occupied,occupied,1,
46.047378052658473,39.063382949733523,14.399999999999999,0.93246579424905995,40.373509441840589,13.049999999999999,-0.94873898602361861,occupied,occupied,1,
46.09737520581011,39.100000000000001,14.432758311489396,0.93044879728771368,40.399999999999999,13.095800212153808,-0.93434528233046943,occupied,occupied,1,
46.147372358961746,39.149999999999999,14.451815036162968,0.90923159868659398,40.450000000000003,13.117398795071264,-0.95374094659938313,occupied,occupied,1,
46.19736951211339,39.171654627272964,14.500000000000002,0.92861197274401308,40.489282236660699,13.150000000000002,-0.95782448709788526,occupied,occupied,1,
46.247366665265027,39.200000000000003,14.541321305872449,0.9383620670301086,40.511532504451715,13.200000000000001,-0.93760711070729486,occupied,occupied,1,
46.297363818416663,39.250000000000007,14.560540490819358,0.9171258597024794,40.550000000000004,13.23336197985407,-0.94066928507749359,occupied,occupied,1,
46.3473609715683,39.280220769910862,14.6,0.92414669541539096,40.600000000000001,13.25494817380037,-0.96025815263017855,occupied,occupied,1,
46.397358124719936,39.300094075500155,14.650000000000002,0.94589634695432245,40.626953181046623,13.300000000000002,-0.94699960527643035,occupied,occupied,1,
46.447355277871573,39.350000000000001,14.669472370736703,0.92478126158691276,40.649999999999999,13.348958382061497,-0.92825872564674117,occupied,occupied,1,
46.497352431023216,39.38908194625558,14.699999999999999,0.91909828015354,40.700000000000003,13.370509216084944,-0.94799890214526417,occupied,occupied,1,
46.547349584174853,39.408975276485229,14.749999999999998,0.94071490449302864,40.742172612514224,13.399999999999999,-0.95662932805804002,occupied,occupied,1,
46.59734673732649,39.450000000000003,14.778617444897424,0.93223160928077631,40.764049389281055,13.450000000000003,-0.93644442266153649,occupied,occupied,1,
46.647343890478126,39.498185659939097,14.800000000000002,0.91353198412381054,40.800000000000004,13.485772604704817,-0.93630969086694049,occupied,occupied,1,
46.697341043629763,39.517803124592909,14.850000000000003,0.93522684386930444,40.850000000000001,13.507607961995536,-0.95600685362611282,occupied,occupied,1,
46.747338196781406,39.549999999999997,14.88705231815436,0.93882031441296199,40.879852201673266,13.549999999999999,-0.94697282900897528,occupied,occupied,1,
46.797335349933043,39.600000000000001,14.906001152608249,0.91696476667301796,40.902326689358283,13.600000000000001,-0.92740336806282486,occupied,occupied,1,
46.847332503084679,39.624800064065433,14.950000000000001,0.93057387534533897,40.950000000000003,13.624962949338943,-0.94342667316726359,occupied,occupied,1,
46.897329656236316,39.649999999999999,14.993304919883093,0.94333384947710841,40.997909680006885,13.650000000000002,-0.95964502934377294,occupied,occupied,1,
46.947326809387953,39.700000000000003,15.011683564425068,0.92084803877472043,41.021004036194299,13.700000000000001,-0.94075488258753159,occupied,occupied,1,
46.997323962539589,39.72972690692005,15.050000000000001,0.92670377109288204,41.049999999999997,13.744300045096544,-0.93016817186543188,occupied,occupied,1,
47.047321115691233,39.750000000000007,15.097356098320237,0.94553694722130766,41.100000000000001,13.768092233064879,-0.94904544039703331,occupied,occupied,1,
47.097318268842869,39.800000000000004,15.115220840583959,0.92238726172905261,41.142087475515389,13.800000000000001,-0.95670950306025726,occupied,occupied,1,
47.147315421994506,39.832575442162245,15.15,0.92340389953015167,41.149999999999999,13.865523810916301,-0.91656527029769841,occupied,occupied,1,
47.197312575146142,39.850000000000001,15.199229087057818,0.94523044373991549,41.189866874320238,13.900000000000002,-0.92111343174438687,occupied,occupied,1,
47.247309728297779,39.900000000000006,15.216643577171387,0.92138954760658631,41.213911114654515,13.950000000000001,-0.90364425175225715,occupied,occupied,1,
47.297306881449423,39.933323527517501,15.250000000000002,0.92047697896594383,41.25,13.988545502357489,-0.9029550550872818,occupied,occupied,1,
47.347304034601059,39.950000000000003,15.298974903755518,0.94223978216875159,41.300000000000004,14.014075462611641,-0.9214840637515197,occupied,occupied,1,
47.397301187752696,40,15.316010951635084,0.91768658751715981,41.339434501887105,14.050000000000001,-0.92537296510329892,occupied,occupied,1,
47.447298340904332,40.000000000000007,15.379967430860336,0.96153452970670228,41.364161223024198,14.1,-0.9090943662708133,occupied,occupied,1,
47.497295494055969,40.046429256644018,15.4,0.94129466303992304,41.400000000000006,14.13972063888696,-0.90815331549766742,occupied,occupied,1,
47.547292647207613,40.060386189423248,15.449999999999999,0.96505946825828759,41.450000000000003,14.166586142611362,-0.926547698117128,occupied,occupied,1,
47.597289800359249,40.100000000000009,15.475991197802893,0.95349653083103991,41.493335392473199,14.200000000000003,-0.93582531914288036,occupied,occupied,1,
47.647286953510886,40.141677584641592,15.499999999999998,0.93887462577736558,41.518783845298117,14.249999999999998,-0.92094301397643208,occupied,occupied,1,
47.697284106662522,40.154384608517681,15.549999999999999,0.96296703035648545,41.550000000000004,14.294870985576431,-0.91402289071135279,occupied,occupied,1,
47.747281259814159,40.200000000000003,15.570138418400276,0.94240834381352734,41.569867829035879,14.350000000000001,-0.89206041555082605,occupied,occupied,1,
47.797278412965795,40.234618850530175,15.600000000000001,0.93630632064023578,41.600000000000009,14.396023402223616,-0.88408521178369803,occupied,occupied,1,
47.847275566117439,40.25,15.646490802057599,0.95540199808448012,41.649999999999999,14.424832400894209,-0.90267476274460112,occupied,occupied,1,
47.897272719269075,40.299999999999997,15.662587549536164,0.92819175700154277,41.699999999999996,14.454136189439165,-0.921228338520372,occupied,occupied,1,
47.947269872420712,40.325205541717104,15.699999999999999,0.93343333610080559,41.731192165690089,14.499999999999998,-0.9150250450349342,occupied,occupied,1,
47.997267025572349,40.350000000000001,15.73744191939668,0.93875303038854385,41.757655121935819,14.550000000000002,-0.90285258815539748,occupied,occupied,1,
48.047264178723985,40.350000000000009,15.795225213368546,0.97587981228758569,41.800000000000004,14.58681394633925,-0.91164708560906382,occupied,occupied,1,
48.097261331875629,40.400000000000006,15.811025504643018,0.94744981675263762,41.850000000000009,14.617704395666879,-0.93045200952264628,occupied,occupied,1,
48.147258485027265,40.42174001670962,15.85,0.9552909479463928,41.850000000000009,14.689759029696825,-0.88484102803758369,occupied,occupied,1,
48.197255638178902,40.450000000000003,15.883374984409445,0.95425704936373457,41.899999999999999,14.721213266004758,-0.90400016096139513,occupied,occupied,1,
48.247252791330538,40.499166262686238,15.900000000000002,0.92614263117643447,41.950000000000003,14.75322909049744,-0.92318212456798265,occupied,occupied,1,
48.297249944482175,40.505825047140917,15.950000000000001,0.95177337433670373,41.981799803463502,14.800000000000001,-0.91932295704271283,occupied,occupied,1,
48.347247097633812,40.550000000000004,15.970502120906335,0.92937306313091195,42.009614082764926,14.850000000000001,-0.91073516019761735,occupied,occupied,1,
48.397244250785455,40.582507946880149,16,0.92139065438564216,42.050000000000004,14.890574465356217,-0.91827179913390566,occupied,occupied,1,
48.447241403937092,40.600000000000009,16.04059070143817,0.93175391170611177,42.065560075477102,14.949999999999999,-0.89506146289960486,occupied,occupied,1,
48.497238557088728,40.600000000000001,16.093558806703061,0.96321068460946735,42.100000000000001,14.995390450634915,-0.89581425827575845,occupied,occupied,1,
48.547235710240365,40.650000000000006,16.109682446446676,0.93222237473851599,42.150000000000006,15.029821988874085,-0.91604670952083134,occupied,occupied,1,
48.597232863392001,40.66635208285021,16.150000000000002,0.94233486853694526,42.200000000000003,15.064886471788093,-0.93637407722511301,occupied,occupied,1,
48.647230016543645,40.700000000000003,16.177864410837753,0.93078484190638855,42.200000000000003,15.135347215799685,-0.89591767956503043,occupied,occupied,1,
48.697227169695282,40.742065590037171,16.200000000000003,0.90869509936708226,42.25,15.171081893672842,-0.91682911418852397,occupied,occupied,1,
48.747224322846918,40.75,16.245234725789118,0.92745344446738154,42.300000000000004,15.207480178737715,-0.93787079006286855,occupied,occupied,1,
48.797221475998555,40.800000000000004,16.262234919062209,0.89517575295295793,42.341706397276042,15.25,-0.94913391377081058,occupied,occupied,1,
48.847218629150191,40.800000000000004,16.311902210243453,0.92224522987432334,42.350000000000001,15.31449235242353,-0.92093854405500375,occupied,occupied,1,
48.897215782301835,40.817081779505557,16.350000000000001,0.92830358747701247,42.400000000000006,15.352296544640595,-0.94280364558297636,occupied,occupied,1,
48.947212935453472,40.850000000000001,16.377985854903976,0.91518123301259058,42.435101832011156,15.400000000000002,-0.94734504874490122,occupied,occupied,1,
48.997210088605108,40.892973812303019,16.399999999999999,0.8899667101799964,42.450000000000003,15.460217727496373,-0.92869248518517178,occupied,occupied,1,
49.047207241756745,40.900000000000006,16.443614171541217,0.90628545477472267,42.499160536286382,15.5,-0.95051882288869327,occupied,occupied,1,
49.097204394908381,40.900000000000006,16.490711999876584,0.93001525440183741,42.531838106622253,15.550000000000002,-0.95355440795107682,occupied,occupied,1,
49.147201548060018,40.950000000000003,16.508924402458689,0.89558376381713889,42.550000000000004,15.608445852160751,-0.94040687329043593,occupied,occupied,1,
49.197198701211661,40.950000000000003,16.5552315824525,0.91808437811143684,42.598717655922101,15.650000000000002,-0.96279683207136346,occupied,occupied,1,
49.247195854363298,40.951538729503852,16.600000000000001,0.9380690595219161,42.600000000000001,15.717677530797447,-0.93166822148455875,occupied,occupied,1,
49.297193007514934,41,16.619646763578,0.90439703204920185,42.649999999999999,15.759384341395734,-0.95639619531887343,occupied,occupied,1,
49.347190160666571,41.028672885737365,16.650000000000002,0.8927844528102471,42.650000000000006,15.827252743216398,-0.92535048717307733,occupied,occupied,1,
49.397187313818208,41.050000000000004,16.684113762071302,0.88898015529246066,42.700000000000003,15.869850197400595,-0.95099950566856406,occupied,occupied,1,
49.447184466969851,41.050000000000004,16.728404350274303,0.90835638868153024,42.750000000000007,15.913255985611141,-0.97697298742574012,occupied,occupied,1,
49.497181620121488,41.097408354404813,16.75,0.874717018480347,42.75,15.980754319374082,-0.94813735426933499,occupied,occupied,1,
49.547178773273124,41.100000000000009,16.792550699333638,0.89009431779358805,42.800000000000004,16.025105209892963,-0.97510609483312038,occupied,occupied,1,
49.597175926424761,41.100000000000009,16.83572027420832,0.9076263326640579,42.800000000000004,16.092162689032541,-0.94787302936020235,occupied,occupied,1,
49.647173079576397,41.150000000000006,16.857156359526883,0.87017191375139735,42.850000000000009,16.137494505737799,-0.97588149387232148,occupied,occupied,1,
49.697170232728034,41.150000000000006,16.899915949025864,0.88660587874048902,42.850000000000009,16.204145514296229,-0.95026550974697643,occupied,occupied,1,
49.747167385879678,41.149999999999999,16.942133721817537,0.90236126847491238,42.899999999999999,16.250513447120689,-0.97935034714841285,occupied,occupied,1,
49.797164539031314,41.149999999999999,16.983788017290163,0.91743428296790031,42.899999999999999,16.316876795453027,-0.9553365459944434,occupied,occupied,1,
49.847161692182951,41.20000000000001,17.006530987808542,0.87856868789670484,42.95000000000001,16.364455985103202,-0.98550220911849806,occupied,occupied,1,
49.897158845334587,41.20000000000001,17.047763851566625,0.89252734332436756,42.95000000000001,16.43068290943831,-0.96308276904783252,occupied,occupied,1,
49.947155998486224,41.20000000000001,17.088429568797793,0.90580506607383016,42.95000000000001,16.496530813144737,-0.94158339793249002,occupied,occupied,1,
49.997153151637868,41.20000000000001,17.12852535655778,0.91840419808979279,43.000000000000007,16.545841297253528,-0.97355793497928134,occupied,occupied,1,
50.047150304789504,41.250000000000007,17.152595291208641,0.87799347705105169,43.000000000000007,16.611745410343605,-0.95367750695009279,occupied,occupied,1,
50.097147457941141,41.250000000000014,17.192282549433326,0.88945585108824277,43.050000000000011,16.662647252392798,-0.98684730881721616,occupied,occupied,1,
50.147144611092777,41.25,17.231398876207347,0.90023870865705946,43.049999999999997,16.728748194356893,-0.9686266444287972,occupied,occupied,1,
50.197141764244414,41.250000000000007,17.269941606849333,0.91034392875602577,43.050000000000011,16.79462409597604,-0.95135602992227408,occupied,occupied,1,
50.24713891739605,41.25,17.30790807681695,0.91977343496244612,43.100000000000001,16.847870660780931,-0.98656714954838576,occupied,occupied,1,
50.297136070547694,41.249999999999993,17.345295705650592,0.92852925153114985,43.099999999999994,16.914165841237388,-0.97104253178975131,occupied,occupied,1,
50.347133223699331,41.300000000000004,17.371243596575852,0.88544807277455362,43.100000000000009,16.980337904627977,-0.9565093805878313,occupied,occupied,1,
50.397130376850967,41.299999999999997,17.408273589157606,0.89302841804567246,43.149999999999999,17.036367939983645,-0.99398345576103697,occupied,occupied,1,
50.447127530002604,41.300000000000011,17.444732740653109,0.89993260220644811,43.150000000000006,17.103214095298583,-0.98132628086222395,occupied,occupied,1,
50.49712468315424,41.299999999999997,17.480620798125223,0.90616294728978253,43.149999999999999,17.170054237103102,-0.96972393331499118,occupied,occupied,1,
50.547121836305884,41.299999999999997,17.515938175929637,0.91172203937163521,43.149999999999999,17.236926483276289,-0.95919953157603299,occupied,occupied,1,
50.59711898945752,41.300000000000004,17.550686105958889,0.91661275604392023,43.150000000000006,17.303870955964598,-0.94977887442025055,occupied,occupied,1,
50.647116142609157,41.300000000000004,17.584866803767149,0.92083828457676087,43.20000000000001,17.365147962685946,-0.99182383119959006,occupied,occupied,1,
50.697113295760794,41.300000000000011,17.618483652225542,0.92440212836321001,43.20000000000001,17.433274719352767,-0.98460346325140657,occupied,occupied,1,
50.74711044891243,41.300000000000011,17.651541404357147,0.92730809877585896,43.20000000000001,17.501629429109531,-0.97859683073207437,occupied,occupied,1,
50.797107602064074,41.300000000000004,17.684046406964672,0.92956028906495747,43.200000000000003,17.570264122740564,-0.9738436113732164,occupied,occupied,1,
50.84710475521571,41.29999999999999,17.716006846577695,0.93116302640398618,43.199999999999996,17.639234291899179,-0.97038740026154624,occupied,occupied,1,
50.897101908367347,41.299999999999997,17.747433019099578,0.93212079765535349,43.199999999999996,17.708599216942925,-0.96827601990405909,occupied,occupied,1,
50.947099061518983,41.300000000000011,17.778337624310861,0.93243814391111324,43.20000000000001,17.778422309569024,-0.9675618579761478,occupied,occupied,1,
50.99709621467062,41.300000000000004,17.80873608607483,0.93211951839178253,43.20000000000001,17.848771469820747,-0.96830223268130111,occupied,occupied,1,
51.047093367822256,41.300000000000004,17.838646898675663,0.93116910190375712,43.200000000000003,17.9197194566378,-0.97055978509736451,occupied,occupied,1,
51.0970905209739,41.300000000000011,17.868091999192728,0.92959056981285959,43.20000000000001,17.991344270695691,-0.97440289720078566,occupied,occupied,1,
51.147087674125537,41.300000000000004,17.897097165147212,0.92738680444955501,43.150000000000006,18.059344485078647,-0.92971421402653576,occupied,occupied,1,
51.197084827277173,41.300000000000011,17.925692435946907,0.92455954708460319,43.150000000000006,18.131405157347121,-0.93684253837299114,occupied,occupied,1,
51.24708198042881,41.300000000000004,17.953912555619972,0.92110898419134724,43.150000000000006,18.204377308723785,-0.94576878163783473,occupied,occupied,1,
51.297079133580446,41.299999999999997,17.981800987575571,0.91703270613426036,43.149999999999999,18.278358544158994,-0.95658582077209175,occupied,occupied,1,
51.34707628673209,41.25,18.000808332780448,0.96306796306891074,43.135160868961556,18.350000000000001,-0.95416085017155927,occupied,occupied,1,
51.397073439883727,41.249999999999993,18.028798815050784,0.9576438549130637,43.099999999999994,18.416583941585497,-0.93256176997581286,occupied,occupied,1,
51.447070593035363,41.250000000000014,18.057824344785754,0.95136351885501325,43.100000000000016,18.489647536053933,-0.9483657430444381,occupied,occupied,1,
51.497067746187,41.25,18.08794307843532,0.94419292478009087,43.050560106416732,18.550000000000001,-0.91470817414509042,occupied,occupied,1,
51.547064899338636,41.25,18.119204383813649,0.93610012901692286,43.049999999999997,18.62174840501271,-0.93273653940622347,occupied,occupied,1,
51.597062052490273,41.25,18.151648988752765,0.9270560617392074,43.049999999999997,18.693654929051352,-0.95277649445268775,occupied,occupied,1,
51.647059205641916,41.250000000000007,18.185309224133121,0.91703517954650371,43.001690904044914,18.750000000000004,-0.92342582130703166,occupied,occupied,1,
51.697056358793553,41.250000000000007,18.220209341552653,0.90601598335097333,43.000000000000007,18.820350015459091,-0.94402964540440237,occupied,occupied,1,
51.74705351194519,41.232453686583384,18.250000000000004,0.91264682005861708,42.950000000000003,18.873134066689932,-0.91444414751813352,occupied,occupied,1,
51.797050665096826,41.200000000000003,18.274690248966678,0.93444224684157073,42.950000000000003,18.943115491762818,-0.93886827338914491,occupied,occupied,1,
51.847047818248463,41.200000000000003,18.312459265626845,0.92068029636148296,42.917207578461728,19.000000000000004,-0.92905323281204388,occupied,occupied,1,
51.897044971400106,41.199999999999996,18.351529208670108,0.90587990315690148,42.899999999999999,19.062250733179681,-0.93670661730861327,occupied,occupied,1,
51.947042124551743,41.20000000000001,18.391890567075816,0.89004147530384414,42.850000000000009,19.109662791967178,-0.90931867953606194,occupied,occupied,1,
51.997039277703379,41.149999999999999,18.410968214923269,0.92802434519463839,42.850000000000001,19.17800959605238,-0.93700983153362116,occupied,occupied,1,
52.047036430855016,41.149999999999999,18.453090733892878,0.91045254655675478,42.850000000000001,19.246355456610743,-0.96551891386279265,occupied,occupied,1,
52.097033584006653,41.149999999999999,18.496482822303694,0.8918654599035718,42.800000000000004,19.29060067585079,-0.9392880468571928,occupied,occupied,1,
52.147030737158296,41.100000000000001,18.516357148994196,0.92807505613091845,42.783559695259456,19.350000000000001,-0.95057702728825111,occupied,occupied,1,
52.197027890309933,41.100000000000009,18.561542211270428,0.9078093846408859,42.750000000000007,19.400189090260447,-0.94309001501315859,occupied,occupied,1,
52.247025043461569,41.100000000000009,18.607937452974539,0.88658313179216175,42.717512961604946,19.449999999999999,-0.93698960162511935,occupied,occupied,1,
52.297022196613206,41.089658086875112,18.650000000000006,0.87614045769019344,42.687034413912656,19.500000000000004,-0.93331004734716871,occupied,occupied,1,
52.347019349764842,41.050000000000004,18.677053533415002,0.89826193028334189,42.650000000000006,19.545632102615755,-0.92229532805126757,occupied,occupied,1,
52.397016502916479,41.002366262202109,18.699999999999999,0.92901045253372694,42.630429885247509,19.600000000000001,-0.93125596942945654,occupied,occupied,1,
52.447013656068123,41.000000000000007,18.748587737004751,0.90741945890446041,42.600000000000009,19.647700717342236,-0.92790180763482155,occupied,occupied,1,
52.497010809219759,41.000000000000007,18.799548068835932,0.88231131689726028,42.578957361495362,19.700000000000003,-0.93535752801302274,occupied,occupied,1,
52.547007962371396,40.950000000000003,18.822630500112435,0.91418054187993114,42.550000000000004,19.747127963059665,-0.9337089458860085,occupied,occupied,1,
52.597005115523032,40.95000000000001,18.875226642242261,0.88774977327456939,42.532090063043405,19.800000000000001,-0.94479346790671292,occupied,occupied,1,
52.647002268674669,40.901277069900495,18.900000000000002,0.91720871269639848,42.500000000000007,19.843925457319362,-0.93937693741553019,occupied,occupied,1,
52.696999421826312,40.900000000000006,18.953420549557649,0.89105810918459039,42.450000000000003,19.876447587164023,-0.91295932758047516,occupied,occupied,1,
52.746996574977949,40.885883625413783,19,0.87927782098568474,42.45000000000001,19.938081234696085,-0.94457974914902643,occupied,occupied,1,
52.796993728129586,40.850000000000001,19.034165921318984,0.89241574740325935,42.399999999999999,19.96908002010538,-0.91771252763958566,occupied,occupied,1,
52.846990881281222,40.800000000000011,19.060359804982319,0.92165329309197697,42.351194975584612,20,-0.89194245799804595,occupied,occupied,1,
52.896988034432859,40.800000000000004,19.117463916445413,0.89203340825862254,42.350000000000001,20.059126125842681,-0.92158940715999249,occupied,occupied,1,
52.946985187584495,40.759225161457728,19.150000000000002,0.90996056957174176,42.319008686663039,20.100000000000001,-0.9163539284000406,occupied,occupied,1,
52.996982340736139,40.750000000000007,19.201771640495004,0.89088209672949659,42.300000000000011,20.148157587331401,-0.9251978465465206,occupied,occupied,1,
53.046979493887775,40.734875258828211,19.250000000000004,0.87863167804269482,42.25,20.177349983395121,-0.89776382212437644,occupied,occupied,1,
53.096976647039412,40.700000000000003,19.286160376249562,0.88947410225849299,42.250000000000007,20.237130707779023,-0.92899904064168504,occupied,occupied,1,
53.146973800191049,40.650000000000006,19.313011522832493,0.9180246827829629,42.200000000000003,20.266220600254602,-0.90162021259632819,occupied,occupied,1,
53.196970953342685,40.650000000000006,19.370632466944837,0.88781496478566413,42.20000000000001,20.326044034473288,-0.9329846571846323,occupied,occupied,1,
53.246968106494329,40.604118446261914,19.400000000000002,0.91143808940429238,42.150000000000006,20.355032997059372,-0.90565789145635311,occupied,occupied,1,
53.296965259645965,40.591617623544145,19.450000000000003,0.89576950673416877,42.125941778670573,20.400000000000002,-0.90884973648708089,occupied,occupied,1,
53.346962412797602,40.550000000000011,19.481988720559276,0.91428993239064382,42.100000000000009,20.443785627169365,-0.90986830898117876,occupied,occupied,1,
53.396959565949238,40.550000000000004,19.539835179571547,0.88376652019096968,42.094074050450971,20.500000000000004,-0.93449670488521752,occupied,occupied,1,
53.446956719100875,40.500000000000007,19.566612655711992,0.91206325919612019,42.050000000000004,20.532476846037767,-0.91424274861135046,occupied,occupied,1,
53.496953872252512,40.460651706462727,19.600000000000001,0.92777853005256583,42.000000000000007,20.561188570156482,-0.88701529741533391,occupied,occupied,1,
53.546951025404155,40.450000000000003,19.651329218003649,0.90960533612417238,42,20.6211049161912,-0.91877233405099057,occupied,occupied,1,
53.596948178555792,40.435013428076267,19.700000000000003,0.89647334713682647,41.95044254537099,20.650000000000002,-0.89210860780531565,occupied,occupied,1,
53.646945331707428,40.400000000000006,19.736139971904034,0.90692264861119776,41.934607100041674,20.699999999999999,-0.90527080277843086,occupied,occupied,1,
53.696942484859065,40.350000000000001,19.762849760505286,0.93503679666252415,41.900000000000006,20.738193256474197,-0.89630012895462008,occupied,occupied,1,
53.746939638010701,40.350000000000001,19.821046290218934,0.90402189920682885,41.899999999999999,20.798164229342149,-0.92826068460943334,occupied,occupied,1,
53.796936791162345,40.303566423992535,19.850000000000001,0.92784170425004764,41.850000000000001,20.826598722244604,-0.90114759842316416,occupied,occupied,1,
53.846933944313982,40.300000000000004,19.906049353575458,0.90091000528340248,41.800000000000004,20.854961190164644,-0.87403609914316993,occupied,occupied,1,
53.896931097465618,40.277229101723016,19.949999999999999,0.89663813991888919,41.800000000000004,20.914937005992961,-0.9061193685036858,occupied,occupied,1,
53.946928250617255,40.25,19.9911501505294,0.89759409617432984,41.76069370896176,20.950000000000003,-0.89170423449230996,occupied,occupied,1,
53.996925403768891,40.20000000000001,20.017844527491075,0.9254859849398096,41.744956758429801,21,-0.90522992901219523,occupied,occupied,1,
54.046922556920535,40.200000000000003,20.076349478299655,0.89408150973628031,41.700000000000003,21.031396551282146,-0.88415213959454675,occupied,occupied,1,
54.096919710072171,40.149999999999999,20.103045017075548,0.92190383913928842,41.700000000000003,21.091403837710786,-0.91639786578498117,occupied,occupied,1,
54.146916863223808,40.131759482838405,20.150000000000006,0.91202213267969723,41.650000000000006,21.119510928222336,-0.88936780508881774,occupied,occupied,1,
54.196914016375445,40.100000000000009,20.188347710825258,0.91813493446359618,41.650000000000006,21.179528151164043,-0.92168534624595777,occupied,occupied,1,
54.246911169527081,40.100000000000001,20.247045967300121,0.88649667423587786,41.600000000000001,21.207553621929797,-0.89467567974960982,occupied,occupied,1,
54.296908322678718,40.049999999999997,20.273752976145307,0.91418707962456369,41.572586604848574,21.25,-0.89449426899642792,occupied,occupied,1,
54.346905475830361,40,20.300444492158384,0.94185697403451552,41.550000000000004,21.29552246840673,-0.90006598277299044,occupied,occupied,1,
54.396902628981998,40.000000000000007,20.359260994177642,0.91006827706183557,41.541369087937902,21.350000000000005,-0.92224786457649388,occupied,occupied,1,
54.446899782133634,39.971808871368737,20.400000000000006,0.91174210020925917,41.500000000000007,21.383415271290783,-0.90552885411627304,occupied,occupied,1,
54.496896935285271,39.95000000000001,20.444871763259957,0.90578671700163227,41.45000000000001,21.411226550260483,-0.87854553186874795,occupied,occupied,1,
54.546894088436908,39.900000000000006,20.471592446635185,0.9333357396169869,41.45000000000001,21.47122981083718,-0.91105436551498131,occupied,occupied,1,
54.596891241588551,39.900000000000006,20.53058510299368,0.90135077095549976,41.401599579728597,21.500000000000004,-0.88598426769250826,occupied,occupied,1,
54.646888394740188,39.850000000000009,20.557324661915466,0.92884330645830726,41.386128765184608,21.550000000000001,-0.90011702937973803,occupied,occupied,1,
54.696885547891824,39.850000000000009,20.616400658905206,0.89676898467371413,41.350000000000009,21.586629507467904,-0.88966433862253991,occupied,occupied,1,
54.746882701043461,39.810562609549265,20.650000000000002,0.9116248786983473,41.350000000000001,21.646615159804846,-0.92225332223828682,occupied,occupied,1,
54.796879854195097,39.796422588030502,20.700000000000006,0.89631276601024656,41.300000000000004,21.67421087272864,-0.89528759632717858,occupied,occupied,1,
54.846877007346734,39.75,20.729103523552709,0.91943783597171347,41.25,21.70175962716613,-0.86831491424192786,occupied,occupied,1,
54.896874160498378,39.750000000000007,20.788336162977096,0.88720289962445931,41.250000000000007,21.761709224102415,-0.90094002422823682,occupied,occupied,1,
54.946871313650014,39.700000000000003,20.81514884928983,0.91454249895017226,41.216643209669719,21.800000000000001,-0.89380990434194951,occupied,occupied,1,
54.996868466801651,39.662364743392104,20.850000000000001,0.92711899617183513,41.20000000000001,21.849122376625584,-0.90661154723894954,occupied,occupied,1,
55.046865619953287,39.649999999999999,20.901296959732285,0.90953081304795891,41.186079785567841,21.899999999999999,-0.92266701204356627,occupied,occupied,1,
55.096862773104924,39.63359433273915,20.950000000000003,0.89673144922060977,41.150000000000006,21.936448172295297,-0.91229208416019891,occupied,occupied,1,
55.146859926256568,39.600000000000009,20.987546807616599,0.90441199297026886,41.100000000000009,21.963806649409808,-0.8853039841328294,occupied,occupied,1,
55.196857079408204,39.549999999999997,21.014431238600416,0.93164789456968478,41.100000000000001,22.02368449009542,-0.91797155971090627,occupied,occupied,1,
55.246854232559841,39.550000000000004,21.0738972039088,0.89919538231217044,41.050000000000004,22.050983670125774,-0.89097163851699634,occupied,occupied,1,
55.296851385711477,39.5,21.100819214775189,0.92639259217951031,41.033381009912098,22.100000000000005,-0.90380399920664878,occupied,occupied,1,
55.346848538863114,39.484126162809673,21.149999999999999,0.91283867587873102,41,22.138071266923419,-0.89662486860006574,occupied,occupied,1,
55.396845692014757,39.450000000000003,21.18730885637558,0.92105201777069634,41.000000000000007,22.19788045320103,-0.92928712744305053,occupied,occupied,1,
55.446842845166394,39.45000000000001,21.246894224687079,0.88850674743403424,40.95000000000001,22.225067463924407,-0.9022536737167266,occupied,occupied,1,
55.49683999831803,39.400000000000006,21.273898662729611,0.91563578644215649,40.900000000000006,22.252225245548694,-0.87520840070826755,occupied,occupied,1,
55.546837151469667,39.399999999999999,21.333537835551454,0.88305396263050717,40.899999999999999,22.311970354093198,-0.90784809871733396,occupied,occupied,1,
55.596834304621304,39.350000000000001,21.360587017702347,0.91015360788362099,40.866743049940801,22.350000000000001,-0.90077088780438941,occupied,occupied,1,
55.64683145777294,39.318917821244256,21.400000000000006,0.91465272430537958,40.850000000000001,22.39877810898853,-0.91339824574390716,occupied,occupied,1,
55.696828610924584,39.300000000000011,21.447372198846509,0.90461527520940022,40.800000000000011,22.425837999823674,-0.88630496971550521,occupied,occupied,1,
55.74682576407622,39.289104099900705,21.500000000000004,0.88498901611352843,40.800000000000004,22.485488988343803,-0.91889428584471422,occupied,occupied,1,
55.796822917227857,39.25,21.534252386818441,0.89903065354935063,40.75,22.512503398744379,-0.89177225083016998,occupied,occupied,1,
55.846820070379493,39.199999999999996,21.561426305321898,0.92606917508661735,40.716104741748488,22.550000000000001,-0.88386218763456958,occupied,occupied,1,
55.89681722353113,39.200000000000003,21.621225675051669,0.89340966841779279,40.700000000000003,22.599072651589456,-0.89717255798905104,occupied,occupied,1,
55.946814376682774,39.152372640215098,21.650000000000006,0.91759717300661792,40.68678311571847,22.650000000000006,-0.91390917624103962,occupied,occupied,1,
55.99681152983441,39.137275450528719,21.699999999999999,0.90294911647119991,40.649999999999999,22.685544270644534,-0.90249627787706221,occupied,occupied,1,
56.046808682986047,39.100000000000001,21.735574357949663,0.914766142684032,40.649999999999999,22.745024487985006,-0.93496074662378414,occupied,occupied,1,
56.096805836137683,39.100000000000009,21.79544250974692,0.88209910348955822,40.600000000000009,22.771917954202401,-0.90773449034661957,occupied,occupied,1,
56.14680298928932,39.049999999999997,21.822762363112954,0.90910251896163663,40.55181060134889,22.800000000000001,-0.8826643412276306,occupied,occupied,1,
56.196800142440956,39.050000000000004,21.88261072756988,0.8764657300548897,40.550000000000004,22.858265540496554,-0.91292028586984375,occupied,occupied,1,
56.2467972955926,39.000000000000007,21.909930339948264,0.90348829470143488,40.522775743734833,22.900000000000002,-0.91284975133022828,occupied,occupied,1,
56.296794448744237,38.969608551043898,21.950000000000003,0.90713067996286612,40.5,22.944631371879719,-0.91807877458345699,occupied,occupied,1,
56.346791601895873,38.95000000000001,21.997070885466833,0.89792547631230391,40.45000000000001,22.971579426557934,-0.89083579805035074,occupied,occupied,1,
56.39678875504751,38.939426381401915,22.050000000000001,0.87796090848801955,40.45000000000001,23.031015787378685,-0.9232122181965754,occupied,occupied,1,
56.446785908199146,38.899999999999999,22.084184528615111,0.89241166073160427,40.399999999999999,23.057985060230202,-0.89596399202534271,occupied,occupied,1,
56.49678306135079,38.850000000000001,22.111507035071824,0.91947558290896914,40.373159046473283,23.100000000000001,-0.89632501808385212,occupied,occupied,1,
56.546780214502427,38.850000000000001,22.171271785523381,0.88694445945460032,40.350000000000001,23.14440903431689,-0.90107011123250691,occupied,occupied,1,
56.596777367654063,38.802171046551038,22.200000000000003,0.91143732259919552,40.344076448470119,23.200000000000003,-0.92635272756084408,occupied,occupied,1,
56.6467745208057,38.787147041577924,22.250000000000004,0.89683946439602424,40.300000000000004,23.230851682333292,-0.90615640263820074,occupied,occupied,1,
56.696771673957336,38.750000000000007,22.285650532139567,0.9086178466795839,40.250000000000007,23.257876348939018,-0.87890083541897368,occupied,occupied,1,
56.746768827108973,38.75,22.345369144538598,0.87614041485067362,40.25,23.317313335149716,-0.91122510726915873,occupied,occupied,1,
56.796765980260616,38.700000000000003,22.37268320583992,0.90325181679389654,40.20871151965423,23.350000000000001,-0.89434618211595307,occupied,occupied,1,
56.846763133412253,38.650000386084557,22.400000000000006,0.93036764584223031,40.194141033971064,23.400000000000006,-0.90929817719611472,occupied,occupied,1,
56.89676028656389,38.649999999999999,22.459690470955561,0.89792454926599907,40.149999999999999,23.430856073568599,-0.88901770713143358,occupied,occupied,1,
56.946757439715526,38.620079879990051,22.500000000000004,0.90113561233763351,40.150000000000006,23.490294968306046,-0.92131869377364339,occupied,occupied,1,
56.996754592867163,38.600000000000001,22.54667279532061,0.89263371181721318,40.100000000000001,23.517374406069987,-0.89405641719549123,occupied,occupied,1,
57.046751746018806,38.59021699067074,22.600000000000005,0.87187705176546304,40.058553344826734,23.550000000000004,-0.87698304810991323,occupied,occupied,1,
57.096748899170443,38.550000000000004,22.633630636868801,0.88737698353935568,40.050000000000004,23.60391215575779,-0.89908494605710865,occupied,occupied,1,
57.146746052322079,38.500000000000007,22.660932385499777,0.91453330094010321,40.029347419159009,23.650000000000002,-0.90677344822145967,occupied,occupied,1,
57.196743205473716,38.500000000000007,22.720564444176603,0.88215205431235144,40.000000000000007,23.690469649457821,-0.90410551592538035,occupied,occupied,1,
57.246740358625352,38.453309803016012,22.750000000000004,0.90537896565498976,40.000000000000007,23.74991812619885,-0.93638291486794922,occupied,occupied,1,
57.296737511776996,38.438436156325871,22.800000000000004,0.8907259008177546,39.950000000000003,23.777047213771258,-0.90912034579362522,occupied,occupied,1,
57.346734664928633,38.400000000000006,22.834764007682871,0.90413584792263235,39.900000000000006,23.804186581622464,-0.88185970830466831,occupied,occupied,1,
57.396731818080269,38.399999999999999,22.894361706714847,0.87178840307300787,39.899999999999999,23.863645175529783,-0.91413165194567025,occupied,occupied,1,
57.446728971231906,38.350000000000001,22.921644090934141,0.89897795694153593,39.864240256543233,23.900000000000006,-0.90382648041161417,occupied,occupied,1,
57.496726124383542,38.301664400214229,22.950000000000003,0.92418982571524932,39.84959156045781,23.950000000000003,-0.91865539117621897,occupied,occupied,1,
57.546723277535179,38.300000000000004,23.008500920092857,0.89384424953176511,39.800000000000004,23.977432225033322,-0.89188469789940472,occupied,occupied,1,
57.596720430686823,38.272026207381778,23.050000000000001,0.89482591057516592,39.799999999999997,24.036903602578693,-0.9241525477114938,occupied,occupied,1,
57.646717583838459,38.25,23.095334909384757,0.88873245624305486,39.75,24.064085625698169,-0.89689851077049565,occupied,occupied,1,
57.696714736990096,38.20000000000001,23.122598855858509,0.91594391676780651,39.713509918248036,24.100000000000001,-0.88572899172703268,occupied,occupied,1,
57.746711890141732,38.200000000000003,23.182146466330202,0.88364031548352429,39.700000000000003,24.150759855033733,-0.9019161514969346,occupied,occupied,1,
57.796709043293369,38.150000000000006,23.209401276199937,0.91085971021071721,39.684129702013564,24.200000000000003,-0.9152946573591616,occupied,occupied,1,
57.846706196445012,38.120672768567452,23.25,0.91347485979147436,39.650000000000006,24.237455247590734,-0.90693983109508991,occupied,occupied,1,
57.896703349596649,38.100000000000001,23.296181144569932,0.90579216766174764,39.600000000000001,24.264669512512167,-0.87969648221520325,occupied,occupied,1,
57.946700502748286,38.091165612374141,23.350000000000005,0.88402171625227632,39.600000000000001,24.324172140476339,-0.91197176050718409,occupied,occupied,1,
57.996697655899922,38.050000000000004,23.382938854757853,0.9007390442929486,39.550000000000004,24.351397773714297,-0.88473363197691957,occupied,occupied,1,
58.046694809051559,38.050000000000004,23.442450527935588,0.86845929914199282,39.533100690937751,24.400000000000002,-0.89689863932568381,occupied,occupied,1,
58.096691962203195,38,23.469674795401001,0.89569810139415673,39.5,24.438147328946666,-0.88978195960690543,occupied,occupied,1,
58.146689115354839,37.954811900103913,23.500000000000004,0.91721196695645457,39.500000000000007,24.49767179111408,-0.92206921514846374,occupied,occupied,1,
58.196686268506475,37.949999999999996,23.556389350455422,0.89066710585493714,39.449999999999996,24.524918524282722,-0.89484367836189138,occupied,occupied,1,
58.246683421658112,37.925404625087864,23.600000000000001,0.88767299375978315,39.45000000000001,24.584455239862699,-0.92713916635393478,occupied,occupied,1,
58.296680574809749,37.900000000000006,23.643082899668595,0.88564382964704225,39.400000000000006,24.611711709772141,-0.89992100304949529,occupied,occupied,1,
58.346677727961385,37.850000000000001,23.670277002308367,0.91289440132347577,39.36707697867719,24.650000000000002,-0.89303464253129172,occupied,occupied,1,
58.396674881113029,37.850000000000001,23.729755819046062,0.88062604931189392,39.350000000000001,24.698527239886019,-0.90501615052441886,occupied,occupied,1,
58.446672034264665,37.799999999999997,23.756937011853662,0.90788002018394487,39.337473185086161,24.750000000000004,-0.92241992607762857,occupied,occupied,1,
58.496669187416302,37.774598746754094,23.800000000000001,0.90585161697094418,39.300000000000004,24.785365473950819,-0.91013134017884978,occupied,occupied,1,
58.546666340567938,37.75,23.843576233600182,0.90286819587536193,39.25,24.812642120593392,-0.88293377896225589,occupied,occupied,1,
58.596663493719575,37.745293073960113,23.900000000000002,0.87620206449140992,39.25,24.872226776645036,-0.91526879446723175,occupied,occupied,1,
58.646660646871219,37.700000000000003,23.930195036268032,0.89785671429033298,39.200756828572899,24.899999999999999,-0.8889820378603287,occupied,occupied,1,
58.696657800022855,37.649999999999999,23.957339278252874,0.92511731502867089,39.185902131326138,24.949999999999996,-0.90364474317127219,occupied,occupied,1,
58.746654953174492,37.649999999999999,24.01679378627821,0.89284336424708088,39.149999999999999,24.986402648617638,-0.89325331452681911,occupied,occupied,1,
58.796652106326128,37.609399795316364,24.050000000000001,0.90891186548383096,39.149999999999999,25.046020075778976,-0.92561940490269778,occupied,occupied,1,
58.846649259477765,37.594783958490872,24.099999999999998,0.89403747416206447,39.100000000000009,25.07331765803854,-0.8984531381051416,occupied,occupied,1,
58.896646412629401,37.550000000000011,24.130486294684221,0.9150879887425567,39.050000000000011,25.100615201920512,-0.87129105744430368,occupied,occupied,1,
58.946643565781045,37.550000000000004,24.189932585492826,0.88280222554790477,39.050000000000004,25.160256344047792,-0.90368264604105808,occupied,occupied,1,
58.996640718932682,37.5,24.21702983113288,0.91006393330761337,39.019227858603308,25.200000000000003,-0.89943424000979766,occupied,occupied,1,
59.046637872084318,37.5,24.276473360366893,0.87777002452940356,39,25.247219100295936,-0.90894408007445904,occupied,occupied,1,
59.096635025235955,37.450000000000003,24.303553868703467,0.90503067684833349,38.950000000000003,25.274526748533336,-0.88180684608572135,occupied,occupied,1,
59.146632178387591,37.429928865714587,24.350000000000001,0.89663809662657112,38.95000000000001,25.334206328117805,-0.91423968765233898,occupied,occupied,1,
59.196629331539235,37.400000000000006,24.39005876857723,0.89998601582258719,38.900000000000006,25.361518255060489,-0.88711597731555358,occupied,occupied,1,
59.246626484690871,37.400000000000006,24.449499470867316,0.86767133577307487,38.867246028319521,25.400000000000002,-0.88054551676579318,occupied,occupied,1,
59.296623637842508,37.350000000000001,24.476544892047489,0.89492774695403721,38.850000000000001,25.448534131487175,-0.89246227248395238,occupied,occupied,1,
59.346620790994145,37.299999999999997,24.503576520442859,0.92218520241238799,38.837263040549715,25.5,-0.90976387069333597,occupied,occupied,1,
59.396617944145781,37.300000000000004,24.563012600975959,0.88985366673381672,38.800000000000004,25.535574799410849,-0.89784799456890274,occupied,occupied,1,
59.446615097297418,37.265379450430792,24.599999999999998,0.89877684653383594,38.800000000000004,25.59531897945336,-0.93035412253869088,occupied,occupied,1,
59.496612250449061,37.25,24.649462258250303,0.8847615709213511,38.75,25.62264068962655,-0.9032754139578576,occupied,occupied,1,
59.546609403600698,37.200000000000003,24.676455384662386,0.91201163718339706,38.700064431709734,25.649999999999999,-0.87627872440039489,occupied,occupied,1,
59.596606556752334,37.200000000000003,24.73589422824298,0.87964925404476757,38.700000000000003,25.709732242608602,-0.90874680897471327,occupied,occupied,1,
59.646603709903971,37.150000000000006,24.762867293425064,0.90689456528182966,38.669937635876622,25.75,-0.90546340083417909,occupied,occupied,1,
59.696600863055608,37.115662486423673,24.799999999999997,0.91546265713315855,38.650000000000006,25.796849908997633,-0.91426446641182602,occupied,occupied,1,
59.746598016207251,37.100000000000009,24.849261340596332,0.90175435864486631,38.600000000000009,25.824170197497697,-0.8872250373417746,occupied,occupied,1,
59.796595169358888,37.086609220280636,24.900000000000006,0.88532752140387749,38.600000000000001,25.883994150093763,-0.91983068206703467,occupied,occupied,1,
59.846592322510524,37.050000000000004,24.935637894668712,0.89658880802356289,38.550000000000004,25.91131509665108,-0.89280941553321358,occupied,occupied,1,
59.896589475662161,37,24.962551765276704,0.92382278179872979,38.51747374110866,25.950000000000003,-0.88664140487066379,occupied,occupied,1,
59.946586628813797,37,25.021997327103612,0.89139570129116652,38.5,25.998486555520032,-0.89844541266652078,occupied,occupied,1,
59.996583781965434,36.95170607223757,25.050000000000001,0.91658665477161994,38.487157091667484,26.050000000000001,-0.91579153574156413,occupied,occupied,1,
60.046580935117078,36.937199997373661,25.099999999999998,0.90145012246038836,38.450000000000003,26.085685062363883,-0.9041353477164058,occupied,occupied,1,
60.096578088268714,36.900000000000006,25.135208703487542,0.91339203926179469,38.400000000000006,26.112998124358015,-0.87715875632212714,occupied,occupied,1,
60.146575241420351,36.900000000000006,25.194666330571142,0.88091795355296498,38.400000000000006,26.172911117739869,-0.90988155047387731,occupied,occupied,1,
60.196572394571987,36.850000000000001,25.221511618298837,0.9081287326518046,38.350000000000001,26.200222783293167,-0.88292557821778983,occupied,occupied,1,
60.246569547723624,36.802547449208255,25.25,0.93229718733177702,38.334428073421137,26.25,-0.89709020926820471,occupied,occupied,1,
60.296566700875267,36.800000000000004,25.307798006528319,0.90283050507052565,38.300000000000004,26.287475030555278,-0.88875177643549541,occupied,occupied,1,
60.346563854026904,36.773568945073706,25.350000000000001,0.90187709522292059,38.300000000000004,26.347447940959892,-0.92155213575056016,occupied,occupied,1,
60.396561007178541,36.75,25.394068256477585,0.89749512725902802,38.25,26.374755397375218,-0.89463970815988469,occupied,occupied,1,
60.446558160330177,36.70000000000001,25.42084397170283,0.92468648174447432,38.20000000000001,26.40205281473207,-0.86773389128155687,occupied,occupied,1,
60.496555313481814,36.70000000000001,25.48032276190489,0.89212036437332287,38.20000000000001,26.462064429010098,-0.90059174328102987,occupied,occupied,1,
60.546552466633457,36.650000000000006,25.507072807861903,0.91930101443776402,38.166250200090829,26.499999999999996,-0.89313355766758573,occupied,occupied,1,
60.596549619785094,36.62472338885663,25.550000000000001,0.91692324660181157,38.150000000000006,26.549402685296908,-0.90661026498487673,occupied,occupied,1,
60.64654677293673,36.600000000000009,25.593285757233645,0.91387321374245145,38.100000000000009,26.57669283381599,-0.87975146223416911,occupied,occupied,1,
60.696543926088367,36.595752762064812,25.649999999999999,0.88632324352153158,38.100000000000001,26.636770741215923,-0.91269767035231009,occupied,occupied,1,
60.746541079240004,36.550000000000004,25.679483226499002,0.90840083109755243,38.050000000000004,26.664056572238209,-0.8858635510769628,occupied,occupied,1,
60.79653823239164,36.550000000000004,25.738995840872729,0.87573732199889864,38.013200606957248,26.699999999999999,-0.87482973186106427,occupied,occupied,1,
60.846535385543284,36.500000000000007,25.765665629399283,0.90288161062131955,38.000000000000007,26.751450252281323,-0.89204772579019609,occupied,occupied,1,
60.89653253869492,36.461692140439958,25.799999999999997,0.91603120828628337,37.982362307794666,26.799999999999997,-0.90397916472882234,occupied,occupied,1,
60.946529691846557,36.449999999999996,25.85183338724903,0.89731328857000514,37.949999999999996,26.838874486135623,-0.89830641807482114,occupied,occupied,1,
60.996526844998193,36.432727288933265,25.900000000000006,0.8852579956140969,37.900000000000006,26.866136817554139,-0.87153156459929881,occupied,occupied,1,
61.04652399814983,36.400000000000006,25.937986929456731,0.89169359279018012,37.900000000000006,26.92632990304104,-0.90464207557291276,occupied,occupied,1,
61.096521151301474,36.350000000000001,25.96457498955537,0.91880882231760364,37.850000000000001,26.953585989915151,-0.87789448063273312,occupied,occupied,1,
61.14651830445311,36.350000000000009,26.024126694053031,0.88602024216492192,37.829058376559829,27.000000000000004,-0.88596801697554128,occupied,occupied,1,
61.196515457604747,36.299999999999997,26.050685192994454,0.91312036414135833,37.799999999999997,27.04106656057342,-0.88433763348962413,occupied,occupied,1,
61.246512610756383,36.284481945014299,26.100000000000005,0.89889031886460347,37.797976621231115,27.100000000000005,-0.91512901260257928,occupied,occupied,1,
61.29650976390802,36.250000000000007,26.136781527576318,0.90737524580529128,37.750000000000007,27.128579200387705,-0.89086351025411603,occupied,occupied,1,
61.346506917059656,36.250000000000007,26.196366688869986,0.87450340372245383,37.750000000000007,27.188889813145479,-0.92413556845111366,occupied,occupied,1,
61.3965040702113,36.200000000000003,26.222864451387085,0.90157116469165022,37.700000000000003,27.216124599308579,-0.89747461611800694,occupied,occupied,1,
61.446501223362937,36.151004693356747,26.25,0.92743200758158706,37.660045698766424,27.25,-0.88287314791232663,occupied,occupied,1,
61.496498376514573,36.150000000000006,26.30893443289477,0.89570580735711991,37.650000000000006,27.303703467035547,-0.90417347506305901,occupied,occupied,1,
61.54649552966621,36.122039720504851,26.350000000000001,0.8963023634024021,37.628758239572321,27.350000000000001,-0.91206726023676776,occupied,occupied,1,
61.596492682817846,36.100000000000001,26.394991951515497,0.88977684894706144,37.600000000000001,27.391316533687004,-0.91096263055552096,occupied,occupied,1,
61.64648983596949,36.049999999999997,26.421397524607404,0.91680745054516044,37.549999999999997,27.418517459934264,-0.88437220885204937,occupied,occupied,1,
61.696486989121126,36.050000000000004,26.48103749819057,0.88378195260085168,37.550000000000004,27.478964550485678,-0.91784464625430473,occupied,occupied,1,
61.746484142272763,36,26.507410172644832,0.91079371612681315,37.5,27.506156139771548,-0.89128661139798326,occupied,occupied,1,
61.7964812954244,35.974381792221976,26.549999999999997,0.90850401330062847,37.475016989363823,27.549999999999997,-0.89480017482209429,occupied,occupied,1,
61.846478448576036,35.950000000000003,26.593410819201935,0.90471096928117112,37.450000000000003,27.593830148853179,-0.8982973044491086,occupied,occupied,1,
61.896475601727673,35.945363854796049,26.649999999999999,0.87715907298745832,37.443455512945654,27.649999999999999,-0.92402903940320513,occupied,occupied,1,
61.946472754879316,35.900000000000006,26.67939998188422,0.89855684459924523,37.400000000000006,27.681540289519436,-0.90540690120808165,occupied,occupied,1,
61.996469908030953,35.850000000000001,26.705673443120258,0.92552647062734128,37.350000000000001,27.708692187254208,-0.87892541320997819,occupied,occupied,1,
62.046467061182589,35.850000000000001,26.765378191763642,0.89232896265295303,37.350000000000001,27.769287387573385,-0.91261803751945214,occupied,occupied,1,
62.096464214334226,35.812515035121116,26.799999999999997,0.90421392778216059,37.305332045887269,27.799999999999997,-0.89258951935188691,occupied,occupied,1,
62.146461367485863,35.797992504509985,26.849999999999998,0.88844189812183494,37.289451961663175,27.849999999999998,-0.90723382770722072,occupied,occupied,1,
62.196458520637506,35.75,26.87754861615041,0.91295151290206789,37.25,27.884201645508121,-0.89352304310890762,occupied,occupied,1,
62.246455673789143,35.75,26.937303948513669,0.87964233532242042,37.25,27.944895880937942,-0.92735559004619406,occupied,occupied,1,
62.296452826940779,35.700000000000003,26.963470361204841,0.90654629484118987,37.200000000000003,27.972013410453844,-0.90098215090689204,occupied,occupied,1,
62.346449980092416,35.665449505697076,27,0.91482514141197036,37.151324154973281,28,-0.8762146329542152,occupied,occupied,1,
62.396447133244052,35.650000000000006,27.049383431490316,0.90005873035053185,37.150000000000006,28.059863270272388,-0.90855109616956053,occupied,occupied,1,
62.446444286395696,35.636341314653663,27.100000000000005,0.88309613406877452,37.119384143627727,28.100000000000005,-0.90559501662533359,occupied,occupied,1,
62.496441439547333,35.600000000000001,27.135339647110385,0.8934596648101143,37.100000000000001,28.14769957504279,-0.91620124919651313,occupied,occupied,1,
62.546438592698969,35.550000000000004,27.161456640215899,0.92028328230831635,37.050000000000004,28.174714034662198,-0.88987984498162598,occupied,occupied,1,
62.596435745850606,35.550000000000004,27.221366423335787,0.88673823954946929,37.050000000000004,28.23549275876438,-0.92391142954994765,occupied,occupied,1,
62.646432899002242,35.503709610147581,27.25,0.90903970644312748,37.000000000000007,28.262456563769241,-0.897601714615333,occupied,occupied,1,
62.696430052153879,35.488979449605175,27.300000000000001,0.89320979289208624,36.965679711548482,28.300000000000001,-0.89022612230739651,occupied,occupied,1,
62.746427205305523,35.450000000000003,27.333594426085636,0.90663926017107155,36.950000000000003,28.350155451244593,-0.90537517627038011,occupied,occupied,1,
62.796424358457159,35.450000000000003,27.393628365047835,0.87295091546958892,36.933864480552309,28.399999999999999,-0.91999015000943496,occupied,occupied,1,
62.846421511608796,35.399999999999999,27.419769270256229,0.89965057383477132,36.899999999999999,28.4378090696691,-0.91319388534770229,occupied,occupied,1,
62.896418664760432,35.356031249402754,27.450000000000006,0.91904696080998083,36.850000000000001,28.46463946461445,-0.88689763161642798,occupied,occupied,1,
62.946415817912069,35.341151491667681,27.500000000000004,0.90325697760336476,36.850000000000001,28.525415782396557,-0.92105147983594604,occupied,occupied,1,
62.996412971063712,35.300000000000004,27.532160567976181,0.91920829644027435,36.800000000000004,28.552200372711852,-0.89476006139984676,occupied,occupied,1,
63.046410124215349,35.300000000000004,27.592325936758826,0.88536885205275762,36.780932778906575,28.600000000000001,-0.90587901280819438,occupied,occupied,1,
63.096407277366986,35.25,27.6184869849357,0.91198324566940303,36.75,28.639713863209096,-0.90265289882569189,occupied,occupied,1,
63.146404430518622,35.207859311567901,27.649999999999999,0.92907631039671335,36.749292523442698,28.699999999999996,-0.93600179699467367,occupied,occupied,1,
63.196401583670259,35.20000000000001,27.704881931438333,0.90466847434968345,36.70000000000001,28.727178301849385,-0.91056976592502137,occupied,occupied,1,
63.246398736821895,35.177779575102242,27.75,0.89761507886140157,36.650000000000006,28.753845168687,-0.88427664124461758,occupied,occupied,1,
63.296395889973539,35.150000000000006,27.791344188111893,0.89726998819377501,36.650000000000006,28.814592057988474,-0.91850428280109697,occupied,occupied,1,
63.346393043125175,35.100000000000001,27.817538838593958,0.92380819996743091,36.612868139683847,28.849999999999998,-0.90778838713420551,occupied,occupied,1,
63.396390196276812,35.100000000000009,27.877872473527464,0.88979384477793588,36.597138641397457,28.899999999999999,-0.92298545561642553,occupied,occupied,1,
63.446387349428448,35.050000000000004,27.904086741240398,0.91630278707688873,36.550000000000004,28.928539896250768,-0.90015097418726764,occupied,occupied,1,
63.496384502580085,35.028826829602032,27.949999999999996,0.90788893238357615,36.550000000000004,28.989261042885083,-0.93440076513883796,occupied,occupied,1,
63.546381655731729,35.000000000000007,27.990700620709124,0.90872777848335351,36.500000000000007,29.015808953105349,-0.90809557373011029,occupied,occupied,1,
63.596378808883365,34.998359090070565,28.049999999999997,0.87662072039462569,36.461215200665954,29.049999999999997,-0.89536912164913673,occupied,occupied,1,
63.646375962035002,34.95000000000001,28.077379059413236,0.90108933947022063,36.45000000000001,29.103023688890076,-0.91603666220789071,occupied,occupied,1,
63.696373115186638,34.899999999999999,28.10364422895265,0.92753580692774318,36.429956488949422,29.150000000000002,-0.92600870499597332,occupied,occupied,1,
63.746370268338275,34.900000000000006,28.16412058979531,0.89339367273265202,36.400000000000006,29.190182541104328,-0.92396791152185898,occupied,occupied,1,
63.796367421489919,34.864016245199693,28.200000000000003,0.90283464062622854,36.350000000000001,29.216636762790944,-0.89763697175439028,occupied,occupied,1,
63.846364574641555,34.84865003791105,28.25,0.88728274491294856,36.310125153983051,29.25,-0.8835671964704731,occupied,occupied,1,
63.896361727793192,34.800000000000004,28.277240112766062,0.91204966994083081,36.300000000000004,29.303704934404596,-0.90553940079584827,occupied,occupied,1,
63.946358880944828,34.799999999999997,28.337786829447232,0.87785562653510174,36.279065876031538,29.350000000000001,-0.9144086866401161,occupied,occupied,1,
63.996356034096465,34.750000000000007,28.364130661057718,0.90423940382710932,36.250000000000007,29.390715414459777,-0.91341739984006354,occupied,occupied,1,
64.046353187248101,34.713897741592611,28.400000000000002,0.91377368497482325,36.200000000000003,29.417088559101213,-0.88705086491839913,occupied,occupied,1,
64.096350340399738,34.698420772853638,28.449999999999999,0.89830639270531853,36.200000000000003,29.477666741421885,-0.92126473995813107,occupied,occupied,1,
64.146347493551374,34.650000000000006,28.477468683912907,0.92275159162547038,36.150000000000006,29.504010741507219,-0.89488109844421537,occupied,occupied,1,
64.196344646703011,34.650000000000006,28.538088908282326,0.88851596459706594,36.128726834285217,29.549999999999997,-0.90329795095790433,occupied,occupied,1,
64.246341799854662,34.600000000000009,28.56450807583893,0.9148604917064479,36.100000000000009,29.590873622443333,-0.90267251631749235,occupied,occupied,1,
64.296338953006298,34.563234538355715,28.600000000000005,0.92516189513932812,36.097973736345445,29.650000000000002,-0.93438762177227175,occupied,occupied,1,
64.346336106157935,34.550000000000004,28.651604866980112,0.90694768581613994,36.050000000000004,29.677675834635387,-0.9104189889815012,occupied,occupied,1,
64.396333259309571,34.532056016088838,28.700000000000003,0.89443672140333641,36.000000000000007,29.703955782867105,-0.88398582508366241,occupied,occupied,1,
64.446330412461208,34.5,28.738757341055774,0.89901951735842911,36,29.764416055931861,-0.91811443461133946,occupied,occupied,1,
64.496327565612845,34.450000000000003,28.765263774106355,0.92533486828475542,35.963644741213365,29.799999999999997,-0.90818618689282116,occupied,occupied,1,
64.546324718764481,34.449999999999996,28.825963762552391,0.89108233154082062,35.948400670705155,29.850000000000001,-0.9238156781488478,occupied,occupied,1,
64.596321871916118,34.399999999999999,28.852506311574494,0.91739002418532456,35.899999999999999,29.877327037861463,-0.8992710672203742,occupied,occupied,1,
64.646319025067754,34.380640411402553,28.900000000000006,0.90658655365610008,35.899999999999999,29.937705483881732,-0.9333281809827666,occupied,occupied,1,
64.696316178219391,34.350000000000009,28.939802106221062,0.90944458187820709,35.850000000000009,29.96391856295935,-0.90681930780362829,occupied,occupied,1,
64.746313331371041,34.349221318762005,28.999999999999996,0.87614901395945943,35.814464478870939,29.999999999999996,-0.89781195467711927,occupied,occupied,1,
64.796310484522678,34.300000000000011,29.027149382349823,0.90150487788746325,35.800000000000011,30.050445804302218,-0.91429675422452839,occupied,occupied,1,
64.846307637674315,34.250000000000007,29.053794382619767,0.9277982586328305,35.784260985421504,30.100000000000005,-0.92921627152694075,occupied,occupied,1,
64.896304790825951,34.250000000000007,29.114546358574266,0.89357723496539043,35.750000000000007,30.136907673272589,-0.92169758108635158,occupied,occupied,1,
64.946301943977588,34.212870646108151,29.150000000000002,0.90429632342206689,35.700000000000003,30.163082922430821,-0.89511767089045746,occupied,occupied,1,
64.996299097129224,34.197075449794276,29.199999999999996,0.88920604709264428,35.700000000000003,30.223303143295944,-0.92901603139239586,occupied,occupied,1,
65.046296250280861,34.150000000000006,29.228718701521345,0.91196158231162439,35.650788738720749,30.25,-0.90335721307755934,occupied,occupied,1,
65.096293403432497,34.100000000000001,29.255477316240182,0.93825098504739324,35.635838461391621,30.300000000000001,-0.91912011852307796,occupied,occupied,1,
65.146290556584134,34.100000000000009,29.31625245641597,0.90408019368562598,35.600000000000009,30.335777678039896,-0.90959885110904704,occupied,occupied,1,
65.19628770973577,34.060224194122966,29.349999999999998,0.91801358048699067,35.600000000000009,30.395891107459647,-0.94338313731054813,occupied,occupied,1,
65.246284862887407,34.044355357267001,29.400000000000006,0.90305401211497938,35.550000000000004,30.422025283711829,-0.91669912244388652,occupied,occupied,1,
65.296282016039058,34,29.430679459030404,0.92253077799083638,35.502704198966697,30.449999999999999,-0.89327049826014104,occupied,occupied,1,
65.346279169190694,34,29.491454238759012,0.88842255950162607,35.5,30.508205279250145,-0.92369848456242976,occupied,occupied,1,
65.396276322342331,33.95000000000001,29.518348230225435,0.9147294651436132,35.473125433394216,30.549999999999997,-0.92489453446372394,occupied,occupied,1,
65.446273475493967,33.906975787799261,29.549999999999997,0.93261045183411073,35.450000000000003,30.594316933591607,-0.93059151714936272,occupied,occupied,1,
65.496270628645604,33.900000000000006,29.606059773871063,0.90697558758836161,35.400000000000006,30.620440578086711,-0.90381661914359335,occupied,occupied,1,
65.546267781797241,33.87510206052724,29.649999999999999,0.90299517913889349,35.399999999999999,30.680359590734081,-0.93737288514226791,occupied,occupied,1,
65.596264934948877,33.850000000000001,29.693791153739809,0.89928698361685933,35.350000000000001,30.706498570479013,-0.91056834538559706,occupied,occupied,1,
65.646262088100514,33.799999999999997,29.720614162872174,0.92572438206225804,35.325454107095858,30.750000000000004,-0.91455968148200739,occupied,occupied,1,
65.69625924125215,33.754083394186601,29.750000000000004,0.94735033714218075,35.300000000000004,30.793086063707804,-0.91755896049967922,occupied,occupied,1,
65.746256394403787,33.750000000000007,29.80741257226164,0.91862057499882299,35.250000000000007,30.819804745208327,-0.89105837770071949,occupied,occupied,1,
65.796253547555423,33.724237712406492,29.850000000000001,0.91614256793671045,35.25,30.880471346136133,-0.92500429026070063,occupied,occupied,1,
65.846250700707074,33.700000000000003,29.893422287203155,0.91191398643009103,35.200000000000003,30.907566246568901,-0.89874555371489073,occupied,occupied,1,
65.896247853858711,33.650000000000006,29.919210214182641,0.93887584312894545,35.172421689683105,30.950000000000003,-0.8996821199940418,occupied,occupied,1,
65.946245007010347,33.650000000000006,29.978660953643992,0.90552456081369692,35.150000000000006,30.996128128909778,-0.90699839152189787,occupied,occupied,1,
65.996242160161984,33.600000000000001,30.004000451931098,0.93265444945253062,35.1386555293425,31.050000000000001,-0.92787662863688802,occupied,occupied,1,
66.04623931331362,33.580716694431089,30.050000000000001,0.92271176540889221,35.100000000000001,31.085515241296395,-0.91590553504749384,occupied,occupied,1,
66.096236466465257,33.549999999999997,30.088014025544069,0.92665086870187063,35.049999999999997,31.113437063241111,-0.89035006862310329,occupied,occupied,1,
66.146233619616893,33.5,30.11258502051006,0.95402379353395084,35.050000000000004,31.175757705558691,-0.92556024508563461,occupied,occupied,1,
66.19623077276853,33.500000000000007,30.171261578181742,0.92079230029681636,35.000000000000007,31.203998439257614,-0.90034619642023439,occupied,occupied,1,
66.246227925920167,33.456773164045309,30.199999999999999,0.94005375342138997,34.975566781713958,31.25,-0.90635737443476172,occupied,occupied,1,
66.296225079071803,33.444597366444683,30.250000000000004,0.92158565849516094,34.950000000000003,31.295444424708894,-0.91122396999062072,occupied,occupied,1,
66.34622223222344,33.399999999999999,30.277268896592616,0.94260790515698811,34.937161103352985,31.350000000000005,-0.93185635907399245,occupied,occupied,1,
66.39621938537509,33.399999999999999,30.335492569759403,0.90922893799361171,34.899999999999999,31.387820917896935,-0.92309061718607077,occupied,occupied,1,
66.446216538526727,33.350000000000009,30.358445704173182,0.93691594754334762,34.850000000000009,31.41673641496234,-0.89883437004960376,occupied,occupied,1,
66.496213691678363,33.326767530765977,30.399999999999999,0.93187714967015167,34.806069298397283,31.449999999999996,-0.88218837277304263,occupied,occupied,1,
66.54621084483,33.300000000000011,30.438853596295363,0.93114552475287093,34.800000000000011,31.510391599535314,-0.91227349771257504,occupied,occupied,1,
66.596207997981637,33.299999999999997,30.496751587877998,0.89741577145729035,34.764420367957875,31.550000000000001,-0.9064299070106332,occupied,occupied,1,
66.646205151133273,33.250000000000007,30.518498222951525,0.92523082232609999,34.742961308817797,31.600000000000005,-0.91829285893919566,occupied,occupied,1,
66.69620230428491,33.213989836693806,30.550000000000001,0.93582989789232851,34.70000000000001,31.634623434950225,-0.90390763803298513,occupied,occupied,1,
66.746199457436546,33.200000000000003,30.597385761234939,0.91910632553194205,34.698728513512329,31.700000000000006,-0.94152402914421474,occupied,occupied,1,
66.796196610588183,33.149999999999999,30.618001907740538,0.94707289438154019,34.649999999999999,31.730758704942247,-0.92060686663708768,occupied,occupied,1,
66.846193763739819,33.150000000000006,30.675523560885068,0.91270635076857698,34.600000000000001,31.760575161843573,-0.89832566903190481,occupied,occupied,1,
66.896190916891456,33.106044157201907,30.700000000000003,0.93313562275755935,34.600000000000001,31.828128769220104,-0.93891634772099064,occupied,occupied,1,
66.946188070043107,33.096168358465043,30.750000000000004,0.91078250517520964,34.550000000000004,31.858252771959155,-0.91729042785656456,occupied,occupied,1,
66.996185223194743,33.050000000000004,30.77209968630579,0.93399428790797689,34.515132026369841,31.900000000000006,-0.91499759209747933,occupied,occupied,1,
67.04618237634638,33.011953980071162,30.800000000000004,0.9470111804870881,34.500000000000007,31.957298074254144,-0.93809353546330521,occupied,occupied,1,
67.096179529498016,33,30.848004980938256,0.92686078919123016,34.465618369851413,32,-0.93730919500790066,occupied,occupied,1,
67.146176682649653,32.993022361829055,30.899999999999999,0.9000956255728314,34.440130833403472,32.049999999999997,-0.94831529424517491,occupied,occupied,1,
67.196173835801289,32.950000000000003,30.923167222650868,0.91924036312847235,34.399999999999999,32.08862989988318,-0.94108306359643568,occupied,occupied,1,
67.246170988952926,32.912118780858407,30.949999999999996,0.93182864702783552,34.387656499961103,32.149999999999999,-0.97006818521485982,occupied,occupied,1,
67.296168142104563,32.900000000000006,30.997606693443963,0.91106162737652807,34.350000000000009,32.191228871634983,-0.96703152906419565,occupied,occupied,1,
67.346165295256199,32.850000000000009,31.013724440478118,0.93928587333296287,34.300000000000004,32.22238040343359,-0.9483976904000625,occupied,occupied,1,
67.396162448407836,32.824715601430469,31.050000000000004,0.93534195483441063,34.300000000000004,32.295703482053938,-0.99552345266140152,occupied,occupied,1,
67.446159601559472,32.800000000000004,31.086578162780334,0.93048438073050566,34.25,32.327316414899038,-0.9779001220022594,occupied,occupied,1,
67.496156754711123,32.75,31.101056319676552,0.95891529880419046,34.200000000000003,32.358889585122888,-0.960627491462128,occupied,occupied,1,
67.54615390786276,32.740065414696495,31.150000000000002,0.93419731221203184,34.160893899459133,32.400000000000006,-0.95822272126703167,occupied,occupied,1,
67.596151061014396,32.700000000000003,31.172260299740305,0.9494206263962266,34.150000000000006,32.466518136218824,-0.99418513282709409,occupied,occupied,1,
67.646148214166033,32.666605057809072,31.199999999999999,0.95570464000820343,34.101546245555852,32.5,-0.98054333282278883,occupied,occupied,1,
67.696145367317669,32.650000000000006,31.242788263956996,0.93912042792903816,34.071043307522615,32.549999999999997,-0.99172565726350537,occupied,occupied,1,
67.746142520469306,32.600000000000001,31.254455738075951,0.96785498481133003,34.039978721894947,32.600000000000001,-1.0029387842844966,occupied,occupied,1,
67.796139673620942,32.586627577833006,31.300000000000001,0.94636150193655044,34,32.642075042174476,-1.0026862200471383,occupied,occupied,1,
67.846136826772579,32.550000000000011,31.323309401609727,0.95669954230310927,33.95000000000001,32.674767639707142,-0.98917798964009407,occupied,occupied,1,
67.896133979924215,32.517343501693162,31.349999999999998,0.96148181235819041,33.900000000000006,32.707440086316574,-0.97614110767793405,occupied,occupied,1,
67.946131133075852,32.5,31.391592300327474,0.94453957633593055,33.859919784089925,32.75,-0.97760851829382034,occupied,occupied,1,
67.996128286227503,32.450000000000003,31.400129513163296,0.9736989106503956,33.850000000000001,32.823557383624426,-1.0228348111798937,occupied,occupied,1,
68.046125439379139,32.440923659640099,31.449999999999999,0.94432136296931102,33.800000000000004,32.857095270480315,-1.011952032835616,occupied,occupied,1,
68.096122592530776,32.400000000000006,31.466786784974975,0.96048831854794747,33.75886298791869,32.899999999999999,-1.0145075649053965,occupied,occupied,1,
68.146119745682412,32.375033266559385,31.5,0.95337101049727158,33.723972499608401,32.950000000000003,-1.0270675910399873,occupied,occupied,1,
68.196116898834049,32.319832255447587,31.5,0.99077558843371871,33.650000000000006,32.957838333980646,-0.98270834529138762,occupied,occupied,1,
68.246114051985685,32.300000000000011,31.538154273637694,0.97575950441845727,33.607622587090077,33,-0.98558436088203261,occupied,occupied,1,
68.296111205137322,32.256958406290195,31.549999999999997,0.99542588306964586,33.571774466885678,33.049999999999997,-0.99925235494264963,occupied,occupied,1,
68.346108358288959,32.24744948248221,31.599999999999998,0.96388883170139372,33.535297624443736,33.100000000000001,-1.0131171968057922,occupied,occupied,1,
68.396105511440595,32.200000000000003,31.605600890620423,0.9903421893467278,33.498186135961248,33.149999999999999,-1.0271948865590441,occupied,occupied,1,
68.446102664592232,32.185420313027088,31.649999999999999,0.96552607453996231,33.450000000000003,33.187315317230997,-1.0250768917236666,occupied,occupied,1,
68.496099817743868,32.13465262900533,31.650000000000002,0.99756622203517109,33.400000000000006,33.222612251790267,-1.0209018266998091,occupied,occupied,1,
68.546096970895519,32.100000000000001,31.669077047126606,1.0042128863874518,33.343654605908561,33.25,-1.0072527886165976,occupied,occupied,1,
68.596094124047156,32.074851585141026,31.700000000000003,0.99524128075602603,33.300000000000004,33.293696815646761,-1.014947312046675,occupied,occupied,1,
68.646091277198792,32.049999999999997,31.731386267194118,0.98528489733567559,33.25,33.329525967845193,-1.0132271748813306,occupied,occupied,1,
68.696088430350429,32.015693975326137,31.75,0.99077788544969925,33.200000000000003,33.365578036256871,-1.0123878968345374,occupied,occupied,1,
68.746085583502065,32.000000000000007,31.794160770544121,0.96421509745148626,33.14865518244509,33.399999999999999,-1.0101527403683594,occupied,occupied,1,
68.796082736653702,31.956854670257414,31.799999999999997,0.98434129580733543,33.100000000000009,33.438276234387708,-1.0133399262778793,occupied,occupied,1,
68.846079889805338,31.909987347153429,31.799999999999997,1.0109395706296662,33.050000000000004,33.47426505605786,-1.0145955010456496,occupied,occupied,1,
68.896077042956975,31.89674394763863,31.850000000000001,0.97684490636187749,32.993468270963945,33.5,-1.0043931513619717,occupied,occupied,1,
68.946074196108611,31.850000000000001,31.850252989588633,1.0022954923236813,32.950000000000003,33.544972780522365,-1.0181191111135621,occupied,occupied,1,
68.996071349260248,31.834972255427672,31.900000000000002,0.9685372839017814,32.881160031813799,33.550000000000004,-0.98517939552227107,occupied,occupied,1,
69.046068502411885,31.78798940532689,31.900000000000002,0.99348884361240941,32.841288948714713,33.600000000000001,-1.0063711335112369,occupied,occupied,1,
69.096065655563535,31.750000000000004,31.914352924609751,1.001093565274443,32.770916417863134,33.600000000000001,-0.96961097753104553,occupied,occupied,1,
69.146062808715172,31.724505268121117,31.949999999999996,0.98361013183734936,32.731282619828221,33.649999999999999,-0.99214305009362314,occupied,occupied,1,
69.196059961866808,31.699999999999999,31.988521696452484,0.96275464240353092,32.691413091983591,33.700000000000003,-1.0151376454803034,occupied,occupied,1,
69.246057115018445,31.659441708762543,32,0.97295913232240538,32.622973854091185,33.700000000000003,-0.98111205243049804,occupied,occupied,1,
69.296054268170082,31.612467661311101,32,0.99593325594359039,32.583251218517745,33.75,-1.0052965446897058,occupied,occupied,1,
69.346051421321718,31.592857439403158,32.049999999999997,0.96153696600666605,32.51613300186137,33.75,-0.97300116084235511,occupied,occupied,1,
69.396048574473355,31.549999999999997,32.058053682644996,0.97473206522211508,32.47649772028182,33.799999999999997,-0.9982795916704823,occupied,occupied,1,
69.446045727624991,31.524810886853309,32.100000000000001,0.94934771205704782,32.410564873767505,33.799999999999997,-0.9675665075507055,occupied,occupied,1,
69.496042880776628,31.477493367477059,32.100000000000001,0.97103737281666769,32.370969185602497,33.850000000000001,-0.99385423680838303,occupied,occupied,1,
69.546040033928264,31.449999999999996,32.139289998429106,0.94837457210767573,32.306103686594867,33.850000000000001,-0.96459229422221682,occupied,occupied,1,
69.596037187079901,31.407858601563049,32.149999999999999,0.95748870578200695,32.266509826643578,33.899999999999999,-0.99181422766171179,occupied,occupied,1,
69.646034340231552,31.360500065362043,32.149999999999999,0.97818632629982816,32.202608862722236,33.899999999999999,-0.96388659369865481,occupied,occupied,1,
69.696031493383188,31.336870658371595,32.199999999999996,0.94321657462060049,32.150000000000006,33.922487799971293,-0.96155205890605555,occupied,occupied,1,
69.746028646534825,31.289306236586704,32.199999999999996,0.96336468952637611,32.099961536003775,33.949999999999996,-0.96527784201568623,occupied,occupied,1,
69.796025799686461,31.250000000000007,32.217920460665489,0.96347228183116951,32.050000000000004,33.977367006501744,-0.96931124139514835,occupied,occupied,1,
69.846022952838098,31.216814263284206,32.25,0.94785554982470921,31.998061645729557,34,-0.96861189643617396,occupied,occupied,1,
69.896020105989734,31.169138014156498,32.25,0.96714455441991021,31.93640431256097,34,-0.94366615642177343,occupied,occupied,1,
69.946017259141371,31.14307982523621,32.299999999999997,0.93167233076671041,31.89682552329803,34.049999999999997,-0.9737495588280064,occupied,occupied,1,
69.996014412293007,31.095182449298381,32.299999999999997,0.9504798108495619,31.835853201003001,34.049999999999997,-0.949807841699567,occupied,occupied,1,
70.046011565444644,31.050000000000001,32.306356629056943,0.96210042596609013,31.796183894742569,34.099999999999994,-0.98056448258122952,occupied,occupied,1,
70.096008718596281,31.02003899998374,32.350000000000001,0.93317973003846855,31.73584213373865,34.100000000000001,-0.95755402337403861,occupied,occupied,1,
70.146005871747917,30.97198106882421,32.349999999999994,0.95124406014783813,31.675966371816443,34.099999999999994,-0.93504735605196787,occupied,occupied,1,
70.196003024899568,30.943759153983077,32.399999999999999,0.91526253471120711,31.636321883633741,34.149999999999999,-0.96679568290619122,occupied,occupied,1,
70.246000178051204,30.895472455200427,32.399999999999999,0.93290777821653392,31.576997304389067,34.149999999999999,-0.94511674773130439,occupied,occupied,1,
70.295997331202841,30.850000000000009,32.407239977904624,0.94254309131812164,31.518086402805373,34.149999999999999,-0.92388449533700545,occupied,occupied,1,
70.345994484354478,30.817878844075395,32.449999999999996,0.9139969564019168,31.478443469071625,34.199999999999996,-0.95652319152389764,occupied,occupied,1,
70.395991637506114,30.769410795306705,32.449999999999996,0.9309995044362418,31.42000435773268,34.199999999999996,-0.93602271917817492,occupied,occupied,1,
70.445988790657751,30.739365964705549,32.5,0.89449038273649417,31.361844486508588,34.200000000000003,-0.91589065729516039,occupied,occupied,1,
70.495985943809387,30.690854887022365,32.5,0.91105902820052564,31.32197877622805,34.25,-0.94926819127622908,occupied,occupied,1,
70.545983096961024,30.642458169942831,32.5,0.92736784622690627,31.264065327007572,34.25,-0.92975235928325684,occupied,occupied,1,
70.59598025011266,30.600000000000009,32.516669651906987,0.9257623363581573,31.206406621039672,34.25,-0.91058269812228665,occupied,occupied,1,
70.645977403264297,30.563206238937944,32.550000000000004,0.90634419381303022,31.166226094641594,34.300000000000004,-0.94463742316020505,occupied,occupied,1,
70.695974556415933,30.514847696481617,32.549999999999997,0.92199232263802888,31.108800727916012,34.299999999999997,-0.92605535086774537,occupied,occupied,1,
70.745971709567584,30.466577640032963,32.549999999999997,0.93740125720030121,31.051617426155094,34.299999999999997,-0.90780104914603199,occupied,occupied,1,
70.795968862719221,30.434853991577363,32.600000000000001,0.89993544918346757,31.011135778752543,34.350000000000001,-0.94250876930180827,occupied,occupied,1,
70.845966015870857,30.386493451395999,32.600000000000001,0.91495944152125452,30.954174069026863,34.350000000000001,-0.92481263230576038,occupied,occupied,1,
70.895963169022494,30.338204433608482,32.599999999999994,0.9297588301353068,30.897442208711063,34.349999999999994,-0.90742567042572442,occupied,occupied,1,
70.94596032217413,30.300000000000008,32.631826430424212,0.91097276310183239,30.850000000000009,34.378794104642772,-0.92052827559964689,occupied,occupied,1,
70.995957475325767,30.257323017938045,32.649999999999999,0.90635600051539411,30.80015564717133,34.399999999999999,-0.9259014222722225,occupied,occupied,1,
71.045954628477404,30.208980274392108,32.649999999999999,0.92058201172582921,30.743853161156878,34.399999999999999,-0.90933301498882058,occupied,occupied,1,
71.09595178162904,30.160686889903101,32.649999999999999,0.93460335115243842,30.70000000000001,34.440627694112038,-0.93547851059677267,occupied,occupied,1,
71.145948934780677,30.11243650706497,32.649999999999999,0.94842549066354132,30.646722592630738,34.449999999999996,-0.92919577605378845,occupied,occupied,1,
71.195946087932313,30.078850858352254,32.700000000000003,0.90995801045061753,30.590829357014652,34.450000000000003,-0.91339658564214499,occupied,occupied,1,
71.245943241083964,30.030459370822594,32.700000000000003,0.92345616081178616,30.549557313409579,34.5,-0.94989983151803292,occupied,occupied,1,
71.2959403942356,29.982097396733639,32.700000000000003,0.93676917375193913,30.493858760748683,34.5,-0.93456716525784356,occupied,occupied,1,
71.345937547387237,29.947775742014002,32.75,0.89797488552636551,30.43835659388613,34.5,-0.91948751359598857,occupied,occupied,1,
71.395934700538874,29.899261381480137,32.75,0.91098565758803052,30.383045800615584,34.5,-0.90465399944698321,occupied,occupied,1,
71.44593185369051,29.850764415608435,32.75,0.92382521392790051,30.34155447834987,34.549999999999997,-0.94188507593109683,occupied,occupied,1,
71.495929006842147,29.802279491871435,32.75,0.93649879998043362,30.286427094097668,34.549999999999997,-0.92747515389912816,occupied,occupied,1,
71.545926159993783,29.753801399244161,32.75,0.94901161817717616,30.231481220736079,34.549999999999997,-0.91329287138959592,occupied,occupied,1,
71.59592331314542,29.718419152409279,32.799999999999997,0.90968270832141984,30.189806158068041,34.600000000000001,-0.95101761927137374,occupied,occupied,1,
71.645920466297056,29.669769723464693,32.799999999999997,0.92193221842230644,30.135039077577339,34.599999999999994,-0.93722769182651267,occupied,occupied,1,
71.695917619448693,29.621117216180711,32.799999999999997,0.93403458815714491,30.080444197861514,34.599999999999994,-0.92364710580982579,occupied,occupied,1,
71.745914772600329,29.572456990773361,32.799999999999997,0.94599489652516788,30.026016910678049,34.599999999999994,-0.91026925519030089,occupied,occupied,1,
71.79591192575198,29.536228106341056,32.849999999999994,0.90629302177111792,29.984196224744867,34.649999999999999,-0.94861275349247931,occupied,occupied,1,
71.845909078903617,29.487388621787641,32.850000000000001,0.9180204141996714,29.929940068111595,34.649999999999999,-0.93558466311410804,occupied,occupied,1,
71.895906232055253,29.438533196286954,32.850000000000001,0.92961918125125642,29.875842890150409,34.649999999999999,-0.92274141224746975,occupied,occupied,1,
71.94590338520689,29.389657737786699,32.850000000000001,0.94109428430176378,29.821900311657874,34.649999999999999,-0.91007659994063272,occupied,occupied,1,
71.995900538358526,29.350000000000012,32.888690772796153,0.91267078041472505,29.779920731756434,34.700000000000003,-0.94896101780633357,occupied,occupied,1,
72.045897691510163,29.303897470713721,32.899999999999999,0.91224889720933322,29.725866042986627,34.699999999999996,-0.93655003073984533,occupied,occupied,1,
72.0958948446618,29.255317790990155,32.899999999999999,0.92326817210394463,29.671737648225267,34.700000000000003,-0.92427221920004898,occupied,occupied,1,
72.145891997813436,29.206949345331282,32.899999999999999,0.93409816572722648,29.617540299832019,34.699999999999996,-0.91213717461208887,occupied,occupied,1,
72.195889150965073,29.15879612936385,32.899999999999999,0.94473199146066567,29.574514123400661,34.75,-0.95140129777983218,occupied,occupied,1,
72.245886304116709,29.121920209731165,32.949999999999996,0.9039546548061741,29.520014688972804,34.75,-0.93954180963379597,occupied,occupied,1,
72.295883457268346,29.074023804502328,32.950000000000003,0.91421566574163005,29.46545131011823,34.75,-0.92785259905006534,occupied,occupied,1,
72.345880610419997,29.026346188402204,32.950000000000003,0.9242615904683078,29.410827738510132,34.75,-0.91634321838485644,occupied,occupied,1,
72.395877763571633,28.978890883286105,32.949999999999996,0.93408596446728109,29.356147465553338,34.75,-0.90502320272860692,occupied,occupied,1,
72.44587491672327,28.941932174017285,33,0.89263843226070705,29.311684620572024,34.799999999999997,-0.94494608871600583,occupied,occupied,1,
72.495872069874906,28.894715285467445,33,0.90204387067332747,29.256684151518151,34.799999999999997,-0.93399029567272263,occupied,occupied,1,
72.545869223026543,28.847722641009753,33,0.9112097250561445,29.201628087127236,34.799999999999997,-0.92325179397106405,occupied,occupied,1,
72.595866376178179,28.800957150065049,33,0.92012992664816806,29.146518828099786,34.800000000000004,-0.91274019240723891,occupied,occupied,1,
72.645863529329816,28.754421549195946,33,0.92879852677831787,29.099999999999998,34.846165061634046,-0.94943199700154823,occupied,occupied,1,
72.695860682481452,28.708118393238593,33,0.93720969681485866,29.045260865841815,34.849999999999994,-0.94325967194205251,occupied,occupied,1,
72.745857835633089,28.670906756035066,33.049999999999997,0.89457937330934123,28.989748318678515,34.849999999999994,-0.93344139847333085,occupied,occupied,1,
72.795854988784725,28.624812258021485,33.049999999999997,0.90250390888943122,28.934181418285998,34.849999999999994,-0.92388851261334459,occupied,occupied,1,
72.845852141936362,28.578948781103371,33.049999999999997,0.91015422010028935,28.878561063505288,34.850000000000001,-0.91461083868565973,occupied,occupied,1,
72.895849295088013,28.533318023831395,33.049999999999997,0.91752483483039671,28.822887836670812,34.850000000000001,-0.90561824142770497,occupied,occupied,1,
72.945846448239649,28.487921448845196,33.049999999999997,0.92461039518080457,28.774918678139905,34.899999999999999,-0.94751871618487193,occupied,occupied,1,
72.995843601391286,28.442760271057359,33.049999999999997,0.93140565658594232,28.718845224659386,34.899999999999999,-0.93908168675681114,occupied,occupied,1,
73.045840754542922,28.400000000000002,33.065118162940735,0.92263315393607437,28.662710631195139,34.899999999999999,-0.93096017571121437,occupied,occupied,1,
73.095837907694559,28.35999539503548,33.100000000000001,0.89363812672143328,28.606514096286716,34.899999999999999,-0.92316441347565548,occupied,occupied,1,
73.145835060846196,28.315225862617616,33.100000000000001,0.89957445466311792,28.550254459079476,34.899999999999999,-0.91570470875908994,occupied,occupied,1,
73.195832213997832,28.27068568767649,33.100000000000001,0.905199631147109,28.493930190063182,34.899999999999999,-0.90859145600870828,occupied,occupied,1,
73.245829367149469,28.226374604159805,33.100000000000001,0.91050879859838019,28.437539381445941,34.899999999999999,-0.90183514314289537,occupied,occupied,1,
73.295826520301105,28.182292014084634,33.100000000000001,0.91549719527984164,28.381079737182834,34.899999999999999,-0.89544635957065788,occupied,occupied,1,
73.345823673452742,28.138436971944458,33.100000000000001,0.92016015155773023,28.329718329091229,34.949999999999996,-0.93970235884241005,occupied,occupied,1,
73.395820826604378,28.09961746262336,33.149999999999999,0.87426232497401735,28.272752048258194,34.949999999999996,-0.93404505618189304,occupied,occupied,1,
73.445817979756029,28.055844327669163,33.149999999999999,0.87829471273236681,28.215699201201687,34.949999999999996,-0.9287895632747325,occupied,occupied,1,
73.495815132907666,28.012285194673296,33.149999999999999,0.8819861534123512,28.158555781217309,34.949999999999996,-0.92394714670920419,occupied,occupied,1,
73.545812286059302,27.968937508967869,33.149999999999999,0.88533210438782961,28.101317338459541,34.950000000000003,-0.91952922525947645,occupied,occupied,1,
73.595809439210939,27.925689596926265,33.149999999999999,0.8883367090410802,28.0440909883317,34.950000000000003,-0.91555322371167547,occupied,occupied,1,
73.645806592362575,27.882258816190024,33.149999999999999,0.8910242803513535,27.987154975336541,34.949999999999996,-0.91202957469671275,occupied,occupied,1,
73.695803745514212,27.838622638589516,33.149999999999999,0.89340488886711678,27.930516001084492,34.950000000000003,-0.90893924865785469,occupied,occupied,1,
73.745800898665848,27.794772907833892,33.149999999999999,0.89548773969633411,27.874167266865108,34.950000000000003,-0.90626237179137703,occupied,occupied,1,
73.795798051817485,27.750702260556015,33.149999999999999,0.89728212213266367,27.8181025361473,34.950000000000003,-0.90397932395165825,occupied,occupied,1,
73.845795204969122,27.70640409672907,33.149999999999999,0.89879742973726362,27.762316121137079,34.949999999999996,-0.90207073714042285,occupied,occupied,1,
73.895792358120758,27.661872548853946,33.149999999999999,0.90004317837144987,27.706802867866301,34.949999999999996,-0.90051749363228795,occupied,occupied,1,
73.945789511272395,27.617102450145186,33.149999999999999,0.90102902222493053,27.651558139948019,34.949999999999996,-0.89930072383821402,occupied,occupied,1,
73.995786664424045,27.572089301925622,33.149999999999999,0.90176476790275872,27.596577801127214,34.950000000000003,-0.89840180399917091,occupied,occupied,1,
74.045783817575682,27.5268292404234,33.149999999999999,0.90226038665046393,27.541858196750127,34.949999999999996,-0.89780235379173223,occupied,occupied,1,
74.095780970727319,27.481319003146194,33.149999999999999,0.90252602480886379,27.487396134266401,34.950000000000003,-0.89748423391819454,occupied,occupied,1,
74.145778123878955,27.435555894991229,33.149999999999999,0.9025720126000657,27.433188862871781,34.950000000000003,-0.8974295437439983,occupied,occupied,1,
74.195775277030592,27.389537754231959,33.149999999999999,0.90240887135279613,27.379234052389773,34.949999999999996,-0.89762061903664003,occupied,occupied,1,
74.245772430182228,27.343262918505168,33.149999999999999,0.90204731928009152,27.325529771481719,34.949999999999996,-0.89804002985143105,occupied,occupied,1,
74.295769583333865,27.296730190907969,33.149999999999999,0.90149827592457621,27.27207446526765,34.949999999999996,-0.89867057860181343,occupied,occupied,1,
74.345766736485501,27.249938806297425,33.149999999999999,0.90077286538755563,27.218866932429759,34.950000000000003,-0.89949529834407338,occupied,occupied,1,
74.395763889637138,27.202888397870204,33.149999999999999,0.89988241845713945,27.165906301860584,34.950000000000003,-0.90049745129959224,occupied,occupied,1,
74.445761042788774,27.155578964095014,33.149999999999999,0.89883847374833936,27.113192008919203,34.950000000000003,-0.90166052763129922,occupied,occupied,1,
74.495758195940425,27.108010836042869,33.149999999999999,0.89765277796517984,27.060723771333297,34.949999999999996,-0.90296824448481039,occupied,occupied,1,
74.545755349092062,27.060184645165624,33.149999999999999,0.89633728539066648,27.008501564795953,34.950000000000003,-0.90440454529925662,occupied,occupied,1,
74.595752502243698,27.012101291553119,33.149999999999999,0.89490415670576884,26.956525598287666,34.950000000000003,-0.9059535993876815,occupied,occupied,1,
74.645749655395335,26.963761912694363,33.149999999999999,0.8933657572334871,26.904796289151868,34.950000000000003,-0.90759980178194111,occupied,occupied,1,
74.695746808546971,26.915167852759527,33.149999999999999,0.89173465469881819,26.853314237945543,34.949999999999996,-0.90932777333235826,occupied,occupied,1,
74.745743961698608,26.866320632412755,33.149999999999999,0.89002361658923057,26.802080203081051,34.950000000000003,-0.91112236104854005,occupied,occupied,1,
74.795741114850244,26.817221919160524,33.149999999999999,0.88824560719534207,26.751095075271195,34.950000000000003,-0.91296863866292455,occupied,occupied,1,
74.845738268001881,26.767873498234934,33.149999999999999,0.88641378440499974,26.700359851784885,34.950000000000003,-0.91485190739534628,occupied,occupied,1,
74.895735421153518,26.718277244007762,33.149999999999999,0.88454149631886425,26.650000000000002,34.946726670738691,-0.91348200502727595,occupied,occupied,1,
74.945732574305154,26.668435091928458,33.149999999999999,0.88264227774968229,26.60155436187954,34.899999999999999,-0.86863526508922362,occupied,occupied,1,
74.995729727456791,26.61834901097572,33.149999999999999,0.88072984666236664,26.551572531893409,34.899999999999999,-0.87054371796385388,occupied,occupied,1,
75.045726880608441,26.568020976612416,33.149999999999999,0.87881810060670429,26.501831350875005,34.899999999999999,-0.87243318534721626,occupied,occupied,1,
75.095724033760078,26.517530586337678,33.149999999999999,0.87692279231406012,26.452254569997997,34.899999999999999,-0.87429420118194212,occupied,occupied,1,
75.145721186911715,26.467027483764902,33.149999999999999,0.87505383196416375,26.402694411083704,34.899999999999999,-0.87612826714506498,occupied,occupied,1,
75.195718340063351,26.416515346416887,33.149999999999999,0.87321201733998877,26.353147305191627,34.899999999999999,-0.87793489501451949,occupied,occupied,1,
75.245715493214988,26.365994172199823,33.149999999999999,0.87139799742524437,26.303613332156402,34.899999999999999,-0.87971346938791173,occupied,occupied,1,
75.295712646366624,26.315463953835724,33.149999999999999,0.86961242390638505,26.254092572775626,34.899999999999999,-0.88146337297198718,occupied,occupied,1,
75.345709799518261,26.266648666522261,33.100000000000001,0.91788566386997905,26.204585108784158,34.899999999999999,-0.88318398642095586,occupied,occupied,1,
75.395706952669897,26.216070195197414,33.100000000000001,0.91615792104271043,26.155091022828504,34.899999999999999,-0.88487468817423376,occupied,occupied,1,
75.445704105821534,26.165481981662712,33.099999999999994,0.91446059447252637,26.105610398441236,34.899999999999999,-0.88653485429391687,occupied,occupied,1,
75.49570125897317,26.114883994076667,33.100000000000001,0.91279434965062667,26.056143320015298,34.899999999999999,-0.88816385830123545,occupied,occupied,1,
75.545698412124807,26.064276194909667,33.099999999999994,0.91115985576265712,26.006689872778519,34.899999999999999,-0.88976107101247215,occupied,occupied,1,
75.595695565276458,26.013658540863254,33.100000000000001,0.90955778588867719,25.957250142767798,34.899999999999999,-0.89132586037381711,occupied,occupied,1,
75.645692718428094,25.963030982784169,33.099999999999994,0.90798881720561186,25.907824216803149,34.899999999999999,-0.89285759129514819,occupied,occupied,1,
75.695689871579731,25.912393465573071,33.100000000000001,0.90645363119229849,25.858412182461532,34.899999999999999,-0.89435562548270253,occupied,occupied,1,
75.745687024731367,25.861745928087604,33.100000000000001,0.90495291383739818,25.809014128050205,34.899999999999999,-0.8958193212704143,occupied,occupied,1,
75.795684177883004,25.811088303039906,33.100000000000001,0.90348735585034989,25.75963014257982,34.899999999999999,-0.89724803344979354,occupied,occupied,1,
75.84568133103464,25.760420516888338,33.100000000000001,0.90205765287551598,25.710260315737042,34.899999999999999,-0.89864111309827666,occupied,occupied,1,
75.895678484186277,25.709742489717772,33.100000000000001,0.90066450570969836,25.660904737851357,34.899999999999999,-0.89999790740592178,occupied,occupied,1,
75.945675637337914,25.659054135139225,33.100000000000001,0.89930862052377913,25.611563499886067,34.899999999999999,-0.90131775949978021,occupied,occupied,1,
75.99567279048955,25.608355360145399,33.100000000000001,0.89799070908735457,25.562236693391807,34.899999999999999,-0.90260000826712705,occupied,occupied,1,
76.045669943641187,25.557646064953648,33.100000000000001,0.89671148899720965,25.51292441045349,34.899999999999999,-0.90384398817677392,occupied,occupied,1,
76.095667096792823,25.506926142923451,33.100000000000001,0.8954716839121446,25.46362674371543,34.899999999999999,-0.90504902909611662,occupied,occupied,1,
76.145664249944474,25.456195480368276,33.099999999999994,0.89427202378978576,25.414343786309502,34.899999999999999,-0.90621445610824125,occupied,occupied,1,
76.195661403096111,25.405453956411854,33.099999999999994,0.89311324512942969,25.365075631832521,34.899999999999999,-0.90733958932523417,occupied,occupied,1,
76.245658556247747,25.354701442826336,33.100000000000001,0.89199609121966628,25.31582237431212,34.899999999999999,-0.90842374369899337,occupied,occupied,1,
76.295655709399384,25.303937803863196,33.100000000000001,0.89092131239110572,25.266584108171813,34.899999999999999,-0.90946622882933981,occupied,occupied,1,
76.34565286255102,25.253162896065653,33.100000000000001,0.88988966627456667,25.217360928184601,34.899999999999999,-0.91046634876916821,occupied,occupied,1,
76.395650015702657,25.202376568124219,33.100000000000001,0.88890191806592922,25.168152929474903,34.899999999999999,-0.9114234018255617,occupied,occupied,1,
76.445647168854293,25.15157866062118,33.100000000000001,0.88795884079508403,25.118960207419669,34.899999999999999,-0.91233668035950088,occupied,occupied,1,
76.49564432200593,25.10076900586882,33.100000000000001,0.88706121560317341,25.06978285764729,34.899999999999999,-0.91320547058018398,occupied,occupied,1,
76.545641475157566,25.049947427687151,33.100000000000001,0.88620983202560777,25.020620975985082,34.899999999999999,-0.91402905233652942,occupied,occupied,1,
76.595638628309203,24.999113741182306,33.100000000000001,0.88540548828213095,24.971474658414767,34.899999999999999,-0.91480669890476496,occupied,occupied,1,
76.64563578146084,24.94826775251515,33.100000000000001,0.88464899157421506,24.922344001026172,34.899999999999999,-0.91553767677194986,occupied,occupied,1,
76.69563293461249,24.897525801264791,33.099999999999994,0.88394095629915814,24.873108301795725,34.899999999999999,-0.91622465116042218,occupied,occupied,1,
76.745630087764127,24.847121792333912,33.099999999999994,0.88327037275310383,24.823524117207381,34.899999999999999,-0.9168843012322665,occupied,occupied,1,
76.795627240915763,24.7970627502398,33.099999999999994,0.88261742532219911,24.773582539227693,34.899999999999999,-0.91753571269389034,occupied,occupied,1,
76.8456243940674,24.748017561768748,33.049999999999997,0.93196698264114086,24.723281634652334,34.899999999999999,-0.91819837918204128,occupied,occupied,1,
76.895621547219037,24.698685262661673,33.049999999999997,0.93129134356281662,24.672619608199369,34.899999999999999,-0.91889227390398676,occupied,occupied,1,
76.945618700370673,24.649718071578594,33.049999999999997,0.93057590389672473,24.621594751597534,34.899999999999999,-0.91963784622155675,occupied,occupied,1,
76.99561585352231,24.6011156835532,33.049999999999997,0.9298021933114532,24.570205393075394,34.899999999999999,-0.92045601733305682,occupied,occupied,1,
77.045613006673946,24.552877439942723,33.050000000000004,0.92895213743702465,24.518449847470389,34.899999999999999,-0.92136817513684011,occupied,occupied,1,
77.095610159825583,24.505002269294923,33.049999999999997,0.92800806462757923,24.466326366978073,34.899999999999999,-0.92239616834964244,occupied,occupied,1,
77.145607312977219,24.457488627582016,33.049999999999997,0.92695271100761523,24.413833092898965,34.899999999999999,-0.92356229993081684,occupied,occupied,1,
77.195604466128856,24.410334437859117,33.049999999999997,0.92576922357346048,24.362302236218543,34.849999999999994,-0.8748715213821906,occupied,occupied,1,
77.245601619280507,24.363537029650388,33.050000000000004,0.924441161116349,24.309237220540517,34.850000000000001,-0.87637767187862148,occupied,occupied,1,
77.295598772432143,24.317093078301379,33.050000000000004,0.92295249272671109,24.255815432439842,34.850000000000001,-0.87809024687785753,occupied,occupied,1,
77.34559592558378,24.270998544585463,33.050000000000004,0.92128759363675483,24.202034076130559,34.850000000000001,-0.88003306019178262,occupied,occupied,1,
77.395593078735416,24.225248614883444,33.049999999999997,0.9194312381623535,24.147890011154896,34.850000000000001,-0.88223031539614793,occupied,occupied,1,
77.445590231887053,24.179837642286209,33.049999999999997,0.91736858951305,24.093379712751148,34.849999999999994,-0.88470659581621103,occupied,occupied,1,
77.495587385038689,24.134759089005289,33.049999999999997,0.91508518625356228,24.038499234437378,34.850000000000001,-0.88748685380515124,occupied,occupied,1,
77.545584538190326,24.090005470510022,33.050000000000004,0.91256692522213956,23.983244173039878,34.850000000000001,-0.89059639922673361,occupied,occupied,1,
77.595581691341962,24.0455683018433,33.049999999999997,0.90980004073974385,23.927609636402266,34.849999999999994,-0.89406088703507514,occupied,occupied,1,
77.645578844493599,24.001438046600139,33.049999999999997,0.90677107998214723,23.871590214016035,34.849999999999994,-0.89790630382549397,occupied,occupied,1,
77.695575997645236,23.957604069083295,33.049999999999997,0.90346687443291684,23.815179950816677,34.849999999999994,-0.90215895321355921,occupied,occupied,1,
77.745573150796886,23.914054590175638,33.049999999999997,0.89987450739009134,23.758372324388652,34.850000000000001,-0.90684543988468513,occupied,occupied,1,
77.795570303948523,23.870776647490285,33.050000000000004,0.89598127756423507,23.701160225818896,34.850000000000001,-0.91199265214288561,occupied,occupied,1,
77.845567457100159,23.82775606037346,33.049999999999997,0.89177465887717888,23.643535944429889,34.849999999999994,-0.91762774277875481,occupied,occupied,1,
77.895564610251796,23.784977400342608,33.049999999999997,0.8872422566520326,23.58549115661139,34.849999999999994,-0.92377810807001803,occupied,occupied,1,
77.945561763403433,23.742423967538869,33.049999999999997,0.88237176047183752,23.527016918950881,34.849999999999994,-0.93047136472719272,occupied,occupied,1,
77.995558916555069,23.700077773761084,33.049999999999997,0.8771508940771241,23.468103665840527,34.850000000000001,-0.93773532460038311,occupied,occupied,1,
78.045556069706706,23.664841152648254,33,0.92204417748293444,23.40874121170819,34.850000000000001,-0.9455979669734127,occupied,occupied,1,
78.095553222858342,23.62334559898558,33,0.9161559157377025,23.356335699634169,34.799999999999997,-0.9035402914220666,occupied,occupied,1,
78.145550376009979,23.582012665512838,33,0.90988755524496923,23.296554303816293,34.800000000000004,-0.9126070198532602,occupied,occupied,1,
78.195547529161615,23.540818880241101,33,0.90322684797201136,23.236306349428393,34.799999999999997,-0.92234919301394536,occupied,occupied,1,
78.245544682313252,23.499739566448838,33,0.89616131147613076,23.175578884547665,34.799999999999997,-0.93279471524803126,occupied,occupied,1,
78.295541835464903,23.458787591618432,33,0.88868472222269801,23.114317189002612,34.799999999999997,-0.94397996567803821,occupied,occupied,1,
78.345538988616539,23.417985660327027,33,0.88079134312816321,23.052450390991375,34.800000000000004,-0.95594925726381552,occupied,occupied,1,
78.395536141768176,23.388092188960503,32.950000000000003,0.9236151951411824,23.000689743519658,34.75,-0.91760197149982692,occupied,occupied,1,
78.445533294919812,23.348212358549929,32.949999999999996,0.91499138163310068,22.938089259321885,34.75,-0.93113996703102364,occupied,occupied,1,
78.495530448071449,23.308496903427457,32.950000000000003,0.90592930934020344,22.874744103056226,34.75,-0.94559479037599736,occupied,occupied,1,
78.545527601223085,23.268941786638912,32.950000000000003,0.89641709255493451,22.810589820469314,34.75,-0.9610237611175414,occupied,occupied,1,
78.595524754374722,23.22954177264889,32.950000000000003,0.88644202137620154,22.758999474373059,34.700000000000003,-0.92571416793715444,occupied,occupied,1,
78.645521907526359,23.199999999999999,32.9157789896813,0.91156230119588944,22.693749415679459,34.699999999999996,-0.94308975991626576,occupied,occupied,1,
78.695519060677995,23.166141410211843,32.899999999999999,0.91723838466777752,22.627487267698108,34.700000000000003,-0.96163049986014681,occupied,occupied,1,
78.745516213829632,23.127970900526353,32.899999999999999,0.90602649561825477,22.575893274842016,34.649999999999999,-0.92899113502763464,occupied,occupied,1,
78.795513366981268,23.089955603780101,32.899999999999999,0.89431311839893068,22.508165512329004,34.649999999999999,-0.94986141523683121,occupied,occupied,1,
78.845510520132919,23.052083119374448,32.899999999999999,0.88208137539789333,22.450000000000003,34.619034346395928,-0.93934201490006908,occupied,occupied,1,
78.895507673284555,23.032783968578073,32.849999999999994,0.92260656861828949,22.387181033418127,34.599999999999994,-0.94268245721313437,occupied,occupied,1,
78.945504826436192,22.996128758857299,32.850000000000001,0.90962732754976572,22.316195452049531,34.600000000000001,-0.96782022210549667,occupied,occupied,1,
78.995501979587829,22.95961087897285,32.850000000000001,0.89610177259219526,22.264017023751833,34.549999999999997,-0.9407027383509905,occupied,occupied,1,
79.045499132739465,22.944753083622558,32.799999999999997,0.93645196438961653,22.190646140866903,34.549999999999997,-0.9691128550569118,occupied,occupied,1,
79.095496285891102,22.909582500030513,32.799999999999997,0.92222667936818215,22.138017082540074,34.5,-0.94467267342703432,occupied,occupied,1,
79.145493439042738,22.874528663395623,32.799999999999997,0.90742456166028662,22.061747491195714,34.5,-0.97688253482973453,occupied,occupied,1,
79.195490592194375,22.850000000000005,32.779268042395195,0.91523042194450455,22.008342698023881,34.450000000000003,-0.95552672106784164,occupied,occupied,1,
79.245487745346011,22.831169309813998,32.75,0.9325787040596929,21.950000000000003,34.409560388851546,-0.94641039564343021,occupied,occupied,1,
79.295484898497648,22.797663801113313,32.75,0.91653999877660086,21.873916193532345,34.399999999999999,-0.97444113346971584,occupied,occupied,1,
79.345482051649284,22.764172309015542,32.75,0.89984551567068605,21.819264456170991,34.350000000000001,-0.95833931108022141,occupied,occupied,1,
79.395479204800935,22.750000000000007,32.718919749007505,0.91906905378520365,21.764508702098166,34.300000000000004,-0.943995050940868,occupied,occupied,1,
79.445476357952572,22.729860899927885,32.700000000000003,0.92414024132788564,21.700000000000003,34.264544519276086,-0.94893557827929187,occupied,occupied,1,
79.495473511104208,22.700000000000003,32.696863860016379,0.91000335392488529,21.650000000000002,34.206285392554527,-0.92870634662324925,occupied,occupied,1,
79.545470664255845,22.699999999999996,32.653187404051138,0.94553108267127151,21.562016267529003,34.199999999999996,-0.97479081283340474,occupied,occupied,1,
79.595467817407481,22.671895803649537,32.649999999999999,0.93111206494278165,21.503803392773374,34.149999999999999,-0.97005596559699436,occupied,occupied,1,
79.645464970559118,22.641115962121859,32.649999999999999,0.91186179421031022,21.44479506731631,34.100000000000001,-0.96794768638828255,occupied,occupied,1,
79.695462123710755,22.60984052439548,32.649999999999999,0.89161129556699137,21.384807640268189,34.049999999999997,-0.96868587617553326,occupied,occupied,1,
79.745459276862391,22.600000000000001,32.626181306072496,0.9027154523245442,21.323626067218775,34,-0.97252005823621535,occupied,occupied,1,
79.795456430014028,22.594351070456568,32.600000000000001,0.91771882087908863,21.260998054801092,33.950000000000003,-0.97973480552592895,occupied,occupied,1,
79.845453583165664,22.563372136614088,32.599999999999994,0.89560784781378133,21.200000000000003,33.89683403831949,-0.9860302964211044,occupied,occupied,1,
79.895450736317301,22.550000000000004,32.582245427424951,0.89781030135267437,21.150000000000002,33.833368338146592,-0.97977019964657397,occupied,occupied,1,
79.945447889468952,22.550000000000004,32.552913134884314,0.91701872290286168,21.124820963396942,33.75,-0.94420459765953468,occupied,occupied,1,
79.995445042620588,22.517805477975024,32.549999999999997,0.89389155697733735,21.061367068847034,33.699999999999996,-0.96183278666405403,occupied,occupied,1,
80.045442195772225,22.5,32.53423535910342,0.8893352003483187,21,33.647488909073061,-0.97864056676430866,occupied,occupied,1,
80.095439348923861,22.500000000000007,32.505326010195105,0.90621984348509566,21.000000000000007,33.551294456627076,-0.92245453729769344,occupied,occupied,1,
80.145436502075498,22.46523300436121,32.5,0.88039220211617997,20.937855968011622,33.5,-0.94522566895324223,occupied,occupied,1,
80.195433655227134,22.450000000000006,32.480597961765746,0.87791847550426394,20.900000000000006,33.432473892024795,-0.94102841393658232,occupied,occupied,1,
80.245430808378771,22.449999999999996,32.451989738451658,0.89253865894057205,20.849999999999998,33.372412547215944,-0.9533156546209125,occupied,occupied,1,
80.295427961530407,22.449999999999996,32.42408526096942,0.90610773314961401,20.799999999999997,33.311719775558174,-0.96749708950889179,occupied,occupied,1,
80.345425114682044,22.443688428051395,32.399999999999999,0.91161689189344097,20.750515256278437,33.25,-0.98293724816476591,occupied,occupied,1,
80.395422267833681,22.400000000000006,32.393547245091234,0.87510984333995623,20.750000000000004,33.164535157474148,-0.94613213976952959,occupied,occupied,1,
80.445419420985317,22.400000000000002,32.365783372983678,0.8865102884769529,20.706537639957826,33.100000000000001,-0.95926565141034692,occupied,occupied,1,
80.495416574136968,22.371560594905212,32.350000000000001,0.86633547484945561,20.700000000000003,33.019900160676592,-0.93446463835422433,occupied,occupied,1,
80.545413727288604,22.350000000000001,32.33040977295849,0.85324434873043453,20.650000000000002,32.957291937051764,-0.95865555128012159,occupied,occupied,1,
80.595410880440241,22.350000000000001,32.302734820476658,0.86245760072592259,20.650000000000002,32.876348340520373,-0.93170863192281006,occupied,occupied,1,
80.645408033591877,22.350000000000001,32.275586194617325,0.87077890802284685,20.600000000000001,32.812234404779261,-0.9596558221628565,occupied,occupied,1,
80.695405186743514,22.350000000000001,32.248937564608212,0.8782363895644365,20.599999999999998,32.732580047961079,-0.93736545326998055,occupied,occupied,1,
80.745402339895151,22.350000000000005,32.222765201151361,0.8848555231330647,20.600000000000005,32.654074982598829,-0.91751184440671207,occupied,occupied,1,
80.795399493046787,22.350000000000001,32.197047336125664,0.89065955454246126,20.550000000000001,32.58739200875619,-0.95117891922526598,occupied,occupied,1,
80.845396646198424,22.350000000000001,32.171763576188518,0.89566982223154734,20.550000000000004,32.509214986367141,-0.93568854090537368,occupied,occupied,1,
80.89539379935006,22.330372660664896,32.149999999999999,0.88003448156019237,20.550000000000004,32.431709278691123,-0.9224878979246387,occupied,occupied,1,
80.945390952501697,22.300000000000001,32.12887325911624,0.85297163194987546,20.5,32.361175502115756,-0.9619565572913974,occupied,occupied,1,
80.995388105653348,22.300000000000004,32.10331632953212,0.85587876261083484,20.500000000000004,32.283100859088016,-0.95307742178602095,occupied,occupied,1,
81.045385258804984,22.299999999999997,32.078111461879104,0.85802067099620982,20.499999999999996,32.205247519886207,-0.94646362576161502,occupied,occupied,1,
81.095382411956621,22.300000000000008,32.053233903123598,0.85941102774309297,20.500000000000007,32.127467206252518,-0.94211903953123166,occupied,occupied,1,
81.145379565108257,22.300000000000004,32.028657252955625,0.86006176376539045,20.500000000000004,32.049611348186829,-0.94006019713252498,occupied,occupied,1,
81.195376718259894,22.300000000000001,32.004352927078671,0.85998291172389485,20.5,31.971529765411834,-0.94031633005281756,occupied,occupied,1,
81.24537387141153,22.300000000000001,31.980289603544506,0.85918236921198676,20.5,31.893069382353811,-0.94292954933928685,occupied,occupied,1,
81.295371024563167,22.300000000000008,31.956432647379632,0.85766557893805417,20.500000000000007,31.814072961718715,-0.9479551675370943,occupied,occupied,1,
81.345368177714803,22.349999999999998,31.938253667073173,0.90573782284239168,20.549999999999997,31.739888001217285,-0.90515945127076147,occupied,occupied,1,
81.39536533086644,22.350000000000005,31.916272554079786,0.90299087512261944,20.550000000000004,31.660908135626325,-0.91503304832065435,occupied,occupied,1,
81.445362484018077,22.349999999999998,31.894009603285642,0.89951898758879933,20.549999999999997,31.581315692006719,-0.92743954564366371,occupied,occupied,1,
81.495359637169713,22.350000000000005,31.871013099321605,0.89523486035906852,20.550000000000008,31.501376849350113,-0.94232628346526293,occupied,occupied,1,
81.545356790321364,22.350000000000001,31.847254229533906,0.89010417402089259,20.600000000000001,31.432780061721772,-0.90830869175369389,occupied,occupied,1,
81.595353943473,22.350000000000001,31.822706140823794,0.88409196325735417,20.599999999999998,31.353256962161225,-0.92778069544329544,occupied,occupied,1,
81.645351096624637,22.350000000000005,31.797343107235022,0.87716258379832357,20.650000000000006,31.287904962481566,-0.89752815639554018,occupied,occupied,1,
81.695348249776274,22.349999999999998,31.771139815841224,0.86927958653651793,20.649999999999999,31.208173710938585,-0.92151097499468781,occupied,occupied,1,
81.74534540292791,22.366343444215428,31.750000000000004,0.87779126958376097,20.700000000000003,31.145456335806564,-0.89482643200791423,occupied,occupied,1,
81.795342556079547,22.400000000000002,31.735842597198953,0.90425474141852658,20.700000000000003,31.064900030841549,-0.92335679480853983,occupied,occupied,1,
81.845339709231183,22.399999999999999,31.708569944765259,0.89389181538600815,20.75,31.004234136339292,-0.90015080702602812,occupied,occupied,1,
81.89533686238282,22.399999999999995,31.680366211951583,0.88246442780251344,20.749999999999996,30.922218875184456,-0.93337900824782094,occupied,occupied,1,
81.945334015534456,22.400000000000002,31.651202030461739,0.86992902486095869,20.800000000000004,30.863025961217556,-0.91366888838328186,occupied,occupied,1,
81.995331168686093,22.450000000000003,31.647361974671057,0.91274228985833206,20.840138272116853,30.799999999999997,-0.90650950662871599,occupied,occupied,1,
82.045328321837729,22.450000000000003,31.617896339778493,0.89867025810971413,20.850000000000005,30.720553282426827,-0.93578458259289465,occupied,occupied,1,
82.09532547498938,22.450000000000003,31.587397878372016,0.88339890091930173,20.900000000000002,30.663313887908181,-0.92115955516672043,occupied,occupied,1,
82.145322628141017,22.449999999999999,31.555822322071805,0.86687145083112449,20.949999999999999,30.607032065736714,-0.90800965800867883,occupied,occupied,1,
82.195319781292653,22.490121624274614,31.550000000000001,0.89731960868510074,20.997636602252555,30.550000000000001,-0.89920802565849345,occupied,occupied,1,
82.24531693444429,22.5,31.524664332005415,0.89107433075754272,21,30.461398535695789,-0.94754856521703557,occupied,occupied,1,
82.295314087595926,22.511315989961421,31.5,0.88569197434224101,21.050000000000001,30.405211932660087,-0.94023390994408251,occupied,occupied,1,
82.345311240747563,22.550000000000001,31.496679606892595,0.91431956585084506,21.100794217814176,30.350000000000001,-0.93367164624519117,occupied,occupied,1,
82.395308393899199,22.550000000000001,31.463123776162092,0.89314983539378234,21.149999999999999,30.293714992399586,-0.93099843257702763,occupied,occupied,1,
82.445305547050836,22.574705124144831,31.449999999999999,0.90335258101295268,21.200000000000003,30.238064763681479,-0.9292961020085565,occupied,occupied,1,
82.495302700202473,22.600000000000005,31.438379579512524,0.91430139909070929,21.250000000000007,30.182224372548845,-0.92972297818361616,occupied,occupied,1,
82.545299853354109,22.600000000000001,31.403009575996208,0.88985762987914507,21.300000000000001,30.125973054204639,-0.93245471381759648,occupied,occupied,1,
82.595297006505746,22.632723866172473,31.400000000000002,0.91075128358555468,21.349999999999998,30.069059379744086,-0.93770305761296657,occupied,occupied,1,
82.645294159657396,22.650000000000002,31.382151513597201,0.90954642691332732,21.400000000000002,30.011193140192653,-0.94572359699371611,occupied,occupied,1,
82.695291312809033,22.654636558212207,31.349999999999998,0.88856181211625318,21.450000000000003,29.952034952182785,-0.95682581987327842,occupied,occupied,1,
82.74528846596067,22.686519369409169,31.350000000000001,0.90903277537979688,21.507171435180272,29.899999999999999,-0.96002087552751769,occupied,occupied,1,
82.795285619112306,22.700000000000003,31.328541006829262,0.90054663848237504,21.56674416702748,29.850000000000001,-0.96234152022225805,occupied,occupied,1,
82.845282772263943,22.708477640418906,31.300000000000004,0.88269995510495025,21.627132700113251,29.800000000000004,-0.96643683808387215,occupied,occupied,1,
82.895279925415579,22.737011540387588,31.299999999999997,0.89904272004011321,21.68850043109709,29.75,-0.97228716704703388,occupied,occupied,1,
82.945277078567216,22.763815894763304,31.300000000000004,0.91372598161446772,21.751007965222346,29.700000000000003,-0.97988958183579322,occupied,occupied,1,
82.995274231718852,22.788977987197843,31.299999999999997,0.92685688311543124,21.814810163928122,29.649999999999999,-0.9892597490064402,occupied,occupied,1,
83.045271384870489,22.800000000000001,31.275982029453829,0.91143988593168157,21.900000000000002,29.637487385959727,-0.95796234386234436,occupied,occupied,1,
83.095268538022125,22.811510508207988,31.250000000000004,0.89386069565704496,21.969950078867317,29.600000000000001,-0.95836066158729338,occupied,occupied,1,
83.145265691173762,22.836926935686847,31.250000000000004,0.90506469450089022,22.033641944082696,29.550000000000004,-0.97516581736101438,occupied,occupied,1,
83.195262844325413,22.862085472066369,31.250000000000004,0.91547260145439679,22.099999999999998,29.504528468034628,-0.98911269084316122,occupied,occupied,1,
83.245259997477049,22.887080064494103,31.25,0.92513631298400267,22.183270662477984,29.5,-0.96108946204036805,occupied,occupied,1,
83.295257150628686,22.900000000000002,31.217510879836908,0.899465378507319,22.247579437252618,29.449999999999999,-0.984611929099102,occupied,occupied,1,
83.345254303780322,22.920026441240108,31.200000000000003,0.88961929895489578,22.329701685540098,29.450000000000003,-0.9572654611728918,occupied,occupied,1,
83.395251456931959,22.946506899168089,31.200000000000003,0.89773309887579011,22.394426737195509,29.400000000000006,-0.9850288364850428,occupied,occupied,1,
83.445248610083596,22.973034345677693,31.200000000000003,0.90516441411386472,22.47411579572951,29.400000000000002,-0.96270060228383936,occupied,occupied,1,
83.495245763235232,22.999657330163604,31.199999999999999,0.9119310232051866,22.539669601681041,29.349999999999998,-0.99439757133316076,occupied,occupied,1,
83.545242916386869,23.026417326270259,31.199999999999999,0.91804610912096418,22.617515634094257,29.350000000000001,-0.97660441112396956,occupied,occupied,1,
83.595240069538505,23.050000000000004,31.182757364484807,0.90595412397939623,22.693966335930483,29.350000000000001,-0.96106476371940386,occupied,occupied,1,
83.645237222690142,23.072070212823903,31.150000000000002,0.87765338885427158,22.760765763819702,29.300000000000004,-0.9983557955501664,occupied,occupied,1,
83.695234375841778,23.100695263970465,31.150000000000006,0.88205313332809843,22.836150513159108,29.300000000000004,-0.9867657249837074,occupied,occupied,1,
83.745231528993429,23.129535555658261,31.150000000000002,0.88578816988234466,22.910545357641258,29.300000000000001,-0.9771280136394811,occupied,occupied,1,
83.795228682145066,23.158611190092532,31.149999999999999,0.88886119635224525,22.984078404505031,29.299999999999997,-0.96935345573855414,occupied,occupied,1,
83.845225835296702,23.187938992284415,31.149999999999999,0.8912734116706994,23.056869185937138,29.300000000000001,-0.9633638289065285,occupied,occupied,1,
83.895222988448339,23.217532964342816,31.150000000000002,0.89302479389887524,23.129029724883832,29.300000000000001,-0.9590909755374557,occupied,occupied,1,
83.945220141599975,23.24740469152924,31.149999999999999,0.89411432016519043,23.200665525755223,29.300000000000001,-0.95647600446564285,occupied,occupied,1,
83.995217294751612,23.277563705380359,31.150000000000002,0.89454013691978729,23.271876500496596,29.300000000000001,-0.95546860476209794,occupied,occupied,1,
84.045214447903248,23.308017808930177,31.150000000000002,0.89429968782654823,23.342757840107879,29.300000000000001,-0.95602646444127004,occupied,occupied,1,
84.095211601054885,23.338773368789845,31.149999999999999,0.89338980557286152,23.413400841429599,29.300000000000001,-0.95811478790580362,occupied,occupied,1,
84.145208754206521,23.369835578579568,31.150000000000002,0.89180677289497634,23.483893698882255,29.300000000000001,-0.96170590707432524,occupied,occupied,1,
84.195205907358158,23.401208697963103,31.150000000000002,0.88954635720213315,23.554322270851774,29.300000000000001,-0.96677898233367476,occupied,occupied,1,
84.245203060509809,23.432896271334766,31.150000000000006,0.88660382233538126,23.619585031703458,29.350000000000005,-0.92305158498613404,occupied,occupied,1,
84.295200213661445,23.464901329994596,31.150000000000006,0.88297392021849375,23.689095204224916,29.350000000000005,-0.93093426192369977,occupied,occupied,1,
84.345197366813082,23.497226581605535,31.150000000000002,0.87865086442561491,23.758795749564019,29.350000000000005,-0.94025496865824632,occupied,occupied,1,
84.395194519964718,23.521571982222028,31.200000000000003,0.92431293267167902,23.828768490771122,29.350000000000001,-0.95101895658546098,occupied,occupied,1,
84.445191673116355,23.553507710331271,31.199999999999999,0.91876409977922924,23.889756446171535,29.399999999999999,-0.91237303663469205,occupied,occupied,1,
84.495188826267992,23.585768459133504,31.199999999999999,0.91252210102664744,23.959484854579877,29.399999999999999,-0.92586413266458412,occupied,occupied,1,
84.545185979419628,23.618355036200768,31.199999999999996,0.90557887547274396,24.029737396625926,29.399999999999999,-0.94083262970939663,occupied,occupied,1,
84.595183132571265,23.651464876683431,31.200000000000003,0.89788075370650278,24.099999999999998,29.401584587070381,-0.95562450776739527,occupied,occupied,1,
84.645180285722901,23.68561570823594,31.199999999999999,0.88929898563674858,24.157487622312413,29.449999999999999,-0.92320290492618207,occupied,occupied,1,
84.695177438874538,23.706422141203642,31.250000000000004,0.93185443202138707,24.226947553837348,29.450000000000003,-0.94189760738977513,occupied,occupied,1,
84.745174592026174,23.741904046727036,31.25,0.92169977455206797,24.280872074191254,29.5,-0.90941642455400395,occupied,occupied,1,
84.795171745177825,23.778613698964826,31.250000000000004,0.91060370836965898,24.34912000130209,29.500000000000004,-0.93004222200547437,occupied,occupied,1,
84.845168898329462,23.816575799879264,31.25,0.89855436949192558,24.400030953456842,29.550000000000001,-0.89878252609449583,occupied,occupied,1,
84.895166051481098,23.850000000000005,31.266146207314279,0.90270383980794267,24.467062808832395,29.550000000000001,-0.92100784654034074,occupied,occupied,1,
84.945163204632735,23.87755733497448,31.300000000000001,0.92497800876290492,24.515115823248387,29.600000000000001,-0.89064332454702111,occupied,occupied,1,
84.995160357784371,23.918603664078269,31.300000000000001,0.91031653948848312,24.580913661768484,29.600000000000001,-0.91414352667915233,occupied,occupied,1,
85.045157510936008,23.960956395377089,31.300000000000004,0.89470561201506216,24.626263270657404,29.650000000000006,-0.88437652164129499,occupied,occupied,1,
85.095154664087644,24,31.311054644543177,0.89013481200268496,24.690795765339338,29.650000000000002,-0.90883748393997654,occupied,occupied,1,
85.145151817239281,24.028122945706485,31.350000000000005,0.91508861630603544,24.750000000000004,29.661628996660312,-0.92113117621167029,occupied,occupied,1,
85.195148970390917,24.073722004804623,31.349999999999998,0.89696974608573887,24.796818168196513,29.699999999999996,-0.90452076499448053,occupied,occupied,1,
85.245146123542554,24.100000000000005,31.395906975264108,0.9282931527863133,24.850000000000005,29.721456224152185,-0.90645078517868038,occupied,occupied,1,
85.295143276694191,24.145771166385988,31.400000000000002,0.9131588068792309,24.89907803733588,29.75,-0.90066898037630549,occupied,occupied,1,
85.345140429845841,24.194573868315945,31.400000000000002,0.89274737300804352,24.949999999999999,29.772468648969262,-0.90155665335401236,occupied,occupied,1,
85.395137582997478,24.220984565700313,31.450000000000003,0.92685597790774521,24.997664521098166,29.800000000000004,-0.89680291374847965,occupied,occupied,1,
85.445134736149114,24.271740397624171,31.450000000000003,0.90513250486274877,25.050000000000001,29.815775673617374,-0.90494405639949127,occupied,occupied,1,
85.495131889300751,24.300000000000001,31.499036879059584,0.9371667464974397,25.092663820745596,29.849999999999998,-0.89248856563585666,occupied,occupied,1,
85.545129042452388,24.352206924278146,31.5,0.9153480096874661,25.150947992223589,29.849999999999998,-0.91781518370875248,occupied,occupied,1,
85.595126195604024,24.405870250216175,31.499999999999996,0.89191648746554753,25.200000000000003,29.867447027582639,-0.9235369730341918,occupied,occupied,1,
85.645123348755661,24.449999999999999,31.521438523044708,0.89186230970447233,25.240827588597973,29.899999999999999,-0.91215297817451235,occupied,occupied,1,
85.695120501907297,24.491493276738034,31.550000000000004,0.89933518862114992,25.296666230955502,29.900000000000002,-0.93663961681689978,occupied,occupied,1,
85.745117655058934,24.547745412174617,31.550000000000001,0.87467823126776478,25.327258215008165,29.949999999999999,-0.90510833171708149,occupied,occupied,1,
85.79511480821057,24.580482483892546,31.599999999999998,0.90532351796821042,25.381353288590198,29.949999999999999,-0.92876864051703423,occupied,occupied,1,
85.845111961362207,24.638309099910224,31.600000000000005,0.88012947770283101,25.410366912341384,30.000000000000004,-0.89640458212714735,occupied,occupied,1,
85.895109114513858,24.672855721661563,31.650000000000002,0.91022666460101909,25.462689659770636,30.000000000000004,-0.91907310574524204,occupied,occupied,1,
85.945106267665494,24.732158468442165,31.649999999999999,0.88472379091677944,25.499999999999996,30.02954569412487,-0.90844457123283306,occupied,occupied,1,
85.995103420817131,24.768615011253267,31.699999999999999,0.91442320448770642,25.540848147374565,30.049999999999997,-0.90734626954673703,occupied,occupied,1,
86.045100573968767,24.829293519218766,31.699999999999999,0.88885204732368972,25.590330624583174,30.050000000000001,-0.9281998164769647,occupied,occupied,1,
86.095097727120404,24.867754293982582,31.750000000000004,0.91832188007483795,25.616038984091887,30.100000000000005,-0.893425888642425,occupied,occupied,1,
86.14509488027204,24.929710395416656,31.750000000000004,0.89293263116043109,25.663720247448744,30.100000000000005,-0.91296616525097507,occupied,occupied,1,
86.195092033423677,24.991987754721706,31.750000000000004,0.86784352529023023,25.710327525324363,30.100000000000005,-0.93174310114081582,occupied,occupied,1,
86.245089186575314,25.033163169045626,31.800000000000001,0.89749680038362767,25.75,30.114000101875561,-0.93456507048436455,occupied,occupied,1,
86.29508633972695,25.096260107704442,31.800000000000004,0.87307429273077319,25.779852223026651,30.150000000000006,-0.91292631760806198,occupied,occupied,1,
86.345083492878587,25.139346609195616,31.849999999999998,0.90306469880625195,25.824000545023342,30.149999999999999,-0.92962485805939288,occupied,occupied,1,
86.395080646030223,25.199999999999999,31.858413473005911,0.88852185812909612,25.850000000000001,30.193805337715521,-0.89849247983099767,occupied,occupied,1,
86.445077799181874,25.248464876767237,31.899999999999999,0.90996876211071698,25.89025676135887,30.199999999999999,-0.90714345872972435,occupied,occupied,1,
86.495074952333511,25.300000000000004,31.936565234438071,0.9263397670552731,25.931858501734531,30.200000000000006,-0.92160611409848425,occupied,occupied,1,
86.545072105485147,25.360794007841012,31.950000000000003,0.91856866534575587,25.95488181827259,30.250000000000004,-0.88224790679683407,occupied,occupied,1,
86.595069258636784,25.426627118986126,31.949999999999999,0.8972679474279881,25.994999116884614,30.25,-0.89522939650173627,occupied,occupied,1,
86.64506641178842,25.476683362053855,32.000000000000007,0.92926668158977233,26.033989334487437,30.250000000000004,-0.90733070131975813,occupied,occupied,1,
86.695063564940057,25.543640177802615,32,0.90942969578620203,26.056734811553305,30.300000000000001,-0.86631412109272998,occupied,occupied,1,
86.745060718091693,25.596565184811446,32.050000000000004,0.94252313082602468,26.094264000248344,30.300000000000004,-0.8768735029202549,occupied,occupied,1,
86.79505787124333,25.664818197456636,32.049999999999997,0.92440455585191239,26.13063253539524,30.299999999999997,-0.88652973269341784,occupied,occupied,1,
86.845055024394966,25.733322778234808,32.049999999999997,0.90737085754419489,26.165822017821231,30.299999999999997,-0.89528151943890932,occupied,occupied,1,
86.895052177546603,25.790735179088646,32.100000000000001,0.94276901349761544,26.199817525539842,30.300000000000001,-0.90313140802517566,occupied,occupied,1,
86.945049330698239,25.860843824949487,32.100000000000009,0.92790444570058839,26.222281439589601,30.350000000000005,-0.85903068162685225,occupied,occupied,1,
86.99504648384989,25.931323348988315,32.100000000000001,0.91436281134808206,26.254941840546145,30.350000000000005,-0.86530820546321718,occupied,occupied,1,
87.045043637001527,25.994090839277224,32.150000000000006,0.95288477887003775,26.286435910267524,30.350000000000001,-0.87070115015341387,occupied,occupied,1,
87.095040790153163,26.066603432003063,32.150000000000006,0.94207554717476993,26.316770642830804,30.350000000000001,-0.87522564783208223,occupied,occupied,1,
87.1450379433048,26.139666728842673,32.149999999999999,0.93288124055288923,26.345960357147067,30.349999999999998,-0.87890159993296491,occupied,occupied,1,
87.195035096456436,26.213339496242149,32.149999999999999,0.92540584904581324,26.374027669092932,30.350000000000001,-0.88175233132858932,occupied,occupied,1,
87.245032249608073,26.287687661796834,32.149999999999999,0.91975929167210979,26.399999999999999,30.36595626926626,-0.86781618770855662,occupied,occupied,1,
87.29502940275971,26.362784501113854,32.149999999999999,0.9160576657187266,26.425151245348204,30.399999999999999,-0.83505329900806469,occupied,occupied,1,
87.345026555911346,26.438710755466811,32.150000000000006,0.91442339925520733,26.451501797547277,30.400000000000006,-0.8356233460511876,occupied,occupied,1,
87.395023709062983,26.515554662852786,32.149999999999999,0.91498527832903798,26.476975092207269,30.399999999999999,-0.83543992237826259,occupied,occupied,1,
87.445020862214619,26.593411885873032,32.150000000000006,0.91787831968402822,26.501650805690286,30.400000000000006,-0.83452577065481304,occupied,occupied,1,
87.495018015366256,26.672385322072572,32.149999999999999,0.92324346174044547,26.525622366110078,30.400000000000002,-0.83289985964390267,occupied,occupied,1,
87.545015168517907,26.752584786170576,32.149999999999999,0.93122705168513276,26.548997437898279,30.400000000000002,-0.83057538002409437,occupied,occupied,1,
87.595012321669543,26.834126559014553,32.149999999999999,0.9419801152941063,26.564405902365369,30.349999999999998,-0.87811582520553422,occupied,occupied,1,
87.64500947482118,26.907868879555412,32.100000000000001,0.90480626097298988,26.585285013224475,30.350000000000005,-0.87467690860659697,occupied,occupied,1,
87.695006627972816,26.989653681554568,32.100000000000001,0.9209655736849669,26.606859708621847,30.350000000000001,-0.87041133409117699,occupied,occupied,1,
87.745003781124453,27.059139428743215,32.050000000000004,0.88823638766206436,26.629536249121387,30.350000000000001,-0.86520562504927312,occupied,occupied,1,
87.795000934276089,27.140091089596957,32.049999999999997,0.90930343890031695,26.653330967867532,30.349999999999998,-0.85901084767490743,occupied,occupied,1,
87.844998087427726,27.221740997712956,32.049999999999997,0.93298164715467402,26.678258069378472,30.350000000000001,-0.85177987567996594,occupied,occupied,1,
87.894995240579362,27.286614075047133,32.000000000000007,0.9062625888452891,26.704330706547367,30.350000000000005,-0.84346708205574294,occupied,occupied,1,
87.944992393730999,27.349999999999998,31.952034987449185,0.88323203987155829,26.731561985251439,30.349999999999998,-0.8340278935972939,occupied,occupied,1,
87.994989546882636,27.43067511953226,31.950000000000003,0.91147393637357521,26.750000000000004,30.326225961341283,-0.84919660264623587,occupied,occupied,1,
88.044986700034286,27.5,31.920107113793236,0.91176440848384122,26.766934351836664,30.300000000000001,-0.86647413138660501,occupied,occupied,1,
88.094983853185923,27.573651211392075,31.900000000000006,0.92484494554806607,26.796058048028588,30.300000000000004,-0.85410168875821268,occupied,occupied,1,
88.144981006337559,27.632161669319235,31.850000000000001,0.90645797040933473,26.826394166197083,30.300000000000001,-0.84047112634522558,occupied,occupied,1,
88.194978159489196,27.699999999999999,31.81948749277349,0.91166574952274826,26.849999999999998,30.285628885080055,-0.84196540565077993,occupied,occupied,1,
88.244975312640832,27.774358550199466,31.800000000000001,0.93164333687860512,26.861341486793549,30.25,-0.86727304752350665,occupied,occupied,1,
88.294972465792469,27.830643541781033,31.750000000000004,0.91809061544255244,26.893684481218461,30.250000000000004,-0.85049420897789341,occupied,occupied,1,
88.344969618944106,27.885901591094512,31.699999999999999,0.9059052815177302,26.900000000000006,30.208676984484534,-0.88184366168677397,occupied,occupied,1,
88.394966772095742,27.950000000000003,31.663928186415415,0.91210393466528961,26.927356722291073,30.200000000000003,-0.87364101028759655,occupied,occupied,1,
88.444963925247379,28,31.608391790932373,0.89613716600123705,26.950000000000003,30.183928560878041,-0.87349429104760989,occupied,occupied,1,
88.494961078399015,28.085111137194755,31.600000000000001,0.94080236459387589,26.959328653439623,30.150000000000002,-0.8949226150067916,occupied,occupied,1,
88.544958231550652,28.138547893040567,31.550000000000001,0.93497306804910429,26.995594351906444,30.150000000000002,-0.87232956216837998,occupied,occupied,1,
88.594955384702303,28.191054686172677,31.5,0.93031576466462695,26.999999999999996,30.110454983505321,-0.89983357850906664,occupied,occupied,1,
88.644952537853939,28.242706683965547,31.449999999999999,0.92681274653839718,27.029409134437071,30.100000000000001,-0.88828806159645923,occupied,occupied,1,
88.694949691005576,28.293580268665714,31.400000000000002,0.92445274451544723,27.050000000000004,30.078751319311653,-0.88998655202643218,occupied,occupied,1,
88.744946844157212,28.343753340678727,31.350000000000001,0.92323111143231174,27.063695037829444,30.050000000000001,-0.90120010368471437,occupied,occupied,1,
88.794943997308849,28.393305699122994,31.300000000000001,0.92315005418715801,27.100000000000005,30.043332997577124,-0.88013904808194299,occupied,occupied,1,
88.844941150460485,28.44231950847859,31.250000000000004,0.92421893090633267,27.100000000000001,30.00109231198368,-0.90924556998493811,occupied,occupied,1,
88.894938303612122,28.490879862708219,31.200000000000003,0.92645463106456816,27.144860846641706,30.000000000000004,-0.87681107082538323,occupied,occupied,1,
88.944935456763758,28.539075461489681,31.150000000000006,0.92988205873644958,27.150000000000006,29.962690190304045,-0.89747538355912115,occupied,occupied,1,
88.994932609915395,28.586999417353432,31.100000000000005,0.93453474242038148,27.184363531155537,29.950000000000003,-0.87926994090419131,occupied,occupied,1,
89.044929763067032,28.634750217815899,31.050000000000001,0.94045559935808021,27.199999999999999,29.921230084846325,-0.8850935533296278,occupied,occupied,1,
89.094926916218668,28.649999999999999,30.975508918410515,0.90705672257832015,27.225732785112825,29.899999999999999,-0.87767197752795367,occupied,occupied,1,
89.144924069370319,28.700000000000003,30.928136264159573,0.91907500238961803,27.250000000000004,29.87700525886148,-0.87183995659055968,occupied,occupied,1,
89.194921222521955,28.75,30.880474937365751,0.93223838476846099,27.25,29.836537191669695,-0.89527523129270692,occupied,occupied,1,
89.244918375673592,28.799999999999997,30.832436604025226,0.94648373719523915,27.25466286536864,29.800000000000001,-0.91200817857996386,occupied,occupied,1,
89.294915528825229,28.800000000000001,30.7517849632648,0.90231447509006402,27.300000000000001,29.790170794047498,-0.87945481705734674,occupied,occupied,1,
89.344912681976865,28.850000000000001,30.703889356953191,0.91919260651222556,27.300000000000001,29.750927231598734,-0.90032293680145692,occupied,occupied,1,
89.394909835128502,28.89097559936063,30.650000000000002,0.92650644792759895,27.300000000000001,29.712494404944064,-0.92014460154604238,occupied,occupied,1,
89.444906988280138,28.939291783736454,30.600000000000001,0.94338062134492062,27.344627776281655,29.700000000000003,-0.88772650186546032,occupied,occupied,1,
89.494904141431775,28.949999999999999,30.529034109172695,0.91844964458349798,27.350000000000001,29.664834133328181,-0.90002268081759473,occupied,occupied,1,
89.544901294583411,29.000000000000004,30.479459507778618,0.93950692281367765,27.39393118024509,29.649999999999999,-0.86810479678577357,occupied,occupied,1,
89.594898447735048,28.999999999999996,30.40441000257907,0.90568362277798997,27.399999999999995,29.615082413355569,-0.87842344887140555,occupied,occupied,1,
89.644895600886684,29.050000000000004,30.354324847124659,0.9289805520005312,27.400000000000002,29.577638295678263,-0.8946811488633365,occupied,occupied,1,
89.694892754038335,29.092513047574698,30.299999999999997,0.94492333861511846,27.399999999999995,29.540758827398427,-0.91008274611452566,occupied,occupied,1,
89.744889907189972,29.100000000000005,30.230142637025278,0.92377041195312448,27.400000000000006,29.504404093564901,-0.92466039104275399,occupied,occupied,1,
89.794887060341608,29.099999999999998,30.1581250742911,0.89609511040887535,27.449999999999996,29.488819077068573,-0.88448640076044982,occupied,occupied,1,
89.844884213493245,29.150000000000002,30.106461287266029,0.92361045836813316,27.450000000000003,29.452361637796166,-0.89788517748626007,occupied,occupied,1,
89.894881366644881,29.189612516055721,30.049999999999997,0.94090772965185132,27.450000000000003,29.416343729946608,-0.91051658006099312,occupied,occupied,1,
89.944878519796518,29.200000000000003,29.982865148848703,0.92828833311895109,27.500000000000004,29.397938073035,-0.86952691990900421,occupied,occupied,1,
89.994875672948154,29.200000000000003,29.912871698772303,0.90610725370119205,27.500000000000004,29.36171500905537,-0.88100597623689214,occupied,occupied,1,
90.044872826099791,29.25,29.858962467412773,0.93763851984177915,27.5,29.325862585270006,-0.89175905431771207,occupied,occupied,1,
90.094869979251428,29.249999999999996,29.78963020571253,0.91802459226225608,27.499999999999996,29.290367641610928,-0.90180042897283696,occupied,occupied,1,
90.144867132403064,29.300000000000004,29.73433232562676,0.95152951864747082,27.500000000000004,29.255205746992438,-0.91114658802105941,occupied,occupied,1,
90.194864285554701,29.300000000000004,29.665447131771892,0.93440099999008175,27.500000000000004,29.220352506652944,-0.91981291035299928,occupied,occupied,1,
90.244861438706351,29.300000000000004,29.597182406911845,0.91860154117384596,27.550000000000004,29.197212431962409,-0.87652407584047576,occupied,occupied,1,
90.294858591857988,29.300000000000001,29.52948338618619,0.90410177996601937,27.550000000000001,29.161980338001786,-0.88407004914460319,occupied,occupied,1,
90.344855745009625,29.349999999999998,29.47187716634015,0.94178482350659887,27.549999999999997,29.126997908203926,-0.89095675748418368,occupied,occupied,1,
90.394852898161261,29.350000000000005,29.404239138039362,0.92964420027330452,27.550000000000004,29.092243956343307,-0.89719487129308695,occupied,occupied,1,
90.444850051312898,29.350000000000005,29.337018832515422,0.91874940010798734,27.550000000000004,29.057698059770519,-0.90279392742688325,occupied,occupied,1,
90.494847204464534,29.350000000000005,29.270167012664299,0.90908195179035411,27.550000000000008,29.023340457753651,-0.90776238612334226,occupied,occupied,1,
90.544844357616171,29.350000000000005,29.203635581007084,0.90062595338751361,27.550000000000004,28.989151953898229,-0.91210768018851984,occupied,occupied,1,
90.594841510767807,29.400000000000006,29.142440284791807,0.94362366579423063,27.550000000000008,28.955113822067887,-0.91583625677378644,occupied,occupied,1,
90.644838663919444,29.400000000000002,29.075516675204543,0.93747070773928498,27.550000000000001,28.921207715263108,-0.91895361205352755,occupied,occupied,1,
90.69483581707108,29.400000000000002,29.008776173690386,0.93251205469500864,27.600000000000005,28.890695593072426,-0.87135684949927206,occupied,occupied,1,
90.744832970222717,29.399999999999999,28.942172813322436,0.92874133291232264,27.600000000000001,28.856110182931783,-0.87331493045731967,occupied,occupied,1,
90.794830123374368,29.400000000000002,28.875660961556818,0.92615449897258084,27.600000000000001,28.821603508970433,-0.87465704257754162,occupied,occupied,1,
90.844827276526004,29.400000000000002,28.809378328058244,0.9247493938955017,27.600000000000005,28.786983755826878,-0.87538991095438323,occupied,occupied,1,
90.894824429677641,29.400000000000002,28.743644130335412,0.92449340385071133,27.600000000000001,28.751887304674067,-0.87552547102898837,occupied,occupied,1,
90.944821582829277,29.400000000000006,28.678434001149601,0.92533057914126771,27.600000000000001,28.716280171224838,-0.87506724705975458,occupied,occupied,1,
90.994818735980914,29.399999999999999,28.613717178985684,0.92720660539124078,27.599999999999998,28.68014095707689,-0.87401856606731732,occupied,occupied,1,
91.044815889132551,29.400000000000006,28.549465890524264,0.93006902837756666,27.600000000000005,28.643451708841081,-0.87238300539328639,occupied,occupied,1,
91.094813042284187,29.400000000000002,28.485655284362384,0.93386715561537958,27.600000000000001,28.606197688980181,-0.87016457118740553,occupied,occupied,1,
91.144810195435824,29.399999999999999,28.42226335735311,0.93855195212893472,27.600000000000001,28.568367147833058,-0.86736784608819839,occupied,occupied,1,
91.19480734858746,29.399999999999999,28.359270875844707,0.94407593261324985,27.549999999999997,28.534692217067189,-0.9142223876131601,occupied,occupied,1,
91.244804501739097,29.369067248607621,28.300000000000004,0.91928064166442014,27.550000000000004,28.496339822577468,-0.91035182986821916,occupied,occupied,1,
91.294801654890747,29.349999999999998,28.240446181318433,0.90709683572737143,27.550000000000001,28.457364574585966,-0.9059264926768078,occupied,occupied,1,
91.344798808042384,29.350000000000005,28.179165348371313,0.91479170866079507,27.550000000000004,28.417764771797081,-0.90095323071232836,occupied,occupied,1,
91.394795961194021,29.350000000000001,28.118206784273507,0.92314582228757991,27.550000000000004,28.377540647955961,-0.89543990647322536,occupied,occupied,1,
91.444793114345657,29.350000000000001,28.057564109595642,0.93211868562390954,27.550000000000001,28.336694191079776,-0.88939541050308357,occupied,occupied,1,
91.494790267497294,29.333287654845851,28.000000000000004,0.92473084236852632,27.550000000000001,28.295228974238441,-0.88282967035448945,occupied,occupied,1,
91.54478742064893,29.300000000000001,27.94598825507169,0.90099853691103271,27.550000000000001,28.253149997867144,-0.87575365071591382,occupied,occupied,1,
91.594784573800567,29.300000000000004,27.886750258344321,0.91150890979372923,27.500000000000004,28.219712494390425,-0.91902758277691077,occupied,occupied,1,
91.644781726952203,29.300000000000004,27.827815930478994,0.9224808516783074,27.500000000000004,28.176857166107176,-0.91104847292188673,occupied,occupied,1,
91.69477888010384,29.300000000000008,27.769215408906643,0.93387071819266332,27.500000000000007,28.133344875876315,-0.9025906260004618,occupied,occupied,1,
91.744776033255476,29.250000000000004,27.721468488940616,0.89454580184238075,27.500000000000004,28.089180942749984,-0.89366907581816135,occupied,occupied,1,
91.794773186407113,29.250000000000004,27.663941410881034,0.90657312152627467,27.474114594700989,28.050000000000001,-0.91079041034800834,occupied,occupied,1,
91.844770339558764,29.250000000000004,27.606764911008021,0.91889992260428743,27.450000000000003,28.010134434693033,-0.92574285382638832,occupied,occupied,1,
91.8947674927104,29.249809704055387,27.550000000000001,0.9312911567219655,27.450000000000003,27.964374429822438,-0.91560384270344786,occupied,occupied,1,
91.944764645862037,29.200000000000006,27.505323553560658,0.89292184291976318,27.450000000000006,27.917974736579275,-0.90507176075258144,occupied,occupied,1,
91.994761799013673,29.199999999999999,27.449555984366658,0.90585146019394347,27.449999999999999,27.870949317999663,-0.8941686345912061,occupied,occupied,1,
92.04475895216531,29.199999999999996,27.394185125697199,0.9189286836441819,27.399999999999995,27.83557427242231,-0.93439923630056532,occupied,occupied,1,
92.094756105316947,29.156764384488543,27.349999999999998,0.88755891416297106,27.399999999999999,27.787536555208664,-0.9228717914292861,occupied,occupied,1,
92.144753258468583,29.150000000000006,27.297333599325206,0.8938064422624471,27.400000000000006,27.738893385295377,-0.91104120908822062,occupied,occupied,1,
92.19475041162022,29.150000000000002,27.243414612800237,0.90706593578428329,27.400000000000002,27.689663096916224,-0.89893453752014363,occupied,occupied,1,
92.244747564771856,29.150000000000006,27.189950338017834,0.92032975854999532,27.360577910729877,27.649999999999999,-0.9272841364664326,occupied,occupied,1,
92.294744717923493,29.100000000000005,27.14989388925321,0.88191700528552053,27.350000000000005,27.602448471959008,-0.92565198380674074,occupied,occupied,1,
92.344741871075129,29.099999999999998,27.097454326937161,0.89507031331251508,27.349999999999998,27.551620165929837,-0.91290275322025827,occupied,occupied,1,
92.39473902422678,29.100000000000001,27.045509751224092,0.90812898219799432,27.350000000000001,27.500255270413074,-0.89998978802216445,occupied,occupied,1,
92.444736177378417,29.100000000000005,26.993867994450873,0.92111672106526388,27.344544360940066,27.449999999999999,-0.89263103074412364,occupied,occupied,1,
92.494733330530053,29.070187161215991,26.950000000000006,0.90329318927245938,27.300000000000004,27.409872927496195,-0.92565341879947605,occupied,occupied,1,
92.54473048368169,29.050000000000001,26.903656076541218,0.89540564204991002,27.300000000000001,27.358146400764337,-0.91264896299177212,occupied,occupied,1,
92.594727636833326,29.050000000000004,26.852096098695252,0.90836383373680962,27.300000000000004,27.306395774951362,-0.8996428575800135,occupied,occupied,1,
92.644724789984963,29.050000000000004,26.800565600328884,0.92130882544178616,27.300000000000004,27.254622150514116,-0.88663679065569845,occupied,occupied,1,
92.694721943136599,29.046396838156795,26.750000000000004,0.93051661778081729,27.25,27.215791234650414,-0.92528592409072752,occupied,occupied,1,
92.744719096288236,29,26.710552272213867,0.89550150779982751,27.25,27.163965002958111,-0.91228252365994611,occupied,occupied,1,
92.794716249439873,29.000000000000004,26.659105608201234,0.90839968826213668,27.250000000000004,27.11211762550462,-0.89928388134325266,occupied,occupied,1,
92.844713402591509,29.000000000000004,26.607691449476114,0.92127833801313042,27.250000000000004,27.060250235187649,-0.88629170337522467,occupied,occupied,1,
92.894710555743146,29.000000000000004,26.55631089854467,0.93413579456139195,27.200000000000003,27.021279773155801,-0.92494894109675962,occupied,occupied,1,
92.944707708894796,28.949999999999996,26.517864899704367,0.89533314617585269,27.199999999999996,26.969359832725555,-0.91197083338702378,occupied,occupied,1,
92.994704862046433,28.949999999999999,26.466537374557419,0.90814761362714269,27.199999999999999,26.917421815606705,-0.89900395145541123,occupied,occupied,1,
93.044702015198069,28.949999999999999,26.415245187199211,0.92093631405224563,27.199999999999999,26.86546687633475,-0.88605000835533043,occupied,occupied,1,
93.094699168349706,28.950000000000003,26.36398938396049,0.93369761670301543,27.150000000000002,26.826339223423869,-0.92473381169347402,occupied,occupied,1,
93.144696321501343,28.900000000000002,26.325592133675368,0.89481225284641563,27.150000000000002,26.774332002015964,-0.91180543483361354,occupied,occupied,1,
93.194693474652979,28.900000000000002,26.274388776376117,0.90751971520131225,27.150000000000002,26.722309853454739,-0.89889476970830384,occupied,occupied,1,
93.244690627804616,28.899999999999995,26.22319925668419,0.92020167676789455,27.149999999999995,26.670297152345579,-0.88600886696858794,occupied,occupied,1,
93.294687780956252,28.850000000000005,26.184746369452014,0.88126572039922413,27.100000000000005,26.631073786308075,-0.92475425818279688,occupied,occupied,1,
93.344684934107889,28.849999999999998,26.13350403004323,0.89391972265159525,27.099999999999998,26.579113707158928,-0.91192301256627495,occupied,occupied,1,
93.394682087259525,28.850000000000001,26.082245372932771,0.90655932414196705,27.100000000000001,26.527189968771616,-0.8991194106738899,occupied,occupied,1,
93.444679240411162,28.850000000000005,26.030969309999911,0.91918617957478033,27.100000000000005,26.475301408436636,-0.88634172486236429,occupied,occupied,1,
93.494676393562813,28.850000000000001,25.97967475561882,0.93180194257561988,27.050000000000001,26.436126075262962,-0.92517081091455489,occupied,occupied,1,
93.544673546714449,28.800000000000004,25.94102532864359,0.89282925202223429,27.050000000000004,26.384289915534247,-0.91243623925359096,occupied,occupied,1,
93.594670699866086,28.800000000000004,25.889677538171377,0.90543097996979416,27.050000000000004,26.332486991695944,-0.89972281185258718,occupied,occupied,1,
93.644667853017722,28.800000000000004,25.83830950495814,0.91802620394072254,27.050000000000004,26.280716170527015,-0.88702882506525615,occupied,occupied,1,
93.694665006169359,28.750000000000004,25.799550323644333,0.87904603076509713,27.000000000000004,26.24160650197441,-0.92592312819573908,occupied,occupied,1,
93.744662159320995,28.750000000000004,25.748130038769354,0.8916352962092573,27.000000000000004,26.189887991836539,-0.91326084736746105,occupied,occupied,1,
93.794659312472632,28.75,25.69668775785021,0.90422265613450881,27,26.138199714835533,-0.90061329434991477,occupied,occupied,1,
93.844656465624269,28.749999999999996,25.645222397338831,0.91680976838239592,26.999999999999996,26.086540560569102,-0.88797878466112856,occupied,occupied,1,
93.894653618775905,28.725140399078679,25.600000000000001,0.90376088518575415,26.950000000000003,26.047514467771709,-0.92692003603077322,occupied,occupied,1,
93.944650771927542,28.700000000000003,25.554820586017915,0.89042611581370679,26.950000000000003,25.995907690979539,-0.91430595132629644,occupied,occupied,1,
93.994647925079178,28.700000000000003,25.503278406499533,0.90302270944877094,26.950000000000003,25.944328222907924,-0.90170024451227337,occupied,occupied,1,
94.044645078230829,28.699999999999999,25.451722890421067,0.91562204493399058,26.949999999999999,25.8927627313866,-0.88909847119001684,occupied,occupied,1,
94.094642231382466,28.699999999999996,25.400167668664643,0.92822103674711554,26.915070725688203,25.849999999999998,-0.9125183909312915,occupied,occupied,1,
94.144639384534102,28.649999999999999,25.361213299388442,0.88925637474425012,26.899999999999999,25.802232266177441,-0.9154590402360826,occupied,occupied,1,
94.194636537685739,28.649999999999999,25.309658393550929,0.90185472004785727,26.899999999999999,25.750666442519773,-0.90285802697181872,occupied,occupied,1,
94.244633690837375,28.650000000000002,25.258103802550185,0.91445269084973557,26.900000000000002,25.699100613210945,-0.89025730995730856,occupied,occupied,1,
94.294630843989012,28.649999999999999,25.206549533094627,0.92705027690437569,26.890217073467944,25.650000000000002,-0.8877456524255074,occupied,occupied,1,
94.344627997140648,28.600000000000001,25.16759483110889,0.88808448871944068,26.850000000000001,25.608568203690744,-0.91661978492935225,occupied,occupied,1,
94.394625150292285,28.600000000000005,25.116040876302385,0.90068135971370522,26.850000000000005,25.557002049114377,-0.90401993300144312,occupied,occupied,1,
94.444622303443921,28.599999999999998,25.064487254006792,0.91327781746099856,26.849999999999998,25.505435906562926,-0.89142041609248712,occupied,occupied,1,
94.494619456595558,28.600000000000001,25.012933970928561,0.92587385171683989,26.849999999999998,25.453869782743759,-0.87882124445346022,occupied,occupied,1,
94.544616609747209,28.550000000000004,24.973978823790492,0.88690682707785384,26.800000000000004,25.414901474380777,-0.91778505349443984,occupied,occupied,1,
94.594613762898845,28.550000000000001,24.922425854072593,0.89950207772735968,26.800000000000001,25.363335022955262,-0.90518650903901365,occupied,occupied,1,
94.644610916050482,28.550000000000004,24.870873234531597,0.91209687638825288,26.800000000000004,25.31176860122541,-0.8925883383713944,occupied,occupied,1,
94.694608069202118,28.549999999999997,24.819320971871722,0.92469121281721678,26.799999999999997,25.260202215897063,-0.87999055174221186,occupied,occupied,1,
94.744605222353755,28.500000000000004,24.780365267107399,0.88572284145210234,26.750000000000004,25.221232067986456,-0.91895539472113275,occupied,occupied,1,
94.794602375505391,28.500000000000004,24.728813316502265,0.89831632573350073,26.750000000000004,25.169665353759221,-0.90635830387528571,occupied,occupied,1,
94.844599528657028,28.500000000000004,24.677261733730965,0.91090931928875674,26.750000000000004,25.11809868689215,-0.89376162558524996,occupied,occupied,1,
94.894596681808665,28.5,24.625710525495244,0.92350181187588432,26.75,25.066532074089338,-0.88116537010113993,occupied,occupied,1,
94.944593834960301,28.450000000000003,24.586754150597887,0.88453198351258955,26.700000000000003,25.027559974156073,-0.92013135741358165,occupied,occupied,1,
94.994590988111938,28.450000000000006,24.535203253093123,0.89712355541626454,26.700000000000006,24.975993031149279,-0.90753586631371763,occupied,occupied,1,
95.044588141263574,28.449999999999999,24.483652741069236,0.90971459786087361,26.699999999999999,24.924426153160105,-0.89494082653632312,occupied,occupied,1,
95.094585294415225,28.450000000000003,24.432102621225265,0.92230510060595305,26.699999999999999,24.872859346890642,-0.88234624833080666,occupied,occupied,1,
95.144582447566862,28.400000000000006,24.393145463653486,0.88333370497263641,26.650000000000006,24.833885182436379,-0.92131349038517707,occupied,occupied,1,
95.194579600718498,28.399999999999995,24.341595653197142,0.89592321850431311,26.649999999999995,24.782318044643958,-0.90871974516539822,occupied,occupied,1,
95.244576753870135,28.399999999999999,24.290046245857969,0.90851216384917166,26.649999999999999,24.730750989518693,-0.89612649003283495,occupied,occupied,1,
95.294573907021771,28.400000000000002,24.238497248332223,0.92110053076830201,26.600000000000001,24.691775074487108,-0.93509471426485491,occupied,occupied,1,
95.344571060173408,28.350000000000005,24.199539195508248,0.88212745759344413,26.600000000000005,24.640207682261909,-0.92250234245357965,occupied,occupied,1,
95.394568213325044,28.350000000000001,24.147990506005765,0.89471476677590644,26.600000000000001,24.588640383646496,-0.90991048924396623,occupied,occupied,1,
95.444565366476681,28.350000000000001,24.096442237245267,0.90730146904935227,26.600000000000001,24.537073185339111,-0.89731916488401819,occupied,occupied,1,
95.494562519628317,28.350000000000005,24.044894395919837,0.91988755417669821,26.550000000000008,24.498094999697798,-0.93628883487276615,occupied,occupied,1,
95.544559672779954,28.323574721370051,24,0.90522309614645979,26.550000000000004,24.446527462944079,-0.92369846243556886,occupied,occupied,1,
95.594556825931591,28.300000000000004,23.954387800539109,0.89349765206385279,26.550000000000004,24.394960037434046,-0.91110864736065367,occupied,occupied,1,
95.644553979083241,28.299999999999997,23.902840704204745,0.90608196531340512,26.549999999999997,24.343392729863339,-0.89851939989495921,occupied,occupied,1,
95.694551132234878,28.300000000000008,23.851294052914454,0.91866562270274921,26.517527195960962,24.300000000000004,-0.91941661813653275,occupied,occupied,1,
95.744548285386514,28.298998306549091,23.800000000000001,0.93021567271184558,26.5,24.252844513660406,-0.92490239914202654,occupied,occupied,1,
95.794545438538151,28.250000000000004,23.760787525635074,0.89227132626070382,26.500000000000004,24.20127699514682,-0.91231476831908542,occupied,occupied,1,
95.844542591689788,28.250000000000004,23.709241635524837,0.90485310455465928,26.500000000000004,24.149709612193426,-0.89972774386153753,occupied,occupied,1,
95.894539744841424,28.250000000000004,23.657696208054279,0.91743418828103585,26.49261918899872,24.100000000000005,-0.89475232509033709,occupied,occupied,1,
95.944536897993061,28.250000000000004,23.606151249908564,0.93001456720735731,26.450000000000003,24.059158823443813,-0.92611470137290353,occupied,occupied,1,
95.994534051144697,28.200000000000006,23.567189669938621,0.89103524132370882,26.450000000000006,24.007591245777338,-0.91352940091031976,occupied,occupied,1,
96.044531204296334,28.200000000000003,23.515645019798033,0.90361433875272867,26.450000000000003,23.956023821280748,-0.90094474556547433,occupied,occupied,1,
96.09452835744797,28.200000000000003,23.46410084987842,0.91619270291410282,26.450000000000003,23.904456556642931,-0.88836074558224842,occupied,occupied,1,
96.144525510599607,28.199999999999999,23.41255716686106,0.92877032357762368,26.399999999999999,23.865470381171658,-0.92733591791211378,occupied,occupied,1,
96.194522663751258,28.150000000000006,23.373594221890908,0.8897888492798568,26.400000000000006,23.813902778159605,-0.9147530939077827,occupied,occupied,1,
96.244519816902894,28.149999999999995,23.322050845409994,0.90236511995865643,26.399999999999995,23.762335345915123,-0.90217095376917356,occupied,occupied,1,
96.294516970054531,28.150000000000002,23.270507966716188,0.91494061867753973,26.400000000000002,23.71076809112364,-0.8895895077385485,occupied,occupied,1,
96.344514123206167,28.149999999999995,23.218965592486686,0.92751533520866958,26.349999999999998,23.671779175555045,-0.92856659752253512,occupied,occupied,1,
96.394511276357804,28.100000000000005,23.180001169718647,0.88853160223092875,26.350000000000009,23.62021158095844,-0.9159863960622181,occupied,occupied,1,
96.44450842950944,28.099999999999998,23.128459100528801,0.90110490029993306,26.349999999999998,23.568644174714073,-0.90340691721068989,occupied,occupied,1,
96.494505582661077,28.100000000000001,23.076917546676306,0.91367738772498486,26.350000000000001,23.517076963503861,-0.89082817120853541,occupied,occupied,1,
96.544502735812713,28.100000000000001,23.025376514833983,0.92624905428082094,26.299999999999997,23.478085195128084,-0.92980728894091169,occupied,occupied,1,
96.59449988896435,28.050000000000001,22.986410501423048,0.88726295235857011,26.300000000000001,23.42651764265846,-0.91722985609659402,occupied,occupied,1,
96.644497042115987,28.049999999999997,22.934869773094206,0.89983313198545012,26.299999999999997,23.374950296112065,-0.90465318459876631,occupied,occupied,1,
96.694494195267623,28.050000000000004,22.883329577636122,0.91240246229313349,26.300000000000004,23.323383162166987,-0.89207728468616243,occupied,occupied,1,
96.744491348419274,28.050000000000001,22.831789921717068,0.9249709330590703,26.25,23.28438842823704,-0.93105854087288042,occupied,occupied,1,
96.79448850157091,28.000000000000004,22.792822204769266,0.88598235192926933,26.250000000000004,23.232820951553506,-0.91848402270110963,occupied,occupied,1,
96.844485654722547,28,22.741282850806734,0.89854926731064799,26.25,23.181253698349639,-0.90591030460766564,occupied,occupied,1,
96.894482807874184,28,22.689744047230796,0.91111529470682828,26.25,23.12968667529951,-0.89333739682930691,occupied,occupied,1,
96.94447996102582,28.000000000000007,22.638205800704849,0.92368042389816873,26.200000000000006,23.090688863029555,-0.93232090198787287,occupied,occupied,1,
96.994477114177457,27.950000000000003,22.599236267275582,0.88468925329934878,26.200000000000003,23.039121495735849,-0.9197494445281893,occupied,occupied,1,
97.044474267329093,27.950000000000003,22.547698321117096,0.89725275866238829,26.200000000000003,22.987554369462817,-0.90717882587228471,occupied,occupied,1,
97.09447142048073,27.950000000000003,22.496160942842554,0.90981533738402431,26.200000000000003,22.935987490880283,-0.89460905625478415,occupied,occupied,1,
97.144468573632366,27.949999999999999,22.444624139110285,0.92237697924761775,26.149999999999999,22.896986487443911,-0.93359492091410379,occupied,occupied,1,
97.194465726784003,27.922494167700648,22.400000000000002,0.90657664958973472,26.149999999999999,22.845419263085319,-0.92102667018736672,occupied,occupied,1,
97.244462879935639,27.899999999999999,22.354116171215257,0.89594305852409317,26.149999999999999,22.793852297272156,-0.90845929698299632,occupied,occupied,1,
97.29446003308729,27.899999999999995,22.302580251589902,0.90850204284079517,26.149999999999995,22.742285596669745,-0.89589281153331923,occupied,occupied,1,
97.344457186238927,27.899999999999999,22.251044923979649,0.92106005165668536,26.113060251256208,22.699999999999999,-0.92141500269953724,occupied,occupied,1,
97.394454339390563,27.898050329398128,22.200000000000003,0.9316068199598232,26.100000000000001,22.651714241258613,-0.92231624824029701,occupied,occupied,1,
97.4444514925422,27.850000000000005,22.160536388019676,0.89461961948071855,26.100000000000005,22.600147469372036,-0.90975226648065199,occupied,occupied,1,
97.494448645693836,27.849999999999998,22.109001960316942,0.90717486369638811,26.099999999999998,22.548580980199233,-0.89718921118447481,occupied,occupied,1,
97.544445798845473,27.849999999999998,22.05746814208171,0.91972909377938972,26.088114721293625,22.500000000000004,-0.89688153610111931,occupied,occupied,1,
97.59444295199711,27.850000000000001,22.005934939960049,0.93228229952052066,26.050000000000004,22.458006417678572,-0.92361872719577653,occupied,occupied,1,
97.644440105148746,27.800000000000001,21.966958958166746,0.89328189422367754,26.050000000000001,22.406439873120057,-0.91105828285164192,occupied,occupied,1,
97.694437258300383,27.799999999999997,21.915426055582532,0.90583325267814196,26.049999999999997,22.354873628760146,-0.8984988036717112,occupied,occupied,1,
97.744434411452019,27.800000000000004,21.863893779897019,0.91838355837951091,26.050000000000004,22.303307691253131,-0.88594029988243628,occupied,occupied,1,
97.79443156460367,27.800000000000001,21.812362137750537,0.93093280112204846,26,22.264295779523415,-0.92493465550466247,occupied,occupied,1,
97.844428717755306,27.750000000000004,21.773383867999794,0.89192933555597231,26.000000000000004,22.212729495626068,-0.91237789452274298,occupied,occupied,1,
97.894425870906943,27.749999999999996,21.721852523649506,0.90447666262659565,25.999999999999996,22.161163529393164,-0.89982213739725336,occupied,occupied,1,
97.94442302405858,27.75,21.670321823607161,0.91702289833557626,26,22.10959788747385,-0.8872673943518874,occupied,occupied,1,
97.994420177210216,27.75,21.618791774507034,0.9295680324808554,25.949999999999999,22.070582313715953,-0.92626458155487312,occupied,occupied,1,
98.044417330361853,27.700000000000003,21.579811103558495,0.89056139639705256,25.950000000000003,22.019016323741585,-0.913711649856224,occupied,occupied,1,
98.094414483513489,27.700000000000003,21.528281350474149,0.90310454650033256,25.950000000000003,21.967450668877746,-0.90115976069722481,occupied,occupied,1,
98.144411636665126,27.699999999999999,21.476752259084062,0.91564656664586619,25.949999999999999,21.915885355768097,-0.88860892429861416,occupied,occupied,1,
98.194408789816762,27.700000000000006,21.425223836016308,0.92818744663535202,25.900000000000006,21.876866006912959,-0.92760905366640123,occupied,occupied,1,
98.244405942968399,27.650000000000002,21.386240650568141,0.8891775297878588,25.900000000000006,21.825300344049055,-0.91506009714478886,occupied,occupied,1,
98.294403096120035,27.650000000000006,21.334712521695231,0.90171635738107003,25.900000000000002,21.773735033721149,-0.9025122218365268,occupied,occupied,1,
98.344400249271686,27.649999999999999,21.283185071879181,0.91425401643332571,25.899999999999999,21.722170082567139,-0.88996543795926741,occupied,occupied,1,
98.394397402423323,27.650000000000006,21.231658307741675,0.92679049675026781,25.850000000000005,21.683146845494342,-0.92896862008630088,occupied,occupied,1,
98.444394555574959,27.600000000000001,21.192672494428894,0.88777718889577373,25.850000000000001,21.631581542851112,-0.91642378460659613,occupied,occupied,1,
98.494391708726596,27.600000000000001,21.14114602262342,0.90031154847856809,25.850000000000001,21.580016610147833,-0.90388006900390472,occupied,occupied,1,
98.544388861878232,27.599999999999998,21.089620247212935,0.91284470095059345,25.849999999999998,21.528452054016526,-0.89133748349268038,occupied,occupied,1,
98.594386015029869,27.600000000000005,21.038095174812408,0.92537663612157295,25.800000000000004,21.489424815552596,-0.93034382898373635,occupied,occupied,1,
98.644383168181506,27.550000000000001,20.999106620205069,0.88635982701959981,25.800000000000001,21.437859906159865,-0.91780326038024229,occupied,occupied,1,
98.694380321333142,27.550000000000004,20.947581838230573,0.8988895731356098,25.800000000000004,21.386295384088783,-0.90526385030694301,occupied,occupied,1,
98.744377474484779,27.550000000000004,20.896057769963821,0.91141807358494531,25.800000000000004,21.33473125596521,-0.89272560897490294,occupied,occupied,1,
98.794374627636415,27.550000000000004,20.844534422012874,0.9239453181815469,25.750000000000007,21.295699902881925,-0.93173522844489221,occupied,occupied,1,
98.844371780788052,27.522116826280911,20.800000000000004,0.9077257527009216,25.75,21.244135419686238,-0.91919907251980681,occupied,occupied,1,
98.894368933939703,27.500000000000007,20.754019953138993,0.89744988483296029,25.750000000000007,21.192571341170751,-0.90666411376706779,occupied,occupied,1,
98.944366087091339,27.5,20.702497624657855,0.90997358786320837,25.75,21.141007673954984,-0.89413036239425137,occupied,occupied,1,
98.994363240242976,27.5,20.65097603377216,0.92249599650353553,25.707870949800522,21.100000000000001,-0.92502911964938583,occupied,occupied,1,
99.044360393394612,27.497825353161247,20.600000000000001,0.93277524643240706,25.699999999999999,21.050408068827508,-0.92061176898943642,occupied,occupied,1,
99.094357546546249,27.449999999999999,20.560460351606295,0.8959919371953734,25.699999999999999,20.998844466701112,-0.90808140731350984,occupied,occupied,1,
99.144354699697885,27.449999999999999,20.50893979545787,0.90851069745676083,25.699999999999999,20.94728129320978,-0.89555229164627648,occupied,occupied,1,
99.194351852849522,27.450000000000003,20.457419994152335,0.92102812480725504,25.682905422232992,20.900000000000002,-0.90064701317692597,occupied,occupied,1,
99.244349006001158,27.450000000000003,20.405900954285737,0.93354420906993874,25.650000000000002,20.85667783866532,-0.92204189766048372,occupied,occupied,1,
99.294346159152795,27.400000000000006,20.366903017537282,0.89451518399108498,25.650000000000006,20.805114745679781,-0.90951627878378394,occupied,occupied,1,
99.344343312304431,27.400000000000002,20.315384266152815,0.90702885618640494,25.650000000000002,20.753552098624976,-0.89699194452886188,occupied,occupied,1,
99.394340465456068,27.400000000000002,20.263866286839892,0.91954115696314564,25.650000000000002,20.701989904105069,-0.88446890509458154,occupied,occupied,1,
99.444337618607719,27.400000000000002,20.212349086182339,0.93205207615018815,25.600000000000005,20.662944713937755,-0.92349000630234834,occupied,occupied,1,
99.494334771759355,27.350000000000001,20.173347934428083,0.89301907914766465,25.600000000000001,20.61138216274329,-0.91096927590779375,occupied,occupied,1,
99.544331924910992,27.350000000000005,20.121831020147127,0.90552751802731946,25.600000000000005,20.559820074756757,-0.89844986873722543,occupied,occupied,1,
99.594329078062628,27.350000000000001,20.070314895132942,0.91803454699780818,25.600000000000001,20.508258456575167,-0.88593179498551777,occupied,occupied,1,
99.644326231214265,27.350000000000005,20.018799565961473,0.93054015589288031,25.550000000000004,20.469208679045959,-0.92495664258173649,occupied,occupied,1,
99.694323384365902,27.300000000000004,19.979795085400802,0.8915030767459925,25.550000000000004,20.417646702199498,-0.91244094631382355,occupied,occupied,1,
99.744320537517538,27.300000000000004,19.928280040450094,0.90400613711396949,25.550000000000004,20.366085205811494,-0.89992661185898515,occupied,occupied,1,
99.794317690669175,27.300000000000001,19.876765801931679,0.91650774909869781,25.550000000000001,20.314524196471602,-0.88741364940794765,occupied,occupied,1,
99.844314843820811,27.300000000000001,19.825252376413395,0.92900790253892396,25.5,20.275469718034781,-0.92644235405558395,occupied,occupied,1,
99.894311996972448,27.250000000000004,19.786244453170131,0.88996663103061946,25.500000000000004,20.223908347994168,-0.91393183751813567,occupied,occupied,1,
99.944309150124084,27.250000000000004,19.734731309665204,0.90246416774498028,25.5,20.172347475635071,-0.90142272136923762,occupied,occupied,1,
99.994306303275735,27.25,19.683218989727528,0.91496021761901547,25.5,20.120787107539531,-0.88891501579529641,occupied,occupied,1,
100.04430345642737,27.250000000000004,19.631707499916391,0.9274547704966688,25.450000000000003,20.081727814583715,-0.92794768816648521,occupied,occupied,1,
100.09430060957901,27.200000000000003,19.592696020033856,0.88840919641445815,25.450000000000003,20.030167083701478,-0.91544249692024615,occupied,occupied,1,
100.14429776273064,27.199999999999999,19.541184809983601,0.9009010643870996,25.449999999999999,19.978606867706372,-0.90293874462655677,occupied,occupied,1,
100.19429491588228,27.199999999999999,19.489674440594431,0.91339140708218647,25.449999999999999,19.927047173151962,-0.89043644146235801,occupied,occupied,1,
100.24429206903392,27.200000000000003,19.438164918427827,0.92588021434633916,25.400000000000006,19.887982951997959,-0.92947319223821201,occupied,occupied,1,
100.29428922218555,27.149999999999999,19.399149761397581,0.8868302290630532,25.399999999999999,19.836422899233487,-0.91697347341481283,occupied,occupied,1,
100.34428637533719,27.150000000000006,19.34763978606324,0.89931647498326706,25.400000000000006,19.784864106425438,-0.90447539391851572,occupied,occupied,1,
100.39428352848883,27.150000000000002,19.296129422540293,0.91180153113950346,25.400000000000002,19.733307030930128,-0.89197901573349592,occupied,occupied,1,
100.44428068164046,27.150000000000002,19.244618627077177,0.92428546468532735,25.350000000000001,19.694241143228965,-0.93102054970439141,occupied,occupied,1,
100.4942778347921,27.122403593487778,19.199999999999999,0.9083241835347079,25.350000000000001,19.642686156473118,-0.91852707788241139,occupied,occupied,1,
100.54427498794375,27.100000000000005,19.154082711208254,0.89771452830553256,25.350000000000005,19.591132815665176,-0.90603512001205033,occupied,occupied,1,
100.59427214109539,27.100000000000001,19.102569263486345,0.91019576197831609,25.350000000000001,19.539581076974311,-0.89354460878684516,occupied,occupied,1,
100.64426929424702,27.100000000000001,19.051055269060679,0.92267612702781088,25.302066134524686,19.5,-0.9304610929484054,occupied,occupied,1,
100.69426644739866,27.098160388698165,19.000000000000004,0.93325960496418059,25.300000000000008,19.448966274945366,-0.92010260990948656,occupied,occupied,1,
100.7442636005503,27.050000000000008,18.960508595860976,0.89609978833904602,25.300000000000004,19.397418166249526,-0.90761581360520494,occupied,occupied,1,
100.79426075370193,27.050000000000001,18.908991845645829,0.90857815708985512,25.300000000000001,19.345871544676164,-0.89513020942199162,occupied,occupied,1,
100.84425790685357,27.050000000000004,18.857474434078014,0.92105591119711072,25.277271798646989,19.300000000000004,-0.90607138386661068,occupied,occupied,1,
100.89425506000521,27.050000000000004,18.805956317475886,0.93353311780008552,25.250000000000004,19.255263338461546,-0.92169646343966272,occupied,occupied,1,
100.94425221315684,27.000000000000004,18.766917529677698,0.89447585200527013,25.250000000000004,19.203720242685201,-0.90921386911937896,occupied,occupied,1,
100.99424936630848,27,18.715397259044146,0.90695231344831928,25.25,19.152178519192248,-0.89673221251972379,occupied,occupied,1,
101.04424651946013,27.000000000000004,18.663876212489246,0.91942841423571775,25.250000000000004,19.10063812426182,-0.88425142641650667,occupied,occupied,1,
101.09424367261177,27.000000000000004,18.612354346347868,0.93190422150866603,25.200000000000003,19.06157743326218,-0.92330503402474151,occupied,occupied,1,
101.1442408257634,26.950000000000003,18.573309603480276,0.89284631671630343,25.200000000000003,19.010039131767574,-0.91082568253357166,occupied,occupied,1,
101.19423797891504,26.949999999999996,18.521785594747715,0.90532182856497234,25.199999999999996,18.958502087843325,-0.89834701447183318,occupied,occupied,1,
101.24423513206668,26.950000000000003,18.470260695572268,0.91779723376935785,25.200000000000003,18.906966257796171,-0.88586896264207726,occupied,occupied,1,
101.29423228521831,26.950000000000003,18.418734862296297,0.93027259947736907,25.150000000000002,18.867908647528253,-0.92492471869113346,occupied,occupied,1,
101.34422943836995,26.900000000000002,18.379684908786469,0.89121478050311176,25.150000000000002,18.816374922111297,-0.91244765125556992,occupied,occupied,1,
101.39422659152159,26.899999999999999,18.328156944393882,0.90369030061657463,25.149999999999999,18.764842339644517,-0.89997101305215355,occupied,occupied,1,
101.44422374467322,26.900000000000006,18.276627975050559,0.91616596813591866,25.150000000000006,18.713310856453312,-0.88749473690541802,occupied,occupied,1,
101.49422089782486,26.899999999999995,18.225097957097653,0.92864185022046075,25.099999999999998,18.674257070916937,-0.92655191581232865,occupied,occupied,1,
101.5442180509765,26.849999999999998,18.186043537341561,0.88958484214350786,25.099999999999998,18.622727703682127,-0.91407617399354701,occupied,occupied,1,
101.59421520412815,26.850000000000005,18.13451139972231,0.90206132857335253,25.100000000000005,18.571199364836851,-0.90160060728820901,occupied,occupied,1,
101.64421235727978,26.850000000000005,18.082978142624917,0.91453821651331646,25.100000000000005,18.51967201071631,-0.88912514853810642,occupied,occupied,1,
101.69420951043142,26.850000000000001,18.031443722380569,0.92701557313890603,25.050000000000001,18.480622794093275,-0.92818302498062977,occupied,occupied,1,
101.74420666358306,26.800000000000001,17.992385580650094,0.88796010129009117,25.050000000000001,18.429097567328682,-0.91570765062786119,occupied,occupied,1,
101.79420381673469,26.800000000000004,17.940849052106863,0.90043851232687055,25.050000000000004,18.377573254419186,-0.90323219733310878,occupied,occupied,1,
101.84420096988633,26.799999999999997,17.889311289505322,0.91291757904743909,25.049999999999997,18.326049811701047,-0.89075659795064299,occupied,occupied,1,
101.89419812303797,26.800000000000001,17.837772249157815,0.92539736864818722,25,18.287005908262174,-0.92981444687916459,occupied,occupied,1,
101.9441952761896,26.750000000000007,17.798711129507641,0.88634415859818072,25.000000000000007,18.235484604314227,-0.91733848208299529,occupied,occupied,1,
101.99419242934124,26.750000000000004,17.747169992087386,0.8988254528181111,25.000000000000004,18.183964099679933,-0.90486218433738397,occupied,occupied,1,
102.04418958249288,26.75,17.69562750594261,0.91130765698020011,25,18.132444350687788,-0.89238548650433691,occupied,occupied,1,
102.09418673564451,26.75,17.644083627357958,0.92379083830648334,24.949999999999999,18.093406504699928,-0.93144258315370254,occupied,occupied,1,
102.14418388879616,26.720110115564047,17.600000000000001,0.90546789001964478,24.950000000000003,18.041888905848371,-0.91896507019951068,occupied,occupied,1,
102.1941810419478,26.699999999999996,17.55347430890161,0.89722575216545086,24.949999999999996,17.990371991728797,-0.90648697032107817,occupied,occupied,1,
102.24417819509944,26.699999999999999,17.501926880760429,0.90971205277759304,24.949999999999999,17.93885571865297,-0.89400821638337813,occupied,occupied,1,
102.29417534825107,26.700000000000003,17.450377945357292,0.92219958494274723,24.900000000000002,17.899824674285945,-0.93306383628472511,occupied,occupied,1,
102.34417250140271,26.695304442125327,17.400000000000002,0.92984867250822456,24.899999999999995,17.848310562618842,-0.92058381760606511,occupied,occupied,1,
102.39416965455435,26.649999999999995,17.359762090016986,0.8956430137930006,24.899999999999995,17.796797021028336,-0.90810295804563257,occupied,occupied,1,
102.44416680770598,26.649999999999999,17.308209500887127,0.90813437025804977,24.899999999999999,17.74528400580078,-0.89562119046671662,occupied,occupied,1,
102.49416396085762,26.649999999999999,17.25665528951183,0.92062721278504323,24.875064016658861,17.700000000000003,-0.90884054513719259,occupied,occupied,1,
102.54416111400926,26.650000000000006,17.20509941208066,0.93312160867222316,24.850000000000005,17.654749664322715,-0.92219112759121991,occupied,occupied,1,
102.59415826716089,26.600000000000001,17.166033420662458,0.89408084255904019,24.850000000000001,17.603239276925365,-0.90970655088581354,occupied,occupied,1,
102.64415542031253,26.600000000000005,17.114475450887419,0.90657821472096822,24.850000000000005,17.551729301094422,-0.89722081219994909,occupied,occupied,1,
102.69415257346418,26.600000000000001,17.062915743688755,0.91907732758927974,24.850000000000001,17.500219693071436,-0.88473384438679348,occupied,occupied,1,
102.74414972661582,26.600000000000005,17.011354255199521,0.93157824850355853,24.800000000000004,17.461206299197737,-0.92378340397537961,occupied,occupied,1,
102.79414687976745,26.550000000000004,16.972288383360077,0.89254284488480007,24.800000000000004,17.409698847182096,-0.91129415270145364,occupied,occupied,1,
102.84414403291909,26.549999999999997,16.920724812494029,0.90504719307556247,24.799999999999997,17.358191691787273,-0.89880348546702882,occupied,occupied,1,
102.89414118607073,26.550000000000004,16.869159388798121,0.91755353676808238,24.800000000000004,17.30668478920931,-0.88631133511256055,occupied,occupied,1,
102.94413833922236,26.550000000000008,16.81759206834014,0.93006194334799397,24.750000000000007,17.267680553553308,-0.9253570509822594,occupied,occupied,1,
102.994135492374,26.500000000000004,16.778527057456486,0.89103262888363854,24.750000000000004,17.216175817507025,-0.9128621677089388,occupied,occupied,1,
103.04413264552564,26.500000000000004,16.726957664138983,0.90354491397023551,24.750000000000004,17.164671262953526,-0.90036561446158814,occupied,occupied,1,
103.09412979867727,26.499999999999996,16.675386302324078,0.91605944952022822,24.699999999999996,17.12567486156912,-0.93940808902281459,occupied,occupied,1,
103.14412695182891,26.5,16.62381292800546,0.92857630297015425,24.700000000000003,17.074172511300851,-0.9269084731102103,occupied,occupied,1,
103.19412410498055,26.449999999999999,16.584749518653929,0.88955380449063526,24.699999999999999,17.022670271085271,-0.91440700035242783,occupied,occupied,1,
103.2441212581322,26.449999999999999,16.533174080484663,0.90207498792212282,24.699999999999999,16.971168097018573,-0.90190360355825028,occupied,occupied,1,
103.29411841128383,26.449999999999999,16.481596557855902,0.91459867696042996,24.649999999999999,16.932182213388728,-0.94094098388542335,occupied,occupied,1,
103.34411556443547,26.450000000000003,16.430016906678226,0.92712493909779214,24.650000000000002,16.880682253484025,-0.92843407500323927,occupied,occupied,1,
103.39411271758711,26.399999999999999,16.390955838541057,0.88810998359262372,24.649999999999999,16.829182288108573,-0.91592505517479128,occupied,occupied,1,
103.44410987073874,26.400000000000006,16.339374131954656,0.9006410274473986,24.650000000000006,16.777682273289006,-0.90341385718332501,occupied,occupied,1,
103.49410702389038,26.400000000000006,16.287790224618522,0.91317483224972851,24.600000000000009,16.738707649043754,-0.94244542083285765,occupied,occupied,1,
103.54410417704202,26.399999999999999,16.236204072351494,0.92571146555226924,24.599999999999998,16.687209857808341,-0.92993026132162915,occupied,occupied,1,
103.59410133019365,26.350000000000001,16.197146084123506,0.88670478015881771,24.600000000000001,16.635711945304966,-0.91741273668808454,occupied,occupied,1,
103.64409848334529,26.350000000000005,16.145557884263837,0.89924664719204239,24.600000000000005,16.584213867481772,-0.90489277968518556,occupied,occupied,1,
103.69409563649693,26.350000000000005,16.09396736700285,0.91179153072636632,24.600000000000005,16.532715580264508,-0.89237032305513309,occupied,occupied,1,
103.74409278964856,26.349999999999998,16.042374488058719,0.92433949837973084,24.549999999999997,16.493755398170226,-0.93139343661201812,occupied,occupied,1,
103.79408994280021,26.313237728690773,16.000000000000004,0.89898959291061686,24.550000000000004,16.442259315467496,-0.91886644924353578,occupied,occupied,1,
103.84408709595185,26.300000000000008,15.951725397948293,0.89789546406325682,24.550000000000004,16.390762951253073,-0.90633677520414113,occupied,occupied,1,
103.89408424910349,26.300000000000001,15.900128044095302,0.91045239003749501,24.550000000000001,16.339266261363054,-0.89380434719950397,occupied,occupied,1,
103.94408140225512,26.300000000000001,15.848528211403311,0.92301265598282622,24.50127072003081,16.300000000000001,-0.93150986976798755,occupied,occupied,1,
103.99407855540676,26.287755084774659,15.800000000000001,0.92295142114982309,24.5,16.24882446698264,-0.92028259690103364,occupied,occupied,1,
104.0440757085584,26.25,15.757876727894725,0.89659109736156228,24.5,16.197329591726625,-0.90774224754177335,occupied,occupied,1,
104.09407286171003,26.25,15.706272309207202,0.90916103027137607,24.5,16.145834274154947,-0.89519888976362672,occupied,occupied,1,
104.14407001486167,26.250000000000007,15.654665294087669,0.9217345592532632,24.477465813056462,16.100000000000001,-0.9058869672597154,occupied,occupied,1,
104.19406716801331,26.250000000000004,15.603055637993847,0.9343117520926183,24.450000000000003,16.055407463357902,-0.92165758329797187,occupied,occupied,1,
104.24406432116494,26.200000000000003,15.564011922868943,0.89533716891372528,24.450000000000003,16.003913851020894,-0.90910560002958707,occupied,occupied,1,
104.29406147431659,26.200000000000003,15.51240020940303,0.90792107409058753,24.450000000000003,15.952419679336023,-0.89655035375749936,occupied,occupied,1,
104.34405862746823,26.199999999999999,15.460785781441553,0.9205088317050717,24.399999999999999,15.913500307402222,-0.93554893733548061,occupied,occupied,1,
104.39405578061987,26.200000000000003,15.409168594312616,0.93310050962385971,24.400000000000002,15.862008362748696,-0.92298781151747045,occupied,occupied,1,
104.4440529337715,26.149999999999999,15.37013102504401,0.89413730320643614,24.399999999999999,15.810515785775895,-0.91042323539704362,occupied,occupied,1,
104.49405008692314,26.150000000000006,15.318511785028576,0.90673614686585724,24.400000000000002,15.759022531997376,-0.89785514154130253,occupied,occupied,1,
104.54404724007478,26.150000000000002,15.266889711949872,0.9193390996088745,24.350000000000001,15.720118238178561,-0.93684410713216004,occupied,occupied,1,
104.59404439322641,26.150000000000002,15.215264760997497,0.93194622938828464,24.350000000000001,15.668627217484369,-0.92426968395579956,occupied,occupied,1,
104.64404154637805,26.100000000000005,15.176234069527565,0.89299512752094867,24.350000000000001,15.617135446679034,-0.91169155563878013,occupied,occupied,1,
104.69403869952968,26.100000000000001,15.1246070692379,0.90560987681099681,24.350000000000001,15.565642881150795,-0.89910965469235238,occupied,occupied,1,
104.74403585268132,26.099999999999998,15.07297711677953,0.91822899212689157,24.300000000000001,15.526754400809631,-0.93808828234472563,occupied,occupied,1,
104.79403300583296,26.100000000000005,15.021344167194703,0.93085254151242069,24.300000000000008,15.475264073593442,-0.92549960218904759,occupied,occupied,1,
104.84403015898461,26.050000000000001,14.98232108388838,0.8919142720685973,24.300000000000001,15.423772877990098,-0.91290696188107723,occupied,occupied,1,
104.89402731213625,26.050000000000001,14.930686087519746,0.90454589511873229,24.300000000000001,15.372280769253594,-0.90031029387129957,occupied,occupied,1,
104.94402446528788,26.050000000000001,14.879048019305626,0.91718214144913468,24.25,15.333408836409292,-0.93927786407727276,occupied,occupied,1,
104.99402161843952,26.049999999999997,14.827406834132091,0.92982307919946927,24.249999999999996,15.281918970327785,-0.92667396683889547,occupied,occupied,1,
105.04401877159115,26,14.788392087682031,0.89089837012746831,24.25,15.230428117065241,-0.91406585424731845,occupied,occupied,1,
105.09401592474279,26.000000000000004,14.736748857223066,0.90354783609753409,24.250000000000004,15.178936231732413,-0.90145345868744986,occupied,occupied,1,
105.14401307789443,26.000000000000007,14.685102434636907,0.91620218293046773,24.200000000000006,15.140081578965392,-0.94040925239300432,occupied,occupied,1,
105.19401023104606,26.000000000000004,14.633452774644395,0.92886147886676806,24.200000000000003,15.08859193968604,-0.92778917743742817,occupied,occupied,1,
105.2440073841977,25.950000000000003,14.594447091975773,0.88995105817997544,24.200000000000003,15.037101193880051,-0.91516463172266382,occupied,occupied,1,
105.29400453734934,25.950000000000003,14.542795387081656,0.90261933730960431,24.200000000000003,14.985609296506027,-0.9025355475630753,occupied,occupied,1,
105.34400169050097,25.950000000000003,14.491140369139911,0.91529275522893905,24.150000000000006,14.946772654862023,-0.94147884617828659,occupied,occupied,1,
105.39399884365262,25.950000000000003,14.439481992697225,0.92797138028431858,24.150000000000006,14.895283005935658,-0.92884163229104078,occupied,occupied,1,
105.44399599680426,25.901918929511233,14.4,0.89105551705482566,24.149999999999995,14.843792130551504,-0.91619969201754925,occupied,occupied,1,
105.4939931499559,25.899999999999999,14.348825676737766,0.90176403971001606,24.149999999999999,14.79229998350702,-0.90355295759668097,occupied,occupied,1,
105.54399030310753,25.899999999999995,14.297161819962565,0.91445750044525298,24.113735415316501,14.750000000000002,-0.92831312657106646,occupied,occupied,1,
105.59398745625917,25.900000000000006,14.245494482910416,0.92715642671461362,24.100000000000005,14.701992185134221,-0.92982772834315519,occupied,occupied,1,
105.64398460941081,25.875655712079141,14.199999999999999,0.91474531364097422,24.100000000000005,14.650500940858873,-0.91716743143014312,occupied,occupied,1,
105.69398176256244,25.850000000000005,14.154839716264735,0.9009855877871209,24.100000000000005,14.599008304202368,-0.90450208442515767,occupied,occupied,1,
105.74397891571408,25.850000000000005,14.103166774556492,0.91370006426346806,24.090210143223665,14.550000000000001,-0.90193213179748943,occupied,occupied,1,
105.79397606886572,25.850000000000001,14.05149023008001,0.92642026505368458,24.050000000000001,14.50871948464923,-0.93074386103585482,occupied,occupied,1,
105.84397322201735,25.84925246976368,14.000000000000002,0.93837496931722142,24.050000000000004,14.457227629763304,-0.91806424470775294,occupied,occupied,1,
105.89397037516899,25.800000000000008,13.960837485688584,0.90028762970416065,24.050000000000008,14.405734261112864,-0.90537932208482341,occupied,occupied,1,
105.94396752832064,25.800000000000004,13.909155210198334,0.91302409609298862,24.050000000000004,14.354239333097272,-0.89268902521302851,occupied,occupied,1,
105.99396468147228,25.800000000000001,13.857469208699376,0.92576654597348573,24,14.315464902676968,-0.93158642417031889,occupied,occupied,1,
106.04396183462391,25.799999999999997,13.805779435107837,0.93851504807554098,23.999999999999996,14.263972192926328,-0.91888652490681011,occupied,occupied,1,
106.09395898777555,25.750000000000004,13.766818954508379,0.8996738174423643,24.000000000000004,14.212477847331197,-0.90618106287112954,occupied,occupied,1,
106.14395614092719,25.75,13.715127093509931,0.91243324921199553,24,14.160981820100432,-0.89346997001739914,occupied,occupied,1,
106.19395329407882,25.75,13.663431382479063,0.92519892406568105,23.949999999999999,14.122228427759913,-0.93235180976595244,occupied,occupied,1,
106.24395044723046,25.750000000000004,13.611731775119567,0.93797091086067097,23.950000000000003,14.070734616227098,-0.91963066325170773,occupied,occupied,1,
106.2939476003821,25.700000000000003,13.572784081215641,0.89914780694535645,23.950000000000003,14.019239046038972,-0.90690369719714836,occupied,occupied,1,
106.34394475353373,25.700000000000003,13.521082379977237,0.91193118091233716,23.950000000000003,13.967741671204822,-0.89417084345946618,occupied,occupied,1,
106.39394190668537,25.699999999999999,13.469376703865517,0.92472105798685089,23.899999999999999,13.929010038302954,-0.93303640791823161,occupied,occupied,1,
106.44393905983701,25.700000000000006,13.417667006362848,0.93751750715865256,23.900000000000006,13.877514875278063,-0.92029304899228859,occupied,occupied,1,
106.49393621298866,25.650000000000006,13.378732812812128,0.89871325826515691,23.900000000000006,13.826017830021966,-0.90754361345060364,occupied,occupied,1,
106.54393336614029,25.650000000000006,13.327021013468077,0.91152155264580292,23.900000000000006,13.774518856335364,-0.89478803304843124,occupied,occupied,1,
106.59393051929193,25.649999999999995,13.275305113557613,0.92433661060549788,23.849999999999998,13.735809702087261,-0.93363660665487491,occupied,occupied,1,
106.64392767244357,25.599999999999998,13.236383062687166,0.8855465965335626,23.849999999999998,13.684312934941415,-0.92087006926027015,occupied,occupied,1,
106.6939248255952,25.600000000000001,13.184665365930933,0.89837376473607444,23.850000000000001,13.632813876533215,-0.90809712834663503,occupied,occupied,1,
106.74392197874684,25.600000000000001,13.132951710606845,0.91120565997088576,23.850000000000001,13.58130470275408,-0.89531597166472243,occupied,occupied,1,
106.79391913189848,25.600000000000001,13.081246039750386,0.92404078035037041,23.800000000000004,13.54259755374917,-0.93414253123892754,occupied,occupied,1,
106.84391628505011,25.550000000000001,13.042368753089558,0.88526108785937763,23.800000000000001,13.491066866081617,-0.92134622879873684,occupied,occupied,1,
106.89391343820175,25.550000000000004,12.990684430432244,0.89809960222235674,23.800000000000004,13.439523175808432,-0.90854264774050453,occupied,occupied,1,
106.94391059135339,25.550000000000001,12.939008845647637,0.91093943466483795,23.800000000000001,13.387966934128727,-0.89573246836919007,occupied,occupied,1,
106.99390774450502,25.550000000000001,12.887342452927992,0.92377989969251273,23.75,13.34922876823703,-0.93453626508401955,occupied,occupied,1,
107.04390489765667,25.5,12.848518075062449,0.88499987343180631,23.75,13.297650972637379,-0.92171547760832173,occupied,occupied,1,
107.09390205080831,25.500000000000007,12.796873014006399,0.89783915412629223,23.750000000000007,13.246061373965087,-0.90888998515341135,occupied,occupied,1,
107.14389920395995,25.5,12.74523789944279,0.91067716366684337,23.75,13.194460425295421,-0.8960604702284094,occupied,occupied,1,
107.19389635711158,25.500000000000007,12.693613185550737,0.92351321773373807,23.722141587492093,13.149999999999999,-0.91198929093474657,occupied,occupied,1,
107.24389351026322,25.468832728377286,12.650000000000002,0.90416885123426005,23.699999999999999,13.104061348034376,-0.92201321218587895,occupied,occupied,1,
107.29389066341486,25.449999999999996,12.60323098256201,0.89755582841062809,23.699999999999996,13.052428221533109,-0.90917551838647126,occupied,occupied,1,
107.34388781656649,25.450000000000003,12.551638736229243,0.91038227642387071,23.700000000000003,13.00078495157701,-0.89633638533872473,occupied,occupied,1,
107.39388496971813,25.450000000000006,12.500058096800471,0.92320418695260653,23.696617453273099,12.950000000000003,-0.8869886401852527,occupied,occupied,1,
107.44388212286977,25.444112558921695,12.450000000000001,0.92994275964108264,23.649999999999999,12.9102978059867,-0.92227589491262008,occupied,occupied,1,
107.4938792760214,25.399999999999999,12.409758174742883,0.8972131284605307,23.649999999999999,12.85862354761068,-0.90943573696953617,occupied,occupied,1,
107.54387642917305,25.399999999999995,12.358211180194022,0.91001830251241156,23.649999999999995,12.80694035406899,-0.89659672883392183,occupied,occupied,1,
107.59387358232469,25.400000000000006,12.306676993019385,0.92281636466176276,23.650000000000006,12.755248679371306,-0.88375955618867463,occupied,occupied,1,
107.64387073547633,25.399999999999995,12.255156064078825,0.93560663502471375,23.599999999999998,12.716360203423042,-0.9225400917297264,occupied,occupied,1,
107.69386788862796,25.349999999999998,12.216454353785902,0.89677466597273925,23.599999999999998,12.664647211726008,-0.90970722928901993,occupied,occupied,1,
107.7438650417796,25.349999999999998,12.164954967317561,0.90954888451083016,23.599999999999998,12.612926491517298,-0.89687810999900486,occupied,occupied,1,
107.79386219493124,25.350000000000001,12.113469579541666,0.9223134258588227,23.599999999999998,12.56119849576816,-0.88405342016812805,occupied,occupied,1,
107.84385934808287,25.350000000000001,12.061998638386513,0.93506761288246232,23.550000000000004,12.522248392407773,-0.92284245923529973,occupied,occupied,1,
107.89385650123451,25.300000000000004,12.023319159341533,0.89620417375340744,23.550000000000004,12.470499055784012,-0.91002666968336265,occupied,occupied,1,
107.94385365438615,25.300000000000001,11.971869697192465,0.90893779076301762,23.550000000000001,12.418743192293793,-0.89721721936874688,occupied,occupied,1,
107.99385080753778,25.300000000000001,11.92043541251341,0.921659175951554,23.550000000000001,12.366981252980716,-0.88441479474805496,occupied,occupied,1,
108.04384796068942,25.300000000000004,11.869016749406972,0.93436765540580202,23.500000000000004,12.327962172189244,-0.92321973179642614,occupied,occupied,1,
108.09384511384107,25.25,11.830352059313061,0.89546551835879673,23.5,12.276178856153591,-0.91043080557042744,occupied,occupied,1,
108.14384226699271,25.250000000000004,11.778954784874438,0.90814892796767788,23.500000000000004,12.224390206525513,-0.89765081587477591,occupied,occupied,1,
108.19383942014434,25.250000000000007,11.727573850758413,0.92081756329096309,23.500000000000007,12.17259667153478,-0.88488044883945882,occupied,occupied,1,
108.24383657329598,25.25,11.676209696349261,0.93347075410288782,23.449999999999999,12.133501241431979,-0.92370870873966204,occupied,occupied,1,
108.29383372644762,25.200000000000003,11.637552301772081,0.89452271251257587,23.450000000000003,12.081686275951954,-0.9109564446700289,occupied,occupied,1,
108.34383087959925,25.200000000000003,11.586209412822903,0.90714635352644213,23.450000000000003,12.029867158434163,-0.89821571410455492,occupied,occupied,1,
108.39382803275089,25.200000000000003,11.534884007747394,0.91975269144558569,23.450000000000003,11.978044333412369,-0.88548720237558998,occupied,occupied,1,
108.44382518590253,25.200000000000006,11.483576520321011,0.93234106019196994,23.400000000000006,11.938865150689407,-0.92434624168272406,occupied,occupied,1,
108.49382233905416,25.150000000000006,11.44491886700852,0.89333992723259992,23.400000000000006,11.887020817582814,-0.91164044238408803,occupied,occupied,1,
108.5438194922058,25.150000000000002,11.393632482990551,0.90589428758379353,23.400000000000006,11.83517349894332,-0.89894877173427379,occupied,occupied,1,
108.59381664535744,25.149999999999999,11.34236470373024,0.9184288311498654,23.399999999999999,11.783323634731021,-0.88627191380187043,occupied,occupied,1,
108.64381379850909,25.149999999999999,11.291115956506719,0.93094289645331962,23.349999999999994,11.744053255174915,-0.92516922206884722,occupied,occupied,1,
108.69381095166072,25.109751941842489,11.25,0.90193659816814331,23.350000000000001,11.692181775587221,-0.91251968939567496,occupied,occupied,1,
108.74380810481236,25.099999999999994,11.201222569122658,0.90435712469110852,23.349999999999998,11.640308458612058,-0.89988687719685534,occupied,occupied,1,
108.793805257964,25.100000000000001,11.150014418092784,0.91681043185861,23.350000000000001,11.588433738763618,-0.8872714678170881,occupied,occupied,1,
108.84380241111563,25.100000000000005,11.098826386585699,0.92924076866934158,23.300000000000004,11.549064667891184,-0.92621456896423104,occupied,occupied,1,
108.89379956426727,25.090625347096839,11.049999999999999,0.93198492869237359,23.300000000000004,11.497168189866722,-0.91363109954707233,occupied,occupied,1,
108.94379671741891,25.050000000000004,11.008977869329437,0.90249944502698054,23.300000000000004,11.445271000955474,-0.901066937644879,occupied,occupied,1,
108.99379387057054,25.050000000000001,10.957831242002083,0.91486213283949402,23.300000000000001,11.393373529359803,-0.88852276342552527,occupied,occupied,1,
109.04379102372218,25.050000000000001,10.906705791453945,0.92719937658462159,23.265690748280004,11.35,-0.91135148240841901,occupied,occupied,1,
109.09378817687382,25.050000000000004,10.855601927015826,0.93951052695268589,23.250000000000004,11.301978799340759,-0.91501159805596211,occupied,occupied,1,
109.14378533002545,25,10.816896158997185,0.90028602510547795,23.25,11.250059776214513,-0.90252586726732376,occupied,occupied,1,
109.1937824831771,25,10.765812831406611,0.91254877373559695,23.25,11.1981415648319,-0.8900627023582165,occupied,occupied,1,
109.24377963632874,25.000000000000004,10.714751704317445,0.92478362431762939,23.234687385948405,11.150000000000002,-0.89339395343000616,occupied,occupied,1,
109.29377678948038,25.000000000000004,10.663713177698964,0.93698993356949323,23.200000000000003,11.106611996102977,-0.91669811012709213,occupied,occupied,1,
109.34377394263201,24.949999999999999,10.624974744107478,0.89768184790450567,23.199999999999999,11.054673075640437,-0.90430057601705138,occupied,occupied,1,
109.39377109578365,24.949999999999996,10.573956360461626,0.90983540452943723,23.199999999999996,11.002736032371498,-0.89192817792058499,occupied,occupied,1,
109.44376824893529,24.949999999999996,10.522961164227729,0.92195863015572455,23.199999999999996,10.95080127703916,-0.87958158924835539,occupied,occupied,1,
109.49376540208692,24.950000000000003,10.47198954514907,0.93405088793551483,23.150000000000002,10.911065780143398,-0.91872755001565931,occupied,occupied,1,
109.54376255523856,24.900000000000002,10.433210415036797,0.89465211234577746,23.150000000000002,10.859108786361725,-0.90642795880520455,occupied,occupied,1,
109.59375970839019,24.900000000000002,10.382258475452641,0.90668729484063126,23.150000000000002,10.807154703064906,-0.89415606432171724,occupied,occupied,1,
109.64375686154183,24.899999999999999,10.331330670133983,0.91868973566553636,23.149999999999999,10.755203931911536,-0.88191253636733569,occupied,occupied,1,
109.69375401469347,24.899999999999999,10.280427377741713,0.93065880479918872,23.100000000000001,10.715337714706507,-0.92113681059653663,occupied,occupied,1,
109.74375116784512,24.850000000000005,10.241599400912536,0.8911622420593186,23.100000000000005,10.663364346904121,-0.90894488521596739,occupied,occupied,1,
109.79374832099676,24.850000000000001,10.190715249294705,0.90306994248974259,23.100000000000001,10.611394887579797,-0.89678320653872157,occupied,occupied,1,
109.84374547414839,24.850000000000005,10.139856135530136,0.91494251405119542,23.100000000000005,10.559429728478861,-0.88465244034823853,occupied,occupied,1,
109.89374262730003,24.850000000000001,10.089019338668088,0.92678006773514188,23.049999999999997,10.519427960649418,-0.9239634536302227,occupied,occupied,1,
109.94373978045166,24.800332573217055,10.049999999999999,0.88753461973440606,23.050000000000001,10.467496317198608,-0.91190065049318259,occupied,occupied,1,
109.9937369336033,24.800000000000004,9.9991371671774409,0.89899953474919592,23.050000000000004,10.415638550237814,-0.89988161810421197,occupied,occupied,1,
110.04373408675494,24.800000000000001,9.9481462930751619,0.9107946928645001,23.050000000000001,10.363852195810628,-0.88790244605831137,occupied,occupied,1,
110.09373123990657,24.800000000000001,9.8971043493395392,0.92258190941845908,23,10.32399282271944,-0.92734613477802297,occupied,occupied,1,
110.14372839305821,24.783149104762135,9.8499999999999996,0.91704784048953503,23,10.272326107114756,-0.91543137373492767,occupied,occupied,1,
110.19372554620985,24.750000000000004,9.8066875533452951,0.89476706053813038,23.000000000000004,10.220726947791004,-0.90354565424563804,occupied,occupied,1,
110.24372269936148,24.750000000000007,9.7554692906284544,0.90655490760171253,23.000000000000007,10.169192946247939,-0.89168513844863384,occupied,occupied,1,
110.29371985251314,24.750000000000004,9.7041939927115788,0.91834897291302819,22.950000000000003,10.129536794091395,-0.93122300424428928,occupied,occupied,1,
110.34371700566477,24.75,9.652859309865871,0.93015301969460007,22.949999999999999,10.078123784091416,-0.91940094627620295,occupied,occupied,1,
110.39371415881641,24.700000000000003,9.6132770363497588,0.89059403725269171,22.950000000000003,10.026772224337108,-0.90759345866887975,occupied,occupied,1,
110.44371131196804,24.700000000000006,9.5618211836331746,0.90242831097043041,22.950000000000006,9.9754797539198101,-0.89579676191994217,occupied,occupied,1,
110.49370846511968,24.699999999999999,9.5103022858843769,0.9142831427902034,22.899999999999999,9.9360709234780487,-0.93538680959545639,occupied,occupied,1,
110.54370561827132,24.699999999999996,9.4587179655540652,0.92616234835768008,22.899999999999995,9.8849010801147923,-0.92360305491287498,occupied,occupied,1,
110.59370277142295,24.650000000000006,9.4189191906226402,0.88668394331698186,22.900000000000006,9.8337866893211867,-0.911819612830847,occupied,occupied,1,
110.64369992457459,24.650000000000002,9.3672152069492665,0.89861916921955509,22.900000000000002,9.7827253997953818,-0.90003274828950453,occupied,occupied,1,
110.69369707772623,24.649999999999999,9.3154420181385653,0.9105895169167173,22.850000000000001,9.7436083674967868,-0.93963382709414711,occupied,occupied,1,
110.74369423087786,24.650000000000006,9.2635971909799242,0.9225988684829427,22.850000000000005,9.6926714341525351,-0.92783478505726091,occupied,occupied,1,
110.79369138402951,24.599999999999998,9.2236256534983703,0.88324354023313323,22.849999999999998,9.641783957579845,-0.91602196748725229,occupied,occupied,1,
110.84368853718115,24.600000000000001,9.1716622584407439,0.89533516134911939,22.850000000000001,9.5909435678541133,-0.90419166991052946,occupied,occupied,1,
110.89368569033279,24.600000000000005,9.1196232424043941,0.90747673661620898,22.80900073561838,9.5500000000000007,-0.9345065745172072,occupied,occupied,1,
110.94368284348442,24.600000000000001,9.0675060887416858,0.91967222892909106,22.800000000000004,9.5014484728297575,-0.93189629335358115,occupied,occupied,1,
110.99367999663606,24.550000000000004,9.0274046204900458,0.88048321071448377,22.800000000000004,9.4507774258745769,-0.92000131638903082,occupied,occupied,1,
111.0436771497877,24.549999999999997,8.9751693954437428,0.89278772237520443,22.799999999999997,9.4001473169151133,-0.90807491362403392,occupied,occupied,1,
111.09367430293933,24.550000000000001,8.9228517723926561,0.90515733580445268,22.75,9.3617472524262695,-0.94757827468991473,occupied,occupied,1,
111.14367145609097,24.550000000000004,8.8704491234281164,0.91759610967965211,22.750000000000004,9.3112444701350867,-0.935590480407411,occupied,occupied,1,
111.19366860924261,24.500000000000004,8.8302593409956263,0.87861732078737853,22.750000000000004,9.2607787260614778,-0.92356106686393213,occupied,occupied,1,
111.24366576239424,24.5,8.7777383294583355,0.89119241329485577,22.75,9.2103475267303843,-0.91148634831642095,occupied,occupied,1,
111.29366291554588,24.500000000000004,8.7251276758029981,0.90384811950371591,22.700000000000003,9.172371801407877,-0.95088294129406725,occupied,occupied,1,
111.34366006869753,24.500000000000007,8.6724246128945897,0.916588609578038,22.700000000000006,9.1220687760436814,-0.93872265095320961,occupied,occupied,1,
111.39365722184917,24.449999999999996,8.6321866052959866,0.87786461595291909,22.699999999999996,9.0717961449099871,-0.92650689438513578,occupied,occupied,1,
111.4436543750008,24.450000000000003,8.5793639102036234,0.89076932765203121,22.700000000000003,9.0215513085116417,-0.91423197296312719,occupied,occupied,1,
111.49365152815244,24.450000000000003,8.5264437550568033,0.90377058144326616,22.650000000000006,8.9840427165685313,-0.9534846001558086,occupied,occupied,1,
111.54364868130408,24.449999999999999,8.4734232053223284,0.91687267557538599,22.649999999999999,8.9339262046054948,-0.94110014778581552,occupied,occupied,1,
111.59364583445571,24.399999999999995,8.4331752149573109,0.87844866083935569,22.649999999999995,8.8838330013710305,-0.92864636722511007,occupied,occupied,1,
111.64364298760735,24.399999999999995,8.3800325915415037,0.89174354393534905,22.649999999999995,8.8337603709780961,-0.9161195310325706,occupied,occupied,1,
111.69364014075899,24.400000000000006,8.3267840084830453,0.90515136976838595,22.600000000000005,8.7967604372718231,-0.95519210486662187,occupied,occupied,1,
111.74363729391062,24.400000000000002,8.2734263354420907,0.9186765822957641,22.600000000000001,8.7468153732190714,-0.94253194473376123,occupied,occupied,1,
111.79363444706226,24.350000000000005,8.2332044304553644,0.88059833109698815,22.600000000000005,8.6968859734071682,-0.92978852625537534,occupied,occupied,1,
111.8436316002139,24.350000000000005,8.1797208736000684,0.89434563233019437,22.600000000000005,8.6469693344673857,-0.91695807610273294,occupied,occupied,1,
111.89362875336555,24.349999999999998,8.1261220668314209,0.90822280913727726,22.589084355522967,8.5999999999999996,-0.91534079066068053,occupied,occupied,1,
111.94362590651718,24.350000000000001,8.0724046553718729,0.92223446993890101,22.550000000000004,8.5607269865495077,-0.94282818293010062,occupied,occupied,1,
111.99362305966882,24.300000000000001,8.0322423920190271,0.88454836550764349,22.550000000000001,8.5109433683846039,-0.92974340396422217,occupied,occupied,1,
112.04362021282046,24.300000000000001,7.9783937177276707,0.89881222351529455,22.550000000000001,8.4611639876896501,-0.91655747259598586,occupied,occupied,1,
112.09361736597209,24.300000000000001,7.9244196024108389,0.91322348659347863,22.550000000000001,8.4113856842328634,-0.90326652572288313,occupied,occupied,1,
112.14361451912373,24.300000000000004,7.870316438064652,0.92778694758345159,22.500000000000004,8.3756420608949718,-0.94179963374645559,occupied,occupied,1,
112.19361167227537,24.250000000000004,7.8302445123583109,0.89053998530071843,22.500000000000004,8.3259833335364313,-0.92832146594373355,occupied,occupied,1,
112.243608825427,24.250000000000007,7.7760029337055867,0.90538664613308062,22.500000000000007,8.2763194843824852,-0.91472781479547005,occupied,occupied,1,
112.29360597857864,24.25,7.7216247110736402,0.92039890745215047,22.5,8.2266471130085357,-0.90101472663981164,occupied,occupied,1,
112.34360313173028,24.25,7.6671059544105482,0.93558176770865864,22.450000000000003,8.1915300878201691,-0.93925707115254564,occupied,occupied,1,
112.39360028488191,24.200000000000003,7.6271518431138734,0.89882158637167453,22.450000000000003,8.1419720061916987,-0.9253329576051994,occupied,occupied,1,
112.44359743803356,24.199999999999999,7.5724855419412611,0.91431963815693895,22.449999999999999,8.0923984804811919,-0.91127874693799304,occupied,occupied,1,
112.4935945911852,24.200000000000003,7.5176702706836407,0.93000222591563464,22.450000000000003,8.0428058370156812,-0.89709037245667311,occupied,occupied,1,
112.54359174433684,24.200000000000003,7.4627018285767308,0.94587457610401326,22.450000000000003,7.9931903253926766,-0.88276372745796894,occupied,occupied,1,
112.59358889748847,24.149999999999999,7.4228894205306917,0.90964950836668357,22.428933988093778,7.9500000000000028,-0.890326541564886,occupied,occupied,1,
112.64358605064011,24.149999999999999,7.367762117148283,0.92587013550552755,22.399999999999999,7.9093492164871817,-0.90601866738899395,occupied,occupied,1,
112.69358320379175,24.150000000000002,7.3124722836035048,0.9422950531118961,22.399999999999999,7.8598059867549654,-0.89130091727130001,occupied,occupied,1,
112.74358035694338,24.150000000000002,7.2570153801745754,0.9589297391615641,22.400000000000002,7.810227852700665,-0.87642963702568,occupied,occupied,1,
112.79357751009502,24.100000000000005,7.2173645999813747,0.92328888230479,22.400000000000006,7.7606106614873047,-0.86140052578326842,occupied,occupied,1,
112.84357466324666,24.100000000000005,7.1617351242422664,0.94030613879415426,22.350000000000005,7.7271035544867361,-0.89875380093513391,occupied,occupied,1,
112.89357181639829,24.100000000000001,7.1059282150544893,0.95754834261762845,22.350000000000001,7.6775748063056808,-0.88345133834081913,occupied,occupied,1,
112.94356896954993,24.050000000000004,7.0664549337464555,0.92236408124823765,22.350000000000005,7.6279978286459986,-0.86797957928516989,occupied,occupied,1,
112.99356612270158,24.050000000000008,7.0103866049510932,0.94003994433007421,22.350000000000005,7.5784395513570697,-0.85235625905814727,occupied,occupied,1,
113.04356327585322,24.050000000000001,6.9529066565789321,0.95837845083412432,22.300000000000001,7.5468565641280811,-0.88966821867334367,occupied,occupied,1,
113.09356042900485,24,6.9108698871328906,0.92471226098888226,22.300000000000001,7.4999298813867794,-0.87445189962303604,occupied,occupied,1,
113.14355758215649,24.000000000000004,6.8499391035759452,0.94488530426823991,22.300000000000004,7.4543087729958621,-0.85934935267490187,occupied,occupied,1,
113.19355473530813,23.964330219312775,6.7999999999999998,0.92828363705949424,22.300000000000008,7.409940242656595,-0.84429137645324182,occupied,occupied,1,
113.24355188845976,23.949999999999999,6.7406285194875473,0.93559728757340144,22.25,7.3857485784193546,-0.8826930881466537,occupied,occupied,1,
113.2935490416114,23.950000000000003,6.6736393590013865,0.95976961859833021,22.250000000000004,7.3444936631955491,-0.86780951715908838,occupied,occupied,1,
113.34354619476304,23.900000000000006,6.6246464439483557,0.93171437946824165,22.250000000000007,7.3044551183593223,-0.85284154114741473,occupied,occupied,1,
113.39354334791467,23.900000000000006,6.5531623223504605,0.95949237919662878,22.200000000000006,7.2871745624724005,-0.89220251161255359,occupied,occupied,1,
113.44354050106631,23.850000000000001,6.501311504963847,0.93476291835103742,22.200000000000003,7.2505375947206439,-0.87737386831057074,occupied,occupied,1,
113.49353765421795,23.799999999999997,6.4485339348790989,0.91175555200178282,22.199999999999996,7.2150924369539391,-0.86239549486633005,occupied,occupied,1,
113.5435348073696,23.800000000000001,6.3695019599049001,0.94669604308700428,22.162086472328205,7.2000000000000011,-0.88973738035422345,occupied,occupied,1,
113.59353196052123,23.75,6.3133726335534623,0.92836440984747037,22.149999999999999,7.1744181250432266,-0.88861091701166151,occupied,occupied,1,
113.64352911367287,23.710768269053446,6.2500000000000018,0.92482282729134901,22.150000000000006,7.1438319504805419,-0.87376916240056712,occupied,occupied,1,
113.69352626682451,23.699999999999999,6.167290590940417,0.95766662055395735,22.149999999999999,7.1142616091734157,-0.85871828066418543,occupied,occupied,1,
113.74352341997614,23.649999999999995,6.1056506127450847,0.94831732976135408,22.127909905054743,7.0999999999999996,-0.86978304179811328,occupied,occupied,1,
113.79352057312778,23.590043912413066,6.0500000000000007,0.92981375386697906,22.099999999999998,7.0920694688141488,-0.88846555326760934,occupied,occupied,1,
113.84351772627942,23.550000000000004,5.9816728993070676,0.93738083288050844,22.100000000000001,7.063934412937126,-0.87198092859363752,occupied,occupied,1,
113.89351487943105,23.500000000000004,5.9217520893952269,0.93432228820912544,22.079088250871632,7.0500000000000007,-0.88004634759647893,occupied,occupied,1,
113.94351203258269,23.450000000000003,5.8632038579067407,0.93268897550939178,22.050000000000004,7.0423919942291464,-0.89774394072750474,occupied,occupied,1,
113.99350918573433,23.399999999999999,5.8059571876607077,0.93238987732093581,22.050000000000001,7.008970195486051,-0.87585244521135663,occupied,occupied,1,
114.04350633888598,23.349999999999998,5.7499413641555694,0.93334153471370418,22.02094151289311,6.9999999999999991,-0.89122500427578522,occupied,occupied,1,
114.09350349203761,23.300000000000008,5.6950863467627304,0.9354680368699797,22.000000000000007,6.982860001775034,-0.89438468576748642,occupied,occupied,1,
114.14350064518925,23.25,5.6413230658862785,0.9387008777135597,21.993146185872281,6.9500000000000011,-0.87577337891525286,occupied,occupied,1,
114.19349779834089,23.189550057448791,5.6000000000000005,0.92750181685507704,21.953829187453792,6.9500000000000011,-0.90266376815115201,occupied,occupied,1,
114.24349495149252,23.138466439021737,5.5499999999999998,0.93071933174409449,21.950000000000003,6.9100199918233303,-0.875411022034429,occupied,occupied,1,
114.29349210464416,23.088228990663595,5.5000000000000018,0.93609945252579041,21.918495803740175,6.9000000000000021,-0.88825679793353784,occupied,occupied,1,
114.3434892577958,23.038680775320639,5.4500000000000002,0.94344973947162836,21.900000000000006,6.8733671520731638,-0.87934151508432523,occupied,occupied,1,
114.39348641094743,22.98968939951498,5.4000000000000021,0.95260346885471525,21.877598447387584,6.8500000000000014,-0.87475700073075235,occupied,occupied,1,
114.44348356409907,22.904334353291233,5.4000000000000004,0.90132789872100993,21.836891486952556,6.8499999999999996,-0.89920931913851632,occupied,occupied,1,
114.4934807172507,22.857576009233128,5.3499999999999996,0.91451291789052735,21.800000000000001,6.8450431954650464,-0.91677656540036101,occupied,occupied,1,
114.54347787040234,22.810994975709431,5.3000000000000016,0.92904343825675217,21.790360421230307,6.8000000000000016,-0.88525942890650244,occupied,occupied,1,
114.59347502355399,22.750000000000007,5.2723425945817395,0.91817540440590928,21.749023786494025,6.8000000000000007,-0.90821188429657906,occupied,occupied,1,
114.64347217670563,22.687049161553684,5.25,0.90290199991926179,21.707618769118589,6.8000000000000007,-0.93061481037334315,occupied,occupied,1,
114.69346932985727,22.642487334911305,5.2000000000000011,0.92187248231711405,21.696574643109088,6.7500000000000018,-0.89396088572977628,occupied,occupied,1,
114.7434664830089,22.568684078942006,5.2000000000000028,0.88389365542290244,21.653791233510475,6.7500000000000036,-0.91597548388189964,occupied,occupied,1,
114.79346363616054,22.525599712258749,5.1500000000000004,0.90548808527031599,21.639381016583616,6.7000000000000011,-0.87997644155852373,occupied,occupied,1,
114.84346078931218,22.482740542531051,5.1000000000000014,0.92802650789361063,21.595252313075619,6.7000000000000011,-0.90162792872056408,occupied,occupied,1,
114.89345794246381,22.413182946545753,5.1000000000000005,0.89465879399740911,21.550857155584406,6.7000000000000002,-0.92292360296761078,occupied,occupied,1,
114.94345509561545,22.371573023057945,5.0499999999999989,0.91927545803560151,21.53236527783994,6.6499999999999986,-0.8874535309480498,occupied,occupied,1,
114.99345224876708,22.304648645957226,5.0500000000000016,0.88850237960229417,21.486613108398981,6.6500000000000012,-0.90849014701216224,occupied,occupied,1,
115.04344940191872,22.264179747841371,5.0000000000000009,0.91488483026453993,21.450000000000003,6.6309640757638109,-0.90800641120521075,occupied,occupied,1,
115.09344655507036,22.200000000000003,4.9991276418676476,0.88725794240225575,21.418381372678407,6.5999999999999996,-0.89423580881000608,occupied,occupied,1,
115.14344370822201,22.160199035444787,4.950000000000002,0.91417514469426953,21.370899961201225,6.6000000000000023,-0.91489375193093569,occupied,occupied,1,
115.19344086137365,22.099999999999998,4.9450432537402058,0.89287597528337648,21.346441305670716,6.5500000000000016,-0.88018264280122716,occupied,occupied,1,
115.24343801452528,22.059396467361662,4.900000000000003,0.9165752072043063,21.297614412384583,6.5500000000000025,-0.90078879026155656,occupied,occupied,1,
115.29343516767692,22,4.897302311272429,0.89428633982364247,21.25,6.5462372501271275,-0.91720101386551467,occupied,occupied,1,
115.34343232082855,21.961646857741577,4.8500000000000014,0.92160112851617793,21.220862042637293,6.5000000000000018,-0.88706195295839163,occupied,occupied,1,
115.39342947398019,21.902575277223995,4.8500000000000014,0.89752390480524358,21.170372362430722,6.5000000000000018,-0.90764121463169212,occupied,occupied,1,
115.44342662713183,21.850000000000005,4.8355111214177349,0.88956083349086357,21.142089150209838,6.4500000000000028,-0.87330958441184248,occupied,occupied,1,
115.49342378028346,21.806485906964173,4.7999999999999989,0.90473167310846148,21.091933368531823,6.4499999999999984,-0.89334655938869911,occupied,occupied,1,
115.5434209334351,21.750000000000004,4.7941889149754315,0.88774274757388238,21.04209678419743,6.450000000000002,-0.91304522224207274,occupied,occupied,1,
115.59341808658674,21.70975971848241,4.7500000000000018,0.91268516759545615,21.000000000000004,6.4324180898554895,-0.91331852546028724,occupied,occupied,1,
115.64341523973837,21.650748709411939,4.7500000000000009,0.88988095579771898,20.96419865689051,6.4000000000000004,-0.89725389491085916,occupied,occupied,1,
115.69341239289002,21.612374754315582,4.7000000000000011,0.92143948030995371,20.915043037163041,6.4000000000000012,-0.91602385911941087,occupied,occupied,1,
115.74340954604166,21.5533235896851,4.7000000000000002,0.89916946044430623,20.886420513983154,6.3500000000000005,-0.88051020522047718,occupied,occupied,1,
115.7934066991933,21.500000000000004,4.6859453589827833,0.89236173430285626,20.837607995319363,6.3500000000000014,-0.89868293743366445,occupied,occupied,1,
115.84340385234493,21.455216813788326,4.6499999999999995,0.90934363147904318,20.789116364566624,6.3499999999999996,-0.91649584899380299,occupied,occupied,1,
115.89340100549657,21.400000000000006,4.6403063615921507,0.89837596028063205,20.750000000000004,6.3265130541722856,-0.90877456197866224,occupied,occupied,1,
115.94339815864821,21.356404313306037,4.6000000000000032,0.92045895307163583,20.712049329602198,6.3000000000000034,-0.89756011861710017,occupied,occupied,1,
115.99339531179984,21.297413696745991,4.6000000000000014,0.89970892962411864,20.664194459667517,6.3000000000000016,-0.91439321805286522,occupied,occupied,1,
116.04339246495148,21.250000000000004,4.5687558044861971,0.91259947431615751,20.616654860478434,6.3000000000000007,-0.93085720547206852,occupied,occupied,1,
116.09338961810312,21.197831207981643,4.5499999999999998,0.91245509603962005,20.587383554145852,6.25,-0.89382459937679715,occupied,occupied,1,
116.14338677125475,21.149999999999995,4.5186325269216105,0.92598033535076862,20.540128102817349,6.2500000000000036,-0.90966044045669336,occupied,occupied,1,
116.19338392440639,21.097552485249874,4.5000000000000009,0.92629983557635676,20.493115511464758,6.2500000000000009,-0.92514394031274838,occupied,occupied,1,
116.24338107755804,21.038926349324313,4.5,0.90732634602932927,20.450000000000003,6.2386634614522212,-0.92837103565357737,occupied,occupied,1,
116.29337823070968,20.997293893133477,4.4499999999999993,0.9414888620470091,20.415851569850879,6.1999999999999984,-0.90257598911855186,occupied,occupied,1,
116.34337538386131,20.939101650208709,4.4500000000000002,0.92329753994425046,20.368639673095128,6.2000000000000011,-0.91733465235608458,occupied,occupied,1,
116.39337253701295,20.881271736441811,4.4500000000000011,0.90552648371761357,20.321449480256263,6.2000000000000011,-0.93183601685778361,occupied,occupied,1,
116.44336969016459,20.839491141756625,4.4000000000000004,0.9405668886847548,20.289970934329382,6.1500000000000012,-0.8936829466350904,occupied,occupied,1,
116.49336684331622,20.78206080824517,4.4000000000000012,0.92350433661489151,20.242507872443365,6.1500000000000021,-0.90778410886068328,occupied,occupied,1,
116.54336399646786,20.724962902492678,4.4000000000000004,0.90681960589061295,20.195045295036234,6.1500000000000012,-0.92165316412603759,occupied,occupied,1,
116.5933611496195,20.683059720626293,4.3499999999999996,0.94266343134338815,20.149999999999999,6.1418440061870241,-0.92679039484824732,occupied,occupied,1,
116.64335830277113,20.626333582210862,4.3500000000000005,0.92661742006023728,20.114701813310401,6.1000000000000005,-0.8966398483876945,occupied,occupied,1,
116.69335545592277,20.56991343391989,4.3499999999999996,0.91090933110698613,20.06693751088703,6.0999999999999996,-0.90993793847680826,occupied,occupied,1,
116.74335260907441,20.51378811875702,4.3500000000000032,0.89552519228466221,20.019146764423237,6.1000000000000032,-0.92303744601437676,occupied,occupied,1,
116.79334976222606,20.471850453422814,4.3000000000000034,0.93234847240511831,19.985224876809902,6.0500000000000025,-0.8840502866271176,occupied,occupied,1,
116.84334691537769,20.416062880356712,4.3000000000000007,0.91751313609311658,19.937136699859007,6.0500000000000007,-0.89683806650414244,occupied,occupied,1,
116.89334406852933,20.360547902712572,4.2999999999999998,0.90296498159366367,19.889007067187247,6.0499999999999989,-0.90945074322443631,occupied,occupied,1,
116.94334122168097,20.318566254984646,4.2500000000000009,0.94042226572862742,19.849999999999998,6.0154438970640669,-0.88614459288648839,occupied,occupied,1,
116.9933383748326,20.263374268936698,4.2500000000000018,0.92636101243580549,19.805670885618056,6.0000000000000009,-0.88250393197030741,occupied,occupied,1,
117.04333552798424,20.208435375424894,4.2499999999999991,0.91255214262100148,19.757188348746674,6,-0.89468992170960127,occupied,occupied,1,
117.09333268113588,20.153740719823897,4.2500000000000027,0.89898353530559028,19.708644494166766,6.0000000000000036,-0.90673256920647405,occupied,occupied,1,
117.14332983428751,20.111831717646918,4.2000000000000011,0.93719428530531412,19.660032672994536,6,-0.9186403993443738,occupied,occupied,1,
117.19332698743915,20.057441709696743,4.2000000000000002,0.92403249531905052,19.623737966664223,5.9500000000000011,-0.87890924991855357,occupied,occupied,1,
117.24332414059079,20.003279677904903,4.2000000000000002,0.91107856909299312,19.574821166876447,5.9500000000000002,-0.89060861121126855,occupied,occupied,1,
117.29332129374244,19.950000000000003,4.1972638345425022,0.90113639441640658,19.525826093331322,5.9499999999999993,-0.90219595676049702,occupied,occupied,1,
117.34331844689407,19.907576101918973,4.1500000000000012,0.93716173090156951,19.476746747636057,5.9500000000000011,-0.9136796811356247,occupied,occupied,1,
117.39331560004571,19.853927809228125,4.1500000000000004,0.92473583872432508,19.439420343602201,5.9000000000000004,-0.87368470137735699,occupied,occupied,1,
117.44331275319735,19.800486160749646,4.1500000000000021,0.91247618981184397,19.390039003226264,5.9000000000000012,-0.88501285580680022,occupied,occupied,1,
117.49330990634898,19.75,4.1381415903397079,0.91254664501780081,19.340564559224688,5.8999999999999995,-0.89626026448181928,occupied,occupied,1,
117.54330705950062,19.705715454910564,4.0999999999999996,0.93972359961809837,19.290991466972169,5.8999999999999995,-0.90743529613817231,occupied,occupied,1,
117.59330421265226,19.652762043871441,4.1000000000000005,0.92787976476752365,19.241314273655025,5.9000000000000004,-0.91854631488366556,occupied,occupied,1,
117.64330136580389,19.599997053915541,4.0999999999999996,0.91616300165766107,19.199999999999999,5.8626647472813271,-0.89131719310228619,occupied,occupied,1,
117.69329851895553,19.547414276329924,4.1000000000000014,0.9045633676580942,19.1528980474476,5.8500000000000005,-0.88935498467891494,occupied,occupied,1,
117.74329567210717,19.500000000000007,4.0777239715201006,0.91589966111896604,19.102810307859418,5.8500000000000014,-0.90033875182885703,occupied,occupied,1,
117.7932928252588,19.45369907761334,4.0500000000000007,0.93285956914910284,19.052820236583557,5.8499999999999996,-0.91124016925589435,occupied,occupied,1,
117.84328997841045,19.400796079406998,4.0500000000000007,0.92140337440253128,19.003280163825952,5.8499999999999996,-0.9219682384689033,occupied,occupied,1,
117.89328713156209,19.347515594504024,4.0500000000000007,0.90996979656781418,18.965133687339467,5.8000000000000007,-0.88131910333828456,occupied,occupied,1,
117.94328428471373,19.293873686747112,4.0499999999999989,0.89858734997241063,18.916403169105834,5.7999999999999989,-0.89165955805127795,occupied,occupied,1,
117.99328143786536,19.250000000000004,4.0023890141227714,0.93595823381201904,18.868143115348143,5.8000000000000007,-0.90176316425204261,occupied,occupied,1,
118.043278591017,19.196003337217086,3.9999999999999996,0.92716874757761181,18.820365062290787,5.7999999999999998,-0.91160913829920276,occupied,occupied,1,
118.09327574416864,19.141161566638296,3.9999999999999991,0.9160714974421309,18.77307959126755,5.7999999999999989,-0.92117762572892936,occupied,occupied,1,
118.14327289732027,19.085997236063378,3.9999999999999991,0.90513867087090905,18.726296235503376,5.7999999999999998,-0.93044973882334181,occupied,occupied,1,
118.19327005047191,19.030524941155132,3.9999999999999987,0.89440028981845809,18.689759541926755,5.7499999999999991,-0.88846848193993366,occupied,occupied,1,
118.24326720362355,18.974758737045217,3.9999999999999991,0.88388647685792399,18.643726278794002,5.75,-0.89714762961388739,occupied,occupied,1,
118.29326435677518,18.927869720556433,3.9500000000000002,0.92445911048600526,18.598194191056589,5.7500000000000009,-0.90548240627102028,occupied,occupied,1,
118.34326150992682,18.871232829391722,3.9499999999999993,0.91442782498552211,18.553167940328603,5.75,-0.91345764015028208,occupied,occupied,1,
118.39325866307847,18.81431840254028,3.9500000000000006,0.90470987372895595,18.50865071499144,5.7500000000000009,-0.92105920674410791,occupied,occupied,1,
118.44325581623011,18.757137921562446,3.9499999999999997,0.89533574189216847,18.464644149157731,5.75,-0.92827403185207791,occupied,occupied,1,
118.49325296938174,18.700000000000003,3.9480744857105523,0.8882842193006264,18.421148245643245,5.75,-0.93509008674712857,occupied,occupied,1,
118.54325012253338,18.649349862732947,3.8999999999999986,0.92827452936477628,18.385490724211433,5.6999999999999993,-0.89096202616650422,occupied,occupied,1,
118.59324727568502,18.591002581478975,3.9000000000000004,0.92005281816363715,18.342580466598157,5.7000000000000011,-0.89700897141916591,occupied,occupied,1,
118.64324442883665,18.53240593929393,3.9000000000000004,0.91229606771767036,18.300150139846505,5.7000000000000002,-0.90262617755262287,occupied,occupied,1,
118.69324158198829,18.47356707991084,3.8999999999999986,0.90503423114172898,18.258192946124954,5.6999999999999993,-0.90780498332380699,occupied,occupied,1,
118.74323873513993,18.414492100636942,3.8999999999999995,0.89829691539631618,18.216700183199002,5.6999999999999984,-0.91253760012512553,occupied,occupied,1,
118.79323588829156,18.355186023412852,3.8999999999999986,0.89211333628999578,18.175661209080474,5.6999999999999993,-0.91681705456562723,occupied,occupied,1,
118.8432330414432,18.300000000000004,3.8512731680657541,0.93543264406399329,18.135063416691924,5.6999999999999993,-0.92063712176566792,occupied,occupied,1,
118.89323019459484,18.239811903370843,3.850000000000001,0.93167520831237327,18.09489221944326,5.7000000000000002,-0.92399224971712746,occupied,occupied,1,
118.94322734774649,18.179269963353544,3.8499999999999996,0.92728283877658724,18.055131048569834,5.7000000000000002,-0.92687747526415942,occupied,occupied,1,
118.99322450089812,18.118488854971019,3.850000000000001,0.92356161763109557,18.015761363008448,5.7000000000000011,-0.92928833247412534,occupied,occupied,1,
119.04322165404976,18.057468565943552,3.8500000000000005,0.92053879837116637,17.976762672487528,5.7000000000000002,-0.93122075438900054,occupied,occupied,1,
119.0932188072014,17.996207995093702,3.8500000000000005,0.91824098907615159,17.938112574381204,5.7000000000000011,-0.9326709693669728,occupied,occupied,1,
119.14321596035303,17.93470497064007,3.8499999999999992,0.91669411190027916,17.899786804721799,5.6999999999999984,-0.93363539343413393,occupied,occupied,1,
119.19321311350467,17.872956275727923,3.8499999999999996,0.91592336380600081,17.861759303585199,5.7000000000000002,-0.93411052025806307,occupied,occupied,1,
119.24321026665631,17.810957681101694,3.8500000000000014,0.91595317862475878,17.82400229485911,5.7000000000000011,-0.93409281051931647,occupied,occupied,1,
119.29320741980794,17.748703984726919,3.8499999999999996,0.91680719054701298,17.78648638017879,5.6999999999999993,-0.93357858258411486,occupied,occupied,1,
119.34320457295958,17.68618905810165,3.8500000000000005,0.91850819916085269,17.749180646594528,5.7000000000000011,-0.93256390646357645,occupied,occupied,1,
119.39320172611122,17.623109742559453,3.8499999999999996,0.92109627016583173,17.712352126131901,5.7000000000000002,-0.93105496637660945,occupied,occupied,1,
119.44319887926285,17.558645013037673,3.8499999999999992,0.92469742217842243,17.676778375499662,5.7000000000000002,-0.92907049515281115,occupied,occupied,1,
119.4931960324145,17.492632964930717,3.8500000000000014,0.92946050268520786,17.642548307090724,5.7000000000000002,-0.92660377686303808,occupied,occupied,1,
119.54319318556614,17.424916980031888,3.850000000000001,0.93555432923562032,17.609724581285462,5.7000000000000002,-0.92365352613749452,occupied,occupied,1,
119.59319033871778,17.355303052625313,3.8500000000000001,0.94317446063634025,17.57838204270525,5.7000000000000011,-0.92022679400933804,occupied,occupied,1,
119.64318749186941,17.28355348437751,3.8500000000000005,0.95255027825868555,17.54860785489651,5.7000000000000011,-0.91634078847881251,occupied,occupied,1,
119.69318464502105,17.209378720086324,3.8500000000000014,0.96395393091216752,17.5205017484754,5.7000000000000011,-0.91202515713598797,occupied,occupied,1,
119.74318179817269,17.13242690931397,3.8500000000000005,0.97771171876791496,17.49417628370243,5.7000000000000011,-0.90732478217057899,occupied,occupied,1,
119.79317895132432,17.052270647528783,3.8500000000000005,0.9942186581114042,17.46975700287204,5.7000000000000002,-0.90230312053965955,occupied,occupied,1,
119.84317610447596,16.968390189973853,3.8500000000000014,1.0139571766707407,17.447382306431933,5.700000000000002,-0.89704608016295495,occupied,occupied,1,
119.89317325762759,16.894937385076695,3.8999999999999986,0.98538093980271735,17.427202827420953,5.6999999999999993,-0.89166634279671986,occupied,occupied,1,
119.94317041077923,16.803610062598075,3.8999999999999995,1.0128911919272301,17.409380000769072,5.7000000000000002,-0.88630790716472529,occupied,occupied,1,
119.99316756393087,16.706436304948497,3.9000000000000012,1.0457275221038385,17.400000000000006,5.7154873422481138,-0.89772942080912854,occupied,occupied,1,
120.04316471708252,16.62393193025801,3.9500000000000002,1.0305193516795312,17.400000000000002,5.7427672594476045,-0.92301490587018864,occupied,occupied,1,
120.09316187023416,16.538770795830384,4,1.0207585338721945,19.601231161417054,10.250000000000005,-5.9392101076368533,occupied,occupied,1,
120.14315902338579,16.449999999999999,4.0494166095712991,1.0179954250109646,19.776646089669722,10.050000000000008,-5.8430231022489458,occupied,occupied,1,
120.19315617653743,16.350000000000005,4.0854702751741137,1.0377285870256279,19.92633974852642,9.800000000000006,-5.703640411390694,occupied,occupied,1,
120.24315332968906,16.250000000000007,4.126234021643735,1.0590592300292434,20.025833014383487,9.5000000000000071,-5.5086097432555388,occupied,occupied,1,
120.2931504828407,16.172108351125782,4.2000000000000002,1.0463325227547613,20.099999999999998,9.1967259639609829,-5.3094210253477456,occupied,occupied,1,
120.34314763599234,16.073957255175912,4.2500000000000009,1.0706129203684114,20.049999999999994,8.7788565937019136,-4.9559497778025383,occupied,occupied,1,
120.39314478914397,16,4.3300862210070523,1.0622042459073513,19.900000000000002,8.3077637337046397,-4.5084257359726241,occupied,occupied,1,
120.44314194229561,15.914277960440401,4.4000000000000004,1.0753773181958508,17.500000000000004,5.8457639413875802,-1.070490282790197,occupied,occupied,1,
120.49313909544725,15.850000000000001,4.4912711848442184,1.0645425143875735,17.450000000000003,5.7907862015574336,-0.99670450590454784,occupied,occupied,1,
120.54313624859888,15.750000000000004,4.5574786659617521,1.1037639057544699,17.400000000000002,5.7446517310006167,-0.928938700716475,occupied,occupied,1,
120.59313340175053,15.700000000000003,4.663179101608117,1.0860571706313913,17.400000000000002,5.7379568060328374,-0.92519793848044607,occupied,occupied,1,
120.64313055490217,15.650000000000006,4.7689170343665674,1.0753807624209371,17.400000000000006,5.7300537400251788,-0.92118723465912433,occupied,occupied,1,
120.69312770805381,15.600000000000003,4.8757238541059937,1.0715052519390911,17.400000000000002,5.720930512061142,-0.91705560824389865,occupied,occupied,1,
120.74312486120544,15.550000000000004,4.9845469057035263,1.0743970517942474,17.400000000000006,5.7106058834340603,-0.91297851390618356,occupied,occupied,1,
120.79312201435708,15.5,5.0962772745812064,1.0841969079009146,17.402726877278134,5.7000000000000002,-0.91201217401002022,occupied,occupied,1,
120.84311916750872,15.499999999999996,5.223944677770449,1.0497418254398307,17.45497245731638,5.700000000000002,-0.96235806738078611,occupied,occupied,1,
120.89311632066035,15.450000000000005,5.3392512433381194,1.0753112963067883,17.550589280323567,5.7000000000000011,-1.0560298284415151,occupied,occupied,1,
120.94311347381199,15.450000000000003,5.46054583280588,1.0587277127043324,17.737349374302735,5.7000000000000011,-1.241121295015462,occupied,occupied,1,
120.99311062696363,15.450000000000006,5.576625807433369,1.0502586624800789,18.391728762787377,5.7000000000000002,-1.8940560804103574,occupied,occupied,1,
121.04310778011526,15.450000000000005,5.6885498001606303,1.0488830403964744,23.150000000000013,5.5569090742318501,-6.6522421553605211,occupied,occupied,1,
121.09310493326691,15.450000000000005,5.7972421050260827,1.0537837748592469,22.750000000000018,5.2646215716787479,-6.2656208889466409,occupied,occupied,1,
121.14310208641855,15.5,5.8972073533005585,1.0139243535429858,22.300000000000011,5.039374238379021,-5.8399707180973843,occupied,occupied,1,
121.19309923957019,15.499999999999996,5.9992335125789298,1.0292269073603231,21.988441232776296,4.8499999999999996,-5.5602045778002989,occupied,occupied,1,
121.24309639272182,15.501331820046675,6.0999999999999996,1.0478491806192987,21.649999999999995,4.7086536517832567,-5.2562736804825185,occupied,occupied,1,
121.29309354587346,15.550000000000002,6.1872864202765623,1.0218088572232757,21.342315389376363,4.6000000000000005,-4.9840545902753952,occupied,occupied,1,
121.3430906990251,15.550000000000006,6.28579910681154,1.0498909672953247,21.11784781213618,4.5000000000000036,-4.797331254323967,occupied,occupied,1,
121.39308785217673,15.599999999999996,6.3666937480492312,1.0288916312846395,17.399999999999995,5.7065620908990349,-0.88833913332661718,occupied,occupied,1,
121.44308500532837,15.65,6.4442442271695644,1.0104408581300499,17.399999999999999,5.7225520322787036,-0.88253025210021141,occupied,occupied,1,
121.49308215848001,15.700000000000006,6.5189660016479856,0.99440115349075253,17.400000000000006,5.7402844601304963,-0.87545042968371245,occupied,occupied,1,
121.54307931163164,15.732804048923459,6.6000000000000032,0.99995806320538361,17.41913245135072,5.7500000000000027,-0.88848136680895617,occupied,occupied,1,
121.59307646478328,15.800000000000004,6.6617878133164572,0.96932958862211438,17.450000000000003,5.7529855629286883,-0.91439585058336459,occupied,occupied,1,
121.64307361793493,15.816520338446018,6.75,0.99893093111133424,17.449999999999999,5.7736288928898851,-0.90410778197622199,occupied,occupied,1,
121.69307077108657,15.891927950072306,6.8000000000000016,0.961210129988466,17.450000000000003,5.7977050988517824,-0.89140520559353775,occupied,occupied,1,
121.7430679242382,15.900000000000002,6.8906694869379272,1.004714353916653,17.486936188003053,5.8000000000000025,-0.92088331811431612,occupied,occupied,1,
121.79306507738984,15.951432698837291,6.9500000000000011,0.99703950581247192,17.5,5.8202950212882225,-0.9198053040656089,occupied,occupied,1,
121.84306223054148,16.010621731223189,7,0.97967122097878878,17.50444788467556,5.8499999999999996,-0.90553873463313528,occupied,occupied,1,
121.89305938369311,16.06502523332593,7.0499999999999998,0.96793019792714596,17.550000000000004,5.8500242381286256,-0.94128217547124138,occupied,occupied,1,
121.94305653684475,16.115416744475574,7.0999999999999996,0.96092602954354622,17.550000000000001,5.8890805854105288,-0.91640051255315813,occupied,occupied,1,
121.99305368999639,16.162376113726712,7.1500000000000012,0.95796275611411108,17.586512953114045,5.9000000000000012,-0.93694244924581538,occupied,occupied,1,
122.04305084314802,16.206335897856817,7.2000000000000011,0.95849167253754031,17.600000000000005,5.933396286362397,-0.92474612365367737,occupied,occupied,1,
122.09304799629966,16.300000000000008,7.2009005897920986,0.89027921680287325,17.634634795024244,5.9500000000000011,-0.93892889646133626,occupied,occupied,1,
122.1430451494513,16.338364308288458,7.25,0.89628967093139189,17.650000000000002,5.9870657747543996,-0.92453185933134363,occupied,occupied,1,
122.19304230260295,16.373688212631642,7.3000000000000016,0.90588340319184446,17.692802804531155,6.0000000000000018,-0.94615960563981261,occupied,occupied,1,
122.24303945575458,16.406999638577354,7.3500000000000005,0.91755053763770611,17.700492401589038,6.0500000000000007,-0.91633155452732806,occupied,occupied,1,
122.29303660890622,16.450000000000003,7.3880638745574929,0.91444104276991545,17.76018127774655,6.0500000000000007,-0.95825485164363799,occupied,occupied,1,
122.34303376205786,16.5,7.416485828838594,0.89994858786380594,17.800000000000001,6.072146988137801,-0.97014416882414811,occupied,occupied,1,
122.39303091520949,16.54267263703013,7.4500000000000002,0.89450413260168093,17.836583989934756,6.1000000000000005,-0.9754441525590285,occupied,occupied,1,
122.44302806836113,16.567599194407162,7.5,0.91343224020241953,17.854169107846808,6.1499999999999995,-0.95144366509747458,occupied,occupied,1,
122.49302522151277,16.600000000000001,7.5417959953824729,0.92140124468197326,17.899999999999999,6.1708887256359102,-0.96788082590568092,occupied,occupied,1,
122.5430223746644,16.650000000000006,7.5647939010149434,0.90374591398801551,17.938168040024404,6.1999999999999993,-0.97296378428390551,occupied,occupied,1,
122.59301952781604,16.688215883033422,7.5999999999999996,0.90317453831819861,17.956892697090574,6.25,-0.94940227750515549,occupied,occupied,1,
122.64301668096768,16.712369948267462,7.6500000000000012,0.92312169171765301,18.000000000000004,6.2743320649794585,-0.96114299711150153,occupied,occupied,1,
122.69301383411931,16.750000000000004,7.68542026747593,0.92331433705619703,18.04203509369264,6.3000000000000016,-0.97108372060391535,occupied,occupied,1,
122.74301098727096,16.800000000000004,7.707282466294358,0.90524409820725815,18.061651869752826,6.3500000000000014,-0.94785631293102868,occupied,occupied,1,
122.7930081404226,16.830357257908535,7.75,0.91590167830344937,18.100000000000001,6.3801637025469971,-0.95183603732080102,occupied,occupied,1,
122.84300529357424,16.853773463303561,7.8000000000000016,0.93668758270046981,18.148138741567632,6.4000000000000021,-0.96998005314370783,occupied,occupied,1,
122.89300244672587,16.900000000000002,7.8250654102344299,0.92373815605649301,18.168660283880268,6.4500000000000011,-0.9471717290845113,occupied,occupied,1,
122.94299959987751,16.94605238945736,7.8499999999999996,0.91085833461628851,18.200000000000003,6.4886093609493924,-0.94002499019924946,occupied,occupied,1,
122.99299675302915,16.968757874279124,7.8999999999999995,0.93226903424597307,18.25,6.5072447635011699,-0.96017608609877858,occupied,occupied,1,
123.04299390618078,17,7.9404478359165473,0.94089606175544316,18.278082899409615,6.5500000000000007,-0.94771217770775817,occupied,occupied,1,
123.09299105933242,17.050000000000004,7.9601847151523142,0.9215958535638662,18.300000000000004,6.5997825468643558,-0.9258873153669307,occupied,occupied,1,
123.14298821248406,17.081270015907091,8.0000000000000018,0.92975688544837343,18.350000000000005,6.6193103799447401,-0.9453376720245964,occupied,occupied,1,
123.19298536563569,17.102893572960298,8.0500000000000007,0.95193699476403071,18.390029999283289,6.6500000000000012,-0.94983065139243861,occupied,occupied,1,
123.24298251878733,17.150000000000002,8.0719737266561502,0.93622006911707523,18.412579803469271,6.7000000000000011,-0.92829586451375734,occupied,occupied,1,
123.29297967193898,17.191272584774691,8.1000000000000032,0.92887818716697956,18.449999999999996,6.7341290792290476,-0.92853885756139065,occupied,occupied,1,
123.34297682509062,17.21199657603163,8.1500000000000004,0.9515804077711888,18.500000000000004,6.7549336854211859,-0.94714622927448322,occupied,occupied,1,
123.39297397824225,17.250000000000004,8.1809540275231676,0.94851696467275159,18.527881509371699,6.8000000000000007,-0.93297584108722176,occupied,occupied,1,
123.44297113139389,17.298786056637514,8.1999999999999993,0.92932932825942638,18.551409723605076,6.8499999999999996,-0.9122911676754073,occupied,occupied,1,
123.49296828454553,17.318570385210705,8.25,0.95248806857186219,18.600000000000005,6.8732673143740781,-0.92832418822832541,occupied,occupied,1,
123.54296543769716,17.350000000000005,8.2871333493729118,0.95821392485541224,18.645687670062188,6.9000000000000004,-0.93992871132704126,occupied,occupied,1,
123.5929625908488,17.399999999999995,8.3041522937546688,0.93647419551476951,18.669873808247409,6.9500000000000002,-0.91994922697101011,occupied,occupied,1,
123.64295974400044,17.422721677874577,8.3499999999999996,0.95432383609926075,18.699999999999999,6.9938339508422276,-0.90863785568609012,occupied,occupied,1,
123.69295689715207,17.449999999999999,8.3906549039630001,0.96516133492530265,18.75,7.0168401116511001,-0.92623156015889685,occupied,occupied,1,
123.74295405030371,17.5,8.407089948095825,0.94267328215208379,18.79069284323085,7.0499999999999998,-0.93018046088020834,occupied,occupied,1,
123.79295120345535,17.524621142681333,8.4499999999999993,0.95673516471320819,18.815534498569445,7.1000000000000005,-0.91113990937775213,occupied,occupied,1,
123.842948356607,17.550000000000001,8.4917818998444439,0.96932621074386571,18.850000000000001,7.1400579160079936,-0.90608247231129269,occupied,occupied,1,
123.89294550975863,17.600000000000001,8.5077929177849541,0.94613661968266716,18.899999999999999,7.1642227578584414,-0.923403637879324,occupied,occupied,1,
123.94294266291027,17.624497665936108,8.5499999999999989,0.95936079798667695,18.939033991353842,7.1999999999999993,-0.92491777771351724,occupied,occupied,1,
123.99293981606191,17.650000000000006,8.5908695966692896,0.97077384047075066,18.964321644556421,7.2499999999999991,-0.90682373638685443,occupied,occupied,1,
124.04293696921354,17.699999999999996,8.6061268736819692,0.94658657981212824,18.999999999999996,7.2899466279728751,-0.90336759237561903,occupied,occupied,1,
124.09293412236518,17.719699376720133,8.6500000000000004,0.96384444522614066,19.050000000000004,7.3174615325398209,-0.91906779796522398,occupied,occupied,1,
124.14293127551682,17.75,8.680968740956013,0.96420992024186658,19.097254043936974,7.3499999999999996,-0.92961458279598375,occupied,occupied,1,
124.19292842866845,17.790406171731654,8.7000000000000028,0.94866871805421238,19.128871027153302,7.4000000000000021,-0.91720592114288224,occupied,occupied,1,
124.24292558182009,17.800000000000004,8.7466820008500257,0.97411524388249582,19.16227578479138,7.4500000000000028,-0.9066238462513202,occupied,occupied,1,
124.29292273497173,17.850000000000005,8.7528942681739004,0.94196056796616578,19.200000000000003,7.4976802025883993,-0.90142282960572384,occupied,occupied,1,
124.34291988812338,17.853708876952155,8.8000000000000007,0.97107974996328472,19.250000000000007,7.5360993811491506,-0.91228789195737725,occupied,occupied,1,
124.39291704127501,17.899999999999999,8.8064158419618437,0.94080339736930862,19.300000000000001,7.5770187306938226,-0.92237057657787935,occupied,occupied,1,
124.44291419442665,17.901436588367496,8.8499999999999996,0.96820639239080364,19.350000000000005,7.6205202039556426,-0.93178216715414286,occupied,occupied,1,
124.49291134757829,17.951879229587238,8.8500000000000014,0.92945167832181674,19.399999999999999,7.6666916310085913,-0.94064790774999363,occupied,occupied,1,
124.54290850072992,17.999999999999996,8.8515065446845593,0.89282511146009824,19.449999999999996,7.7156269969997728,-0.94910929205393535,occupied,occupied,1,
124.59290565388156,18.000000000000007,8.888751582528176,0.91547069672380477,19.500000000000007,7.7674265425201909,-0.95732663490311432,occupied,occupied,1,
124.6429028070332,18,8.9223678283990964,0.93527497204813437,19.550000000000001,7.8221966359624089,-0.96548189106391602,occupied,occupied,1,
124.69289996018483,18.003492192778616,8.9500000000000028,0.94810064960524598,19.600000000000005,7.8800493564772287,-0.97378164598250372,occupied,occupied,1,
124.74289711333647,18.045621503121481,8.9500000000000011,0.91277232124728092,19.649999999999999,7.9411017176388228,-0.9824601461290845,occupied,occupied,1,
124.7928942664881,18.050000000000001,8.9721753209837569,0.92054902332492183,19.699999999999999,8.005474458361487,-0.99178216080470993,occupied,occupied,1,
124.84289141963974,18.050000000000001,8.9938244719703917,0.93118661775315292,19.75,8.0731655424015614,-1.0021040651486253,occupied,occupied,1,
124.89288857279139,18.076826978622293,8.9999999999999982,0.91022445451728495,19.800000000000001,8.1432055972215096,-1.0142032292984833,occupied,occupied,1,
124.94288572594303,18.100000000000001,9.0082890120564727,0.89285019031138169,19.850000000000001,8.2156454894969961,-1.0282910730671067,occupied,occupied,1,
124.99288287909467,18.100000000000005,9.0261279807930244,0.8999117514880437,19.900000000000006,8.2908565234740923,-1.0444709567121477,occupied,occupied,1,
125.0428800322463,18.100000000000001,9.0419392625586212,0.90561184901627689,19.949999999999999,8.3692404648935881,-1.0628961322680202,occupied,occupied,1,
125.09287718539794,18.100000000000001,9.0556654319322689,0.91004708388666644,20,8.4512367226971925,-1.0837768964454941,occupied,occupied,1,
125.14287433854957,18.099999999999998,9.0672499174857197,0.91333169901422007,19.999999999999996,8.5509174808472537,-1.0555764210170351,occupied,occupied,1,
125.19287149170121,18.100000000000001,9.0766403800775315,0.91560057758781488,20.050000000000004,8.6392714956071561,-1.0828467049550261,occupied,occupied,1,
125.24286864485285,18.099999999999998,9.0837929438877669,0.91701168595396199,20.049999999999997,8.7415660696531887,-1.0627911409579429,occupied,occupied,1,
125.29286579800448,18.100000000000005,9.0886774399773138,0.91774746212289149,20.050000000000004,8.8446450389115512,-1.047462911544498,occupied,occupied,1,
125.34286295115612,18.099999999999994,9.091283772208671,0.91801446750408555,20.049999999999997,8.9489677573319337,-1.0371719297712225,occupied,occupied,1,
125.39286010430776,18.100000000000005,9.091629417035282,0.91804045492727648,20.100000000000009,9.0540888798224994,-1.0823118370288745,occupied,occupied,1,
125.44285725745941,18.100000000000001,9.0897679085683816,0.91806792524584857,20.100000000000001,9.1652430955164021,-1.083355694042391,occupied,occupied,1,
125.49285441061105,18.100000000000001,9.0860420766950174,0.91832156681374122,20.050000000000001,9.2742532661495876,-1.0407403137392703,occupied,occupied,1,
125.54285156376268,18.100000000000001,9.0829865364709654,0.91869664439128629,20.050000000000001,9.3855924726124478,-1.0546432534945442,occupied,occupied,1,
125.59284871691432,18.100000000000005,9.0813521202212044,0.91898587785273167,20.050000000000008,9.4972192790595926,-1.0748660458869208,occupied,occupied,1,
125.64284587006595,18.100000000000001,9.0812523043421596,0.91900237597410162,20.000000000000004,9.5961187938324386,-1.0495218179336185,occupied,occupied,1,
125.69284302321759,18.099999999999998,9.0827727768692395,0.91855894065722221,19.949999999999999,9.6906296562986984,-1.0287443192049184,occupied,occupied,1,
125.74284017636923,18.100000000000005,9.0859765479012768,0.91747417408684206,19.948401863804065,9.8000000000000007,-1.0640451773859871,occupied,occupied,1,
125.79283732952086,18.100000000000001,9.0909091493067926,0.91557618464487933,19.899999999999999,9.890885640057439,-1.0541858278210214,occupied,occupied,1,
125.8428344826725,18.100000000000005,9.0976037310421312,0.91270419013626902,19.850000000000005,9.9783852333779048,-1.0464476811735755,occupied,occupied,1,
125.89283163582414,18.100000000000001,9.1060859708307014,0.90870837818616335,19.775807351129615,10.049999999999999,-1.0146490957543057,occupied,occupied,1,
125.94282878897577,18.100000000000005,9.1163788111889854,0.90344835939277834,19.750000000000004,10.147117328725329,-1.0420392122799425,occupied,occupied,1,
125.99282594212742,18.100000000000005,9.1285071218278091,0.89679047007508328,19.657312740914236,10.200000000000001,-0.99353224337559032,occupied,occupied,1,
126.04282309527906,18.100000000000005,9.1425024615728052,0.88860407120619977,19.600000000000005,10.273227067018107,-0.98983627476154845,occupied,occupied,1,
126.0928202484307,18.089778642718525,9.1500000000000021,0.89199218549415871,19.550000000000001,10.351192848068504,-0.99880412043408195,occupied,occupied,1,
126.14281740158233,18.070634715859072,9.1500000000000004,0.90652018152101765,19.5,10.429445350242169,-1.0118295049969495,occupied,occupied,1,
126.19281455473397,18.052456909484107,9.1500000000000004,0.91981283754475807,19.44112258303047,10.5,-1.0169092263781934,occupied,occupied,1,
126.24281170788561,18.050000000000004,9.166261176639086,0.90996180056462384,19.363257652101591,10.550000000000001,-0.99775379461187597,occupied,occupied,1,
126.29280886103724,18.050000000000004,9.190098818614473,0.89235109445508132,19.290666290617096,10.600000000000003,-0.98569954009817573,occupied,occupied,1,
126.34280601418888,18.033708089065101,9.2000000000000011,0.89534188418672178,19.222580645939587,10.650000000000002,-0.97973623591635361,occupied,occupied,1,
126.39280316734052,18.006964638100563,9.1999999999999993,0.91195463190806059,19.158250520630379,10.699999999999999,-0.97893383209833296,occupied,occupied,1,
126.44280032049215,18.000000000000007,9.229833670786471,0.89216857749025624,19.097097753066915,10.750000000000002,-0.98253917260280987,occupied,occupied,1,
126.49279747364379,17.982302521278978,9.2500000000000018,0.88581035339798875,19.038677888210159,10.800000000000002,-0.9899372084714092,occupied,occupied,1,
126.54279462679544,17.948563461356741,9.25,0.90446047110206562,18.950336562066006,10.800000000000001,-0.94108805042335364,occupied,occupied,1,
126.59279177994708,17.913323332367966,9.2500000000000018,0.92325243527257428,18.897993726689123,10.850000000000001,-0.95546409083044093,occupied,occupied,1,
126.64278893309871,17.900000000000006,9.2898167057147703,0.89599693389937085,18.847410647393474,10.899999999999999,-0.97223141830753979,occupied,occupied,1,
126.69278608625035,17.866540436156534,9.3000000000000007,0.90387852486054987,18.770236915641853,10.9,-0.93369251513604312,occupied,occupied,1,
126.74278323940199,17.825708939594008,9.3000000000000007,0.92367262924723792,18.723910239518332,10.950000000000001,-0.95496133594814991,occupied,occupied,1,
126.79278039255362,17.800000000000001,9.3313958136682658,0.90812472790092802,18.652658112847806,10.950000000000003,-0.92133020989224068,occupied,occupied,1,
126.84277754570526,17.765346276055247,9.3500000000000014,0.90757694298581137,18.609923435957729,11,-0.9460170198412533,occupied,occupied,1,
126.8927746988569,17.7195016150561,9.3499999999999996,0.92825615755340685,18.550000000000008,11.012869065202461,-0.93046950682037244,occupied,occupied,1,
126.94277185200853,17.672191338190487,9.3500000000000014,0.94921635295887918,18.504136476571759,11.050000000000001,-0.94343594296772015,occupied,occupied,1,
126.99276900516017,17.647405118978462,9.3999999999999986,0.91505443256283669,18.449999999999999,11.066491915973442,-0.93463577097039674,occupied,occupied,1,
127.04276615831181,17.596868277716748,9.4000000000000004,0.93687089986217265,18.405641523193658,11.1,-0.94571088125631309,occupied,occupied,1,
127.09276331146346,17.550000000000008,9.4079820051785354,0.94969519395654856,18.350000000000005,11.109100235949334,-0.93014608526379305,occupied,occupied,1,
127.14276046461509,17.518930859966048,9.4500000000000011,0.92479393170600344,18.309443484088412,11.15,-0.95001544764348977,occupied,occupied,1,
127.19275761776673,17.468150577565478,9.4500000000000028,0.94610863039162973,18.250044311004636,11.150000000000002,-0.92508291789823616,occupied,occupied,1,
127.24275477091837,17.417402223678767,9.4499999999999993,0.96722087512382338,18.199999999999996,11.169723281548682,-0.92219899473134026,occupied,occupied,1,
127.29275192407,17.389189471153625,9.5,0.93330696972548044,18.15489234330602,11.200000000000001,-0.931177111306703,occupied,occupied,1,
127.34274907722164,17.338231653706742,9.5,0.95414748935054705,18.100000000000001,11.20813585465854,-0.91615171435575427,occupied,occupied,1,
127.39274623037328,17.300000000000004,9.528828279038315,0.94330714766818313,18.060290236095568,11.250000000000002,-0.93830740801012202,occupied,occupied,1,
127.44274338352491,17.258160532269166,9.5500000000000025,0.94076686208049765,18.0022616789065,11.250000000000002,-0.91495038912642879,occupied,occupied,1,
127.49274053667655,17.206938786779666,9.5499999999999989,0.96122989326788166,17.966267053086618,11.299999999999999,-0.94640723575134666,occupied,occupied,1,
127.54273768982819,17.155670790399732,9.5500000000000007,0.98156515050903659,17.908724549183749,11.300000000000001,-0.92358312813457932,occupied,occupied,1,
127.59273484297984,17.125688180528513,9.6000000000000014,0.94742031228955026,17.851507200730705,11.300000000000001,-0.90104208929920571,occupied,occupied,1,
127.64273199613147,17.07412284911991,9.6000000000000014,0.96760417717763458,17.815793243131463,11.350000000000001,-0.93307332659654685,occupied,occupied,1,
127.69272914928311,17.043519833265609,9.6499999999999986,0.93344990638145453,17.759043337530684,11.35,-0.91099415217813628,occupied,occupied,1,
127.74272630243475,16.991639643349455,9.6500000000000021,0.95352057663618039,17.723503123176094,11.400000000000002,-0.94335162599212463,occupied,occupied,1,
127.79272345558638,16.939657644071431,9.6500000000000004,0.97352556132554779,17.667216415029451,11.4,-0.92168993175114877,occupied,occupied,1,
127.84272060873802,16.900000000000006,9.6800863162988264,0.96092215958987626,17.631891525243013,11.450000000000001,-0.95434796560792379,occupied,occupied,1,
127.89271776188966,16.855904067041422,9.7000000000000011,0.95932828409933313,17.576064254135208,11.450000000000001,-0.93305928061222754,occupied,occupied,1,
127.94271491504129,16.803438503288323,9.6999999999999993,0.97925692135089515,17.520509514801397,11.449999999999999,-0.91195719544084974,occupied,occupied,1,
127.99271206819293,16.771234574733782,9.7500000000000018,0.94516794694547612,17.485625929996043,11.500000000000004,-0.9450317801927578,occupied,occupied,1,
128.04270922134458,16.718390658455291,9.7500000000000018,0.96511200781416662,17.430513687022572,11.500000000000004,-0.92423158396998473,occupied,occupied,1,
128.0927063744962,16.685673587532111,9.7999999999999989,0.93110799628890994,17.395941210366889,11.549999999999999,-0.95753704607542056,occupied,occupied,1,
128.14270352764785,16.632441321065986,9.8000000000000007,0.95110890379950541,17.341267830273836,11.550000000000002,-0.93699464742743588,occupied,occupied,1,
128.19270068079948,16.599249123660275,9.8500000000000014,0.91721370474675223,17.286827079857421,11.550000000000001,-0.91657020996300498,occupied,occupied,1,
128.24269783395113,16.545619950032858,9.8500000000000014,0.93731369154415078,17.25,11.593042766309312,-0.94267283499664478,occupied,occupied,1,
128.29269498710275,16.491792242929424,9.8499999999999996,0.9574782654741314,17.198791544904552,11.6,-0.92994008057247768,occupied,occupied,1,
128.3426921402544,16.450000000000003,9.8803063104846203,0.94503516448662794,17.150000000000006,11.612429267301065,-0.92318589778907278,occupied,occupied,1,
128.39268929340602,16.403711552074419,9.9000000000000004,0.9441269554422993,17.111579292962723,11.650000000000002,-0.9436168668467082,occupied,occupied,1,
128.44268644655767,16.350000000000005,9.9018832387784492,0.96253423270105742,17.058165787198728,11.65,-0.92357578344924929,occupied,occupied,1,
128.49268359970932,16.314819397211934,9.9499999999999993,0.93116440272081968,17.025226668155007,11.699999999999999,-0.95753316190110216,occupied,occupied,1,
128.54268075286095,16.259904637515692,9.9499999999999993,0.95184262768553451,16.972207690460067,11.699999999999999,-0.93756882544845088,occupied,occupied,1,
128.5926779060126,16.225152281835399,10,0.91866152324481576,16.919350082081621,11.700000000000001,-0.9176147593081917,occupied,occupied,1,
128.64267505916422,16.169827320463007,10,0.93960995258408853,16.887099510297453,11.75,-0.95168045195718698,occupied,occupied,1,
128.69267221231587,16.114455749067655,10,0.9606427947533267,16.834363150368642,11.75,-0.93164858514775406,occupied,occupied,1,
128.74266936546749,16.079706827758823,10.050000000000001,0.9276546787412282,16.800000000000004,11.794728576653849,-0.95990990562928569,occupied,occupied,1,
128.79266651861914,16.024369853293653,10.050000000000001,0.94880244031022098,16.749328246502259,11.800000000000001,-0.94541630943427513,occupied,occupied,1,
128.84266367177077,15.989797902339427,10.100000000000001,0.91587091676236787,16.696390211093515,11.800000000000001,-0.92512682652533829,occupied,occupied,1,
128.89266082492242,15.93449585067189,10.100000000000003,0.93712565700220063,16.649999999999995,11.815913289929398,-0.92198827341251732,occupied,occupied,1,
128.94265797807407,15.900000000000002,10.149777803884476,0.90448655001379319,16.611167233350951,11.85,-0.93847691949826806,occupied,occupied,1,
128.99265513122569,15.844826277327842,10.149999999999999,0.92559952414842339,16.558035778380489,11.85,-0.9179480864089411,occupied,occupied,1,
129.04265228437734,15.800000000000001,10.17484337357827,0.92005887565699351,16.525858978088895,11.899999999999999,-0.95158121842067334,occupied,occupied,1,
129.09264943752896,15.755353964941634,10.200000000000001,0.9142112523008995,16.472622876900065,11.9,-0.93091061144198872,occupied,occupied,1,
129.14264659068061,15.70011324517165,10.200000000000001,0.93571001031802048,16.440459321657084,11.950000000000001,-0.96445111784121373,occupied,occupied,1,
129.19264374383224,15.65,10.212107309445356,0.94410842123009275,16.387119720971697,11.949999999999999,-0.94364592903072653,occupied,occupied,1,
129.24264089698389,15.610870472485649,10.250000000000002,0.92452571014604612,16.333702587085032,11.950000000000001,-0.92276589268665665,occupied,occupied,1,
129.29263805013551,15.55566361885489,10.25,0.94614959770722129,16.300000000000008,11.996432482394484,-0.95228740779461174,occupied,occupied,1,
129.34263520328716,15.521812319792927,10.300000000000002,0.91344629193218263,16.248003792817745,12.000000000000002,-0.93516238907468596,occupied,occupied,1,
129.39263235643878,15.466648051669253,10.300000000000002,0.93513656147316115,16.200000000000003,12.01304689398035,-0.92828361151419447,occupied,occupied,1,
129.44262950959043,15.432932496848631,10.350000000000001,0.90245934704982411,16.162204636562741,12.050000000000001,-0.94736168585124936,occupied,occupied,1,
129.49262666274208,15.37781184398257,10.35,0.92420828443467329,16.108520022016542,12.050000000000001,-0.92617936182913874,occupied,occupied,1,
129.54262381589371,15.322693316418025,10.350000000000001,0.94599161612013249,16.076299721915166,12.100000000000001,-0.95937517649653326,occupied,occupied,1,
129.59262096904536,15.289149011362467,10.4,0.91335248969129634,16.022521075141832,12.100000000000001,-0.9380887283688405,occupied,occupied,1,
129.64261812219698,15.234077850808163,10.4,0.93518219632289756,15.96867791146561,12.100000000000001,-0.91674578530001782,occupied,occupied,1,
129.69261527534863,15.199999999999998,10.448489463941067,0.90420293032542387,15.936412613130091,12.150000000000002,-0.94983095315585064,occupied,occupied,1,
129.74261242850025,15.145631204701255,10.450000000000003,0.92442543285978607,15.882479715096425,12.150000000000002,-0.92839558582269277,occupied,occupied,1,
129.7926095816519,15.1,10.471614490450204,0.92275367879361903,15.85,12.199563273761573,-0.96094135962083882,occupied,occupied,1,
129.84260673480352,15.057347828594841,10.500000000000002,0.91370925160197403,15.796168487227654,12.200000000000001,-0.93989695404760343,occupied,occupied,1,
129.89260388795518,15.002387684488021,10.499999999999998,0.93562671786288143,15.742090950180659,12.199999999999999,-0.91833145892438306,occupied,occupied,1,
129.9426010411068,14.969222321722757,10.549999999999999,0.90302165427051562,15.699999999999999,12.227641581066017,-0.92687377705608431,occupied,occupied,1,
129.99259819425845,14.914316209232751,10.549999999999999,0.92495808807348612,15.65557801662764,12.249999999999998,-0.92962247558567634,occupied,occupied,1,
130.0425953474101,14.859427714686841,10.549999999999999,0.9469051502867355,15.601365550982493,12.25,-0.90794572051853695,occupied,occupied,1,
130.09259250056172,14.826398793198607,10.6,0.9142985706658231,15.568943887464343,12.299999999999999,-0.94079528599429507,occupied,occupied,1,
130.14258965371337,14.771568558087184,10.6,0.9362524904773849,15.514652177810635,12.300000000000001,-0.91905698934028357,occupied,occupied,1,
130.19258680686499,14.738630331791262,10.649999999999999,0.90363632814808315,15.482183779386693,12.35,-0.95186137582006025,occupied,occupied,1,
130.24258396001665,14.683859880850271,10.649999999999999,0.92558959749436809,15.427814490163749,12.35,-0.93006890037606993,occupied,occupied,1,
130.29258111316827,14.650000000000006,10.697702656557214,0.89546745890362667,15.373402148414293,12.35,-0.90825014079941258,occupied,occupied,1,
130.34257826631992,14.596296708751396,10.700000000000003,0.914904716706333,15.340847751278393,12.400000000000002,-0.94099297846116647,occupied,occupied,1,
130.39257541947154,14.541616000010892,10.700000000000001,0.93684413771341535,15.286362359403538,12.4,-0.91913192350844175,occupied,occupied,1,
130.44257257262319,14.500000000000004,10.729746839472153,0.92629815280174932,15.250000000000004,12.441447797068019,-0.9425036473457693,occupied,occupied,1,
130.49256972577481,14.454259189139341,10.75,0.92610544072022705,15.199190469948963,12.450000000000001,-0.92994483153229557,occupied,occupied,1,
130.54256687892646,14.399999999999999,10.750735115469695,0.94720923068261254,15.149999999999999,12.462326216425369,-0.92149194844439219,occupied,occupied,1,
130.59256403207812,14.36703975379219,10.800000000000001,0.91531397179306773,15.111881748310303,12.5,-0.94070046694325893,occupied,occupied,1,
130.64256118522974,14.31252866171925,10.800000000000001,0.93718828455149239,15.057223200342809,12.500000000000002,-0.91876698318955963,occupied,occupied,1,
130.69255833838139,14.279952896768965,10.850000000000001,0.90445814190600637,15.002535011040658,12.500000000000002,-0.89682609770343114,occupied,occupied,1,
130.74255549153301,14.225513661474919,10.85,0.92629298780694236,14.969707662495487,12.550000000000001,-0.92946149788210064,occupied,occupied,1,
130.79255264468466,14.192993837215599,10.9,0.89352640049846299,14.914957072136589,12.550000000000001,-0.90750966593040749,occupied,occupied,1,
130.84254979783628,14.138628101990619,10.900000000000002,0.9153144031026168,14.882047356490375,12.600000000000001,-0.94012952975037245,occupied,occupied,1,
130.89254695098793,14.084306941290272,10.900000000000002,0.93707333621686528,14.827235965673438,12.600000000000001,-0.91817423089403694,occupied,occupied,1,
130.94254410413956,14.050000000000001,10.94572418418535,0.90890676305575924,14.772402982157367,12.600000000000003,-0.89622329968739145,occupied,occupied,1,
130.99254125729121,13.997624011107657,10.950000000000001,0.92594129089574417,14.739366774077441,12.650000000000002,-0.92883155946034535,occupied,occupied,1,
131.04253841044283,13.949999999999998,10.965070421836918,0.93116536045090592,14.684477341472375,12.650000000000002,-0.90688922211870748,occupied,occupied,1,
131.09253556359448,13.911062552105966,11,0.91469566598306018,14.650000000000006,12.696912471654045,-0.93612590519963912,occupied,occupied,1,
131.14253271674613,13.856951613224309,11,0.936289286405105,14.596400114680348,12.700000000000001,-0.91756725774969605,occupied,occupied,1,
131.19252986989775,13.824617698340173,11.050000000000001,0.90332503695773392,14.550000000000006,12.719698795320719,-0.91713467164797213,occupied,occupied,1,
131.2425270230494,13.770590764718467,11.050000000000001,0.92484090217964599,14.508166146626174,12.75,-0.92826930609084424,occupied,occupied,1,
131.29252417620103,13.738284522629163,11.1,0.89181799985642241,14.453157334080306,12.750000000000002,-0.90638753248743686,occupied,occupied,1,
131.34252132935268,13.684343150503343,11.1,0.91324883036769278,14.400000000000002,12.754299652605253,-0.88921394784475738,occupied,occupied,1,
131.3925184825043,13.630462447198282,11.100000000000001,0.93462754812583559,14.364711933413432,12.800000000000002,-0.91716139989367695,occupied,occupied,1,
131.44251563565595,13.598203726547474,11.150000000000002,0.90150170011152753,14.309647820774392,12.800000000000002,-0.89534350724784895,occupied,occupied,1,
131.49251278880757,13.544412871906376,11.15,0.92278371153953243,14.276100384717594,12.85,-0.92799088748755199,occupied,occupied,1,
131.54250994195922,13.500000000000007,11.171676835356179,0.92041421278887292,14.220990796489925,12.85,-0.90622104735564113,occupied,occupied,1,
131.59250709511085,13.458467788583226,11.200000000000001,0.91076622387991957,14.18731703692556,12.9,-0.93888812945455757,occupied,occupied,1,
131.6425042482625,13.404836798068965,11.199999999999999,0.93188080048944388,14.13216314804261,12.9,-0.91717399030664981,occupied,occupied,1,
131.69250140141415,13.372621875658398,11.25,0.89856374927050575,14.077010936397585,12.9,-0.89549978051015255,occupied,occupied,1,
131.74249855456577,13.319086278847228,11.250000000000002,0.91956279707283772,14.043158956714256,12.950000000000003,-0.92821458205959706,occupied,occupied,1,
131.79249570771742,13.265624322708026,11.250000000000002,0.94049141903909428,13.987966079688048,12.950000000000003,-0.90660836545469092,occupied,occupied,1,
131.84249286086904,13.233365393310525,11.300000000000001,0.90706744102724013,13.950000000000003,12.990470526745691,-0.92903053056927443,occupied,occupied,1,
131.89249001402069,13.179576869984459,11.300000000000002,0.9280471251710356,13.899225477865851,13.000000000000004,-0.91800111873420598,occupied,occupied,1,
131.94248716717232,13.146604058038275,11.350000000000003,0.89485126810025184,13.844779204647871,13.000000000000004,-0.89678165617395145,occupied,occupied,1,
131.99248432032397,13.092119894966672,11.35,0.91608645954725343,13.800000000000006,13.022020737675263,-0.89960833592860889,occupied,occupied,1,
132.04248147347559,13.050000000000002,11.380033646476823,0.90486295810587158,13.758096545453604,13.050000000000002,-0.90902467335943649,occupied,occupied,1,
132.09247862662724,13.003268573421249,11.399999999999999,0.90474516899378576,13.704665701201563,13.049999999999999,-0.88814577327193767,occupied,occupied,1,
132.14247577977886,12.950000000000005,11.405463302301687,0.92058732866914783,13.672858791982197,13.1,-0.92168828941633818,occupied,occupied,1,
132.19247293293051,12.913066821716903,11.449999999999999,0.89415396988635043,13.620090181004102,13.100000000000001,-0.90094547877318221,occupied,occupied,1,
132.24247008608216,12.856700391803553,11.449999999999999,0.91640438728258289,13.58913322434355,13.15,-0.9346649939623678,occupied,occupied,1,
132.29246723923379,12.799999999999999,11.450297410993333,0.93862600101766502,13.537018924594268,13.150000000000002,-0.91398992957509295,occupied,occupied,1,
132.34246439238544,12.764390819369215,11.500000000000002,0.90726127687832814,13.48514877192418,13.15,-0.89329197869930799,occupied,occupied,1,
132.39246154553706,12.706729555588177,11.5,0.93042219392174375,13.450000000000003,13.187462564694743,-0.91348150768046099,occupied,occupied,1,
132.44245869868871,12.670764696462783,11.550000000000002,0.8992507308057518,13.404272976847041,13.200000000000003,-0.90644425932748607,occupied,occupied,1,
132.49245585184033,12.612235646681702,11.550000000000001,0.92312582810540322,13.353217472696633,13.199999999999999,-0.88561795322030457,occupied,occupied,1,
132.54245300499198,12.575835697793813,11.600000000000001,0.8925354321184038,13.325033788814247,13.250000000000002,-0.9195897786737921,occupied,occupied,1,
132.59245015814361,12.516396355014834,11.6,0.91722998802473643,13.274562076741097,13.25,-0.89862112415398632,occupied,occupied,1,
132.64244731129526,12.456336200786975,11.6,0.94243772456127828,13.224230203120927,13.25,-0.87749666953661154,occupied,occupied,1,
132.69244446444688,12.419206007013646,11.65,0.91291430097440918,13.197598860883181,13.300000000000001,-0.91147475702696978,occupied,occupied,1,
132.74244161759853,12.358133796948502,11.649999999999999,0.93912386451798102,13.147806629272079,13.299999999999999,-0.89010635120390513,occupied,occupied,1,
132.79243877075018,12.320644579695696,11.700000000000003,0.91036983842199615,13.100000000000005,13.303921747626024,-0.87287435227803845,occupied,occupied,1,
132.8424359239018,12.258496356195103,11.700000000000001,0.93770574277556029,13.073117907578551,13.350000000000001,-0.90243236942644856,occupied,occupied,1,
132.89243307705345,12.220675971699876,11.750000000000002,0.90979996649702144,13.023890080139539,13.350000000000001,-0.88049411660679189,occupied,occupied,1,
132.94243023020508,12.157377588963737,11.75,0.93839540651609865,13,13.399579555613299,-0.91393427199092303,occupied,occupied,1,
132.99242738335673,12.119246176576755,11.800000000000001,0.91142131581367691,12.951443130250922,13.4,-0.89206191662974199,occupied,occupied,1,
133.04242453650835,12.054712202186469,11.800000000000002,0.94141898054302886,12.902641038634034,13.400000000000002,-0.86937733922331084,occupied,occupied,1,
133.09242168966,12.016281363206183,11.850000000000003,0.91546487014544631,12.880788085933018,13.450000000000003,-0.90315325184715378,occupied,occupied,1,
133.14241884281162,11.977974740408325,11.9,0.88992493195631317,12.832359535670228,13.449999999999999,-0.8799545493572376,occupied,occupied,1,
133.19241599596327,11.911685874175031,11.900000000000002,0.92217716968843855,12.800000000000001,13.478767285555499,-0.88934377362975958,occupied,occupied,1,
133.2424131491149,11.873106960599936,11.950000000000001,0.89778167159541156,12.763842546005542,13.5,-0.88992912243920264,occupied,occupied,1,
133.29241030226655,11.805340159130907,11.950000000000003,0.93182162031998494,12.744926365276216,13.550000000000002,-0.92366274737987097,occupied,occupied,1,
133.3424074554182,11.766476395655282,12.000000000000002,0.90867084839188561,12.697086477534059,13.550000000000002,-0.89923819923590442,occupied,occupied,1,
133.39240460856982,11.700000000000006,12.004724254656464,0.93913586093226709,12.650000000000006,13.551613384550215,-0.87617843146545638,occupied,occupied,1,
133.44240176172147,11.658033818581723,12.050000000000001,0.92282149581200879,12.631962615921749,13.600000000000001,-0.90776237341884081,occupied,occupied,1,
133.49239891487309,11.619509752385557,12.100000000000001,0.90128445829183235,12.583574927349623,13.600000000000001,-0.88180882630617141,occupied,occupied,1,
133.54239606802474,11.550000000000004,12.102034756731385,0.93745899570568392,12.550000000000004,13.623540911529304,-0.88324992641447364,occupied,occupied,1,
133.59239322117637,11.510470824289342,12.15,0.91938988893642737,12.518402312741815,13.65,-0.88779739671329561,occupied,occupied,1,
133.64239037432802,11.47278803055892,12.200000000000003,0.89920758057667405,12.500000000000002,13.695526886418026,-0.91511463396026083,occupied,occupied,1,
133.69238752747964,11.400505933059137,12.200000000000003,0.94043506672945232,12.453450962822666,13.700000000000003,-0.89223872740405996,occupied,occupied,1,
133.74238468063129,11.363044789728942,12.250000000000002,0.92133687412957588,12.403115901258511,13.700000000000003,-0.86310923518231641,occupied,occupied,1,
133.79238183378291,11.326051729223146,12.300000000000001,0.902571465067458,12.388688367939949,13.750000000000002,-0.89512056248991789,occupied,occupied,1,
133.84237898693456,11.289517063255355,12.349999999999998,0.88413933638392517,12.350000000000001,13.766495234879955,-0.88534725852550511,occupied,occupied,1,
133.89237614008621,11.215193987493562,12.350000000000001,0.92898655187630674,12.324080251709365,13.800000000000001,-0.8964253871025305,occupied,occupied,1,
133.94237329323784,11.178729952673834,12.4,0.91172428865470079,12.300000000000001,13.835468704593401,-0.90976326850781652,occupied,occupied,1,
133.99237044638949,11.142681930228225,12.450000000000001,0.89481482964467784,12.259589670539546,13.850000000000001,-0.89612986530470573,occupied,occupied,1,
134.04236759954111,11.1,12.491359199846874,0.88940672119463249,12.207006197308401,13.850000000000001,-0.86312503164750476,occupied,occupied,1,
134.09236475269276,11.050000000000001,12.523806909355025,0.8961409491747595,12.195175994631716,13.9,-0.89420412410572558,occupied,occupied,1,
134.14236190584438,11.000000000000002,12.556533386837076,0.90327469806850513,12.15,13.909721906539829,-0.87256852976871746,occupied,occupied,1,
134.19235905899603,10.959065169287337,12.600000000000001,0.8969707061860136,12.130793730906579,13.950000000000001,-0.89061085058679446,occupied,occupied,1,
134.24235621214766,10.899999999999999,12.622890307418471,0.9187116211431946,12.1,13.976581001560584,-0.89028768659767754,occupied,occupied,1,
134.29235336529931,10.850000000000001,12.656553923843877,0.92700231700708935,12.066391138784121,14.000000000000004,-0.88530415874468604,occupied,occupied,1,
134.34235051845093,10.808728083718975,12.700000000000001,0.92281290163619079,12.050000000000006,14.04212270484939,-0.90531437101750123,occupied,occupied,1,
134.39234767160258,10.773682962432783,12.75,0.91021756955496669,12.001908577127626,14.050000000000001,-0.87822816923403191,occupied,occupied,1,
134.44234482475423,10.738918118810968,12.800000000000001,0.8980668297219222,11.993747357426892,14.100000000000001,-0.90875259071981618,occupied,occupied,1,
134.49234197790585,10.699999999999999,12.84551778624359,0.89266626254447901,11.949999999999999,14.112900430750788,-0.88743451201803336,occupied,occupied,1,
134.5423391310575,10.649999999999999,12.879981008644299,0.90356383604499924,11.9300773654968,14.150000000000002,-0.89964061716084609,occupied,occupied,1,
134.59233628420913,10.600000000000003,12.914885717373298,0.9148020448880434,11.900000000000002,14.176778307425247,-0.89692997415561648,occupied,occupied,1,
134.64233343736078,10.550000000000001,12.950247329397214,0.92638069729805139,11.866193894722102,14.199999999999999,-0.88862566803032617,occupied,occupied,1,
134.6923305905124,10.514988320102589,13,0.91784596681500685,11.850000000000003,14.239725795679835,-0.90401468480918168,occupied,occupied,1,
134.74232774366405,10.500000000000004,13.067803258725009,0.88302564701344188,11.801999479770343,14.250000000000002,-0.87560785101946192,occupied,occupied,1,
134.79232489681567,10.450000000000006,13.103610234457518,0.89631183091418054,11.797916209859366,14.300000000000001,-0.90597188146198682,occupied,occupied,1,
134.84232204996732,10.411587020222983,13.15,0.89458890787036993,11.750000000000002,14.310949548596449,-0.87717664062127343,occupied,occupied,1,
134.89231920311894,10.377333407045324,13.200000000000003,0.88804800943098749,11.734361913469652,14.350000000000001,-0.89072301778084539,occupied,occupied,1,
134.9423163562706,10.343147249396857,13.25,0.88215259484758235,11.699999999999999,14.373023158481447,-0.87916236883862742,occupied,occupied,1,
134.99231350942225,10.300000000000001,13.292725580674057,0.88850376166651035,11.670256903576096,14.400000000000002,-0.87321716444282971,occupied,occupied,1,
135.04231066257387,10.25,13.330306229109793,0.90413136796939031,11.65,14.434586128989665,-0.8789654037395096,occupied,occupied,1,
135.09230781572552,10.241325536520035,13.400000000000002,0.86813064911535243,11.604827156839916,14.450000000000001,-0.85280998571634825,occupied,occupied,1,
135.14230496887714,10.200000000000005,13.44391398349374,0.87442385787066357,11.600000000000005,14.496708858361705,-0.87725449403880063,occupied,occupied,1,
135.19230212202879,10.149999999999999,13.481440435806823,0.89217025580336717,11.6,14.546484494208178,-0.90694587339342025,occupied,occupied,1,
135.24229927518041,10.099999999999996,13.519252526306088,0.91041706024853841,11.549999999999997,14.55978453296159,-0.87429772281191664,occupied,occupied,1,
135.29229642833207,10.100000000000007,13.59240615412107,0.86809064448251683,11.5368248288865,14.600000000000001,-0.88681987949236574,occupied,occupied,1,
135.34229358148369,10.050000000000002,13.629977116894946,0.88777441725236905,11.500000000000004,14.623900080322661,-0.87017406243323736,occupied,occupied,1,
135.39229073463534,10,13.667836801983643,0.90792243168466202,11.5,14.673124416049236,-0.89779160630521071,occupied,occupied,1,
135.44228788778699,9.9499999999999975,13.705975792833168,0.92853034971959247,11.466595051108008,14.700000000000003,-0.88479385556719636,occupied,occupied,1,
135.49228504093861,9.9499999999999993,13.776442725278892,0.89019875856595643,11.449999999999999,14.73819543470459,-0.89164530702667311,occupied,occupied,1,
135.54228219409026,9.8999999999999968,13.814421596147623,0.91208143506108186,11.399999999999997,14.755503865278213,-0.85869123167849071,occupied,occupied,1,
135.59227934724188,9.9000000000000057,13.883376651633903,0.87571662032181619,11.400000000000006,14.804491847297658,-0.88452575039952253,occupied,occupied,1,
135.64227650039354,9.8499999999999996,13.921245960127445,0.89878304819261745,11.394779721958008,14.850000000000001,-0.90369537219200824,occupied,occupied,1,
135.69227365354516,9.8000000000000025,13.959386549644286,0.92225093114794554,11.350000000000001,14.872039050196733,-0.87648045145609277,occupied,occupied,1,
135.74227080669681,9.8000000000000007,14.026627081992281,0.88839403456032118,11.314102066971667,14.9,-0.85954341372471188,occupied,occupied,1,
135.79226795984843,9.7500000000000018,14.064693959765087,0.91293831112355117,11.300000000000002,14.940850071314781,-0.86755306257245246,occupied,occupied,1,
135.84226511300008,9.7000000000000011,14.103013953594889,0.93785600663327762,11.300000000000002,14.989583247465859,-0.8913528695847649,occupied,occupied,1,
135.8922622661517,9.7000000000000064,14.168740556374905,0.90623871071185036,11.250000000000005,15.01092718105081,-0.85778461985466814,occupied,occupied,1,
135.94225941930335,9.6500000000000057,14.207006482445781,0.93213548727394446,11.250000000000005,15.059762972118303,-0.88092646166177868,occupied,occupied,1,
135.99225657245501,9.6500000000000021,14.271651140595347,0.90195442482894073,11.23391484400176,15.100000000000001,-0.88548734091508041,occupied,occupied,1,
136.04225372560663,9.6000000000000014,14.309880636930028,0.92876209359245443,11.200000000000001,15.131232833328369,-0.86974268275048783,occupied,occupied,1,
136.09225087875828,9.6000000000000032,14.373531817630674,0.89990299156274589,11.200000000000003,15.180047255021819,-0.8918746594727357,occupied,occupied,1,
136.1422480319099,9.5500000000000025,14.411735741522552,0.92755814653393631,11.150000000000004,15.203972471733975,-0.85783789824046863,occupied,occupied,1,
136.19224518506155,9.5500000000000007,14.474471825710218,0.89991554127710882,11.150000000000002,15.25297451838123,-0.87942884430315738,occupied,occupied,1,
136.24224233821317,9.5000000000000053,14.51265494287342,0.92835901232785523,11.146088074415214,15.300000000000001,-0.89633772623272778,occupied,occupied,1,
136.29223949136482,9.5000000000000018,14.574545188247399,0.90183532559507285,11.100000000000001,15.327163253640453,-0.86633716382896153,occupied,occupied,1,
136.34223664451645,9.4500000000000011,14.612706786836963,0.93101170047287451,11.100000000000001,15.376289279091827,-0.88710771872877625,occupied,occupied,1,
136.3922337976681,9.4500000000000028,14.67381220056463,0.9055164105754353,11.050000000000002,15.402578337128535,-0.8526360520404439,occupied,occupied,1,
136.44223095081972,9.3999999999999986,14.7119466349956,0.93537361905550553,11.049999999999997,15.451945883169467,-0.8729678551406389,occupied,occupied,1,
136.49222810397137,9.4000000000000021,14.772320762433409,0.91082251905500111,11.050000000000002,15.501270409518799,-0.89302547564574897,occupied,occupied,1,
136.54222525712302,9.3500000000000014,14.810417931899002,0.94131147285592409,11.048694233489989,15.550000000000002,-0.91140106133514487,occupied,occupied,1,
136.59222241027464,9.3500000000000014,14.87010756753453,0.91762600793852322,11.000000000000002,15.578392873871632,-0.87797084970325923,occupied,occupied,1,
136.64221956342629,9.3499999999999979,14.929324619220377,0.89440274626236416,10.999999999999998,15.627977030071008,-0.89741621534826677,occupied,occupied,1,
136.69221671657792,9.3000000000000025,14.967199160716961,0.92580696716158972,10.950000000000003,15.656673568720258,-0.86245334926091055,occupied,occupied,1,
136.74221386972957,9.3000000000000043,15.025804299888783,0.90333431945326126,10.950000000000005,15.706547722215561,-0.88157789324549629,occupied,occupied,1,
136.79221102288119,9.2500000000000036,15.063612873611079,0.93525242809815823,10.950000000000005,15.756442247421173,-0.90050696278455933,occupied,occupied,1,
136.84220817603284,9.25,15.12163822216422,0.9134640210298528,10.934183306713994,15.800000000000002,-0.90220338029744074,occupied,occupied,1,
136.89220532918446,9.2500000000000071,15.179271608359896,0.89203591753175882,10.900000000000006,15.83643227579638,-0.88401592372332238,occupied,occupied,1,
136.94220248233611,9.1999999999999993,15.216830593246893,0.92468892384619406,10.899999999999999,15.886680115942513,-0.90252162315038764,occupied,occupied,1,
136.99219963548774,9.2000000000000028,15.273936271653639,0.90384710731038309,10.900000000000002,15.936987606943363,-0.92088220774691809,occupied,occupied,1,
137.04219678863939,9.1500000000000021,15.311378384222849,0.93691135726370089,10.850000000000003,15.968053040745366,-0.88551054902445836,occupied,occupied,1,
137.09219394179104,9.1500000000000039,15.367977112931758,0.91659857914179999,10.850000000000003,16.018691613052919,-0.90368419028385483,occupied,occupied,1,
137.14219109494266,9.1500000000000004,15.424247391931601,0.89655881487177247,10.85,16.069413687268582,-0.92174796580052276,occupied,occupied,1,
137.19218824809431,9.0999999999999996,15.461380753961434,0.93020029474018895,10.799999999999999,16.101406635044832,-0.8862889368426965,occupied,occupied,1,
137.24218540124593,9.1000000000000032,15.517180331005003,0.91060436682432244,10.800000000000002,16.152469831737406,-0.90422145119261021,occupied,occupied,1,
137.29218255439758,9.0999999999999996,15.572685451349225,0.89123357174637696,10.800000000000001,16.20363924892132,-0.92207905840614268,occupied,occupied,1,
137.34217970754921,9.0499999999999989,15.609468772819634,0.92536381155247183,10.786643745224113,16.25,-0.92563909250230658,occupied,occupied,1,
137.39217686070086,9.0499999999999989,15.664531609547051,0.90635782201186266,10.75,16.288004582506765,-0.90436538930764376,occupied,occupied,1,
137.44217401385248,9.050000000000006,15.719329959504874,0.88753238636249931,10.750000000000005,16.339653065620507,-0.92210867085877857,occupied,occupied,1,
137.49217116700413,9.0000000000000053,15.755713219857997,0.92206888840659629,10.750000000000004,16.391441300597332,-0.93982536010498774,occupied,occupied,1,
137.54216832015575,9.0000000000000036,15.810091069867221,0.90353434151406553,10.700000000000003,16.42528658651629,-0.90435545703702835,occupied,occupied,1,
137.5921654733074,9.0000000000000036,15.864231094246923,0.88513843561848149,10.700000000000003,16.477446471411906,-0.92207851283889564,occupied,occupied,1,
137.64216262645905,8.9500000000000011,15.900156440866629,0.92000395707001181,10.700000000000001,16.529768738502899,-0.93981099214800778,occupied,occupied,1,
137.69215977961068,8.9500000000000028,15.95389216366484,0.90182923752384203,10.650000000000002,16.564311433356874,-0.90444086542625524,occupied,occupied,1,
137.74215693276233,8.9500000000000046,16.007414061926841,0.8837533534393891,10.650000000000004,16.617017273292596,-0.92224113030286292,occupied,occupied,1,
137.79215408591395,8.9200466051404117,16.050000000000004,0.89758056736896674,10.650000000000002,16.669909201341767,-0.94008810959497591,occupied,occupied,1,
137.8421512390656,8.9000000000000004,16.095945675128597,0.90095441383590724,10.6,16.705083472596048,-0.90488302522207664,occupied,occupied,1,
137.89214839221722,8.9000000000000021,16.148882943575167,0.88309409466090649,10.600000000000001,16.758373658709097,-0.92286241971989968,occupied,occupied,1,
137.94214554536887,8.8500000000000032,16.183691013596103,0.91840443066691124,10.566917510218978,16.800000000000001,-0.90577826402644701,occupied,occupied,1,
137.9921426985205,8.8499999999999979,16.236243302360343,0.90063555131813511,10.549999999999999,16.847619808478004,-0.9059582691718604,occupied,occupied,1,
138.04213985167215,8.8500000000000032,16.288624174449588,0.882890265803842,10.550000000000004,16.901538269106982,-0.92422447527645135,occupied,occupied,1,
138.09213700482377,8.8000000000000007,16.322760263240614,0.91832485397992802,10.534250797652087,16.950000000000003,-0.92587023237262012,occupied,occupied,1,
138.14213415797542,8.7999999999999989,16.374840341232495,0.90058381213325278,10.5,16.991874548150481,-0.90793248928813808,occupied,occupied,1,
138.19213131112707,8.7500000000000018,16.40876071811061,0.93598304401434418,10.5,17.046171973308422,-0.9264865821145879,occupied,occupied,1,
138.24212846427869,8.7500000000000053,16.460883677481704,0.91811718917060425,10.498627243715056,17.100000000000001,-0.94364727261606485,occupied,occupied,1,
138.29212561743034,8.7499999999999982,16.513061022734192,0.90017845880750913,10.449999999999999,17.136525707338535,-0.91054189866042212,occupied,occupied,1,
138.34212277058197,8.708441619430852,16.550000000000001,0.92645019343296697,10.449999999999998,17.190855596692547,-0.92927648060682499,occupied,occupied,1,
138.39211992373362,8.7000000000000064,16.599118206455472,0.91738362967976017,10.400000000000006,17.22675570486134,-0.89477773990220233,occupied,occupied,1,
138.44211707688524,8.6962278909570223,16.650000000000002,0.90327342220786555,10.400000000000002,17.281084593424616,-0.91362150144916232,occupied,occupied,1,
138.49211423003689,8.6500000000000039,16.685150621990015,0.93438807337870056,10.400000000000004,17.335442343876323,-0.93252899054081329,occupied,occupied,1,
138.54211138318851,8.6500000000000057,16.737478879746053,0.91613550896131046,10.350000000000005,17.371189379360271,-0.89813817417508346,occupied,occupied,1,
138.59210853634016,8.6499999999999986,16.789861417209558,0.89781368568013609,10.349999999999998,17.425543735402126,-0.91714967749353282,occupied,occupied,1,
138.64210568949179,8.5999999999999996,16.82354411970918,0.93282471070993156,10.35,17.479924586377475,-0.93622192247600611,occupied,occupied,1,
138.69210284264344,8.5999999999999996,16.875977649302595,0.91438654713019085,10.299999999999999,17.515520755547872,-0.90193263868100904,occupied,occupied,1,
138.74209999579509,8.5500000000000007,16.909599403317717,0.94932202828704648,10.300000000000001,17.569895798528794,-0.92110341249607708,occupied,occupied,1,
138.79209714894671,8.5499999999999989,16.962085451687237,0.930769883273045,10.299999999999999,17.624294878184976,-0.9403317506695017,occupied,occupied,1,
138.84209430209836,8.5499999999999989,17.014625184500265,0.91215215043423004,10.25,17.659742817394317,-0.90613736454154059,occupied,occupied,1,
138.89209145524998,8.5047534959612143,17.050000000000001,0.94188159513543124,10.250000000000004,17.714133682439435,-0.92545846709484503,occupied,occupied,1,
138.94208860840163,8.5,17.100784522255584,0.92824001246876209,10.201396423852717,17.75,-0.89281202622802425,occupied,occupied,1,
138.99208576155326,8.5000000000000036,17.153430744629617,0.90944935423925455,10.200000000000003,17.803848831926835,-0.91072747461100079,occupied,occupied,1,
139.04208291470491,8.4840221590544083,17.199999999999999,0.90770973542297928,10.200000000000006,17.858250618693074,-0.93018956204305259,occupied,occupied,1,
139.09208006785653,8.4499999999999993,17.239649738550423,0.92525310362316382,10.167051809204265,17.900000000000002,-0.91440158769479429,occupied,occupied,1,
139.14207722100818,8.4500000000000011,17.292402080168134,0.90629674259230641,10.150000000000002,17.947832442884824,-0.91567717609339527,occupied,occupied,1,
139.1920743741598,8.4000000000000021,17.325880773128532,0.9408856445532463,10.150000000000002,18.002240264875208,-0.93527057550835302,occupied,occupied,1,
139.24207152731145,8.3999999999999986,17.378687930833173,0.92182865130228131,10.132797723995237,18.050000000000001,-0.93646299601579552,occupied,occupied,1,
139.2920686804631,8.4000000000000021,17.431545365379275,0.90271434509403858,10.100000000000001,18.09168775955763,-0.92095996261321345,occupied,occupied,1,
139.34206583361473,8.350000000000005,17.464992083791753,0.93719735187918218,10.100000000000005,18.14609679265828,-0.94067474824908837,occupied,occupied,1,
139.39206298676638,8.3500000000000068,17.517904305473966,0.91798752272060458,10.098668016882742,18.200000000000003,-0.95900325236582495,occupied,occupied,1,
139.442060139918,8.300000000000006,17.551319743661466,0.95240799299959389,10.050000000000006,18.235409438265613,-0.926548821369378,occupied,occupied,1,
139.49205729306965,8.300000000000006,17.604287205606056,0.9331059701504868,10.050000000000006,18.289814967311546,-0.94637489223384197,occupied,occupied,1,
139.54205444622127,8.2999999999999972,17.657302431108775,0.91375182119502463,9.9999999999999982,18.324605103753154,-0.9125265959468768,occupied,occupied,1,
139.59205159937292,8.2736482571215486,17.699999999999999,0.9226634765613595,10.000000000000002,18.378992754223187,-0.93241644096970466,occupied,occupied,1,
139.64204875252454,8.2500000000000053,17.743768691645265,0.92863429829929089,10.000000000000007,18.433390216538914,-0.95234359832699456,occupied,occupied,1,
139.6920459056762,8.2500000000000036,17.796884054915179,0.90914480646218254,9.9500000000000028,18.468056159130118,-0.91855100889558883,occupied,occupied,1,
139.74204305882782,8.1999999999999993,17.830001977557668,0.94347009547435756,9.9499999999999993,18.522698684110427,-0.9386374272960708,occupied,occupied,1,
139.79204021197947,8.2000000000000011,17.882424499721907,0.9241452467225677,9.9000000000000021,18.557999981539286,-0.90517217560543839,occupied,occupied,1,
139.84203736513112,8.2000000000000028,17.934442571395881,0.90489245654178219,9.9000000000000039,18.613623734247739,-0.92575962727229055,occupied,occupied,1,
139.89203451828274,8.1499999999999986,17.96597692155569,0.93957149794164407,9.8999999999999986,18.66981024393256,-0.94666320264258108,occupied,occupied,1,
139.94203167143439,8.1500000000000004,18.017114754674694,0.92042599772311218,9.8499999999999996,18.706322157456473,-0.91396950054033643,occupied,occupied,1,
139.99202882458601,8.106234465507729,18.050000000000001,0.94855549488984736,9.8500000000000014,18.76354742803888,-0.93555388923412597,occupied,occupied,1,
140.04202597773767,8.0999999999999996,18.097710106618532,0.93617237684475951,9.8499999999999996,18.821414031876312,-0.95756661558094447,occupied,occupied,1,
140.09202313088929,8.1000000000000032,18.147655377242071,0.91699075748624237,9.8000000000000025,18.859038873633246,-0.9258511996380614,occupied,occupied,1,
140.14202028404094,8.1000000000000014,18.19731231994389,0.89771703430737992,9.8000000000000007,18.918035991608779,-0.94875056922595102,occupied,occupied,1,
140.19201743719256,8.0500000000000007,18.225206864833105,0.93274865274477969,9.7500000000000018,18.956271378664454,-0.91777973757606923,occupied,occupied,1,
140.24201459034421,8.0499999999999989,18.274036884214336,0.91333381991839524,9.75,19.016463021313804,-0.94171242453171011,occupied,occupied,1,
140.29201174349583,8,18.300431917942575,0.94845792196504775,9.7000000000000011,19.055263449607651,-0.91158794875853433,occupied,occupied,1,
140.34200889664749,7.9999999999999991,18.34842653406518,0.92883832181854697,9.6999999999999993,19.116733192393323,-0.93671658791511192,occupied,occupied,1,
140.39200604979914,8,18.396213932489836,0.90900521637436604,9.6999999999999993,19.179094491003735,-0.96259890012544391,occupied,occupied,1,
140.44200320295076,7.9499999999999993,18.420336821784872,0.94416980515300519,9.6500000000000004,19.218922301930974,-0.93405775536786595,occupied,occupied,1,
140.49200035610241,7.9500000000000028,18.467306651612009,0.92402910667747917,9.6500000000000039,19.282763671551034,-0.96143374137013971,occupied,occupied,1,
140.54199750925403,7.9211812011274914,18.500000000000004,0.9356949819343735,9.5999999999999996,19.323148837294365,-0.93406611718679222,occupied,occupied,1,
140.59199466240568,7.9000000000000039,18.53575835566404,0.93878392807638178,9.600000000000005,19.388618414507921,-0.96315463033479554,occupied,occupied,1,
140.6419918155573,7.9000000000000048,18.581789853134502,0.91794644434635053,9.5500000000000043,19.429580254694017,-0.93711381477636713,occupied,occupied,1,
140.69198896870896,7.8499999999999988,18.601410819077742,0.95324959339578363,9.5499999999999989,19.496858753424245,-0.96816316890320386,occupied,occupied,1,
140.74198612186058,7.8499999999999996,18.646648884920722,0.93195511219389737,9.5,19.538440792969581,-0.9436228806556205,occupied,occupied,1,
140.79198327501223,7.8000000000000025,18.664102406162495,0.96742527528657862,9.4860435182948493,19.600000000000001,-0.96095410951686144,occupied,occupied,1,
140.84198042816385,7.8000000000000025,18.708551784300791,0.9456262039690797,9.4499630412096387,19.650000000000002,-0.9540323917267316,occupied,occupied,1,
140.8919775813155,7.7948515878277478,18.750000000000004,0.92932153444822985,9.4000000000000004,19.692267258866899,-0.93196001658902028,occupied,occupied,1,
140.94197473446715,7.7500000000000018,18.767345168702871,0.95898021120658394,9.3756971244766234,19.750000000000004,-0.94062544734551601,occupied,occupied,1,
140.99197188761877,7.7321769191260961,18.800000000000001,0.95709435162450818,9.350000000000005,19.807749934221352,-0.94892544127678335,occupied,occupied,1,
141.04196904077043,7.6999999999999993,18.822881999844412,0.97205596627802804,9.3000000000000007,19.850786358054016,-0.92967676195333404,occupied,occupied,1,
141.09196619392205,7.7000000000000046,18.865964058900445,0.94850925930152363,9.2593667686680803,19.900000000000002,-0.9225479409764259,occupied,occupied,1,
141.1419633470737,7.686458259154632,18.900000000000002,0.94071795224318056,9.2500000000000018,19.970998031546589,-0.95446002328904767,occupied,occupied,1,
141.19196050022532,7.6499999999999995,18.917492219208636,0.96064064234217994,9.1999999999999993,20.015066484966727,-0.9386142823202297,occupied,occupied,1,
141.24195765337697,7.6500000000000012,18.960290338760366,0.93562866438463133,9.2000000000000028,20.095778422561175,-0.98578570749188577,occupied,occupied,1,
141.29195480652859,7.6453644867798403,19.000000000000004,0.91561419628125229,9.1500000000000021,20.141172775510469,-0.97282519411748547,occupied,occupied,1,
141.34195195968024,7.6000000000000005,19.00830655869872,0.94645190214785135,9.1000000000000014,20.186337700643445,-0.96083868174113607,occupied,occupied,1,
141.39194911283187,7.5972134890049459,19.050000000000004,0.92260161570918331,9.0500000000000007,20.230903684578074,-0.94959553170324851,occupied,occupied,1,
141.44194626598352,7.5500000000000025,19.055480667272402,0.95549674480343105,9.0298392640808594,20.300000000000004,-0.97808868569818574,occupied,occupied,1,
141.49194341913517,7.5492229050762605,19.100000000000005,0.92714952771400738,8.9863535190158466,20.350000000000005,-0.97754057871337952,occupied,occupied,1,
141.54194057228679,7.4999999999999982,19.102308946608748,0.96249164031639167,8.9429610226722946,20.400000000000002,-0.97816252336223164,occupied,occupied,1,
141.59193772543844,7.5000000000000018,19.148869035122086,0.93107140530577848,8.8995933413204131,20.450000000000003,-0.97989780136202365,occupied,occupied,1,
141.64193487859006,7.4511428816981127,19.150000000000002,0.96580342807520558,8.8500000000000032,20.494054997660285,-0.97411540377303796,occupied,occupied,1,
141.69193203174171,7.4500000000000028,19.196968630546525,0.93380099377139048,8.8126847506223491,20.550000000000001,-0.98651242239375003,occupied,occupied,1,
141.74192918489334,7.4045084253879239,19.200000000000003,0.96366627619136025,8.7690309067079557,20.600000000000001,-0.9913072791356099,occupied,occupied,1,
141.79192633804499,7.4000000000000012,19.245107362663877,0.93422661866242374,8.7251748054383853,20.649999999999999,-0.99704539413378068,occupied,occupied,1,
141.84192349119661,7.3574401328454053,19.250000000000004,0.95959024177895935,8.6810683069842121,20.700000000000003,-1.0036956628650973,occupied,occupied,1,
141.89192064434826,7.350000000000005,19.293431330155087,0.93224584424006907,8.6366657662221691,20.75,-1.0112307015257513,occupied,occupied,1,
141.94191779749988,7.3098600030444754,19.300000000000004,0.95361628503431639,8.5919236523745539,20.800000000000004,-1.0196265284413988,occupied,occupied,1,
141.99191495065153,7.3000000000000007,19.342106384014322,0.9277301348108179,8.5054577650558247,20.800000000000004,-0.96398396062358105,occupied,occupied,1,
142.04191210380318,7.2616969271721903,19.350000000000005,0.94577253851697185,8.4612694135634552,20.850000000000005,-0.97489769609044785,occupied,occupied,1,
142.09190925695481,7.2500000000000036,19.391326336963502,0.92051744096840193,8.4165867715422973,20.900000000000006,-0.98658007019285154,occupied,occupied,1,
142.14190641010646,7.212883325688785,19.399999999999999,0.93607669628671653,8.3713742291566255,20.949999999999999,-0.99902050370550444,occupied,occupied,1,
142.19190356325808,7.1999999999999993,19.441323871541151,0.91040199716361458,8.3255967356248046,21,-1.012210622340556,occupied,occupied,1,
142.24190071640973,7.1633523587968337,19.450000000000003,0.92453770434806193,8.2500000000000036,21.0081030974325,-0.97506445356847327,occupied,occupied,1,
142.29189786956135,7.1500000000000039,19.492385361880963,0.89712012780629646,8.2000000000000046,21.052154616466641,-0.98314052634534477,occupied,occupied,1,
142.341895022713,7.1130355319562719,19.500000000000004,0.91115690817253769,8.1520591380078642,21.100000000000005,-0.99660881484809982,occupied,occupied,1,
142.39189217586463,7.0719095021794276,19.5,0.93326908998613711,8.1000000000000032,21.142261089709219,-1.0042529249808863,occupied,occupied,1,
142.44188932901628,7.0500000000000034,19.530331976755736,0.91889622083776623,8.0500000000000043,21.188602374501375,-1.017559487935217,occupied,occupied,1,
142.49188648216793,7.0214169631410641,19.550000000000004,0.91652422191178395,7.9790905670120083,21.200000000000003,-0.99125950051357636,occupied,occupied,1,
142.54188363531955,7.0000000000000027,19.58253112768228,0.89884649214256851,7.9306187430416202,21.25,-1.010735578638597,occupied,occupied,1,
142.5918807884712,6.969914037890419,19.600000000000001,0.8979603948396937,7.8544676839380223,21.25,-0.97418680897097676,occupied,occupied,1,
142.64187794162282,6.9308987804018525,19.600000000000001,0.91610182578620347,7.805299316324831,21.300000000000004,-0.99559278822054031,occupied,occupied,1,
142.69187509477447,6.9000000000000012,19.614866129964987,0.91672147372049562,7.7500000000000009,21.339501230075289,-1.0060021747876475,occupied,occupied,1,
142.7418722479261,6.8787873258384806,19.650000000000002,0.89428721620407203,7.6804785326024172,21.350000000000005,-0.98526294035004813,occupied,occupied,1,
142.79186940107775,6.8410018953750944,19.650000000000002,0.91010745783769897,7.6068620793564836,21.350000000000001,-0.95444123324226449,occupied,occupied,1,
142.84186655422937,6.8039325533387949,19.650000000000002,0.92503826379549792,7.5557410742897027,21.400000000000002,-0.97961814936000691,occupied,occupied,1,
142.89186370738102,6.7879560220974025,19.700000000000003,0.88510136018643737,7.5000000000000036,21.44133075475316,-0.9961852803647997,occupied,occupied,1,
142.94186086053264,6.7506491124963706,19.699999999999999,0.89892225823313499,7.4313415696791285,21.449999999999999,-0.97880035740142657,occupied,occupied,1,
142.99185801368429,6.7132964797571359,19.700000000000006,0.91217085113294272,7.3606646445666888,21.450000000000006,-0.953729880634128,occupied,occupied,1,
143.04185516683594,6.6934278360149539,19.750000000000004,0.87187838162093623,7.3000000000000025,21.47439918108968,-0.95609380795532917,occupied,occupied,1,
143.09185231998757,6.6549490103734321,19.750000000000004,0.8843631664947732,7.2402313028012166,21.500000000000004,-0.96091604322648783,occupied,occupied,1,
143.14184947313922,6.6163075625148009,19.750000000000004,0.89634399831509448,7.1727527280413241,21.500000000000004,-0.93999236037245326,occupied,occupied,1,
143.19184662629084,6.5774596283618276,19.75,0.90784859974307075,7.1216041414652151,21.550000000000001,-0.97260167908392392,occupied,occupied,1,
143.24184377944249,6.5383658071616768,19.750000000000004,0.91890256484728727,7.0557363579992618,21.550000000000004,-0.95397551096917887,occupied,occupied,1,
143.29184093259411,6.5000000000000018,19.753692238114979,0.92570204313576832,6.9909767294812459,21.550000000000001,-0.93649550930072512,occupied,occupied,1,
143.34183808574576,6.4723019327513542,19.800000000000004,0.88809036281311426,6.9272590974919339,21.550000000000004,-0.92008164829334738,occupied,occupied,1,
143.39183523889739,6.4316427515992887,19.800000000000004,0.89808492645711768,6.8768899679739652,21.600000000000001,-0.95616561855814464,occupied,occupied,1,
143.44183239204904,6.3906537347357837,19.800000000000001,0.90770107149357959,6.8144813707397196,21.600000000000001,-0.94152305365747613,occupied,occupied,1,
143.49182954520066,6.3493119285126411,19.800000000000001,0.9169597163390244,6.7529784107846496,21.600000000000001,-0.92774801902445581,occupied,occupied,1,
143.54182669835231,6.3075969477123524,19.800000000000001,0.92588119758087661,6.6923314271450671,21.600000000000001,-0.91477646197028517,occupied,occupied,1,
143.59182385150396,6.2654906974035782,19.800000000000004,0.9344854443471311,6.6324945365341019,21.600000000000005,-0.9025479842917018,occupied,occupied,1,
143.64182100465558,6.2229771092951971,19.800000000000004,0.94279213036658849,6.5734254056504842,21.600000000000005,-0.89100557069487907,occupied,occupied,1,
143.69181815780723,6.1893486463377183,19.850000000000001,0.89996202474628373,6.5243917831109286,21.650000000000002,-0.93095411301066755,occupied,occupied,1,
143.74181531095886,6.145582443759869,19.850000000000005,0.90780331315135165,6.4663476603589594,21.650000000000002,-0.92055396161194347,occupied,occupied,1,
143.79181246411051,6.1014011507021619,19.850000000000005,0.91539760393225156,6.4089941267514305,21.650000000000006,-0.9106947921186298,occupied,occupied,1,
143.84180961726213,6.0567938989879373,19.850000000000001,0.92276543857943749,6.3523003464470964,21.650000000000002,-0.90132997024377837,occupied,occupied,1,
143.89180677041378,6.0117507823593908,19.850000000000001,0.92992754802017663,6.2962380414059593,21.650000000000002,-0.89241517511392954,occupied,occupied,1,
143.9418039235654,5.966262672092661,19.850000000000005,0.93690492555706739,6.2407813073382545,21.650000000000006,-0.88390821177940937,occupied,occupied,1,
143.99180107671705,5.920321042925921,19.850000000000005,0.94371889320480407,6.1859064373821813,21.650000000000006,-0.8757688373799577,occupied,occupied,1,
144.04179822986868,5.8739178082878443,19.850000000000005,0.95039116305695048,6.1315917532632165,21.650000000000006,-0.86795860030519445,occupied,occupied,1,
144.09179538302033,5.8270451637846392,19.850000000000001,0.95694389516996781,6.0778174435774899,21.650000000000002,-0.86044069162296111,occupied,occupied,1,
144.14179253617198,5.7864973815225964,19.900000000000002,0.91293920994956146,6.0313673523798697,21.700000000000003,-0.90364035137651555,occupied,occupied,1,
144.1917896893236,5.7385264533028906,19.900000000000002,0.9193396269449553,5.9784846166400962,21.700000000000003,-0.89658435829015559,occupied,occupied,1,
144.24178684247525,5.6900902431622145,19.900000000000006,0.92568632217416202,5.9261198134918827,21.700000000000006,-0.88972271109355006,occupied,occupied,1,
144.29178399562687,5.6411804795283489,19.899999999999999,0.93200399623944818,5.874258947926184,21.699999999999999,-0.8830237094528598,occupied,occupied,1,
144.34178114877852,5.5917885207917735,19.900000000000002,0.93831802894506255,5.8228892150381668,21.699999999999999,-0.87645675897799091,occupied,occupied,1,
144.39177830193015,5.541905226360643,19.900000000000002,0.94465454199528398,5.7719988691505719,21.700000000000003,-0.86999227886334762,occupied,occupied,1,
144.4417754550818,5.497911280662203,19.950000000000003,0.90063374097255522,5.7279675474561982,21.750000000000004,-0.91400834106213391,occupied,occupied,1,
144.49177260823342,5.4471369656803281,19.950000000000003,0.90708031171500336,5.677934391057164,21.750000000000004,-0.90765588166423661,occupied,occupied,1,
144.54176976138507,5.3963264291384112,19.950000000000003,0.91355344622860124,5.6279265673444172,21.750000000000004,-0.90128501049889564,occupied,occupied,1,
144.59176691453669,5.3455136343082623,19.950000000000003,0.92004888400244622,5.5779097144375989,21.75,-0.89489131833466751,occupied,occupied,1,
144.64176406768834,5.2946986432088377,19.950000000000003,0.92656642862906147,5.527883876782723,21.750000000000004,-0.88847499050079137,occupied,occupied,1,
144.69176122083999,5.2438815186008698,19.950000000000003,0.93310588310165754,5.4778490997195899,21.750000000000004,-0.88203621299290091,occupied,occupied,1,
144.74175837399162,5.1930623239814953,19.950000000000006,0.93966704981924043,5.427805429477333,21.750000000000004,-0.87557517246896666,occupied,occupied,1,
144.79175552714327,5.1487831177327337,20.000000000000004,0.89582356984636691,5.3842949073238273,21.800000000000004,-0.91951821699059066,occupied,occupied,1,
144.84175268029489,5.0979811383517672,20,0.90242481611974967,5.3342547547968726,21.800000000000001,-0.9130159628174348,occupied,occupied,1,
144.89174983344654,5.0471770928596236,20.000000000000004,0.90904719452188909,5.2842056621137763,21.800000000000004,-0.90649199333461894,occupied,occupied,1,
144.94174698659816,4.9963710471735121,20,0.91569050542390462,5.234147678544594,21.800000000000001,-0.89994649751092748,occupied,occupied,1,
144.99174413974981,4.9455630679201654,20,0.92235454862729771,5.1840808542263455,21.800000000000001,-0.89337966495805066,occupied,occupied,1,
145.04174129290143,4.8947532224293155,20,0.92903912336952532,5.134005240157367,21.800000000000001,-0.88679168592602764,occupied,occupied,1,
145.09173844605309,4.8439415787267954,20.000000000000004,0.9357440283295293,5.0839208881912956,21.800000000000004,-0.88018275129873014,occupied,occupied,1,
145.14173559920471,4.7998143067927161,20.050000000000001,0.89202400290486272,5.0405139522960853,21.850000000000001,-0.92399811131771681,occupied,occupied,1,
145.19173275235636,4.7490190891782165,20.050000000000001,0.89876633189295552,4.9904320991716213,21.850000000000001,-0.91735047090197419,occupied,occupied,1,
145.24172990550801,4.6982220874524918,20.050000000000001,0.90552840206922147,4.9403414746975844,21.850000000000001,-0.91068243307077945,occupied,occupied,1,
145.29172705865963,4.6474233719292224,20.050000000000001,0.91231001021632818,4.8902421336607143,21.850000000000001,-0.90399419091541444,occupied,occupied,1,
145.34172421181128,4.5966230135890411,20.050000000000004,0.91911095258479047,4.8401341316781012,21.850000000000005,-0.89728593813953073,occupied,occupied,1,
145.3917213649629,4.5458210840730793,20.050000000000001,0.9259310248988073,4.7900175251915416,21.850000000000001,-0.89055786905428402,occupied,occupied,1,
145.44171851811456,4.495017655685638,20.050000000000001,0.93277002236079209,4.7466944469093608,21.900000000000002,-0.93427073971181696,occupied,occupied,1,
145.49171567126618,4.4500000000000011,20.092423662631532,0.89681116787896198,4.696579448767892,21.900000000000006,-0.92750614003901566,occupied,occupied,1,
145.54171282441783,4.4002457629972067,20.100000000000001,0.89603839634468418,4.6464558237214293,21.899999999999999,-0.92072229070295841,occupied,occupied,1,
145.59170997756945,4.3494565292820679,20.100000000000001,0.90293045870451139,4.5963236310419173,21.900000000000002,-0.91391938812689522,occupied,occupied,1,
145.6417071307211,4.2986658948367387,20.100000000000005,0.90984064236033946,4.5461829307984178,21.900000000000002,-0.90709762931849092,occupied,occupied,1,
145.69170428387272,4.247873934718096,20.100000000000001,0.91676874026749711,4.4960337838503275,21.900000000000002,-0.90025721186453911,occupied,occupied,1,
145.74170143702437,4.1970807245976207,20.100000000000001,0.92371454489504257,4.4458762518412938,21.900000000000002,-0.89339833392576895,occupied,occupied,1,
145.79169859017603,4.1500000000000012,20.126800087942186,0.90362168481769667,4.4000000000000012,21.930956456920182,-0.91777344082744061,occupied,occupied,1,
145.84169574332765,4.1024365662501996,20.150000000000006,0.88717831863236163,4.3524819892808644,21.950000000000006,-0.93010611523554176,occupied,occupied,1,
145.8916928964793,4.0516571270165578,20.150000000000002,0.89417364318995074,4.3023167405220066,21.949999999999999,-0.92319540074215611,occupied,occupied,1,
145.94169004963092,4.0008765467418437,20.149999999999999,0.9011858615637478,4.2521431612628735,21.949999999999999,-0.91626700208165168,occupied,occupied,1,
145.99168720278257,3.9500949036851973,20.150000000000006,0.90821476413510038,4.201961316593958,21.950000000000003,-0.90932111995399478,occupied,occupied,1,
146.04168435593419,3.8993122766784007,20.149999999999999,0.91526014083500928,4.1517712723523346,21.949999999999999,-0.90235795560238397,occupied,occupied,1,
146.09168150908584,3.8485287451170751,20.150000000000006,0.9223217811507205,4.1015730951135527,21.950000000000006,-0.89537771080749151,occupied,occupied,1,
146.14167866223747,3.8000000000000007,20.1660084396004,0.91323290617148456,4.0584119206080782,22.000000000000004,-0.93887447849316463,occupied,occupied,1,
146.19167581538912,3.7540202143238708,20.199999999999999,0.88599690289773725,4.0082135372344014,22,-0.93186289516489051,occupied,occupied,1,
146.24167296854074,3.7032501063800387,20.200000000000003,0.89310387515739187,3.9580070231210636,22.000000000000004,-0.92483481650066079,occupied,occupied,1,
146.29167012169239,3.6524792147803771,20.200000000000003,0.90022628831047313,3.9077924473885264,22.000000000000004,-0.91779044614078698,occupied,occupied,1,
146.34166727484404,3.6017076212885804,20.199999999999999,0.90736392995464676,3.8575698798634219,22,-0.91072998823633,occupied,occupied,1,
146.39166442799566,3.550935408188439,20.200000000000003,0.91451658728140672,3.8073393910709838,22.000000000000004,-0.9036536474430622,occupied,occupied,1,
146.44166158114732,3.5001626582753032,20.200000000000003,0.92168404708297891,3.7571010522271209,22.000000000000004,-0.89656162891532853,occupied,occupied,1,
146.49165873429894,3.4493894548476156,20.200000000000003,0.92886609575915613,3.7140067541300796,22.050000000000004,-0.93996303369049661,occupied,occupied,1,
146.54165588745059,3.4000000000000012,20.20965719213245,0.92630664194934353,3.6637673690704604,22.050000000000004,-0.93284232342599271,occupied,occupied,1,
146.59165304060221,3.355022512958171,20.25,0.89276014038009976,3.6135201475921161,22.050000000000001,-0.92570652885289639,occupied,occupied,1,
146.64165019375386,3.3042624827344533,20.25,0.89998267410082855,3.5632651632926859,22.050000000000004,-0.91855585684547858,occupied,occupied,1,
146.69164734690548,3.2535021323717328,20.250000000000004,0.90721896390026591,3.5130024904260262,22.050000000000004,-0.91139051474827182,occupied,occupied,1,
146.74164450005713,3.2027415472634524,20.250000000000004,0.91446879452810348,3.4627322038930908,22.050000000000004,-0.90421071036953315,occupied,occupied,1,
146.79164165320876,3.1519808132594691,20.250000000000004,0.92173195038099998,3.4196897560669801,22.100000000000005,-0.94753744648482285,occupied,occupied,1,
146.84163880636041,3.1012200166569563,20.250000000000004,0.92900821550986135,3.3694176780646532,22.100000000000005,-0.940331236164061,occupied,occupied,1,
146.89163595951206,3.0504592441912126,20.25,0.93629737362705068,3.3191380090877969,22.100000000000001,-0.93311116350611301,occupied,occupied,1,
146.94163311266368,3.0069729679800425,20.300000000000001,0.89307281227494273,3.268850826273626,22.100000000000001,-0.92587743791455523,occupied,occupied,1,
146.99163026581533,2.9562250960648182,20.300000000000004,0.90038529199248796,3.2185562073695957,22.100000000000001,-0.91863026922693136,occupied,occupied,1,
147.04162741896695,2.9054773044219924,20.300000000000004,0.90771004065137562,3.1682542307255313,22.100000000000001,-0.91136986770821504,occupied,occupied,1,
147.0916245721186,2.8547296811950087,20.300000000000004,0.915046840868602,3.1179449752848036,22.100000000000005,-0.90409644404404599,occupied,occupied,1,
147.14162172527023,2.8039823149253129,20.300000000000004,0.92239547495626806,3.07495202628786,22.150000000000002,-0.9473437005641846,occupied,occupied,1,
147.19161887842188,2.7532352945435803,20.300000000000004,0.92975572492888714,3.0246402148168898,22.150000000000002,-0.9400465723069894,occupied,occupied,1,
147.2416160315735,2.7024887093602672,20.300000000000001,0.93712737251089762,2.9743211572503032,22.149999999999999,-0.93273702891662036,occupied,occupied,1,
147.29161318472515,2.6591008189352041,20.350000000000005,0.89397167261271127,2.923994934582959,22.150000000000002,-0.92541528251937577,occupied,occupied,1,
147.34161033787677,2.6083665124487361,20.350000000000001,0.90136383649200613,2.8736616283647485,22.150000000000002,-0.91808154563104305,occupied,occupied,1,
147.39160749102842,2.5576327029861567,20.350000000000001,0.90876676950141078,2.8233213206909449,22.150000000000002,-0.91073603114987733,occupied,occupied,1,
147.44160464418007,2.5068994810646137,20.350000000000001,0.91618025244470214,2.7729740941937471,22.150000000000002,-0.90337895234963927,occupied,occupied,1,
147.4916017973317,2.4561669375393391,20.350000000000001,0.92360406587018939,2.7300215068799933,22.200000000000003,-0.94655537255979538,occupied,occupied,1,
147.54159895048335,2.4054351635939728,20.350000000000001,0.93103799007833876,2.6796709971725465,22.199999999999999,-0.93917731635526469,occupied,occupied,1,
147.59159610363497,2.354704250731658,20.350000000000001,0.93848180512934365,2.6293136105318569,22.200000000000003,-0.93178830918299171,occupied,occupied,1,
147.64159325678662,2.3114060513236065,20.400000000000002,0.89538599743345848,2.578949431447541,22.200000000000003,-0.92438856559574756,occupied,occupied,1,
147.69159040993824,2.2606868128078781,20.400000000000002,0.90284750989098561,2.5285785449055931,22.200000000000003,-0.91697830048931395,occupied,occupied,1,
147.74158756308989,2.2099685019889326,20.400000000000002,0.91031828110580493,2.4782010363788194,22.200000000000003,-0.90955772909522481,occupied,occupied,1,
147.79158471624152,2.1592512113677547,20.400000000000006,0.9177980903966525,2.4352771523853955,22.250000000000004,-0.95268054356703891,occupied,occupied,1,
147.84158186939317,2.1085350337216098,20.400000000000006,0.9252867168773995,2.3848957049705648,22.250000000000004,-0.94524134241846991,occupied,occupied,1,
147.89157902254479,2.0578200620942066,20.400000000000002,0.93278393946496818,2.3345076845730599,22.250000000000004,-0.93779245310310855,occupied,occupied,1,
147.94157617569644,2.0071063897856187,20.400000000000006,0.94028953688707728,2.2841131783527757,22.250000000000004,-0.93033409198974393,occupied,occupied,1,
147.99157332884809,1.9638891958450946,20.450000000000003,0.89724464543496019,2.2337122739149691,22.250000000000004,-0.9228664757494307,occupied,occupied,1,
148.04157048199971,1.9131866078682296,20.450000000000006,0.90476511101456258,2.1833050592998688,22.250000000000004,-0.91538982134801739,occupied,occupied,1,
148.09156763515136,1.8624853896776039,20.450000000000003,0.91229331658077306,2.132891622973665,22.250000000000004,-0.90790434603869197,occupied,occupied,1,
148.14156478830299,1.8117856353571511,20.450000000000003,0.91982904030249935,2.0899911209982012,22.300000000000001,-0.95097247034494792,occupied,occupied,1,
148.19156194145464,1.7610874392032034,20.449999999999999,0.92737206019556551,2.039573080065773,22.300000000000001,-0.94347113263664972,occupied,occupied,1,
148.24155909460626,1.7103908957152487,20.450000000000003,0.93492215413049851,1.9891488739865582,22.300000000000004,-0.93596159705499526,occupied,occupied,1,
148.29155624775791,1.6596960995850882,20.449999999999999,0.94247909984066713,1.9387185927044213,22.300000000000001,-0.92844408181766236,occupied,occupied,1,
148.34155340090953,1.6165512316566555,20.5,0.89947614843479851,1.8882823265460071,22.300000000000001,-0.92091880539521187,occupied,occupied,1,
148.39155055406118,1.5658669408846815,20.500000000000004,0.90704512597910636,1.8378401662107304,22.300000000000004,-0.91338598650338809,occupied,occupied,1,
148.44154770721281,1.5151844708298359,20.500000000000004,0.91462031854613512,1.7949535286476743,22.350000000000001,-0.95641434861326347,occupied,occupied,1,
148.49154486036446,1.4645039167483715,20.500000000000004,0.92220150349584484,1.744506155690762,22.350000000000001,-0.94886804460031027,occupied,occupied,1,
148.54154201351611,1.41382537404443,20.500000000000004,0.92978845808749144,1.6940529508116047,22.350000000000005,-0.94131482467933758,occupied,occupied,1,
148.59153916666773,1.3631489382601043,20.500000000000004,0.93738095948762079,1.6435940060057936,22.350000000000001,-0.93375490838057962,occupied,occupied,1,
148.64153631981938,1.312474705065384,20.500000000000004,0.94497878477805808,1.5931294135975931,22.350000000000001,-0.92618851544426606,occupied,occupied,1,
148.691533472971,1.2693934863558258,20.550000000000004,0.90200880348347057,1.542659266230112,22.350000000000001,-0.91861586581284005,occupied,occupied,1,
148.74153062612265,1.2187291871940507,20.550000000000001,0.90961582053304924,1.4921836568544458,22.350000000000001,-0.91103717962300712,occupied,occupied,1,
148.79152777927428,1.1680671658912074,20.550000000000004,0.9172275236832883,1.4493036651878761,22.400000000000006,-0.95402712722252681,occupied,occupied,1,
148.84152493242593,1.1174075184582311,20.550000000000004,0.92484368982998733,1.3988222283357452,22.400000000000002,-0.94643775317516454,occupied,occupied,1,
148.89152208557755,1.0667503409890866,20.550000000000001,0.93246409582100154,1.3483353975423416,22.400000000000002,-0.93884297253365456,occupied,occupied,1,
148.9415192387292,1.0160957296496351,20.550000000000001,0.94008851846443564,1.2978432668346223,22.400000000000002,-0.93124300606824517,occupied,occupied,1,
148.99151639188085,0.96544378066811432,20.550000000000004,0.94771673453664007,1.2473459305033079,22.400000000000006,-0.92363807470764259,occupied,occupied,1,
149.04151354503247,0.92241753337260868,20.600000000000001,0.90477076618701546,1.1968434830926193,22.400000000000006,-0.91602839953108561,occupied,occupied,1,
149.09151069818412,0.87177495127799121,20.600000000000005,0.91240533353756759,1.1499999999999992,22.424020758456017,-0.93271279412114894,occupied,occupied,1,
149.14150785133575,0.82113510771434983,20.600000000000005,0.92004305636451134,1.1034538712574942,22.450000000000006,-0.95137455717035346,occupied,occupied,1,
149.1915050044874,0.77049809904633904,20.599999999999998,0.92768371144320816,1.0529399879674051,22.449999999999999,-0.94375248052736038,occupied,occupied,1,
149.24150215763902,0.71986402162473218,20.600000000000001,0.93532707555877315,1.0024211612764855,22.450000000000003,-0.93612651381184753,occupied,occupied,1,
149.29149931079067,0.66923297181690578,20.600000000000005,0.94297292550809597,0.95189748682339059,22.450000000000003,-0.92849687869496622,occupied,occupied,1,
149.34149646394229,0.61860504598623944,20.600000000000001,0.95062103810941156,0.90136906044421239,22.449999999999999,-0.92086379695401765,occupied,occupied,1,
149.39149361709394,0.5756250874466553,20.649999999999999,0.90769014478665688,0.850835978162646,22.449999999999999,-0.91322749046450602,occupied,occupied,1,
149.44149077024557,0.52500596202364169,20.650000000000002,0.91534177113130621,0.80029833617941337,22.450000000000003,-0.90558818119204521,occupied,occupied,1,
149.49148792339722,0.47439003667090079,20.650000000000006,0.92299502288368918,0.75740529181159544,22.500000000000004,-0.94852778879731059,occupied,occupied,1,
149.54148507654887,0.42377740764235927,20.649999999999999,0.93064967705210766,0.70686065737574011,22.5,-0.9408834181080109,occupied,occupied,1,
149.59148222970049,0.37316817114203382,20.649999999999999,0.93830551070315138,0.65631153994813729,22.5,-0.93323667885573469,occupied,occupied,1,
149.64147938285214,0.32256242331465057,20.650000000000002,0.94596230096956258,0.60575803635359216,22.5,-0.92558779326903384,occupied,occupied,1,
149.69147653600376,0.27196026023505482,20.650000000000002,0.9536198250583624,0.55520024354794406,22.5,-0.9179369836298179,occupied,occupied,1,
149.74147368915541,0.22901789899821837,20.700000000000003,0.91069509451498609,0.50463825860768907,22.500000000000004,-0.91028447226528197,occupied,occupied,1,
149.79147084230704,0.1784239669788818,20.700000000000003,0.91835330109961388,0.46172907349080738,22.550000000000004,-0.953213364391021,occupied,occupied,1,
149.84146799545869,0.12783369470549666,20.700000000000003,0.92601160584261955,0.4111595569079306,22.550000000000001,-0.94555820161654958,occupied,occupied,1,
149.89146514861031,0.07724717791758573,20.700000000000003,0.93366978632823672,0.36058592738217909,22.550000000000004,-0.93790197210053328,occupied,occupied,1,
149.94146230176196,0.026664512239498644,20.700000000000003,0.94132762025154593,0.31000828242143641,22.550000000000004,-0.93024489827423062,occupied,occupied,1,
149.99145945491358,-0.023914206829880713,20.700000000000003,0.94898488542645609,0.2594267196081419,22.550000000000004,-0.92258720257730531,occupied,occupied,1,
150.04145660806523,-0.07448888392685396,20.700000000000003,0.95664135979363552,0.20884133658938317,22.550000000000004,-0.91492910744979117,occupied,occupied,1,
150.09145376121688,-0.11740235207930963,20.75,0.91371391178649675,0.15825223106625214,22.550000000000001,-0.90727083532401986,occupied,occupied,1,
150.14145091436851,-0.16796937385782917,20.75,0.92136824700389841,0.11531585841274364,22.600000000000001,-0.95019541016157205,occupied,occupied,1,
150.19144806752016,-0.21853228076008369,20.750000000000004,0.92902115819265707,0.064718674750703642,22.600000000000005,-0.94253731105103089,occupied,occupied,1,
150.24144522067178,-0.26909097798165943,20.750000000000004,0.9366724238558064,0.014117849719203129,22.600000000000005,-0.93487967001914107,occupied,occupied,1,
150.29144237382343,-0.31964537089820111,20.750000000000004,0.94432182265923237,-0.036486518778065802,22.600000000000005,-0.92722270941420815,occupied,occupied,1,
150.34143952697505,-0.37019536507567219,20.750000000000004,0.95196913343959122,-0.087094332829262711,22.600000000000001,-0.9195666515399491,occupied,occupied,1,
150.3914366801267,-0.42074086628056212,20.750000000000004,0.95961413521217431,-0.13770549452487407,22.600000000000001,-0.9119117186474196,occupied,occupied,1,
150.44143383327832,-0.46363416225881104,20.800000000000001,0.91667512771631809,-0.18067228773691496,22.650000000000002,-0.95483961238939241,occupied,occupied,1,
150.49143098642998,-0.51417259377344482,20.800000000000004,0.92431518156636716,-0.23129204915685375,22.650000000000002,-0.94718726366916561,occupied,occupied,1,
150.5414281395816,-0.56470646249364465,20.800000000000004,0.93195229648174926,-0.28191507618498213,22.650000000000006,-0.93953667441024458,occupied,occupied,1,
150.59142529273325,-0.61523567496527687,20.800000000000004,0.93958625222233283,-0.33254127090125496,22.650000000000006,-0.93188806662073187,occupied,occupied,1,
150.6414224458849,-0.66576013797884237,20.800000000000004,0.94721682876207913,-0.38317053543356433,22.650000000000006,-0.92424166221940585,occupied,occupied,1,
150.69141959903652,-0.71627975857871196,20.800000000000004,0.95484380629673815,-0.43380277196730482,22.650000000000006,-0.91659768302775113,occupied,occupied,1,
150.74141675218817,-0.76679444407367137,20.800000000000004,0.96246696525158471,-0.4844378827562657,22.650000000000006,-0.90895635076192183,occupied,occupied,1,
150.79141390533979,-0.80967971564127739,20.850000000000001,0.9195081678592143,-0.52744445104143611,22.700000000000003,-0.95189685099259624,occupied,occupied,1,
150.84141105849145,-0.86020022639103388,20.850000000000001,0.92712591016226009,-0.57807622757149635,22.700000000000003,-0.94426233141400984,occupied,occupied,1,
150.89140821164307,-0.91072490415519236,20.850000000000001,0.93474147907347427,-0.62870201351851329,22.700000000000003,-0.93663152245323111,occupied,occupied,1,
150.94140536479472,-0.96125387036150012,20.850000000000001,0.94235516031563871,-0.67932193625595771,22.700000000000003,-0.92900413588284703,occupied,occupied,1,
150.99140251794634,-1.0117872463698188,20.850000000000001,0.94996723951627837,-0.72993612284266784,22.700000000000003,-0.92137988377045066,occupied,occupied,1,
151.04139967109799,-1.0623251534873874,20.850000000000001,0.95757800221828016,-0.78054470003850251,22.700000000000003,-0.91375847846761227,occupied,occupied,1,
151.09139682424961,-1.1128677129832658,20.850000000000005,0.96518773389038326,-0.82353374246337474,22.750000000000007,-0.9567160479095298,occupied,occupied,1,
151.14139397740126,-1.1558023565308277,20.900000000000006,0.92222050969495784,-0.87413284231904465,22.750000000000004,-0.94909926929427169,occupied,occupied,1,
151.19139113055292,-1.2063556731325384,20.900000000000006,0.92982919931658292,-0.92472643775638552,22.750000000000004,-0.94148451735909944,occupied,occupied,1,
151.24138828370454,-1.2569137322993478,20.899999999999999,0.93743767279017942,-0.97531465461298872,22.75,-0.93387150544676023,occupied,occupied,1,
151.29138543685619,-1.307476655413796,20.900000000000002,0.94504621542408096,-1.0258976184976718,22.75,-0.92625994713473736,occupied,occupied,1,
151.34138259000781,-1.3580445638885033,20.900000000000002,0.95265511249994383,-1.0764754548050741,22.750000000000004,-0.91864955622453648,occupied,occupied,1,
151.39137974315946,-1.4086175791819684,20.900000000000002,0.96026464928344024,-1.1194383079087933,22.800000000000001,-0.96161584932569177,occupied,occupied,1,
151.44137689631108,-1.4591958228127424,20.900000000000002,0.96787511103464952,-1.1700059864388046,22.800000000000004,-0.95400697730011252,occupied,occupied,1,
151.49137404946273,-1.5021686064544648,20.949999999999999,0.92491085566543907,-1.2205686394067334,22.800000000000001,-0.94639845640493114,occupied,occupied,1,
151.54137120261436,-1.5527568476054081,20.949999999999999,0.93252389915457012,-1.2711263915860069,22.800000000000001,-0.93879000122604062,occupied,occupied,1,
151.59136835576601,-1.6033504092773023,20.950000000000003,0.94013868237708542,-1.3216793676055132,22.800000000000001,-0.93118132652477759,occupied,occupied,1,
151.64136550891763,-1.6539494134471249,20.950000000000003,0.94775549066917553,-1.3722276919648997,22.800000000000004,-0.92357214722722192,occupied,occupied,1,
151.69136266206928,-1.7045539822202529,20.950000000000003,0.9553746094088863,-1.4227714890499208,22.800000000000004,-0.91596217841346883,occupied,occupied,1,
151.74135981522093,-1.7551642378446737,20.950000000000006,0.96299632402652335,-1.4656932249118095,22.850000000000005,-0.95892809366746556,occupied,occupied,1,
151.79135696837255,-1.7999999999999967,20.987929261825617,0.93225373609151951,-1.5162261523971925,22.850000000000001,-0.95131602119080449,occupied,occupied,1,
151.8413541215242,-1.8487799929494613,21.000000000000004,0.92767102427437265,-1.5667546526230665,22.850000000000005,-0.94370234643127593,occupied,occupied,1,
151.89135127467583,-1.8994053112638274,21.000000000000004,0.93530182783969196,-1.6172788497046393,22.850000000000005,-0.93608678501224762,occupied,occupied,1,
151.94134842782748,-1.9500365346062372,21,0.94293632849121023,-1.6677988677120188,22.850000000000001,-0.92846905266325663,occupied,occupied,1,
151.9913455809791,-2.0006737861848354,21,0.95057481203503147,-1.7183148306845906,22.850000000000001,-0.92084886520943221,occupied,occupied,1,
152.04134273413075,-2.0513171894337408,21,0.95821756438769878,-1.7611919889499226,22.900000000000002,-0.96380549269454541,occupied,occupied,1,
152.09133988728237,-2.1019668680272203,21,0.96586487158665202,-1.811696390855128,22.899999999999999,-0.95618012006097086,occupied,occupied,1,
152.14133704043402,-2.1500000000000008,21.017159604639545,0.95615810633969489,-1.862196837320242,22.900000000000002,-0.94855148172080483,occupied,occupied,1,
152.19133419358565,-2.1956383868461744,21.050000000000001,0.93059288509984361,-1.9126934524103243,22.900000000000002,-0.94091929384073325,occupied,occupied,1,
152.2413313467373,-2.2463029955809666,21.050000000000001,0.93825487263794516,-1.9631863602285238,22.899999999999999,-0.93328327263542543,occupied,occupied,1,
152.29132849988895,-2.2969741045363046,21.050000000000004,0.94592251892660795,-2.0136756849312705,22.900000000000002,-0.92564313435694967,occupied,occupied,1,
152.34132565304057,-2.3476518387885492,21.050000000000004,0.95359611068609562,-2.056499651066412,22.950000000000003,-0.96858223598608095,occupied,occupied,1,
152.39132280619222,-2.3983363237371256,21.050000000000004,0.96127593481602625,-2.1069767240870094,22.950000000000003,-0.96093383945635502,occupied,occupied,1,
152.44131995934384,-2.4490276851197614,21.050000000000004,0.96896227840617033,-2.1574503143200774,22.950000000000003,-0.95328051665444724,occupied,occupied,1,
152.49131711249549,-2.4920469568485002,21.100000000000001,0.9260691810438838,-2.2079205462426401,22.950000000000003,-0.94562198397340291,occupied,occupied,1,
152.54131426564712,-2.5427461735632462,21.100000000000005,0.93376847252133444,-2.258387544453607,22.950000000000003,-0.93795795779617153,occupied,occupied,1,
152.59131141879877,-2.5934523733451273,21.100000000000005,0.94147510374320797,-2.3088514336889907,22.950000000000003,-0.93028815448502133,occupied,occupied,1,
152.64130857195039,-2.644165683371591,21.100000000000005,0.94918936255397346,-2.3593123388363182,22.950000000000006,-0.92261229037107251,occupied,occupied,1,
152.69130572510204,-2.6948862312270085,21.100000000000001,0.95691153703666987,-2.4020645512673759,23.000000000000004,-0.96552039576469262,occupied,occupied,1,
152.74130287825366,-2.7456141449170741,21.100000000000001,0.96464191552363221,-2.452512495980582,23.000000000000004,-0.95783268160614354,occupied,occupied,1,
152.79130003140531,-2.7963495528840765,21.100000000000001,0.97238078660735938,-2.5029575592870468,23.000000000000004,-0.95013809806109539,occupied,occupied,1,
152.84129718455696,-2.8393638283044202,21.150000000000002,0.92953462861154346,-2.553399866745381,23,-0.94243636136413955,occupied,occupied,1,
152.89129433770859,-2.8901064249670156,21.150000000000002,0.93729010045992123,-2.6038395441347322,23,-0.93472718767110485,occupied,occupied,1,
152.94129149086024,-2.9408566306773518,21.150000000000006,0.9450548892178916,-2.6542767174706237,23.000000000000004,-0.92701029304836069,occupied,occupied,1,
152.99128864401186,-2.9916145756682146,21.150000000000006,0.95282928447742965,-2.699999999999998,23.030380641481724,-0.95002920148556047,occupied,occupied,1,
153.04128579716351,-3.0423803906781828,21.150000000000002,0.96061357613997678,-2.747380913169688,23.050000000000001,-0.96215127992804539,occupied,occupied,1,
153.09128295031513,-3.0931542069672182,21.150000000000002,0.96840805442746136,-2.7978020520407236,23.050000000000004,-0.95441094262341097,occupied,occupied,1,
153.14128010346678,-3.1439361563314634,21.150000000000002,0.97621300989336768,-2.8482209197890942,23.050000000000001,-0.94666179131530925,occupied,occupied,1,
153.19127725661841,-3.1869345625026808,21.200000000000006,0.93342525251091579,-2.898637643705134,23.050000000000004,-0.93890354163506984,occupied,occupied,1,
153.24127440977006,-3.2377230728538731,21.199999999999999,0.94125047878906698,-2.9490523514002618,23.050000000000001,-0.93113590906589427,occupied,occupied,1,
153.29127156292168,-3.2885198408272682,21.200000000000003,0.94908701170713894,-2.9994651708217246,23.050000000000004,-0.92335860893235289,occupied,occupied,1,
153.34126871607333,-3.3393250003659176,21.199999999999999,0.95693514306815708,-3.0420532905363409,23.100000000000001,-0.9661796401585232,occupied,occupied,1,
153.39126586922498,-3.3901386860195806,21.200000000000006,0.96479516505705776,-3.0924517927959441,23.100000000000005,-0.95838384023525769,occupied,occupied,1,
153.4412630223766,-3.440961032960399,21.200000000000003,0.97266737025208083,-3.1428485181046995,23.100000000000001,-0.95057756254082482,occupied,occupied,1,
153.49126017552825,-3.4839356353866444,21.250000000000004,0.9299385628598501,-3.1932435957368903,23.100000000000005,-0.94276052186138082,occupied,occupied,1,
153.54125732867988,-3.5347639625134977,21.25,0.93783418851888256,-3.2436371553731411,23.100000000000001,-0.93493243277586324,occupied,occupied,1,
153.59125448183153,-3.585601085108856,21.250000000000004,0.94574283208230259,-3.2940293271168293,23.100000000000005,-0.92709300964503882,occupied,occupied,1,
153.64125163498315,-3.6364471407992509,21.25,0.95366478759431761,-3.3444202415089435,23.100000000000001,-0.91924196660064472,occupied,occupied,1,
153.6912487881348,-3.687302267905503,21.250000000000004,0.96160034954400608,-3.3869048339126024,23.150000000000002,-0.9620000815095745,occupied,occupied,1,
153.74124594128642,-3.738166605458614,21.25,0.96954981287695374,-3.4372807745026925,23.150000000000002,-0.95412694876208004,occupied,occupied,1,
153.79124309443807,-3.7811091164496511,21.300000000000004,0.92688834520556995,-3.487655576116909,23.150000000000006,-0.94624138343946518,occupied,occupied,1,
153.8412402475897,-3.8319788900774778,21.300000000000004,0.93486439622907347,-3.5380293709867177,23.150000000000006,-0.93834309889091083,occupied,occupied,1,
153.89123740074135,-3.8828580191917248,21.300000000000004,0.9428551894088234,-3.588402291853674,23.150000000000002,-0.93043180818716087,occupied,occupied,1,
153.941234553893,-3.9337466455882959,21.300000000000004,0.95086102137789774,-3.6387744719809114,23.150000000000002,-0.92250722411007002,occupied,occupied,1,
153.99123170704462,-3.9846449118588261,21.300000000000004,0.95888218928076752,-3.681159589329225,23.200000000000003,-0.96520287666379678,occupied,occupied,1,
154.04122886019627,-4.0355529613817973,21.300000000000001,0.9669189907812773,-3.7315161778405033,23.200000000000003,-0.95725313398982437,occupied,occupied,1,
154.09122601334789,-4.0784551808017531,21.350000000000001,0.92433327653815911,-3.7818721512957572,23.200000000000003,-0.94928928240773403,occupied,occupied,1,
154.14122316649954,-4.1293681630007084,21.350000000000005,0.93239985313238538,-3.8322276449674679,23.200000000000003,-0.94131103370609936,occupied,occupied,1,
154.19122031965117,-4.1802910856066298,21.350000000000005,0.9404829110349997,-3.8825827947268952,23.200000000000003,-0.93331809933363963,occupied,occupied,1,
154.24121747280282,-4.2312240950940883,21.350000000000001,0.94858274982743662,-3.9329377370608647,23.200000000000003,-0.92531019038785878,occupied,occupied,1,
154.29121462595444,-4.2821673388121173,21.350000000000005,0.95669966966704489,-3.9752149136893222,23.250000000000004,-0.9679353064488847,occupied,occupied,1,
154.34121177910609,-4.3331209650013278,21.350000000000001,0.96483397129942372,-4.0255536724522969,23.250000000000004,-0.95989916330546055,occupied,occupied,1,
154.39120893225771,-4.3840851228109425,21.350000000000005,0.97298595607079019,-4.07589235803023,23.250000000000004,-0.95184722637988128,occupied,occupied,1,
154.44120608540936,-4.4269328872334537,21.400000000000002,0.93049973826906085,-4.1262311092373309,23.25,-0.94377920556241346,occupied,occupied,1,
154.49120323856101,-4.4779015406072453,21.400000000000002,0.93868526260174046,-4.1765700655783355,23.25,-0.93569481034053803,occupied,occupied,1,
154.54120039171264,-4.528880898681054,21.399999999999999,0.94688932716631002,-4.2269093672648852,23.25,-0.92759374978739384,occupied,occupied,1,
154.59119754486429,-4.5798711140876147,21.400000000000006,0.95511223550619728,-4.2690701833711877,23.300000000000004,-0.97014027222732047,occupied,occupied,1,
154.64119469801591,-4.6308723404455971,21.400000000000006,0.96335429182216836,-4.3193927395532672,23.300000000000004,-0.96200789274780152,occupied,occupied,1,
154.69119185116756,-4.6736697600815527,21.450000000000006,0.92094543716348154,-4.3697157851731276,23.300000000000004,-0.95385802423257426,occupied,occupied,1,
154.74118900431918,-4.7246750512471536,21.449999999999999,0.92922371478842347,-4.4200394631009301,23.300000000000001,-0.94569037432744851,occupied,occupied,1,
154.79118615747083,-4.775691538676198,21.449999999999999,0.93752200468330971,-4.4703639169911389,23.300000000000001,-0.93750465021092266,occupied,occupied,1,
154.84118331062245,-4.8267193797525572,21.450000000000003,0.94584061344684423,-4.5206892912989112,23.300000000000001,-0.92930055858233018,occupied,occupied,1,
154.89118046377411,-4.877758732925952,21.450000000000003,0.95417984839355285,-4.5627253799025613,23.350000000000001,-0.97176044494815872,occupied,occupied,1,
154.94117761692573,-4.9288097577288541,21.449999999999999,0.96254001756679974,-4.6130334810797651,23.350000000000001,-0.9635219380551785,occupied,occupied,1,
154.99117477007738,-4.9715428790879548,21.500000000000004,0.92023233332152754,-4.6633426579505084,23.350000000000005,-0.95526423460632914,occupied,occupied,1,
155.04117192322903,-5.0225976130345584,21.500000000000004,0.92863198832859362,-4.7136530579697782,23.350000000000005,-0.94698703964701814,occupied,occupied,1,
155.09116907638065,-5.0736642200560178,21.500000000000004,0.93705345157014419,-4.7639648294726475,23.350000000000001,-0.93869005768897329,occupied,occupied,1,
155.1411662295323,-5.1247428638044887,21.500000000000004,0.94549703374186611,-4.8142781216925332,23.350000000000001,-0.93037299269777085,occupied,occupied,1,
155.19116338268392,-5.1758337090972022,21.5,0.9539630463290274,-4.8561811760127505,23.399999999999999,-0.97273821279427231,occupied,occupied,1,
155.24116053583558,-5.2269369219347839,21.5,0.962451801620126,-4.906476706240376,23.400000000000002,-0.96438362203258143,occupied,occupied,1,
155.2911576889872,-5.2695979657170602,21.550000000000001,0.92025383046531906,-4.9567739250223299,23.399999999999999,-0.95600811298409627,occupied,occupied,1,
155.34115484213885,-5.3207045903967654,21.550000000000004,0.92878536774356135,-5.0070729849433722,23.400000000000002,-0.94761138772668685,occupied,occupied,1,
155.39115199529047,-5.3718238016398701,21.550000000000004,0.93734053244887439,-5.0573740395681117,23.400000000000002,-0.93919314773567919,occupied,occupied,1,
155.44114914844212,-5.4229557699334929,21.550000000000004,0.94591963978694171,-5.1076772434592943,23.400000000000002,-0.93075309387115246,occupied,occupied,1,
155.49114630159377,-5.4741006670329728,21.550000000000004,0.95452300582992688,-5.1499999999999995,23.446717034587824,-0.96968507846522867,occupied,occupied,1,
155.5411434547454,-5.5252586659814709,21.550000000000004,0.96315094753073927,-5.1997240212110585,23.450000000000003,-0.96453492027703103,occupied,occupied,1,
155.59114060789705,-5.5678399781706371,21.599999999999998,0.92107127379471432,-5.2500113487490907,23.449999999999999,-0.95603155708056342,occupied,occupied,1,
155.64113776104867,-5.6190011549233825,21.600000000000005,0.92974532845475477,-5.3003011656600503,23.450000000000003,-0.94750523637575002,occupied,occupied,1,
155.69113491420032,-5.6701756716154534,21.600000000000005,0.93844485525685239,-5.3505936313054754,23.450000000000003,-0.93895565621870669,occupied,occupied,1,
155.74113206735194,-5.7213637061568638,21.600000000000001,0.94717017434756756,-5.4008889061478502,23.450000000000003,-0.93038251397860017,occupied,occupied,1,
155.79112922050359,-5.7725654378337854,21.600000000000005,0.95592160682025229,-5.4499999999999975,23.45683378706639,-0.92872164177514338,occupied,occupied,1,
155.84112637365521,-5.8150704387750434,21.650000000000002,0.91394639894764962,-5.4927779223416309,23.5,-0.96391740499260958,occupied,occupied,1,
155.89112352680687,-5.8662751083727889,21.650000000000002,0.92274672870301144,-5.5430575990382769,23.5,-0.95527605026970586,occupied,occupied,1,
155.94112067995849,-5.9174937300346562,21.650000000000002,0.93157407871336728,-5.5933404467940573,23.5,-0.94660997803817026,occupied,occupied,1,
155.99111783311014,-5.968726488237917,21.650000000000006,0.94042877350133569,-5.6436266313546906,23.500000000000004,-0.93791888253720801,occupied,occupied,1,
156.04111498626179,-6.0199735689282248,21.650000000000002,0.94931113860506544,-5.6939163196757399,23.500000000000004,-0.92920245724408379,occupied,occupied,1,
156.09111213941341,-6.0712351595376663,21.650000000000006,0.95822150059323685,-5.744209679940103,23.500000000000004,-0.92046039486059938,occupied,occupied,1,
156.14110929256506,-6.1136464606965379,21.700000000000003,0.91638038777313369,-5.7856418932691902,23.550000000000004,-0.96247218660655953,occupied,occupied,1,
156.19110644571668,-6.1649108836762521,21.700000000000003,0.92534304965193881,-5.8359163511652126,23.550000000000004,-0.95368260276001227,occupied,occupied,1,
156.24110359886834,-6.216190093474327,21.700000000000003,0.93433462907858189,-5.8861946985955669,23.550000000000004,-0.94486652051695552,occupied,occupied,1,
156.29110075201996,-6.2674842831252029,21.700000000000003,0.94335545635207285,-5.9364771083030305,23.550000000000004,-0.93602362988459109,occupied,occupied,1,
156.34109790517161,-6.3187936472559718,21.700000000000003,0.95240586287575391,-5.9867637543606413,23.550000000000001,-0.92715362002870705,occupied,occupied,1,
156.39109505832323,-6.3701183820649323,21.700000000000003,0.96148618116601003,-6.0370548121504575,23.550000000000004,-0.91825617926644343,occupied,occupied,1,
156.44109221147488,-6.4124287333257044,21.75,0.9197878870439713,-6.0783205063657713,23.600000000000001,-0.96013985287645187,occupied,occupied,1,
156.4910893646265,-6.463756273377621,21.75,0.92892395253277527,-6.1285923880016826,23.600000000000001,-0.95119169020314309,occupied,occupied,1,
156.54108651777815,-6.5150994846847379,21.750000000000004,0.93809086544244968,-6.178868917913233,23.600000000000005,-0.94221522507352962,occupied,occupied,1,
156.59108367092981,-6.5664585694974846,21.750000000000004,0.94728896233955351,-6.2291502764763838,23.600000000000005,-0.93321014282928727,occupied,occupied,1,
156.64108082408143,-6.6178337317676164,21.75,0.95651858098454168,-6.2794366455023001,23.600000000000001,-0.92417612789110537,occupied,occupied,1,
156.69107797723308,-6.6600495834163844,21.800000000000004,0.91494511645450738,-6.3205526145048214,23.650000000000006,-0.96594780763770161,occupied,occupied,1,
156.7410751303847,-6.7114274924887392,21.800000000000001,0.924233368373925,-6.3708195288539784,23.650000000000002,-0.95686040517683002,occupied,occupied,1,
156.79107228353635,-6.7628218003561136,21.800000000000001,0.93355409083926666,-6.4210917069780722,23.650000000000002,-0.94774318942245916,occupied,occupied,1,
156.84106943668797,-6.8142327173684274,21.800000000000004,0.94290762592845168,-6.4713693360149671,23.650000000000006,-0.93859584158712173,occupied,occupied,1,
156.89106658983962,-6.865660455679838,21.800000000000004,0.95229431699199407,-6.521652604637123,23.650000000000006,-0.92941804189260047,occupied,occupied,1,
156.94106374299125,-6.9077764853199088,21.850000000000005,0.91085169844834302,-6.5719417030733354,23.650000000000006,-0.92020946955413663,occupied,occupied,1,
156.9910608961429,-6.9592069720582259,21.850000000000001,0.92029994286786609,-6.6128765412161474,23.699999999999999,-0.96183840680977128,occupied,occupied,1,
157.04105804929452,-7.0106546234524991,21.850000000000005,0.92978230608441303,-6.6631460341821507,23.700000000000003,-0.95257319158776399,occupied,occupied,1,
157.09105520244617,-7.0621196584360977,21.850000000000001,0.93929913604897974,-6.7134216323858276,23.700000000000003,-0.94327631087774533,occupied,occupied,1,
157.14105235559782,-7.1136009088136829,21.850000000000001,0.94885051780829566,-6.763704899051211,23.700000000000003,-0.9339471924218028,occupied,occupied,1,
157.19104950874944,-7.1555811297659098,21.900000000000002,0.90753833573359077,-6.8140246863602432,23.700000000000003,-0.92458087546199264,occupied,occupied,1,
157.24104666190109,-7.206993719249108,21.900000000000002,0.91713734757850263,-6.8643918152600314,23.700000000000003,-0.91517705355928869,occupied,occupied,1,
157.29104381505272,-7.2583807994897631,21.900000000000002,0.92675891916301267,-6.905261584214295,23.75,-0.95664044905307533,occupied,occupied,1,
157.34104096820437,-7.3097411494097999,21.900000000000002,0.93640083781751071,-6.9556955070627025,23.750000000000004,-0.9471724463593939,occupied,occupied,1,
157.39103812135599,-7.3610735573773534,21.900000000000002,0.94606088941522914,-7.0061758648939199,23.75,-0.93767273616192937,occupied,occupied,1,
157.44103527450764,-7.4123768229372331,21.900000000000002,0.95573686001827318,-7.0567016263914759,23.750000000000004,-0.92814340301275711,occupied,occupied,1,
157.49103242765926,-7.454017919845815,21.950000000000003,0.91450726497467472,-7.1072717298162473,23.750000000000004,-0.91858654612720625,occupied,occupied,1,
157.54102958081091,-7.505242377106109,21.949999999999999,0.92420522694990714,-7.1578850846194824,23.75,-0.90900427789225346,occupied,occupied,1,
157.59102673396254,-7.556436195584066,21.949999999999999,0.93391286168083776,-7.1999999999999975,23.794188631803156,-0.94440512822247846,occupied,occupied,1,
157.64102388711419,-7.6075982358317615,21.949999999999999,0.94362797388194419,-7.2495603525111001,23.800000000000001,-0.94069979110288893,occupied,occupied,1,
157.69102104026584,-7.658727376506441,21.949999999999999,0.9533483760356346,-7.3002857428745127,23.800000000000001,-0.93105614654456936,occupied,occupied,1,
157.74101819341746,-7.7001260096803046,22.000000000000004,0.91214034536922273,-7.3510517855479067,23.800000000000004,-0.92139525939923583,occupied,occupied,1,
157.79101534656911,-7.7511791868273736,22,0.92186349332932527,-7.4018572678183139,23.800000000000001,-0.91171928448578343,occupied,occupied,1,
157.84101249972073,-7.8021982335452096,22,0.93158581285114461,-7.4500000000000002,23.813910618681124,-0.91620078962125606,occupied,occupied,1,
157.89100965287238,-7.8531821100264452,22,0.94130516220936933,-7.4938704791502895,23.850000000000001,-0.94326504027258762,occupied,occupied,1,
157.94100680602401,-7.9041298007131076,22.000000000000004,0.95101941449886662,-7.5447859465375444,23.850000000000001,-0.93355693193386668,occupied,occupied,1,
157.99100395917566,-7.9499999999999993,22.025951903636745,0.93428962708495999,-7.5957378138679896,23.850000000000001,-0.92384200290508101,occupied,occupied,1,
158.04100111232728,-7.9962049102198378,22.050000000000004,0.91949051037827656,-7.6467247798098441,23.850000000000001,-0.91412241539187855,occupied,occupied,1,
158.09099826547893,-8.0470432784449777,22.050000000000001,0.9291778444793366,-7.6977455315965848,23.850000000000001,-0.90440032837104989,occupied,occupied,1,
158.14099541863055,-8.0978436247701175,22.050000000000001,0.93885212194668888,-7.7487987468862638,23.850000000000001,-0.89467789601782632,occupied,occupied,1,
158.1909925717822,-8.1486050613883503,22.050000000000004,0.94851130718927457,-7.7901963743399758,23.900000000000006,-0.93588694874065015,occupied,occupied,1,
158.24098972493385,-8.1993267308472717,22.050000000000004,0.95815338687599594,-7.841321422677912,23.900000000000002,-0.92616818883167529,occupied,occupied,1,
158.29098687808548,-8.2403448081125674,22.100000000000001,0.91685119511813584,-7.8924768465499584,23.900000000000002,-0.91645514008112028,occupied,occupied,1,
158.34098403123713,-8.2909992202766016,22.100000000000005,0.92645591012324635,-7.9436612884304063,23.900000000000002,-0.90674992635535023,occupied,occupied,1,
158.39098118438875,-8.3416133713579583,22.100000000000001,0.93603797730097704,-7.9948733893648898,23.899999999999999,-0.89705465950507135,occupied,occupied,1,
158.4409783375404,-8.3921865175529593,22.100000000000001,0.94559547846371594,-8.0461117907413051,23.899999999999999,-0.88737143791469042,occupied,occupied,1,
158.49097549069202,-8.4331250929418911,22.149999999999999,0.90421460965023981,-8.0877822801176862,23.949999999999999,-0.92861425807564157,occupied,occupied,1,
158.54097264384367,-8.483636297593689,22.150000000000002,0.91372150547085851,-8.1390913803418119,23.950000000000003,-0.91895718977391883,occupied,occupied,1,
158.5909697969953,-8.534106284592486,22.150000000000002,0.9231985784204404,-8.1904245376226363,23.950000000000003,-0.90931803629284746,occupied,occupied,1,
158.64096695014695,-8.5845344287640746,22.150000000000002,0.93264401818257492,-8.2417803913298879,23.950000000000003,-0.89969883460929234,occupied,occupied,1,
158.69096410329857,-8.6349201402891911,22.150000000000002,0.9420560447134797,-8.2931575887039628,23.949999999999999,-0.89010160179678877,occupied,occupied,1,
158.74096125645022,-8.6757804887108847,22.200000000000003,0.90054162095409762,-8.3351095624015823,24,-0.93141271254672353,occupied,occupied,1,
158.79095840960187,-8.7256334445558092,22.200000000000003,0.90978804469420593,-8.3870396356645589,24.000000000000004,-0.92178116432288337,occupied,occupied,1,
158.84095556275349,-8.7747848088208436,22.199999999999999,0.91883296191441255,-8.4396236566187177,24,-0.9121047754064,occupied,occupied,1,
158.89095271590514,-8.8232165960771951,22.200000000000003,0.92764046866657357,-8.4928388361407325,24.000000000000004,-0.90242768969820075,occupied,occupied,1,
158.94094986905677,-8.8709095719512714,22.200000000000006,0.93617604938813204,-8.5466648807061585,24.000000000000004,-0.89279486886088066,occupied,occupied,1,
158.99094702220842,-8.9090445161151841,22.25,0.89363827175021715,-8.5999999999999996,24.006160163436089,-0.88950699226523666,occupied,occupied,1,
159.04094417536004,-8.9554435001702153,22.25,0.90157399393716819,-8.6475280213215964,24.050000000000001,-0.92457275320955912,occupied,occupied,1,
159.09094132851169,-9.0010778213301723,22.250000000000004,0.90914766873554698,-8.7033744879506134,24.050000000000001,-0.91530492716967393,occupied,occupied,1,
159.14093848166331,-9.0459249703836626,22.25,0.91632990431168815,-8.7598153874367544,24.050000000000001,-0.90626678542909389,occupied,occupied,1,
159.19093563481496,-9.0899619892224575,22.25,0.92309278382942639,-8.8168445931738084,24.050000000000001,-0.89750961977889454,occupied,occupied,1,
159.24093278796659,-9.1259793510586178,22.300000000000004,0.87889616313556129,-8.8672729115754656,24.100000000000005,-0.93960019975055953,occupied,occupied,1,
159.29092994111824,-9.1687666872572784,22.300000000000001,0.88480369191728658,-8.9259138019358559,24.100000000000001,-0.93150507145664452,occupied,occupied,1,
159.34092709426989,-9.2107149643771962,22.300000000000001,0.89021922358215111,-8.9851855483613097,24.100000000000001,-0.92385451182345957,occupied,occupied,1,
159.39092424742151,-9.2518022131670996,22.300000000000001,0.89512069732866606,-9.0450969816689586,24.100000000000001,-0.91670905536022917,occupied,occupied,1,
159.44092140057316,-9.2920072160164313,22.300000000000001,0.89948798312479505,-9.1056611532890983,24.100000000000001,-0.91013210272029232,occupied,occupied,1,
159.49091855372478,-9.3313098308696141,22.300000000000004,0.90330302308258226,-9.1668956340163366,24.100000000000005,-0.90419027652516715,occupied,occupied,1,
159.54091570687643,-9.3696913637290056,22.300000000000001,0.90654997522590541,-9.2288228437825932,24.100000000000001,-0.89895381593928991,occupied,occupied,1,
159.59091286002806,-9.4071349964847109,22.300000000000001,0.90921535287752597,-9.2882575072665947,24.150000000000002,-0.94460013347563465,occupied,occupied,1,
159.64091001317971,-9.4436262769260786,22.300000000000001,0.91128815074206027,-9.3524061617730929,24.150000000000002,-0.94095943244128066,occupied,occupied,1,
159.69090716633133,-9.4791536776595926,22.300000000000004,0.91275994620980427,-9.4173964535976271,24.150000000000006,-0.93827056534959141,occupied,occupied,1,
159.74090431948298,-9.5128866992947874,22.350000000000005,0.86361819635638948,-9.4832755881452044,24.150000000000006,-0.9366253476963341,occupied,occupied,1,
159.7909014726346,-9.5473651455273512,22.350000000000005,0.86388001114601776,-9.5500977731791963,24.150000000000006,-0.93612206308997781,occupied,occupied,1,
159.84089862578625,-9.5809229085314467,22.350000000000001,0.86351415454366809,-9.6179246884398459,24.150000000000002,-0.9368661196529775,occupied,occupied,1,
159.8908957789379,-9.6135690038169965,22.350000000000001,0.86251936860850464,-9.686825958214424,24.150000000000002,-0.93897073166059963,occupied,occupied,1,
159.94089293208953,-9.6453194092215906,22.350000000000005,0.86089620658660049,-9.7568796155453494,24.150000000000006,-0.94255761307028252,occupied,occupied,1,
159.99089008524118,-9.6761980918716883,22.350000000000005,0.85864656316584176,-9.8281725443099504,24.150000000000006,-0.94775766462867628,occupied,occupied,1,
160.0408872383928,-9.7062380966527808,22.350000000000001,0.85577302205733508,-9.9008008830305645,24.150000000000002,-0.95471163069260889,occupied,occupied,1,
160.09088439154445,-9.7354826773142218,22.350000000000005,0.85227799487994682,-9.9748703721855119,24.150000000000006,-0.96357069607857915,occupied,occupied,1,
160.14088154469607,-9.7560278277310246,22.300000000000001,0.8987920644357229,-10.042538009147835,24.100000000000001,-0.92386755382971042,occupied,occupied,1,
160.19087869784772,-9.7824834695778637,22.300000000000004,0.89428907898301468,-10.118472280997404,24.100000000000005,-0.93680034575820126,occupied,occupied,1,
160.24087585099934,-9.8082790646155544,22.300000000000001,0.889208650488714,-10.196157765930035,24.100000000000001,-0.95210878193118509,occupied,occupied,1,
160.290873004151,-9.8335083732191286,22.300000000000004,0.88354434659147707,-10.263454676475124,24.050000000000004,-0.91849722442832005,occupied,occupied,1,
160.34087015730262,-9.8585913003827805,22.300000000000004,0.8772025485893552,-10.343173840557338,24.050000000000004,-0.93864993392182761,occupied,occupied,1,
160.39086731045427,-9.8847650786118635,22.300000000000004,0.86985493222894694,-10.423440856202511,24.050000000000004,-0.96117526778493811,occupied,occupied,1,
160.44086446360592,-9.9122116658423742,22.300000000000001,0.86141477186847215,-10.48728664467804,24.000000000000004,-0.93321923853109812,occupied,occupied,1,
160.49086161675754,-9.9409987698947173,22.300000000000001,0.85182263058204466,-10.567088290354773,24,-0.95980318277729837,occupied,occupied,1,
160.54085876990919,-9.9512935393531876,22.25,0.89483311724733938,-10.62760899961912,23.950000000000003,-0.93475771181655887,occupied,occupied,1,
160.59085592306081,-9.9814758020622811,22.250000000000004,0.88332386774633931,-10.699999999999999,23.933089094262634,-0.94672146563965209,occupied,occupied,1,
160.64085307621247,-10.013173758259429,22.25,0.8705256566587487,-10.764766534656751,23.900000000000002,-0.9425909147543069,occupied,occupied,1,
160.69085022936409,-10.046422591125019,22.25,0.85639061033307429,-10.820245773414102,23.850000000000001,-0.92091136666689688,occupied,occupied,1,
160.74084738251574,-10.055685960867093,22.200000000000003,0.89703209474062262,-10.899321531278389,23.850000000000005,-0.95613302894997554,occupied,occupied,1,
160.79084453566736,-10.09075634517486,22.200000000000003,0.8807303787400228,-10.952318995356768,23.800000000000004,-0.93649008124508126,occupied,occupied,1,
160.84084168881901,-10.1,22.15140002185494,0.91881580066180535,-11.003511478677007,23.75,-0.91744531427433218,occupied,occupied,1,
160.89083884197063,-10.136261003588434,22.149999999999999,0.90187226461034808,-11.052986052413388,23.699999999999999,-0.89892889463603454,occupied,occupied,1,
160.94083599512228,-10.174995864226446,22.150000000000002,0.88183564682626503,-11.131686528463247,23.700000000000003,-0.93963546934270936,occupied,occupied,1,
160.99083314827394,-10.199999999999999,22.126008445063931,0.88880834991484547,-11.179235916385974,23.650000000000002,-0.92266984190992429,occupied,occupied,1,
161.04083030142556,-10.22414814590349,22.100000000000001,0.89733318848928845,-11.225280796535843,23.600000000000001,-0.90607097701609352,occupied,occupied,1,
161.09082745457721,-10.25,22.075848152710147,0.90277594130206384,-11.299999999999999,23.593518075547248,-0.94271098487334559,occupied,occupied,1,
161.14082460772883,-10.275172759260403,22.050000000000004,0.90942374084235011,-11.348928464545095,23.550000000000004,-0.93528526456512184,occupied,occupied,1,
161.19082176088048,-10.299999999999999,22.02303992426268,0.91661579986601338,-11.392047350796474,23.5,-0.92022346411535016,occupied,occupied,1,
161.2408189140321,-10.328262349774864,22,0.91806723658129674,-11.433901291742465,23.450000000000003,-0.90537387022616944,occupied,occupied,1,
161.29081606718375,-10.375259300366782,22,0.88930309525963003,-11.5,23.432415663380439,-0.93192074439024586,occupied,occupied,1,
161.34081322033538,-10.399999999999999,21.970353972084833,0.89708114218979462,-11.549999999999999,23.394535827931445,-0.93343625967305077,occupied,occupied,1,
161.39081037348703,-10.432814859659931,21.950000000000003,0.89204841525358036,-11.593892211646827,23.350000000000001,-0.92677005213036978,occupied,occupied,1,
161.44080752663865,-10.449999999999999,21.910354500157585,0.91134990506835711,-11.632295152938008,23.300000000000001,-0.91318741817087479,occupied,occupied,1,
161.4908046797903,-10.49269713287822,21.900000000000006,0.89132975618216492,-11.669666139901564,23.250000000000004,-0.89969119386099816,occupied,occupied,1,
161.54080183294195,-10.501221937162114,21.850000000000001,0.92318581467140626,-11.70604767175168,23.200000000000003,-0.88626301044890865,occupied,occupied,1,
161.59079898609357,-10.549999999999999,21.844547975179321,0.89454952131919041,-11.75,23.159335222532381,-0.88552505739998144,occupied,occupied,1,
161.64079613924523,-10.563716969539573,21.800000000000001,0.91798935006490545,-11.799999999999999,23.125736347030188,-0.89473583408225599,occupied,occupied,1,
161.69079329239685,-10.6,21.779305635883361,0.90816814885609676,-11.85,23.09239230177851,-0.90475672331915125,occupied,occupied,1,
161.7407904455485,-10.628714844566304,21.750000000000004,0.90939089488218938,-11.890995116320425,23.050000000000004,-0.90261117036488436,occupied,occupied,1,
161.79078759870012,-10.649999999999999,21.712711954533081,0.9211175669780689,-11.923916670200729,23,-0.88995233631593706,occupied,occupied,1,
161.84078475185177,-10.696239751972096,21.700000000000003,0.89743551307050529,-11.956036348435157,22.950000000000003,-0.87727219933171263,occupied,occupied,1,
161.89078190500339,-10.705312675940165,21.650000000000006,0.92602709795351668,-11.999999999999998,22.912302551856641,-0.88218279016926227,occupied,occupied,1,
161.94077905815504,-10.75,21.634455267695365,0.90470246184344738,-12.049999999999999,22.880613734962413,-0.89610594705000046,occupied,occupied,1,
161.9907762113067,-10.775282832964708,21.600000000000005,0.91011593830479021,-12.1,22.848716719236897,-0.91036999065477242,occupied,occupied,1,
162.04077336445832,-10.800000000000001,21.565025040478623,0.91594399913799285,-12.132089906559999,22.800000000000001,-0.90054345465954555,occupied,occupied,1,
162.09077051760997,-10.846585746688286,21.550000000000004,0.89182093197837675,-12.162408932337948,22.750000000000004,-0.88901894175907548,occupied,occupied,1,
162.14076767076159,-10.854919307564106,21.500000000000004,0.91918280631769345,-12.199999999999999,22.70689271714523,-0.88797853121197046,occupied,occupied,1,
162.19076482391324,-10.899999999999999,21.48289984251074,0.89687765309089973,-12.25,22.674884166941371,-0.90404617364035755,occupied,occupied,1,
162.24076197706486,-10.927593158461942,21.449999999999999,0.89779943285676533,-12.299999999999999,22.6426644566357,-0.92042746300155731,occupied,occupied,1,
162.29075913021651,-10.949999999999999,21.412544573759568,0.90528823218616683,-12.33802959869652,22.600000000000001,-0.92136897598549017,occupied,occupied,1,
162.34075628336814,-11,21.398340484703265,0.87636217641844694,-12.367210395355084,22.550000000000001,-0.91125744317083102,occupied,occupied,1,
162.39075343651979,-11.009707593110125,21.350000000000005,0.89991743873172325,-12.399999999999999,22.503332345957816,-0.90648464189379063,occupied,occupied,1,
162.44075058967141,-11.049999999999999,21.326957485586028,0.88345712883991245,-12.449999999999999,22.470962194398009,-0.92451045211500904,occupied,occupied,1,
162.49074774282306,-11.085999188348712,21.300000000000001,0.87247946137877042,-12.5,22.438400989148953,-0.94283183629053346,occupied,occupied,1,
162.54074489597471,-11.1,21.255237742541635,0.8894883404750642,-12.5,22.365987837973101,-0.89762267300479404,occupied,occupied,1,
162.59074204912633,-11.100413470764281,21.200000000000003,0.92334354980336197,-12.549999999999999,22.33363855524626,-0.91688401212545456,occupied,occupied,1,
162.64073920227798,-11.15,21.183106082569644,0.89453922977847422,-12.598562875193135,22.300000000000004,-0.93460986916910582,occupied,occupied,1,
162.69073635542961,-11.179123076334111,21.150000000000002,0.89154200962660768,-12.625793033090103,22.250000000000004,-0.92583356074413503,occupied,occupied,1,
162.74073350858126,-11.199999999999999,21.110496980919571,0.89868777740659123,-12.652611431548589,22.200000000000003,-0.91710317962866572,occupied,occupied,1,
162.79073066173288,-11.25,21.092495924292066,0.86934577525702272,-12.699999999999999,22.16552733038283,-0.93451020526279838,occupied,occupied,1,
162.84072781488453,-11.267315507734009,21.050000000000001,0.88056546477602748,-12.705011748297837,22.100000000000001,-0.89973520649592542,occupied,occupied,1,
162.89072496803615,-11.300000000000001,21.018590832575157,0.87255796460746371,-12.75,22.063991479066033,-0.9149997300372541,occupied,occupied,1,
162.9407221211878,-11.299999999999999,20.963628496563761,0.90456702497518737,-12.799999999999999,22.031492821525095,-0.93671899748985243,occupied,occupied,1,
162.99071927433943,-11.35,20.944113497268717,0.8750209424463179,-12.799999999999999,21.963697274607288,-0.89756222316594503,occupied,occupied,1,
163.04071642749108,-11.36543049760888,20.899999999999999,0.88764429911788822,-12.85,21.931354950118582,-0.92001707419402778,occupied,occupied,1,
163.09071358064273,-11.399999999999999,20.86902590830994,0.87680053448671424,-12.899999999999999,21.89888252637666,-0.94270617167730186,occupied,occupied,1,
163.14071073379435,-11.449999999999999,20.848211254761253,0.84723945817274293,-12.925995526474999,21.850000000000001,-0.93661689374050294,occupied,occupied,1,
163.190707886946,-11.449999999999999,20.793296743515423,0.87796001385028788,-12.949999999999999,21.800038803612789,-0.928564155810636,occupied,occupied,1,
163.24070504009762,-11.467192289555427,20.75,0.88769810304143282,-12.973467926909164,21.75,-0.92030253182720645,occupied,occupied,1,
163.29070219324927,-11.5,20.716900733249023,0.87856062029089921,-13,21.702250963492673,-0.91613018211524766,occupied,occupied,1,
163.3406993464009,-11.5,20.662191496408255,0.90848979557612675,-13.049999999999999,21.669987286578259,-0.94033479174533752,occupied,occupied,1,
163.39069649955255,-11.549999999999999,20.639818044204567,0.87866202991901265,-13.049999999999999,21.605454488426254,-0.90528128263581953,occupied,occupied,1,
163.44069365270417,-11.573136723226227,20.600000000000005,0.88065781782955344,-13.1,21.573166585849684,-0.92996767347853526,occupied,occupied,1,
163.49069080585582,-11.6,20.562809027200803,0.87788536922127514,-13.1,21.508801915785376,-0.89550193908240794,occupied,occupied,1,
163.54068795900744,-11.6,20.509086776629836,0.90642969277545826,-13.15,21.475756218297796,-0.92030230986057326,occupied,occupied,1,
163.59068511215909,-11.65,20.486787668289772,0.87568582592949995,-13.199999999999999,21.442143448980822,-0.94508452414208644,occupied,occupied,1,
163.64068226531074,-11.65,20.433909698308902,0.90330768913848059,-13.199999999999999,21.377507719977075,-0.91132098541069351,occupied,occupied,1,
163.69067941846237,-11.68054104499873,20.400000000000002,0.89472525212094756,-13.249999999999998,21.343102913680024,-0.93629755418852623,occupied,occupied,1,
163.74067657161402,-11.699999999999999,20.35965033223134,0.8986961462259625,-13.249999999999998,21.278455866942554,-0.90316500564339242,occupied,occupied,1,
163.79067372476564,-11.699999999999999,20.30822891137009,0.92478011892133349,-13.300000000000001,21.243248240017344,-0.92839584275741671,occupied,occupied,1,
163.84067087791729,-11.749999999999998,20.286223184561393,0.89257197822143408,-13.299999999999999,21.178631753000992,-0.8959729759310775,occupied,occupied,1,
163.89066803106891,-11.75,20.235619692095732,0.91767516399751081,-13.35,21.142610363959772,-0.92151815886128685,occupied,occupied,1,
163.94066518422056,-11.775742646949624,20.200000000000003,0.91269595765247347,-13.35,21.078062097658069,-0.88987977195692625,occupied,occupied,1,
163.99066233737219,-11.799999999999999,20.163713321954791,0.90903249020408317,-13.399999999999999,21.041215684586408,-0.91579911748580778,occupied,occupied,1,
164.04065949052384,-11.800000000000001,20.114514477735387,0.93253285440820133,-13.4,20.976768709173836,-0.88501559326341794,occupied,occupied,1,
164.09065664367546,-11.85,20.092391654127518,0.89885014049192902,-13.450000000000001,20.939085585385936,-0.91136824777779546,occupied,occupied,1,
164.14065379682711,-11.85,20.043928462898418,0.92135221155399394,-13.449999999999999,20.874768115212632,-0.88150511165758139,occupied,occupied,1,
164.19065094997876,-11.857724642754627,20,0.93457221850716499,-13.5,20.836236125901308,-0.9083491599780491,occupied,occupied,1,
164.24064810313038,-11.899999999999999,19.973748506714635,0.90863824913302105,-13.5,20.772071367640006,-0.8794667226949946,occupied,occupied,1,
164.29064525628203,-11.899999999999999,19.926552350325384,0.92953395390204463,-13.549999999999999,20.73267790764455,-0.9068588183999865,occupied,occupied,1,
164.34064240943366,-11.941984597892999,19.900000000000002,0.90328679575624848,-13.549999999999999,20.668684021701029,-0.87901190497598469,occupied,occupied,1,
164.39063956258531,-11.949999999999999,19.857240995961096,0.914314315614285,-13.6,20.628416111832326,-0.90700692440324926,occupied,occupied,1,
164.44063671573693,-11.949999999999999,19.811198315481199,0.93362508776264053,-13.6,20.564606283411941,-0.8802446887487626,occupied,occupied,1,
164.49063386888858,-12,19.787979063804649,0.89759802396620902,-13.65,20.523450700188178,-0.9088954102661615,occupied,occupied,1,
164.5406310220402,-12,19.7424483172368,0.9159444900136825,-13.649999999999999,20.459833312829112,-0.88326123249305222,occupied,occupied,1,
164.59062817519185,-12,19.69742319529853,0.93370513208971062,-13.699999999999999,20.417776764130849,-0.91261804225693022,occupied,occupied,1,
164.64062532834348,-12,19.652889165086354,0.95088699681223199,-13.699999999999999,20.354355665265462,-0.88814950387869496,occupied,occupied,1,
164.69062248149513,-12.049999999999999,19.62890365391538,0.91361890374208965,-13.721640977093568,20.300000000000001,-0.8877011294631344,occupied,occupied,1,
164.74061963464678,-12.049999999999999,19.584743481282892,0.92987292821677248,-13.75,20.248159847818364,-0.89498905982153731,occupied,occupied,1,
164.7906167877984,-12.073685832404234,19.550000000000004,0.92023811235537034,-13.788753631478128,20.200000000000006,-0.91387135968280997,occupied,occupied,1,
164.84061394095005,-12.1,19.516111124983002,0.90743931530336297,-13.800000000000001,20.141228965039293,-0.9038509192964489,occupied,occupied,1,
164.89061109410167,-12.099999999999998,19.472652663077426,0.92223454042681363,-13.85,20.096392404758721,-0.9356005613388545,occupied,occupied,1,
164.94060824725332,-12.149999999999999,19.446835330376167,0.88359798194200456,-13.85,20.033543425416376,-0.91479752205196241,occupied,occupied,1,
164.99060540040495,-12.15,19.403563278322814,0.89750812312052375,-13.9,19.987756519389549,-0.94742595237053651,occupied,occupied,1,
165.0406025535566,-12.149999999999999,19.36085399451985,0.91082301732777438,-13.899999999999999,19.92486229666266,-0.92781924393079196,occupied,occupied,1,
165.09059970670822,-12.149999999999999,19.318920303701709,0.92347053316962679,-13.899999999999999,19.861906702515721,-0.9088324519551072,occupied,occupied,1,
165.14059685985987,-12.199999999999999,19.292681246830828,0.88326600539934419,-13.949999999999999,19.813766262813211,-0.94266652179911714,occupied,occupied,1,
165.19059401301149,-12.199999999999999,19.251741428440727,0.89471594626058559,-13.949999999999999,19.74999764037597,-0.92483324316300841,occupied,occupied,1,
165.24059116616314,-12.199999999999999,19.211648721519197,0.90545382142058284,-14,19.699650607369684,-0.9595249560977126,occupied,occupied,1,
165.29058831931479,-12.25,19.18528500673002,0.86384143021931825,-14,19.634880315136364,-0.94298892743493457,occupied,occupied,1,
165.34058547246642,-12.249999999999998,19.146256201256389,0.87329203867304039,-13.999999999999998,19.569892880717305,-0.92725455505472876,occupied,occupied,1,
165.39058262561807,-12.249999999999998,19.108157135838404,0.88198705559727186,-14.049999999999999,19.515982035153332,-0.96363510196944691,occupied,occupied,1,
165.44057977876969,-12.25,19.071029515901671,0.88991403522867396,-14.049999999999999,19.449638984110003,-0.94947312614247004,occupied,occupied,1,
165.49057693192134,-12.25,19.034917628592883,0.89706206549864609,-14.1,19.392585093951858,-0.98719535210021181,occupied,occupied,1,
165.54057408507296,-12.25,18.999868424068133,0.90342219450307359,-14.1,19.324538466762235,-0.97485111804305125,occupied,occupied,1,
165.59057123822461,-12.25,18.965931568504651,0.90898793987063686,-14.1,19.25594759836623,-0.96360632947247726,occupied,occupied,1,
165.64056839137623,-12.25,18.933159454885569,0.91375589213007113,-14.1,19.186733900643741,-0.95354162019665045,occupied,occupied,1,
165.69056554452789,-12.25,18.901607153317293,0.9177264227014259,-14.149999999999999,19.122623319290568,-0.995085158615857,occupied,occupied,1,
165.74056269767951,-12.25,18.871332276729373,0.92090450540004543,-14.15,19.050785932521396,-0.98755131399350826,occupied,occupied,1,
165.79055985083116,-12.25,18.842394731001448,0.92330065643917691,-14.149999999999999,18.977950948581078,-0.98152886037446552,occupied,occupied,1,
165.84055700398281,-12.249999999999998,18.814856309585878,0.92493199096507783,-14.15,18.903975655162764,-0.97715692855368519,occupied,occupied,1,
165.89055415713443,-12.249999999999998,18.788780082234574,0.92582338261577313,-14.149999999999999,18.82869586982553,-0.97459585273704996,occupied,occupied,1,
165.94055131028608,-12.249999999999998,18.764229515079979,0.92600869472600833,-14.15,18.751922564868032,-0.97403116302001347,occupied,occupied,1,
165.9905484634377,-12.249999999999998,18.741267245549405,0.92553202542819213,-14.149999999999999,18.673437975383585,-0.97567832850196368,occupied,occupied,1,
166.04054561658936,-12.25,18.719953421222357,0.9244488717218341,-14.149999999999999,18.592991138250913,-0.97978835648722451,occupied,occupied,1,
166.09054276974098,-12.25,18.70034349849665,0.92282706762840128,-14.15,18.510292817106333,-0.98665434403732266,occupied,occupied,1,
166.14053992289263,-12.25,18.682485387354738,0.92074728806157979,-14.149999999999999,18.425009780959684,-0.99661905353527347,occupied,occupied,1,
166.19053707604425,-12.25,18.666415827209228,0.9183028350201996,-14.15,18.336758424410508,-1.0100835378885065,occupied,occupied,1,
166.2405342291959,-12.25,18.652155890844909,0.91559834292124942,-14.15,18.245097742900551,-1.0275167683904527,occupied,occupied,1,
166.29053138234752,-12.25,18.639705546119544,0.91274696940843658,-14.1,18.162421281144567,-0.99782893057374045,occupied,occupied,1,
166.34052853549917,-12.25,18.629037264513734,0.90986559997504324,-14.1,18.064703369577575,-1.0242938414810689,occupied,occupied,1,
166.39052568865083,-12.25,18.620088755766279,0.90706762118162088,-14.049999999999999,17.979796711167804,-1.0034228662001132,occupied,occupied,1,
166.44052284180245,-12.25,18.612755025852739,0.9044529436404104,-14.050000000000001,17.874126354664718,-1.0412017826409474,occupied,occupied,1,
166.4905199949541,-12.249999999999998,18.606880087690055,0.90209520913797525,-14,17.785594621000296,-1.0310395036525786,occupied,occupied,1,
166.54051714810572,-12.25,18.60224877244643,0.90002649544483149,-13.949999999999999,17.696181209778608,-1.0263583124579942,occupied,occupied,1,
166.59051430125737,-12.246393264771688,18.600000000000001,0.90205226389771676,-13.899999999999999,17.60647066020567,-1.0270707969318904,occupied,occupied,1,
166.64051145440899,-12.237191446967815,18.600000000000001,0.90981469278295912,-13.849999999999998,17.518339387746728,-1.032127919354149,occupied,occupied,1,
166.69050860756064,-12.226508256501043,18.600000000000001,0.91853692391409192,-13.775217086245162,17.449999999999999,-1.0104521997792981,occupied,occupied,1,
166.74050576071227,-12.214426862361313,18.600000000000001,0.92806279600505126,-13.699999999999999,17.38676652438911,-0.98997344286441846,occupied,occupied,1,
166.79050291386392,-12.201038312211635,18.600000000000005,0.93823748640408411,-13.656359378978928,17.300000000000004,-1.0131618595465837,occupied,occupied,1,
166.84050006701554,-12.199999999999999,18.586808087340035,0.9299925761718203,-13.6,17.225134759095734,-1.0229934076109406,occupied,occupied,1,
166.89049722016719,-12.199999999999999,18.569104073207388,0.91738356109009689,-13.545049826664915,17.150000000000002,-1.037869723475644,occupied,occupied,1,
166.94049437331884,-12.197791632684163,18.550000000000001,0.90474299105531586,-13.449999999999999,17.121281938568117,-0.99506255010869282,occupied,occupied,1,
166.99049152647046,-12.176907120296434,18.550000000000001,0.91820865462733636,-13.395646352319186,17.050000000000001,-1.014490317191971,occupied,occupied,1,
167.04048867962211,-12.155475493067854,18.550000000000004,0.93141914592945907,-13.325244786338748,17.000000000000004,-1.0104511379668384,occupied,occupied,1,
167.09048583277374,-12.15,18.526535189323919,0.91566398087796919,-13.25,16.95971994048378,-0.99873149132676453,occupied,occupied,1,
167.14048298592539,-12.143783977695429,18.5,0.89717676967362914,-13.189881906561169,16.900000000000002,-1.0144510384462448,occupied,occupied,1,
167.19048013907701,-12.118677772113816,18.5,0.91057626153059801,-13.1,16.889405213160249,-0.97542715372052102,occupied,occupied,1,
167.24047729222866,-12.1,18.48824066188077,0.90990929012415478,-13.030469729711143,16.850000000000001,-0.97413062032049136,occupied,occupied,1,
167.29047444538028,-12.094198467554259,18.450000000000003,0.87916395088346122,-12.967706038788318,16.800000000000001,-0.98778957746244467,occupied,occupied,1,
167.34047159853193,-12.066281157998608,18.450000000000003,0.89186650802362832,-12.880687974720843,16.800000000000001,-0.94817655210394558,occupied,occupied,1,
167.39046875168356,-12.049999999999999,18.419139642042129,0.87103106358305216,-12.822674917883244,16.75,-0.96827686967945681,occupied,occupied,1,
167.44046590483521,-12.024019506110536,18.400000000000002,0.86422526629453689,-12.749999999999998,16.74002608855988,-0.94755867892901025,occupied,occupied,1,
167.49046305798686,-11.986529394973266,18.400000000000002,0.87892778879598354,-12.694238552289331,16.700000000000003,-0.9624989003092379,occupied,occupied,1,
167.54046021113848,-11.949999999999999,18.391109703700476,0.88447634703943401,-12.625341029211132,16.699999999999999,-0.93649524408599116,occupied,occupied,1,
167.59045736429013,-11.92311472714276,18.350000000000001,0.85602683842191596,-12.579583208180919,16.649999999999999,-0.96632078664761234,occupied,occupied,1,
167.64045451744175,-11.87741552380249,18.350000000000001,0.87229696022764769,-12.517442227977945,16.650000000000002,-0.94419256136549756,occupied,occupied,1,
167.6904516705934,-11.829262029115794,18.350000000000001,0.88912657067945922,-12.458545767428147,16.650000000000002,-0.92360562777247135,occupied,occupied,1,
167.74044882374503,-11.778556303583144,18.350000000000001,0.90665295194341788,-12.420988457172488,16.600000000000001,-0.95754099503888024,occupied,occupied,1,
167.79044597689668,-11.743517000972643,18.300000000000001,0.87178266538643456,-12.367874098951802,16.600000000000001,-0.93924516040668626,occupied,occupied,1,
167.8404431300483,-11.687388699189611,18.300000000000001,0.89120048911209393,-12.317576091197774,16.600000000000001,-0.92184560766703927,occupied,occupied,1,
167.89044028319995,-11.628265543660618,18.300000000000001,0.91190366801969591,-12.270013411968691,16.600000000000001,-0.90519300703035632,occupied,occupied,1,
167.94043743635157,-11.565809054848788,18.300000000000001,0.93421228892062269,-12.244547121762229,16.550000000000001,-0.94280272526477071,occupied,occupied,1,
167.99043458950322,-11.5,18.298965271968687,0.95740891246704929,-12.203116231853542,16.550000000000004,-0.92759823819535903,occupied,occupied,1,
168.04043174265487,-11.450051004481761,18.250000000000004,0.93110088546899583,-12.164675790641292,16.550000000000004,-0.91299471535910504,occupied,occupied,1,
168.0904288958065,-11.375608700176491,18.25,0.96059833905774283,-12.129358717525827,16.550000000000001,-0.89900890137076328,occupied,occupied,1,
168.14042604895815,-11.319054362000445,18.200000000000003,0.93863784118186688,-12.097353932192334,16.550000000000001,-0.88571141840657008,occupied,occupied,1,
168.19042320210977,-11.234043393976954,18.200000000000003,0.97594964168927767,-12.068685441581936,16.550000000000004,-0.87313860596961668,occupied,occupied,1,
168.24042035526142,-11.170636051837626,18.150000000000002,0.96114403980977325,-12.049999999999999,16.535176052590888,-0.87758849496891878,occupied,occupied,1,
168.29041750841304,-11.1,18.108775516570148,0.96006140133418505,-12.046381253486544,16.5,-0.90643160418882207,occupied,occupied,1,
168.34041466156469,-11.005105411203161,18.100000000000001,1.002159454123031,-12.025985271890296,16.5,-0.89578566888674205,occupied,occupied,1,
168.39041181471632,-10.930586500423546,18.050000000000001,1.0018556079703269,-12.008373756908011,16.5,-0.88603352284226078,occupied,occupied,1,
168.44040896786797,-10.850988037532302,18.000000000000004,1.0082755077240202,-12,16.492196731802391,-0.88742995080092391,occupied,occupied,1,
168.49040612101962,-10.764650690481258,17.950000000000003,1.0231890291891252,-12,16.480571816353002,-0.89652634123029107,occupied,occupied,1,
168.54040327417124,-10.669240475574133,17.900000000000002,1.0490647626805525,-11.999999999999998,16.476511574989093,-0.89958610599505506,occupied,occupied,1,
168.59040042732289,-10.6,17.813216366062317,1.0361090693812471,-12,16.479298487135253,-0.89762744517322657,occupied,occupied,1,
168.64039758047451,-10.5,17.746416542257865,1.0661171759179002,-12,16.488131513466321,-0.89175953462363378,occupied,occupied,1,
168.69039473362616,-10.423133044487066,17.650000000000002,1.0672588349445626,-12.002893498549906,16.5,-0.88674809754590922,occupied,occupied,1,
168.74039188677779,-10.35,17.543682816578112,1.0685699430135034,-12.032570410017357,16.5,-0.91140909886709065,occupied,occupied,1,
168.79038903992944,-10.25,17.444494552249164,1.1066443865113078,-12.049999999999999,16.515482442754102,-0.91895762266731285,occupied,occupied,1,
168.84038619308106,-10.199999999999999,17.312509095752162,1.0963126975054325,-12.049999999999999,16.54334968449059,-0.90721074880914665,occupied,occupied,1,
168.89038334623271,-10.1,17.195239843066251,1.1498142318331153,-12.115779337100225,16.550000000000001,-0.96671613434648984,occupied,occupied,1,
168.94038049938433,-10.1,17.05204915231425,1.111508938535984,-12.22550017842719,16.550000000000001,-1.0724792390495717,occupied,occupied,1,
168.99037765253598,-10.049999999999999,16.93206162384401,1.1370465680889583,-12.25,16.570197425383249,-1.0925152045757172,occupied,occupied,1,
169.04037480568763,-10.049999999999999,16.812838581194587,1.12128407457404,-12.249999999999998,16.58625428696411,-1.0903534279095657,occupied,occupied,1,
169.09037195883926,-10.049999999999999,16.703828375672391,1.112996832680379,-12.25,16.593562371436878,-1.0897647503535333,occupied,occupied,1,
169.14036911199091,-10.049999999999999,16.60319728120459,1.1102750492282187,-12.25,16.593174172500884,-1.0897477830869573,occupied,occupied,1,
169.19036626514253,-10.049999999999999,16.509531560207943,1.1117134632156955,-12.249999999999998,16.58600297145184,-1.0896151984651614,occupied,occupied,1,
169.24036341829418,-10.1,16.425181725540231,1.0661502190863963,-12.249999999999998,16.572826029278716,-1.0889133160388251,occupied,occupied,1,
169.2903605714458,-10.1,16.343916473590507,1.0729114050499036,-12.049999999999999,16.534725412781416,-0.88640175299175028,occupied,occupied,1,
169.34035772459745,-10.15,16.273024077799345,1.0310003606222615,-12.049999999999999,16.506387629659592,-0.88327719170311303,occupied,occupied,1,
169.39035487774908,-10.149999999999999,16.200849598130496,1.0405593365853567,-11.999999999999998,16.467239488612829,-0.82852160702066824,occupied,occupied,1,
169.44035203090073,-10.199999999999999,16.14008459105359,1.0003253421881337,-12.050000000000001,16.439174026735511,-0.8736955996736514,occupied,occupied,1,
169.49034918405235,-10.199999999999999,16.075105208035559,1.0111580210318034,-12.050000000000001,16.40082478343216,-0.86729699354707745,occupied,occupied,1,
169.540346337204,-10.25,16.02144794159091,0.97158602624134605,-12.050000000000001,16.360412751821542,-0.86005180438311601,occupied,occupied,1,
169.59034349035565,-10.249999999999998,15.95899124729304,0.98350051323848775,-12.049999999999999,16.31957436203227,-0.85226095891279607,occupied,occupied,1,
169.64034064350727,-10.299999999999999,15.907102797096149,0.94501131987486298,-12.1,16.288939300813681,-0.89504278682179228,occupied,occupied,1,
169.69033779665892,-10.321682725911199,15.850000000000001,0.93598542010275732,-12.1,16.247861970005985,-0.88629514954058564,occupied,occupied,1,
169.74033494981055,-10.35,15.794901638068177,0.9207062663109109,-12.1,16.206347247219973,-0.87701103329164176,occupied,occupied,1,
169.7903321029622,-10.399999999999999,15.745722488551595,0.88360310428271649,-12.149999999999999,16.176698801409085,-0.91868449270180397,occupied,occupied,1,
169.84032925611382,-10.4,15.68471914794381,0.89849629091730743,-12.15,16.134827483722962,-0.90846179214324896,occupied,occupied,1,
169.89032640926547,-10.399999999999999,15.623649645085402,0.91400567059148019,-12.149999999999999,16.092481413756378,-0.89770711771552891,occupied,occupied,1,
169.94032356241709,-10.449999999999999,15.576435573579882,0.87821289486611742,-12.151241188350671,16.050000000000001,-0.88771033305502256,occupied,occupied,1,
169.99032071556874,-10.449999999999999,15.515755660695902,0.89476287343476801,-12.199999999999999,16.020771011987392,-0.9266488057415978,occupied,occupied,1,
170.04031786872036,-10.449999999999999,15.455010104852473,0.91187449798087772,-12.200000000000001,15.97746789833135,-0.91445026666718965,occupied,occupied,1,
170.09031502187202,-10.5,15.409617864627727,0.87720768099851587,-12.25,15.949074083049673,-0.95405227094553013,occupied,occupied,1,
170.14031217502367,-10.5,15.349232452874457,0.89524578762450691,-12.249999999999998,15.905235244693694,-0.9409565717331928,occupied,occupied,1,
170.19030932817529,-10.534294832367532,15.300000000000001,0.87770836133077434,-12.25,15.860878796007672,-0.92734821563620928,occupied,occupied,1,
170.24030648132694,-10.550000000000001,15.245086775509741,0.88007431521742352,-12.25,15.816006033159978,-0.91323235090410149,occupied,occupied,1,
170.29030363447856,-10.593585737522645,15.200000000000003,0.85333105648132179,-12.300000000000001,15.787844005583857,-0.95149863356896258,occupied,occupied,1,
170.34030078763021,-10.599999999999998,15.142482642337571,0.86621250892820201,-12.299999999999999,15.742366420439293,-0.93652445114933391,occupied,occupied,1,
170.39029794078183,-10.6,15.082707938471462,0.88630710237024879,-12.299999999999999,15.69636967295498,-0.92106135048304794,occupied,occupied,1,
170.44029509393349,-10.65,15.041336857479163,0.85351839603461788,-12.300380903634563,15.65,-0.90552337383469805,occupied,occupied,1,
170.49029224708511,-10.65,14.981878246039576,0.87427811758458396,-12.35,15.621659899436803,-0.94212507664947376,occupied,occupied,1,
170.54028940023676,-10.649999999999999,14.922393534061092,0.89540771588782253,-12.35,15.574507141259444,-0.9253756750440163,occupied,occupied,1,
170.59028655338838,-10.699999999999999,14.882424030838932,0.8632080239131853,-12.399999999999999,15.546378081155423,-0.96184950420248205,occupied,occupied,1,
170.64028370654003,-10.699999999999999,14.82326119252108,0.88489175138414233,-12.4,15.498559902432989,-0.94432347586733856,occupied,occupied,1,
170.69028085969168,-10.699999999999999,14.764099252246783,0.9068851051487179,-12.4,15.450242838088396,-0.92636147411758163,occupied,occupied,1,
170.74027801284331,-10.749999999999998,14.725438085551305,0.87513286120206779,-12.399999999999999,15.401438174364889,-0.90797569412370782,occupied,occupied,1,
170.79027516599496,-10.75,14.666612829567656,0.89756998925820786,-12.449999999999999,15.372932115499408,-0.94332298255713809,occupied,occupied,1,
170.84027231914658,-10.75,14.607820212581284,0.9202555849020958,-12.449999999999999,15.323463591554827,-0.92423498050306951,occupied,occupied,1,
170.89026947229823,-10.799999999999999,14.570384254947959,0.88881674155628754,-12.499999999999998,15.294838461550505,-0.95911017730823345,occupied,occupied,1,
170.94026662544985,-10.799999999999999,14.51195098603224,0.91183662199423443,-12.5,15.244699965412073,-0.9393578752918248,occupied,occupied,1,
170.9902637786015,-10.85,14.475366275338056,0.8805053921193966,-12.513518623249045,15.200000000000001,-0.93398854416527399,occupied,occupied,1,
171.04026093175312,-10.85,14.417301005584134,0.90379070454422861,-12.549999999999999,15.165081272203068,-0.9534048498185006,occupied,occupied,1,
171.09025808490478,-10.85,14.359324730125206,0.9272232706858281,-12.550000000000001,15.113836972346103,-0.93269305099673816,occupied,occupied,1,
171.1402552380564,-10.9,14.323830002875729,0.89600285060008078,-12.550000000000001,15.06217498300933,-0.91166230359426981,occupied,occupied,1,
171.19025239120805,-10.899999999999999,14.266254479059128,0.91959386656033681,-12.6,15.032653436503038,-0.94517618949781212,occupied,occupied,1,
171.2402495443597,-10.949999999999999,14.231501366315056,0.88836176228274777,-12.6,14.980358998895797,-0.92362271719670785,occupied,occupied,1,
171.29024669751132,-10.949999999999999,14.174340544628651,0.91204490933616411,-12.648878236935746,14.949999999999999,-0.95552968211684786,occupied,occupied,1,
171.34024385066297,-10.949999999999999,14.117332611775733,0.93577467324202479,-12.65,14.897594292354778,-0.93473549518263188,occupied,occupied,1,
171.39024100381459,-11,14.083550721099005,0.90446986694550968,-12.649999999999999,14.84431656865622,-0.91246840245426397,occupied,occupied,1,
171.44023815696625,-11,14.02699660245653,0.92818824116956167,-12.670097596543112,14.799999999999999,-0.91212701296295473,occupied,occupied,1,
171.49023531011787,-11.050000000000001,13.993854731349499,0.89676566975231031,-12.699999999999999,14.759972945869258,-0.92242016974263841,occupied,occupied,1,
171.54023246326952,-11.049999999999999,13.937771206332016,0.92040940100958146,-12.699999999999999,14.705787353649434,-0.89957653369988422,occupied,occupied,1,
171.59022961642114,-11.088797949754795,13.9,0.90119269286237091,-12.75,14.674618075181757,-0.93173540560116574,occupied,occupied,1,
171.64022676957279,-11.1,13.849627761556322,0.91233993214503462,-12.75,14.619880888265797,-0.90859111520566715,occupied,occupied,1,
171.69022392272441,-11.1,13.79427722395271,0.93575849050916282,-12.799999999999999,14.588220137965376,-0.94049984743658077,occupied,occupied,1,
171.74022107587606,-11.123147842371637,13.75,0.93352001891340231,-12.799999999999999,14.532947771126484,-0.91711240565254137,occupied,occupied,1,
171.79021822902772,-11.149999999999999,13.707716302019076,0.92707075161422647,-12.848393662862904,14.5,-0.94703023076084369,occupied,occupied,1,
171.84021538217934,-11.149999999999999,13.65318420199803,0.95011046933013621,-12.85,14.444958922286228,-0.92523142154935256,occupied,occupied,1,
171.89021253533099,-11.199999999999999,13.622195840181464,0.91784852131914241,-12.873795433593905,14.400000000000002,-0.92784117756060913,occupied,occupied,1,
171.94020968848261,-11.199999999999999,13.568232802191869,0.94056294868101642,-12.899999999999999,14.355886080804042,-0.93304258272320761,occupied,occupied,1,
171.99020684163426,-11.249999999999998,13.537684035712012,0.90800569432901324,-12.899999999999999,14.299393318156326,-0.90932780037189997,occupied,occupied,1,
172.04020399478588,-11.25,13.484304607248353,0.93034008237850452,-12.915840928935458,14.250000000000002,-0.90304897480430046,occupied,occupied,1,
172.09020114793753,-11.290933543635406,13.450000000000001,0.90742931770433721,-12.949999999999999,14.208749100195112,-0.91690664468884497,occupied,occupied,1,
172.14019830108916,-11.299999999999999,13.401363385835815,0.91936137314061295,-13,14.174374930222344,-0.94813610952297778,occupied,occupied,1,
172.19019545424081,-11.300000000000001,13.348956042831476,0.94099733971518107,-13,14.116980105244817,-0.9244412040181389,occupied,occupied,1,
172.24019260739243,-11.306817200903568,13.300000000000001,0.95487767289595227,-13.049999999999999,14.081877446069235,-0.95562451546642158,occupied,occupied,1,
172.29018976054408,-11.35,13.267588476572087,0.92867237724783247,-13.049999999999999,14.024054910582317,-0.9320375587132117,occupied,occupied,1,
172.34018691369573,-11.35,13.216220552965538,0.94948120562988891,-13.1,13.988176193887135,-0.96321728382177407,occupied,occupied,1,
172.39018406684735,-11.399999999999999,13.187129124358679,0.91539478573497524,-13.1,13.929939602788121,-0.93980531313969229,occupied,occupied,1,
172.440181219999,-11.399999999999999,13.136411666705849,0.93561537426921426,-13.149999999999999,13.893235988578862,-0.97102645213094774,occupied,occupied,1,
172.49017837315063,-11.399999999999999,13.086139577473771,0.95547846997932528,-13.149999999999999,13.834597109982091,-0.94785772679949032,occupied,occupied,1,
172.54017552630228,-11.432352206436759,13.050000000000002,0.9398461495894489,-13.149999999999999,13.775887917929522,-0.9248863277725774,occupied,occupied,1,
172.5901726794539,-11.449999999999999,13.007851508562734,0.9398941199972618,-13.199999999999999,13.73798656387843,-0.95631188120641997,occupied,occupied,1,
172.64016983260555,-11.449999999999999,12.958718083422676,0.95870409848672122,-13.199999999999999,13.678903449985389,-0.93369304857598601,occupied,occupied,1,
172.69016698575717,-11.449999999999999,12.910070714696031,0.977103532134179,-13.25,13.640062697562781,-0.96528888317476924,occupied,occupied,1,
172.74016413890882,-11.499999999999998,12.881779455016153,0.94128186716407547,-13.249999999999998,13.580716895836854,-0.94313144901180845,occupied,occupied,1,
172.79016129206045,-11.499999999999998,12.833281920952983,0.95915277744409955,-13.299999999999999,13.54142096426949,-0.97513285417012041,occupied,occupied,1,
172.8401584452121,-11.5,12.784823803643715,0.97677941599454166,-13.300000000000001,13.482549733517876,-0.95371831081550706,occupied,occupied,1,
172.89015559836375,-11.535617932491901,12.750000000000004,0.95604430141257035,-13.299999999999999,13.424058434870997,-0.9327115996410531,occupied,occupied,1,
172.94015275151537,-11.550000000000001,12.706808495029547,0.95791558746775773,-13.35,13.384765180916887,-0.9655254092720289,occupied,occupied,1,
172.99014990466702,-11.549999999999999,12.658135348729452,0.97496691283339654,-13.35,13.326732077368625,-0.94519495157986366,occupied,occupied,1,
173.04014705781864,-11.6,12.62778536576068,0.93856196740453712,-13.35,13.26904763691565,-0.92522914224451114,occupied,occupied,1,
173.09014421097029,-11.6,12.578863107329267,0.95529602377225087,-13.399999999999999,13.229779930438692,-0.95878148526620588,occupied,occupied,1,
173.14014136412192,-11.6,12.529929842858785,0.97184178629088724,-13.4,13.17252310216371,-0.9394211723058955,occupied,occupied,1,
173.19013851727357,-11.649999999999999,12.498603109812018,0.93519312994789749,-13.399999999999999,13.115586623964559,-0.92038458514140054,occupied,occupied,1,
173.24013567042519,-11.649999999999999,12.449404167558978,0.95146350788631062,-13.449999999999999,13.076374358369677,-0.95460354764064603,occupied,occupied,1,
173.29013282357684,-11.65,12.400172775722401,0.96757251105825293,-13.449999999999999,13.019840114903955,-0.93610488053107399,occupied,occupied,1,
173.34012997672846,-11.65,12.350899139106184,0.98353025005359584,-13.450000000000001,12.963600601793358,-0.91789108210269499,occupied,occupied,1,
173.39012712988011,-11.699999999999999,12.318409012298901,0.94658853121141107,-13.5,12.924480031138781,-0.95270662222778379,occupied,occupied,1,
173.44012428303176,-11.699999999999999,12.268847558518862,0.96232921500879964,-13.499999999999998,12.86862208063879,-0.93496609078420911,occupied,occupied,1,
173.49012143618339,-11.699999999999999,12.219225116582065,0.97794496639689599,-13.5,12.81303566288407,-0.91747344780601747,occupied,occupied,1,
173.54011858933504,-11.75,12.185871013223771,0.94084393290168589,-13.549999999999999,12.774048739881382,-0.95281734571603782,occupied,occupied,1,
173.59011574248666,-11.75,12.135952648738321,0.95628487236559057,-13.549999999999999,12.718827410764348,-0.93573600178112248,occupied,occupied,1,
173.64011289563831,-11.75,12.085956146033302,0.97162708729403424,-13.550000000000001,12.663856562790141,-0.91886726384477002,occupied,occupied,1,
173.69011004878993,-11.794358217662122,12.050000000000002,0.9403269131722265,-13.6,12.625050284525352,-0.9546731068428107,occupied,occupied,1,
173.74010720194158,-11.800000000000001,12.0014987600529,0.94961625868580801,-13.6,12.570431740081345,-0.93815616821422632,occupied,occupied,1,
173.79010435509321,-11.799999999999999,11.951106731948217,0.96475411981812542,-13.6,12.516044492493336,-0.92181808216348182,occupied,occupied,1,
173.84010150824486,-11.799999999999999,11.90061260286603,0.97982926615027488,-13.649999999999999,12.477470257691211,-0.95802128379685825,occupied,occupied,1,
173.89009866139648,-11.85,11.865506171903549,0.94250470784858076,-13.65,12.423425709177126,-0.94197777019985229,occupied,occupied,1,
173.94009581454813,-11.85,11.814700019427359,0.95750847602808231,-13.65,12.369594860875271,-0.92608072681459219,occupied,occupied,1,
173.99009296769978,-11.85,11.763777083814688,0.97247603473938149,-13.699999999999999,12.331307839778438,-0.96261857766714976,occupied,occupied,1,
174.0400901208514,-11.899999999999999,11.728002143534692,0.9351367118927747,-13.699999999999999,12.277812760759138,-0.94696097813628655,occupied,occupied,1,
174.09008727400305,-11.899999999999999,11.676765239137584,0.95007802893258386,-13.699999999999999,12.224515092814769,-0.9314186896942066,occupied,occupied,1,
174.14008442715468,-11.899999999999999,11.625397387663702,0.96501004251579092,-13.699999999999999,12.171406683450954,-0.91598069406057336,occupied,occupied,1,
174.19008158030633,-11.949999999999999,11.589018428513983,0.92770440338630844,-13.75,12.133606950622186,-0.95287440602636775,occupied,occupied,1,
174.24007873345795,-11.949999999999999,11.53733525099541,0.94265656340951554,-13.75,12.080822441762637,-0.93760361181306506,occupied,occupied,1,
174.2900758866096,-11.949999999999999,11.485507178596785,0.95762685544211079,-13.75,12.028212218524496,-0.9224073890233826,occupied,occupied,1,
174.34007303976122,-12,11.448588879882264,0.92040595725697893,-13.799999999999999,11.990830768032215,-0.95949464257919914,occupied,occupied,1,
174.39007019291287,-12,11.396444174633288,0.93544415828550787,-13.800000000000001,11.938541809284171,-0.94441483788789649,occupied,occupied,1,
174.4400673460645,-12,11.344140547763208,0.95052858068490487,-13.800000000000001,11.886412807226556,-0.92938077973210298,occupied,occupied,1,
174.49006449921615,-12.027624169137376,11.300000000000001,0.93681690184830779,-13.849999999999998,11.849512954753351,-0.96660584582336828,occupied,occupied,1,
174.5400616523678,-12.049999999999999,11.254125091061365,0.92864753218951857,-13.849999999999998,11.797703559550175,-0.95163902879118445,occupied,occupied,1,
174.59005880551942,-12.049999999999999,11.201329733960957,0.94392420671269817,-13.849999999999998,11.746040150840258,-0.93668990528817209,occupied,occupied,1,
174.64005595867107,-12.055427497030772,11.15,0.95361481063722997,-13.868076585695649,11.700000000000001,-0.94063879398851036,occupied,occupied,1,
174.69005311182269,-12.1,11.110407797708861,0.92248038213733952,-13.9,11.658341313215788,-0.95906981315796036,occupied,occupied,1,
174.74005026497434,-12.1,11.057102892225567,0.93802994528582107,-13.9,11.607128403623406,-0.9441305322474991,occupied,occupied,1,
174.79004741812597,-12.099999999999998,11.003601437165532,0.95369540404204867,-13.899999999999999,11.556039938164824,-0.92917163783487244,occupied,occupied,1,
174.84004457127762,-12.149999999999999,10.96531659840716,0.91716374021665892,-13.949999999999999,11.520489702952414,-0.96650745614708422,occupied,occupied,1,
174.89004172442924,-12.149999999999999,10.911481892015697,0.93306959955857138,-13.949999999999999,11.469711911986442,-0.95150482327448349,occupied,occupied,1,
174.94003887758089,-12.149999999999999,10.857434254103085,0.9491225732563886,-13.949999999999999,11.419044276146863,-0.93645580402205686,occupied,occupied,1,
174.99003603073251,-12.199999999999999,10.818868110705525,0.9129263703410786,-13.949999999999999,11.36847890649852,-0.92135060625002807,occupied,occupied,1,
175.04003318388416,-12.199999999999999,10.764480127967165,0.92927497912144785,-14,11.333822891354799,-0.95862098788040662,occupied,occupied,1,
175.09003033703581,-12.200000000000001,10.709861511435761,0.9458031538234396,-14,11.283558938427534,-0.94341063443266393,occupied,occupied,1,
175.14002749018744,-12.25,10.671069075070422,0.9100052238244094,-14,11.233382014471026,-0.92811768877347978,occupied,occupied,1,
175.19002464333909,-12.25,10.616100328813664,0.92688637956442843,-14.050000000000001,11.199489023357346,-0.96529288491380305,occupied,occupied,1,
175.24002179649071,-12.25,10.560881644365002,0.94398093507868241,-14.050000000000001,11.149609296053042,-0.94985122429080948,occupied,occupied,1,
175.29001894964236,-12.299999999999999,10.521914154006723,0.90864596936974051,-14.049999999999999,11.099800294988189,-0.934300690720685,occupied,occupied,1,
175.34001610279398,-12.299999999999999,10.466332353996307,0.92615314090658707,-14.049999999999999,11.050053219699718,-0.91863141265448889,occupied,occupied,1,
175.39001325594563,-12.300000000000001,10.410479427536892,0.94390908825421416,-14.1,11.017212780950262,-0.95559752193281833,occupied,occupied,1,
175.44001040909725,-12.35,10.371383713900995,0.90910360979474225,-14.1,10.967747634417629,-0.93972032062534261,occupied,occupied,1,
175.49000756224891,-12.35,10.315150972676017,0.92733429580940641,-14.1,10.918326139533821,-0.92369792484855384,occupied,occupied,1,
175.54000471540056,-12.35,10.258623751892088,0.9458508466868627,-14.149999999999999,10.886376252179598,-0.96047368014932599,occupied,occupied,1,
175.59000186855218,-12.4,10.219441588403308,0.9116431941829819,-14.149999999999999,10.83722639670949,-0.94420110676844882,occupied,occupied,1,
175.63999902170383,-12.399999999999999,10.162513626283609,0.93069931462065614,-14.149999999999999,10.788100072077352,-0.92775660392055292,occupied,occupied,1,
175.68999617485545,-12.399999999999999,10.105265387920763,0.95008028353178486,-14.180412221776574,10.750000000000002,-0.94347467988078115,occupied,occupied,1,
175.7399933280071,-12.449999999999999,10.066032829361198,0.91654062989813545,-14.199999999999999,10.708224653474266,-0.94757050921285357,occupied,occupied,1,
175.78999048115872,-12.450000000000001,10.0083581832983,0.93652894972281464,-14.199999999999999,10.659357269973244,-0.93063462395026053,occupied,occupied,1,
175.83998763431038,-12.449999999999999,9.9504196120427508,0.95685201834631628,-14.199999999999999,10.610398879337927,-0.91346149367766472,occupied,occupied,1,
175.889984787462,-12.5,9.9114547929783399,0.92393839588494509,-14.25,10.58032970635475,-0.94953262063607402,occupied,occupied,1,
175.93998194061365,-12.5,9.8534958936539798,0.94475006437820686,-14.25,10.531179168070526,-0.93188378920749704,occupied,occupied,1,
175.98997909376527,-12.549999999999999,9.8150115199356414,0.91213829771537014,-14.249999999999998,10.481804566000994,-0.91395396892427327,occupied,occupied,1,
176.03997624691692,-12.549999999999999,9.757025821924552,0.93342709307502292,-14.294800702462103,10.450000000000003,-0.94394945487469439,occupied,occupied,1,
176.08997340006857,-12.552731433954223,9.7000000000000011,0.95205180002723599,-14.299999999999999,10.402489000703753,-0.93114713741974064,occupied,occupied,1,
176.13997055322019,-12.6,9.6609845105883956,0.92286112223428429,-14.299999999999999,10.352689143150457,-0.91247407840559158,occupied,occupied,1,
176.18996770637185,-12.6,9.6028254579484109,0.94489086786777265,-14.35,10.323249983866365,-0.94759730846097456,occupied,occupied,1,
176.23996485952347,-12.613140888409527,9.5499999999999989,0.95295786270489391,-14.35,10.273242338119255,-0.92846687752870261,occupied,occupied,1,
176.28996201267512,-12.649999999999999,9.5071479643395929,0.93551116535604362,-14.35,10.223011606217222,-0.90906487096295363,occupied,occupied,1,
176.33995916582674,-12.649999999999999,9.4488086105476068,0.95825813795152293,-14.4,10.193845769447769,-0.94373564966767576,occupied,occupied,1,
176.38995631897839,-12.672467965224675,9.3999999999999986,0.95680907118489844,-14.399999999999999,10.143402066352106,-0.92388589702008794,occupied,occupied,1,
176.43995347213001,-12.699999999999999,9.353461020391924,0.95001800374705581,-14.416702458845592,10.1,-0.92198300594304639,occupied,occupied,1,
176.48995062528166,-12.711524903616493,9.3000000000000007,0.96087038447561934,-14.449999999999999,10.063818927976474,-0.93800165320379436,occupied,occupied,1,
176.53994777843329,-12.75,9.2584654945134641,0.94245219355167631,-14.449999999999999,10.012936486990673,-0.91744739472978332,occupied,occupied,1,
176.58994493158494,-12.75024804423718,9.1999999999999993,0.96604047634807111,-14.449999999999999,9.9618342052717725,-0.89663181566724937,occupied,occupied,1,
176.63994208473659,-12.799999999999999,9.1638034546755716,0.9355412351428718,-14.499999999999998,9.9331412090133853,-0.9304385558113466,occupied,occupied,1,
176.68993923788821,-12.799999999999999,9.1051707019479,0.95981073075563217,-14.5,9.8818189473922367,-0.90919502021245024,occupied,occupied,1,
176.73993639103986,-12.85,9.0694574646051382,0.92926606061567452,-14.542768585973739,9.8500000000000014,-0.93479191466840339,occupied,occupied,1,
176.78993354419148,-12.85,9.0107651354782838,0.95393493136979923,-14.549999999999999,9.8017891693966828,-0.92109014105897746,occupied,occupied,1,
176.83993069734314,-12.85,8.9519379688485383,0.97884374893252124,-14.550000000000001,9.7500274998331147,-0.89917299738982837,occupied,occupied,1,
176.88992785049476,-12.899999999999999,8.9166563175498421,0.94866625457141629,-14.6,9.7217298605861799,-0.93232906963783946,occupied,occupied,1,
176.93992500364641,-12.9,8.8577677112917428,0.97395913857505478,-14.6,9.6697438506649078,-0.91000085328022506,occupied,occupied,1,
176.98992215679803,-12.949999999999999,8.8228294884764438,0.94398635822997434,-14.65,9.6416268649477583,-0.94292358761172046,occupied,occupied,1,
177.03991930994968,-12.950000000000001,8.7638772312370268,0.96965337255128092,-14.671798289371486,9.5999999999999996,-0.94442359395932307,occupied,occupied,1,
177.0899164631013,-13,8.7292709028481834,0.93987716125518872,-14.699999999999999,9.5614668355505472,-0.95288538867186312,occupied,occupied,1,
177.13991361625295,-13,8.6702532736379592,0.96590839319050348,-14.699999999999999,9.5090265712394828,-0.92975524911773422,occupied,occupied,1,
177.18991076940461,-13.049999999999999,8.6359677965596049,0.9363208055954293,-14.75,9.4812371906558148,-0.96222609890700472,occupied,occupied,1,
177.23990792255623,-13.049999999999999,8.5768835522418918,0.96270634955961221,-14.75,9.4285677616219452,-0.93870522937518752,occupied,occupied,1,
177.28990507570788,-13.1,8.5429083557485725,0.93329961965352937,-14.798165164340036,9.4000000000000004,-0.96890200268402926,occupied,occupied,1,
177.3399022288595,-13.1,8.4837567196560659,0.96002956126581196,-14.800000000000001,9.348026589757108,-0.94705261010606501,occupied,occupied,1,
177.38989938201115,-13.149840461238639,8.4500000000000011,0.93097531879464512,-14.809919250142332,9.3000000000000007,-0.93406129890698952,occupied,occupied,1,
177.43989653516277,-13.149999999999999,8.3908520196921899,0.95786534536767898,-14.85,9.2674024980664562,-0.95481359819241451,occupied,occupied,1,
177.48989368831442,-13.185690693226649,8.3499999999999996,0.94493953976432832,-14.849999999999998,9.2141068579459589,-0.93032207680057777,occupied,occupied,1,
177.53989084146605,-13.20368781179636,8.3000000000000025,0.95208055562412275,-14.9,9.1867738282504519,-0.96203617600907998,occupied,occupied,1,
177.5898879946177,-13.249999999999998,8.2648775193225621,0.92738308580996698,-14.899999999999999,9.1333042839188092,-0.93719864891423244,occupied,occupied,1,
177.63988514776932,-13.25,8.2053909477562623,0.95516181348774576,-14.938391461064322,9.1000000000000032,-0.95559486441537156,occupied,occupied,1,
177.68988230092097,-13.299999999999999,8.1724203205134121,0.92648959663769181,-14.949999999999999,9.0525038622687166,-0.94354971858232739,occupied,occupied,1,
177.73987945407262,-13.299999999999999,8.1128032259967924,0.95461862977852896,-14.952460348987806,9.0000000000000018,-0.92094617069587903,occupied,occupied,1,
177.78987660722424,-13.35,8.0800525888956525,0.92612950654997772,-15,8.9716958772028992,-0.94937782576929652,occupied,occupied,1,
177.83987376037589,-13.35,8.0203039639935501,0.95460563706114709,-15,8.9176893285311838,-0.92363835467324495,occupied,occupied,1,
177.88987091352752,-13.399999999999999,7.9877693558592284,0.92629610178632171,-15.049999999999999,8.8908708491870989,-0.95468563848949195,occupied,occupied,1,
177.93986806667917,-13.399999999999999,7.9278883722156301,0.9551159748484348,-15.049999999999999,8.8366794868965695,-0.9286040919669678,occupied,occupied,1,
177.98986521983079,-13.449999999999999,7.8955658763427499,0.92698249787235065,-15.081921170319356,8.7999999999999989,-0.93880628711167224,occupied,occupied,1,
178.03986237298244,-13.449999999999999,7.8355518876678412,0.95614261066009798,-15.1,8.7556404919983013,-0.93305378988135301,occupied,occupied,1,
178.08985952613406,-13.493872607796371,7.7999999999999989,0.9352074670665389,-15.15,8.7291329977851149,-0.96375173912519763,occupied,occupied,1,
178.13985667928571,-13.511888241168469,7.7499999999999991,0.9440272596097522,-15.149999999999999,8.6745635726640469,-0.93699053252285713,occupied,occupied,1,
178.18985383243734,-13.549999999999999,7.7113803547006023,0.92988629211989637,-15.199999999999999,8.6482025000604992,-0.96751607217628011,occupied,occupied,1,
178.23985098558899,-13.550000000000001,7.6510991582024381,0.95971577867942304,-15.199999999999999,8.5934402322138794,-0.94041755868641508,occupied,occupied,1,
178.28984813874064,-13.6,7.6193899972225525,0.93208905505145545,-15.220023735576639,8.5499999999999989,-0.93620211098801631,occupied,occupied,1,
178.33984529189226,-13.599999999999998,7.5589749738420089,0.96224737510616987,-15.25,8.5122622580836644,-0.94333826880932603,occupied,occupied,1,
178.38984244504391,-13.65,7.5274627730046415,0.93478234648251257,-15.25,8.4571243349679417,-0.91569613752967405,occupied,occupied,1,
178.43983959819553,-13.699999999999999,7.4961294124991547,0.90735565024107967,-15.300000000000001,8.4310217308037263,-0.94575623165512546,occupied,occupied,1,
178.48983675134718,-13.699999999999999,7.4355951430742371,0.93795841001725422,-15.300000000000001,8.3756866867296367,-0.91778190329503462,occupied,occupied,1,
178.53983390449881,-13.742463765387829,7.400000000000003,0.91944124661880222,-15.35,8.3497110323053505,-0.94767519069130057,occupied,occupied,1,
178.58983105765046,-13.749999999999998,7.3437838232626254,0.94160931300389916,-15.359802801947922,8.3000000000000007,-0.93077270939794732,occupied,occupied,1,
178.63982821080208,-13.778519309038552,7.3000000000000007,0.93951120725509596,-15.4,8.268322853551588,-0.94909907013701411,occupied,occupied,1,
178.68982536395373,-13.800000000000001,7.2520257873327463,0.94572694658156375,-15.4,8.2125887154757731,-0.9204673463372377,occupied,occupied,1,
178.73982251710535,-13.85,7.221253327441385,0.91875835620942459,-15.449999999999999,8.1868502014773785,-0.95003198065238592,occupied,occupied,1,
178.789819670257,-13.85,7.1603182694965621,0.9503030260404578,-15.449999999999999,8.1309145339295092,-0.92107537196759681,occupied,occupied,1,
178.83981682340865,-13.899999999999999,7.1297257967601633,0.92347975268567317,-15.491329858651493,8.1000000000000032,-0.94032354930423712,occupied,occupied,1,
178.88981397656028,-13.949999999999999,7.0992990606765627,0.8966875734644244,-15.5,8.049148185706537,-0.92119948582176936,occupied,occupied,1,
178.93981112971193,-13.949999999999999,7.0382429070800274,0.92864740102999965,-15.511639053174724,8.0000000000000018,-0.90539001357809135,occupied,occupied,1,
178.98980828286355,-13.987089992534393,7.0000000000000027,0.91717773059501317,-15.549999999999999,7.9672835540146405,-0.9208443490610847,occupied,occupied,1,
179.0398054360152,-14,6.9467886148557412,0.93426016246259758,-15.6,7.9418744488332669,-0.94993616939423675,occupied,occupied,1,
179.08980258916682,-14.023341686347004,6.9000000000000021,0.9392063472907447,-15.6,7.8853749256468673,-0.920044895038993,occupied,occupied,1,
179.13979974231847,-14.049999999999999,6.8552600690693284,0.94036870053646926,-15.633870151910328,7.8500000000000014,-0.92996607920228325,occupied,occupied,1,
179.1897968954701,-14.1,6.8252371348555583,0.91405199403319981,-15.649999999999999,7.8034883107268662,-0.91883517191390085,occupied,occupied,1,
179.23979404862175,-14.1,6.763632151277811,0.94698962176385437,-15.655209582194027,7.7500000000000018,-0.89463965079372698,occupied,occupied,1,
179.28979120177337,-14.15,6.7337130876465388,0.92084824843474722,-15.699999999999999,7.7216188986200027,-0.91720993654067351,occupied,occupied,1,
179.33978835492502,-14.193873326411234,6.6999999999999993,0.90202856421730737,-15.75,7.6967015952537752,-0.94592822484348016,occupied,occupied,1,
179.38978550807667,-14.199999999999999,6.642082820133802,0.92816550950031163,-15.75,7.6397615868953785,-0.9151637941366968,occupied,occupied,1,
179.43978266122829,-14.230834511656697,6.6000000000000005,0.92507294994562073,-15.77679976972888,7.6000000000000005,-0.916124643786837,occupied,occupied,1,
179.48977981437994,-14.25,6.5503402990966517,0.93601069560236527,-15.800000000000001,7.5579111035112456,-0.91269126142279899,occupied,occupied,1,
179.53977696753157,-14.300000000000001,6.5207566528685517,0.91027172567146486,-15.800000000000001,7.500655087607349,-0.88143163772425792,occupied,occupied,1,
179.58977412068322,-14.299999999999999,6.4584793235611135,0.94439081985178164,-15.85,7.4760620053190685,-0.90978676447333084,occupied,occupied,1,
179.63977127383484,-14.35,6.4289965248600787,0.91883282322680249,-15.897528932046608,7.4500000000000028,-0.9351612144575463,occupied,occupied,1,
179.68976842698649,-14.399999999999999,6.3996456252641796,0.89332081013751763,-15.9,7.3942086766383062,-0.90644463656897278,occupied,occupied,1,
179.73976558013811,-14.4,6.3371102747683432,0.92793786392611388,-15.920079653117137,7.3499999999999996,-0.89869503496204917,occupied,occupied,1,
179.78976273328976,-14.438263806407354,6.3000000000000025,0.91673346993231375,-15.949999999999999,7.3123453279051702,-0.90265911605604321,occupied,occupied,1,
179.83975988644139,-14.457293834258767,6.25,0.92880229757111288,-16,7.2882329036725952,-0.93073255719349846,occupied,occupied,1,
179.88975703959304,-14.5,6.2159386948479867,0.91244993124671392,-16,7.2304659943980845,-0.89842434421594586,occupied,occupied,1,
179.93975419274469,-14.499999999999998,6.1529327820858439,0.94780880926965261,-16.040420248061064,7.1999999999999993,-0.91478194005425717,occupied,occupied,1,
179.98975134589631,-14.549999999999999,6.1238771633493032,0.92285150316996656,-16.05210132134669,7.1499999999999995,-0.89627918358333891,occupied,occupied,1,
180.03974849904796,-14.6,6.094954869262132,0.89794009761241311,-16.100000000000001,7.124767077372228,-0.92154147249831242,occupied,occupied,1,
180.08974565219958,-14.626569540373822,6.0500000000000025,0.90154070688000865,-16.099999999999998,7.066634631260742,-0.88858311365109277,occupied,occupied,1,
180.13974280535123,-14.65,6.002840928422418,0.90909851982864065,-16.149999999999999,7.0429928548253553,-0.91625515275093428,occupied,occupied,1,
180.18973995850286,-14.665349441160847,5.9500000000000028,0.92665675589369279,-16.171997366773581,7.0000000000000027,-0.90977673643679724,occupied,occupied,1,
180.23973711165451,-14.699999999999999,5.9105700907243079,0.92083444518919,-16.199999999999999,6.961182385860484,-0.91050009407208421,occupied,occupied,1,
180.28973426480613,-14.75,5.8819716439386696,0.89634860460518784,-16.199999999999999,6.9026633227351732,-0.87687205373500454,occupied,occupied,1,
180.33973141795778,-14.75,5.8181348973298697,0.93315557679697381,-16.25,6.8793289156069708,-0.90426999841065869,occupied,occupied,1,
180.3897285711094,-14.799999999999999,5.7896287982774144,0.90886281749194187,-16.291337232026738,6.8500000000000005,-0.92102073756607761,occupied,occupied,1,
180.43972572426105,-14.834246203805657,5.7500000000000018,0.90397821445883797,-16.303602710493319,6.8000000000000025,-0.9019864983042245,occupied,occupied,1,
180.4897228774127,-14.854021015986394,5.7000000000000011,0.91702152328771613,-16.350000000000001,6.7744077892209011,-0.92479964559620309,occupied,occupied,1,
180.53972003056433,-14.9,5.6688315366454738,0.89792001894370255,-16.350000000000001,6.7154650469208859,-0.89035895952454314,occupied,occupied,1,
180.58971718371598,-14.899999999999999,5.6044137136608141,0.93568447136021338,-16.399999999999999,6.6925975440826093,-0.9174598966779195,occupied,occupied,1,
180.6397143368676,-14.949999999999999,5.5765152062105345,0.9116527905383367,-16.423114333551393,6.6500000000000021,-0.9111021140530029,occupied,occupied,1,
180.68971149001925,-15,5.5493767177011986,0.88726902450679246,-16.449999999999999,6.6094805156187668,-0.90892697325048211,occupied,occupied,1,
180.73970864317087,-15,5.4863171397584303,0.92451380401463423,-16.5,6.5852395981569147,-0.93495670383768692,occupied,occupied,1,
180.78970579632252,-15.035660626240439,5.4500000000000002,0.91722266158055366,-16.5,6.523715183753068,-0.89858407300449794,occupied,occupied,1,
180.83970294947414,-15.051759830048519,5.4000000000000004,0.93380365223366002,-16.550000000000001,6.4981892515039075,-0.92381397229915907,occupied,occupied,1,
180.8897001026258,-15.1,5.3742058233036234,0.91012925787714027,-16.569970335512984,6.450000000000002,-0.91144860153540608,occupied,occupied,1,
180.93969725577742,-15.149611025214451,5.3499999999999988,0.88436015396604561,-16.600000000000001,6.4085345700616934,-0.91122432307622681,occupied,occupied,1,
180.98969440892907,-15.15,5.2905410842403704,0.91905496333711378,-16.649999999999999,6.3809374101932343,-0.93538946765873121,occupied,occupied,1,
181.03969156208072,-15.175384050824741,5.25,0.9223038673989018,-16.649999999999999,6.3163842669645431,-0.89749491334350606,occupied,occupied,1,
181.08968871523234,-15.199999999999999,5.2095877716215329,0.92596873819107617,-16.699999999999999,6.2873730812904549,-0.92108869831113871,occupied,occupied,1,
181.13968586838399,-15.25,5.1879674189597669,0.8978969160458109,-16.739470315031625,6.2500000000000018,-0.93142946887061251,occupied,occupied,1,
181.18968302153561,-15.276339650418231,5.1500000000000021,0.89839798794543779,-16.75,6.1914064464296619,-0.90609701415202226,occupied,occupied,1,
181.23968017468727,-15.300000000000001,5.1108086528833425,0.90158619705155096,-16.785634666793218,6.1500000000000012,-0.91143035529978678,occupied,occupied,1,
181.28967732783889,-15.300000000000001,5.0559443725669846,0.93291454775507443,-16.809889530537816,6.0999999999999996,-0.90279200493853562,occupied,occupied,1,
181.33967448099054,-15.35,5.0363166752043673,0.90282098901730112,-16.850000000000001,6.0602890170930204,-0.91336164413194587,occupied,occupied,1,
181.38967163414216,-15.374914657687999,5.0000000000000018,0.90257648928098455,-16.899999999999999,6.0264100190834133,-0.93573872542233782,occupied,occupied,1,
181.43966878729381,-15.4,4.9644435923433576,0.90146395092913445,-16.899999999999999,5.9583492924532875,-0.89793832224688086,occupied,occupied,1,
181.48966594044543,-15.449999999999999,4.9457478088058595,0.86994395629054233,-16.949999999999999,5.9228820451732052,-0.92024913828925625,occupied,occupied,1,
181.53966309359708,-15.449999999999999,4.8950974706206525,0.8974141012864072,-17,5.8863131540445233,-0.94242516643929652,occupied,occupied,1,
181.58966024674874,-15.456924692232697,4.8500000000000014,0.91569069346542942,-17,5.8172574429211599,-0.90548155712690093,occupied,occupied,1,
181.63965739990036,-15.5,4.8281384620946239,0.89060692529566032,-17.050000000000001,5.7790244567392577,-0.92782211506069001,occupied,occupied,1,
181.68965455305201,-15.5,4.7805108157215086,0.91530632099754483,-17.050000000000001,5.7096255962780678,-0.89183348417765562,occupied,occupied,1,
181.73965170620363,-15.527124754528524,4.75,0.90751205693612913,-17.100000000000001,5.6696975736725301,-0.91451433278387007,occupied,occupied,1,
181.78964885935528,-15.550000000000001,4.7175091486082819,0.90393991636164817,-17.149999999999999,5.6285250432093115,-0.93724175860030734,occupied,occupied,1,
181.8396460125069,-15.59897876574769,4.7000000000000011,0.86980394595544985,-17.149999999999999,5.5583955738781761,-0.90290861685759694,occupied,occupied,1,
181.88964316565855,-15.6,4.6563781744095678,0.8897895944351879,-17.199999999999999,5.5154400580887186,-0.92624656158989727,occupied,occupied,1,
181.93964031881018,-15.6,4.6134170615993462,0.90986191243457915,-17.209314532494403,5.4499999999999993,-0.90390882206323664,occupied,occupied,1,
181.98963747196183,-15.65,4.5967874172434984,0.87290706210224267,-17.25,5.4003748406245915,-0.91755453955702393,occupied,occupied,1,
182.03963462511348,-15.65,4.555347936098511,0.8912388656893806,-17.300000000000001,5.3542069779032726,-0.94197573404334645,occupied,occupied,1,
182.0896317782651,-15.65,4.5150730058489064,0.90851761999376912,-17.33578676553185,5.2999999999999989,-0.95104883619686931,occupied,occupied,1,
182.13962893141675,-15.65,4.4759389308486472,0.92476003920820027,-17.350000000000001,5.2352404400295054,-0.93710429039380638,occupied,occupied,1,
182.18962608456837,-15.67828681378125,4.4500000000000011,0.90922676836658256,-17.399999999999999,5.1856772180374131,-0.96307589539768823,occupied,occupied,1,
182.23962323772002,-15.699999999999999,4.4209867780230816,0.90037056437030571,-17.399999999999999,5.1146023728392604,-0.93568569657928802,occupied,occupied,1,
182.28962039087165,-15.699999999999999,4.3831206318094704,0.91438875711537693,-17.413987036673937,5.0499999999999989,-0.92476312720644471,occupied,occupied,1,
182.3396175440233,-15.711723727123827,4.3499999999999996,0.91518673290158459,-17.449999999999999,4.993994844516644,-0.93854835081677057,occupied,occupied,1,
182.38961469717492,-15.75,4.3261825072372959,0.88728007761004968,-17.5,4.9424906517989964,-0.96807318499335171,occupied,occupied,1,
182.43961185032657,-15.75,4.288559889008404,0.89949105788952499,-17.5,4.8733148557926507,-0.94562096341943813,occupied,occupied,1,
182.48960900347819,-15.75,4.2512936301726167,0.91101713054187095,-17.5,4.8049286101022473,-0.92446964168006063,occupied,occupied,1,
182.53960615662984,-15.75,4.2143660617766914,0.92187299355275376,-17.550000000000001,4.7522128153324577,-0.9567645793469467,occupied,occupied,1,
182.58960330978149,-15.800000000000001,4.1918330509468316,0.88012951412793339,-17.550000000000001,4.6843630510344703,-0.9378599800623737,occupied,occupied,1,
182.63960046293312,-15.800000000000001,4.154675784323131,0.88991015893283665,-17.550000000000001,4.6171430384211929,-0.92016607181353727,occupied,occupied,1,
182.68959761608477,-15.800000000000001,4.1178190852517815,0.89904223424119667,-17.600000000000001,4.5628632382234233,-0.95515956116680223,occupied,occupied,1,
182.73959476923639,-15.799999999999999,4.0812484959794864,0.9075363809073338,-17.600000000000001,4.4959052593870483,-0.93960742276352183,occupied,occupied,1,
182.78959192238804,-15.800000000000001,4.0449503518325587,0.91540227589908729,-17.600000000000001,4.4294338466924197,-0.92520293919176766,occupied,occupied,1,
182.83958907553966,-15.800000000000001,4.0089116752468135,0.92264870133279142,-17.649999999999999,4.3732491198635364,-0.9628861759765206,occupied,occupied,1,
182.88958622869131,-15.800000000000001,3.9731200761442795,0.92928360481026429,-17.649999999999999,4.3067828076961412,-0.95056501101672486,occupied,occupied,1,
182.93958338184294,-15.800000000000001,3.9375636575946444,0.9353141517617497,-17.649999999999999,4.2406701116927765,-0.93935209120416596,occupied,occupied,1,
182.98958053499459,-15.800000000000001,3.9022309259627703,0.94074677034773935,-17.649999999999999,4.1748672487681109,-0.92923466392181475,occupied,occupied,1,
183.03957768814621,-15.85,3.8736572082859269,0.89516044342532952,-17.649999999999999,4.1093313431464864,-0.92020241227109323,occupied,occupied,1,
183.08957484129786,-15.85,3.8379171359205659,0.89951377109989039,-17.649999999999999,4.0440202298320695,-0.91224738460466126,occupied,occupied,1,
183.13957199444951,-15.85,3.8023676327664742,0.90327116566433119,-17.699999999999999,3.9837957271064632,-0.95560380415366131,occupied,occupied,1,
183.18956914760113,-15.85,3.7669971522663364,0.90643640969097528,-17.699999999999999,3.9179869478342955,-0.94971496300621272,occupied,occupied,1,
183.23956630075278,-15.85,3.7317941444442995,0.90901263051802883,-17.699999999999999,3.8522770070046541,-0.94490649397762738,occupied,occupied,1,
183.28956345390441,-15.85,3.6967469738059333,0.91100230731218346,-17.699999999999999,3.7866239163895741,-0.9411796126968045,occupied,occupied,1,
183.33956060705606,-15.85,3.6618438367360984,0.91240727191688076,-17.699999999999999,3.7209854929178725,-0.93853782059556945,occupied,occupied,1,
183.38955776020768,-15.85,3.6270726777858657,0.91322870338682793,-17.699999999999999,3.6553191817508091,-0.93698692323247068,occupied,occupied,1,
183.43955491335933,-15.85,3.5924211042481748,0.91346711603828801,-17.699999999999999,3.5895818788731111,-0.93653506266332953,occupied,occupied,1,
183.48955206651095,-15.85,3.557876298430438,0.91312234077437526,-17.699999999999999,3.5237297521062447,-0.9371927639107358,occupied,occupied,1,
183.5395492196626,-15.85,3.5234249270351112,0.91219349937475391,-17.699999999999999,3.4577180594737564,-0.9389729956884878,occupied,occupied,1,
183.58954637281423,-15.85,3.4890530470571255,0.91067897137019949,-17.699999999999999,3.3915009638601097,-0.94189124563537452,occupied,occupied,1,
183.63954352596588,-15.85,3.4547460076039194,0.9085763530528308,-17.699999999999999,3.3250313429121077,-0.94596561040771787,occupied,occupied,1,
183.68954067911753,-15.85,3.4204883470364371,0.90588240810407961,-17.699999999999999,3.2582605931293767,-0.95121690107077761,occupied,occupied,1,
183.73953783226915,-15.85,3.3862636848176528,0.90259300925310393,-17.649999999999999,3.1964120826913094,-0.90739141908597443,occupied,occupied,1,
183.7895349854208,-15.85,3.3520495312025913,0.89870246893905126,-17.649999999999999,3.129791937410038,-0.91496741226823619,occupied,occupied,1,
183.83953213857242,-15.85,3.3176880131728828,0.89418827266518852,-17.649999999999999,3.0628755402746917,-0.9237582051895622,occupied,occupied,1,
183.88952929172407,-15.85,3.2830955244742865,0.8890360608961404,-17.649999999999999,2.9956820406950038,-0.9337657688862806,occupied,occupied,1,
183.9395264448757,-15.840162497176953,3.2500000000000004,0.89322979408796976,-17.649999999999999,2.9281675152535889,-0.94499977124461088,occupied,occupied,1,
183.98952359802735,-15.800000000000001,3.2229331475629399,0.92773676634051261,-17.649999999999999,2.86028738580882,-0.95747196176314864,occupied,occupied,1,
184.03952075117897,-15.800000000000001,3.1884321022426909,0.92080306776375187,-17.600000000000001,2.8027107675071341,-0.92006111735968577,occupied,occupied,1,
184.08951790433062,-15.800000000000001,3.1536174744286773,0.91321067084720264,-17.600000000000001,2.734879530040871,-0.93485357751380183,occupied,occupied,1,
184.13951505748224,-15.800000000000001,3.1184676987280699,0.90494802778765615,-17.600000000000001,2.6665482348210934,-0.95091597635110836,occupied,occupied,1,
184.18951221063389,-15.799999999999999,3.0829607985963774,0.89600258627350393,-17.591354044672247,2.5999999999999996,-0.95931421857263122,occupied,occupied,1,
184.23950936378554,-15.799999999999999,3.0470742920469327,0.88636074628782346,-17.550000000000001,2.5426059228504188,-0.93489934922840789,occupied,occupied,1,
184.28950651693717,-15.799999999999999,3.0107850925039523,0.876007809112057,-17.550000000000001,2.4734213078101419,-0.95463684157809192,occupied,occupied,1,
184.33950367008882,-15.75,2.9903701381859955,0.91751797345864561,-17.5,2.4198444493259066,-0.92313396584147078,occupied,occupied,1,
184.38950082324044,-15.75,2.9541592726594428,0.90599815211137558,-17.5,2.350176135493355,-0.94529751038583654,occupied,occupied,1,
184.43949797639209,-15.75,2.9174810579889368,0.89373453068201214,-17.5,2.2797146884668122,-0.96885665959389744,occupied,occupied,1,
184.48949512954371,-15.75,2.8803097795673147,0.88070782088293154,-17.449999999999999,2.2276002072130083,-0.9402890999939113,occupied,occupied,1,
184.53949228269536,-15.731714582109733,2.8500000000000001,0.88661637635150647,-17.449999999999999,2.1563648089450855,-0.96639051937341658,occupied,occupied,1,
184.58948943584699,-15.699999999999999,2.8255619139114856,0.90658267264261849,-17.399999999999999,2.1053514245467468,-0.93968468312983233,occupied,occupied,1,
184.63948658899864,-15.699999999999999,2.7877567781317447,0.8915387146220527,-17.399999999999999,2.033141946552691,-0.96841922684842108,occupied,occupied,1,
184.68948374215026,-15.698615362584043,2.7500000000000013,0.87718731661246441,-17.350000000000001,1.9830740567355123,-0.94359455476739817,occupied,occupied,1,
184.73948089530191,-15.65,2.7345927996682478,0.91449724669675059,-17.350000000000001,1.9096773235072972,-0.97507559995665338,occupied,occupied,1,
184.78947804845356,-15.65,2.6959642059219808,0.89733826548014628,-17.300000000000001,1.8603932855514007,-0.95216944279493398,occupied,occupied,1,
184.83947520160518,-15.65,2.6566572436316847,0.8792824411439456,-17.272684805896215,1.7999999999999994,-0.95564742464195873,occupied,occupied,1,
184.88947235475683,-15.6,2.6441264703107676,0.91735667154875966,-17.226190640729669,1.75,-0.9384337651404594,occupied,occupied,1,
184.93946950790846,-15.6,2.6044653816941801,0.89795286779869465,-17.199999999999999,1.6890352333810434,-0.94541696933128594,occupied,occupied,1,
184.98946666106011,-15.550000000000001,2.5937746989976751,0.93575306161803196,-17.149999999999999,1.6419331698181667,-0.9259671903722565,occupied,occupied,1,
185.03946381421173,-15.550000000000001,2.5536823313330377,0.91496247611573023,-17.149999999999999,1.5646710545859108,-0.96603282040496552,occupied,occupied,1,
185.08946096736338,-15.550000000000001,2.5127503882063955,0.89314500975725852,-17.100000000000001,1.5178502459061178,-0.9486818803573126,occupied,occupied,1,
185.139458120515,-15.506361963254598,2.5,0.92268981872107458,-17.050000000000001,1.4716990875854887,-0.93209349880141013,occupied,occupied,1,
185.18945527366665,-15.5,2.4627208565996481,0.90702273400841704,-17.037901727324069,1.4000000000000015,-0.96234008309217067,occupied,occupied,1,
185.23945242681827,-15.458462415097387,2.4500000000000011,0.93367308031528728,-16.993681992860875,1.350000000000001,-0.954950532781906,occupied,occupied,1,
185.28944957996993,-15.449999999999999,2.4138636769821971,0.91921223572495947,-16.949813587822049,1.3000000000000012,-0.94897755364761671,occupied,occupied,1,
185.33944673312158,-15.411809975225902,2.399999999999999,0.94131621694861001,-16.899999999999999,1.2547751020707012,-0.93651487680671042,occupied,occupied,1,
185.3894438862732,-15.4,2.3660693257955629,0.92969066644373366,-16.850000000000001,1.2102114987443455,-0.92463058845131929,occupied,occupied,1,
185.43944103942485,-15.4,2.321715452358724,0.90174839925973327,-16.800000000000001,1.1662973797513683,-0.91346258641319833,occupied,occupied,1,
185.48943819257647,-15.371826727304207,2.3000000000000007,0.90936239402494645,-16.776959556240026,1.1000000000000005,-0.93844665102088098,occupied,occupied,1,
185.53943534572812,-15.35,2.2728422191751028,0.90803193095598067,-16.734366991282478,1.05,-0.93907798985263036,occupied,occupied,1,
185.58943249887975,-15.323193131278222,2.2500000000000009,0.91271132936924548,-16.691897173491661,1.0000000000000007,-0.9408934707894635,occupied,occupied,1,
185.6394296520314,-15.300000000000001,2.2237902330998565,0.91187394093384799,-16.649484322445659,0.95000000000000129,-0.94383333513832424,occupied,occupied,1,
185.68942680518302,-15.274118596630769,2.1999999999999993,0.91407820250301208,-16.600000000000001,0.90689363528606226,-0.93797081581806141,occupied,occupied,1,
185.73942395833467,-15.25,2.1743767071728728,0.91316862604063731,-16.550000000000001,0.86470274535809744,-0.93216220778174508,occupied,occupied,1,
185.78942111148629,-15.224495323196113,2.1499999999999999,0.91355081780221425,-16.5,0.82290111998960946,-0.92712938741362327,occupied,occupied,1,
185.83941826463794,-15.199999999999999,2.124409819601786,0.91179102369853682,-16.449999999999999,0.78144795524211819,-0.92288784987154748,occupied,occupied,1,
185.88941541778959,-15.174238419771672,2.1000000000000005,0.91119228128888952,-16.399999999999999,0.74030085591942141,-0.91945602299495244,occupied,occupied,1,
185.93941257094122,-15.149999999999999,2.0736835460614742,0.90759305252513511,-16.350000000000001,0.69941555845813896,-0.91685549477657513,occupied,occupied,1,
185.98940972409287,-15.123279497627115,2.0500000000000007,0.90704675400123269,-16.307397026974261,0.65000000000000058,-0.92656561596881959,occupied,occupied,1,
186.03940687724449,-15.1,2.0219712312560896,0.90039814749314973,-16.264944726729063,0.60000000000000142,-0.93783426405164894,occupied,occupied,1,
186.08940403039614,-15.071561775703215,2.0000000000000009,0.90114363785241269,-16.222100580984918,0.55000000000000082,-0.94986677337142844,occupied,occupied,1,
186.13940118354776,-15.026192147883149,2,0.92906747312973947,-16.178833581133748,0.49999999999999967,-0.96264663678380646,occupied,occupied,1,
186.18939833669941,-14.999999999999998,1.975584600806872,0.92539029445415655,-16.099999999999998,0.4971925258704043,-0.9173367952785999,occupied,occupied,1,
186.23939548985103,-14.974449187041342,1.9500000000000008,0.91983973890872539,-16.054896647061643,0.45000000000000107,-0.92877236585103695,occupied,occupied,1,
186.28939264300269,-14.949999999999999,1.922461927987293,0.91150715987208542,-16.011342389525673,0.39999999999999991,-0.94438561450224567,occupied,occupied,1,
186.33938979615431,-14.921775227214152,1.8999999999999995,0.9089445761757301,-15.967222095391584,0.34999999999999987,-0.96067013123914302,occupied,occupied,1,
186.38938694930596,-14.878770275396411,1.9000000000000004,0.93271778550499007,-15.9,0.33450614273828883,-0.93642136595968195,occupied,occupied,1,
186.43938410245761,-14.85,1.8787587739336593,0.93037197070224997,-15.85,0.29309647957580198,-0.9442813070395899,occupied,occupied,1,
186.48938125560923,-14.825710161015891,1.8500000000000005,0.91872796273459789,-15.800733918285854,0.25000000000000067,-0.9549505922050785,occupied,occupied,1,
186.53937840876088,-14.799999999999999,1.8229362589888829,0.90871957484460897,-15.75,0.20871796109318941,-0.96429956901411562,occupied,occupied,1,
186.5893755619125,-14.771592143543947,1.7999999999999998,0.90308353879684689,-15.699999999999999,0.16551225504450495,-0.97667477980132378,occupied,occupied,1,
186.63937271506416,-14.730429843165638,1.8000000000000003,0.92313821833905774,-15.634357425388581,0.15000000000000024,-0.95824028528625338,occupied,occupied,1,
186.68936986821578,-14.699999999999999,1.7810272628064321,0.92084335278879603,-15.587519865985859,0.10000000000000087,-0.98008909493733065,occupied,occupied,1,
186.73936702136743,-14.675644140700721,1.7500000000000004,0.90449876282064501,-15.514453149472162,0.10000000000000042,-0.94647410386220499,occupied,occupied,1,
186.78936417451905,-14.635584833004367,1.75,0.92237616376609,-15.466933944292643,0.050000000000000266,-0.97001421478686711,occupied,occupied,1,
186.8393613276707,-14.6,1.7418704058361012,0.93043001579858875,-15.399999999999999,0.039447230132133582,-0.95059222467970561,occupied,occupied,1,
186.88935848082232,-14.579957804231404,1.7000000000000002,0.90077900856898718,-15.346683163315884,-1.1102230246251565e-16,-0.96412521853309774,occupied,occupied,1,
186.93935563397397,-14.540861286816465,1.7000000000000004,0.91657409151552782,-15.275765417721162,3.3306690738754696e-16,-0.93547452599449565,occupied,occupied,1,
186.98935278712563,-14.502267070538382,1.6999999999999988,0.93161037911183575,-15.226517570201162,-0.050000000000000822,-0.9623375574117069,occupied,occupied,1,
187.03934994027725,-14.463769321819875,1.7000000000000002,0.94605902868951275,-15.156962265363031,-0.050000000000000488,-0.93623118723842114,occupied,occupied,1,
187.0893470934289,-14.44423507034378,1.6500000000000012,0.90649438405531679,-15.107626137044349,-0.09999999999999909,-0.96502577543485557,occupied,occupied,1,
187.13934424658052,-14.404891355901922,1.6499999999999999,0.92017448962203718,-15.039709706946622,-0.1000000000000002,-0.9414093357328972,occupied,occupied,1,
187.18934139973217,-14.36549828716462,1.649999999999999,0.9333487787995427,-14.99030255353186,-0.15000000000000058,-0.9720069284820938,occupied,occupied,1,
187.23933855288379,-14.326014144138755,1.6499999999999999,0.94604416615159947,-14.923877442253808,-0.15000000000000047,-0.9506478286733403,occupied,occupied,1,
187.28933570603544,-14.299999999999999,1.6072129457378552,0.91338934660753734,-14.8585077419543,-0.14999999999999891,-0.93044585060820018,occupied,occupied,1,
187.33933285918707,-14.261831520848853,1.6000000000000003,0.91783445577691247,-14.80934159635682,-0.2000000000000004,-0.96359247152660144,occupied,occupied,1,
187.38933001233872,-14.221205759608367,1.5999999999999996,0.92942214364920495,-14.745253257446528,-0.20000000000000029,-0.94531137874549453,occupied,occupied,1,
187.43932716549034,-14.180385478308027,1.5999999999999992,0.94060559234652386,-14.696016650578425,-0.25000000000000122,-0.97990879338896075,occupied,occupied,1,
187.48932431864199,-14.139343538692385,1.6000000000000001,0.95140537646783407,-14.633118608936487,-0.25,-0.96335670274581287,occupied,occupied,1,
187.53932147179364,-14.1,1.5923938532118118,0.95399030467864665,-14.571068132516606,-0.25000000000000033,-0.94767220371377381,occupied,occupied,1,
187.58931862494526,-14.068750076265445,1.5500000000000007,0.92045252150776169,-14.509820475610143,-0.25000000000000011,-0.9327995113194234,occupied,occupied,1,
187.63931577809691,-14.026399927247857,1.5500000000000003,0.93033380266640575,-14.461082035622614,-0.30000000000000027,-0.97004735261300967,occupied,occupied,1,
187.68931293124854,-13.983769814245024,1.5499999999999998,0.93989516066146328,-14.400841587664567,-0.30000000000000038,-0.95653539809446542,occupied,occupied,1,
187.73931008440019,-13.940842330674396,1.5500000000000003,0.94915482556173436,-14.341314303470043,-0.30000000000000071,-0.94369429705602981,occupied,occupied,1,
187.78930723755181,-13.897601602750989,1.5500000000000007,0.95813071838880182,-14.282465960919309,-0.29999999999999882,-0.93147785858906296,occupied,occupied,1,
187.83930439070346,-13.85403312494314,1.5500000000000007,0.96684055014335368,-14.234271017836924,-0.35000000000000009,-0.97083353369848457,occupied,occupied,1,
187.88930154385508,-13.819760293793319,1.5,0.92438172014493669,-14.176317862771983,-0.35000000000000009,-0.95966533340653271,occupied,occupied,1,
187.93929869700673,-13.775153424846394,1.4999999999999996,0.93267615180303542,-14.118980450653028,-0.34999999999999987,-0.94900315766365317,occupied,occupied,1,
187.98929585015836,-13.730207082906539,1.5000000000000016,0.94075056033003257,-14.062233042166586,-0.3499999999999992,-0.93880822768979344,occupied,occupied,1,
188.03929300331001,-13.684910383290743,1.5000000000000002,0.9486231346676689,-14.014731315089259,-0.39999999999999947,-0.97979120023353139,occupied,occupied,1,
188.08929015646166,-13.639253121772512,1.5000000000000009,0.95631217640275601,-13.958824524933501,-0.3999999999999998,-0.97037562438861436,occupied,occupied,1,
188.13928730961328,-13.59322564977413,1.5000000000000011,0.96383615740040018,-13.903465712382296,-0.39999999999999825,-0.96132588680448094,occupied,occupied,1,
188.18928446276493,-13.549999999999999,1.4799734133061855,0.95093608913592442,-13.848635839089599,-0.39999999999999913,-0.95260886676263667,occupied,occupied,1,
188.23928161591655,-13.507768118841241,1.4499999999999988,0.9278677680513201,-13.794317352398894,-0.40000000000000069,-0.94419271795132953,occupied,occupied,1,
188.2892787690682,-13.460401410737514,1.4500000000000006,0.93503631182765412,-13.748064151427741,-0.44999999999999929,-0.98661658408810216,occupied,occupied,1,
188.33927592221983,-13.41265243945552,1.45,0.94211242438808662,-13.694570007180385,-0.45000000000000051,-0.97868884461188599,occupied,occupied,1,
188.38927307537148,-13.364512487757239,1.4500000000000008,0.94911642024560361,-13.641565639947826,-0.44999999999999907,-0.97097692361524635,occupied,occupied,1,
188.4392702285231,-13.315972764709416,1.4500000000000002,0.95606904658144709,-13.589038308293265,-0.4499999999999994,-0.96345297493660298,occupied,occupied,1,
188.48926738167475,-13.267156260349372,1.4499999999999997,0.96297120214963006,-13.536845278043607,-0.44999999999999951,-0.95607339510830736,occupied,occupied,1,
188.5392645348264,-13.218343523013615,1.4500000000000006,0.96978937405915966,-13.484697967628602,-0.45000000000000018,-0.94878944636135187,occupied,occupied,1,
188.58926168797802,-13.169543677686404,1.4499999999999991,0.97652284477478613,-13.432586082355726,-0.4500000000000009,-0.94159897269516257,occupied,occupied,1,
188.63925884112967,-13.127591783266386,1.4000000000000004,0.93270714384371844,-13.387344687318816,-0.49999999999999856,-0.98496633492258767,occupied,occupied,1,
188.6892559942813,-13.078730124845396,1.4000000000000008,0.93928464664407607,-13.335216073402645,-0.49999999999999889,-0.97794904850299991,occupied,occupied,1,
188.73925314743295,-13.029880341081391,1.4000000000000006,0.94577908311239245,-13.283121884662611,-0.49999999999999889,-0.97102327482527351,occupied,occupied,1,
188.78925030058457,-12.981041908937955,1.4000000000000012,0.95219107112310009,-13.231061603070986,-0.49999999999999928,-0.96418828783857879,occupied,occupied,1,
188.83924745373622,-12.932214312197296,1.4000000000000001,0.95852122659407202,-13.179034717036712,-0.49999999999999928,-0.95744336395688368,occupied,occupied,1,
188.88924460688784,-12.883397041428022,1.4000000000000012,0.96477016352544331,-13.127040721379956,-0.49999999999999983,-0.9507877820299826,occupied,occupied,1,
188.93924176003949,-12.834589593952083,1.4000000000000008,0.97093849403819221,-13.075079117305782,-0.49999999999999845,-0.94422082331451473,occupied,occupied,1,
188.98923891319112,-12.785791473811965,1.4000000000000001,0.97702682841237909,-13.023149412378178,-0.49999999999999972,-0.93774177144516002,occupied,occupied,1,
189.03923606634277,-12.737002191735671,1.3999999999999997,0.98303577512531093,-12.977415565985332,-0.54999999999999982,-0.98172848313014327,occupied,occupied,1,
189.08923321949442,-12.694304488701022,1.350000000000001,0.93859724416848389,-12.925466985442826,-0.54999999999999971,-0.97541323122079859,occupied,occupied,1,
189.13923037264604,-12.645450813828411,1.3499999999999999,0.94445890808341681,-12.873549458828936,-0.54999999999999938,-0.96918395092948506,occupied,occupied,1,
189.18922752579769,-12.596605143241758,1.3499999999999996,0.95024280217304147,-12.82166251891652,-0.55000000000000071,-0.96303993238178975,occupied,occupied,1,
189.23922467894931,-12.547767014105668,1.3500000000000008,0.95594953079620748,-12.769805704684844,-0.54999999999999971,-0.9569804679528624,occupied,occupied,1,
189.28922183210096,-12.498935970080993,1.3500000000000021,0.96157969667973409,-12.717978561288231,-0.54999999999999849,-0.95100485223902764,occupied,occupied,1,
189.33921898525259,-12.450111561287578,1.3499999999999999,0.96713390095450458,-12.66618064002556,-0.55000000000000071,-0.94511238202964143,occupied,occupied,1,
189.38921613840424,-12.401293344265685,1.3499999999999992,0.97261274319135549,-12.614411498308371,-0.55000000000000071,-0.93930235627895353,occupied,occupied,1,
189.43921329155586,-12.352480881936733,1.350000000000001,0.9780168214366487,-12.562670699628244,-0.5499999999999996,-0.93357407607808696,occupied,occupied,1,
189.48921044470751,-12.303673743564136,1.3500000000000001,0.98334673224745861,-12.516412657470655,-0.6000000000000002,-0.97822351770285254,occupied,occupied,1,
189.53920759785913,-12.254871504713005,1.3500000000000012,0.98860307072653075,-12.464651386887487,-0.59999999999999942,-0.97264846820598028,occupied,occupied,1,
189.58920475101078,-12.206073747209377,1.3500000000000003,0.99378643055686466,-12.412917780395663,-0.59999999999999942,-0.96715325593651857,occupied,occupied,1,
189.63920190416243,-12.162509068493463,1.3000000000000012,0.94862472219737881,-12.361211425458746,-0.59999999999999953,-0.96173718766775473,occupied,occupied,1,
189.68919905731406,-12.113644954629535,1.3000000000000009,0.95367155251227853,-12.309531915443118,-0.59999999999999964,-0.95639957218878469,occupied,occupied,1,
189.73919621046571,-12.064784699108268,1.3000000000000016,0.95864700890128318,-12.257878849583369,-0.59999999999999931,-0.95113972027758087,occupied,occupied,1,
189.78919336361733,-12.015927908348639,1.3000000000000007,0.96355168224386589,-12.206251832945993,-0.59999999999999987,-0.94595694467410152,occupied,occupied,1,
189.83919051676898,-11.967074194813657,1.3000000000000014,0.96838616215011042,-12.154650476392968,-0.59999999999999853,-0.94085056005358769,occupied,occupied,1,
189.8891876699206,-11.918223176967645,1.3000000000000012,0.97315103699302108,-12.103074396545505,-0.59999999999999931,-0.93581988300011076,occupied,occupied,1,
189.93918482307225,-11.869374479231757,1.3,0.9778468939406264,-12.05152321574594,-0.59999999999999898,-0.93086423198013724,occupied,occupied,1,
189.98918197622388,-11.820527731940569,1.3000000000000009,0.98247431898758342,-12.004719425970222,-0.65000000000000013,-0.97620548642970761,occupied,occupied,1,
190.03917912937553,-11.771682571297241,1.3000000000000012,0.98703389698650623,-11.953147003193184,-0.64999999999999969,-0.97139132242916504,occupied,occupied,1,
190.08917628252715,-11.72742223766444,1.2499999999999993,0.94131655749066734,-11.901598974424671,-0.65000000000000024,-0.96665030166292942,occupied,occupied,1,
190.1391734356788,-11.678510440265828,1.2500000000000009,0.94574842025960515,-11.850074984434309,-0.64999999999999947,-0.96198174745692477,occupied,occupied,1,
190.18917058883045,-11.629599766707857,1.2500000000000011,0.95011403802903482,-11.798574683515136,-0.64999999999999813,-0.95738498490912227,occupied,occupied,1,
190.23916774198207,-11.580689876127625,1.2500000000000002,0.95441399376266722,-11.747097727444086,-0.65000000000000036,-0.95285934086448132,occupied,occupied,1,
190.28916489513372,-11.531780433298085,1.2500000000000009,0.95864886941448868,-11.695643777442156,-0.65000000000000024,-0.94840414389009209,occupied,occupied,1,
190.33916204828535,-11.482871108581243,1.2500000000000007,0.96281924595778101,-11.644212500133726,-0.64999999999999947,-0.94401872425051414,occupied,occupied,1,
190.389159201437,-11.433961577882041,1.2500000000000009,0.96692570341370687,-11.592803567506538,-0.65000000000000047,-0.93970241388339026,occupied,occupied,1,
190.43915635458862,-11.385051522600843,1.2500000000000009,0.97096882087960812,-11.541416656870203,-0.64999999999999991,-0.93545454637517789,occupied,occupied,1,
190.48915350774027,-11.340190914355436,1.2000000000000002,0.92478539672809634,-11.490051450814999,-0.6500000000000008,-0.93127445693717581,occupied,occupied,1,
190.53915066089189,-11.291214881774332,1.2000000000000006,0.92870869435323211,-11.438707637170664,-0.64999999999999902,-0.92716148238176788,occupied,occupied,1,
190.58914781404354,-11.242237994293751,1.2000000000000002,0.93257025650630054,-11.391307798549393,-0.69999999999999951,-0.97326861562870071,occupied,occupied,1,
190.63914496719516,-11.193259954696684,1.2000000000000004,0.93637066108499856,-11.3399430457187,-0.69999999999999951,-0.96928301395455929,occupied,occupied,1,
190.68914212034682,-11.144280471018776,1.2000000000000011,0.94011048517940021,-11.288599372531078,-0.69999999999999973,-0.96536267005887799,occupied,occupied,1,
190.73913927349847,-11.095299256499926,1.2000000000000006,0.94379030509791828,-11.237276487218601,-0.70000000000000018,-0.96150692474380539,occupied,occupied,1,
190.78913642665009,-11.046316029536168,1.2000000000000006,0.94741069639286468,-11.185974103036937,-0.70000000000000007,-0.95771512031687389,occupied,occupied,1,
190.83913357980174,-10.997330513630089,1.2000000000000002,0.95097223388573537,-11.134691938221389,-0.69999999999999929,-0.95398660056863371,occupied,occupied,1,
190.88913073295336,-10.948342437342573,1.2000000000000004,0.95447549169202417,-11.083429715944304,-0.69999999999999996,-0.95032071075064739,occupied,occupied,1,
190.93912788610501,-10.899351534243257,1.2000000000000002,0.95792104324574945,-11.032187164271075,-0.69999999999999929,-0.94671679755362026,occupied,occupied,1,
190.98912503925663,-10.850357542861067,1.2000000000000004,0.96130946132360717,-10.980964016116197,-0.69999999999999929,-0.94317420908581406,occupied,occupied,1,
191.03912219240829,-10.804739148807794,1.1500000000000008,0.9145272756234496,-10.92976000919958,-0.69999999999999996,-0.93969229485171513,occupied,occupied,1,
191.08911934555991,-10.755680737341716,1.1500000000000001,0.91780698525765292,-10.881896349479319,-0.74999999999999933,-0.9863806054873524,occupied,occupied,1,
191.13911649871156,-10.706619073870774,1.1500000000000004,0.92103117186718719,-10.830672969932756,-0.74999999999999978,-0.98301435519569202,occupied,occupied,1,
191.18911365186318,-10.657553916107259,1.1499999999999999,0.92420040783496382,-10.779468564443976,-0.74999999999999956,-0.97970693798811026,occupied,occupied,1,
191.23911080501483,-10.608485026471273,1.1500000000000008,0.9273152649816272,-10.728282889348776,-0.74999999999999933,-0.97645770676422095,occupied,occupied,1,
191.28910795816648,-10.55941217204111,1.1500000000000015,0.9303763145874715,-10.677115705563018,-0.74999999999999933,-0.97326601573709481,occupied,occupied,1,
191.3391051113181,-10.510335124502921,1.1499999999999995,0.93338412741406696,-10.625966778537446,-0.75,-0.97013122041340927,occupied,occupied,1,
191.38910226446976,-10.461253660100159,1.1500000000000001,0.93633927372554548,-10.57483587821223,-0.75000000000000044,-0.96705267757383417,occupied,occupied,1,
191.43909941762138,-10.41216755958372,1.1500000000000017,0.93924232330948076,-10.523722778972182,-0.74999999999999922,-0.96402974525371099,occupied,occupied,1,
191.48909657077303,-10.363076608160711,1.1499999999999999,0.9420938454975214,-10.472627259600481,-0.75000000000000056,-0.96106178272390153,occupied,occupied,1,
191.53909372392465,-10.313980595444487,1.1500000000000004,0.9448944091856144,-10.421549103233692,-0.75000000000000044,-0.9581481504719459,occupied,occupied,1,
191.5890908770763,-10.264879315403672,1.1499999999999997,0.94764458285392239,-10.370488097315654,-0.74999999999999956,-0.95528821018342747,occupied,occupied,1,
191.63908803022792,-10.215772566311307,1.1499999999999997,0.95034493458642721,-10.319444033551459,-0.74999999999999989,-0.95248132472358227,occupied,occupied,1,
191.68908518337958,-10.166660150694552,1.1499999999999999,0.95299603209015216,-10.268416707861951,-0.75000000000000044,-0.94972685811918245,occupied,occupied,1,
191.7390823365312,-10.117541875282877,1.150000000000001,0.95559844271414762,-10.217405920336603,-0.749999999999999,-0.94702417554058471,occupied,occupied,1,
191.78907948968285,-10.068417550958054,1.1499999999999999,0.95815273346804819,-10.166411475188218,-0.75000000000000011,-0.94437264328413228,occupied,occupied,1,
191.8390766428345,-10.019286992703105,1.1500000000000004,0.96065947104037908,-10.115433180706473,-0.75,-0.94177162875471732,occupied,occupied,1,
191.88907379598612,-9.9701500195506085,1.1499999999999995,0.96311922181655496,-10.064470849210769,-0.75,-0.93922050044857675,occupied,occupied,1,
191.93907094913777,-9.9210064545323284,1.1499999999999999,0.96553255189652099,-10.013524297004368,-0.74999999999999956,-0.93671862793638405,occupied,occupied,1,
191.98906810228939,-9.8718561246279606,1.1499999999999997,0.96790002711210743,-9.9625933443275905,-0.74999999999999967,-0.9342653818465394,occupied,occupied,1,
192.03906525544105,-9.8226988607137127,1.1499999999999999,0.97022221304410483,-9.9116778153107692,-0.75000000000000089,-0.93186013384868649,occupied,occupied,1,
192.08906240859267,-9.7735344975119123,1.1500000000000001,0.97249967503897061,-9.8607775379282039,-0.74999999999999922,-0.92950225663751318,occupied,occupied,1,
192.13905956174432,-9.7243628735389915,1.150000000000001,0.97473297822532745,-9.8098923439503967,-0.74999999999999944,-0.92719112391672609,occupied,occupied,1,
192.18905671489594,-9.6773901004720564,1.1000000000000001,0.92687403495340903,-9.7590220688979468,-0.74999999999999978,-0.92492611038330763,occupied,occupied,1,
192.23905386804759,-9.6281595669596314,1.1000000000000003,0.92902263192044376,-9.7081665519941502,-0.74999999999999967,-0.92270659171197322,occupied,occupied,1,
192.28905102119921,-9.5789218979556239,1.1000000000000003,0.93112870097750999,-9.6594446560682972,-0.80000000000000004,-0.97057682685114732,occupied,occupied,1,
192.33904817435086,-9.529676946467454,1.100000000000001,0.93319280806676452,-9.6085754440082276,-0.79999999999999982,-0.96844463711414974,occupied,occupied,1,
192.38904532750252,-9.4804245690420732,1.0999999999999999,0.93521551896955546,-9.5577211166345535,-0.80000000000000082,-0.96635613528639686,occupied,occupied,1,
192.43904248065414,-9.431164625714862,1.0999999999999996,0.93719739932117618,-9.5068815273360041,-0.79999999999999938,-0.96431069931819113,occupied,occupied,1,
192.48903963380579,-9.3818969799589027,1.1000000000000005,0.93913901462531379,-9.4560565329694626,-0.79999999999999982,-0.96230770808419375,occupied,occupied,1,
192.53903678695741,-9.3326214986336282,1.0999999999999992,0.94104093026826685,-9.4052459938124322,-0.80000000000000027,-0.96034654136921427,occupied,occupied,1,
192.58903394010906,-9.2833380519342938,1.1000000000000001,0.94290371153287922,-9.3544497735162793,-0.80000000000000049,-0.95842657985427371,occupied,occupied,1,
192.63903109326068,-9.2340465133408802,1.0999999999999996,0.94472792361221503,-9.3036677390588398,-0.80000000000000082,-0.9565472051028463,occupied,occupied,1,
192.68902824641233,-9.1847467595670302,1.1000000000000005,0.94651413162300624,-9.2528997606970123,-0.79999999999999927,-0.95470779954731932,occupied,occupied,1,
192.73902539956396,-9.1354386705097816,1.1000000000000008,0.94826290061880059,-9.2021457119200871,-0.79999999999999916,-0.95290774647569843,occupied,occupied,1,
192.78902255271561,-9.0861221291979337,1.1000000000000001,0.94997479560292708,-9.1514054694016433,-0.80000000000000016,-0.95114643001845711,occupied,occupied,1,
192.83901970586723,-9.0367970217419451,1.0999999999999996,0.95165038154116421,-9.1006789129529384,-0.79999999999999982,-0.94942323513565763,occupied,occupied,1,
192.88901685901888,-8.9874632372829701,1.0999999999999996,0.953290223374197,-9.0499659254753784,-0.80000000000000027,-0.94773754760424844,occupied,occupied,1,
192.93901401217053,-8.9381206679419467,1.0999999999999994,0.95489488602984496,-8.9992663929129542,-0.80000000000000004,-0.94608875400555181,occupied,occupied,1,
192.98901116532215,-8.8887692087695296,1.1000000000000014,0.95646493443503611,-8.948580204205518,-0.79999999999999938,-0.94447624171299149,occupied,occupied,1,
193.0390083184738,-8.8394087576947982,1.1000000000000005,0.95800093352758275,-8.8979072512407207,-0.80000000000000016,-0.94289939887996999,occupied,occupied,1,
193.08900547162543,-8.7900392154752325,1.1000000000000005,0.95950344826772638,-8.8472474288072203,-0.80000000000000027,-0.94135761442797761,occupied,occupied,1,
193.13900262477708,-8.7406604856460959,1.1000000000000001,0.96097304364945302,-8.7966006345471861,-0.79999999999999916,-0.93985027803488297,occupied,occupied,1,
193.1889997779287,-8.6912724744697112,1.0999999999999999,0.96241028471162415,-8.7459667689086817,-0.79999999999999938,-0.93837678012340731,occupied,occupied,1,
193.23899693108035,-8.641875090885538,1.100000000000001,0.96381573654886521,-8.6953457350987762,-0.80000000000000004,-0.9369365118498002,occupied,occupied,1,
193.28899408423197,-8.5924682464595978,1.0999999999999999,0.96518996432227167,-8.6447374390359482,-0.79999999999999993,-0.93552886509268995,occupied,occupied,1,
193.33899123738362,-8.5430518553340598,1.1000000000000003,0.96653353326992408,-8.59414178930259,-0.79999999999999949,-0.93415323244211901,occupied,occupied,1,
193.38898839053525,-8.4936258341775499,1.0999999999999999,0.967847008717167,-8.5435586970982094,-0.80000000000000004,-0.93280900718877602,occupied,occupied,1,
193.4389855436869,-8.4441901021343515,1.1000000000000008,0.96913095608675104,-8.492988076191418,-0.79999999999999971,-0.93149558331336868,occupied,occupied,1,
193.48898269683855,-8.3947445807747805,1.1000000000000014,0.97038594090873898,-8.442429842873084,-0.79999999999999949,-0.93021235547621439,occupied,occupied,1,
193.53897984999017,-8.3452891940451135,1.1000000000000001,0.97161252883025317,-8.3918839159089629,-0.79999999999999938,-0.92895871900697735,occupied,occupied,1,
193.58897700314182,-8.2958238682172833,1.0999999999999994,0.97281128562505359,-8.3425482782887457,-0.84999999999999987,-0.97774842135561779,occupied,occupied,1,
193.63897415629344,-8.2463485318396526,1.0999999999999999,0.9739827772029046,-8.2919991981000276,-0.85000000000000064,-0.97655150430306725,occupied,occupied,1,
193.68897130944509,-8.1968631156864422,1.099999999999999,0.97512756961881009,-8.2414627780120213,-0.85000000000000031,-0.9753823970000618,occupied,occupied,1,
193.73896846259672,-8.1473675527084648,1.0999999999999994,0.97624622908206238,-8.1909389460914586,-0.8500000000000002,-0.97424049641014998,occupied,occupied,1,
193.78896561574837,-8.0978617779833559,1.1000000000000005,0.97733932196512641,-8.1404276326464693,-0.8500000000000002,-0.97312520013805826,occupied,occupied,1,
193.83896276889999,-8.0494119604993912,1.0500000000000003,0.92839604760127981,-8.0899287701791671,-0.84999999999999876,-0.97203590642039039,occupied,occupied,1,
193.88895992205164,-7.9998609580250255,1.0499999999999994,0.92944022592649056,-8.0394422933387641,-0.85000000000000031,-0.97097201411649992,occupied,occupied,1,
193.93895707520326,-7.9503001437783638,1.0500000000000005,0.93046051389325291,-7.9889681388742959,-0.85000000000000009,-0.96993292269948073,occupied,occupied,1,
193.98895422835491,-7.9007294607383223,1.0500000000000007,0.93145747945384783,-7.938506245587293,-0.84999999999999876,-0.96891803224733264,occupied,occupied,1,
194.03895138150656,-7.851148853766647,1.0499999999999998,0.93243169074533738,-7.8880565542851313,-0.85000000000000098,-0.96792674343426888,occupied,occupied,1,
194.08894853465819,-7.8015582695580186,1.0499999999999996,0.93338371609759607,-7.8376190077332364,-0.84999999999999964,-0.96695845752212828,occupied,occupied,1,
194.13894568780984,-7.7519576565914274,1.05,0.93431412404117897,-7.7871935506085235,-0.85000000000000087,-0.96601257635198945,occupied,occupied,1,
194.18894284096146,-7.7023469650808556,1.0500000000000009,0.93522348331508276,-7.7367801294520939,-0.84999999999999898,-0.96508850233585675,occupied,occupied,1,
194.23893999411311,-7.6527261469260583,1.0500000000000009,0.9361123628743766,-7.6863786926219593,-0.84999999999999942,-0.96418563844852523,occupied,occupied,1,
194.28893714726473,-7.6030951556640263,1.0499999999999996,0.93698133189770461,-7.6359891902464181,-0.8500000000000002,-0.96330338821954842,occupied,occupied,1,
194.33893430041638,-7.5534539464195181,1.0500000000000005,0.93783095979468745,-7.5856115741764309,-0.85000000000000064,-0.96244115572533873,occupied,occupied,1,
194.38893145356801,-7.5038024758566113,1.0500000000000007,0.93866181621318345,-7.5352457979389706,-0.8499999999999992,-0.96159834558139934,occupied,occupied,1,
194.43892860671966,-7.4541407021298216,1.0500000000000003,0.93947447104646586,-7.4848918166898919,-0.84999999999999976,-0.96077436293467511,occupied,occupied,1,
194.48892575987128,-7.4044685848351195,1.0500000000000009,0.94026949444028796,-7.4345495871666323,-0.8499999999999992,-0.95996861345600104,occupied,occupied,1,
194.53892291302293,-7.3547860849615585,1.0500000000000014,0.94104745679983348,-7.3842190676414896,-0.84999999999999953,-0.95918050333269778,occupied,occupied,1,
194.58892006617458,-7.3050931648425443,1.0499999999999996,0.94180892879658351,-7.333900217874481,-0.84999999999999942,-0.95840943926125144,occupied,occupied,1,
194.6389172193262,-7.255389788107248,1.0500000000000005,0.94255448137509423,-7.2835929990662889,-0.84999999999999898,-0.95765482844011607,occupied,occupied,1,
194.68891437247785,-7.2056759196321165,1.0500000000000007,0.94328468575966029,-7.2332973738112667,-0.84999999999999887,-0.95691607856261773,occupied,occupied,1,
194.73891152562948,-7.1559515254923376,1.0499999999999994,0.94400011346091994,-7.1830133060503272,-0.85000000000000009,-0.95619259780995702,occupied,occupied,1,
194.78890867878113,-7.1062165729136311,1.0500000000000005,0.9447013362823663,-7.1327407610241291,-0.84999999999999887,-0.95548379484431378,occupied,occupied,1,
194.83890583193275,-7.056471039757227,1.0499999999999998,0.94538892618861192,-7.0824796955978098,-0.85000000000000031,-0.95478907867794138,occupied,occupied,1,
194.8889029850844,-7.0067198759613589,1.0500000000000009,0.94606329649406495,-7.0322250545945346,-0.84999999999999831,-0.95410788372552446,occupied,occupied,1,
194.93890013823602,-6.9569672376802778,1.0500000000000007,0.94672455457723592,-6.9819726123712629,-0.84999999999999987,-0.9534399827098482,occupied,occupied,1,
194.98889729138767,-6.9072131141638993,1.0500000000000005,0.94737279582648315,-6.9317223581699876,-0.85000000000000031,-0.95278527734578655,occupied,occupied,1,
195.03889444453932,-6.8574574948077043,1.0500000000000007,0.94800811563389353,-6.8814742813765051,-0.84999999999999998,-0.95214366936568717,occupied,occupied,1,
195.08889159769095,-6.807700369203058,1.05,0.94863060939474886,-6.8312283715712789,-0.84999999999999976,-0.95151506051991275,occupied,occupied,1,
195.1388887508426,-6.757941727111894,1.0499999999999998,0.94924037250799154,-6.7809846185039202,-0.85000000000000031,-0.95089935257637825,occupied,occupied,1,
195.18888590399422,-6.7081815584705993,1.05,0.94983750037629899,-6.7307430120971565,-0.84999999999999964,-0.95029644732047891,occupied,occupied,1,
195.23888305714587,-6.6584198533878647,1.0499999999999996,0.95042208840623532,-6.680503542444705,-0.85000000000000009,-0.94970624655494784,occupied,occupied,1,
195.28888021029749,-6.6086566021438635,1.0500000000000012,0.95099423200839051,-6.6302661998104933,-0.84999999999999931,-0.94912865209971753,occupied,occupied,1,
195.33887736344914,-6.5588917951888783,1.0500000000000005,0.95155402659751021,-6.5800309746273093,-0.85000000000000031,-0.94856356579179579,occupied,occupied,1,
195.38887451660077,-6.5091254231417262,1.0499999999999998,0.95210156759264608,-6.5297978574952644,-0.84999999999999931,-0.94801088948511802,occupied,occupied,1,
195.43887166975242,-6.45935747678877,1.05,0.95263695041728058,-6.4795668391808352,-0.84999999999999909,-0.94747052505043383,occupied,occupied,1,
195.48886882290404,-6.4095879470824633,1.0499999999999992,0.95316027049945784,-6.4293379106154394,-0.85000000000000053,-0.94694237437516904,occupied,occupied,1,
195.53886597605569,-6.3598168251397871,1.0499999999999996,0.95367162327192501,-6.3791110628939016,-0.85000000000000009,-0.94642633936329423,occupied,occupied,1,
195.58886312920734,-6.310044102241549,1.0500000000000012,0.95417110417224615,-6.3288862872737859,-0.84999999999999987,-0.94592232193521575,occupied,occupied,1,
195.63886028235896,-6.260269769830284,1.0500000000000007,0.95465880864293728,-6.2786635751733275,-0.85000000000000031,-0.94543022402763766,occupied,occupied,1,
195.68885743551061,-6.2104938195095674,1.05,0.95513483213159101,-6.2284429181707734,-0.85000000000000064,-0.94494994759344852,occupied,occupied,1,
195.73885458866224,-6.1607162430423861,1.0499999999999998,0.95559927009099743,-6.178224308002787,-0.85000000000000042,-0.94448139460159874,occupied,occupied,1,
195.78885174181389,-6.110937032349729,1.0500000000000012,0.95605221797926643,-6.1280077365630641,-0.84999999999999942,-0.94402446703698328,occupied,occupied,1,
195.83884889496551,-6.0611561795098083,1.0500000000000003,0.95649377125993662,-6.0777931959015916,-0.84999999999999953,-0.94357906690033211,occupied,occupied,1,
195.88884604811716,-6.0113736767559072,1.0499999999999994,0.95692402540211008,-6.027580678222515,-0.85000000000000075,-0.94314509620808529,occupied,occupied,1,
195.93884320126878,-5.9615895164757298,1.05,0.95734307588055467,-5.9773701758835234,-0.84999999999999964,-0.94272245699228374,occupied,occupied,1,
195.98884035442043,-5.9118036912099434,1.05,0.95775101817581676,-5.9271616813944199,-0.85000000000000064,-0.94231105130046988,occupied,occupied,1,
196.03883750757205,-5.8620161936504838,1.0499999999999994,0.95814794777433987,-5.8769551874154535,-0.85000000000000064,-0.94191078119555949,occupied,occupied,1,
196.08883466072371,-5.8122270166397492,1.0499999999999992,0.95853396016857007,-5.8267506867565437,-0.84999999999999987,-0.94152154875575023,occupied,occupied,1,
196.13883181387536,-5.7624361531690012,1.0500000000000005,0.95890915085706452,-5.7765481723757111,-0.84999999999999942,-0.94114325607441007,occupied,occupied,1,
196.18882896702698,-5.7126435963770215,1.0499999999999996,0.95927361534459299,-5.7263476373777555,-0.85000000000000009,-0.94077580525997329,occupied,occupied,1,
196.23882612017863,-5.6628493395490311,1.0500000000000009,0.95962744914225329,-5.6761490750132113,-0.84999999999999842,-0.94041909843583538,occupied,occupied,1,
196.28882327333025,-5.6130533761149017,1.0500000000000003,0.9599707477675602,-5.6259524786765782,-0.84999999999999964,-0.94007303774026219,occupied,occupied,1,
196.3388204264819,-5.5632556996483942,1.0500000000000003,0.96030360674455795,-5.5757578419055926,-0.8499999999999992,-0.93973752532627608,occupied,occupied,1,
196.38881757963352,-5.5134563038655156,1.0500000000000012,0.96062612160391225,-5.525565158379611,-0.84999999999999976,-0.93941246336157391,occupied,occupied,1,
196.43881473278518,-5.4636551826230848,1.0500000000000007,0.96093838788300812,-5.4753744219181968,-0.84999999999999876,-0.93909775402841711,occupied,occupied,1,
196.4888118859368,-5.4138523299179449,1.05,0.96124050112604864,-5.4251856264803688,-0.84999999999999942,-0.93879329952355295,occupied,occupied,1,
196.53880903908845,-5.3640477398848994,1.0499999999999994,0.96153255688414863,-5.3749987661625536,-0.85000000000000031,-0.93849900205810555,occupied,occupied,1,
196.58880619224007,-5.3142414067959578,1.0499999999999998,0.9618146507154256,-5.3248138351978636,-0.8500000000000002,-0.93821476385749447,occupied,occupied,1,
196.63880334539172,-5.2644333250589055,1.0499999999999996,0.9620868781850882,-5.2746308279546898,-0.84999999999999953,-0.93794048716134459,occupied,occupied,1,
196.68880049854337,-5.2146234892156222,1.0500000000000012,0.96234933486553254,-5.2244497389350482,-0.84999999999999987,-0.93767607422339649,occupied,occupied,1,
196.73879765169499,-5.1648118939414811,1.0500000000000012,0.96260211633641857,-5.1742705627739998,-0.84999999999999964,-0.93742142731141886,occupied,occupied,1,
196.78879480484665,-5.1149985340431732,1.0499999999999998,0.96284531818476771,-5.1240932942375048,-0.8500000000000002,-0.93717644870712569,occupied,occupied,1,
196.83879195799827,-5.065183404457998,1.0500000000000005,0.96307903600504419,-5.0739179282217348,-0.85000000000000042,-0.93694104070608941,occupied,occupied,1,
196.88878911114992,-5.0153665002524352,1.0500000000000003,0.96330336539923,-5.0237444597516694,-0.8499999999999992,-0.93671510561766225,occupied,occupied,1,
196.93878626430154,-4.9655478166204956,1.0500000000000016,0.96351840197691785,-4.9735728839794726,-0.84999999999999898,-0.936498545764896,occupied,occupied,1,
196.98878341745319,-4.9157273488828928,1.0500000000000012,0.96372424135537882,-4.9234031961836866,-0.84999999999999953,-0.93629126348445979,occupied,occupied,1,
197.03878057060481,-4.8659050924853702,1.0500000000000005,0.96392097915965336,-4.8732353917675866,-0.85000000000000031,-0.93609316112656304,occupied,occupied,1,
197.08877772375646,-4.8160810429973475,1.0500000000000003,0.96410871102261975,-4.8232533721331183,-0.90000000000000036,-0.9859044792674444,occupied,occupied,1,
197.13877487690809,-4.7662551961111337,1.0500000000000005,0.96428753258507116,-4.7730804210719908,-0.89999999999999947,-0.98572441191572246,occupied,occupied,1,
197.18877203005974,-4.7164275476397304,1.0500000000000016,0.96445753949579094,-4.7229094369655291,-0.89999999999999936,-0.98555323352297219,occupied,occupied,1,
197.23876918321139,-4.666598093516332,1.0499999999999998,0.96461882741161997,-4.6727404157023464,-0.8999999999999998,-0.98539084644177777,occupied,occupied,1,
197.28876633636301,-4.6167668297925673,1.0500000000000012,0.96477149199754098,-4.6225733532893001,-0.89999999999999958,-0.98523715303845483,occupied,occupied,1,
197.33876348951466,-4.5669337526371168,1.0500000000000003,0.96491562892672844,-4.5724082458501325,-0.8999999999999998,-0.98509205569298575,occupied,occupied,1,
197.38876064266628,-4.5170988583349585,1.0500000000000007,0.96505133388063569,-4.5222450896247421,-0.90000000000000002,-0.98495545679894836,occupied,occupied,1,
197.43875779581793,-4.4672621432851933,1.0500000000000009,0.96517870254904892,-4.4720838809670242,-0.89999999999999958,-0.9848272587634479,occupied,occupied,1,
197.48875494896956,-4.4174236040004171,1.0500000000000005,0.96529783063015817,-4.4219246163442696,-0.89999999999999936,-0.98470736400705561,occupied,occupied,1,
197.53875210212121,-4.3675832371052348,1.0500000000000005,0.9654088138306226,-4.3717672923357043,-0.89999999999999969,-0.98459567496374223,occupied,occupied,1,
197.58874925527283,-4.3177410393346127,1.0500000000000003,0.96551174786562932,-4.321611905630852,-0.90000000000000036,-0.98449209408081306,occupied,occupied,1,
197.63874640842448,-4.2678970075330147,1.05,0.96560672845895767,-4.2714584530287043,-0.89999999999999958,-0.98439652381884712,occupied,occupied,1,
197.6887435615761,-4.2180511386528918,1.0499999999999996,0.96569385134303909,-4.2213069314362226,-0.90000000000000024,-0.98430886665164263,occupied,occupied,1,
197.73874071472775,-4.1682034297531452,1.05,0.96577321225901702,-4.1711573378668243,-0.90000000000000102,-0.98422902506614784,occupied,occupied,1,
197.78873786787941,-4.1183538779983575,1.0500000000000007,0.96584490695680048,-4.1210096694396388,-0.89999999999999991,-0.98415690156240754,occupied,occupied,1,
197.83873502103103,-4.0685024806567727,1.0500000000000003,0.96590903119512439,-4.0708639233774999,-0.89999999999999936,-0.98409239865351095,occupied,occupied,1,
197.88873217418268,-4.0186492350995913,1.05,0.96596568074160538,-4.0207200970062678,-0.90000000000000091,-0.9840354188655307,occupied,occupied,1,
197.9387293273343,-3.9687941387993564,1.0500000000000014,0.96601495137279547,-3.9705781877532318,-0.89999999999999902,-0.98398586473746241,occupied,occupied,1,
197.98872648048595,-3.9189371893284579,1.0500000000000005,0.9660569388742275,-3.9204381931456327,-0.89999999999999958,-0.98394363882118929,occupied,occupied,1,
198.03872363363757,-3.8690783843584846,1.0499999999999996,0.96609173904047985,-3.8703001108100397,-0.90000000000000013,-0.98390864368141118,occupied,occupied,1,
198.08872078678922,-3.8192177216580405,1.0500000000000005,0.96611944767521929,-3.8201639384701775,-0.89999999999999902,-0.98388078189560146,occupied,occupied,1,
198.13871793994085,-3.7693551990919785,1.0499999999999994,0.96614016059124563,-3.7700296739461869,-0.90000000000000069,-0.98385995605396337,occupied,occupied,1,
198.1887150930925,-3.7194908146200922,1.0499999999999992,0.96615397361055222,-3.7198973151533306,-0.90000000000000024,-0.98384606875936542,occupied,occupied,1,
198.23871224624412,-3.669624566295389,1.0500000000000007,0.96616098256436445,-3.6697668601002835,-0.89999999999999858,-0.98383902262730816,occupied,occupied,1,
198.28870939939577,-3.6197564522632732,1.0500000000000007,0.96616128329318329,-3.6196383068883375,-0.89999999999999936,-0.98383872028587571,occupied,occupied,1,
198.33870655254742,-3.5698864707598661,1.0499999999999998,0.96615497164683795,-3.5695116537097369,-0.90000000000000036,-0.98384506437568009,occupied,occupied,1,
198.38870370569904,-3.5200146201109144,1.0499999999999998,0.96614214348452809,-3.5193868988466055,-0.90000000000000013,-0.98385795754982452,occupied,occupied,1,
198.43870085885069,-3.4701408987303437,1.0500000000000012,0.96612289467486279,-3.4692640406695165,-0.89999999999999947,-0.98387730247386063,occupied,occupied,1,
198.48869801200232,-3.4202653051188512,1.0500000000000007,0.9660973210959013,-3.4191430776361016,-0.90000000000000047,-0.98390300182574542,occupied,occupied,1,
198.53869516515397,-3.370387837862924,1.0500000000000007,0.96606551863520218,-3.3690240082900873,-0.89999999999999947,-0.98393495829579203,occupied,occupied,1,
198.58869231830559,-3.3205084956332143,1.0500000000000005,0.96602758318985349,-3.318906831259687,-0.90000000000000024,-0.98397307458664285,occupied,occupied,1,
198.63868947145724,-3.2706272771831975,1.0500000000000005,0.96598361066651794,-3.2687915452562728,-0.89999999999999991,-0.98401725341321589,occupied,occupied,1,
198.68868662460886,-3.2207441813483118,1.0499999999999998,0.96593369698146692,-3.2186781490735341,-0.89999999999999969,-0.98406739750267669,occupied,occupied,1,
198.73868377776051,-3.1708592070439883,1.0500000000000003,0.96587793806062083,-3.1685666415855218,-0.89999999999999902,-0.98412340959439515,occupied,occupied,1,
198.78868093091214,-3.1209723532648064,1.0500000000000005,0.96581642983958027,-3.1184570217458183,-0.90000000000000024,-0.98418519243991232,occupied,occupied,1,
198.83867808406379,-3.071083619083097,1.0500000000000012,0.96574926826366525,-3.0683492885861585,-0.89999999999999958,-0.98425264880289731,occupied,occupied,1,
198.88867523721544,-3.0211930036472849,1.0499999999999994,0.96567654928794411,-3.0182434412147834,-0.89999999999999991,-0.98432568145912369,occupied,occupied,1,
198.93867239036706,-2.9713005061813216,1.0500000000000007,0.96559836887727823,-2.9681394788158926,-0.89999999999999869,-0.9844041931964238,occupied,occupied,1,
198.98866954351871,-2.9214061259824442,1.0499999999999998,0.96551482300633595,-2.9180374006474126,-0.89999999999999947,-0.98448808681466726,occupied,occupied,1,
199.03866669667033,-2.8715098624205662,1.0500000000000007,0.96542600765964282,-2.8679372060404047,-0.89999999999999891,-0.98457726512571553,occupied,occupied,1,
199.08866384982198,-2.8216117149367337,1.0500000000000009,0.96533201883159758,-2.8178388943975348,-0.8999999999999988,-0.98467163095340227,occupied,occupied,1,
199.13866100297361,-2.7717116830416382,1.0500000000000003,0.9652329525265092,-2.7677424651915996,-0.90000000000000013,-0.98477108713349681,occupied,occupied,1,
199.18865815612526,-2.7218097663145682,1.0500000000000003,0.96512890475862734,-2.717647917964491,-0.90000000000000002,-0.98487553651367155,occupied,occupied,1,
199.23865530927688,-2.6719059644020549,1.0500000000000007,0.96501997155216479,-2.6675552523258559,-0.90000000000000002,-0.98498488195348033,occupied,occupied,1,
199.28865246242853,-2.622000277016201,1.0500000000000009,0.96490624894132748,-2.6174644679514372,-0.89999999999999969,-0.98509902632432522,occupied,occupied,1,
199.33864961558015,-2.5720927039341337,1.05,0.96478783297034121,-2.56737556458254,-0.90000000000000002,-0.98521787250943049,occupied,occupied,1,
199.3886467687318,-2.5221832449957877,1.0500000000000012,0.96466481969348072,-2.5172885420238273,-0.89999999999999991,-0.98534132340381408,occupied,occupied,1,
199.43864392188345,-2.4722719001031885,1.0500000000000016,0.96453730517508585,-2.4672034001426142,-0.89999999999999913,-0.98546928191426353,occupied,occupied,1,
199.48864107503508,-2.4223586692190668,1.0499999999999992,0.9644053854895922,-2.4171201388674959,-0.90000000000000036,-0.98560165095931307,occupied,occupied,1,
199.53863822818673,-2.3724435523652079,1.0499999999999998,0.96426915672156144,-2.3670387581867072,-0.90000000000000102,-0.9857383334692108,occupied,occupied,1,
199.58863538133835,-2.3225265496216885,1.05,0.96412871496568853,-2.3169592581473717,-0.8999999999999998,-0.98587923238590081,occupied,occupied,1,
199.63863253449,-2.2726076611249777,1.0500000000000012,0.96398415632683598,-2.2668816388536128,-0.89999999999999913,-0.98602425066300381,occupied,occupied,1,
199.68862968764162,-2.2226868870670962,1.0500000000000003,0.96383557692004851,-2.2168059004657268,-0.89999999999999925,-0.98617329126578701,occupied,occupied,1,
199.73862684079327,-2.1727642276940866,1.0500000000000003,0.96368307287058286,-2.1667320431986581,-0.89999999999999969,-0.98632625717114453,occupied,occupied,1,
199.7886239939449,-2.1228396833046297,1.0499999999999989,0.96352674031391738,-2.1166600673206335,-0.90000000000000047,-0.98648305136757752,occupied,occupied,1,
199.83862114709655,-2.072913254248923,1.0500000000000005,0.96336667539578358,-2.0665899731520434,-0.89999999999999925,-0.98664357685517023,occupied,occupied,1,
199.88861830024817,-2.0229849409273415,1.0500000000000012,0.96320297427217139,-2.0165217610641175,-0.89999999999999936,-0.98680773664557797,occupied,occupied,1,
199.93861545339982,-1.9730547437888175,1.0499999999999989,0.96303573310935586,-1.9664554314773126,-0.90000000000000058,-0.98697543376199881,occupied,occupied,1,
199.98861260655147,-1.9231226633302054,1.05,0.96286504808392381,-1.9163909848606866,-0.89999999999999958,-0.98714657123915461,occupied,occupied,1,
200.03860975970309,-1.8731887000940957,1.0500000000000007,0.96269101538277124,-1.8663284217297209,-0.90000000000000024,-0.98732105212328392,occupied,occupied,1,
200.08860691285474,-1.8232528546682696,1.0500000000000007,0.9625137312031351,-1.8164468480822604,-0.84999999999999931,-0.9374984586855637,occupied,occupied,1,
200.13860406600637,-1.7733151276839694,1.0500000000000012,0.96233329175260618,-1.7663911579444085,-0.8499999999999992,-0.93767932435207524,occupied,occupied,1,
200.18860121915802,-1.7233755198145371,1.05,0.96214979324914174,-1.7163372565386017,-0.84999999999999964,-0.93786324279822719,occupied,occupied,1,
200.23859837230964,-1.6734340317746519,1.0500000000000005,0.96196333192108929,-1.6662851445558733,-0.84999999999999987,-0.93805011713353981,occupied,occupied,1,
200.28859552546129,-1.6234906643182103,1.0500000000000003,0.96177400400718993,-1.6162348227271843,-0.84999999999999953,-0.93823985047840119,occupied,occupied,1,
200.33859267861291,-1.5735454182377182,1.0500000000000003,0.96158190575660241,-1.5661862918228242,-0.84999999999999964,-0.9384323459640499,occupied,occupied,1,
200.38858983176456,-1.5235982943626225,1.05,0.96138713342891202,-1.5161395526507495,-0.84999999999999987,-0.93862750673255901,occupied,occupied,1,
200.43858698491618,-1.4736492935579573,1.05,0.96118978329414695,-1.4660946060552367,-0.84999999999999887,-0.93882523593682232,occupied,occupied,1,
200.48858413806784,-1.4236984167233346,1.0500000000000007,0.96098995163279022,-1.4160514529158799,-0.84999999999999964,-0.93902543674054462,occupied,occupied,1,
200.53858129121949,-1.3737456647913826,1.0500000000000009,0.96078773473579138,-1.3660100941460351,-0.84999999999999987,-0.93922801231821951,occupied,occupied,1,
200.58857844437111,-1.3237910387265346,1.0500000000000007,0.96058322890458236,-1.3159705306916167,-0.84999999999999987,-0.9394328658551242,occupied,occupied,1,
200.63857559752276,-1.2738345395237021,1.0499999999999994,0.96037653045108562,-1.2659327635297739,-0.8500000000000002,-0.93963990054730351,occupied,occupied,1,
200.68857275067438,-1.223876168206917,1.0500000000000005,0.96016773569773262,-1.2158967936675413,-0.8499999999999992,-0.93984901960155642,occupied,occupied,1,
200.73856990382603,-1.1739159258280989,1.0500000000000003,0.95995694097746309,-1.1658626221406101,-0.8499999999999992,-0.94006012623542945,occupied,occupied,1,
200.78856705697766,-1.1239538134657923,1.0499999999999996,0.95974424263374869,-1.1158302500120703,-0.84999999999999987,-0.94027312367719751,occupied,occupied,1,
200.83856421012931,-1.0739898322235906,1.0500000000000003,0.95952973702059863,-1.0657996783708412,-0.85000000000000042,-0.9404879151658575,occupied,occupied,1,
200.88856136328093,-1.0240239832293714,1.0499999999999992,0.95931352050256757,-1.0157709083309099,-0.8500000000000002,-0.94070440395111443,occupied,occupied,1,
200.93855851643258,-0.97405626763033426,1.0500000000000003,0.95909568945475998,-0.96574394102637073,-0.85000000000000009,-0.9409224932933874,occupied,occupied,1,
200.9885556695842,-0.92408668661069648,1.0499999999999996,0.95887634026291069,-0.91571877762914622,-0.84999999999999976,-0.94114208646371478,occupied,occupied,1,
201.03855282273585,-0.87411524134354324,1.0499999999999994,0.95865556932320173,-0.86569541930078864,-0.85000000000000053,-0.94136308674395153,occupied,occupied,1,
201.0885499758875,-0.82414193304907046,1.0500000000000003,0.95843347304252591,-0.81567386725079305,-0.8499999999999992,-0.94158539742649172,occupied,occupied,1,
201.13854712903913,-0.77416676449966382,1.0500000000000007,0.95821014784185099,-0.76565412117899789,-0.84999999999999898,-0.94180892182463605,occupied,occupied,1,
201.18854428219078,-0.72418985478679765,1.0500000000000016,0.95798568828980102,-0.71563606643136612,-0.84999999999999964,-0.9420335661640149,occupied,occupied,1,
201.2385414353424,-0.67421127871447162,1.0500000000000007,0.9577601822091123,-0.66561963173510996,-0.84999999999999998,-0.94225924305943465,occupied,occupied,1,
201.28853858849405,-0.62423103741633401,1.0500000000000007,0.95753371598351567,-0.61560481821837787,-0.84999999999999887,-0.94248586593074701,occupied,occupied,1,
201.33853574164567,-0.57424913203715655,1.0500000000000003,0.95730637600528556,-0.56559162702073118,-0.8500000000000002,-0.94271334820631092,occupied,occupied,1,
201.38853289479732,-0.52426556373232647,1.0499999999999998,0.95707824867524827,-0.51558005929263795,-0.85000000000000064,-0.94294160332298094,occupied,occupied,1,
201.43853004794894,-0.4742803336664872,1.0499999999999998,0.95684942040277499,-0.46557011619411542,-0.84999999999999942,-0.9431705447261215,occupied,occupied,1,
201.4885272011006,-0.42429344301223881,1.05,0.95661997760577622,-0.41556179889343187,-0.84999999999999931,-0.94340008586961099,occupied,occupied,1,
201.53852435425225,-0.37430489294988278,1.0499999999999994,0.95639000671070462,-0.36555510856685264,-0.8500000000000002,-0.94363014021583469,occupied,occupied,1,
201.58852150740387,-0.32431468466542829,1.0500000000000012,0.95615959415255014,-0.31555004639664774,-0.84999999999999842,-0.94386062123569137,occupied,occupied,1,
201.63851866055552,-0.27432281935015113,1.0500000000000007,0.95592882637483023,-0.26554661357065162,-0.85000000000000031,-0.94409144240860776,occupied,occupied,1,
201.68851581370714,-0.22432929818928982,1.0499999999999996,0.95569778982955045,-0.2155448112709589,-0.84999999999999987,-0.94432251722256522,occupied,occupied,1,
201.73851296685879,-0.1743341224014042,1.0500000000000005,0.95546657097738585,-0.16554464071328936,-0.84999999999999887,-0.94455375917393725,occupied,occupied,1,
201.78851012001041,-0.12433729317678835,1.05,0.95523525628738892,-0.11554610308539148,-0.85000000000000053,-0.94478508176776588,occupied,occupied,1,
201.83850727316207,-0.074338811716557429,1.0499999999999994,0.95500393223718361,-0.065549199586136836,-0.85000000000000031,-0.94501639851756958,occupied,occupied,1,
201.88850442631369,-0.024338679221793905,1.0500000000000007,0.95477268531291259,-0.015553931414664405,-0.84999999999999887,-0.94524762294540532,occupied,occupied,1,
201.93850157946534,0.0256631031074975,1.0500000000000007,0.95454160200922733,0.034439700230664609,-0.85000000000000009,-0.94547866858186946,occupied,occupied,1,
201.98849873261696,0.075666534073755815,1.0499999999999998,0.954310768829294,0.084431694153632927,-0.84999999999999964,-0.94570944896609122,occupied,occupied,1,
202.03849588576861,0.12567161248252035,1.0499999999999996,0.9540802722847882,0.13442204916082426,-0.84999999999999976,-0.94593987764574849,occupied,occupied,1,
