x_m,y_m,s_m,psi_rad,kappa_inv_m
0.18006219987127889,0.096159875198515668,0,0.0045959818073404296,-0.00020688043786421851
0.2300588262310885,0.096389387414903299,0.049997153151637864,0.004584773561308526,-0.0002414749329148441
0.28005545535830678,0.096618296019042468,0.099994306303275729,0.0045718356887442264,-0.00027606943935307453
0.33005208764021321,0.096846514535381123,0.1499914594549136,0.0045571681889610702,-0.00031066396185958653
0.380048723460991,0.097073956488313073,0.19998861260655146,0.0045407710610393991,-0.00034525850507575117
0.43004536320044551,0.097300535402160618,0.24998576575818932,0.004522644303828708,-0.00037985307359809467
0.48004200723404866,0.097526164801163259,0.2999829189098272,0.004502787915949838,-0.00041444767197367269
0.53003865593226684,0.097750758209463759,0.34998007206146503,0.0044812018957976667,-0.00044904230469494769
0.58003530966026784,0.097974229151095535,0.39997722521310292,0.0044578862415438937,-0.00048363697619493377
0.63003196877733791,0.098196491149969298,0.4499743783647408,0.0044328409511401982,-0.00051823169084213552
0.6800286336263297,0.098417457729815985,0.49997153151637863,0.0044060660223271767,-0.00055282645292858913
0.73002530457389248,0.098637042414353643,0.54996868466801652,0.0043775614526158036,-0.00058742126669304728
0.78002198194902728,0.098855158727005871,0.5999658378196544,0.0043473272393239407,-0.00062201613627380352
0.83001866608322605,0.099071720191069537,0.64996299097129229,0.0043153633795590439,-0.00065661106573181125
0.88001535729996716,0.099286640329658435,0.69996014412293006,0.0042816698702277112,-0.00069120605903875683
0.93001205590398217,0.099499832665648436,0.74995729727456795,0.0042462467080477285,-0.00072580112006497965
0.98000876222148714,0.099711210721839416,0.79995445042620583,0.0042090938895237339,-0.00076039625260265135
1.0300054765357065,0.099920688020671944,0.84995160357784372,0.0041702114109979484,-0.00079499146031650387
1.0800021991362623,0.10012817808442917,0.8999487567294816,0.004129599268619972,-0.00082958674677334823
1.1299989302995752,0.10033359443514522,0.94994590988111938,0.0040872574583660929,-0.00086418211542385809
1.1799956702912682,0.10053685059460782,0.99994306303275726,0.0040431859760430705,-0.00089877756959957087
1.2299924193657372,0.10073786008434911,1.0499402161843951,0.0039973848172941877,-0.00093337311250793866
1.2799891777657733,0.10093653642563705,1.099937369336033,0.0039498539776055214,-0.00096796874722740282
1.3299859457219754,0.10113279313946649,1.1499345224876709,0.0039005934523126521,-0.0010025644767023343
1.3799827234524371,0.10132654374655177,1.1999316756393088,0.0038496032366073505,-0.0010371603037381597
1.4299795111622309,0.10151770176731886,1.2499288287909467,0.0037968833255447223,-0.0010717562309963411
1.4799763090430484,0.10170618072189871,1.2999259819425846,0.0037424337140504345,-0.0011063522609894732
1.5299731172725721,0.10189189413012011,1.3499231350942222,0.0036862543969284735,-0.0011409483960761887
1.5799699360142285,0.10207475551150416,1.3999202882458601,0.0036283453688687474,-0.0011755446384563264
1.6299667654165804,0.10225467838525841,1.449917441397498,0.0035687066244553273,-0.0012101409901658566
1.6799636056129483,0.10243157627027198,1.4999145945491359,0.0035073381581746869,-0.0012447374530719531
1.7299604567210025,0.10260536268511128,1.5499117477007738,0.0034442399644242097,-0.0012793340288680592
1.7799573188422284,0.10277595114801596,1.5999089008524117,0.003379412037521116,-0.0013139307190688516
1.8299541920615177,0.10294325517689562,1.6499060540040495,0.0033128543717114616,-0.0013485275250052996
1.8799510764468144,0.10310718828932747,1.6999032071556874,0.003244566961179327,-0.001383124447819764
1.9299479720483241,0.10326766400255324,1.7499003603073253,0.0031745498000568403,-0.0014177214884607827
1.9799448788986296,0.10342459583347963,1.7998975134589632,0.0031028028824332012,-0.001452318647678498
2.0299417970116793,0.10357789729867546,1.8498946666106011,0.0030293262023655268,-0.0014869159260192902
2.07993872638272,0.10372748191437307,1.8998918197622388,0.0029541197538886098,-0.0015215133238210732
2.1299356669876692,0.10387326319646828,1.9498889729138766,0.0028771835310257249,-0.0015561108412081969
2.1799326187826646,0.10401515466052158,1.9998861260655145,0.0027985175277994421,-0.0015907084780864781
2.2299295817037046,0.1041530698217604,2.0498832792171524,0.0027181217382425352,-0.0016253062341382884
2.2799265556662034,0.10428692219508193,2.0998804323687903,0.0026359961564092699,-0.0016599041088175828
2.3299235405644008,0.1044166252950562,2.1498775855204282,0.0025521407763871699,-0.0016945021013448345
2.3799205362710301,0.10454209263593062,2.1998747386720661,0.002466555592308641,-0.0017291002107021414
2.4299175426388899,0.10466323773163977,2.249871891823704,0.0023792405983594305,-0.0017636984356296467
2.4799145594861121,0.10477997409577762,2.2998690449753418,0.0022901957888162576,-0.0017982967746106979
2.52991158663658,0.10489221524169981,2.3498661981269797,0.0021994211579865744,-0.0018328952258951303
2.5799086238622011,0.10499987468239695,2.3998633512786176,0.0021069167003233522,-0.0018674937874546809
2.6299056709111515,0.10510286593057419,2.4498605044302555,0.002012682410388504,-0.001902092456997864
2.6799027275358323,0.10520110249871496,2.4998576575818934,0.0019167182828111612,-0.0019366912319846419
2.7298997934355231,0.10529449789897372,2.5498548107335313,0.0018190243124084355,-0.0019712901095820996
2.7798968682966181,0.10538296564327077,2.5998519638851691,0.0017196004941225154,-0.0020058890866876144
2.8298939517779216,0.10546641924327504,2.649849117036807,0.0016184468230616808,-0.0020404881599140165
2.8798910435120582,0.10554477221042077,2.6998462701884445,0.0015155632945110613,-0.0020750873255859096
2.9298881431054324,0.10561793805592176,2.7498434233400824,0.0014109499039463387,-0.0021096865797349791
2.9798852501373516,0.10568583029078554,2.7998405764917202,0.0013046066470493991,-0.0021442859180947189
3.0298823641596861,0.10574836242582922,2.8498377296433581,0.001196533519723148,-0.0021788853360955392
3.0798794846967659,0.10580544797169665,2.899834882794996,0.0010867305181060469,-0.0022134848288600296
3.1298766112444021,0.10585700043887533,2.9498320359466339,0.00097519763858875579,-0.0022480843911976229
3.1798737432698085,0.10590293333771562,2.9998291890982718,0.00086193487782912522,-0.0022826840175998796
3.2298708802109699,0.1059431601784505,3.0498263422499097,0.00074694223276861689,-0.002317283702235386
3.2798680214763469,0.1059775944712162,3.0998234954015476,0.000630219700648211,-0.0023518834389448912
3.3298651664442733,0.10600614972607421,3.1498206485531854,0.00051176727902528898,-0.0023864832212362303
3.3798623144625739,0.10602873945303425,3.1998178017048233,0.00039158496579024487,-0.0024210830422793988
3.4298594648480938,0.10604527716207837,3.2498149548564612,0.00026967275918355623,-0.0024556828949015646
3.4798566168864258,0.10605567636318625,3.2998121080080991,0.00014603065781260813,-0.0024902827715822177
3.5298537698310812,0.10605985056636134,3.349809261159737,2.0658660670139894e-05,-0.0025248826644479472
3.5798509229033613,0.10605771328165869,3.3998064143113749,-0.000106443232848768,-0.002559482565267683
3.6298480752918767,0.1060491780192134,3.4498035674630128,-0.00023527502292862413,-0.0025940824654477027
3.6798452261519445,0.10603415828927064,3.4998007206146506,-0.00036583670931488414,-0.0026286823560265683
3.7298423746053002,0.10601256760221664,3.5497978737662885,-0.00049812829129583741,-0.0026632822276702597
3.7798395197394874,0.10598431946861117,3.5997950269179264,-0.00063214976768344311,-0.0026978820706670954
3.8298366606075911,0.10594932739922089,3.6497921800695643,-0.00076790113679480094,-0.0027324818749228947
3.8798337962276293,0.10590750490505432,3.6997893332212022,-0.00090538239643248464,-0.0027670816299559019
3.9298309255822628,0.1058587654973978,3.7497864863728396,-0.0010445935438654662,-0.0028016813248919292
3.9798280476181436,0.10580302268785298,3.7997836395244775,-0.001185534575808813,-0.0028362809484592457
4.0298251612456033,0.10574018998837548,3.8497807926761154,-0.0013282054884040521,-0.002870880488983713
4.0798222653382874,0.10567018091131461,3.8997779458277533,-0.0014726062771992033,-0.0029054799343838917
4.129819358732469,0.1055929089694552,3.9497750989793912,-0.0016187369371275634,-0.0029400792721658861
4.1798164402267934,0.10550828767605978,3.999772252131029,-0.0017665974624875578,-0.0029746784894185445
4.2298135085817652,0.10541623054491299,4.0497694052826674,-0.0019161878469215511,-0.0030092775728084403
4.2798105625192804,0.10531665109036679,4.0997665584343048,-0.0020675080833945417,-0.003043876508574898
4.3298076007221926,0.10520946282738752,4.1497637115859431,-0.0022205581641727454,-0.0030784752825250565
4.379804621833939,0.10509457927160379,4.1997608647375806,-0.0023753380808020684,-0.003113073880028953
4.429801624457907,0.10497191393935669,4.2497580178892189,-0.0025318478240855735,-0.0031476722860144437
4.4797986071572105,0.10484138034775038,4.2997551710408564,-0.0026900873840619436,-0.003182270484962408
4.5297955684540652,0.10470289201470513,4.3497523241924938,-0.0028500567499824521,-0.0032168684609016627
4.5797925068294463,0.10455636245901116,4.3997494773441321,-0.0030117559102885811,-0.003251466197404101
4.6297894207226005,0.10440170520038428,4.4497466304957696,-0.0031751848525889172,-0.0032860636775797016
4.6797863085305238,0.10423883375952323,4.4997437836474079,-0.0033403435636357036,-0.0033206608840715339
4.7297831686077219,0.10406766165816778,4.5497409367990453,-0.0035072320293020372,-0.0033552577990509543
4.779779999265485,0.10388810241915962,4.5997380899506837,-0.0036758502345572656,-0.0033898544042124728
4.8297767987717801,0.10370006956650309,4.6497352431023211,-0.00384619816344415,-0.0034244506807690435
4.8797735653503498,0.10350347662543,4.6997323962539594,-0.0040182757990531387,-0.0034590466094468111
4.9297702971807862,0.10329823712246279,4.7497295494055969,-0.0041920831234996724,-0.0034936421704805289
4.979766992397602,0.10308426458548277,4.7997267025572352,-0.0043676201178978538,-0.0035282373436082938
5.0297636490901256,0.10286147254379695,4.8497238557088727,-0.0045448867623366683,-0.0035628321080668486
5.0797602653018714,0.10262977452820871,4.899721008860511,-0.0047238830358541581,-0.0035974264425865142
5.1297568390301516,0.10238908407108877,4.9497181620121484,-0.0049046089164122121,-0.0036320203253863183
5.1797533682243824,0.10213931470645506,4.9997153151637868,-0.0050870643808662601,-0.0036666137341681876
5.2297498507887417,0.10188037997003183,5.0497124683154242,-0.0052712494049506845,-0.0037012066461141811
5.2797462845801633,0.10161219339933356,5.0997096214670625,-0.0054571639632470673,-0.0037357990378804836
5.3297426674168324,0.10133466853369202,5.1497067746187,-0.0056448080291915999,-0.0037703908855986792
5.3797389970380349,0.10104771891455937,5.1997039277703383,-0.0058341815748988897,-0.0038049821648433496
5.4297352711646045,0.10075125808525184,5.2497010809219757,-0.006025284571363621,-0.00383957285066932
5.4797314874579373,0.10044519959125647,5.2996982340736141,-0.0062181169882815791,-0.0038741629175786624
5.5297276435295304,0.10012945698026202,5.3496953872252515,-0.0064126787940595323,-0.0039087523395227248
5.5797237369407995,0.099803943802244346,5.3996925403768889,-0.0066089699557886142,-0.0039433410898974007
5.6297197652060555,0.099468574157419609,5.4496896935285273,-0.0068067912261212732,-0.0039296384780434478
5.6797157271120984,0.0991234527332535,5.4996868466801647,-0.006996811199218406,-0.0036715933851080656
5.7297116248315447,0.098769153595116121,5.549683999831803,-0.0071739296757965705,-0.0034135492577301012
5.7797074613641355,0.098406321774762898,5.5996811529834405,-0.0073381467076333558,-0.003155506231295398
5.8297032400400077,0.098035602299084812,5.6496783061350788,-0.0074894623525853495,-0.0028974644139157292
5.879698964504529,0.097657640189839079,5.6996754592867163,-0.0076278766733018097,-0.0026394238884402087
5.9296946386529932,0.097273080463844169,5.7496726124383546,-0.0077533897359068019,-0.0023813847147255455
5.9796902666676672,0.096882568132474992,5.799669765589992,-0.0078660016090642132,-0.0021233469313780059
6.0296858529506805,0.096486748202013792,5.8496669187416304,-0.0079657123628555614,-0.0018653105580328571
6.0796814021069903,0.096086265673688318,5.8996640718932678,-0.0080525220679066485,-0.0016072755973753376
6.1296769189237583,0.095681765543789626,5.9496612250449061,-0.0081264307946001223,-0.0013492420371800894
6.1796724083435146,0.095273892803886845,5.9996583781965436,-0.008187438612377685,-0.0010912098523825078
6.2296678754393104,0.094863292441069308,6.0496555313481819,-0.0082355455891498924,-0.00083317900713978505
6.2796633253897793,0.094450609438224253,6.0996526844998193,-0.0082707517908088037,-0.00057514945689234628
6.3296587634540451,0.094036488774344854,6.1496498376514577,-0.0082930572808436083,-0.0003171211504260114
6.3796541949469692,0.093621575424856524,6.1996469908030951,-0.008302462120059563,-5.9094031932214977e-05
6.4296496252139317,0.09320651436196313,6.2496441439547334,-0.0082989663663997348,0.00019893195692929403
6.4796450596061135,0.092791950554996686,6.2996412971063709,-0.0082825700748699656,0.0004569568749704861
6.5296405034553304,0.09237852897077245,6.3496384502580092,-0.0082532732975668828,0.00071498077941283575
6.579635962049311,0.091966894573935157,6.3996356034096467,-0.0082110760838087736,0.00097300372382747512
6.6296314406064321,0.091557692327297921,6.4496327565612841,-0.0081559784803698875,0.0012310257560725008
6.679626944251063,0.09115156719215721,6.4996299097129224,-0.0080879805318172793,0.0014890469162335701
6.729622477988392,0.090749164128586288,6.5496270628645599,-0.0080070822809511812,0.0017470672345618805
6.779618046679504,0.090351128095695177,6.5996242160161982,-0.0079132837693482137,0.0020050867294133263
6.8296136550166455,0.089958104051849092,6.6496213691678356,-0.0078065850380071708,0.0022631054051888639
6.8796093074977964,0.089570736954847199,6.699618522319474,-0.007686986128099235,0.0025211232502712231
6.9296050084022713,0.089189671762040831,6.7496156754711114,-0.0075544870818191074,0.0027791402349669355
6.9796007617653144,0.088815553430399596,6.7996128286227497,-0.0074090879433413078,0.0030371563094434006
7.0295965713533679,0.088449026916506884,6.8496099817743872,-0.0072507887598780418,0.0032951714016692859
7.0795924406389483,0.088090737176485162,6.8996071349260255,-0.0070795895828411034,0.0035531854153530995
7.1295883727759852,0.087741329165838267,6.949604288077663,-0.0068954904691052709,0.0038111982278842722
7.1795843705744593,0.087401447839212623,6.9996014412293013,-0.0066984914823771278,0.0040692096882706452
7.2295804364758336,0.087071738150059572,7.0495985943809387,-0.006488592694664114,0.0043272196150802942
7.2795765725277031,0.086752845050203115,7.0995957475325771,-0.0062657941878494798,0.0045852277943795065
7.3295727803591992,0.086445413489296075,7.1495929006842145,-0.0060300960553672208,0.0048432339776748956
7.3795690611558289,0.086150088414166812,7.1995900538358528,-0.0057814984039823531,0.0051012378798528145
7.4295654156344959,0.085867514768044134,7.2495872069874903,-0.0055200013556734265,0.0053592391771201493
7.4795618440187068,0.085598337489654439,7.2995843601391286,-0.0052456050496169828,0.0056172375049464394
7.5295583460134194,0.085343201512187536,7.349581513290766,-0.0049583096442768291,0.0058752324560046162
7.5795549207802493,0.085102751762119497,7.3995786664424044,-0.0046581153195943015,0.0061332235781141695
7.6295515669123297,0.084877633157890625,7.4495758195940418,-0.0043450222792833166,0.0063912103721832135
7.6795482824097308,0.084668490608426628,7.4995729727456792,-0.0040190307532249692,0.0066491922901540761
7.7295450646539434,0.084475969011503449,7.5495701258973176,-0.0036801409999706147,0.006907168732945123
7.779541910383549,0.084300713251939455,7.599567279048955,-0.0033283533093403303,0.0071651390483994546
7.8295388156687773,0.084143368199618263,7.6495644322005933,-0.0029636680051312102,0.0074231025292291284
7.8795357758868247,0.084004578707327512,7.6995615853522308,-0.0025860854479233812,0.0076810584109645048
7.9295327856969466,0.083884989608410787,7.7495587385038691,-0.0021956060379898579,0.007939005869903858
7.9795298390154032,0.083785245714226339,7.7995558916555066,-0.0017922302183103562,0.0081969440210636901
8.0295269289906397,0.083705991811403105,7.8495530448071449,-0.001375958477685511,0.0084548719161321433
8.0795240479782517,0.083647872658890121,7.8995501979587823,-0.00094679135395529053,0.0087127885414231467
8.1295211875163442,0.083611532984790571,7.9495473511104207,-0.00050472943731642806,0.0089706928158347042
8.1795183383002374,0.08359761748297552,7.9995445042620581,-4.9773373747491512e-05,0.0092285835888062384
8.2295154901580041,0.083606770809468878,8.0495416574136964,0.00041807613147106459,0.0094864596382826707
8.2795126320253267,0.083639637578598422,8.0995388105653348,0.00089881831012916433,0.0097443196686779424
8.3295097519206909,0.083696862358905208,8.1495359637169713,0.0013924523273602964,0.01000216230884326
8.3795068369206742,0.083779089668805345,8.1995331168686096,0.0018989772778142712,0.010259986110039207
8.42950387313482,0.083886963971996686,8.249530270020248,0.002418392181724174,0.010517789543909282
8.479500845681283,0.084021129672605471,8.2995274231718863,0.0029506959808799915,0.010775571000461419
8.5294977386615116,0.08418223111006333,8.3495245763235229,0.0034958875344911315,0.011033328786048803
8.5794945351358898,0.084370912553711819,8.3995217294751612,0.0040539656149581171,0.011291061121360198
8.6294912170987956,0.084587818197124673,8.4495188826267995,0.0046249289035371812,0.011548766139412079
8.6794877654539171,0.084833592152143006,8.4995160357784378,0.0052087759859077726,0.011806441883547729
8.7294841599893971,0.085108878442615374,8.5495131889300744,0.0058055053476369564,0.012064086305440702
8.7794803793534992,0.085414320997839951,8.5995103420817127,0.0064151153695510233,0.012321697263107532
8.8294764010693125,0.08575055798291159,8.6495074952333511,0.0070358913689263086,0.012233843594795634
8.8794722106313877,0.086117001641249691,8.6995046483849876,0.0076104574823653622,0.010750133898400191
8.9294678161828109,0.086510316827373257,8.7495018015366259,0.0081108458237121803,0.0092665604893329354
8.9794632342849052,0.086926795041909186,8.7994989546882643,0.0085370626931947288,0.0077831023775840787
9.029458486653553,0.087362728109711796,8.8494961078399026,0.0088891132789471975,0.0062997361308805757
9.0794535993333465,0.087814408118597073,8.8994932609915391,0.0091670015446626927,0.0048164362658084997
9.1294486018821868,0.088278127351437266,8.9494904141431775,0.0093707301368294686,0.0033331756381973477
9.1794435264942216,0.088750178212224515,8.9994875672948158,0.0095003003112922139,0.0018499258349899898
9.2294384072763282,0.089226853149402985,9.0494847204464541,0.009555711879845304,0.00036665756130707265
9.2794332793063479,0.089704444574266864,9.0994818735980907,0.009536963175670557,-0.0011166589661598717
9.3294281779082517,0.090179244779799952,9.149479026749729,0.009444051038750418,-0.0026000536322312467
9.379423137769578,0.090647545857690678,9.1994761799013673,0.0092769708205344536,-0.0040835560315679526
9.4294181921373106,0.091105639617049053,9.2494733330530057,0.0090357164081877606,-0.0055671950791410883
9.4794133719902494,0.091549817505135078,9.2994704862046422,0.0087202802683352156,-0.0070509986197079986
9.5294087052138554,0.091976370531629242,9.3494676393562806,0.0083306535103388254,-0.0085349930369568016
9.5794042157749839,0.092381589197703243,9.3994647925079189,0.0078668259691268144,-0.01001920286214612
9.6293999228956935,0.092761763431169958,9.4494619456595572,0.0073287863076073601,-0.011503650382126623
9.679395840226789,0.093113182529004926,9.4994590988111938,0.0067165221386950953,-0.012988355246684468
9.729391975020663,0.093432135108525036,9.5494562519628321,0.0060300201669874999,-0.014473334075136079
9.7793883273033995,0.093714909068516414,9.5994534051144704,0.0052692663501311895,-0.015958600062127157
9.8293848890461462,0.093957791561605539,9.649450558266107,0.0044342460799184774,-0.017444162582614126
9.8793816433360284,0.094157068979171935,9.6994477114177453,0.0035249443831501023,-0.018930026796036923
9.9293785635461465,0.094309026950098934,9.7494448645693836,0.0025413461423122253,-0.020416193249695392
9.9793756125048532,0.094409950354666108,9.799442017721022,0.0014834363361040574,-0.021902657481391943
10.02937274166503,0.094456123354888441,9.8494391708726585,0.00035120029983770466,-0.023389409621447456
10.079369890272167,0.094443829442604932,9.8994363240242969,-0.00085537599423518497,-0.024876433994177698
10.129366984532707,0.094369351506626606,9.9494334771759352,-0.0021363056366756157,-0.026363708719033086
10.179363936781737,0.094228971920250537,9.9994306303275735,-0.003491600460651079,-0.027851205311572442
10.229360644651178,0.094018972650447535,10.04942778347921,-0.0049212707017922026,-0.029338888284547178
10.279356990237746,0.093735635390030866,10.099424936630848,-0.0064253246381010994,-0.030826714749362948
10.329352839271895,0.093375241714108367,10.149422089782487,-0.0080037682099628766,-0.032314634018289122
10.379348040287312,0.092934073262120526,10.199419242934125,-0.0096566046202868801,-0.033802587207790814
10.429342423791612,0.09240841194675975,10.249416396085762,-0.011383833914853508,-0.03529050684344421
10.479335801438825,0.091794540191057108,10.2994135492374,-0.013185452542963284,-0.036778316466948145
10.529327965203827,0.091088741194918207,10.349410702389038,-0.015061452898498924,-0.038265930245793528
10.579318686559194,0.090287299232378382,10.399407855540677,-0.017011822841545812,-0.039753252586220339
10.629307715655498,0.089386499980825387,10.449405008692313,-0.019036545200770874,-0.041240177750173294
10.679294780504996,0.088382630883437827,10.499402161843951,-0.02113559725675266,-0.04272658947699895
10.729279586169833,0.087271981546052438,10.54939931499559,-0.023308950206539222,-0.044212360610731312
10.779261813955509,0.086050844169655694,10.599396468147228,-0.025556568609735805,-0.045697352733867859
10.829241120609872,0.084715514019683677,10.649393621298865,-0.027878409816448759,-0.04718141580859541
10.879217137529196,0.083262289933255684,10.699390774450503,-0.030274423377516183,-0.048664387826535323
10.929189469971648,0.08168747486546514,10.749387927602141,-0.032744550437451482,-0.050146094468110379
10.979157696279634,0.079987376475784952,10.799385080753778,-0.035288723110634364,-0.051626348772743809
11.02912136711128,0.078158307755639492,10.849382233905416,-0.037906863841286463,-0.053104950821138815
11.079080004683227,0.076196587698092885,10.899379387057055,-0.04059888474791945,-0.05458168743101062
11.129033102025069,0.074098542010607699,10.949376540208693,-0.043364686952924281,-0.056056331867663817
11.178980122246671,0.071860503871750747,10.999373693360329,-0.046204159898079258,-0.057528643570901934
11.228920497820376,0.069478814732627139,11.049370846511968,-0.049117180646870214,-0.058998367899844764
11.278853629878554,0.066949825163821086,11.099367999663606,-0.052103613174508713,-0.060465235897248636
11.328778887528763,0.064269895748472403,11.149365152815244,-0.055163307646713455,-0.06192896407503904
11.37869560718716,0.061435398022114895,11.199362305966881,-0.058296099688308914,-0.063389254222773
11.428603091932651,0.058442715459728248,11.249359459118519,-0.061501809642887241,-0.064845793240854141
11.478500610882428,0.055288244510457843,11.299356612270158,-0.064780241824759027,-0.066298253000316512
11.528387398591438,0.051968395680258822,11.349353765421796,-0.068131183764620865,-0.067746290231086026
11.578262654476916,0.048479594662691326,11.399350918573433,-0.07155440545037571,-0.069189546440621461
11.628125542270073,0.044818283517933023,11.449348071725071,-0.075049658564690175,-0.070627647864884832
11.677975189496621,0.040980921899974578,11.499345224876709,-0.078616675720945911,-0.072060205453596426
11.727810686988047,0.036963988331829824,11.549342378028348,-0.082255169699348277,-0.073486814891737862
11.777631088425835,0.03276398152842936,11.599339531179984,-0.085964832685076112,-0.074907056659269333
11.827435409920035,0.028377421766798513,11.649336684331622,-0.089745335510386021,-0.076320496130981796
11.877222629624764,0.023800852302871434,11.699333837483261,-0.093596326902772892,-0.077726683718409795
11.926991684621031,0.019030812441248657,11.749330990634897,-0.097524814116236078,-0.080398570970137362
11.976741055498101,0.014059720073781255,11.799328143786536,-0.10171699556952443,-0.08730377625890974
12.026468246936851,0.0088715157481738995,11.849325296938174,-0.10625530787308247,-0.094245761642871753
12.076170431716552,0.0034490460923308612,11.899322450089812,-0.11114176141876499,-0.10123131140835023
12.125844526869416,-0.0022249190703677239,11.949319603241449,-0.11637869419528701,-0.10826674105315968
12.175487171800565,-0.0081676976815023613,11.999316756393087,-0.121968747575492,-0.11535786531244152
12.225094705821437,-0.014396704579932576,12.049313909544725,-0.12791484035592926,-0.1225099601245398
12.274663145025393,-0.020929458648002892,12.099311062696364,-0.13422014073164862,-0.12972771825054738
12.324188158651314,-0.027783587821237982,12.149308215848,-0.14088803590038554,-0.13701519832545975
12.373665044750194,-0.034976831748783854,12.199305368999639,-0.14792209893696232,-0.14437576711990274
12.423088705380499,-0.042527041923518527,12.249302522151277,-0.15532605261832233,-0.1518120349188927
12.472453621297214,-0.050452179047067183,12.299299675302915,-0.16310372984105465,-0.15932578397762776
12.521753826259777,-0.058770307395699405,12.349296828454552,-0.17125903029132453,-0.16691789015581382
12.570982881076157,-0.067499585933416276,12.39929398160619,-0.17979587303092184,-0.17458823798032941
12.620133847541226,-0.076658255907174511,12.449291134757829,-0.18871814468125234,-0.18233562957649263
12.669199262461893,-0.086264624649491042,12.499288287909467,-0.19802964291418049,-0.19015768813627168
12.718171112003818,-0.096337045308916541,12.549285441061103,-0.20773401499897301,-0.19805075686264481
12.767040806641255,-0.10689389222961461,12.599282594212742,-0.21783469120979831,-0.20600979464406186
12.815799157010387,-0.11795353170166574,12.64927974736438,-0.22833481296375632,-0.2140282700665429
12.864436351114691,-0.1295342878399573,12.699276900516018,-0.23923715567066145,-0.22209805578693234
12.912941933184896,-0.14165440332941134,12.749274053667655,-0.25054404634548938,-0.23020932569477387
12.961304784798797,-0.15433199486432506,12.799271206819293,-0.26225727622142164,-0.23835045779517866
13.009513108687596,-0.1675850031035635,12.849268359970932,-0.27437800870929352,-0.24650794618517033
13.057554415900817,-0.18143113707088693,12.899265513122568,-0.28690668327536811,-0.25466632600209238
13.105415516862623,-0.19588781295747543,12.949262666274207,-0.29984291597052409,-0.26280811563665046
13.153082517014287,-0.21097208740436618,12.999259819425845,-0.31318539759821756,-0.27091378090985457
13.200540817753277,-0.22670058544824317,13.049256972577483,-0.32693179075044609,-0.27896172620230542
13.247775123326738,-0.24308942341504414,13.09925412572912,-0.34107862717657661,-0.28692831766817084
13.294769454394403,-0.26015412719925524,13.149251278880758,-0.3556212072227769,-0.29478794365168876
13.341507168925828,-0.27790954650769184,13.199248432032396,-0.37055350332304898,-0.30251311716960361
13.387970991085087,-0.29636976581863561,13.249245585184035,-0.38586806976515409,-0.31007462481070919
13.434143048572277,-0.31554801292935547,13.299242738335671,-0.40155596111668013,-0.31744172556329159
13.480005346021654,-0.335455598532163,13.34923989148731,-0.41747927831700982,-0.314357419167693
13.525549596356001,-0.35608051827208043,13.399237044638948,-0.43285838545337646,-0.30082638723096133
13.570778543131922,-0.3773880915134582,13.449234197790586,-0.44755908757519219,-0.2872281314793621
13.615696885864601,-0.39934297392524837,13.499231350942223,-0.46157923725278022,-0.27361009943951403
13.660310730952144,-0.42191027506352646,13.549228504093861,-0.47491889575481955,-0.26001322373986174
13.704627468570184,-0.44505565681081999,13.599225657245499,-0.48758001236823462,-0.24647214229023998
13.74865565242083,-0.46874541033205513,13.649222810397138,-0.49956611721114136,-0.23301551274228355
13.79240488399703,-0.49294651329786993,13.699219963548774,-0.51088203153279033,-0.21966639328810245
13.835885702643239,-0.51762666925842638,13.749217116700413,-0.52153359819767109,-0.2064426655223805
13.879109482309348,-0.54275433107646198,13.799214269852051,-0.53152743393112778,-0.19335747902776929
13.922088335573738,-0.56829871029559398,13.849211423003689,-0.54087070398534542,-0.18041970123323031
13.964835025239678,-0.59422977423881007,13.899208576155326,-0.54957091915504686,-0.1676343597410444
14.007362883580509,-0.620518232514225,13.949205729306964,-0.55763575451511926,-0.15500306759628538
14.049685739130107,-0.64713551446885276,13.999202882458603,-0.56507288884972362,-0.14252442481566707
14.091817850768749,-0.67405373897923493,14.049200035610239,-0.5718898634693117,-0.13019439188725709
14.133773848749646,-0.70124567781621139,14.099197188761877,-0.57809395894890869,-0.11800663290994776
14.175568682228935,-0.72868471366803345,14.149194341913516,-0.58369208824451524,-0.10595282760187891
14.217217572808906,-0.75634479376268637,14.199191495065154,-0.58869070463788198,-0.094022952614779012
14.25873597356598,-0.78420037989396629,14.249188648216791,-0.59309572300535307,-0.082205533501760436
14.300139533014994,-0.81222639553331288,14.299185801368429,-0.59691245299159212,-0.070487869349885712
14.341444063450188,-0.84039817059770605,14.349182954520067,-0.60014554278183585,-0.058856232557158911
14.382665513101236,-0.86869138434650672,14.399180107671706,-0.60279893229882053,-0.047296046549771036
14.42381994154559,-0.89708200679555838,14.449177260823342,-0.60487581479578834,-0.035792044438956137
14.464923497823742,-0.92554623896488675,14.499174413974981,-0.6063786059702706,-0.024328411740545657
14.505992400711081,-0.95406045221782065,14.549171567126619,-0.60730891988147173,-0.012888916350801515
14.547042920608625,-0.98260112690379531,14.599168720278257,-0.6076675511148093,-0.0014570290110928852
14.588091362510273,-1.0111447904759285,14.649165873429894,-0.60745446279936499,0.0099839624785604836
14.629154049527656,-1.039667955245323,14.699163026581532,-0.60666878024773518,0.021450842019979082
14.670247306426496,-1.0681470559036053,14.74916017973317,-0.60530879015208372,0.032960353638066521
14.711387442651619,-1.0965583869630244,14.799157332884809,-0.60337194543670536,0.044529086217700117
14.752590734268232,-1.1248780402446714,14.849154486036445,-0.60085487603753784,0.056173351148750619
14.793873404344644,-1.1530818426420031,14.899151639188084,-0.59775340604502769,0.067909049443498098
14.835251522459796,-1.1811454106091033,14.949148792339722,-0.59408463565716429,0.077440428884306287
14.87673765684068,-1.2090490414476482,14.999145945491358,-0.59006653339709791,0.083300113378291477
14.918339644082659,-1.2367796401979803,15.049143098642997,-0.58575436676752801,0.089203699794028563
14.96006489416542,-1.2643244111084553,15.099140251794635,-0.58114593963521322,0.095151177601354567
15.001920710012319,-1.2916703612141933,15.149137404946273,-0.57623906524125745,0.10114217637245279
15.043914273202127,-1.3188042943001412,15.19913455809791,-0.57103158510150587,0.10717592927485041
15.08605262871963,-1.3457128058283432,15.249131711249548,-0.56552138976718813,0.11325123519478851
15.12834266871438,-1.3723822789567681,15.299128864401187,-0.55970644150960203,0.11936641968173499
15.170791115232847,-1.3987988817782526,15.349126017552825,-0.55358479898320512,0.12551929496725442
15.213404501953057,-1.4249485659503487,15.399123170704462,-0.54715464389915525,0.13170711939131621
15.256189154833622,-1.4508170668145843,15.4491203238561,-0.54041430974133187,0.13792655663021317
15.299151171774154,-1.4763899052184721,15.499117477007738,-0.53336231251005017,0.1441736352321267
15.342296401258931,-1.5016523911717756,15.549114630159377,-0.52599738347139202,0.15044370903941728
15.385630420040444,-1.5265896295155867,15.599111783311013,-0.5183185038487822,0.15673141918493336
15.429158509921008,-1.5511865277744363,15.649108936462651,-0.5103249413590345,0.16303065844870501
15.472885633711767,-1.5754278063620808,15.69910608961429,-0.50201628845320168,0.16933453886367555
15.516816410472257,-1.5992980113096105,15.749103242765928,-0.49339250207545615,0.17563536355898235
15.560955090158487,-1.6227815296787955,15.799100395917565,-0.48445394470135417,0.18192460392260626
15.60530552783227,-1.6458626078130203,15.849097549069203,-0.47520142636095053,0.18819288324706343
15.64987115761406,-1.6685253725654428,15.899094702220841,-0.46563624729188757,0.19442996808768367
15.694654966587491,-1.6907538556240163,15.94909185537248,-0.45576024080542077,0.20062476860560594
15.739659468894875,-1.7125320210304797,15.999089008524116,-0.44557581588376605,0.20676534918180184
15.784886680289148,-1.733843795960079,16.049086161675753,-0.43508599896365574,0.21283895056611676
15.830338093436458,-1.7546731047945816,16.099083314827393,-0.42429447429891232,0.2188320247608877
15.87601465428782,-1.7750039064799046,16.149080467979029,-0.41320562223772905,0.22473028372509371
15.921916739861679,-1.7948202351138556,16.19907762113067,-0.40182455469973766,0.23051876281748948
15.968044137796046,-1.8141062436570345,16.249074774282306,-0.39015714709778221,0.2361818996712729
16.014396028043848,-1.8328462506042502,16.299071927433943,-0.37821006592113043,0.24170362890747449
16.060970967085268,-1.8510247893904781,16.349069080585583,-0.36599079118665978,0.24706749274875262
16.107766875071839,-1.8686266602578954,16.399066233737219,-0.35350763296026316,0.25225676720010487
16.154781026163931,-1.8856369841901226,16.449063386888856,-0.34076974121686909,0.25725460299914521
16.202010042605465,-1.9020412585693918,16.499060540040496,-0.32778710827917401,0.26204418008856128
16.249449851446638,-1.9178255398580637,16.549057693192132,-0.31458487021196879,0.26559042640489372
16.297095051057426,-1.93297853164653,16.599054846343773,-0.30123614463942483,0.26842736309475962
16.344939322119973,-1.947490702654765,16.649051999495409,-0.28773984797339375,0.27149317717255794
16.39297617052965,-1.9613520762064747,16.699049152647046,-0.27408459959593567,0.27478539655097867
16.441198916870512,-1.9745521611623056,16.749046305798686,-0.26025913846239696,0.27830169439422969
16.489600660455981,-1.9870799572129487,16.799043458950322,-0.24625231821388036,0.28203979375932026
16.53817424272092,-1.9989239612453045,16.849040612101959,-0.2320531071211952,0.28599736950841448
16.586912209878232,-2.0100721750785326,16.899037765253599,-0.21765059302158901,0.29017194652709971
16.635806774780505,-2.0205121148885761,16.949034918405236,-0.20303399345479092,0.29456079339174907
16.684849777956675,-2.0302308226622876,16.999032071556876,-0.18819267124472971,0.29916081075135975
16.734032647825856,-2.0392148800455074,17.049029224708512,-0.17311615580667516,0.30396841383219486
16.783346360127823,-2.0474504249729701,17.099026377860149,-0.15779417048477731,0.30897940864452683
16.832781396639895,-2.0549231714890643,17.149023531011789,-0.14221666624454396,0.31418886167582971
16.882327703378671,-2.0616184332014589,17.199020684163425,-0.12637386202349529,0.31959096311249729
16.931974648252837,-2.0675211507873263,17.249017837315062,-0.11025629212451728,0.32517888390064414
16.981710978770352,-2.0726159240686362,17.299014990466702,-0.093854860827366979,0.33094462737428498
17.031524779687548,-2.076887049073167,17.349012143618339,-0.0771609045978109,0.33687887651265269
17.081403431328507,-2.0803185606006522,17.399009296769975,-0.060166261959770137,0.34297083845647514
17.131333568763065,-2.0828942807307165,17.449006449921615,-0.042863351202911085,0.34920808839439699
17.181301042553109,-2.0845978737357527,17.499003603073252,-0.025245255831699929,0.35557641559555825
17.231290881564018,-2.0854129078002903,17.549000756224892,-0.007305817607529329,0.3620596749993405
17.281287258677931,-2.0853229239110447,17.598997909376529,0.010960263239869789,0.36863964851600839
17.331273460038688,-2.0843115122004123,17.648995062528165,0.029557321176308014,0.37529592088543073
17.38123185886279,-2.0823623959418018,17.698992215679805,0.048488612821092937,0.38200577570095801
17.431143894700654,-2.0794595232705952,17.748989368831442,0.067756199832686714,0.38874411784214835
17.480990059201339,-2.0755871665641115,17.798986521983078,0.08736082871812037,0.39548342913431067
17.530749889465966,-2.07073002924295,17.848983675134718,0.10730180940601493,0.40219376444590305
17.580401970107012,-2.0648733595596216,17.898980828286355,0.12757689478863996,0.40884279559562225
17.629923945138479,-2.0580030707186374,17.948977981437995,0.14818216380593074,0.41539591029297224
17.679292540789653,-2.0501058664293339,17.998975134589632,0.16911191099285547,0.42181637280362166
17.728483600267474,-2.0411693707330989,18.048972287741268,0.19035854572410615,0.42806555204753188
17.777472131378321,-2.031182260677733,18.098969440892908,0.21191250464074479,0.43410322134994567
17.826232853790792,-2.0201364815810847,18.148966594044545,0.23359922246874487,0.43163090365059598
17.874743889282222,-2.0080410782084259,18.198963747196181,0.2550643451127288,0.42706067765342381
17.922985634244153,-1.9949126597363782,18.248960900347821,0.27630674161900015,0.42272338354428124
17.97093916052663,-1.9807676074991261,18.298958053499458,0.29733834880521265,0.41863038317077422
18.018586144962892,-1.9656219880542516,18.348955206651095,0.31817163189087155,0.41479148157449414
18.065908807959939,-1.9494915173999814,18.398952359802735,0.33881951099310126,0.41121509791566663
18.112889851975009,-1.932391532190497,18.448949512954371,0.35929529591270165,0.4079084278098718
18.159512400445731,-1.914336967352928,18.498946666106011,0.37961262881824503,0.40487759550680091
18.205759937391107,-1.8953423396156848,18.548943819257648,0.399785434251483,0.40212779484252426
18.251616247950793,-1.8754217364539008,18.598940972409284,0.41982787588569792,0.39966341827337865
18.297065360044307,-1.8545888100030956,18.648938125560925,0.43975431943006693,0.39748817360472083
18.342091487259754,-1.8328567755449496,18.698935278712561,0.45957930104948225,0.39560518825669089
18.386678973151295,-1.810238414160241,18.748932431864198,0.47931750071377521,0.39401710106711574
18.430812236840246,-1.7867460793092573,18.798929585015838,0.49898371978204925,0.39272614174931719
18.474475720157507,-1.7623917069693165,18.848926738167474,0.51859286229601476,0.39173419816634014
18.517653836209181,-1.7371868291653572,18.898923891319114,0.53815991931599327,0.39104287161784257
18.560330919435202,-1.7111425906783106,18.948921044470751,0.55769995572925002,0.39065352031543393
18.60249117716241,-1.6842697687881749,18.998918197622388,0.57722809893962146,0.39056729118754441
18.644118642658054,-1.656578795948856,19.048915350774028,0.59675952885352834,0.39078514009693444
18.68519712975678,-1.6280797852895277,19.098912503925664,0.61630946860734737,0.39130784048218542
18.725710188966435,-1.5987825589940956,19.148909657077301,0.63589317539415069,0.39213598035094416
18.76564106530229,-1.5686966794239126,19.198906810228941,0.65552593089502531,0.39326994746725025
18.804972657754639,-1.5378314831265656,19.248903963380577,0.67522303063616507,0.3947099024836721
18.84368748059735,-1.5061961177151326,19.298901116532214,0.69499977170709148,0.3964557396858378
18.881767626650863,-1.4737995817119058,19.348898269683854,0.71487143819591858,0.39850703493909551
18.919194732689398,-1.4406507674438764,19.398895422835491,0.7348532836927506,0.40086298036481766
18.955949947220834,-1.4067585070956603,19.448892575987131,0.75496051018434207,0.40352230523169497
18.992013900920064,-1.37213162203186,19.498889729138767,0.77520824263820132,0.40648318253348165
19.027366680050068,-1.3367789755048063,19.548886882290404,0.79561149854718305,0.40974312074720387
19.061987803269318,-1.3007095288538888,19.598884035442044,0.81618515168459582,0.41329884033561509
19.095856202263025,-1.263932401316805,19.64888118859368,0.83694388928535313,0.41714613468231332
19.128950206788645,-1.2264569334601423,19.698878341745317,0.85790216190901236,0.42127971535525155
19.161251169630638,-1.1882957967829122,19.748875494896957,0.87877595201951963,0.41314006179773566
19.192757128410424,-1.1494756612265649,19.798872648048594,0.89920747873275741,0.40411486261893842
19.223472435823744,-1.110026933562372,19.848869801200234,0.91918035806823706,0.39480279976320659
19.253403192752106,-1.0699796378813049,19.89886695435187,0.9386816753926881,0.38526048897223414
19.282557109402429,-1.0293632728128805,19.948864107503507,0.95770126752571605,0.3755412908817205
19.310943362911555,-0.98820668881045881,19.998861260655147,0.97623154801058987,0.36569485569824917
19.33857245405023,-0.94653798490892105,20.048858413806784,0.99426731313671246,0.35576680665608151
19.365456065584684,-0.90438442420514475,20.09885556695842,1.0118055353418238,0.34579854933127263
19.39160692445866,-0.86177236698126025,20.14885272011006,1.028845149908268,0.33582719134321504
19.417038669558096,-0.81872722015671662,20.198849873261697,1.0453868400561499,0.32588555568590166
19.441765726438401,-0.77527340160082925,20.248847026413337,1.0614328246887577,0.31600227068914771
19.465803190039026,-0.73143431775532342,20.298844179564973,1.0769866522072598,0.30620192018272768
19.48916671609085,-0.68723235299581809,20.34884133271661,1.092053003017083,0.29650523859645028
19.5118724216434,-0.64268886918780521,20.39883848586825,1.1066375026225943,0.28692933726915754
19.533936794903127,-0.59782421395751439,20.448835639019887,1.1207465465633282,0.27748794998369042
19.555376657554262,-0.55265775645797466,20.498832792171523,1.1343714945672303,0.26476727389338378
19.576220667721138,-0.50721317686221623,20.548829945323163,1.1469085574441749,0.23672601256095038
19.59652540523135,-0.46152502597325307,20.5988270984748,1.1580417203881905,0.2086223463217764
19.616352517180321,-0.41562751803641462,20.648824251626436,1.1677698225551516,0.18053111286145065
19.635764561690426,-0.36955286766041856,20.698821404778077,1.1760949350953309,0.15250718405824801
19.654824726158864,-0.32333149323987032,20.748818557929713,1.1830214282266762,0.12458811232970986
19.673596596191313,-0.27699224601481248,20.798815711081353,1.1885551745671867,0.09679691363217495
19.692143968595442,-0.23056265728035449,20.84881286423299,1.19270289271098,0.069144880035716602
19.710530701047325,-0.18406919763279703,20.898810017384626,1.1954716306518218,0.041634352594079681
19.728820590634001,-0.13753754336128357,20.948807170536266,1.1968683859893405,0.014261415830467248
19.747077273358208,-0.090992846000214095,20.998804323687903,1.196899858528224,-0.012981501907790067
19.765364136672439,-0.044460001902890747,21.04880147683954,1.1955723305078922,-0.040103122303214188
19.783744237296716,0.0020360809529946025,21.09879862999118,1.1928916699478502,-0.067110896515615096
19.80228021676081,0.048470221431745904,21.148795783142816,1.1888634531093727,-0.094008659035129546
19.821034207394188,0.094816711531812273,21.198792936294456,1.1834932025785112,-0.12079434792384885
19.840067721827197,0.1410490733151753,21.248790089446093,1.1767867376869268,-0.14745779182748564
19.859441446203746,0.18713986086943429,21.298787242597729,1.1687736749525623,-0.1695347000874462
19.879201059522348,0.23306651530129707,21.348784395749369,1.1601706039852342,-0.17462746976221799
19.899360913852309,0.27881888400417482,21.398781548901006,1.1513099063101981,-0.17984119383334299
19.919931352139017,0.32438811758316943,21.448778702052643,1.142185411093219,-0.18518076319342561
19.940922826291388,0.36976492830239438,21.498775855204283,1.1327907104123582,-0.19065076506951711
19.962345892466651,0.4149395680299745,21.548773008355919,1.1231191753913985,-0.19625544374509649
19.984211204327384,0.45990180569945033,21.598770161507556,1.1131639744879325,-0.20199865357750499
20.006529504095774,0.50464090437632447,21.648767314659196,1.1029180943314849,-0.20788380390120181
20.029311611226802,0.54914559806841334,21.698764467810832,1.0923743635215313,-0.21391379540447097
20.052568408443356,0.59340406832143022,21.748761620962473,1.0815254798451723,-0.22009094756535183
20.076310824990799,0.63740392092755638,21.798758774114109,1.0703640413341535,-0.22641691680719503
20.100549816811075,0.68113216281961164,21.848755927265746,1.0588825816641152,-0.23289260506747911
20.12529634342653,0.7245751794615809,21.898753080417386,1.0470736103650207,-0.23951805860836381
20.150561341275946,0.76771871300645989,21.948750233569022,1.0349296583361709,-0.24629235703858732
20.176355693253001,0.81054784155830772,21.998747386720659,1.022443329151425,-0.2532134927215744
20.202690194200226,0.85304695992529367,22.048744539872299,1.00960735662542,-0.26027824100525099
20.229575512120721,0.89519976230307585,22.098741693023936,0.99641466908250342,-0.26748202203458754
20.257022144889834,0.93698922738774071,22.148738846175576,0.98285846072161231,-0.2748187553055722
20.285040372274622,0.9783976064737655,22.198735999327212,0.96893227040180274,-0.28228070859228332
20.313640203109902,1.0194064151549376,22.248733152478849,0.95463006807725903,-0.28985834343115124
20.342831317529722,1.0599964293029729,22.298730305630489,0.93994634898664342,-0.29754015997531774
20.372623004220316,1.1001476860556496,22.348727458782125,0.92487623554330423,-0.3053125447321976
20.403024092741827,1.1398394905951401,22.398724611933762,0.90941558667877298,-0.31315962545496262
20.434042881065039,1.1790504295379951,22.448721765085402,0.89356111415868167,-0.32106313825317412
20.465687058584248,1.2177583917844048,22.498718918237039,0.8773105051176846,-0.32900231278779801
20.497963625017697,1.2559405977036224,22.548716071388675,0.86066254973943312,-0.33695378218412364
20.530878805704091,1.2935736374560241,22.598713224540315,0.84361727268685538,-0.3448915249575859
20.564437964076966,1.3306335193425527,22.648710377691952,0.82617606645456021,-0.35278684679434941
20.598645512154985,1.3670957288529235,22.698707530843592,0.8083418244795898,-0.36060841028803925
20.633504820165019,1.4029352990886204,22.748704683995228,0.79011907139371751,-0.3683223207344985
20.669018126573185,1.4381268930492854,22.798701837146865,0.77151408742196481,-0.37589227565782563
20.705186449969862,1.4726448980688314,22.848698990298505,0.75253502357748003,-0.38327978483906017
20.742009233021786,1.5064638327642235,22.898696143450142,0.7332526041823022,-0.38439749562283115
20.779474233984754,1.5395699302625976,22.948693296601778,0.71423565754150531,-0.37630322510340386
20.817555439185298,1.5719653773616602,22.998690449753418,0.69562614049192517,-0.36810587769219372
20.856226391102375,1.603654552430537,23.048687602905055,0.67742825682701036,-0.35984295595938748
20.895461198139834,1.6346429270111202,23.098684756056695,0.65964440986675332,-0.35154896149379272
20.935234606617176,1.6649369603849029,23.148681909208332,0.64227535472791319,-0.34325531750053001
20.975522059758145,1.6945439960290072,23.198679062359968,0.62532035278171949,-0.33499035696929824
21.0162997445501,1.7234721611620325,23.248676215511608,0.60877732527687378,-0.3267793660695697
21.057544627427912,1.7517302703282081,23.298673368663245,0.59264300363037514,-0.31864467258188467
21.099234479826876,1.7793277337709159,23.348670521814881,0.57691307437334949,-0.31060576969092468
21.141347894667007,1.8062744711393435,23.398667674966521,0.56158231720742258,-0.3026794662539945
21.183864294803783,1.8325808308794738,23.448664828118158,0.54664473505594657,-0.29488005561416164
21.226763934471009,1.8582575155201035,23.498661981269795,0.532093675356895,-0.28721949605702701
21.270027894683857,1.8833155129265011,23.548659134421435,0.51792194216646981,-0.27970759706244996
21.313638073511903,1.9077660334869022,23.598656287573071,0.50412189890827397,-0.27235220651973974
21.357577172059344,1.9316204531076893,23.648653440724711,0.49068556182113726,-0.26515939502529123
21.401828676918456,1.9548902618261046,23.698650593876348,0.47760468432987446,-0.25813363424144264
21.446376839783277,1.9775870177960753,23.748647747027984,0.46487083269583096,-0.25127796705450967
21.491206654837896,1.9997223063674141,23.798644900179625,0.45247545339963186,-0.24459416792268121
21.536303834458934,2.021307703953652,23.848642053331261,0.4404099327753993,-0.23808289235428801
21.581654783704433,2.0423547463709628,23.898639206482898,0.42866564945666341,-0.23174381490864948
21.627246574000054,2.0628749013274312,23.948636359634538,0.4172340202143297,-0.22557575547393047
21.673066916345558,2.0828795447312207,23.998633512786174,0.40610653977916605,-0.21957679386365722
21.719104134409715,2.1023799405380266,24.048630665937814,0.39527481520921309,-0.21374437297451743
21.765347137632098,2.1213872237809848,24.098627819089451,0.38473059539542354,-0.20807539093006078
21.811785394695423,2.1399123865673251,24.148624972241088,0.37446579620548298,-0.20256628270281704
21.85840890734778,2.1579662666955137,24.198622125392728,0.36447252182041456,-0.19721309181638805
21.905208184950585,2.1755595387418412,24.248619278544364,0.35474308269077004,-0.19201153270795701
21.952174219520064,2.1927027072545475,24.298616431696001,0.34527001063611257,-0.18695704440491881
21.999298461734838,2.2094061019976161,24.348613584847641,0.33604607142372223,-0.1820448360685179
22.046572834733897,2.2256797659150989,24.398610737999277,0.32705030167634858,-0.17839651049836625
22.093990516983329,2.2415310242738098,24.448607891150917,0.31819317073253744,-0.1758996474003677
22.141545768280416,2.2569646731590947,24.498605044302554,0.30946223388574362,-0.17334905402043074
22.189232995930436,2.2719855994945277,24.548602197454191,0.30086008866466957,-0.17074827567630596
22.237046718514396,2.2865988916738158,24.598599350605831,0.29238915667997395,-0.16810080199375474
22.284981571194251,2.3008098290662202,24.648596503757467,0.28405168672651848,-0.16541005437857081
22.33303231041485,2.3146238715370253,24.698593656909104,0.27584975848593213,-0.16267937459459431
22.381193818070969,2.3280466490487637,24.748590810060744,0.26778528676418195,-0.15991201445731257
22.429461105005977,2.3410839513471737,24.79858796321238,0.25986002623327981,-0.1571111266509673
22.477829314065744,2.3537417178334619,24.848585116364017,0.25207557658637736,-0.15427975664484858
22.526293722557657,2.3660260276131937,24.898582269515657,0.24443338808037246,-0.15142083569504555
22.57484974421682,2.3779430897800622,24.948579422667294,0.23693476739899544,-0.14853717489431911
22.623492930682595,2.3894992339603407,24.998576575818934,0.22958088378825328,-0.14563146023041207
22.672218972511555,2.4007009011462741,25.04857372897057,0.22237277541470235,-0.14270624860522529
22.721023699751292,2.4115546348425072,25.098570882122207,0.21531135589989323,-0.13976396476203723
22.769903082101877,2.4220670725465339,25.148568035273847,0.20839742098685898,-0.13680689906372309
22.818853228686329,2.4322449375796023,25.198565188425484,0.20163165529826149,-0.13383720606230659
22.867870387480266,2.4420950312873404,25.24856234157712,0.19501463914487432,-0.13085690379652196
22.916950944380005,2.4516242256115084,25.29855949472876,0.18854685535608381,-0.12786787375744554
22.966091421948082,2.4608394560451834,25.348556647880397,0.18222869609834388,-0.12487186145853983
23.015288477957935,2.4697477149950733,25.398553801032037,0.17606046964073294,-0.12187047754205678
23.064538903583792,2.4783560455201998,25.448550954183673,0.17004240706544155,-0.11886519937185736
23.113839621405578,2.4866715354768409,25.49854810733531,0.16417466888133606,-0.11585737304481661
23.16318768319174,2.4947013120573724,25.54854526048695,0.1584573515289352,-0.11284821576789998
23.212580267492008,2.5024525367227319,25.598542413638587,0.1528904937585136,-0.10983881854640773
23.262014677060556,2.5099324005245469,25.648539566790223,0.14747408286711991,-0.10683014913253557
23.311488336130019,2.5171481198118046,25.698536719941863,0.1422080607825997,-0.10382305518651072
23.36099878755309,2.5241069323153549,25.7485338730935,0.1370923299852993,-0.10081826760603281
23.410543689831169,2.5308160936031214,25.798531026245136,0.13212675925982906,-0.097816403982906322
23.460120814043691,2.5372828738973241,25.848528179396776,0.12731118927174004,-0.094817972149447982
23.509728040695038,2.5435145552449869,25.898525332548413,0.12264543796527264,-0.091823373780359471
23.559363356491165,2.5495184290319326,25.948522485700053,0.11812930578032782,-0.088832908019286047
23.609024802285845,2.5553022183494232,25.99851963885169,0.11380768201717525,-0.082672619636999234
23.65870971628155,2.5608808780980614,26.048516792003326,0.10988872894959278,-0.074091890052147835
23.708414961122173,2.566275451416633,26.098513945154966,0.10639913149454974,-0.065498140686952186
23.758137610775147,2.5715072277832789,26.148511098306603,0.10333943729133988,-0.056895402612525146
23.80787494654507,2.5765975433790937,26.198508251458239,0.10071000709964162,-0.048287132190489926
23.857624430749965,2.5815677683896183,26.24850540460988,0.098511041742529323,-0.039676283040011778
23.907383680046411,2.5864392959285918,26.298502557761516,0.096742605406844678,-0.031065379688058396
23.957150438498047,2.5912335323501874,26.348499710913156,0.095404645230523125,-0.022456592368412343
24.006922550467809,2.5959718887105754,26.398496864064793,0.094497007130749419,-0.013851812532238607
24.056697933402781,2.6006757731360706,26.448494017216429,0.094019447846576468,-0.0052527287146925247
24.106474550582409,2.605366583854055,26.498491170368069,0.093971643185727385,0.0033390975348376603
24.156250383823345,2.6100657026353073,26.548488323519706,0.094353192478429951,0.011922155891145012
24.206023406342368,2.6147944884165626,26.598485476671343,0.095163619252627438,0.020494911898740854
24.25579155562319,2.6195742708399097,26.648482629822983,0.096402368155252063,0.02905573218897169
24.305552706486448,2.6244263434808506,26.698479782974619,0.098068798153658016,0.037602810498258442
24.355304644352586,2.6293719565197295,26.748476936126256,0.10016217206247488,0.04613409470147687
24.405045038771263,2.6344323086225052,26.798474089277896,0.10268164245331812,0.05464721512544319
24.454771417271907,2.6396285377993296,26.848471242429532,0.10562623401865523,0.063139414455863116
24.504481139614214,2.6449817110170275,26.898468395581173,0.10899482247890745,0.071607479620945921
24.554171372522237,2.6505128123487696,26.948465548732809,0.11278611014279064,0.080047676114234037
24.603839065000461,2.6562427294540276,26.998462701884446,0.11699859825632304,0.088455685311163976
24.65348092434381,2.6621922381935867,27.048459855036086,0.12163055630606863,0.096826545434536324
24.703093392971965,2.6683819851989528,27.098457008187722,0.12667998847775949,0.10515459693144054
24.752672626232325,2.6748324682324305,27.148454161339359,0.13214459751207569,0.11343343313353972
24.80221447133647,2.6815640141949419,27.198451314490999,0.13802174624588986,0.12165585718140372
24.851714447611261,2.6885967546626661,27.248448467642636,0.14430841717881943,0.12981384629537862
24.901167728263079,2.6959505988617054,27.298445620794276,0.15100117046127956,0.13789852456522031
24.950569123873521,2.7036452040228305,27.348442773945912,0.15809610076122926,0.14590014550253913
24.999913067836687,2.7116999430915527,27.398439927097549,0.16558879352682002,0.15380808564180454
25.049193604052196,2.7201338698248114,27.448437080249189,0.17347428124081093,0.16161085050255167
25.098404376978909,2.7289656813159233,27.498434233400825,0.18174700029421684,0.16929609416147393
25.147538624487879,2.7382136780927677,27.548431386552462,0.19040074921823377,0.17685065365824088
25.196589208784889,2.7478955465196684,27.598428539704102,0.19941386412561074,0.18346079718424552
25.245548906355651,2.7580269430026023,27.648425692855739,0.20874635365024802,0.18989281553596024
25.294410188755368,2.7686227426908419,27.698422846007379,0.21840544230364048,0.19652750809205471
25.343164978416009,2.7796981656643798,27.748419999159015,0.22840156183089347,0.20337678578393234
25.391804606535906,2.7912688013733162,27.798417152310652,0.23874573402646942,0.21045233372403932
25.440319770709547,2.8033506183914239,27.848414305462292,0.24944955818703024,0.21776555761720937
25.488700489908293,2.8159599712843959,27.898411458613928,0.26052519537002922,0.22532750910071372
25.536936056737861,2.8291136041732772,27.948408611765565,0.27198534834461674,0.23314878792858459
25.58501498702234,2.8428286505223466,27.998405764917205,0.28384323602805811,0.24123941860889211
25.632924966744035,2.8571226285872786,28.048402918068842,0.29611256105873413,0.2496086988128278
25.680652796464617,2.8720134318875359,28.098400071220478,0.30880746902471179,0.25826501665811874
25.728184333418593,2.8875193139806439,28.148397224372118,0.32194249771562605,0.26721563382920627
25.775504431567111,2.9036588667315844,28.198394377523755,0.3355325146134594,0.27646643147532712
25.822596880011194,2.9204509911847856,28.248391530675395,0.34959264068695933,0.28602161596483722
25.869444340300298,2.937914860064526,28.298388683827032,0.36413815841639141,0.29588338192451041
25.916028283332555,2.9560698708547823,28.348385836978668,0.37918440186126057,0.3060515306193381
25.96232892672834,2.9749355883463213,28.398382990130308,0.39474662650887188,0.31652304270545656
26.00832517377405,2.9945316754950864,28.448380143281945,0.41083985662689215,0.3272916057996334
26.053994555273803,3.0148778114178389,28.498377296433581,0.42747870791070319,0.33834709923949668
26.099313175917075,3.0359935953705359,28.548374449585221,0.44467718339644752,0.34967504094616625
26.144255667059458,3.057898435620185,28.598371602736858,0.46244844093286536,0.36125600451708451
26.188795148124498,3.080611422248285,28.648368755888498,0.48080453100769299,0.37306501862123209
26.232903199148154,3.1041511831235087,28.698365909040135,0.49975610444112878,0.38507096544187336
26.276549847297556,3.1285357225704562,28.748363062191771,0.51931209042763549,0.39723600024868533
26.319703570477127,3.1537822426506406,28.798360215343411,0.53947934665517017,0.40951502001649387
26.362331321368401,3.1799069474747945,28.848357368495048,0.56026228477788376,0.42185521505372181
26.404398575402599,3.2069248315889385,28.898354521646684,0.58166247636418078,0.43419574341810258
26.445869406202597,3.2348494542201101,28.948351674798324,0.6036782465595304,0.44646757286837774
26.486706591916651,3.263692702025522,28.998348827949961,0.62630426503358638,0.4585935384495865
26.526871755558776,3.2934645439387009,29.048345981101598,0.64953114621809394,0.4704886646143574
26.566325541933129,3.3241727827156429,29.098343134253238,0.67334507323541171,0.48206079805046897
26.605027833665396,3.3558228079386034,29.148340287404874,0.69772595758417488,0.49188631027470697
26.64294713758694,3.3884068596295944,29.198337440556514,0.7218551740361564,0.4732125824677304
26.680085145996756,3.4218788140978935,29.248334593708151,0.74503368851453911,0.45388834975459591
26.716454207724425,3.4561848486163962,29.298331746859787,0.76723368940333025,0.43409938147100857
26.752070300824752,3.4912721053740308,29.348328900011428,0.78843622378495659,0.41401386960417313
26.786952609246427,3.5270890696639952,29.398326053163064,0.80863026748001288,0.3937805750139573
26.82112310146972,3.5635858659492108,29.448323206314701,0.8278117297579658,0.37352803772668647
26.854606123403439,3.6007144773556683,29.498320359466341,0.84598244117752186,0.35336465816808071
26.887428014835962,3.6384288960362112,29.548317512617977,0.86314916304023637,0.33337944715062845
26.919616755928732,3.6766852128849759,29.598314665769617,0.87932264701295726,0.31364325225989254
26.951201647771729,3.715441655429891,29.648311818921254,0.89451676436938532,0.29421029021306228
26.982213028952906,3.7546585825473069,29.698308972072891,0.90874771646789088,0.27511984292419606
27.012682028452257,3.7942984440943577,29.748306125224531,0.92203333171748336,0.25639800487445707
27.042640353930768,3.8343257127729169,29.798303278376167,0.93439244938567645,0.2380593978430412
27.072120113604186,3.8747067946377545,29.848300431527804,0.94584438705088625,0.22010879424501745
27.101153669315487,3.9154099237243507,29.898297584679444,0.95640848610896734,0.20254261137459759
27.129773518088825,3.9564050453555328,29.94829473783108,0.96610372829441216,0.18535025559655999
27.15801219930778,3.9976636918334818,29.998291890982717,0.97494841546289834,0.16851530823708902
27.18590222465884,4.0391588534504255,30.048289044134357,0.9829599047120976,0.15201655411784412
27.21347602808094,4.0808648470767475,30.098286197285994,0.99015439113357162,0.13582885996362501
27.240765933119928,4.1227571839976243,30.148283350437634,0.99654673095753976,0.11992391391587762
27.267804135286625,4.1648124381793172,30.19828050358927,1.0021502984776001,0.10427083965815934
27.294622697228409,4.2070081157325685,30.248277656740907,1.0069768708474089,0.088836699694409924
27.321253554738679,4.2493225260041054,30.298274809892547,1.0110365355760957,0.073586902508946977
27.347728531830356,4.2917346544517185,30.348271963044184,1.0143376162785569,0.058485527994819562
27.374079363284579,4.3342240372385534,30.39826911619582,1.0168866129411118,0.043495584904190518
27.400337723246629,4.3767706373071587,30.44826626934746,1.0186881536322108,0.028579213332490493
27.426535258575356,4.4193547215570579,30.498263422499097,1.0197449552201661,0.01369784452988336
27.452703625757856,4.4619567386450241,30.548260575650737,1.0200577912589093,-0.0011876702643559198
27.478874530275224,4.5045571968485136,30.598257728802373,1.0196254657764057,-0.016116950676711317
27.505079767350068,4.5471365413811498,30.64825488195401,1.0184447922594431,-0.031129986625036493
27.531351263016415,4.5896750305159522,30.69825203510565,1.016510577685694,-0.046267035089378343
27.557721113073381,4.6321526106766715,30.748249188257287,1.0138169420222674,-0.060823301605619801
27.584217079108416,4.6745516321271099,30.798246341408923,1.0106516917535868,-0.065801472156517396
27.610852395626384,4.7168632476402559,30.848243494560563,1.0072364142565271,-0.070824951087238422
27.637637378164737,4.7590802730154449,30.8982406477122,1.003568847270784,-0.07589358320100599
27.664582364130975,4.8011953516692962,30.948237800863836,0.99964674158746081,-0.081006997729624608
27.691697705111558,4.8432009461680039,30.998234954015476,0.99546787241717738,-0.086164584551959897
27.718993758363947,4.8850893299652087,31.048232107167113,0.99103005197349625,-0.091365469411317818
27.746480877462293,4.9268525794479086,31.098229260318753,0.98633114331544913,-0.096608488215814192
27.77416940198966,4.9684825662791869,31.14822641347039,0.98136907550077257,-0.10189216052081512
27.802069646276955,5.0099709501956369,31.198223566622026,0.97614186007840198,-0.10721466234645761
27.830191887103371,5.0513091722884429,31.248220719773666,0.97064760895472235,-0.11257379850444932
27.858546350321674,5.0924884488744349,31.298217872925303,0.96488455365077219,-0.11796697465908496
27.887143196363418,5.1334997660497734,31.348215026076939,0.95885106595750103,-0.12339116939081857
27.915992504586697,5.1743338750294852,31.39821217922858,0.95254567998112782,-0.12884290658079023
27.945104256435705,5.2149812883817397,31.448209332380216,0.94596711555363533,-0.13431822848722483
27.974488317391383,5.2554322772742355,31.498206485531856,0.93911430296322407,-0.13981266993995181
28.004154417700917,5.2956768698540362,31.548203638683493,0.93198640893716322,-0.14532123413541323
28.034112131887738,5.3357048508894787,31.598200791835129,0.92458286378362653,-0.15083837057121832
28.06437085705565,5.3755057628051697,31.648197944986769,0.91690338957105522,-0.15635795571388156
28.094939790017555,5.4150689082455017,31.698195098138406,0.90894802919238671,-0.16187327704478421
28.125827903295679,5.4543833543025677,31.748192251290043,0.90071717612818281,-0.16737702117463027
28.157043920059682,5.4934379385438081,31.798189404441683,0.89221160468725702,-0.1728612667534159
28.188596288089652,5.5322212769724963,31.848186557593319,0.8834325004661947,-0.17831748292834801
28.22049315287294,5.570721774047712,31.898183710744959,0.87438149073145233,-0.18373653411263383
28.252742329967624,5.6089276348831305,31.948180863896596,0.86506067438944223,-0.18910869182096382
28.285351276789569,5.6468268797317842,31.998178017048232,0.85547265117299809,-0.19442365429891026
28.318327064004936,5.6844073608493044,32.048175170199869,0.84562054963739575,-0.19967057462066778
28.351676346735616,5.7216567818096484,32.098172323351505,0.83550805352724866,-0.20483809784955262
28.38540533580862,5.7585627193244644,32.148169476503149,0.82513942604860624,-0.20991440774621772
28.41951976930519,5.7951126475917034,32.198166629654786,0.8145195315595487,-0.21488728336942503
28.454024884684063,5.8312939651665996,32.248163782806422,0.80365385418024848,-0.21974416574249944
28.488925391789632,5.8670940243320588,32.298160935958059,0.79254851281439476,-0.22447223455933002
28.524225402524081,5.9025002076459243,32.348158089109695,0.78122603992494055,-0.22643386891724426
28.559922578138544,5.9375059361410552,32.398155242261339,0.77006504534824582,-0.22003012168909805
28.596002690126404,5.9721168644888696,32.448152395412976,0.75922431059353379,-0.21362453409369481
28.632450414877074,6.0063404766132136,32.498149548564612,0.74870366878499228,-0.20722727875701477
28.669250772777986,6.04018463865411,32.548146701716249,0.7385024717423142,-0.20084744110734631
28.706389139311469,6.0736575636592285,32.598143854867885,0.72861964354915698,-0.19449305242092987
28.743851253004941,6.1067677780801999,32.648141008019529,0.71905373228029357,-0.18817112954248924
28.781623220394039,6.1395240900856223,32.698138161171165,0.70980295962484763,-0.18188771970869794
28.819691518361626,6.1719355598565491,32.748135314322802,0.70086526816167283,-0.17564794902321901
28.858042994065549,6.2040114718675294,32.798132467474439,0.69223836614991907,-0.16945607331962206
28.896664862721575,6.2357613091870707,32.848129620626075,0.6839197697398568,-0.16331553030071261
28.935544703478122,6.2671947297921555,32.898126773777712,0.67590684256510269,-0.1572289920045197
28.974670453607708,6.2983215448737102,32.948123926929355,0.66819683272045782,-0.1511984167974367
29.014030401223227,6.3291516990927832,32.998121080080992,0.66078690716614086,-0.1452251002351346
29.053613176712876,6.3596952527352011,33.048118233232628,0.65367418362862106,-0.13930972425937987
29.093407743068134,6.3899623656999438,33.098115386384265,0.64685576009241708,-0.13345240431393182
29.133403385265851,6.4199632832510831,33.148112539535902,0.64032874199491008,-0.12765273406353603
29.173589698846889,6.4497083234556323,33.198109692687545,0.63409026725018369,-0.12190982748858417
29.213956577818958,6.479207866226516,33.248106845839182,0.62813752923722155,-0.11622235820360713
29.254494201996771,6.5084723438885863,33.298103998990818,0.62246779789355022,-0.11058859591157948
29.295193023877054,6.5375122331835671,33.348101152142455,0.6170784390587738,-0.10500643995958354
29.336043755134053,6.5663380486317138,33.398098305294091,0.61196693221271692,-0.099473450004691238
29.377037352807339,6.5949603371684304,33.448095458445728,0.60713088675177351,-0.093986873834188328
29.418165005239317,6.6233896739744766,33.498092611597372,0.60256805694435944,-0.088543672412148805
29.459418117835902,6.6516366594394647,33.548089764749008,0.59827635569940463,-0.083140542242013435
29.50078829861534,6.6797119171339876,33.598086917900645,0.59425386728726082,-0.077773935163410968
29.542267343711092,6.707626092813423,33.648084071052281,0.59049885912433187,-0.072440075684987143
29.583847222696445,6.7353898542811503,33.698081224203918,0.587009792757195,-0.067134976000488122
29.625520063857675,6.7630138921255236,33.748078377355561,0.58378533414749656,-0.061854448804801253
29.66727813937387,6.7905089212380547,33.798075530507198,0.58082436336915189,-0.056594118049990406
29.70911385041358,6.8178856830636869,33.848072683658835,0.57812598381652769,-0.051349427774224361
29.75101971214302,6.8451549485312722,33.898069836810471,0.57568953101658504,-0.046115649137064986
29.792988360745234,6.872327487396519,33.948066989962108,0.57350584288465534,-0.042137333121218916
29.835014538823803,6.8994109652282889,33.998064143113751,0.57141815489837045,-0.041374196814844978
29.877096651395416,6.9264074511078224,34.048061296265388,0.56936873213871386,-0.040606658410897681
29.919233485731166,6.9533184465009734,34.098058449417024,0.56735779148263388,-0.039834846318484933
29.961423832985901,6.9801454685409556,34.148055602568661,0.56538554341948122,-0.039058887639299995
30.003666488278132,7.0068900496468434,34.198052755720298,0.56345219211748376,-0.038278908124268422
30.045960250761201,7.0335537371427135,34.248049908871934,0.56155793549227473,-0.037495032134273638
30.088303923685654,7.0601380928774278,34.298047062023578,0.5597029652772828,-0.036707382604926141
30.130696314452369,7.0866446928450424,34.348044215175214,0.55788746709580328,-0.035916081015334632
30.173136234657925,7.1130751268066943,34.398041368326851,0.55611162053450225,-0.035121247360807677
30.215622500121977,7.1394309979079305,34.448038521478487,0.55437559921856872,-0.034323000129612632
30.258153930950531,7.1657139223247777,34.498035674630124,0.55267957088615183,-0.033521456282725376
30.300729351503591,7.1919255288571478,34.548032827781768,0.551023697467248,-0.032716731238972181
30.343347590441333,7.2180674585776874,34.598029980933404,0.54940813515974241,-0.031908938862222944
30.386007480720959,7.2441413644566932,34.648027134085041,0.54783303450767917,-0.031098191452962699
30.428707859593722,7.2701489109938437,34.698024287236677,0.54629854047955362,-0.030284599743233939
30.471447568592037,7.2960917738505486,34.748021440388314,0.54480479254685643,-0.029468272895060946
30.514225453512122,7.3219716394862484,34.79801859353995,0.54335192476250616,-0.028649318502166021
30.557040364388552,7.3477902047963664,34.848015746691594,0.54194006583915144,-0.027827842594962446
30.599891155462,7.3735491767527241,34.898012899843231,0.54056933922713879,-0.027003949648710498
30.642776685140223,7.3992502720463342,34.948010052994867,0.53923986319199635,-0.026177742594745618
30.68569581595229,7.4248952167326143,34.998007206146504,0.53795175089128666,-0.025349322834684742
30.728647414496717,7.4504857458792131,35.04800435929814,0.53670511045066882,-0.02451879025750793
30.771630351383237,7.4760236032163396,35.098001512449784,0.53550004503904391,-0.02368624325942215
30.814643501168529,7.5015105407896021,35.14799866560142,0.53433665294263821,-0.022851778766407489
30.857685742286609,7.5269483186157302,35.197995818753057,0.53321502763788631,-0.02201549225933495
30.900755956973072,7.5523387043405501,35.247992971904694,0.53213525786300853,-0.021177477801574182
30.943853031184371,7.5776834728997953,35.29799012505633,0.53109742768814028,-0.020337828068971994
30.986975854511684,7.6029844061824061,35.347987278207967,0.53010161658390853,-0.019496634382111182
31.030123320090251,7.6282432926965988,35.39798443135961,0.52914789948833463,-0.018653986740736442
31.073294324503269,7.6534619272381512,35.447981584511247,0.52823634687197529,-0.017809973860265432
31.116487767682024,7.6786421105616158,35.497978737662883,0.52736702480117459,-0.016964683210257809
31.159702552801019,7.7037856490536303,35.54797589081452,0.52653999499935844,-0.016118201054767117
31.202937586169551,7.7288943544090181,35.597973043966157,0.52575531490625516,-0.015270612494451405
31.246191777118909,7.7539700433089429,35.6479701971178,0.52501303773497843,-0.014422001510363826
31.289464037886155,7.7790145371015997,35.697967350269437,0.52431321252687535,-0.013572451009307401
31.332753283494458,7.8040296614851634,35.747964503421073,0.52365588420406906,-0.012722042870659866
31.376058431628948,7.8290172461922127,35.79796165657271,0.52304109361964268,-0.01187085799459695
31.419378402513164,7.8539791246783786,35.847958809724346,0.52246887760532901,-0.011018976351519312
31.462712118777691,7.8789171338101589,35.89795596287599,0.52193926901676801,-0.010166477032756041
31.506058505329133,7.9038331135563951,35.947953116027627,0.52145229677615978,-0.0093134383022936678
31.549416489216096,7.9287289066812399,35.997950269179263,0.52100798591231356,-0.0084599376495060764
31.592784999492888,7.9536063584388899,36.0479474223309,0.52060635759803853,-0.0076060518427788441
31.636162967089867,7.9784673162748856,36.097944575482536,0.52024742918476663,-0.0067518569837665939
31.679549324638028,8.0033136295038076,36.147941728634173,0.51993121423478483,-0.005897428563224485
31.722943006380007,8.0281471490388316,36.197938881785817,0.519657722549976,-0.0050428415157244902
31.766342947991625,8.0529697270721563,36.247936034937453,0.51942696019849577,-0.004188170276634152
31.809748086446305,8.0777832167819135,36.29793318808909,0.51923892953824591,-0.003333488838664328
31.853157359869577,8.1025894720350493,36.347930341240726,0.51909362923758084,-0.0024788708089414336
31.896569707392853,8.127390347091243,36.397927494392363,0.51899105429315318,-0.0016243894663395767
31.939984069006481,8.1521876963076352,36.447924647544006,0.5189311960448888,-0.00077011781898565616
31.983399385412842,8.1769833738445197,36.497921800695643,0.51891404218808379,8.3871338156314484e-05
32.02681459787847,8.2017792333712567,36.54791895384728,0.51893957678262204,0.00093750536568902587
32.070228648086989,8.2265771277731332,36.597916106998916,0.51900778025931538,0.0017907117222867141
32.113640477991844,8.2513789088584026,36.647913260150553,0.5191186294233725,0.0026434179073659653
32.157049029669452,8.2761864270655838,36.697910413302189,0.51927209745500835,0.0034955514040141598
32.200453245173065,8.3010015311710053,36.747907566453833,0.51946815390720802,0.004347039622263054
32.243852066387504,8.3258260679964202,36.797904719605469,0.51970676470066457,0.0051978098427907966
32.287244434884713,8.3506618821164196,36.847901872757106,0.51998789211591512,0.0060477891611304662
32.330629291780554,8.3755108155657556,36.897899025908742,0.52031149478270067,0.0068969044324775396
32.374005577593444,8.4003747075465078,36.947896179060379,0.52067752766658637,0.0077450822171802438
32.417372232103865,8.4252553941345401,36.997893332212023,0.52108594205287062,0.0085922487269828336
32.460728204107674,8.4501546907691285,37.047890485363659,0.52153393379003621,0.0091841110439482565
32.504072760525574,8.4750738542188397,37.097887638515296,0.52199957585934409,0.0094426177791500539
32.547405547663146,8.5000134780021046,37.147884791666932,0.52247814043948693,0.009701042602670901
32.590726233360144,8.5249741162890054,37.197881944818569,0.5229696236882112,0.009959395622448965
32.634034484734414,8.5499563226201349,37.247879097970213,0.52347402226614337,0.010217686846762716
32.677329968148356,8.5749606499151358,37.297876251121849,0.52399133333178949,0.010475926183490671
32.720612349175575,8.5999876504808519,37.347873404273486,0.52452155453649418,0.01073412343934383
32.763881292567824,8.6250378760193929,37.397870557425122,0.52506468401936512,0.010992288319072688
32.807136462221912,8.6501118776357444,37.447867710576759,0.52562072040215457,0.011250430424645142
32.850377521146719,8.6752102058450689,37.497864863728395,0.52618966278409784,0.011508559254395496
32.893604131430223,8.7003334105796952,37.547862016880039,0.52677151073670991,0.011766684202144842
32.936815954207155,8.7254820411960079,37.597859170031676,0.52736626429854094,0.01202481455629364
32.980012649626026,8.7506566464806426,37.647856323183312,0.52797392396987819,0.012282959498880199
33.023193876816848,8.775857774656652,37.697853476334949,0.52859449070740616,0.012541128104611866
33.066359293858568,8.8010859733891529,37.747850629486585,0.52922796591881427,0.012799329339862307
33.109508557747077,8.8263417897908631,37.797847782638229,0.52987435145735717,0.013057572061639456
33.152641324362669,8.8516257704269155,37.847844935789865,0.53053364961635596,0.013315865016517242
33.195757248438376,8.8769384613198046,37.897842088941502,0.53120586312365436,0.013574216839538834
33.238855983527728,8.90228040795356,37.947839242093139,0.53189099513601135,0.013832636053082509
33.281937181972985,8.9276521552777339,37.997836395244775,0.53258904923343831,0.01409113106569475
33.325000494873585,8.9530542477111457,38.047833548396412,0.53330002941348198,0.014349710170890423
33.368045572054278,8.9784872291449851,38.097830701548055,0.53402394008543841,0.014608381545914848
33.411072062033789,9.0039516429457631,38.147827854699692,0.53476078606451016,0.014867153250472817
33.454079611993194,9.0294480319576955,38.197825007851328,0.53551057256589496,0.015126033225419597
33.497067867745002,9.0549769385049785,38.247822161002965,0.53627330519881455,0.015385029291418259
33.540036473701605,9.08053890439332,38.297819314154601,0.53704898996046602,0.015644149147556657
33.582985072844437,9.106134470911341,38.347816467306245,0.53783763322991152,0.015903400369929609
33.62591330669288,9.1317641788314052,38.397813620457882,0.53863924176189037,0.01616279041018169
33.66882081527347,9.1574285684101557,38.447810773609518,0.53945382268056119,0.016422326594013072
33.711707237089257,9.1831281793885982,38.497807926761155,0.54028138347316701,0.016682016119646235
33.754572209089076,9.2088635509916941,38.547805079912791,0.54112193198362202,0.016941866056253158
33.797415366637011,9.2346352219275811,38.597802233064428,0.54197547640601806,0.017201883342343724
33.840236343482168,9.2604437303863882,38.647799386216072,0.54284202527805248,0.017462074784114458
33.883034771728425,9.2862896140386209,38.697796539367708,0.54372158747437238,0.017722447053757771
33.925810281804054,9.3121734100328819,38.747793692519345,0.54461417219982655,0.017983006687728318
33.968562502432015,9.3380956549934986,38.797790845670981,0.5455197889826392,0.018243760084972194
34.011291060599966,9.3640568850174208,38.847787998822618,0.54643844766748917,0.018504713505112926
34.053995581530458,9.390057635670729,38.897785151974261,0.54737015840849657,0.018765873066596415
34.096675688651366,9.4160984419846372,38.947782305125898,0.54831493166211676,0.019027244744794575
34.139331003566461,9.4421798384511479,38.997779458277535,0.5492727781799408,0.019288834370067936
34.18196114602604,9.4683023590180557,39.047776611429171,0.55024370900139485,0.019550647625785476
34.224565733897748,9.4944665370835626,39.097773764580808,0.55122773544634107,0.019812690046302327
34.267144383137492,9.5206729054903381,39.147770917732451,0.55222486910757451,0.020074967014895504
34.309696707760608,9.5469219965191261,39.197768070884088,0.55323512184321944,0.020337483761657085
34.35222231981308,9.5732143418817977,39.247765224035724,0.5542585057690147,0.020600245361344603
34.394720829342944,9.5995504727138901,39.297762377187361,0.55529503325049367,0.020863256731188957
34.437191844372016,9.625930919566704,39.347759530338998,0.55634471689505505,0.0211265226286599
34.479634970867366,9.6523562123986881,39.397756683490634,0.55740756954391313,0.021390047649187213
34.522049812713533,9.6788268805665059,39.447753836642278,0.55848360426394428,0.021653836223841448
34.564435971684404,9.7053434528153755,39.497750989793914,0.55957283433940619,0.021917892616969411
34.606793047415643,9.731906457268984,39.547748142945551,0.56067527326354427,0.022182220923788524
34.649120637377031,9.7585164214187508,39.597745296097187,0.56179093473007347,0.022446825067937451
34.691418336845302,9.7851738721126527,39.647742449248824,0.56291983262454171,0.022711708798985365
34.733685738876837,9.8118793355433045,39.697739602400468,0.56406198101555749,0.022976875689896585
34.775922434280687,9.838633337235537,39.747736755552104,0.56521739414589744,0.023242329134454297
34.818128011592151,9.8654364020335752,39.797733908703741,0.56638608642348887,0.023508072344643208
34.860302057045892,9.8922890540872466,39.847731061855377,0.56756807241224416,0.023774108347987075
34.902444154549897,9.9191918168379498,39.897728215007014,0.56876336682277884,0.024040439984847912
34.94455388565936,9.9461452130038328,39.94772536815865,0.56997198450298214,0.024307069905681909
34.986630829550819,9.9731497645643632,39.997722521310294,0.57119394042845173,0.024574000568254529
35.028674562996635,10.000205992744352,40.047719674461931,0.57242924969279185,0.024841234234815785
35.07068466033973,10.027314417997365,40.097716827613567,0.5736779274977668,0.025108772969235173
35.112660693468399,10.054475559988377,40.147713980765204,0.57493998914330757,0.025376618634095852
35.154602231791507,10.081689937575858,40.19771113391684,0.57621545001737373,0.025644772887750533
35.196508842216915,10.108958068795104,40.247708287068484,0.57750432558575737,0.025913237181356949
35.238380089116518,10.136280470832121,40.29770544022012,0.5788066313813196,0.026182012755788957
35.280215534317769,10.163657660013763,40.347702593371757,0.58012238299387586,0.026451100638677016
35.322014737061338,10.19109015177504,40.397699746523394,0.58145159605887131,0.026720501641193509
35.363777254014707,10.218578460662101,40.44769689967503,0.58279428624765628,0.026990216355159864
35.405502639197699,10.246123100276638,40.497694052826674,0.58415046925479619,0.027260245149549514
35.447190443994039,10.273724583275765,40.54769120597831,0.58552016078794389,0.027530588167508911
35.488840217120583,10.301383421343246,40.597688359129947,0.5869033765561974,0.027801245323070017
35.530451504605125,10.329100125165425,40.647685512281583,0.58830013225855649,0.028072216297884062
35.572023849765053,10.356875204406769,40.69768266543322,0.58971044357223135,0.028343500537927311
35.613556793185978,10.384709167684434,40.747679818584857,0.59113432614076999,0.028615097250173901
35.655049872700801,10.412602522542171,40.7976769717365,0.59257179556202499,0.028887005399240769
35.696502623369476,10.440555775423705,40.847674124888137,0.59402286737595711,0.029159223704006424
35.73791457745876,10.468569431645108,40.897671278039773,0.59548755705225831,0.02943175063420134
35.779285264422683,10.496643995366625,40.94766843119141,0.59696587997781114,0.029704584406974672
35.820614210883392,10.524779969563774,40.997665584343046,0.59845785144397712,0.029977722983438159
35.861900940612287,10.552977855997575,41.04766273749469,0.59996348663370436,0.030251164065186645
35.903144974511761,10.581238155184122,41.097659890646327,0.60148280060846615,0.030524905090799286
35.944345830597484,10.609561366363454,41.147657043797963,0.60301580829502588,0.030798943232322733
35.985503023980947,10.637947987467578,41.1976541969496,0.60456252447202097,0.031073275391736481
36.026616066852554,10.666398515087701,41.247651350101236,0.60612296375636832,0.031347898197402982
36.067684468465437,10.694913444440854,41.297648503252873,0.60769714058950042,0.031622808000506243
36.10870773511958,10.723493269335645,41.347645656404517,0.60928506922341641,0.031898000871478413
36.14968537014645,10.752138482137186,41.397642809556153,0.61088676370655315,0.032173472596416709
36.190616873894484,10.780849573731427,41.44763996270779,0.6125022378694851,0.032449218673495518
36.231501743714659,10.809627033488443,41.497637115859426,0.61413150531043126,0.032725234309371
36.272339473955526,10.83847134923116,41.547634269011063,0.61577457938093627,0.033001514415643363
36.313129555916632,10.867383007173476,41.597631422162706,0.61743147316967195,0.033278053605033789
36.353871477886386,10.896362491916836,41.647628575314343,0.61910219948943379,0.033554846188131142
36.394564725096828,10.925410286386867,41.697625728465979,0.62078677086059175,0.033831886169577691
36.435208779720917,10.954526871798786,41.747622881617616,0.62248519949604297,0.03410916724454599
36.475803120862118,10.98371272761613,41.797620034769253,0.62419749728565199,0.034386682795170216
36.51634722454471,11.012968331508688,41.847617187920889,0.62592367578051167,0.034664425886991153
36.556840563704483,11.042294159309451,41.897614341072533,0.62766374617701792,0.034942389265416117
36.597282608180677,11.071690684971086,41.947611494224169,0.62941771930078427,0.03522056535220161
36.637672824708218,11.101158380521394,41.997608647375806,0.63118560559037284,0.035498946241957201
36.678010676910759,11.130697716017904,42.047605800527442,0.63296741508084242,0.035777523698674291
36.718295625294765,11.16030915950194,42.097602953679079,0.63476315738714328,0.03605628915228775
36.758527127243973,11.189993176951562,42.147600106830723,0.63657284168732065,0.036335233695267068
36.798704637014993,11.219750232233968,42.197597259982359,0.63839647670556465,0.036614348079246607
36.838827605733549,11.249580787056971,42.247594413133996,0.64023407069508476,0.036893622711694982
36.878895481391538,11.279485300919625,42.297591566285632,0.64208563142081521,0.037173047652628029
36.918907708845076,11.309464231062218,42.347588719437269,0.64395116614196857,0.037452612611370735
36.95886372981326,11.339518032415308,42.397585872588913,0.64583068159441825,0.037732306943370181
36.998762982878013,11.369647157548112,42.447583025740549,0.64772418397293186,0.038012119647065017
37.038604903484533,11.399852056615916,42.497580178892186,0.64963167891323537,0.038292039360813511
37.078388923943074,11.430133177306951,42.547577332043822,0.65155317147394687,0.038572054359888329
37.118114473431284,11.460490964788209,42.597574485195459,0.65348866611833789,0.03885215255353705
37.157780977997909,11.490925861650819,42.647571638347095,0.65543816669597466,0.039132321482119245
37.19738786056692,11.521438307854192,42.697568791498739,0.65740167642418779,0.039412548314316523
37.236934540943359,11.552028740669915,42.747565944650376,0.65937919786943666,0.03969281984442994
37.276420435819603,11.582697594624499,42.797563097802012,0.66137073292851811,0.039973122489760746
37.315844958782982,11.613445301441509,42.847560250953649,0.66337628280965288,0.040253442288084029
37.355207520324413,11.644272289983032,42.897557404105285,0.66539584801345464,0.040533764895219954
37.394507527848155,11.6751789861903,42.947554557256929,0.66742942831377394,0.040814075582705826
37.433744385682466,11.706165813023523,42.997551710408565,0.66947702273842213,0.04109435923557414
37.472917495091579,11.737233190401131,43.047548863560202,0.67153862954979904,0.041374600350244033
37.512026254288998,11.768381535138401,43.097546016711838,0.67361424622541954,0.041654783032530299
37.551070058451373,11.799611260884987,43.147543169863475,0.67570386943832317,0.041934890995772023
37.590048299734271,11.830922778062252,43.197540323015112,0.67780749503742033,0.042214907559092692
37.628960367288542,11.862316493799508,43.247537476166755,0.67992511802773237,0.042494815645790558
37.667805647278328,11.893792811869872,43.297534629318392,0.68205673255056953,0.042774597781869983
37.706583522900189,11.925352132625385,43.347531782470028,0.68420233186363555,0.043054236094716473
37.745293374403353,11.95699485293137,43.397528935621665,0.6863619083210607,0.043333712311920673
37.783934617752955,11.988721319110429,43.447526088773301,0.68852924933506321,0.043191199676856785
37.822507273298044,12.020531138442133,43.497523241924945,0.69067772808631989,0.042752636036164471
37.861011847279535,12.052423334411852,43.547520395076582,0.69280424918690908,0.042312852425828773
37.899448866806395,12.084396916171885,43.597517548228218,0.69490875295305088,0.041871901164056848
37.93781886652971,12.116450894726109,43.647514701379855,0.69699118229656365,0.041429833761126217
37.976122388504933,12.148584283020954,43.697511854531491,0.69905148268427131,0.040986700911566261
38.014359982054145,12.180796096032884,43.747509007683128,0.70108960209704307,0.040542552487210358
38.052532203628353,12.213085350852504,43.797506160834772,0.70310549098849939,0.040097437531098561
38.090639616670458,12.245451066765508,43.847503313986408,0.70509910224344641,0.039651404252209199
38.12868279147817,12.277892265330152,43.897500467138045,0.7070703911360573,0.039204500021004195
38.166662305067454,12.310407970451491,43.947497620289681,0.70901931528784756,0.038756771365765851
38.204578741036684,12.342997208452619,43.997494773441318,0.71094583462550676,0.038308263969700836
38.242432689430927,12.375659008142408,44.047491926592961,0.71284991133857978,0.037859022668799071
38.280224746607068,12.408392400880269,44.097489079744598,0.71473150983707401,0.037409091450419686
38.317955515099499,12.441196420637718,44.147486232896235,0.71659059670900738,0.036958513452586474
38.355625603486487,12.474070104056956,44.197483386047871,0.718427140677943,0.036507330963969374
38.39323562625723,12.50701249050632,44.247480539199508,0.7202411125605368,0.036055585424533451
38.430786203679894,12.540022622132826,44.297477692351151,0.72203248522413654,0.035603317426831559
38.468277961670069,12.573099543911551,44.347474845502788,0.7238012335444507,0.035150566717923354
38.505711531660651,12.606242303692463,44.397471998654424,0.72554733436334751,0.034697372201892042
38.543087550472109,12.639449952244059,44.447469151806061,0.72727076644677802,0.034243771942946283
38.58040666018406,12.67272154329433,44.497466304957698,0.72897151044287412,0.033789803169081187
38.617669508007587,12.706056133568909,44.547463458109334,0.73064954884024436,0.03333550227627799
38.654876746158699,12.739452782826504,44.597460611260978,0.73230486592648747,0.032880904833223319
38.692029031732986,12.772910553891785,44.647457764412614,0.73393744774696845,0.032426045586523393
38.729127026580855,12.806428512685267,44.697454917564251,0.73554728206384323,0.031970958466401453
38.766171397184493,12.840005728251091,44.747452070715887,0.73713435831540619,0.031515676592845938
38.803162814535504,12.873641272781889,44.797449223867524,0.73869866757573543,0.031060232282201391
38.84010195401401,12.907334221641433,44.847446377019168,0.74024020251469336,0.03060465705417377
38.876989495268532,12.941083653384535,44.897443530170804,0.74175895735827069,0.030148981639238275
38.913826122097539,12.974888649774943,44.947440683322441,0.74325492784933023,0.02969323598642231
38.950612522331966,13.008748295800679,44.997437836474077,0.7447281112087355,0.029237449271452168
38.987349387721551,13.0426616796895,45.047434989625714,0.74617850609700009,0.02878164990521025
39.024037413808962,13.076627892909766,45.09743214277735,0.74760611257584431,0.028325865542683026
39.060677299832861,13.110646030194482,45.147429295928994,0.74901093207127889,0.027870123091875927
39.097269748603949,13.144715189537344,45.197426449080631,0.75039296733604943,0.027414448723365622
39.13381546639674,13.178834472199892,45.247423602232267,0.75175222241312067,0.0269588678799485
39.17031516283982,13.213002982714004,45.297420755383904,0.75308870259954142,0.026503405286581627
39.206769550807159,13.247219828882383,45.34741790853554,0.75440241441080913,0.026048084960564422
39.243179346311003,13.281484121777117,45.397415061687184,0.75569336554574917,0.025592930221946843
39.279545268394699,13.31579497573528,45.44741221483882,0.75696156485188248,0.025137963704160927
39.31586803902939,13.350151508355033,45.497409367990457,0.75820702229141468,0.024683207364817772
39.352148383010331,13.384552840488288,45.547406521142094,0.75942974890770809,0.024228682496707628
39.388387027854527,13.418998096231785,45.59740367429373,0.76062975679231337,0.023774409738965128
39.424584703692716,13.453486402909755,45.647400827445374,0.7618070590523377,0.023320409088477472
39.460742143199283,13.488016891089909,45.69739798059701,0.76296166977956803,0.022866699910972808
39.496860081450023,13.522588694527764,45.747395133748647,0.76409360401778237,0.022413300953160065
39.532939255854487,13.557200950179389,45.797392286900283,0.76520287773303775,0.02196023035406304
39.568980406053221,13.591852798177831,45.84738944005192,0.7662895077833497,0.021507505656917825
39.604984273823248,13.626543381814875,45.897386593203557,0.7673535118891972,0.021055143821074075
39.640951602985211,13.661271847521643,45.9473837463552,0.76839490860463433,0.020603161233974571
39.6768831393114,13.696037344847568,45.997380899506837,0.76941371728899222,0.020151573723210595
39.712779630435278,13.730839026438277,46.047378052658473,0.77040995807919577,0.019700396568634815
39.748641825762171,13.765676048012043,46.09737520581011,0.77138365186267732,0.01924964451452877
39.784470476381138,13.800547568335137,46.147372358961746,0.77233482025090805,0.018799331781810539
39.820266334978228,13.835452749195973,46.19736951211339,0.77326348555353719,0.018349472080275962
39.856030155750652,13.87039075537799,46.247366665265027,0.7741696707531408,0.01790007862086665
39.891762694322487,13.905360754631678,46.297363818416663,0.77505339948059171,0.017451164127950686
39.927464707661152,13.940361917645223,46.3473609715683,0.77591469599103458,0.017002740851616432
39.963136953995615,13.97539341801463,46.397358124719936,0.77675358514048798,0.016554820579961133
39.998780192734934,14.010454432212184,46.447355277871573,0.77757009236304342,0.016107414651382084
40.034395184388842,14.045544139554726,46.497352431023216,0.77836424364869772,0.015660533966845129
40.069982690488644,14.080661722170435,46.547349584174853,0.77913606552178227,0.015214189002141689
40.105543473509762,14.115806364965152,46.59734673732649,0.77988558502001648,0.014768389820114599
40.141077996680629,14.150977558649782,46.647343890478126,0.78065322301342011,0.016873380890207616
40.176582777710074,14.186178775472968,46.697341043629763,0.78158632032611253,0.020452550553588238
40.21205154391015,14.221416279496117,46.747338196781406,0.78269836708531526,0.024032047124506316
40.247477944532207,14.256696374661827,46.797335349933043,0.78398942145936623,0.027613537679191957
40.282855602506345,14.292025345623038,46.847332503084679,0.7854596240419599,0.031198651786476437
40.318178108196456,14.327409457144155,46.897329656236316,0.78710919589195838,0.034788978082011424
40.353439013220317,14.362854953375194,46.947326809387953,0.78893843639737549,0.038386060655684971
40.388631824337459,14.398368056982376,46.997323962539589,0.79094772095346977,0.041991395224016584
40.423749997408883,14.433954968119115,47.047321115691233,0.79313749844354542,0.045606425060185661
40.458786931433146,14.469621863220363,47.097318268842869,0.79550828850965816,0.049232536655082711
40.493735962671394,14.505374893610588,47.147315421994506,0.79806067859965824,0.052871055084503828
40.52859035883057,14.541220183869605,47.197312575146142,0.80079532077242188,0.056523239054025037
40.563343313396224,14.577163830024382,47.247309728297779,0.80371292825077145,0.06019027560699626
40.597987940027679,14.613211897450363,47.297306881449423,0.80681427169748088,0.063873274463835047
40.632517267089924,14.64937041852968,47.347304034601059,0.81010017520015387,0.067573261979274643
40.666924232313534,14.685645390026668,47.397301187752696,0.8135715119437934,0.071291174697483653
40.701201677599052,14.722042770165379,47.447298340904332,0.81722919955073159,0.075027852489993219
40.735342343983433,14.758568475392801,47.497295494055969,0.82107419506683121,0.078784031264185761
40.769338866785553,14.795228376809296,47.547292647207613,0.82510748957214708,0.082560335233362994
40.803183770952337,14.832028296250257,47.597289800359249,0.8293301023941112,0.086357268743700408
40.836869466626709,14.868974002001041,47.647286953510886,0.83374307490092914,0.090175207657844314
40.870388244962868,14.906071204129793,47.697284106662522,0.83834746385324033,0.094014390300572681
40.903732274215706,14.94332554942218,47.747281259814159,0.8431443342923628,0.097874907977982456
40.936893596133594,14.980742615903122,47.797278412965795,0.84813475194421539,0.10175669508876098
40.969864122686431,15.018327906931891,47.847275566117439,0.85331977511917445,0.10565951885407791
41.002635633163401,15.056086844858358,47.897272719269075,0.8587004460896478,0.10958296870153102
41.035199771677448,15.094024764229347,47.947269872420712,0.86427778192914972,0.11352644534847475
41.06754804511511,15.132146904536025,47.997267025572349,0.87005276479918159,0.11748914964097223
41.099671821574482,15.170458402496152,48.047264178723985,0.87602633167343857,0.12147007121664277
41.131562329334436,15.208964283866102,48.097261331875629,0.88219936349236416,0.12546797707246352
41.163210656402072,15.247669454782185,48.147258485027265,0.88857267374575888,0.12948140013270068
41.194607750686636,15.286578692633288,48.197255638178902,0.8951469964861053,0.13350862792680693
41.225744420849935,15.325696636470012,48.247252791330538,0.90192297378107034,0.13754769150262602
41.256611337884856,15.365027776960961,48.297249944482175,0.90890114262052146,0.14159635471649307
41.287199037475347,15.404576445911143,48.347247097633812,0.91608192130082611,0.1456521040582667
41.317497923189663,15.444346805359903,48.397244250785455,0.92346559531703409,0.1497121391856289
41.347498270568707,15.484342836294902,48.447241403937092,0.93105230280519347,0.15377336435968242
41.377190232139561,15.524568326982447,48.497238557088728,0.9388420195790842,0.15783238098522415
41.406563843444978,15.565026861003098,48.547235710240365,0.94683454383177956,0.16188548148197443
41.435609030100807,15.605721804986427,48.597232863392001,0.95502948056467862,0.16592864471549496
41.464315615952046,15.646656296127006,48.647230016543645,0.96342622583386239,0.16995753323537449
41.492673332364156,15.687833229531105,48.697227169695282,0.97202395090852245,0.173967492571827
41.520671828689593,15.729255245461992,48.747224322846918,0.98082158645097783,0.17795355284697684
41.548300683944028,15.770924716558941,48.797221475998555,0.98981780684047183,0.18191043295668954
41.575549419718371,15.812843735112084,48.847218629150191,0.99901101477554288,0.18583254757334125
41.602407514345799,15.855014100483331,48.897215782301835,1.0083993263020812,0.18971401720869069
41.628864418332739,15.897437306770023,48.947212935453472,1.0179805564255542,0.19354868155820187
41.654909571053331,15.940114530816425,48.997210088605108,1.0277522054767161,0.19733011632348679
41.680532418694057,15.983046620682675,49.047207241756745,1.0377114464087911,0.20105165367697161
41.705722433423098,16.026234084686973,49.097204394908381,1.0478551132115062,0.20470640649268909
41.730469133745082,16.06967708114178,49.147201548060018,1.058179690632536,0.20828729641889768
41.754762105987268,16.113375408908205,49.197198701211661,1.0686813053994069,0.21178708581212224
41.77859102684063,16.15732849888175,49.247195854363298,1.0793557191312075,0.21519841348767865
41.801945686889589,16.201535406570571,49.297193007514934,1.0901983231371082,0.21851383417529766
41.82481601499633,16.2459948058336,49.347190160666571,1.1012041352688751,0.22172586148533061
41.847192103453168,16.290704983959113,49.397187313818208,1.112367799011317,0.22482701412014675
41.869064233723982,16.335663838113017,49.447184466969851,1.1236835849433047,0.22780986497205635
41.890422902692627,16.380868873402655,49.497181620121488,1.1351453947380605,0.23066709268221183
41.911258849186169,16.426317202523784,49.547178773273124,1.1467467677809688,0.23339153513501129
41.931563080596057,16.472005547073419,49.597175926424761,1.1584808904863428,0.2359762442966126
41.951326899464718,16.517930240726983,49.647173079576397,1.1703406083970038,0.23841454174413615
41.970541929775464,16.564087234206003,49.697170232728034,1.1823184410508059,0.24070007415746719
41.989199910719584,16.610472194516138,49.747167385879678,1.194424696858726,0.2437284373426658
42.007291223445314,16.65708108169121,49.797164539031314,1.2066953405075824,0.24717546858434999
42.024805111372707,16.703909991170825,49.847161692182951,1.2191458662370569,0.25092433842900214
42.041730081337455,16.750954942075509,49.897158845334587,1.2317914034754669,0.25497672011979761
42.058053894193741,16.798211836079776,49.947155998486224,1.2446471851728294,0.25933506225805136
42.073763553544275,16.845676415307068,49.997153151637868,1.257728583674264,0.2640024729464871
42.088845293865504,16.893344218493585,50.047150304789504,1.2710511407526801,0.26898260149808539
42.103284568384744,16.941210535079691,50.097147457941141,1.2846305916012399,0.27427951457703126
42.117066037104848,16.989270356896167,50.147144611092777,1.2984828824285086,0.27989756362703538
42.13017355542307,17.037518327127007,50.197141764244414,1.3126241811411954,0.28584124039109277
42.142590163849,17.085948686245999,50.24713891739605,1.3270708804375859,0.29211501725018646
42.154298079396362,17.134555214645577,50.297136070547694,1.3418395924691024,0.29872316902412965
42.165278689301324,17.18333117170414,50.347133223699331,1.3569471340577075,0.30566957280603502
42.175512547810136,17.232269231074753,50.397130376850967,1.3724105012842762,0.31295748236776438
42.18497937687674,17.281361412027362,50.447127530002604,1.3882468320906487,0.32058927370804485
42.193658071719994,17.330599006739419,50.49712468315424,1.404473355369366,0.32856615845496145
42.201526712305302,17.379972503512064,50.547121836305884,1.4211073248575421,0.3368878621264072
42.208562581937606,17.429471505991252,50.59711898945752,1.4381659360127499,0.34555226474956591
42.214742194277058,17.479084648601553,50.647116142609157,1.4556662239417471,0.35455500210722646
42.220041330211401,17.528799508558542,50.697113295760794,1.4736249403926329,0.36388902698601228
42.224435086134669,17.578602515014701,50.74711044891243,1.4920584078256678,0.37354413132623743
42.227897935281547,17.6284788561209,50.797107602064074,1.5109823486714629,0.38350643219445557
42.2304038038423,17.678412385049494,50.84710475521571,1.5304116880934544,0.39375782709113183
42.23192616362072,17.72838552632976,50.897101908367347,1.5503603289252039,0.40427542732581678
42.23243814298494,17.778379184187102,50.947099061518983,1.570840897983373,0.41503098206886085
42.231912657779453,17.828372654954766,50.99709621467062,1.5918644636984978,0.42599031020382111
42.230322563699957,17.878343546027793,51.047093367822256,1.6134402259860863,0.43711276216787065
42.227640831359949,17.928267704247471,51.0970905209739,1.63557518052616,0.4483507393957421
42.223840744882871,17.978119156985432,51.147087674125537,1.6582737611248166,0.45964930446297492
42.218896124308387,18.027870069685061,51.197084827277173,1.681537465666133,0.47094592014928904
42.212781571426099,18.077490723687511,51.24708198042881,1.7053644730693762,0.48217035970309069
42.205472742709048,18.126949519538105,51.297079133580446,1.7297454342999061,0.49129208783740203
42.196959499872854,18.176215308383622,51.34707628673209,1.7539521750485145,0.47688820421349148
42.187274288184021,18.225264235829798,51.397073439883727,1.7774183954457363,0.46169549325517217
42.176459651477934,18.274076649262728,51.447070593035363,1.8001084978776221,0.44586662753120326
42.164559743981513,18.322635971155268,51.497067746187,1.8219943422095712,0.42954675132625375
42.151619847630762,18.370928641492121,51.547064899338636,1.843054800953642,0.41287087160399732
42.137685930129315,18.418944015002523,51.597062052490273,1.8632752030921069,0.39596200737423431
42.122804249563472,18.466674222791166,51.647059205641916,1.8826467032746534,0.37893004293432325
42.107021008682302,18.514114007668407,51.697056358793553,1.901165609532057,0.36187119901156367
42.090382059641925,18.561260541772054,51.74705351194519,1.9188326978629497,0.34486801854884563
42.072932658153945,18.608113234093096,51.797050665096826,1.9356525367107247,0.3279897585047738
42.05471726457742,18.654673534384845,51.847047818248463,1.9516328389757889,0.31129308272253292
42.0357793885183,18.700944738765052,51.897044971400106,1.9667838541879268,0.29482296073027231
42.016161472899803,18.746931801181208,51.947042124551743,1.981117809029223,0.27861369065944119
41.995904813175308,18.792641153865475,51.997039277703379,1.994648400674532,0.26268997919368858
41.975049507309848,18.83808053897797,52.047036430855016,2.0073903444288872,0.24706802604917438
41.953634432289654,18.883258852853025,52.097033584006653,2.0193589748595819,0.23175657391618915
41.931697243181908,18.928186003612257,52.147030737158296,2.030569897966898,0.21675789649294905
41.909274391108156,18.972872782391274,52.197027890309933,2.0410386908210016,0.20206870697688747
41.886401156879977,19.017330748029849,52.247025043461569,2.0507806444133321,0.18768097714904999
41.863111697448041,19.061572124776795,52.297022196613206,2.0598105451330317,0.17358266314522278
41.839439102710827,19.105609712354809,52.347019349764842,2.0681424901997874,0.15975833838130088
41.815415460608293,19.149456807588876,52.397016502916479,2.0757897324886079,0.14618973715632622
41.791071928777257,19.193127136719898,52.447013656068123,2.0827645504122256,0.13285621445292625
41.766438811363557,19.236634797484388,52.497010809219759,2.0890781388352839,0.11973512863291406
41.74154563987279,19.279994210030768,52.547007962371396,2.0947405173454872,0.10680215429551142
41.716421257193026,19.323220075756325,52.597005115523032,2.0997604525753464,0.094031532700990114
41.691093904144786,19.366327343172699,52.647002268674669,2.1041453916350048,0.081396267008013917
41.665591308093319,19.409331179961882,52.696999421826312,2.1079014040730022,0.06886826923359729
41.639940773370036,19.452246950341749,52.746996574977949,2.1110331301098451,0.056418465443729894
41.614169273275571,19.495090197089748,52.796993728129586,2.113543733219736,0.044016865178631889
41.588303543728543,19.537876627316695,52.846990881281222,2.1154348554015647,0.031632600781515134
41.562370086572678,19.580622045542452,52.896988034432859,2.1167298251506668,0.022583493825815943
41.536386765650597,19.623337172788798,52.946985187584495,2.1178501527626343,0.022231620342395758
41.510355982699636,19.666023393153008,52.996982340736139,2.1189528067776338,0.021876517077500317
41.484278527218933,19.708681116883426,53.046979493887775,2.1200376268315582,0.021518228827829718
41.458155194033765,19.751310760908314,53.096976647039412,2.1211044548244224,0.021156801364075599
41.431986783205303,19.79391274875211,53.146973800191049,2.1221531349684737,0.020792281416354058
41.405774099913693,19.836487510490603,53.196970953342685,2.1231835138365875,0.02042471665888777
41.379517954391936,19.879035482619674,53.246968106494329,2.12419544040785,0.020054155695025788
41.353219161802492,19.921557108012692,53.296965259645965,2.1251887661146061,0.019680648041113465
41.326878542148719,19.96405283581759,53.346962412797602,2.126163344887301,0.019304244110503559
41.300496920173401,20.006523121370673,53.396959565949238,2.1271190331989844,0.018924995197061659
41.274075125258541,20.048968426104999,53.446956719100875,2.1280556901089169,0.018542953458369617
41.247613991324371,20.091389217455824,53.496953872252512,2.1289731773053231,0.018158171898619152
41.221114356727732,20.1337859687637,53.546951025404155,2.1298713591472915,0.017770704351204109
41.194577064160114,20.176159159174532,53.596948178555792,2.130750102705786,0.017380605461031633
41.168002960544918,20.218509273537336,53.646945331707428,2.1316092778037734,0.016987930666558067
41.141392896934306,20.260836802299394,53.696942484859065,2.1324487570554447,0.016592736181566457
41.114747728405575,20.303142241398817,53.746939638010701,2.1332684159045181,0.016195078976698373
41.088068313957187,20.345426092154543,53.796936791162345,2.1340681326616115,0.015795016760752487
41.061355516404085,20.387688861154327,53.846933944313982,2.1348477885406787,0.015392607961758637
41.034610202272923,20.429931060139911,53.896931097465618,2.1356072676944899,0.014987911707845886
41.007833241696801,20.472153205890102,53.946928250617255,2.1363464572491524,0.014580987807911895
40.981025508309592,20.514355820101589,53.996925403768891,2.1370652473376608,0.014171896732105617
40.954187879140129,20.556539429267421,54.046922556920535,2.1377635311324648,0.013760699592137568
40.927321234505825,20.59870456455355,54.096919710072171,2.1384412048770511,0.013347458121424162
40.900426457906399,20.640851761672955,54.146916863223808,2.1390981679165257,0.012932234655083094
40.873504435916828,20.682981560758186,54.196914016375445,2.1397343227271972,0.012515092109781478
40.846556058080751,20.725094506231265,54.246911169527081,2.1403495749451422,0.01209609396345959
40.819582216803006,20.767191146672332,54.296908322678718,2.1409438333937598,0.011675304234925606
40.792583807242309,20.80927203468605,54.346905475830361,2.1415170101103032,0.011252787463341483
40.765561727203789,20.851337726766229,54.396902628981998,2.1420690203713768,0.010828608687606121
40.738516877031302,20.893388783158809,54.446899782133634,2.142599782717407,0.010402833425643463
40.711450159499506,20.935425767723061,54.496896935285271,2.1431092189760705,0.0099755276536049962
40.684362479705904,20.977449247791405,54.546894088436908,2.1435972542846868,0.0095467577849939825
40.657254744962998,21.019459794027181,54.596891241588551,2.1440638171115554,0.0091165906497245926
40.630127864689868,21.061457980281592,54.646888394740188,2.1445088392762552,0.0086850934731126182
40.602982750304143,21.103444383448643,54.696885547891824,2.1449322559688855,0.0082523338548179618
40.575820315113674,21.145419583319111,54.746882701043461,2.1453340057682531,0.0078183797477355595
40.548641474208139,21.187384162433101,54.796879854195097,2.1457140306590081,0.0073832994368466416
40.52144714435078,21.22933870593133,54.846877007346734,2.1460722760477142,0.0069471615180362956
40.494238243870001,21.271283801405275,54.896874160498378,2.1464086907778648,0.0065100348768820874
40.467015692550881,21.313220038746444,54.946871313650014,2.146723227143835,0.0060719886674181827
40.439780411526826,21.355148009994412,54.996868466801651,2.1470158409037747,0.0056330922908845804
40.412533323171182,21.397068309184021,55.046865619953287,2.1472864912914331,0.0051934153744626942
40.385275350988749,21.438981532191697,55.096862773104924,2.1475351410269274,0.0047530277500043867
40.358007419507587,21.480888276580963,55.146859926256568,2.1477617563264397,0.0043119994327590876
40.330730454170464,21.522789141447326,55.196857079408204,2.1479663069108592,0.0038704006001006323
40.303445381226794,21.564684727262389,55.246854232559841,2.1481487660133514,0.0034283015702634514
40.276153127624085,21.606575635717551,55.296851385711477,2.1483091103858736,0.0029857727810851734
40.248854620900055,21.648462469566908,55.346848538863114,2.148447320304621,0.0025428847687687405
40.221550789074222,21.690345832470204,55.396845692014757,2.1485633795744152,0.002099708146655535
40.194242560540076,21.732226328834919,55.446842845166394,2.1486572755320306,0.0016563135840264864
40.166930863956779,21.774104563658486,55.49683999831803,2.1487289990484615,0.0012127717849221824
40.139616628141503,21.815981142370017,55.546837151469667,2.1487785445301313,0.0007691534669957143
40.112300781961402,21.857856670672046,55.596834304621304,2.1488059099190449,0.0003255293403936252
40.084984254225937,21.89973175438227,55.64683145777294,2.1488110966918859,-0.00011802991332838294
40.057667973579143,21.941606999275077,55.696828610924584,2.1487941098580623,-0.00056145366225090186
40.030352868392157,21.983483010923337,55.74682576407622,2.1487549579566978,-0.0010046713450969813
40.003039866657616,22.025360394537365,55.796822917227857,2.1486936530525811,-0.0014476124921641402
39.975729895870209,22.067239754825568,55.846820070379493,2.1486102107310305,-0.0018902067464362444
39.948423882948902,22.109121695791835,55.89681722353113,2.1485046500918292,-0.0023323838839746586
39.921122754093766,22.151006820633494,55.946814376682774,2.1483769937419313,-0.0027740738353166736
39.893827434701279,22.192895731550482,55.99681152983441,2.1482272677872967,-0.0032152067058740892
39.866538849251867,22.234789029597689,56.046808682986047,2.1480555018236114,-0.0036557127967258162
39.83925791749077,22.276687312112937,56.096805836137683,2.1478627161559922,-0.0039488443249524156
39.811985184024081,22.318590931582118,56.14680298928932,2.1476679153997464,-0.0038436561625641639
39.784720503782928,22.360499791351025,56.196800142440956,2.1474783697944209,-0.003738625805073178
39.757463657674059,22.402413746740361,56.2467972955926,2.1472940715272308,-0.003633750173275128
39.730214426847873,22.444332653404931,56.296794448744237,2.1471150129391332,-0.0035290261963407373
39.702972592694557,22.486256367325733,56.346791601895873,2.1469411865244106,-0.003424450811715296
39.675737936840001,22.528184744802104,56.39678875504751,2.1467725849302588,-0.0033200209650176699
39.648510241141899,22.570117642443993,56.446785908199146,2.1466092009563824,-0.0032157336099387108
39.621289287685741,22.612054917164052,56.49678306135079,2.1464510275545945,-0.0031115857081398662
39.594074858780736,22.653996426170249,56.546780214502427,2.1462980578284174,-0.0030075742291504051
39.566866736955923,22.695942026957773,56.596777367654063,2.1461502850326943,-0.002903696150265873
39.539664704956152,22.737891577301678,56.6467745208057,2.1460077025732032,-0.0027999484564449235
39.512468545738109,22.779844935248978,56.696771673957336,2.1458703040062761,-0.0026963281402070738
39.485278042466291,22.821801959111284,56.746768827108973,2.1457380830384234,-0.0025928322015290723
39.458092978503537,22.863762507465552,56.796765980260616,2.1456110335259391,-0.0024894576477212478
39.430913137429137,22.905726439112549,56.846763133412253,2.1454891494746371,-0.0023862014934078529
39.403738303001681,22.947693613120332,56.89676028656389,2.1453724250393362,-0.0022830607602978693
39.37656825917724,22.989663888782768,56.946757439715526,2.1452608545236105,-0.0021800324771652046
39.349402790099759,23.031637125620552,56.996754592867163,2.1451544323794129,-0.0020771136797240906
39.322241680097186,23.073613183373684,57.046751746018806,2.1450531532067303,-0.0019743014105254998
39.295084713677447,23.115591921994078,57.096748899170443,2.1449570117532462,-0.0018715927188533092
39.267931675524501,23.157573201638105,57.146746052322079,2.1448660029140036,-0.0017689846606205944
39.240782350494072,23.199556882659703,57.196743205473716,2.1447801217310789,-0.0016664742982646806
39.213636523610575,23.241542825601616,57.246740358625352,2.1446993633932578,-0.0015640587006468102
39.186493980062245,23.283530891189393,57.296737511776996,2.1446237232357155,-0.0014617349429451151
39.159354505197527,23.325520940323674,57.346734664928633,2.1445531967397047,-0.0013595001065519134
39.132217884521062,23.367512834072784,57.396731818080269,2.1444877795322461,-0.0012573512789704798
39.105083903689774,23.409506433665562,57.446728971231906,2.1444274673858277,-0.0011552855537112286
39.077952348508951,23.451501600483944,57.496726124383542,2.1443722562181047,-0.0010533000301887808
39.050823004928262,23.493498196055828,57.546723277535179,2.1443221420916072,-0.00095139181361851891
39.023695659037877,23.535496082047729,57.596720430686823,2.144277121213455,-0.00084955801491380461
38.996570097064442,23.577495120257659,57.646717583838459,2.144237189935073,-0.00074779575058287959
38.969446105367247,23.619495172607927,57.696714736990096,2.1442023447519141,-0.00064610214262629572
38.942323470434275,23.661496101137871,57.746711890141732,2.144172582303189,-0.00054447431843466154
38.915201978878308,23.703497767996712,57.796709043293369,2.1441478993715974,-0.00044290941068634112
38.888081417432936,23.745500035436436,57.846706196445012,2.1441282928830669,-0.00034140455724542186
38.860961572948817,23.787502765804568,57.896703349596649,2.1441137599064968,-0.00023995690106035664
38.833842232389564,23.829505821537229,57.946700502748286,2.1441042976535041,-0.00013856359006198755
38.806723182828037,23.871509065151798,57.996697655899922,2.1440999034781809,-3.7221777063100533e-05
38.779604211442127,23.913512359240272,58.046694809051559,2.1441005748768496,6.4071380343518823e-05
38.752485105511596,23.955515566461131,58.096691962203195,2.1441063094878272,0.00016531871988295866
38.725365652413522,23.997518549533293,58.146689115354839,2.1441171050911945,0.00026652307470070819
38.698245639618698,24.039521171228607,58.196686268506475,2.144132959608569,0.00036768727346141086
38.671124854687704,24.081523294364896,58.246683421658112,2.1441538711028829,0.00046881414044830778
38.644003085267052,24.123524781798988,58.296680574809749,2.1441798377781676,0.00056990649566239428
38.616880119085408,24.165525496419452,58.346677727961385,2.1442108579793415,0.00067096715492036892
38.589755743949674,24.207525301139825,58.396674881113029,2.1442469301920029,0.00077199892995325045
38.562629747741255,24.24952405889135,58.446672034264665,2.1442880530422288,0.0008730046285034597
38.535501918417687,24.291521632607516,58.496669187416302,2.1443342252963675,0.00097398705440163234
38.508372043986675,24.333517885251382,58.546666340567938,2.1443854458608858,0.0010749490077457849
38.481239912535571,24.375512679757119,58.596663493719575,2.1444417137821246,0.0011758932848736881
38.454105312205378,24.417505879057174,58.646660646871219,2.1445030282461528,0.0012768226785406713
38.426968031192551,24.459497346066811,58.696657800022855,2.1445693885785819,0.0013777399779943934
38.399827857745073,24.501486943677282,58.746654953174492,2.144640794244391,0.0014786479690695861
38.37268458015884,24.543474534748526,58.796652106326128,2.1447172448477607,0.0015795494342814452
38.345537986773863,24.585459982102485,58.846649259477765,2.1447987401319071,0.0016804471529194797
38.31838786597045,24.627443148515908,58.896646412629401,2.1448852799789262,0.0017813439011399703
38.291234006165453,24.669423896713635,58.946643565781045,2.1449768644096352,0.0018822424520585908
38.264076195808627,24.711402089361375,58.996640718932682,2.145073493583427,0.0019831455758413611
38.236914223378804,24.753377589058953,59.046637872084318,2.1451751677981217,0.0020840560397960253
38.209747877380238,24.795350258333144,59.096635025235955,2.1452818874898281,0.002184976608461816
38.18257694633887,24.837319959630946,59.146632178387591,2.1453936532328064,0.0022859100436994177
38.155401218798559,24.879286555312479,59.196629331539235,2.1455104657393376,0.0023868591047795772
38.128220483317548,24.921249907644,59.246626484690871,2.145632325859594,0.0024878265484710766
38.101034528464666,24.96320987879103,59.296623637842508,2.1457592345815195,0.0025888151291283104
38.07384314281569,25.005166330811363,59.346620790994145,2.1458911930307076,0.0026898275987778161
38.04664611494966,25.047119125648166,59.396617944145781,2.1460282024702906,0.0027908667072043076
38.019443233445308,25.089068125122807,59.446615097297418,2.1461702643008262,0.0028919352020352145
37.992234286877284,25.131013190928236,59.496612250449061,2.1463173800601951,0.0029930358288257058
37.96501906381274,25.172954184621688,59.546609403600698,2.1464695514234973,0.0030941713311413619
37.937797352807515,25.214890967617833,59.596606556752334,2.1466267802029546,0.0031953444506410602
37.910568942402627,25.256823401181897,59.646603709903971,2.146789068347819,0.0032965579271589007
37.883333621120684,25.298751346422549,59.696600863055608,2.1469564179442813,0.0033978144987847052
37.856091177462289,25.340674664284972,59.746598016207251,2.1471288312153884,0.0034991169019441041
37.828841399902458,25.382593215543874,59.796595169358888,2.1473063105209595,0.0036004678714775494
37.80158407688711,25.424506860796519,59.846592322510524,2.1474888583575109,0.0037018701407184069
37.774318996829471,25.466415460455615,59.896589475662161,2.1476764773581816,0.0038033264415699756
37.747045948106631,25.50831887474245,59.946586628813797,2.1478691702926636,0.0039048395045817022
37.719764719055881,25.550216963679816,59.996583781965434,2.1480669400671362,0.0040064120590244104
37.692475097971396,25.592109587084956,60.046580935117078,2.1482697897242042,0.0041080468329642321
37.665176873100606,25.633996604562551,60.096578088268714,2.1484777224428395,0.004209746553335795
37.637869832640767,25.675877875497733,60.146575241420351,2.1486907415383261,0.0043115139460142967
37.610553764735549,25.717753259048941,60.196572394571987,2.1489088504622091,0.004413351735886268
37.583228457471485,25.759622614140945,60.246569547723624,2.149132052802246,0.0045152626469196272
37.555893698874605,25.801485799457787,60.296566700875267,2.1493603522823652,0.0046172494022322999
37.528549276907057,25.843342673435554,60.346563854026904,2.1495937527626219,0.0047193147241595661
37.501194979463619,25.88519309425547,60.396561007178541,2.1498322582391625,0.0048214613343207707
37.47383059436838,25.927036919836709,60.446558160330177,2.15007587284419,0.0049236919536843294
37.446455909371259,25.968874007829335,60.496555313481814,2.1503246008459342,0.0050260093026319045
37.41907071214483,26.010704215607049,60.546552466633457,2.1505784466486211,0.0051284161010206573
37.391674790280824,26.0525274002602,60.596549619785094,2.1508374147924516,0.0052309150682452888
37.364267931286847,26.094343418588597,60.64654677293673,2.1511015099535773,0.0053335089232979206
37.336849922583156,26.136152127094157,60.696543926088367,2.1513707369440827,0.0054362003848266362
37.309420551499194,26.177953381974117,60.746541079240004,2.1516451007119706,0.0055389921711938477
37.281979605270472,26.219747039113457,60.79653823239164,2.1519246063411472,0.0056418870005315522
37.254526871035267,26.261532954077857,60.846535385543284,2.1522092590514132,0.0057448875907964584
37.227062135831339,26.303310982106517,60.89653253869492,2.1524990641984569,0.0058479966598234253
37.199585186592763,26.345080978104786,60.946529691846557,2.1527940272738477,0.0059512169253770142
37.172095810146715,26.386842796636994,60.996526844998193,2.1530941539050343,0.0060545511052021187
37.144593793210213,26.428596291919263,61.04652399814983,2.1533994498553475,0.0061580019170729763
37.117078922387059,26.470341317811986,61.096521151301474,2.1537099210239989,0.006261572078840069
37.089550984164688,26.512077727812606,61.14651830445311,2.1540255734460882,0.0063652643084761004
37.062009764910918,26.553805375048455,61.196515457604747,2.1543464132926102,0.0064690813241204811
37.034455050870932,26.595524112269292,61.246512610756383,2.1546724468704648,0.0065730258441217184
37.006886628164175,26.63723379183984,61.29650976390802,2.1550036806224657,0.0066771005870780824
36.979304282781385,26.678934265732433,61.346506917059656,2.1553401211273573,0.0067813082718768333
36.951707800581289,26.720625385519828,61.3965040702113,2.1556817750998287,0.0068856516177323319
36.924096967287873,26.762307002367539,61.446501223362937,2.1560286493905303,0.006990133344221044
36.896471568487136,26.803978967026431,61.496498376514573,2.1563807509860928,0.0070947561713158303
36.868831389624262,26.845641129825374,61.54649552966621,2.1567380870091504,0.0071995228194181313
36.841176216000591,26.887293340663661,61.596492682817846,2.1571006647183588,0.007304436009388144
36.813505832770716,26.928935449003415,61.64648983596949,2.1574684915084217,0.007409498462573029
36.785820024939511,26.9705673038623,61.696486989121126,2.1578415749101167,0.0075147129008338491
36.758118577359269,27.012188753805773,61.746484142272763,2.1582199225903178,0.0076200820465696746
36.730401274726923,27.053799646939432,61.7964812954244,2.1586035423520258,0.0077256086227398876
36.702667901581009,27.095399830901719,61.846478448576036,2.1589924421343971,0.0078312953528853497
36.674918242298993,27.136989152856017,61.896475601727673,2.1593866300127718,0.0079371449611461715
36.647152081094447,27.17856745948307,61.946472754879316,2.1597861141987038,0.0080431601722780119
36.619369202014241,27.220134596973367,61.996469908030953,2.1601909030399935,0.0081493437116664791
36.591569388935845,27.261690411019444,62.046467061182589,2.1606010050207187,0.0082556983053388346
36.56375242556463,27.303234746807952,62.096464214334226,2.161016428761267,0.0083622266799733922
36.535918095431008,27.344767449012345,62.146461367485863,2.1614371830183692,0.0084689315629077281
36.508066181888026,27.386288361784551,62.196458520637506,2.1618632766851302,0.0085758156821425808
36.480196468108545,27.42779732874758,62.246455673789143,2.1622947187910651,0.0086828817663454263
36.452308737082696,27.46929419298754,62.296452826940779,2.1627315185021314,0.0087901325448503514
36.424402771615249,27.510778797045816,62.346449980092416,2.1631736851207615,0.0088975707476560539
36.396478359085044,27.552250986118686,62.396447133244052,2.1636201950490093,0.0088812782541667964
36.368535572123541,27.593710797264297,62.446444286395696,2.1640576299479286,0.0086170192389261307
36.340574925856117,27.63515856615588,62.496441439547333,2.1644818386429074,0.008352204155944145
36.312596974079987,27.676594655528511,62.546438592698969,2.1648927939601053,0.008086858134515441
36.284602271231066,27.718019429549841,62.596435745850606,2.1652904699834288,0.0078210063572158768
36.256591372344879,27.759433253764321,62.646432899002242,2.1656748420570731,0.007554674055160907
36.228564833017472,27.800836495037267,62.696430052153879,2.1660458867878334,0.0072878865032857234
36.20052320936658,27.842229521498489,62.746427205305523,2.1664035820471765,0.0070206690156498462
36.172467057992712,27.883612702485834,62.796424358457159,2.1667479069730815,0.0067530469407639194
36.144396935940506,27.924986408488515,62.846421511608796,2.1670788419716449,0.0064850456569419575
36.116313400660083,27.966351011089937,62.896418664760432,2.1673963687184545,0.0062166905676789381
36.088217009968574,28.007706882910792,62.946415817912069,2.167700470159736,0.0059480070970527972
36.060108322011835,28.049054397551451,62.996412971063712,2.1679911305132649,0.0056790206851541659
36.031987895226102,28.090393929534596,63.046410124215349,2.1682683352690542,0.0054097567835412891
36.003856288300007,28.131725854247289,63.096407277366986,2.1685320711898144,0.0051402408507237101
35.975714060136383,28.173050547883477,63.146404430518622,2.1687823263111912,0.0048704983476702103
35.947561769808893,28.214368387394124,63.196401583670259,2.1690190899418189,0.0046005547332933702
35.91939997654692,28.255679750395835,63.246398736821895,2.1692423526629248,0.0043304354602327726
35.891229239663829,28.296985015162722,63.296395889973539,2.1694521063281811,0.0040601659701218155
35.863050118542212,28.338284560534895,63.346393043125175,2.1696483440628609,0.0037897716894278468
35.834863172590765,28.379578765868459,63.396390196276812,2.1698310602630175,0.0035192780250483655
35.806668961206476,28.420868010977991,63.446387349428448,2.1700002505944007,0.0032487103599860242
35.778468043739231,28.462152676075689,63.496384502580085,2.1701559119911442,0.0029780940490737309
35.750260979453159,28.503433141715242,63.546381655731729,2.1702980426542617,0.0027074544146974797
35.7220483274901,28.544709788733073,63.596378808883365,2.1704266420499145,0.0024368167425666593
35.693830646833028,28.585982998189618,63.646375962035002,2.1705417109074734,0.0021662062775126049
35.66560849626925,28.627253151311159,63.696373115186638,2.1706432512173697,0.0018956482193135046
35.637382434353974,28.668520629431463,63.746370268338275,2.1707312662287386,0.0016251677185501437
35.609153019373913,28.709785813933589,63.796367421489919,2.1708057604468585,0.0013547898724905524
35.580920809310967,28.751049086191792,63.846364574641555,2.1708667396303811,0.0010845397210040031
35.55268636180606,28.792310827513404,63.896361727793192,2.1709142107883599,0.00081444224250446569
35.524450234123151,28.833571419080922,63.946358880944828,2.1709481821770797,0.00054452234992391501
35.496212983113303,28.874831241894238,63.996356034096465,2.1709686632966787,0.00027480488671380071
35.467975165178849,28.91609067671293,64.046353187248101,2.1709756648875791,5.3146228770822458e-06
35.439737336237798,28.957350103998749,64.096350340399738,2.1709691989267128,-0.00026392374897147935
35.411500051688193,28.998609903858352,64.146347493551374,2.1709492786235569,-0.00053288561751545249
35.383263866372843,29.039870455985913,64.196344646703011,2.1709159184159712,-0.0008015464566168526
35.355029334543786,29.08113213960652,64.246341799854662,2.170869133965843,-0.001069881829170108
35.326797009827288,29.122395333419067,64.296338953006298,2.1708089421545389,-0.0013378673909229097
35.298567445188624,29.163660415540061,64.346336106157935,2.1707353610781692,-0.0016054788942724378
35.27034119289727,29.204927763447099,64.396333259309571,2.1706484100426611,-0.0018726921920287445
35.242118804492009,29.246197753922875,64.446330412461208,2.1705481095586441,-0.0021394832411519779
35.213900830746084,29.287470762999661,64.496327565612845,2.1704344813361502,-0.0024058281064610267
35.18568782163279,29.3287471659036,64.546324718764481,2.1703075482791294,-0.0026717029643110895
35.157480326290909,29.37002733699952,64.596321871916118,2.1701673344797818,-0.002937084106244236
35.129278892990271,29.41131164973633,64.646319025067754,2.1700138652127077,-0.0032019479426121018
35.101084069097631,29.452600476592284,64.696316178219391,2.1698471669288781,-0.0034662710061679827
35.072896401042399,29.493894189020878,64.746313331371041,2.1696672672494248,-0.0037300299556316881
35.044716434282734,29.535193157396929,64.796310484522678,2.1694741949592555,-0.0039932015792247004
35.016544713271522,29.576497750963231,64.846307637674315,2.1692679800004884,-0.0042557627981782151
34.988381781422724,29.617808337777348,64.896304790825951,2.169048653465719,-0.0045176906702103885
34.960228181076765,29.659125284660181,64.946301943977588,2.1688162475910993,-0.0047789623929843147
34.932084453469137,29.700448957140495,64.996299097129224,2.1685707957492748,-0.0050395553075083125
34.903951138695625,29.741779719405088,65.046296250280861,2.1683123324421225,-0.0052994469015408621
34.875828775684241,29.783117934239499,65.096293403432497,2.1680408932933801,-0.0055586148129040027
34.847717902139614,29.824463963010011,65.146290556584134,2.16775651504084,-0.0058170368330235523
34.819619054544212,29.86581816556258,65.19628770973577,2.1674592355289239,-0.0060746909099165629
34.791532768102492,29.907180900206367,65.246284862887407,2.1671490937005466,-0.0063315551516765984
34.763459576713743,29.948552523655756,65.296282016039058,2.1668261295890887,-0.0065876078296660326
34.735400012939387,29.989933390981221,65.346279169190694,2.1664903843101517,-0.0068428273817305006
34.707354607970281,30.031323855560707,65.396276322342331,2.1661419000531552,-0.0070971924153835951
34.679323891594265,30.072724269031468,65.446273475493967,2.1657807200727741,-0.0073506817109604428
34.651308392163813,30.114134981242458,65.496270628645604,2.1654068886802222,-0.007603274224740799
34.623308636563742,30.155556340207312,65.546267781797241,2.1650204512343758,-0.0078549490920410414
34.595325028917522,30.196988610183901,65.596264934948877,2.1646409829154698,-0.0063681808714266723
34.567354393069046,30.238429638676234,65.646262088100514,2.1644128193615537,-0.0027604208059913275
34.53938947827492,30.279874528145374,65.69625924125215,2.1643648178317338,0.00083901524731334117
34.511422826100038,30.321318245226053,65.746256394403787,2.1644966077789496,0.00443195068670439
34.483446992205849,30.362755764718653,65.796253547555423,2.1648079095110928,0.0080201960196170305
34.455454545328614,30.404182063016759,65.846250700707074,2.1652985334718697,0.011605545889633591
34.427438066228326,30.445592111658474,65.896247853858711,2.1659683793739233,0.015189776108594332
34.399390146740089,30.486980870827757,65.946245007010347,2.1668174351819887,0.018774640645679574
34.371303388863389,30.528343282921913,65.996242160161984,2.1678457759441132,0.022361868550967973
34.343170403906015,30.569674266182115,66.04623931331362,2.1690535624677385,0.025953160781172536
34.314983811785567,30.610968708257548,66.096236466465257,2.1704410398312888,0.029550186884733032
34.286736240356483,30.652221459919652,66.146233619616893,2.1720085357297862,0.033154581533923956
34.258420324942385,30.6934273286865,66.19623077276853,2.1737564586387004,0.036767940852320442
34.230028707960713,30.734581072547218,66.246227925920167,2.175685295791391,0.040391818523746327
34.201554038748739,30.775677393653499,66.296225079071803,2.1777956109533663,0.044027721641065547
34.172988973526685,30.816710932098385,66.34622223222344,2.1800880419850142,0.047677106275804869
34.14432617560351,30.857676259658316,66.39621938537509,2.1825632981719281,0.051341372728624601
34.115558315772361,30.89856787360603,66.446216538526727,2.1852221573114301,0.055021860441696768
34.086678072952829,30.939380190543417,66.496213691678363,2.1880654625348752,0.058719842540948509
34.057678135089063,30.980107540276627,66.54621084483,2.1910941188474093,0.062436519983523106
34.028551200324898,31.020744159738928,66.596207997981637,2.1943090893647494,0.066173015285698869
33.999289978477776,31.061284186969583,66.646205151133273,2.1977113912253778,0.069930365808314257
33.96988719283182,31.101721655160219,66.69620230428491,2.201302091155581,0.073709516579073112
33.94033558227315,31.142050486780033,66.746199457436546,2.2050823006635998,0.077511312633502624
33.910627903788772,31.182264487795365,66.796196610588183,2.2090531708385561,0.081336490859737945
33.880756935352387,31.222357341999299,66.846193763739819,2.21321588672894,0.08518567133586849
33.850715479219389,31.262322605471162,66.896190916891456,2.2175716612752114,0.089059348153240972
33.82049636565467,31.302153701186487,66.946188070043107,2.2221217287706589,0.09295787972419893
33.79009245711584,31.34184391380175,66.996185223194743,2.2268673378248889,0.096881478578980412
33.759496652914919,31.38138638464034,67.04618237634638,2.2318097438046247,0.10083020066347975
33.728701894380755,31.4207741069097,67.096179529498016,2.2369502007273798,0.1048039341577422
33.697701170544256,31.459999921181307,67.146176682649653,2.2422899525846502,0.10880238784415686
33.66648752436712,31.499056511169801,67.196173835801289,2.2478302240731201,0.11282507906478312
33.635054059534212,31.537936399849215,67.246170988952926,2.2535722107144993,0.11687132131873203
33.603393947827144,31.576631945948659,67.296168142104563,2.2595170683476136,0.12094021156346922
33.571500437096262,31.615135340872165,67.346165295256199,2.2656659019797503,0.12503061729789927
33.539366859844364,31.653438606090877,67.396162448407836,2.2720197539886557,0.1291411635205407
33.506986642433539,31.691533591059134,67.446159601559472,2.2785795916716203,0.13327021967263367
33.474353314923064,31.729411971708661,67.496156754711123,2.2853462941439946,0.13741588669366667
33.441460521542488,31.767065249577936,67.54615390786276,2.2923206385963133,0.14157598433542334
33.408302031799217,31.804484751636711,67.596151061014396,2.2995032859270634,0.1457480389000608
33.374871752215668,31.84166163086752,67.646148214166033,2.3068947657767742,0.14992927158748834
33.341163738684671,31.878586867668151,67.696145367317669,2.3144954609989905,0.15411658765737093
33.307172209422845,31.915251272143905,67.746142520469306,2.3223055916151396,0.15830656663111334
33.272891558520108,31.951645487331184,67.796139673620942,2.3303251983060345,0.16249545377491342
33.238316369985952,31.987759993491736,67.846136826772579,2.3385541255264295,0.16667915313359291
33.203441432365921,32.023585113420822,67.896133979924215,2.3469920043003527,0.17085322237804093
33.168261753765947,32.059111018955292,67.946131133075852,2.3556382348219116,0.17501286976966596
33.132772577295057,32.094327738669264,67.996128286227503,2.3644919689586876,0.17915295353182059
33.096969396836222,32.129225166838665,68.046125439379139,2.3735520927909586,0.18326798393375954
33.060847973070672,32.163793073723831,68.096122592530776,2.3828172093292928,0.18735212838855178
33.024404349668501,32.198021117215148,68.146119745682412,2.3922856215684298,0.19139921985922412
32.987634869546824,32.231898855879969,68.196116898834049,2.4019553160500795,0.19540276885286248
32.950536191087494,32.265415763439222,68.246114051985685,2.4118239471204803,0.19935597925947565
32.913105304196215,32.298561244690966,68.296111205137322,2.4218888220807506,0.20325176826079908
32.875339546075708,32.331324652886273,68.346108358288959,2.4321468874382326,0.20708279049310566
32.837236616576298,32.363695308548998,68.396105511440595,2.4425947164752517,0.21084146659734718
32.798794592980926,32.395662519714953,68.446102664592232,2.4532284983565491,0.21452001622916153
32.760011944074193,32.427215603550344,68.496099817743868,2.4640440289988654,0.21811049553118325
32.720887543341235,32.458343909290669,68.546096970895519,2.4750367039240961,0.22160483899086578
32.681420681138349,32.489036842423651,68.596094124047156,2.4862015133117454,0.22499490552010487
32.641611075679521,32.519283890017725,68.646091277198792,2.4975330394550102,0.2282725284992799
32.601458882668794,32.549074647090009,68.696088430350429,2.5090254568140695,0.23142956943178924
32.560964703468045,32.578398843846095,68.746085583502065,2.5206725348239969,0.23445797475076183
32.520130303393906,32.60724738943297,68.796082736653702,2.5323627173211176,0.23144112884597587
32.478964857292461,32.635621570102685,68.846079889805338,2.5437985507947136,0.22603038755596586
32.437481374293107,32.663528737353658,68.896077042956975,2.5549657194578028,0.22069464425504734
32.395692473059924,32.690976474914287,68.946074196108611,2.5658680745759339,0.21543783679014947
32.353610335382527,32.717972500961118,68.996071349260248,2.5765096459452255,0.21026317849151263
32.311246711992389,32.744524643455414,69.046068502411885,2.5868946070767249,0.20517321413631559
32.26861292974484,32.770640817514568,69.096065655563535,2.5970272431368477,0.20016987431743341
32.225719899938461,32.796329004764274,69.146062808715172,2.6069119215567294,0.19525452774237795
32.182578127582495,32.821597234593249,69.196059961866808,2.6165530651970057,0.19042803110308998
32.139197721439352,32.846453567226234,69.246057115018445,2.625955127939509,0.18569077625536876
32.095588404685678,32.870906078527184,69.296054268170082,2.63512257256675,0.18104273453076675
32.051759526052727,32.894962846441175,69.346051421321718,2.644059850782857,0.17648349807484767
32.007720071322943,32.918631938982145,69.396048574473355,2.6527713852258072,0.17201231816452545
31.963478675073102,32.941921403675131,69.446045727624991,2.6612615533198976,0.1676281405048676
31.919043632569448,32.964839258361657,69.496042880776628,2.6695346728181231,0.16332963754384666
31.874422911731809,32.987393483280755,69.546040033928264,2.6775949888870678,0.15911523787268855
31.829624165096085,33.009592014340384,69.596037187079901,2.6854466625906501,0.15498315280134797
31.784654741714348,33.03144273749826,69.646034340231552,2.6930937606341194,0.15093140021382287
31.73952169894141,33.052953484175461,69.696031493383188,2.7005402462351547,0.14695782581779476
31.694231814066018,33.074132027630434,69.746028646534825,2.7077899709946851,0.14306012190821729
31.648791595749078,33.094986080227031,69.796025799686461,2.7148466676465843,0.13923584376536652
31.603207295256453,33.115523291527616,69.846022952838098,2.7217139435686457,0.13548242380728101
31.557484917427175,33.135751247170539,69.896020105989734,2.7283952749511347,0.13179718360735795
31.511630231397444,33.155677468462656,69.946017259141371,2.7348940015131409,0.128177343887135
31.465648781086436,33.175309412633112,69.996014412293007,2.7412133216659655,0.12462003258347228
31.419545895343163,33.194654473745956,70.046011565444644,2.7473562880424898,0.12112229107045037
31.37332669790128,33.213719984170098,70.096008718596281,2.7533258032815398,0.1176810786236186
31.326996116950689,33.232513216654738,70.146005871747917,2.7591246160066247,0.11429327517493122
31.280558894529381,33.251041386898386,70.196003024899568,2.7647553168884307,0.11095568242265337
31.234019595597886,33.269311656648874,70.246000178051204,2.7702203347285401,0.10766502331934405
31.187382616861278,33.287331137291744,70.295997331202841,2.7755219324762872,0.10441793996014453
31.140652195339651,33.305106893917717,70.345994484354478,2.7806622031000594,0.10121098987123749
31.093832367019651,33.322645816507375,70.395991637506114,2.7856587436845048,0.099190377360002274
31.046926107515656,33.339952262549907,70.445988790657751,2.7905911708609845,0.098111260499136696
30.999935521415058,33.357028420945944,70.495985943809387,2.7954686497480017,0.096992460972755976
30.952862681581863,33.373876513799097,70.545983096961024,2.800289217829194,0.095834847964602565
30.905709656810537,33.390498873867493,70.59598025011266,2.8050509573682691,0.094639343181275093
30.858478509585719,33.406897942490879,70.645977403264297,2.8097519979692258,0.093406918052915747
30.81117129399534,33.42307626732147,70.695974556415933,2.8143905189842298,0.092138590802618645
30.763790053618656,33.439036499931959,70.745971709567584,2.8189647517815626,0.090835423398216222
30.716336819548197,33.454781393254784,70.795968862719221,2.8234729818528672,0.089498518409032987
30.66881360847368,33.470313798888952,70.845966015870857,2.827913550763109,0.08812901578445273
30.621222420853673,33.485636664276186,70.895963169022494,2.8322848579377018,0.086728089573622713
30.573565239177398,33.500753029756517,70.94596032217413,2.8365853622844988,0.085296944604830421
30.52584402631939,33.515666025513376,70.995957475325767,2.8408135836491568,0.083836813142746006
30.478060723990655,33.530378868418033,71.045954628477404,2.8449681041031809,0.082348951541246246
30.430217251288216,33.544894858783408,71.09595178162904,2.849047569064886,0.080834636908859864
30.382315503345907,33.559217377037399,71.145948934780677,2.8530506882542679,0.079295163803142887
30.334357350087135,33.573349880325509,71.195946087932313,2.8569762364836544,0.077731840969370455
30.286344635080621,33.587295899053323,71.245943241083964,2.860823054286739,0.076145988137973908
30.238279174500118,33.601059033378114,71.2959403942356,2.8645900483892057,0.074538932894129398
30.190162756190489,33.614642949658815,71.345937547387237,2.8682761920247004,0.072912007631849893
30.141997138814638,33.62805137688084,71.395934700538874,2.8718805251025277,0.071266546602840194
30.093784051170427,33.641288103039777,71.44593185369051,2.8754021542253261,0.069603883073111036
30.045525191498612,33.654356971542583,71.495929006842147,2.8788402525755683,0.0679253465900055
29.997222226989727,33.667261877576365,71.545926159993783,2.8821940596610318,0.066232260374298663
29.948876793339533,33.680006764494372,71.59592331314542,2.8854628809366325,0.064525938838619595
29.9004904944088,33.692595620211094,71.645920466297056,2.8886460873047826,0.062807685239297972
29.852064901974789,33.705032473616413,71.695917619448693,2.8917431145017547,0.061078789465287199
29.803601555571252,33.717321391016284,71.745914772600329,2.8947534623770141,0.059340525967020087
29.755101962414752,33.729466472606234,71.79591192575198,2.8976766940724841,0.057594151827058862
29.706567597412665,33.741471848984197,71.845909078903617,2.9005124351089449,0.055840904973314981
29.657999903249625,33.753341677708505,71.895906232055253,2.9032603723866584,0.054082002534732748
29.609400290548663,33.765080139906395,71.94590338520689,2.9059202531073249,0.05231863933845337
29.560769976180882,33.776690756221569,71.995900538358526,2.9085514583407672,0.053933669118888361
29.512108520002872,33.788170146657471,72.045897691510163,2.9113237891905004,0.056966289163645205
29.46341456777883,33.799510894381122,72.0958948446618,2.9142478198571067,0.060002323818589498
29.414686814701163,33.810705510598659,72.145891997813436,2.9173237679091706,0.063043634591612899
29.365924019908793,33.821746479596008,72.195889150965073,2.9205519421117754,0.066092008085424675
29.317125009146086,33.832626253989268,72.245886304116709,2.9239327386843152,0.069149156040014731
29.268288677567003,33.843337250191986,72.295883457268346,2.9274666375496334,0.072216714943314747
29.219413992690889,33.853871844102997,72.345880610419997,2.9311541985528349,0.075296245206001616
29.170499997516128,33.864222367019508,72.395877763571633,2.9349960576278491,0.078389229895612131
29.121545813797919,33.874381101782056,72.44587491672327,2.9389929228895681,0.081497073024569391
29.072550645495312,33.884340279159034,72.495872069874906,2.9431455706291119,0.084621097386349139
29.023513782392534,33.894092074480156,72.545869223026543,2.9474548411895056,0.087762541933874824
28.974434603899251,33.903628604529963,72.595866376178179,2.9519216346986923,0.090922558694287184
28.925312583033044,33.912941924713536,72.645863529329816,2.9565469066366301,0.094102209214691396
28.876147290588168,33.92202402650868,72.695860682481452,2.9613316632128042,0.097302460534087157
28.826938399491937,33.930866835220101,72.745857835633089,2.966276956530467,0.10052418067790055
28.777685689350569,33.939462208052916,72.795854988784725,2.9713838795136445,0.10376813367292742
28.728389051185818,33.947801932524122,72.845852141936362,2.9766535605728239,0.10703497408240813
28.679048492359769,33.955877725232853,72.895849295088013,2.9820871579855703,0.11032524106357919
28.629664141687787,33.963681231011194,72.945846448239649,2.9876858539681259,0.11363935195279462
28.580236254735308,33.971204022479313,72.995843601391286,2.9934508484146596,0.11697759538709183
28.5307652192934,33.97843760003007,73.045840754542922,2.9993833522813214,0.12034012397527746
28.481251561027001,33.985373392269743,73.095837907694559,3.0054845805929413,0.12372694653652407
28.431695949286727,33.992002756942902,73.145835060846196,3.0117557450513579,0.12713791993023929
28.382099203073643,33.99831698237076,73.195832213997832,3.0181980462256708,0.1305727405074382
28.332462297143934,34.004307289433392,73.245829367149469,3.0248126653063778,0.13403093522117682
28.282786368237762,34.009964834127452,73.295826520301105,3.0316007554074855,0.13751185244180616
28.233072721414171,34.015280710731439,73.345823673452742,3.0385634324031385,0.14101465253182849
28.18332283647068,34.020245955611429,73.395820826604378,3.0457017652883236,0.14453829824506784
28.133538374422944,34.024851551700429,73.445817979756029,3.0530167660567464,0.14808154502563287
28.083721184017222,34.029088433684329,73.495815132907666,3.0605093790929261,0.15164293129365058
28.033873308243521,34.032947493927139,73.545812286059302,3.0681804700803741,0.15522076881709165
27.983997091456423,34.036421087695658,73.595809439210939,3.0759087278751576,0.15219392752594532
27.93409588387021,34.039515141293258,73.645806592362575,3.0833828445376974,0.14677947901004401
27.88417330652144,34.042242922136467,73.695803745514212,3.0905850683552791,0.14131871091094989
27.834232694549154,34.044617916866656,73.745800898665848,3.0975132472306357,0.13581809925443927
27.784277099148348,34.046653744157908,73.795798051817485,3.1041655416618537,0.13028367197245791
27.734309295318067,34.048364135300389,73.845795204969122,3.1105404022900838,0.12472100766151917
27.684331790443469,34.049762916217489,73.895792358120758,3.1166365474883997,0.11913523839394642
27.634346833603839,34.050863990916909,73.945789511272395,3.122452941183139,0.11353105613333668
27.584356425503792,34.051681326361944,73.995786664424045,3.1279887710769056,0.10791272231380081
27.534362328932843,34.052228938737919,74.045783817575682,3.1332434274206982,0.10228408015840425
27.484366079664547,34.052520881078095,74.095780970727319,3.1382164824619778,0.096648569333915454
27.434368997715275,34.052571232204855,74.145778123878955,-3.1402776365036629,0.091009242565317616
27.384372198889778,34.052394086934434,74.195775277030592,-3.1358684373105326,0.085368783862935879
27.334376606547796,34.052003547487587,74.245772430182228,-3.1317412239517406,0.079729528046444287
27.284382963535087,34.051413716043406,74.295769583333865,-3.127895884809679,0.074093481282582113
27.234391844227773,34.050638688370043,74.345766736485501,-3.124332215737549,0.068462342385822467
27.184403666644428,34.049692548462964,74.395763889637138,-3.1210499348817335,0.062837524663030969
27.134418704595912,34.048589364119216,74.445761042788774,-3.1180486964027048,0.057220178115021135
27.084437099832343,34.047343183375055,74.495758195940425,-3.1153281030800208,0.051611211835227162
27.034458874169662,34.045968031733373,74.545755349092062,-3.112887717795489,0.04601131647502401
26.984483941572659,34.044477910106963,74.595752502243698,-3.1107270738936794,0.040420986669104528
26.93451212017996,34.042886793403973,74.645749655395335,-3.1088456844240238,0.034840543337654933
26.884543144259936,34.041208629682259,74.695746808546971,-3.1072430502723001,0.029270155802363692
26.834576676089995,34.039457339799696,74.745743961698608,-3.1059186671919936,0.023709863671308621
26.784612317755556,34.03764681748882,74.795741114850244,-3.1048720317479042,0.018159598463397812
26.734649622867078,34.035790929784639,74.845738268001881,-3.1041026461854595,0.012619204956117673
26.68468810819617,34.033903517735645,74.895735421153518,-3.1036100222397507,0.0070884622512809511
26.634727265233984,34.031998397328863,74.945732574305154,-3.1033936838983429,0.0015671045620309341
26.584766571675114,34.030089360560922,74.995729727456791,-3.1034531691315657,-0.0039451582693750854
26.534805502832629,34.028190176587941,75.045726880608441,-3.103788030603424,-0.0094486205090418777
26.484843588248733,34.026313382207427,75.095724033760078,-3.1043093575776028,-0.010636385260623523
26.43488068315499,34.024463145047129,75.145721186911715,-3.1048474446295873,-0.010888470549373124
26.384916778231197,34.022640107785328,75.195718340063351,-3.1053981580354351,-0.011141479810671677
26.334951865572439,34.020844903020034,75.245715493214988,-3.1059615457386469,-0.011395482989631786
26.284985938242514,34.01907816586187,75.295712646366624,-3.1065376591863623,-0.011650550303330768
26.235018990297707,34.017340534109316,75.345709799518261,-3.107126553344262,-0.011906752293125124
26.185051016811357,34.015632648424877,75.395706952669897,-3.1077282867140914,-0.012164159877056442
26.135082013899204,34.013955152511883,75.445704105821534,-3.1083429213538079,-0.012422844402423687
26.085111978745527,34.012308693292589,75.49570125897317,-3.1089705229003615,-0.012682877698596058
26.035140909630442,34.010693921087167,75.545698412124807,-3.1096111605951235,-0.012944332130140011
25.985168805957997,34.009111489794151,75.595695565276458,-3.1102649073119788,-0.013207280650335584
25.935195668285257,34.007562057072235,75.645692718428094,-3.11093183958811,-0.013471796855157585
25.8852214983525,34.006046284523627,75.695689871579731,-3.1116120376574901,-0.013737955037795431
25.835246299114328,34.004564837879009,75.745687024731367,-3.1123055854871158,-0.014005830243789052
25.785270074772022,34.003118387184408,75.795684177883004,-3.1130125708160166,-0.014275498326856083
25.735292830807079,34.001707606989918,75.84568133103464,-3.1137330851970737,-0.014547036005488564
25.685314574010558,34.000333176540494,75.895678484186277,-3.1144672240417659,-0.014820520920427833
25.63533531253886,33.998995779969427,75.945675637337914,-3.1152150866674408,-0.015096031692929255
25.58535505593353,33.997696106493379,75.99567279048955,-3.1159767763480732,-0.015373647984240586
25.535373815136499,33.996434850609724,76.045669943641187,-3.1167524003681346,-0.015653450556210688
25.485391602586834,33.99521271229856,76.095667096792823,-3.1175420700782852,-0.015935521332629175
25.43540843222166,33.994030397225075,76.145664249944474,-3.1183459009556556,-0.016219943462372061
25.385424319529498,33.992888616946132,76.195661403096111,-3.1191640126665439,-0.016506801383619835
25.335439281594642,33.991788089119744,76.245658556247747,-3.1199965291325151,-0.016796180889580434
25.285453337143622,33.990729537717698,76.295655709399384,-3.1208435785998208,-0.017088169195750444
25.235466506583005,33.989713693241562,76.34565286255102,-3.1217052937124032,-0.017382855008875656
25.185478812089546,33.98874129294316,76.395650015702657,-3.1225818115875086,-0.017680328597350879
25.135490277601281,33.98781308104688,76.445647168854293,-3.1234732738966238,-0.017980681864056977
25.085500928911554,33.986929808977806,76.49564432200593,-3.1243798269483429,-0.018284008420551057
25.03551079371454,33.986092235593112,76.545641475157566,-3.1253016217758764,-0.018590403663613628
24.985519901662919,33.985301127417806,76.595638628309203,-3.1262388142282647,-0.018899964853910454
24.935528284427868,33.98455725888499,76.64563578146084,-3.1271915650655777,-0.019212791196946268
24.885536000025571,33.9838596375496,76.69563293461249,-3.1280282080945621,-0.013000200600618322
24.835543272106552,33.983194479858625,76.745630087764127,-3.1284835850476713,-0.0052110707255157507
24.78555037223602,33.982542341553696,76.795627240915763,-3.1285488317309698,0.0026052864297051062
24.735557558012761,33.981883686432823,76.8456243940674,-3.1282226788878775,0.010445183986704883
24.685565095486979,33.981198919570005,76.895621547219037,-3.1275040428557395,0.018304875814804257
24.635573282139926,33.980468397015684,76.945618700370673,-3.1263920298604302,0.026180503099042227
24.585582470017481,33.979672435841806,76.99561585352231,-3.1248859430001468,0.034068040254049553
24.535593089013506,33.978791324712809,77.045613006673946,-3.1229852919425878,0.041963240596268339
24.485605670099385,33.977805335161136,77.095610159825583,-3.1206898053316956,0.049861582253150301
24.435620868614517,33.976694733751145,77.145607312977219,-3.117999445886273,0.05775821478056279
24.385639487384466,33.975439795306457,77.195604466128856,-3.1149144281359957,0.065647907064842803
24.335662499652031,33.974020817375624,77.245601619280507,-3.1114352387183928,0.073524997108342371
24.285691071701166,33.972418136103109,77.295598772432143,-3.1075626591252608,0.081383344375976122
24.235726585062757,33.970612143663352,77.34559592558378,-3.1032977907522681,0.089216285443951451
24.185770658178331,33.968583307405019,77.395593078735416,-3.0986420820667617,0.097016593759963424
24.135825167382002,33.966312190837797,77.445590231887053,-3.0935973576665381,0.10477644439025174
24.085892267048397,33.963779476576569,77.495587385038689,-3.0881658489571286,0.11248738468890837
24.035974408739822,33.960965991337424,77.545584538190326,-3.0823502261270468,0.12014031187516001
23.986074359172097,33.95785273305502,77.595581691341962,-3.0761536310501949,0.12772545854019085
23.936195216805704,33.954420900163413,77.645578844493599,-3.0695797106930289,0.1352323871213611
23.88634042685797,33.950651923050387,77.695575997645236,-3.0626326505523211,0.14264999437312534
23.836513794522304,33.946527497659723,77.745573150796886,-3.0553172075987436,0.14996652682530351
23.786719496174157,33.942029621177603,77.795570303948523,-3.0476387421536093,0.157169608145487
23.736962088339631,33.937140629696231,77.845567457100159,-3.0396032480829418,0.16424627920861551
23.687246514204126,33.931843237703603,77.895564610251796,-3.0312173806567007,0.17118305151944022
23.637578107442863,33.926120579200656,77.945561763403433,-3.0224884813935038,0.1779659744305214
23.587962593166715,33.919956250199164,77.995558916555069,-3.0134245991951967,0.18458071634867412
23.538406085792207,33.913334352304396,78.045556069706706,-3.0040345070730892,0.19101265982818103
23.488915083667237,33.906239537038871,78.095553222858342,-2.9943277137809932,0.1972470101134583
23.439496460308604,33.898657050516967,78.145550376009979,-2.9843144697003448,0.2032689163245395
23.390157452177334,33.890572778043008,78.195547529161615,-2.9740057663799777,0.20906360408028235
23.340905642846057,33.881973288087323,78.245544682313252,-2.963413250487116,0.21468266073862263
23.291749078745006,33.872845158506976,78.295541835464903,-2.9525064142796302,0.22166976451927464
23.242696726892358,33.86317274050149,78.345538988616539,-2.9412419752849619,0.22899055535426457
23.193758358206154,33.852939306332395,78.395536141768176,-2.9296028009846462,0.23666307409731302
23.144944535015131,33.84212746868274,78.445533294919812,-2.9175708460819427,0.24470578222671813
23.096266679189533,33.830719163775569,78.495530448071449,-2.9051271333712969,0.25313748032569905
23.047737145819141,33.818695637553475,78.545527601223085,-2.8922517395612957,0.26197719046387635
22.999369302700437,33.806037435711403,78.595524754374722,-2.8789237880135921,0.27124399597879972
22.951177615844415,33.792724398532201,78.645521907526359,-2.8651214507152276,0.28095683095138907
22.903177741143448,33.778735661651467,78.695519060677995,-2.8508219622180331,0.291134210423382
22.855386622231453,33.764049664075358,78.745516213829632,-2.8360016487576627,0.30179389115685185
22.807822594431219,33.748644164992704,78.795513366981268,-2.8206359763048936,0.31295245155160928
22.760505494495707,33.732496271159164,78.845510520132919,-2.8046996218974249,0.32462477831804604
22.713456775607366,33.715582476883085,78.895507673284555,-2.7881665732397165,0.33682344679898935
22.666699626790631,33.697878718904498,78.945504826436192,-2.771010262220964,0.34955798165031182
22.620259095506398,33.679360448719983,78.995501979587829,-2.7532037386545989,0.36283398520164678
22.574162211721127,33.660002725154115,79.045499132739465,-2.7347198911380417,0.37665212258079223
22.528438111168761,33.639780330192167,79.095496285891102,-2.7155317224011806,0.3910069560377733
22.483118154841534,33.618667911242277,79.145493439042738,-2.6956126867636572,0.40588562636815773
22.438236040954042,33.596640153054416,79.195490592194375,-2.674937097234384,0.42126638749194117
22.393827904729026,33.573671982444445,79.245487745346011,-2.653480609212957,0.43711701169057643
22.349932400368768,33.549738808702401,79.295484898497648,-2.6312207865126394,0.4533930982728937
22.306590758534952,33.524816802045763,79.345482051649284,-2.608137753317989,0.47003633786959004
22.263846811616094,33.4988832116452,79.395479204800935,-2.5842149325079262,0.48697280811128923
22.221746978093634,33.471916723539387,79.445476357952572,-2.5594398663238898,0.50411140348410144
22.180340196532232,33.443897857110471,79.495473511104208,-2.5338051095016607,0.52134253115616602
22.139677799256244,33.414809396676866,79.545470664255845,-2.5073091776790823,0.53853723285344246
22.099813315798055,33.384636852176413,79.595467817407481,-2.4799575252695445,0.55554691641274234
22.060802196898535,33.353368939911888,79.645464970559118,-2.4517635174194417,0.57220389407572203
22.022701451391463,33.320998071036442,79.695462123710755,-2.4227493508098323,0.58832292148161047
21.98556919086856,33.287520832076794,79.745459276862391,-2.3929468689140974,0.60370390495251747
21.949464080695833,33.252938438624227,79.795456430014028,-2.3623982101976719,0.61813588932750096
21.914444610998519,33.217257226417061,79.845453583165664,-2.3311873203394757,0.62621422743778909
21.880556308384755,33.180499956009172,79.895450736317301,-2.3000971706977524,0.61753293591075498
21.847818888461617,33.142713969703252,79.945447889468952,-2.2694300171540407,0.60930287329789068
21.81624761910555,33.103948270413262,79.995445042620588,-2.2391619630231707,0.60157590819677409
21.785856474153046,33.06425056932806,80.045442195772225,-2.209266749523211,0.59439482420368306
21.75665838625368,33.023667258794092,80.095439348923861,-2.1797161855140428,0.58779429864509358
21.728665481769092,32.982243418005353,80.145436502075498,-2.1504805287687394,0.58180185629398951
21.701889296531409,32.940022846798598,80.195433655227134,-2.1215288208486824,0.57643876738770106
21.676340971867088,32.897048123264121,80.245430808378771,-2.0928291789356623,0.57172086853935444
21.652031430739239,32.853360681352967,80.295427961530407,-2.0643490488512444,0.56765929263832027
21.628971534164371,32.809000905134134,80.345425114682044,-2.0360554240367259,0.56426109966115912
21.607172218243271,32.7640082368099,80.395422267833681,-2.0079150355566542,0.56152980465590674
21.586644612228767,32.718421296013794,80.445419420985317,-1.9798945182935876,0.55946580225645892
21.567400138056634,32.67227800828433,80.495416574136968,-1.9519605584778781,0.55806668918026514
21.549450591705821,32.625615740920281,80.545413727288604,-1.924080027587632,0.55732748750401329
21.532808206645633,32.578471444674797,80.595410880440241,-1.8962201074919185,0.55724077232306757
21.517485699484418,32.530881799934981,80.645408033591877,-1.8683484115172864,0.55779670788374658
21.503496297768447,32.482883366159449,80.695405186743514,-1.8404331059042924,0.55898299661357298
21.490853749701124,32.43451273340726,80.745402339895151,-1.8124430358911519,0.56078474582434734
21.479572315374163,32.385806674794452,80.795399493046787,-1.7843478604131489,0.56318425736988842
21.469666738925284,32.336802298620078,80.845396646198424,-1.7561181991069617,0.56616074633568114
21.461152200911179,32.287537198897077,80.89539379935006,-1.727725795045485,0.56968999602599091
21.454044250008799,32.238049602561404,80.945390952501697,-1.699143696065065,0.57374395822559698
21.448358713169629,32.188378511811663,80.995388105653348,-1.6703464572855655,0.57829030996064834
21.444111583255047,32.138563839322934,81.045385258804984,-1.6413103665502982,0.58329198090566303
21.441318883298994,32.088646534027568,81.095382411956621,-1.6120136938818017,0.58870666909054559
21.439996506678089,32.038668694676865,81.145379565108257,-1.5824369649976084,0.59448636666378096
21.44016003274249,31.98867366804928,81.195376718259894,-1.5525632577450794,0.60057692199346091
21.441824517855231,31.93870612833723,81.24537387141153,-1.5223785189004899,0.60691766910211264
21.445004262327945,31.888812133792733,81.295371024563167,-1.4918718970370115,0.61344115999379645
21.449712554421549,31.839039156737691,81.345368177714803,-1.4610360854574003,0.62007303927440005
21.455961393432993,31.789436082501492,81.39536533086644,-1.4298676669035557,0.62673210309395833
21.463754281661178,31.740052025495885,81.445362484018077,-1.3987940209301908,0.61605996215700398
21.473064419346276,31.69093133293304,81.495359637169713,-1.3682585368847171,0.60550319505368777
21.483857228125615,31.642114912631545,81.545356790321364,-1.3382391233241606,0.59542759180710469
21.49609841465907,31.593641342025528,81.595353943473,-1.3087100772918712,0.58589709590308958
21.509754227210173,31.545547079219148,81.645351096624637,-1.2796427737323861,0.57696487463233692
21.52479166528077,31.49786668529412,81.695348249776274,-1.251006171041751,0.56867465010825635
21.541178646330899,31.450633052442907,81.74534540292791,-1.222767250294029,0.56106201256938659
21.558884133777703,31.403877633735942,81.795342556079547,-1.1948913901562102,0.55415567398372767
21.577878230449215,31.357630671322145,81.845339709231183,-1.167342681239746,0.54797863343772568
21.598132241488141,31.311921420706014,81.89533686238282,-1.1400841847654795,0.54254923656097986
21.619618710337139,31.266778369587875,81.945334015534456,-1.1130781411602486,0.53788211945443265
21.642311431160479,31.222229450083965,81.995331168686093,-1.0862861343709231,0.53398903346515747
21.66618544045226,31.178302243990167,82.045328321837729,-1.0596692179901659,0.53087955114620622
21.691216990335256,31.135024180651271,82.09532547498938,-1.0331880089441972,0.52856165602981298
21.71738350542439,31.092422727616,82.145322628141017,-1.0068027545584599,0.52704221993392919
21.744663524812353,31.050525574151294,82.195319781292653,-0.98047337847784588,0.52632737154438269
21.773036630261352,31.009360807863352,82.24531693444429,-0.95415951081382977,0.52642275930530869
21.802483361307004,30.968957084625806,82.295314087595926,-0.92782050775038316,0.52733371035287357
21.832985117611145,30.929343791937665,82.345311240747563,-0.9014154657979474,0.52906528551629306
21.864524048561986,30.890551205683824,82.395308393899199,-0.87490323593242525,0.53162222841318418
21.897082929813227,30.852610640057939,82.445305547050836,-0.84824244300831975,0.53500880450132071
21.930645026180787,30.815554590127302,82.495302700202473,-0.82139151609749628,0.5392285237335962
21.965193940081548,30.77941686617277,82.545299853354109,-0.7943087357767401,0.54428373833057919
22.000713444511245,30.744232718516447,82.595297006505746,-0.76695230486010657,0.55017510530100777
22.037187299427515,30.710038951054397,82.645294159657396,-0.73928044962831296,0.5569009019211677
22.074599050345896,30.676874021137529,82.695291312809033,-0.71125155921741579,0.5644561817150261
22.112931807987323,30.64477812278912,82.74528846596067,-0.68282437144630559,0.57283175893237392
22.152168007963727,30.613793249516608,82.795285619112306,-0.65395821391873266,0.58201301157997354
22.19228914978013,30.583963232177052,82.845282772263943,-0.62461330963739981,0.59197849730979124
22.233275514904602,30.555333746509397,82.895279925415579,-0.59475115648741983,0.60269838360265393
22.275105864349026,30.527952284084858,82.945277078567216,-0.56433498962178885,0.61413270447092849
22.31775711412017,30.501868074467403,82.995274231718852,-0.5333342879697538,0.62448070684647794
22.361198823739024,30.477122721828803,83.045271384870489,-0.50229385224658862,0.61706451498247983
22.405383136948732,30.453729002440415,83.095268538022125,-0.47164463166675835,0.60885146592408212
22.450258981445735,30.431690770921545,83.145265691173762,-0.44142341189985118,0.59996399867342709
22.495775613188069,30.411008241219118,83.195262844325413,-0.41166084569300715,0.59052453866574983
22.541882981596508,30.391678282017388,83.245259997477049,-0.38238152010837073,0.5806529050279583
22.588532043749812,30.37369473910325,83.295257150628686,-0.35360414260576783,0.57046415516751348
22.635675026003334,30.357048773815567,83.345254303780322,-0.32534182334270922,0.5600668935051939
22.683265633595919,30.341729207698943,83.395251456931959,-0.29760243046368967,0.54956203991404429
22.731259210435141,30.327722864820739,83.445248610083596,-0.27038899602978805,0.53904202903383391
22.779612852470336,30.315014904690052,83.495245763235232,-0.2437001521493028,0.52859039457770518
22.828285478996058,30.303589140199733,83.545242916386869,-0.21753057939539699,0.51828168263880259
22.87723786654519,30.29342833650955,83.595240069538505,-0.19187145261706423,0.50818163396223404
22.926432650436016,30.284514488053613,83.645237222690142,-0.16671087213155164,0.49834757576897398
22.975834298810124,30.276829072063702,83.695234375841778,-0.14203427126219614,0.48882896784055613
23.025409063849629,30.270353277953507,83.745231528993429,-0.1178247937522635,0.47966805381454275
23.075124914475534,30.265068212705437,83.795228682145066,-0.094063636869578235,0.47090057603180208
23.12495145439059,30.260955083012561,83.845225835296702,-0.070730357905623348,0.46255651996868585
23.17485982885016,30.257995355379048,83.895222988448339,-0.047803143283340385,0.45466086170101355
23.224822623053626,30.256170895692122,83.945220141599975,-0.025259040643510981,0.44723429860399599
23.274813754571593,30.25546408997122,83.995217294751612,-0.003074155117969738,0.44029394938474975
23.324808361773645,30.255857948096686,84.045214447903248,0.018776188434630029,0.43385401449357569
23.374782689807386,30.257336192342621,84.095211601054885,0.040317315111255296,0.42792639197864818
23.424713975306421,30.259883332504081,84.145208754206521,0.061575099281424357,0.42252124700611438
23.474580330672367,30.263484729333353,84.195205907358158,0.082575891228027082,0.41764753566601787
23.524360628504798,30.268126647898253,84.245203060509809,0.10334646888680402,0.41331348543677154
23.574034386434274,30.273796302348511,84.295200213661445,0.12391401258256718,0.4095270359120643
23.623581652524269,30.280481893455349,84.345197366813082,0.14430610091615145,0.40629624418433652
23.672982891059071,30.288172640140001,84.395194519964718,0.16455072612244181,0.40362965976706172
23.722218868519672,30.29685880608519,84.445191673116355,0.18467632753273663,0.40153667414810434
23.771270539224748,30.306531722362841,84.495188826267992,0.20471184195713826,0.40002785011180253
23.820118930271818,30.317183806927076,84.545185979419628,0.22468677017532787,0.39911523584668179
23.868745648936038,30.328806041179195,84.595183132571265,0.24441927956958401,0.38729567834643941
23.917138343728666,30.341367392239817,84.645180285722901,0.26337728450599601,0.37095073535066958
23.965289858244212,30.354823934886493,84.695177438874538,0.28150159261916463,0.35396664377710635
24.013195791973491,30.36913039366177,84.745174592026174,0.2987633012437601,0.33646431019302914
24.060854376535389,30.384240614477047,84.795171745177825,0.3151393542115894,0.31855640498701987
24.108266344338187,30.400107900256575,84.845168898329462,0.33061209038459521,0.30034586890587611
24.155434774095813,30.416685306991582,84.895166051481098,0.34516873123490954,0.28192496010482188
24.202364920198431,30.433925898507539,84.945163204632735,0.35880083310045885,0.26337478281734961
24.24906403224211,30.451782959886266,84.995160357784371,0.37150372642253138,0.24476522519026611
24.295541170168875,30.470210170796985,85.045157510936008,0.38327596048641488,0.22615522856744771
24.341807019540774,30.489161740977444,85.095154664087644,0.39411876830891496,0.20759331176024137
24.38787371053774,30.508592510791463,85.145151817239281,0.4040355626251918,0.18911827972160905
24.433754643380265,30.528458020212369,85.195148970390917,0.41303147060843559,0.17076005479096998
24.479464322068811,30.548714549786393,85.245146123542554,0.42111291211495622,0.15254057882647559
24.525018197622266,30.56931913716544,85.295143276694191,0.42828722392457608,0.1344747449624685
24.570432521394888,30.590229572706907,85.345140429845841,0.43456233063412969,0.11657132763216152
24.615724208555257,30.611404377460705,85.395137582997478,0.43994646152107719,0.098833888386175323
24.660910711415038,30.632802766632786,85.445134736149114,0.44444791176703613,0.081261642661302022
24.706009901989813,30.654384601357798,85.495131889300751,0.44807484585128476,0.06385027893206778
24.751039962947758,30.676110331352326,85.545129042452388,0.45083514062550589,0.046592726648741714
24.796019285942002,30.697940930769377,85.595126195604024,0.45273626550027601,0.029479873139371365
24.840966376218603,30.719837829346226,85.645123348755661,0.45378519725473893,0.012501232374142605
24.88589976233305,30.741762840737433,85.695120501907297,0.45398836717475388,-0.0043544296903903325
24.930837909788238,30.763678089758486,85.745117655058934,0.45335163849008497,-0.021098507408704104
24.975799137416498,30.785545940133538,85.79511480821057,0.45188031238318094,-0.037741999179907754
25.020801535364267,30.80732892424292,85.845111961362207,0.44957916115172913,-0.054294976518686165
25.065862883597426,30.828989676302538,85.895109114513858,0.44645248739977728,-0.070766072929015336
25.111000569921597,30.850490870370571,85.945106267665494,0.44250420838671911,-0.087161988013250508
25.156231506648709,30.871795164586125,85.995103420817131,0.4377379648563488,-0.10348700360034516
25.201572045037807,30.892865152997643,86.045100573968767,0.43215725380115888,-0.11974251031847891
25.247037887050791,30.913663326492586,86.095097727120404,0.42576558461883035,-0.13592654515544861
25.292643993786129,30.934152044210645,86.14509488027204,0.41856665807132531,-0.15203334276473282
25.338404264891228,30.954294033030958,86.195092033423677,0.41061067933872492,-0.16555110664758754
25.384329672977003,30.974056543572466,86.245089186575314,0.40201475788152014,-0.1783524419659818
25.430429479845944,30.993408683812003,86.29508633972695,0.39277136640526378,-0.19145879779475877
25.476712421113159,31.012318581333425,86.345083492878587,0.38286415501549564,-0.20491391381162127
25.523186667009725,31.030753234357029,86.395080646030223,0.37227462542817963,-0.21875997416739307
25.569859758193129,31.048678393196468,86.445077799181874,0.36098221229841543,-0.23303744348630037
25.616738527506673,31.066058445710421,86.495074952333511,0.34896437615206022,-0.24778476386403051
25.663829006278991,31.082856307941544,86.545072105485147,0.33619671529058243,-0.26303789591474352
25.711136313745588,31.099033321698812,86.595069258636784,0.32265310495405131,-0.27882968371882549
25.758664528123624,31.114549161446671,86.64506641178842,0.30830587310696728,-0.29518902091505755
25.806416537909314,31.129361753569913,86.695063564940057,0.29312602339358806,-0.31213979360943889
25.854393872098886,31.143427211883282,86.745060718091693,0.27708351703269091,-0.32969957582769949
25.902596508296106,31.156699794148629,86.79505787124333,0.26014762658513824,-0.34787805573245079
25.951022658101564,31.169131885338963,86.845055024394966,0.24228737548386758,-0.36667517681053241
25.999668529829702,31.180674014421772,86.895052177546603,0.22347207775940495,-0.38607898900077336
26.048528069519449,31.191274912478416,86.945049330698239,0.20367199224937504,-0.40606322175601256
26.097592682449296,31.200881620960399,86.99504648384989,0.18285910439504549,-0.42658461585918139
26.146850938974591,31.209439659701385,87.045043637001527,0.16100804608021752,-0.44758008480156464
26.196288270528051,31.216893264818335,87.095040790153163,0.13809715936664177,-0.4689638204831067
26.245886664030465,31.223185706657368,87.1450379433048,0.11410970294518859,-0.49062451153814762
26.295624365736966,31.228259697257183,87.195035096456436,0.089035190205031312,-0.51242290348748309
26.34547560855675,31.232057895166335,87.245032249608073,0.062870834778621695,-0.53418999316405591
26.39541037993742,31.234523512615951,87.29502940275971,0.035623063322583116,-0.55572620695989083
26.445394250185227,31.235601025807778,87.345026555911346,0.00730903674584466,-0.57680195102618681
26.495388283180784,31.235236983317648,87.395023709062983,-0.022041898595539559,-0.59715992587080591
26.545349052332028,31.233380900385566,87.445020862214619,-0.052386926906831603,-0.61651955051701901
26.595228783726224,31.229986218452741,87.495018015366256,-0.083668758041655619,-0.63458372715252709
26.644975645281789,31.225011300292074,87.545015168517907,-0.11581502066876112,-0.65104798776405282
26.694534194901124,31.218420422352054,87.595012321669543,-0.14873816836013631,-0.66561180446417278
26.743846029025129,31.210184921233722,87.64500947482118,-0.18228737894727207,-0.67035669073258208
26.792855302969471,31.200306726656716,87.695006627972816,-0.21534759624476371,-0.65226846141319206
26.841516505584565,31.188835588471729,87.745003781124453,-0.24752550812221888,-0.6350791456852205
26.889789061293307,31.175825167015759,87.795000934276089,-0.27886833417541157,-0.61887544959188379
26.937636039604818,31.161327323079064,87.844998087427726,-0.30942701325414623,-0.60372019520844811
26.985023696970952,31.145391830256447,87.894995240579362,-0.33925511931252611,-0.58965666694635521
27.031921030908162,31.128066173914867,87.944992393730999,-0.368407985652842,-0.57671258504973744
27.078299353117146,31.109395422370486,87.994989546882636,-0.39694201697539938,-0.56490363798940946
27.12413188551961,31.089422157209306,88.044986700034286,-0.42491416652534508,-0.55423655422600693
27.16939338096542,31.068186451273764,88.094983853185923,-0.45238155552569803,-0.54471172639178467
27.214059768756226,31.04572588449944,88.144981006337559,-0.47940121328114471,-0.53632542079978529
27.258107823981003,31.02207558940982,88.194978159489196,-0.50602991827512067,-0.5290716156054599
27.301514858878427,30.99726831959353,88.244975312640832,-0.53232412286634156,-0.52294351470433842
27.344258433937391,30.971334535868191,88.294972465792469,-0.55833994653958008,-0.51793478375494961
27.386316086192284,30.944302506042725,88.344969618944106,-0.58413322492418995,-0.51404055120566339
27.427665071938968,30.916198415335398,88.394966772095742,-0.60975960374995364,-0.51125821204960054
27.468282494327674,30.887046995116719,88.444963925247379,-0.63520666631088651,-0.50467907493240549
27.508151715437801,30.856880282275252,88.494961078399015,-0.66018520266739544,-0.49453002557481673
27.54726297975343,30.82573707170933,88.544958231550652,-0.68465848335017476,-0.48447854378522293
27.585608493894934,30.793655657458835,88.594955384702303,-0.70863295163243889,-0.4745860142212015
27.6231820662655,30.760673433552967,88.644952537853939,-0.73211793853992879,-0.46490662484008466
27.659978916124274,30.72682676605513,88.694949691005576,-0.75512531253010695,-0.45548776741516184
27.695995486150956,30.692150893430632,88.744946844157212,-0.7776691519881761,-0.44637054352715916
27.73122926072849,30.656679852430688,88.794943997308849,-0.79976544492620283,-0.43759034146637221
27.765678591538162,30.620446426610368,88.844941150460485,-0.82143181868462234,-0.42917745516153005
27.799342531504713,30.583482114636634,88.894938303612122,-0.84268730113499934,-0.42115772197658863
27.832220677650746,30.545817115664516,88.944935456763758,-0.86355211386245934,-0.41355316164434514
27.864313023019665,30.507480329241648,88.994932609915395,-0.88404749704491858,-0.40638260352478883
27.895619817498481,30.468499367420311,89.044929763067032,-0.90419556521626354,-0.39966229368013051
27.926141437107844,30.428900576997556,89.094926916218668,-0.9240191927692657,-0.39340647692080827
27.955878261118656,30.388709070053011,89.144924069370319,-0.94354192789047109,-0.38762795202553191
27.984830556192207,30.347948761202943,89.194921222521955,-0.96278793359389292,-0.382338600838038
28.012998208925548,30.306642304302724,89.244918375673592,-0.98180347479084706,-0.3791626278668892
28.040377686044934,30.264809243029582,89.294915528825229,-1.000720091508051,-0.37754116932650356
28.066962699038442,30.222466846916969,89.344912681976865,-1.0195551303652974,-0.37590099459169385
28.09274728669525,30.179632315192897,89.394909835128502,-1.0383079030696631,-0.37425195048056509
28.117725910762541,30.136322835268182,89.444906988280138,-1.0569782055518524,-0.37260355547163487
28.14189343120222,30.092555560900923,89.494904141431775,-1.075566300883201,-0.37096497393720923
28.165245080946207,30.048347592923186,89.544901294583411,-1.0940729010349282,-0.36934499568925261
28.187776440398775,30.003715962447469,89.594898447735048,-1.1124991477588169,-0.36775202047275651
28.209483411822063,29.958677616636528,89.644895600886684,-1.1308465927719631,-0.36619404700543967
28.230362193877081,29.913249406816206,89.694892754038335,-1.1491171775277746,-0.36467866612234356
28.250409256448751,29.867448078929804,89.744889907189972,-1.1673132127345849,-0.36321305757490785
28.269621315901642,29.821290266271234,89.794887060341608,-1.1854373577834032,-0.36180399002468228
28.287995310930661,29.774792484347422,89.844884213493245,-1.2034926002541315,-0.36045782377100771
28.305528379119117,29.727971127791839,89.894881366644881,-1.2214822356152979,-0.35918051576386462
28.32221783431622,29.680842469216447,89.944878519796518,-1.2394098472224606,-0.35797762646719594
28.338061144930705,29.633422659890893,89.994875672948154,-1.2572792866973748,-0.35685432815797069
28.35305587320077,29.585727719821165,90.044872826099791,-1.2750986262455528,-0.35606572781981105
28.367199171506822,29.53777340272709,90.094869979251428,-1.2928862999169537,-0.35549278343437613
28.380487945578061,29.489575289711091,90.144867132403064,-1.3106470091307865,-0.35498754891700046
28.392919220053237,29.441148920825775,90.194864285554701,-1.3283842056669437,-0.35455263088731787
28.404490136056367,29.392509802426982,90.244861438706351,-1.3461014637438888,-0.35419032093933717
28.415197941728309,29.343673412783517,90.294858591857988,-1.3638024643258191,-0.35390259791460527
28.425039983871894,29.294655208469077,90.344855745009625,-1.3814909795377712,-0.35369112991952217
28.434013700748611,29.24547063144712,90.394852898161261,-1.3991708571724928,-0.35355727596597308
28.442116616060723,29.196135116757546,90.444850051312898,-1.4168460052678389,-0.35350208713336212
28.449346334148988,29.146664100714492,90.494847204464534,-1.4345203767286123,-0.35352630716923095
28.455700536432662,29.09707302952518,90.544844357616171,-1.4521979539628265,-0.35363037246485352
28.461176979115312,29.04737736823715,90.594841510767807,-1.4698827335003255,-0.35381441136153213
28.465773492177028,28.997592609922446,90.644838663919444,-1.4875787105593936,-0.35407824276281641
28.469487979670706,28.947734285005676,90.69483581707108,-1.5052898635264917,-0.35442137404756568
28.472318421337064,28.897817970642055,90.744832970222717,-1.5230201383144117,-0.35484299829874233
28.474262875550188,28.847859300049929,90.794830123374368,-1.5407734325654527,-0.35534199088311941
28.475322168385905,28.79787401445223,90.844827276526004,-1.5583555396506237,-0.34616718493605803
28.475516290326404,28.747877841664348,90.894824429677641,-1.5753758360802042,-0.33466600447189643
28.474873887195916,28.697885379041949,90.944821582829277,-1.5918188793327677,-0.32308332800587647
28.473424069266823,28.647909775656615,90.994818735980914,-1.6076816887463359,-0.31146203842930398
28.47119622618904,28.597962769822804,91.044815889132551,-1.6229632964638716,-0.29983977615009677
28.468219890408037,28.548054737131967,91.094813042284187,-1.6376644871158299,-0.28824902631242666
28.46452461759381,28.498194745836567,91.144810195435824,-1.651787544011784,-0.27671728833776832
28.460139883718067,28.448390617552651,91.19480734858746,-1.6653360054283326,-0.26526730694630324
28.455094998142503,28.398648991473191,91.244804501739097,-1.6783144335892206,-0.25391734587545173
28.449419031885025,28.348975390546666,91.294801654890747,-1.6907281980473714,-0.24268148791718502
28.443140760090504,28.299374288243946,91.344798808042384,-1.7025832744395191,-0.23156994740050169
28.436288617666705,28.249849174868579,91.394795961194021,-1.7138860589255598,-0.22058938374391857
28.428890667005817,28.200402622470342,91.444793114345657,-1.7246431981412436,-0.2097432069913629
28.420974576725577,28.151036347672719,91.494790267497294,-1.7348614340760178,-0.1990318683357738
28.412567610399158,28.101751271873365,91.54478742064893,-1.7445474629893167,-0.1884531304333148
28.403696624302402,28.052547578426513,91.594784573800567,-1.753707807257199,-0.17800231382833387
28.394388341248366,28.003424715128972,91.644781726952203,-1.7623310509613652,-0.16690206379240721
28.384670473428702,27.954381215913315,91.69477888010384,-1.7703968221340309,-0.15574632496341237
28.374571004983366,27.905414856879723,91.744776033255476,-1.777904792647657,-0.14459026618255527
28.364117815660975,27.85652277068672,91.794773186407113,-1.7848551523683587,-0.13344174787540886
28.35333866165232,27.807701498205837,91.844770339558764,-1.7912484293891793,-0.12230646782875415
28.342261163564118,27.758947039320265,91.8947674927104,-1.7970853861999174,-0.11118813373002266
28.330912800847575,27.710254902632993,91.944764645862037,-1.8023669245618146,-0.1000886383207335
28.319320912065365,27.661620153924172,91.994761799013673,-1.8070939991462662,-0.089008234433542138
28.307512700392035,27.613037463273287,92.04475895216531,-1.8112675398790543,-0.077945707920782981
28.295515243761695,27.564501150830054,92.094756105316947,-1.8148883828488029,-0.066898547144136275
28.283355509098662,27.51600523127642,92.144753258468583,-1.8179572095867693,-0.055863108276842197
28.271060370090545,27.467543457072559,92.19475041162022,-1.8204744945005449,-0.04483477617325525
28.258656627987012,27.419109360622656,92.244747564771856,-1.8224404602429898,-0.033808120989323724
28.246171034929791,27.370696295532909,92.294744717923493,-1.8238550408161702,-0.022777051097219975
28.233630319338328,27.322297477163175,92.344741871075129,-1.8247178522449068,-0.011734963133770414
28.221061212890909,27.273906022697954,92.39473902422678,-1.8250281707027178,-0.00067489026162834674
28.208487086689249,27.225515872114784,92.444736177378417,-1.8250115289087598,0.00063954775384464889
28.195914506450194,27.177125319845185,92.494733330530053,-1.8249655582041604,0.0011995578310010483
28.183344828625231,27.128734013585653,92.54473048368169,-1.8248915641110304,0.0017605185968820342
28.170779410455815,27.080341601088186,92.594727636833326,-1.8247895033853323,0.0023222583528767771
28.158219611161034,27.031947729974064,92.644724789984963,-1.8246593413936074,0.0028846043755950414
28.145666791549541,26.983552047957513,92.694721943136599,-1.8245010521610872,0.0034473830420830333
28.133122313629325,26.935154203070198,92.744719096288236,-1.8243146184135046,0.0040104199566745151
28.120587540215482,26.886753843886215,92.794716249439873,-1.8241000316125262,0.004573540079330262
28.10806383453631,26.838350619747228,92.844713402591509,-1.8238572919847322,0.0051365678553150418
28.095552559837873,26.789944180987504,92.894710555743146,-1.8235864085440809,0.0056993273460569857
28.083055078987481,26.741534179158997,92.944707708894796,-1.8232873991078093,0.0062616423610250592
28.070572754076164,26.693120267255637,92.994704862046433,-1.8229602903057149,0.0068233365904699179
28.058106946020416,26.644702099936893,93.044702015198069,-1.8226051175827815,0.007384233738860678
28.045659014163604,26.596279333750275,93.094699168349706,-1.822221925195123,0.0079441576588492359
28.033230315877123,26.547851627352465,93.144696321501343,-1.8218107661992167,0.0085029324855953447
28.020822206160645,26.499418641724763,93.194693474652979,-1.8213717024343765,0.0090603827713265483
28.008435647257098,26.450980140088795,93.244690627804616,-1.8209301850171031,0.0085496268580362265
27.996069794914735,26.402536348086915,93.294687780956252,-1.8205168446373845,0.0079850245409560216
27.98372328379882,26.354087623071376,93.344684934107889,-1.8201317188705779,0.0074209716528099417
27.971394749431866,26.305634320427586,93.394682087259525,-1.8197747812124012,0.0068574295354815063
27.959082828184084,26.257176793706357,93.444679240411162,-1.8194460070960279,0.00629435934692217
27.946786157210042,26.20871539476456,93.494676393562813,-1.8191453739009158,0.0057317220758203655
27.93450337438474,26.160250473905652,93.544673546714449,-1.8188728609609066,0.0051694785560405824
27.922233118238914,26.111782380019715,93.594670699866086,-1.8186284495716114,0.0046075894808482662
27.909974027893785,26.063311460723401,93.644667853017722,-1.8184121229970873,0.0040460154169431736
27.897724742995294,26.014838062499638,93.694665006169359,-1.8182238664758201,0.0034847168183183962
27.885483903647739,25.966362530836903,93.744662159320995,-1.8180636672260146,0.002923654039963326
27.873250150347086,25.917885210368407,93.794659312472632,-1.8179315144502055,0.0023627873514304436
27.861022123913866,25.869406445011219,93.844656465624269,-1.8178273993391922,0.0018020769502870813
27.848798465425794,25.820926578105173,93.894653618775905,-1.8177513150753031,0.0012414829754692396
27.83657781615009,25.772445952551628,93.944650771927542,-1.8177032568349958,0.00068096552055591007
27.82435881747562,25.723964910952109,93.994647925079178,-1.8176832217907937,0.0001204846469834953
27.812140320720783,25.675483742849075,94.044645078230829,-1.8176778619765765,0.00010871950411474936
27.799922087499592,25.627002508336162,94.094642231382466,-1.8176723402039294,0.00011216398357129252
27.787704126154761,25.578521205302525,94.144639384534102,-1.8176666462163207,0.00011560849463844642
27.775486445036705,25.53003983164874,94.194636537685739,-1.8176607800121951,0.00011905303631385504
27.763269052495193,25.481558385272365,94.244633690837375,-1.8176547415900477,0.00012249760759518353
27.751051956880058,25.433076864071065,94.294630843989012,-1.8176485309484232,0.00012594220747989086
27.738835166541271,25.384595265942711,94.344627997140648,-1.8176421480859166,0.00012938683496522115
27.726618689828932,25.336113588785306,94.394625150292285,-1.8176355930011727,0.0001328314890482039
27.714402535093196,25.287631830496952,94.444622303443921,-1.8176288656928874,0.00013627616872565322
27.702186710684355,25.239149988975914,94.494619456595558,-1.8176219661598056,0.00013972087299416017
27.689971224952789,25.190668062120626,94.544616609747209,-1.8176148944007231,0.0001431656008500851
27.677756086248991,25.142186047829693,94.594613762898845,-1.8176076504144858,0.00014661035128955922
27.665541302923558,25.093703944001913,94.644610916050482,-1.8176002341999893,0.00015005512330847588
27.653326883327164,25.045221748536179,94.694608069202118,-1.8175926457561804,0.00015349991590249277
27.641112835810592,24.996739459331554,94.744605222353755,-1.8175848850820548,0.0001569447280670253
27.628899168724722,24.948257074287373,94.794602375505391,-1.8175769521766598,0.00016038955879723609
27.616685890420534,24.899774591303135,94.844599528657028,-1.8175688470390921,0.00016383440708803629
27.604473009249098,24.851292008278456,94.894596681808665,-1.8175605696684987,0.00016727927193408603
27.592260533561561,24.802809323113177,94.944593834960301,-1.817552120064077,0.00017072415232978458
27.580048471709166,24.754326533707371,94.994590988111938,-1.8175434982250749,0.00017416904726926389
27.56783683204327,24.705843637961337,95.044588141263574,-1.8175347041507901,0.00017761395574638763
27.555625622915279,24.657360633775479,95.094585294415225,-1.8175257378405714,0.00018105887675475314
27.543414852676726,24.608877519050552,95.144582447566862,-1.8175165992938169,0.00018450380928767339
27.531204529679197,24.560394291687395,95.194579600718498,-1.8175072885099759,0.00018794875233818994
27.518994662274366,24.511910949587172,95.244576753870135,-1.8174978054885478,0.00019139370489905275
27.50678525881402,24.463427490651267,95.294573907021771,-1.8174881502290821,0.0001948386659627242
27.494576327649973,24.414943912781247,95.344571060173408,-1.8174783227311788,0.00019828363452137744
27.482367877134159,24.366460213878909,95.394568213325044,-1.8174683229944888,0.00020172860956688924
27.470159915618595,24.317976391846379,95.444565366476681,-1.8174581510187124,0.00020517359009083135
27.457952451455345,24.269492444586,95.494562519628317,-1.8174478068036013,0.00020861857508447094
27.445745492996569,24.221008370000323,95.544559672779954,-1.8174372903489573,0.00021206356353877033
27.43353904859449,24.172524165992161,95.594556825931591,-1.8174266016546323,0.00021550855444437835
27.421333126601407,24.12403983046466,95.644553979083241,-1.8174157407205291,0.00021895354679162278
27.409127735369697,24.075555361321175,95.694551132234878,-1.8174047075466011,0.00022239853957051292
27.396922883251801,24.027070756465395,95.744548285386514,-1.8173935021328516,0.00022584353177072992
27.38471857860025,23.978586013801216,95.794545438538151,-1.8173821244793349,0.00022928852238162986
27.372514829767582,23.930101131232817,95.844542591689788,-1.8173705745861559,0.00023273351039223536
27.360311645106467,23.881616106664733,95.894539744841424,-1.8173588524534698,0.00023617849479122774
27.348109032969624,23.83313093800178,95.944536897993061,-1.8173469580814827,0.0002396234745669461
27.335907001709803,23.784645623149025,95.994534051144697,-1.8173348914704506,0.0002430684487073888
27.323705559679844,23.736160160011838,96.044531204296334,-1.8173226526206807,0.0002465134162002036
27.311504715232648,23.687674546495941,96.09452835744797,-1.8173102415325308,0.00024995837603268068
27.299304476721158,23.639188780507386,96.144525510599607,-1.8172976582064093,0.00025340332719175261
27.287104852498391,23.590702859952451,96.194522663751258,-1.8172849026427749,0.00025684826866399557
27.274905850917431,23.542216782737867,96.244519816902894,-1.8172719748421373,0.00026029319943561151
27.262707480331365,23.493730546770539,96.294516970054531,-1.8172588748050571,0.00026373811849244086
27.250509749093393,23.445244149957841,96.344514123206167,-1.8172456025321451,0.00026718302481994297
27.238312665556737,23.396757590207443,96.394511276357804,-1.8172321580240631,0.00027062791740319969
27.226116238074678,23.348270865427317,96.44450842950944,-1.817218541281524,0.00027407279522691469
27.213920475000528,23.299783973525795,96.494505582661077,-1.8172047523052908,0.00027751765727540394
27.201725384687688,23.251296912411611,96.544502735812713,-1.8171907910961778,0.00028096250253258997
27.189530975489571,23.202809679993852,96.59449988896435,-1.8171766576550497,0.00028440732998200074
27.17733725575965,23.154322274181915,96.644497042115987,-1.8171623519828222,0.00028785213860676865
27.165144233851411,23.105834692885548,96.694494195267623,-1.8171478740804623,0.00029129692738962497
27.152951918118426,23.057346934014962,96.744491348419274,-1.8171332239489872,0.00029474169531288838
27.140760316914296,23.008858995480693,96.79448850157091,-1.8171184015894655,0.0002981864413584701
27.128569438592656,22.960370875193693,96.844485654722547,-1.8171034070030163,0.00030163116450786334
27.116379291507172,22.911882571065238,96.894482807874184,-1.8170882401908097,0.00030507586374214815
27.10418988401155,22.863394081007019,96.94447996102582,-1.8170729011540669,0.00030852053804197925
27.092001224459537,22.814905402931153,96.994477114177457,-1.8170573898940603,0.00031196518638758173
27.079813321204917,22.766416534750178,97.044474267329093,-1.8170417064121129,0.00031540980775874948
27.067626182601508,22.717927474376985,97.09447142048073,-1.8170258507095989,0.00031885440113484499
27.055439817003133,22.669438219724853,97.144468573632366,-1.8170098227879432,0.00032229896549479094
27.043254232763683,22.620948768707571,97.194465726784003,-1.8169936226486225,0.00032574349981706331
27.031069438237051,22.572459119239305,97.244462879935639,-1.816977250293164,0.00032918800307969135
27.018885441777169,22.523969269234613,97.29446003308729,-1.8169607057231458,0.00033263247426025728
27.006702251737988,22.475479216608552,97.344457186238927,-1.8169439889401979,0.00033607691233588136
26.994519876473483,22.426988959276535,97.394454339390563,-1.816927099946001,0.00033952131628323166
26.982338324337665,22.378498495154489,97.4444514925422,-1.816910038742287,0.00034296568507850654
26.970157603684552,22.330007822158787,97.494448645693836,-1.8168928053308386,0.00034641001769743733
26.95797772286819,22.281516938206213,97.544445798845473,-1.8168753997134908,0.00034985431311528709
26.945798690242626,22.233025841213962,97.59444295199711,-1.8168578218921287,0.00035329857030684406
26.933620514161959,22.184534529099821,97.644440105148746,-1.8168400718686892,0.00035674278824641102
26.921443202980267,22.136042999781971,97.694437258300383,-1.8168221496451604,0.00036018696590780965
26.909266765051658,22.08755125117904,97.744434411452019,-1.816804055223582,0.00036363110226437541
26.897091208730252,22.03905928121014,97.79443156460367,-1.8167857886060448,0.00036707519628895326
26.884916542370199,21.990567087794922,97.844428717755306,-1.8167673497946906,0.00037051924695388695
26.872742774325612,21.942074668853451,97.894425870906943,-1.8167487387917134,0.00037396325323102447
26.860569912950677,21.893582022306379,97.94442302405858,-1.8167299555993579,0.00037740721409170613
26.848397966599521,21.845089146074734,97.994420177210216,-1.8167110002199205,0.00038085112850676868
26.836226943626322,21.796596038080107,98.044417330361853,-1.8166918726557491,0.00038429499544653675
26.824056852385247,21.74810269624459,98.094414483513489,-1.8166725729092432,0.00038773881388081544
26.811887701230461,21.69960911849083,98.144411636665126,-1.8166531009828539,0.00039118258277888939
26.799719498516158,21.651115302741914,98.194408789816762,-1.8166334568790832,0.00039462630110952292
26.787552252596473,21.602621246921455,98.244405942968399,-1.8166136406004854,0.00039806996784095319
26.775385971825607,21.554126948953648,98.294403096120035,-1.8165936521496659,0.00040151358194087997
26.763220664557707,21.50563240676318,98.344400249271686,-1.8165734915292822,0.00040495714237647021
26.75105633914696,21.457137618275326,98.394397402423323,-1.8165531587420429,0.00040840064811434784
26.73889300394751,21.408642581415815,98.444394555574959,-1.8165326537907089,0.00041184409812059593
26.726730667313504,21.360147294110948,98.494391708726596,-1.8165119766780924,0.00041528749136075132
26.714569337599084,21.311651754287617,98.544388861878232,-1.8164911274070572,0.00041873082679979283
26.702409023158399,21.263155959873274,98.594386015029869,-1.8164701059805193,0.00042217410340214442
26.690249732345546,21.214659908795873,98.644383168181506,-1.816448912401446,0.00042561732013167235
26.678091473514641,21.166163598983943,98.694380321333142,-1.8164275466728572,0.00042906047595168045
26.665934255019771,21.117667028366618,98.744377474484779,-1.8164060087978235,0.00043250356982489874
26.653778085215027,21.069170194873621,98.794374627636415,-1.8163842987794685,0.00043594660071348605
26.641622972454464,21.020673096435221,98.844371780788052,-1.8163624166209669,0.00043938956757902777
26.629468925092102,20.972175730982215,98.894368933939703,-1.8163403623255459,0.00044283246938253072
26.617315951481977,20.9236780964461,98.944366087091339,-1.8163181358964842,0.00044627530508441253
26.605164059978136,20.875180190759131,98.994363240242976,-1.8162957373371127,0.00044971807364448921
26.593013258934008,20.826682011851744,99.044360393394612,-1.8162731666508136,0.00045316077402215657
26.580863556703815,20.778183557658327,99.094357546546249,-1.816250423841022,0.00045660340517597722
26.568714961643433,20.729684826120479,99.144354699697885,-1.816227508911229,0.00046004596606344421
26.556567482103965,20.681185815161527,99.194351852849522,-1.8162044218649684,0.00046348845564278768
26.544421126440344,20.632686522720846,99.244349006001158,-1.8161811627058333,0.00046693087287053372
26.532275903006386,20.584186946734118,99.294346159152795,-1.8161577314374673,0.00047037321670290378
26.520131820155918,20.535687085137678,99.344343312304431,-1.8161341280635661,0.00047381548609550027
26.507988886242693,20.487186935868515,99.394340465456068,-1.8161103525878775,0.0004772576800033051
26.49584710962046,20.438686496864253,99.444337618607719,-1.8160864050142016,0.00048069979738067582
26.48370649864291,20.390185766063187,99.494334771759355,-1.816062285346391,0.00048414183718134036
26.471567061663709,20.341684741404197,99.544331924910992,-1.8160379935883506,0.0004875837983583995
26.45942880703646,20.293183420826828,99.594329078062628,-1.8160135297440372,0.00049102567986431585
26.447291743114754,20.244681802271323,99.644326231214265,-1.8159888938174606,0.00049446748065091106
26.435155878252132,20.196179883678603,99.694323384365902,-1.8159640858126829,0.00049790919966936095
26.423021220802084,20.147677662990198,99.744320537517538,-1.8159391057338179,0.00050135083587019762
26.410887779118049,20.099175138148311,99.794317690669175,-1.815913953585033,0.00050479238820330219
26.398755561553429,20.05067230709588,99.844314843820811,-1.8158886293705476,0.00050823385561789421
26.386624576461585,20.002169167776518,99.894311996972448,-1.8158631330946335,0.00051167523706253611
26.374494832195815,19.953665718134502,99.944309150124084,-1.8158374647616153,0.00051511653148512808
26.362366337109346,19.90516195611475,99.994306303275735,-1.8158116243758702,0.0005185577378329048
26.350239099555338,19.856657879662759,100.04430345642737,-1.8157856119418276,0.00052199885505243941
26.338113127886274,19.808153486722286,100.09430060957901,-1.8157594274639692,0.00052543988208980294
26.325988430458523,19.75964877525351,100.14429776273064,-1.8157330709468369,0.00052888081788927033
26.313865015620223,19.711143743184721,100.19429491588228,-1.8157065423950081,0.00053232166139674812
26.301742891726835,19.662638388474399,100.24429206903392,-1.815679841813129,0.00053576241155536321
26.289622067119364,19.614132709075001,100.29428922218555,-1.8156529762972686,0.00053648287045533359
26.277502535988866,19.565626706474674,100.34428637533719,-1.8156267197478848,0.00051383895372297589
26.265384251005301,19.517120392534284,100.39428352848883,-1.8156015953229441,0.00049119531278427574
26.253267157261469,19.468613781003867,100.44428068164046,-1.8155776030088704,0.00046855193912099694
26.241151199847408,19.420106885619493,100.4942778347921,-1.8155547427925103,0.00044590882418043182
26.229036323860132,19.371599720142605,100.54427498794375,-1.8155330146611512,0.00042326595939506706
26.216922474387843,19.323092298296764,100.59427214109539,-1.8155124186024949,0.00040062333615435665
26.204809596522921,19.274584633819728,100.64426929424702,-1.8154929546046821,0.00037798094583030615
26.192697635356627,19.226076740442405,100.69426644739866,-1.8154746226562832,0.00035533877976897234
26.180586535979973,19.177568631892413,100.7442636005503,-1.8154574227463034,0.00033269682929339735
26.168476243483788,19.12906032189434,100.79426075370193,-1.8154413548641808,0.00031005508570502896
26.156366702958664,19.08055182416981,100.84425790685357,-1.81542641899979,0.00028741354028506276
26.144257859495074,19.032043152437801,100.89425506000521,-1.8154126151434409,0.00026477218429585693
26.132149658183344,18.983534320414844,100.94425221315684,-1.8153999432858818,0.00024213100898234864
26.120042044113717,18.935025341815209,100.99424936630848,-1.8153884034182983,0.00021949000557340375
26.107934962376319,18.886516230350956,101.04424651946013,-1.8153779955323155,0.00019684916528317118
26.095828358061258,18.838006999732372,101.09424367261177,-1.8153687196199977,0.00017420847931254264
26.083722176258576,18.789497663667898,101.1442408257634,-1.8153605756738493,0.00015156793885044302
26.071616362058332,18.740988235864542,101.19423797891504,-1.8153535636868163,0.00012892753507529951
26.05951086055061,18.692478730027997,101.24423513206668,-1.8153476836522853,0.00010628725915639641
26.047405616825515,18.643969159862735,101.29423228521831,-1.8153429355640847,8.3647102255216753e-05
26.035300575973238,18.595459539072309,101.34422943836995,-1.8153393194164849,6.1007055526856049e-05
26.023195683084065,18.546949881359538,101.39422659152159,-1.815336835204199,3.8367110121435124e-05
26.011090883248407,18.49844020042671,101.44422374467322,-1.8153354829223824,1.5727257185459788e-05
25.998986121556808,18.449930509975662,101.49422089782486,-1.8153352625666332,-6.9125121368323093e-06
25.986881343099977,18.401420823708062,101.5442180509765,-1.8153361741329925,-2.9552206702061149e-05
25.974776492968846,18.352911155325653,101.59421520412815,-1.8153382176179438,-5.2191835366281691e-05
25.962671516254549,18.30440151853033,101.64421235727978,-1.8153413930184139,-7.4831406983661753e-05
25.950566358048469,18.25589192702444,101.69420951043142,-1.8153457003317717,-9.747093040506007e-05
25.93846096344226,18.20738239451083,101.74420666358306,-1.8153511395558286,-0.00012011041447668075
25.926355277527861,18.158872934693157,101.79420381673469,-1.8153577106888386,-0.00014274986803867182
25.914249245397539,18.110363561276081,101.84420096988633,-1.8153654137294968,-0.00016538929992371734
25.902142812143932,18.061854287965442,101.89419812303797,-1.8153742486769402,-0.0001880287189556744
25.890035922860012,18.013345128468369,101.9441952761896,-1.8153842155307467,-0.00021066813394821754
25.877928522639152,17.964836096493528,101.99419242934124,-1.815395314290934,-0.00023330755370343988
25.865820556575166,17.916327205751401,102.04418958249288,-1.8154075449579603,-0.00025594698701042891
25.853711969762315,17.867818469954383,102.09418673564451,-1.8154209075327226,-0.00027858644264392319
25.841602707295301,17.819309902816901,102.14418388879616,-1.8154354020165562,-0.00030122592936296209
25.829492714269374,17.770801518055833,102.1941810419478,-1.8154510284112335,-0.00032386545590940908
25.817381935780247,17.722293329390428,102.24417819509944,-1.8154677867189646,-0.00034650503100668218
25.805270316924222,17.673785350542726,102.29417534825107,-1.8154856769423939,-0.00036914466335826883
25.793157802798188,17.625277595237641,102.34417250140271,-1.8155046990846015,-0.00039178436164639778
25.78104433849958,17.576770077203133,102.39416965455435,-1.8155248531491004,-0.00041442413453065939
25.768929869126492,17.528262810170411,102.44416680770598,-1.8155461391398364,-0.00043706399064661938
25.756814339777673,17.479755807874213,102.49416396085762,-1.8155685570611859,-0.00045970393860439776
25.744697695552553,17.431249084052943,102.54416111400926,-1.8155921069179557,-0.00048234398698730085
25.732579881551239,17.38274265244878,102.59415826716089,-1.8156167887153805,-0.00050498414435049509
25.720460842874576,17.334236526807942,102.64415542031253,-1.8156426024591223,-0.00052762441921956247
25.708340524624177,17.285730720880949,102.69415257346418,-1.8156695481552689,-0.00055026482008911116
25.696218871902424,17.237225248422693,102.74414972661582,-1.8156976258103312,-0.00057290535542142782
25.684095829812524,17.18872012319272,102.79414687976745,-1.815726835431243,-0.00059554603364506652
25.671971343458491,17.140215358955317,102.84414403291909,-1.8157571770253587,-0.00061818686315349698
25.659845357945201,17.091710969479781,102.89414118607073,-1.8157886506004506,-0.00064082785230370229
25.647717818378442,17.04320696854063,102.94413833922236,-1.8158212561647087,-0.00066346900941476712
25.635588669864909,16.994703369917779,102.994135492374,-1.8158549937267379,-0.00068611034276651437
25.623457857512214,16.946200187396663,103.04413264552564,-1.8158898632955556,-0.00070875186059815012
25.61132532642895,16.897697434768446,103.09412979867727,-1.8159258648805907,-0.00073139357110685657
25.599191021724728,16.849195125830349,103.14412695182891,-1.8159629984916801,-0.00075403548244636662
25.587054888510153,16.80069327438569,103.19412410498055,-1.8160012641390681,-0.00077667760272562378
25.574916871896875,16.75219189424406,103.2441212581322,-1.8160406618334026,-0.00079931994000741993
25.56277691699766,16.703690999221717,103.29411841128383,-1.8160811915857336,-0.00082196250230691761
25.550634968926321,16.655190603141463,103.34411556443547,-1.8161228534075109,-0.00084460529759038962
25.53849097279786,16.606690719833146,103.39411271758711,-1.8161656473105812,-0.00086724833377371411
25.526344873728409,16.558191363133702,103.44410987073874,-1.816209573307185,-0.0008898916187210365
25.514196616835296,16.509692546887294,103.49410702389038,-1.8162546314099561,-0.00091253516024341968
25.502046147237063,16.461194284945577,103.54410417704202,-1.8163008216319163,-0.0009351789660974175
25.489893410053504,16.412696591167926,103.59410133019365,-1.8163481439864742,-0.00095782304398366752
25.477738350405691,16.364199479421604,103.64409848334529,-1.8163965984874217,-0.00098046740154552063
25.465580913415998,16.315702963581845,103.69409563649693,-1.816446185148932,-0.0010031120463676975
25.45342104420811,16.267207057532143,103.74409278964856,-1.8164969039855556,-0.0010257569859748572
25.441258687907116,16.218711775164504,103.79408994280021,-1.8165487550122177,-0.0010484022278301861
25.429093789639456,16.170217130379513,103.84408709595185,-1.816601738244215,-0.0010710477793340514
25.416926294533035,16.121723137086612,103.89408424910349,-1.8166558536972126,-0.0010936936478225896
25.404756147717173,16.0732298092042,103.94408140225512,-1.8167111013872412,-0.001116339840566349
25.392583294322673,16.024737160659875,103.99407855540676,-1.8167674813306929,-0.0011389863647688716
25.38040767948187,15.976245205390679,104.0440757085584,-1.8168249935443181,-0.0011616332275652937
25.368229248328657,15.927753957343262,104.09407286171003,-1.8168836380452227,-0.0011842804360209546
25.356047945998444,15.87926343047396,104.14407001486167,-1.8169434148508636,-0.0012069279971300595
25.343863717628299,15.830773638749092,104.19406716801331,-1.8170043239790463,-0.0012295759178142485
25.331676508356892,15.782284596145194,104.24406432116494,-1.8170663654479196,-0.001252224204921173
25.319486263324595,15.733796316649105,104.29406147431659,-1.8171295392759732,-0.0012748728652231642
25.307292927673455,15.685308814258246,104.34405862746823,-1.8171938454820336,-0.0012975219054157862
25.295096446547248,15.636822102980689,104.39405578061987,-1.8172592840852602,-0.0013201713321165161
25.282896765091522,15.588336196835446,104.4440529337715,-1.8173258551051406,-0.0013428211518632916
25.270693828453624,15.539851109852675,104.49405008692314,-1.817393558561488,-0.0013654713711131242
25.258487581782738,15.491366856073864,104.54404724007478,-1.8174623944744364,-0.0013881219962406958
25.246277970229883,15.442883449551877,104.59404439322641,-1.8175323628644355,-0.0014107730335370325
25.234064938947999,15.39440090435132,104.64404154637805,-1.8176034637522487,-0.0014334244892080462
25.221848433091942,15.345919234548687,104.69403869952968,-1.8176756971589467,-0.0014560763693731384
25.209628397818545,15.297438454232546,104.74403585268132,-1.8177490631059039,-0.0014787286800638216
25.197404778286614,15.248958577503643,104.79403300583296,-1.8178235616147944,-0.0015013814272223564
25.185177519657014,15.200479618475185,104.84403015898461,-1.8178991927075872,-0.0015240346167003198
25.172946567092652,15.152001591273059,104.89402731213625,-1.8179759564065412,-0.0015466882542571894
25.160711865758554,15.103524510035925,104.94402446528788,-1.8180538527342012,-0.0015693423455589918
25.148473360821892,15.055048388915516,104.99402161843952,-1.8181328817133926,-0.0015919968961768615
25.136230997451982,15.006573242076673,105.04401877159115,-1.8182130433672175,-0.0016146519115857122
25.12398472082036,14.958099083697649,105.09401592474279,-1.8182943377190486,-0.0016373073971627794
25.111734476100811,14.909625927970323,105.14401307789443,-1.8183767647925257,-0.001659963358186222
25.099480208469416,14.861153789100344,105.19401023104606,-1.8184603246115494,-0.0016826197998337377
25.087221863104546,14.812682681307262,105.2440073841977,-1.8185450172002768,-0.0017052767271811945
25.074959385186933,14.764212618824788,105.29400453734934,-1.8186308425831164,-0.0017279341452011985
25.062692719899722,14.715743615901001,105.34400169050097,-1.8187178007847224,-0.0017505920587616844
25.050421812428475,14.667275686798501,105.39399884365262,-1.8188058918299903,-0.0017732504726245368
25.038146607961234,14.618808845794616,105.44399599680426,-1.8188951157440501,-0.0017959093914441716
25.025867051688522,14.570343107181536,105.4939931499559,-1.8189854725522625,-0.0018185688197661742
25.01358308880344,14.521878485266534,105.54399030310753,-1.8190769622802125,-0.0018412287620258748
25.00129466450166,14.473414994372233,105.59398745625917,-1.8191695849537042,-0.001863889222546912
24.989001723981492,14.424952648836724,105.64398460941081,-1.8192633405987546,-0.0018865502055398658
24.976704212443899,14.376491463013695,105.69398176256244,-1.8193582292415891,-0.0019092117151008764
24.964402075092554,14.3280314512727,105.74397891571408,-1.8194542509086344,-0.0019318737552102168
24.95209525713387,14.27957262799937,105.79397606886572,-1.8195514056265134,-0.0019545363297308639
24.939783703777081,14.231115007595587,105.84397322201735,-1.8196496934220392,-0.0019771994424071142
24.927467360234221,14.182658604479574,105.89397037516899,-1.8197491143222093,-0.0019998630968632229
24.915146171720185,14.134203433086157,105.94396752832064,-1.8198496683541991,-0.0020225272966019514
24.90282008345282,14.085749507867034,105.99396468147228,-1.8199513555453564,-0.002045192045003147
24.890489040652906,14.037296843290829,106.04396183462391,-1.8200541759231943,-0.0020678573453223811
24.878152988544233,13.988845453843386,106.09395898777555,-1.8201581295153864,-0.002090523200689511
24.865811872353628,13.940395354027839,106.14395614092719,-1.8202632163497585,-0.002113189614107312
24.853465637311,13.891946558364875,106.19395329407882,-1.8203694364542846,-0.002135856588450045
24.84111422864941,13.843499081392974,106.24395044723046,-1.8204767898570779,-0.0021585241264620325
24.82875759160509,13.795052937668524,106.2939476003821,-1.8205852765863866,-0.0021811922307562607
24.816395671417474,13.746608141765979,106.34394475353373,-1.8206948966705854,-0.0022038609038130133
24.804028413329291,13.698164708278105,106.39394190668537,-1.8208056501381702,-0.0022265301479784225
24.791655762586561,13.649722651816175,106.44393905983701,-1.8209175370177508,-0.0022491999654630545
24.779277664438688,13.601281987010147,106.49393621298866,-1.8210305573380436,-0.0022718703583405131
24.766894064138476,13.552842728508837,106.54393336614029,-1.8211447111278656,-0.0022945413285460278
24.754504906941971,13.504404890979282,106.59393051929193,-1.8212599984161293,-0.0023172128778754398
24.742110138109961,13.455968489112664,106.64392767244357,-1.8213764192318207,-0.0023398850079810966
24.729709703982401,13.407533537332021,106.6939248255952,-1.8214936699434539,-0.0023073399770176324
24.717303730536955,13.359100004075964,106.74392197874684,-1.8216033223159476,-0.0020790037782551915
24.70489272277014,13.310667760606679,106.79391913189848,-1.8217015583990834,-0.0018506624799969158
24.692477233724674,13.262236665704112,106.84391628505011,-1.8217883779496606,-0.0016223165505516899
24.680057816415271,13.213806577992241,106.89391343820175,-1.8218637807475961,-0.0013939664466789039
24.667635023832304,13.165377355957872,106.94391059135339,-1.8219277665953848,-0.001165612615011877
24.655209408945503,13.116948857969858,106.99390774450502,-1.8219803353176287,-0.00093725549348345702
24.642781524707782,13.06852094229831,107.04390489765667,-1.8220214867606372,-0.00070889551275209596
24.630351924059074,13.020093467133906,107.09390205080831,-1.8220512207920994,-0.00048053309762847258
24.617921159930091,12.971666290606997,107.14389920395995,-1.8220695373008271,-0.00025216866850150355
24.60548978524621,12.923239270806834,107.19389635711158,-1.82207643619657,-2.3802642765079087e-05
24.593058352931291,12.874812265800724,107.24389351026322,-1.8220719174099003,0.00020456456375538077
24.580627415911547,12.826385133653268,107.29389066341486,-1.8220559808921712,0.00043293253537594271
24.568197527119409,12.777957732445598,107.34388781656649,-1.8220286266155459,0.00066130085512702635
24.555769239497369,12.729529920294553,107.39388496971813,-1.8219898545730953,0.00088966910332671247
24.543343106001799,12.681101555371791,107.44388212286977,-1.8219396647789718,0.0011180368561541267
24.530919679606825,12.632672495923082,107.4938792760214,-1.8218780572686506,0.0013464036842223957
24.518499513308083,12.584242600287533,107.54387642917305,-1.8218050320992434,0.00157476915115165
24.506083160126558,12.535811726916764,107.59387358232469,-1.8217205893498851,0.0018031328121427556
24.493671173112343,12.487379734394144,107.64387073547633,-1.8216247291221885,0.0020314942125508142
24.481264105348313,12.438946481453955,107.69386788862796,-1.8215174515407739,0.0022598528864592599
24.468862509953876,12.390511827000699,107.7438650417796,-1.8213987567538672,0.0024882083552536941
24.456466940088614,12.342075630128333,107.79386219493124,-1.821268644933971,0.0027165601261962364
24.444077948955893,12.293637750139562,107.84385934808287,-1.821127116278606,0.0029449076910002835
24.431696089806387,12.245198046564951,107.89385650123451,-1.8209741710111242,0.0031732505244062553
24.419321915941623,12.196756379182355,107.94385365438615,-1.8208098093815932,0.0034015880827567273
24.406955980717424,12.148312608036175,107.99385080753778,-1.820634031667751,0.0036299198025726573
24.394598837547264,12.099866593456657,108.04384796068942,-1.8204468381760341,0.0038582450991302996
24.382251039905594,12.051418196079112,108.09384511384107,-1.8202482292426729,0.0040865633650390464
24.369913141331089,12.002967276863442,108.14384226699271,-1.8200382052348634,0.0043148739688186949
24.357585695429794,11.954513697113279,108.19383942014434,-1.819816766552004,0.0045431762534794392
24.345269255878236,11.906057318495527,108.24383657329598,-1.8195839136270093,0.0047714695351007445
24.332964376426375,11.857598003059669,108.29383372644762,-1.8193396469276906,0.0049997531014125572
24.320671610900522,11.809135613257107,108.34383087959925,-1.819083966958208,0.0052280262103772965
24.308391513206161,11.760670011960659,108.39382803275089,-1.8188168742605959,0.0054562880887724288
24.296124637330667,11.712201062484045,108.44382518590253,-1.8185383694163564,0.0056845379307743533
24.283871537345838,11.663728628601275,108.49382233905416,-1.8182484530481253,0.0059127748965440057
24.27163276741047,11.615252574566096,108.5438194922058,-1.8179471258214073,0.0061409981108139665
24.259408881772668,11.566772765131562,108.59381664535744,-1.817634388446383,0.0063692066614763699
24.247200434772136,11.518289065569569,108.64381379850909,-1.8173102416797866,0.0065973995981727408
24.23500798084234,11.469801341690388,108.69381095166072,-1.8169746863268526,0.0068255759308858575
24.222832074512436,11.421309459862245,108.74380810481236,-1.8166277232433348,0.0070537346285330692
24.210673270409188,11.372813287030851,108.793805257964,-1.8162693533375935,0.0072818746175622945
24.198532123258722,11.324312690739088,108.84380241111563,-1.8158995775727544,0.0075099947805493551
24.186409187888078,11.275807539146689,108.89379956426727,-1.8155183969689375,0.0077380939547977024
24.174305019226697,11.227297701049887,108.94379671741891,-1.8151258126055554,0.0079661709309410411
24.162220172307666,11.178783045901032,108.99379387057054,-1.8147218256236808,0.0081942244515486162
24.150155202268891,11.130263443828374,109.04379102372218,-1.8143064372284849,0.0084222532097327496
24.138110664354063,11.08173876565588,109.09378817687382,-1.813879648691745,0.0086502558477592369
24.126087113913496,11.033208882922937,109.14378533002545,-1.8134414613544216,0.0088782309556615247
24.114085106404712,10.984673667904126,109.1937824831771,-1.8129918766293038,0.0091061770698580603
24.102105197392959,10.93613299362914,109.24377963632874,-1.8125308960037245,0.0093340926717724402
24.090147942551468,10.887586733902529,109.29377678948038,-1.8120585210423441,0.0095619761864585515
24.078213897661595,10.839034763323726,109.34377394263201,-1.8115747533900044,0.0097898259812280921
24.06630361861269,10.790476957306877,109.39377109578365,-1.8110795947746494,0.010017640364283591
24.054417661401853,10.741913192100732,109.44376824893529,-1.8105730470103127,0.010245417583355561
24.042556582133418,10.69334334480865,109.49376540208692,-1.8100551120001771,0.010473155824343891
24.030720937018319,10.644767293408659,109.54376255523856,-1.8095257917396992,0.01070085320996407
24.018911282373196,10.596184916773417,109.59375970839019,-1.8089850883198026,0.010928507798399168
24.007128174619265,10.547596094690217,109.64375686154183,-1.8084330039301368,0.011156117581957083
23.99537217028103,10.49900070788105,109.69375401469347,-1.8078695408624044,0.011383680485733566
23.98364382598475,10.450398638022833,109.74375116784512,-1.8072947015137559,0.011611194366280435
23.97194369845667,10.401789767767387,109.79374832099676,-1.8067084883902496,0.011838657010281436
23.960272344521034,10.353173980761655,109.84374547414839,-1.8061109041103769,0.012066066133233909
23.948630305785127,10.304551165325174,109.89374262730003,-1.8055051916842353,0.011848817323814535
23.937016853845577,10.255921513963942,109.94373978045166,-1.8049452229688698,0.010551237883596689
23.925429057213936,10.207285742751619,109.9937369336033,-1.8044501249275642,0.0092538410177161745
23.913863763931147,10.15864461533894,110.04373408675494,-1.8040198886879564,0.0079566161619063075
23.902317821407735,10.10999889089487,110.09373123990657,-1.803654505953485,0.0066595508887314801
23.890788076544403,10.061349324732094,110.14372839305821,-1.8033539690900318,0.0053626311700965702
23.879271375846329,10.012696668928799,110.19372554620985,-1.8031182711993992,0.0040658416392739581
23.867764565533111,9.964041672951133,110.24372269936148,-1.8029474061796928,0.0027691658525992955
23.856264491645224,9.9153850842761546,110.29371985251314,-1.8028413687726308,0.0014725865508765294
23.84476800014782,9.8667276490154681,110.34371700566477,-1.8028001545977881,0.00017608592054602602
23.833271937032656,9.8180701125386705,110.39371415881641,-1.8028237601737882,-0.001120354145355407
23.821773148419158,9.7694132200973272,110.44371131196804,-1.8029121829264525,-0.002416751786366282
23.810268480655282,9.7207577174485706,110.49370846511968,-1.8030654211839094,-0.0037131249138717955
23.798754780419042,9.672104351478497,110.54370561827132,-1.8032834741586727,-0.0050094909504105395
23.78722889482173,9.6234538708253208,110.59370277142295,-1.8035663419166807,-0.0063058665689641304
23.77568767151341,9.5748070265019525,110.64369992457459,-1.8039140253333041,-0.0076022674321807567
23.764127958791732,9.5261645725178212,110.69369707772623,-1.8043265260363086,-0.0088987079314920628
23.752546605714763,9.4775272664997186,110.74369423087786,-1.8048038463357765,-0.010195200926080008
23.74094046221877,9.4288958703118642,110.79369138402951,-1.8053459891409658,-0.01149175748165359
23.72930637924182,9.3802711506746626,110.84368853718115,-1.805952957864108,-0.012788386609017464
23.717641208853852,9.3316538797818893,110.89368569033279,-1.8066247563111306,-0.014085095002419272
23.7059418043943,9.2830448359164741,110.94368284348442,-1.8073613885592867,-0.01538188677766025
23.6942050206179,9.2344448040643297,110.99367999663606,-1.8081628588216925,-0.016678763209987655
23.682427713849645,9.1858545765262232,111.0436771497877,-1.8090291712987481,-0.017975722471781357
23.670606742149641,9.1372749535274096,111.09367430293933,-1.8099603300164424,-0.01927275937007444
23.658738965488752,9.0887067438246714,111.14367145609097,-1.8109563386515311,-0.020569865083963652
23.646821245935726,9.040150765310484,111.19366860924261,-1.8120172003435873,-0.021867026901978968
23.634850447856831,8.9916078456142952,111.24366576239424,-1.8131429174939169,-0.023164227959497914
23.622823438128606,8.9430788227003681,111.29366291554588,-1.814333491551352,-0.024461446976321029
23.610737086364669,8.8945645454618596,111.34366006869753,-1.8155889227849304,-0.02575865799454221
23.598588265157328,8.8460658743109253,111.39365722184917,-1.81690921004348,-0.027055830116868143
23.586373850334745,8.7975836817643387,111.4436543750008,-1.8182943505021349,-0.02835292724557209
23.574090721234533,8.7491188530243402,111.49365152815244,-1.8197443393958219,-0.029649907822288001
23.561735760994576,8.7006722865545374,111.54364868130408,-1.8212591697397551,-0.030946724568874887
23.549305856861647,8.6522448946497938,111.59364583445571,-1.8228388320370166,-0.032243324229633129
23.536797900518788,8.6038376040001392,111.64364298760735,-1.8244833139732868,-0.033539647315154637
23.52420878843207,8.5554513562482093,111.69364014075899,-1.8261926000988111,-0.034835627848133412
23.511535422217555,8.5070871085395154,111.74363729391062,-1.8279666714977163,-0.036131193111500946
23.498774709029068,8.4587458340650805,111.79363444706226,-1.8298055054448004,-0.037426263399277002
23.485923561967471,8.4104285225957334,111.8436316002139,-1.831709075049947,-0.038720751770565894
23.472978900512214,8.3621361810077612,111.89362875336555,-1.8336773488903217,-0.040014563807153652
23.459937650975732,8.31386983379908,111.94362590651718,-1.8357102906305514,-0.04130759737521101
23.446796746981342,8.2656305235952097,111.99362305966882,-1.8378078586311044,-0.042599742391637843
23.433553129965134,8.2174193116444965,112.04362021282046,-1.8399700055451158,-0.043890880595620109
23.420203749702615,8.1692372783017113,112.09361736597209,-1.842196677903938,-0.045180885326014178
23.406745564860515,8.1210855234995449,112.14361451912373,-1.8444878156917124,-0.046469621305199306
23.393175543574266,8.0729651672069274,112.19361167227537,-1.846843351909313,-0.04775694443009415
23.379490664051662,8.0248773498734227,112.243608825427,-1.8492632121280397,-0.049042701571059208
23.365687915203154,7.9768232328588731,112.29360597857864,-1.8517473140334697,-0.050326730379448709
23.35176429729902,7.928803998847517,112.34360313173028,-1.8542955669599148,-0.051608859104606102
23.337716822654052,7.8808208522455914,112.39360028488191,-1.8569078714159826,-0.05288890642114271
23.323542516339682,7.8328750195613459,112.44359743803356,-1.8595841186017832,-0.054166681267371293
23.30923841692411,7.7849677497667171,112.4935945911852,-1.8623241899183511,-0.055441982695793118
23.294801577240442,7.7371003146395214,112.54359174433684,-1.8651279564699177,-0.056714599736576457
23.28022906518305,7.6892740090852811,112.59358889748847,-1.8679952785596945,-0.057984311274986905
23.265517964532279,7.6414901514376137,112.64358605064011,-1.8709260051799004,-0.059250885943762301
23.250665375807301,7.5937500837359142,112.69358320379175,-1.8739199734968075,-0.060514082031451109
23.235668417147352,7.5460551719794946,112.74358035694338,-1.876977008331624,-0.061773647407745068
23.220524225220991,7.4984068063570071,112.79357751009502,-1.8800969216380854,-0.063029319466860023
23.205229956163372,7.450806401450091,112.84357466324666,-1.8832795119776884,-0.064280825090031302
23.189782786541031,7.4032553964099055,112.89357181639829,-1.8865245639935542,-0.065527880628203306
23.174179914344027,7.3557552551055281,112.94356896954993,-1.8898318478839577,-0.066770191905989373
23.158418159812971,7.3083075998218625,112.99356612270158,-1.8932806143642751,-0.07799440482807464
23.142467567712071,7.2609231161533714,113.04356327585322,-1.8979968607112561,-0.11070185149105061
23.126254914311744,7.2136276960475305,113.09356042900485,-1.904354958533554,-0.14369629467315609
23.10970282547531,7.1664500500776951,113.14355758215649,-1.9123727681281797,-0.17711604522065641
23.092733532304312,7.1194209229657215,113.19355473530813,-1.9220747144145252,-0.21108479701828936
23.075268763387186,7.072573617671754,113.24355188845976,-1.9334909587812754,-0.2457075645490116
23.057229711866373,7.0259445298549794,113.2935490416114,-1.9466563409863851,-0.28106551615864955
23.038537095776622,6.9795736893873377,113.34354619476304,-1.9616090315815471,-0.31720953763508092
23.019111332687505,6.9335053011693306,113.39354334791467,-1.9783888285164444,-0.35415242613907133
22.998872851855403,6.8877882716851992,113.44354050106631,-1.9970350292052483,-0.39185972905709915
22.977742568324114,6.8424767005949549,113.49353765421795,-2.017583814300957,-0.43023942460326942
22.955642542891677,6.7976303082096576,113.5435348073696,-2.0400650955589752,-0.46913090796556622
22.932496848582076,6.7533147603078856,113.59353196052123,-2.0644988119615078,-0.50829410675493425
22.908232656971755,6.7096018420544361,113.64352911367287,-2.0908907102723702,-0.54739999134855633
22.882781545440537,6.6665694245100768,113.69352626682451,-2.1192277213271145,-0.58602422389405828
22.856081007916739,6.6243011617038317,113.74352341997614,-2.1494731417174147,-0.62364611123616531
22.828079940106317,6.5828832158988728,113.79352057312778,-2.1810891877618963,-0.62757007523417063
22.798794665269511,6.5423629838673412,113.84351772627942,-2.2119812637024867,-0.6080875193427604
22.768291189238191,6.5027515338853821,113.89351487943105,-2.2418869938984671,-0.58815503826503301
22.736636208226848,6.46405394372165,113.94351203258269,-2.2707898099059611,-0.56800504554043074
22.703895103715677,6.4262707025058567,113.99350918573433,-2.2986840485187456,-0.54784110815915721
22.670131405693962,6.3893982547260482,114.04350633888598,-2.3255734851518111,-0.52783723293021501
22.635406378400706,6.353429544597188,114.09350349203761,-2.3514698675455836,-0.50813852952865179
22.599778717350699,6.3183545433008117,114.14350064518925,-2.3763915091814338,-0.48886287451838323
22.563304344254377,6.2841607464442042,114.19349779834089,-2.4003619836732137,-0.47010323462227199
22.526036285454744,6.2508336332426406,114.24349495149252,-2.42340894565955,-0.45193036067852937
22.488024619612396,6.2183570825085006,114.29349210464416,-2.4455630907983603,-0.43439562407545462
22.449316481338819,6.1867137435180615,114.3434892577958,-2.4668572574711138,-0.41753382650613341
22.409956108623106,6.1558853618808334,114.39348641094743,-2.487325665781237,-0.40136586630033488
22.369984923477428,6.1258530621761507,114.44348356409907,-2.5070032846712289,-0.38590118817998986
22.329441636748896,6.0965975901309433,114.4934807172507,-2.5259253152391574,-0.37113997733354936
22.288362369622273,6.0680995177856021,114.54347787040234,-2.5441267770140232,-0.35707508394802023
22.246781572385192,6.0403382243641159,114.59347502355399,-2.5615453521957927,-0.33927810837370947
22.204735797887153,6.0132862115136625,114.64347217670563,-2.5780536554177709,-0.32111946435481897
22.16226106713162,5.9869127050619495,114.69346932985727,-2.5936586151964471,-0.30314910126399069
22.11939142548772,5.9611859862404657,114.7434664830089,-2.6083705599151874,-0.28540159057632014
22.076158988111246,5.93607360218002,114.79346363616054,-2.6222012527597873,-0.26789995916917453
22.032594008903462,5.9115425420865373,114.84346078931218,-2.6351633448127645,-0.25065689628802301
21.988724966834592,5.887559382609604,114.89345794246381,-2.6472698874796743,-0.23367591414337802
21.944578665256511,5.8640904041642461,114.94345509561545,-2.6585339010319315,-0.21695242669109838
21.900180340744466,5.8411016803403086,114.99345224876708,-2.6689679945316303,-0.20047472346300049
21.855553778577239,5.8185591425737826,115.04344940191872,-2.6785840315321421,-0.18422482494682721
21.810721432759042,5.7964286223277925,115.09344655507036,-2.6873928354273202,-0.16817921339265449
21.765704548804617,5.7746758728053713,115.14344370822201,-2.6954039282120297,-0.15230943809481939
21.720523288248994,5.753266572184363,115.19344086137365,-2.7026252964107416,-0.13658259784918894
21.675196854153327,5.7321663101040485,115.24343801452528,-2.7090631781564594,-0.1209617054464163
21.62974361730884,5.711340558943645,115.29343516767692,-2.7147218656691461,-0.10540594025801342
21.584181243177721,5.6907546312118811,115.34343232082855,-2.7196035177003948,-0.089870795405328552
21.538525688563638,5.6703761677993088,115.39342947398019,-2.7239405650548525,-0.087265574759603254
21.492781591215451,5.6501972480373013,115.44342662713183,-2.7283652672036456,-0.089731942744888576
21.446947427527729,5.6302237542555407,115.49342378028346,-2.7329131633588712,-0.092193203626448825
21.401021688090694,5.6104617392731386,115.5434209334351,-2.7375839356542797,-0.094646841683249841
21.355002950969212,5.5909172676621255,115.59341808658674,-2.7423771382901099,-0.097090255648662527
21.30888988622436,5.5715964097415887,115.64341523973837,-2.7472921933556247,-0.09952076267659607
21.2626812604273,5.5525052352954116,115.69341239289002,-2.7523283868597237,-0.10193560300197536
21.216375941006106,5.5336498069605744,115.74340954604166,-2.7574848650192929,-0.10433194532317183
21.169972900501662,5.5150361733358997,115.7934066991933,-2.7627606308312589,-0.10670689291589044
21.123471220649865,5.4966703617965518,115.84340385234493,-2.7681545409715929,-0.10905749049010534
21.076870096325813,5.478558371050914,115.89340100549657,-2.7736653030516289,-0.11138073178843888
21.030168839243821,5.4607061634223015,115.94339815864821,-2.779291473278056,-0.11367356792389899
20.983366881499776,5.4431196569165552,115.99339531179984,-2.7850314545400119,-0.115932916436825
20.936463778766708,5.425804717032543,116.04339246495148,-2.7908834949785137,-0.11815567105567773
20.889459213311412,5.4087671484120561,116.09338961810312,-2.7968456870492178,-0.1203387121193914
20.84235299666636,5.3920126863001911,116.14338677125475,-2.8029159671277784,-0.12247891762576225
20.795145317003811,5.3755462808910703,116.19338392440639,-2.8090283430939031,-0.12095075463804113
20.747838941375328,5.3593655910801141,116.24338107755804,-2.8149987279678936,-0.11787533955502009
20.700438025538961,5.343463973103157,116.29337823070968,-2.8208149337078456,-0.11478358779004813
20.65294663113211,5.3278346383712467,116.34337538386131,-2.826476194961709,-0.11167753661794166
20.605368707512131,5.3124707133238882,116.39337253701295,-2.8319818451941701,-0.1085591016430322
20.557708092459464,5.2973652462731744,116.44336969016459,-2.8373313106061202,-0.10543007700272787
20.509968513185196,5.2825112139318735,116.49336684331622,-2.8425241040786022,-0.10229213613530681
20.462153587621792,5.2679015276197543,116.54336399646786,-2.8475598191681519,-0.099146833058760098
20.414266825976313,5.2535290391447171,116.5933611496195,-2.8524381241777528,-0.095995604108649976
20.36631163252574,5.2393865463571165,116.64335830277113,-2.857158756325108,-0.09283977008451659
20.318291307634961,5.2254667983776582,116.69335545592277,-2.8617215160274383,-0.089680538756387929
20.270209049978821,5.2117625005009387,116.74335260907441,-2.8661262613196117,-0.086519007685294996
20.222067958950049,5.1982663187780815,116.79334976222606,-2.8703729024202311,-0.083356167314238505
20.17387103723587,5.1849708842832944,116.84334691537769,-2.8744613964581851,-0.080192904288826736
20.125621193547367,5.1718687970705526,116.89334406852933,-2.8783917423701455,-0.077030004969739205
20.07732124548593,5.1589526298273922,116.94334122168097,-2.8821639759777651,-0.073868159102085107
20.02897392253297,5.1462149312340797,116.9933383748326,-2.8857781652515579,-0.070707963609796393
19.980581869149248,5.133648229036913,117.04333552798424,-2.8892344057670161,-0.067549926486130868
19.932147647971362,5.1212450328452377,117.09333268113588,-2.8925328163571029,-0.064394470754329289
19.883673743094061,5.1089978366623745,117.14332983428751,-2.8956735349640357,-0.061241938475364514
19.835162563428078,5.0968991211611403,117.19332698743915,-2.8986567146921791,-0.058092594782498487
19.786616446123681,5.0849413557149719,117.24332414059079,-2.9014825200629621,-0.054946631925017635
19.738037660051141,5.0731170001959729,117.29332129374244,-2.904151123471884,-0.0518041733060709
19.689428409330567,5.0614185065516182,117.34331844689407,-2.9066627018469768,-0.04866527750195572
19.640790836903836,5.0498383201718058,117.39331560004571,-2.9090174335075418,-0.045529942252443271
19.59212702814245,5.0383688810582683,117.44331275319735,-2.911215495221489,-0.042398108413863954
19.543439014485934,5.0270026248083708,117.49330990634898,-2.9132570594592444,-0.039269663868647046
19.494728777105632,5.0157319834253,117.54330705950062,-2.9151422918419523,-0.036144447386802385
19.445998250589962,5.0045493859667864,117.59330421265226,-2.916871348781469,-0.033022252436544698
19.39724932664755,4.9934472590444496,117.64330136580389,-2.918444375309575,-0.029902830942774138
19.348483857825279,4.9824180271858234,117.69329851895553,-2.9198615030937964,-0.026785896993525564
19.299703661238471,4.9714541130709833,117.74329567210717,-2.9211228486372689,-0.023671130495743691
19.250909795051278,4.9605511971498446,117.7932928252588,-2.9224584870695325,-0.031115648000109533
19.202099026985461,4.9497242131449868,117.84328997841045,-2.9242391949180249,-0.040116043833897615
19.153266645441711,4.9389951498483322,117.89328713156209,-2.9264697826526889,-0.049111602961224562
19.104408071350836,4.928386023404828,117.94328428471373,-2.9291499652384902,-0.058100524980567628
19.055518891109276,4.9179188682100898,117.99328143786536,-2.9322793561492526,-0.067080536220390299
19.006594887408827,4.9076157367663198,118.043278591017,-2.9358574415904948,-0.076048805415520504
18.957632070226097,4.8974986976996409,118.09327574416864,-2.9398835505483847,-0.085001861103174162
18.908626707987288,4.8875898316654851,118.14327289732027,-2.9443568207640123,-0.093935511366516622
18.859575358853924,4.8779112248618208,118.19327005047191,-2.9492761607699438,-0.10284476671510101
18.810474902060772,4.868484959878475,118.24326720362355,-2.9546402081689207,-0.11172376705534064
18.761322569207827,4.8593331036194831,118.29326435677518,-2.9604472843866798,-0.12056571387975124
18.712115975377763,4.8504776920481998,118.34326150992682,-2.9666953461917513,-0.12936280898292768
18.662853149917161,4.8419407115220601,118.39325866307847,-2.9733819343449843,-0.13810620118906525
18.613532566685937,4.8337440765065365,118.44325581623011,-2.980504119819932,-0.14678594274192006
18.564153173543232,4.8259096034861786,118.49325296938174,-2.9880584481215857,-0.15539095715426904
18.514714420802679,4.818458980926005,118.54325012253338,-2.996040882323777,-0.16390902042884953
18.465216288354213,4.8114137351789159,118.59324727568502,-3.0044467455431887,-0.17232675763459562
18.415659311115952,4.8047951922850816,118.64324442883665,-3.0132706636677709,-0.18062965683741516
18.366044602449321,4.7986244356675574,118.69324158198829,-3.0225065092562269,-0.18880210233046851
18.316373875143729,4.7929222597945458,118.74323873513993,-3.0321473476194392,-0.19682742897192712
18.266649459556934,4.7877091199526181,118.79323588829156,-3.0421853861797326,-0.20468799920675046
18.216874318483505,4.7830050783559255,118.8432330414432,-3.0526119282748039,-0.21236530401386536
18.167052058320174,4.7788297469031171,118.89323019459484,-3.0634173326244918,-0.21984008857542678
18.117186936103099,4.7752022269844501,118.94322734774649,-3.0745909797049884,-0.22709250291006108
18.067283862010445,4.7721410468346344,118.99322450089812,-3.0861212462711451,-0.2341022770523811
18.017348396954688,4.7696640970196329,119.04322165404976,-3.0979954892282007,-0.24084891960919086
17.967386744935098,4.7677885647352802,119.0932188072014,-3.1102000399753962,-0.24731193769905685
17.917405739879626,4.7665308676786271,119.14321596035303,-3.122720210222746,-0.25347107541489428
17.867412826779368,4.7659065883262626,119.19321311350467,-3.1355403101172823,-0.25930656707492139
17.817416037004818,4.7659304095136434,119.24321026665631,3.1345416278724043,-0.26479940068837798
17.767423957788402,4.7666160522526777,119.29320741980794,3.1211725758545765,-0.26993158630602643
17.717445695988999,4.7679762167473037,119.34320457295958,3.1075562957976217,-0.2746864232973017
17.667491013930544,4.7700264353076447,119.39320172611122,3.0933908928743659,-0.29670131999568577
17.617572354869726,4.7728179078063162,119.44319887926285,3.0778233625759452,-0.32629682386428066
17.567706005675934,4.776423696051169,119.4931960324145,3.0607340167222805,-0.35763552922590758
17.517912258063205,4.7809209317742249,119.54319318556614,3.0420269717846828,-0.39106690682468298
17.468216149374275,4.7863913155188973,119.59319033871778,3.0215888088223801,-0.42694313328547001
17.418648364376214,4.7929217390689622,119.64318749186941,2.9992884426331234,-0.46561822013762522
17.369246315692084,4.8006048247280546,119.69318464502105,2.9749771478631515,-0.50744239877103514
17.320055426014029,4.8095393398590014,119.74318179817269,2.9484890153400527,-0.55275021694708315
17.27113063039933,4.8198304223083257,119.79317895132432,2.9196422046167254,-0.60184017801597445
17.222538105376199,4.8315895237922746,119.84317610447596,2.8882414824807747,-0.65494315617585441
17.174357209320739,4.8449339439060868,119.89317325762759,2.8540826866265214,-0.71217643604848968
17.126682580377317,4.8599857889258287,119.94317041077923,2.8169599097719451,-0.77348042638915027
17.079626278048856,4.8768701523041793,119.99316756393087,2.7766763181748146,-0.83853652424639569
17.033319767199664,4.895712288780385,120.04316471708252,2.7330595164584492,-0.90666818193168008
16.987915427628636,4.9166335604808094,120.09316187023416,2.6859821140968361,-0.97673399516322335
16.943587138186444,4.9397459993817057,120.14315902338579,2.6353874601445666,-1.0470321552695101
16.900521710773255,4.9651329754732112,120.19315617653743,2.5823947439897923,-1.0630537175615418
16.858866071234406,4.9927722839320898,120.24315332968906,2.5290958170615263,-1.0695594270016122
16.818747769562783,5.0225990582889084,120.2931504828407,2.4753892587993289,-1.0794011525268792
16.780297327907203,5.0545469078392733,120.34314763599234,2.4211026403451075,-1.0927930597012037
16.743649564324613,5.0885472849407369,120.39314478914397,2.3660546292023752,-1.1098749054334411
16.708944655404284,5.1245282744001637,120.44314194229561,2.3100591011803018,-1.1306952250666447
16.676328919460964,5.1624129595841719,120.49313909544725,2.2529302726387606,-1.155187186363845
16.645955187294593,5.2021173725302292,120.54313624859888,2.1944892350032239,-1.1831366422931355
16.6179825978857,5.2435480599948407,120.59313340175053,2.1345722698981158,-1.214143108626865
16.592575628272574,5.2865993396191335,120.64313055490217,2.0730412409138599,-1.2475763855697724
16.569902149895924,5.3311503844710186,120.69312770805381,2.0097961522763712,-1.2825344971515424
16.550130312621029,5.3770623610434942,120.74312486120544,1.9447895888408013,-1.3178124123620909
16.533424111541517,5.4241759491539003,120.79312201435708,1.8780421787510502,-1.3518949273599874
16.519937610130793,5.4723096743348369,120.84311916750872,1.8096574789731079,-1.3829895535213539
16.509796273719267,5.5212574030573718,120.89311632066035,1.7408741418267866,-1.3485697127738046
16.502973548734062,5.5707777488490571,120.94311347381199,1.6751027057040966,-1.2819381566410599
16.499336224411667,5.6206342867518488,120.99311062696363,1.6127111136732035,-1.2138722814586396
16.498729790226324,5.6706205078374445,121.04310778011526,1.5537017939558462,-1.1470170749799196
16.500990061324551,5.7205600657102709,121.09310493326691,1.497963666365296,-1.0832763517784723
16.505951438127603,5.7703046392374997,121.14310208641855,1.4453072868291199,-1.0239008963805107
16.513452878087971,5.8197306136338289,121.19309923957019,1.3954942794413461,-0.9696206311076272
16.52334186906053,5.8687352922747831,121.24309639272182,1.3482599184004755,-0.92078156626233987
16.53547681285702,5.9172331069824828,121.29309354587346,1.3033292125160665,-0.87746654339935759
16.549728230547391,5.9651520917702214,121.3430906990251,1.2604275402222598,-0.83959197869618474
16.565979145806093,6.0124307401083925,121.39308785217673,1.2192870597072989,-0.80698050400512733
16.58412492782972,6.0590152731880229,121.44308500532837,1.1796500211377072,-0.77941296958337991
16.604072802432984,6.1048572937406043,121.49308215848001,1.1412699007551435,-0.7566643320141565
16.62574117807808,6.1499117735970401,121.54307931163164,1.1039110524014755,-0.73852773874196243
16.649058885089481,6.1941353130249137,121.59307646478328,1.0673473733565433,-0.72483040356991646
16.673956053256131,6.23748951220582,121.64307361793493,1.0320515358707407,-0.6822371263332726
16.700317370627282,6.2799697521035611,121.69307077108657,0.99915138538962089,-0.63388067635641776
16.728011785636809,6.3215935554378291,121.7430679242382,0.96865839292275335,-0.58603914731099394
16.756914065253607,6.3623882706183608,121.79306507738984,0.94053423396471181,-0.53918662894816338
16.786905819542522,6.4023891605431738,121.84306223054148,0.91472105748668964,-0.49363414103733444
16.81787595849967,6.4416377282698587,121.89305938369311,0.89114901597600149,-0.44955486899992542
16.849720745867426,6.4801802941223654,121.94305653684475,0.86974251597520025,-0.40700957641278124
16.882343554780839,6.5180668342904324,121.99305368999639,0.85042524820037957,-0.36596971103888637
16.915654412449289,6.5553500708290287,122.04305084314802,0.83312414860357398,-0.32633693151234472
16.949569401871788,6.5920847916864043,122.09304799629966,0.81777248317458273,-0.28795860907627469
16.984009970406905,6.62832737457249,122.1430451494513,0.80431225793064409,-0.25063935529608483
17.018902179052315,6.6641354879267611,122.19304230260295,0.79269614593177695,-0.21414887545586944
17.054175912996772,6.699567944403225,122.24303945575458,0.78288910556395164,-0.17822652841184239
17.089764062822045,6.7346846855534617,122.29303660890622,0.77486984559455474,-0.1425829510698145
17.125601676729111,6.7695468805043753,122.34303376205786,0.76863227641444387,-0.10689902351109089
17.161625076291813,6.804217125363718,122.39303091520949,0.76418707583105083,-0.070822338253662381
17.197772191371925,6.8387584016884144,122.44302806836113,0.76134499751256302,-0.051272782763253144
17.234008884503936,6.8732056962668153,122.49302522151277,0.75885638892795426,-0.048249519168125123
17.270328548295982,6.9075655014314794,122.5430223746644,0.75652305499169581,-0.045062205859391753
17.306725510285677,6.9418434170635601,122.59301952781604,0.75435307319651801,-0.041716027402341198
17.343193865262069,6.9760453698747664,122.64301668096768,0.75235423121434952,-0.03821739466089065
17.379727485816606,7.0101776010065882,122.69301383411931,0.75053396542492001,-0.034573948545355782
17.416320034371129,7.0442466508425481,122.74301098727096,0.7488992996634618,-0.030794547334084269
17.452964976647408,7.0782593410505426,122.7930081404226,0.74745678503098312,-0.026889236734628695
17.489655596526951,7.1122227539148177,122.84300529357424,0.74621244164388989,-0.022869202193394503
17.526385012234485,7.1461442090610845,122.89300244672587,0.74517170321484982,-0.01874670334507654
17.563146193762272,7.1800312377218996,122.94299959987751,0.74433936535206435,-0.014534990904437732
17.599931981438154,7.213891554733566,122.99299675302915,0.74371953843831906,-0.010248206730493713
17.636735105525794,7.2477330284972457,123.04299390618078,0.74331560590392398,-0.0059012682232234409
17.673548206732264,7.2815636491758058,123.09299105933242,0.74313018863912483,-0.0015097386305168389
17.710363857486435,7.3153914954329018,123.14298821248406,0.74316511620279757,0.0029103147670812577
17.747174583840643,7.3492247000504545,123.19298536563569,0.7434214053769681,0.0073424722790053467
17.783972887841177,7.3830714147860972,123.24298251878733,0.74389924649346439,0.011770120629219959
17.820751270194446,7.4169397748391219,123.29297967193898,0.74459799782268976,0.016176616153473402
17.857502253087674,7.4508378633375516,123.34297682509062,0.74551618816975485,0.020545449400060332
17.894218402945789,7.4847736761931465,123.39297397824225,0.74665152767153919,0.024860408096092815
17.930892352996857,7.5187550877503808,123.44297113139389,0.74800092663844908,0.029105735480189181
17.96751682544603,7.5527898175745998,123.49296828454553,0.74956052213575919,0.033266281108843818
18.004084653097543,7.5868853987375049,123.54296543769716,0.75132571186017261,0.037327641446683664
18.040588800259481,7.6210491479215161,123.5929625908488,0.75329119473910067,0.04127628782408517
18.077022382774743,7.655288137632331,123.64295974400044,0.75545101756761623,0.045099679685710471
18.113378687032149,7.6896091707712975,123.69295689715207,0.75779862690385935,0.048786361445871021
18.149651187822439,7.7240187577764887,123.74295405030371,0.76032692537006286,0.052326041696327319
18.185833564918489,7.7585230964970124,123.79295120345535,0.76302833145489224,0.055709653963301957
18.221919718273995,7.7931280549186059,123.842948356607,0.76589484188404333,0.058929398666586696
18.257903781751907,7.8278391568121339,123.89294550975863,0.76891809561991231,0.061978766378827856
18.293780135311213,7.8626615703303084,123.94294266291027,0.77208943856663081,0.064852542902557223
18.329543415599879,7.8976000995347437,123.99293981606191,0.77539998809241728,0.067546797063654712
18.365185425810036,7.9326623220013799,124.04293696921354,0.77921355916744939,0.091038703933531848
18.400667313949093,7.9678865321228276,124.09293412236518,0.78455776577024983,0.12268676758939308
18.43593246743098,8.0033276704645058,124.14293127551682,0.79147872636087535,0.15416516193567539
18.470923346829689,8.0390395541250506,124.19292842866845,0.7999756290316703,0.18577624080527977
18.505580915129944,8.0750749129119583,124.24292558182009,0.81006214387214415,0.21779771853954524
18.539843886209102,8.1114855651903266,124.29292273497173,0.82176528771240842,0.25048620410722983
18.573647992643078,8.1483225103727115,124.34291988812338,0.83512441562485595,0.28407873062659122
18.606925265559966,8.1856359281319868,124.39291704127501,0.85019023688304163,0.31879217661378262
18.639603325151391,8.2234750707495881,124.44291419442665,0.86702374483053912,0.35482035392473665
18.671604687256604,8.2618880311387422,124.49291134757829,0.88569493611200989,0.3923284309491466
18.702846099810781,8.3009213654120835,124.54290850072992,0.90628117605541603,0.43144428257749889
18.733237933382146,8.3406195458714425,124.59290565388156,0.92886504574083795,0.4722463376699288
18.762683662917887,8.3810242187962896,124.6429028070332,0.95353148627319584,0.51474757382765279
18.791079493312825,8.4221732426078368,124.69289996018483,0.98036404348268935,0.5588755513570679
18.818314199116866,8.4640994875588902,124.74289711333647,1.0094400218177526,0.60444886412232368
18.844269267317014,8.5068293901536265,124.7928942664881,1.0408243939232458,0.65115119990987136
18.868820089591662,8.550380926562795,124.84289141963974,1.0744528950515624,0.68759381299424671
18.891861098435225,8.5947495328293275,124.89288857279139,1.1093759748622658,0.70996088960326786
18.913312307027937,8.6399080223515607,124.94288572594303,1.1455008865558629,0.73568445571259689
18.933087614823467,8.6858249004454695,124.99288287909467,1.1829974975474509,0.76484315456058849
18.951092267142883,8.7324642653645537,125.0428800322463,1.2220389176065838,0.79748443137782554
18.967222721986026,8.7797842158957735,125.09287718539794,1.2627993428811508,0.83359956080147224
18.981366789273775,8.8277350428131136,125.14287433854957,1.3054504736369366,0.87309140026861176
18.993404165269979,8.8762572092337795,125.19287149170121,1.3501561228415124,0.91573423284464051
19.003207513042806,8.925279157234522,125.24286864485285,1.3970646266282418,0.96112622358054911
19.0106442623748,8.9747150267136817,125.29286579800448,1.4462987417475861,1.0086371065330515
19.015579309536744,9.024462439574382,125.34286295115612,1.4979429219929419,1.057356958132339
19.017878774272834,9.0744005858940753,125.39286010430776,1.5520282621216386,1.1060562019680644
19.017414900472033,9.1243889391293944,125.44285725745941,1.6085160211985445,1.153171573853996
19.014073757987319,9.1742671583565567,125.49285441061105,1.667016832791484,1.169598274219849
19.007830657294427,9.2238659959112308,125.54285156376268,1.7247508709120909,1.1394097622591699
18.998774096750243,9.2730293664022607,125.59284871691432,1.7809137543030769,1.1069628997935161
18.987011965489032,9.3216169026617433,125.64284587006595,1.8354235492891897,1.0734717051292519
18.972660193839641,9.3695038591555484,125.69284302321759,1.8882549335309402,1.0399814111447439
18.955838713921072,9.4165804738765591,125.74284017636923,1.9394301784054151,1.007349495812869
18.936668146675061,9.462750731473438,125.79283732952086,1.9890097499684665,0.9762481571307956
18.915267236873579,9.5079307605842125,125.8428344826725,2.0370834141200187,0.94718080497142865
18.89175098796251,9.5520470561802195,125.89283163582414,2.0837623765846809,0.92050598856856913
18.866229409379574,9.5950346690778616,125.94282878897577,2.1291726973756049,0.89646376238645875
18.838806773595298,9.6368354591327492,125.99282594212742,2.1734500120360485,0.87520117015932619
18.80958128091239,9.6773964708334912,126.04282309527906,2.2167354629138813,0.85679494695374203
18.778645040279692,9.7166684615308547,126.0928202484307,2.2591726763743409,0.8412705804670485
18.746084288971684,9.7546045928430321,126.14281740158233,2.30090559721598,0.8286175489907458
18.711979789601664,9.7911592834183896,126.19281455473397,2.342076993066609,0.81880093762592898
18.676411138396695,9.826291148821694,126.24281170788561,2.3823217519668471,0.78038916488546917
18.639499506518391,9.8600098631493118,126.29280886103724,2.4199564897120545,0.72505109217369845
18.601389714549256,9.8923688768761178,126.34280601418888,2.454827560395628,0.66999327436960243
18.56221710973438,9.9234334408935627,126.39280316734052,2.4869702439298464,0.61602150301624548
18.522105987812171,9.9532769015597431,126.44280032049215,2.5164536225374152,0.5636877767185049
18.481169349696795,9.9819780527388922,126.49279747364379,2.5433688107551689,0.51332827732034236
18.439509193770203,10.009619004245668,126.54279462679544,2.5678192001766402,0.46510476993116068
18.397217164602221,10.036283548322352,126.59279177994708,2.5899127341041415,0.41904369830173133
18.354375416262904,10.062055973463432,126.64278893309871,2.609756011690612,0.37506995230246737
18.311057585708681,10.087020261148414,126.69278608625035,2.6274499207941506,0.33303418108995653
18.267329804363214,10.111259599524718,126.74278323940199,2.6430864740528541,0.29273367955894614
18.223251702311114,10.134856153645217,126.79278039255362,2.6567465408002198,0.25392746794561577
18.178877379561246,10.157891040841884,126.84277754570526,2.6684982051308865,0.21634640448664022
18.134256333537952,10.180444469867103,126.8927746988569,2.6783955230882452,0.17969917138978325
18.089434342526644,10.20259601222214,126.94277185200853,2.6864774914326897,0.14367486105542346
18.044454312420765,10.22442498296674,126.99276900516017,2.6927670728734738,0.10794272849837915
17.999356034622707,10.24600868113121,127.04276615831181,2.6975334039657066,0.090818360716272889
17.954159736017903,10.267386374032982,127.09276331146346,2.7020033577714715,0.087974749381600742
17.908869850979102,10.288565083585031,127.14276046461509,2.7063288750084125,0.085040958845047518
17.863490333098259,10.30955105618969,127.19275761776673,2.7105055068171762,0.082019410167404952
17.81802514405771,10.330350780622327,127.24275477091837,2.714528929400263,0.078912683816699067
17.772478250386872,10.350970981556978,127.29275192407,2.7183949517977828,0.075723511783026984
17.726853620524714,10.37141861257405,127.34274907722164,2.7220995232613427,0.072454769496002186
17.681155222171814,10.391700848687531,127.39274623037328,2.7256387402209206,0.069109467623859722
17.635387019945142,10.411825078414662,127.44274338352491,2.7290088528404008,0.065690743831556667
17.589552973342901,10.431798895413424,127.49274053667655,2.7322062711615271,0.062201854570088734
17.543657035023426,10.451630089713422,127.54273768982819,2.7352275708394997,0.058646166963315552
17.497703149399189,10.471326638566147,127.59273484297984,2.7380694984766465,0.055027150851741445
17.451695251544589,10.490896696940148,127.64273199613147,2.740728976563322,0.05134837104520576
17.405637266413223,10.510348587686485,127.69272914928311,2.7432031080376182,0.047613479828267698
17.359533108357969,10.529690791399243,127.74272630243475,2.7454891804774344,0.043826209753519585
17.313386680944372,10.548931935995293,127.79272345558638,2.7475846699399953,0.039990366749193929
17.267201877045629,10.568080786036697,127.84272060873802,2.7494872444650067,0.036109823558447433
17.220982579204779,10.587146231818387,127.89271776188966,2.7511947672582857,0.032188513518721568
17.174732660247912,10.606137278242818,127.94271491504129,2.7527052995728849,0.028230424680771578
17.128455984130085,10.625063033502187,127.99271206819293,2.7540171033045007,0.024239594258456121
17.082156406993523,10.643932697588312,128.04270922134458,2.7551286433173274,0.020220103392210389
17.035837778416109,10.662755550649026,128.0927063744962,2.7560385895154327,0.01617607220158512
16.989503942826648,10.681540941209256,128.14270352764785,2.7567458186733669,0.012111655095262783
16.94315874106228,10.700298274274193,128.19270068079948,2.7572494160379351,0.0080310363007540901
16.896806012041282,10.719036999331525,128.24269783395113,2.7575486767110799,0.0039384255704720894
16.850449594525312,10.737766598268697,128.29269498710275,2.7576431068214911,-0.00016194598351731404
16.804093328941939,10.756496573221593,128.3426921402544,2.7575324244901256,-0.004265829977596153
16.757741059240448,10.775236434369894,128.39268929340602,2.7572165605921337,-0.0083689648214641445
16.711396634750788,10.79399568769519,128.44268644655767,2.7566956593149818,-0.012467079815530848
16.66506391201791,10.812783822717341,128.49268359970932,2.7559700785097325,-0.016555899336932915
16.618746756577899,10.831610300226947,128.54268075286095,2.7550403898295737,-0.02063114717024481
16.572449044673693,10.850484540019705,128.5926779060126,2.7539073786475923,-0.024688551034637438
16.5261745459668,10.869415618602991,128.64267505916422,2.752606871199212,-0.02614498899763662
16.479924759440433,10.888406990949884,128.69267221231587,2.7513183029965864,-0.025401267129207317
16.433699129176009,10.907457085531314,128.74266936546749,2.7500668305676288,-0.024661058196028492
16.387497022577815,10.92656416175104,128.79266651861914,2.7488522805835975,-0.023924269808439987
16.341317803955466,10.945726489439105,128.84266367177077,2.7476744843439826,-0.023190809212859157
16.295160834704003,10.964942348544067,128.89266082492242,2.7465332777947289,-0.022460583327477978
16.249025473384322,10.984210028864256,128.94265797807407,2.7454285015423636,-0.021733498774172261
16.202911075904257,11.003527829735079,128.99265513122569,2.7443600008692068,-0.021009461909896967
16.156816995628162,11.022894059743964,129.04265228437734,2.7433276257454096,-0.020288378854932478
16.110742583505743,11.042307036435453,129.09264943752896,2.7423312308402075,-0.019570155519511349
16.064687188192043,11.061765086018177,129.14264659068061,2.7413706755317837,-0.018854697628470859
16.018650156164654,11.081266543071367,129.19264374383224,2.7404458239159686,-0.018141910744113126
15.972630831836389,11.100809750251768,129.24264089698389,2.7395565448138282,-0.017431700287328496
15.926628557664191,11.120393058000664,129.29263805013551,2.7387027117782394,-0.016723971557077794
15.880642674254961,11.140014824250922,129.34263520328716,2.7378842030995338,-0.016018629748321543
15.834672520467528,11.15967341413446,129.39263235643878,2.7371009018102805,-0.01531557996846181
15.788717433511323,11.179367199689933,129.44262950959043,2.7363526956892774,-0.014614727252380087
15.742776749042729,11.199094559570435,129.49262666274208,2.7356394772648382,-0.013915976576158501
15.696849801257189,11.218853878751993,129.54262381589371,2.7349611438174044,-0.013219232869525399
15.650935922979755,11.238643548241871,129.59262096904536,2.7343175973815845,-0.012524401027135071
15.605034445752278,11.258461964787484,129.64261812219698,2.733708744747648,-0.011831385918720681
15.559144699918077,11.2783075305857,129.69261527534863,2.7331344974625336,-0.011140092398197016
15.513266014704927,11.298178652992146,129.74261242850025,2.7325947718304433,-0.010450425311790206
15.467397718304625,11.318073744231336,129.7926095816519,2.7320894889130329,-0.0097622895052290829
15.421539137951671,11.33799122110676,129.84260673480352,2.7316185745292816,-0.0090755898300941568
15.375689599999285,11.35792950471148,129.89260388795518,2.7311819592550548,-0.0083902311493592088
15.329848429993586,11.377887020139157,129.9426010411068,2.7307795784224114,-0.0077061183421917347
15.284014952746533,11.397862196195165,129.99259819425845,2.7304113721186907,-0.0070231563080786451
15.238188492406909,11.417853465108271,130.0425953474101,2.7300772851854029,-0.0063412499703195367
15.192368372529961,11.437859262242531,130.09259250056172,2.7297772672169671,-0.0056603042789506834
15.146553916145832,11.457878025809459,130.14258965371337,2.7295112725593098,-0.0049802242131540215
15.100744445826576,11.477908196580616,130.19258680686499,2.7292792603083571,-0.004300914783198214
15.05493928375699,11.497948217598326,130.24258396001665,2.7290811943084594,-0.0036222810320407205
15.009137751781447,11.517996533896726,130.29258111316827,2.7289170431506551,-0.0029442280362280376
14.963339171496136,11.538051592202876,130.34257826631992,2.7287867801710757,-0.0022666609071706491
14.917542864294411,11.558111840658288,130.39257541947154,2.7286903834491159,-0.0015894847914739068
14.871748151433971,11.578175728530841,130.44257257262319,2.7286278358056775,-0.00091260487139110523
14.825954354100162,11.59824170592842,130.49256972577481,2.7285991248013857,-0.00023592636506415929
14.780160793468239,11.618308223513013,130.54256687892646,2.7286042427347867,0.00044064547335843826
14.734366790765472,11.638373732214953,130.59256403207812,2.7286431866405501,0.0011172053536672273
14.688571667333788,11.658436682946945,130.64256118522974,2.7287159582876606,0.001793847949543078
14.642774744691419,11.678495526318763,130.69255833838139,2.7288225641776154,0.0024706678984926368
14.59697534459589,11.698548712351416,130.74255549153301,2.7289630155426101,0.0031477598016846726
14.551172789106486,11.718594690191726,130.79255264468466,2.7291373283437141,0.0038252182236693843
14.505366400647338,11.738631907826955,130.84254979783628,2.729345523269032,0.0045031376919184721
14.45955550207141,11.75865881179913,130.89254695098793,2.7295876257318321,0.0051816126961321748
14.413739416724736,11.778673846919688,130.94254410413956,2.7298636658686335,0.0058607376872786164
14.367917468511328,11.798675455984037,130.99254125729121,2.7301736785372435,0.0065406070763092917
14.322088981959949,11.818662079485746,131.04253841044283,2.7305177033147099,0.007221315232486823
14.276253282290373,11.838632155331272,131.09253556359448,2.7308957844951949,0.0079029564813098956
14.230409695482365,11.858584118553981,131.14253271674613,2.7313079710877179,0.0085856251019390713
14.184557548344992,11.87851640102849,131.19252986989775,2.7317543168137659,0.0092694153241085746
14.138696168587384,11.898427431184874,131.2425270230494,2.7322348801047358,0.009954421324456092
14.092824884891925,11.918315633722404,131.29252417620103,2.7327497240991696,0.010640737222204757
14.046943026987682,11.938179429323759,131.34252132935268,2.7332989166397681,0.011328457074176419
14.001049925727012,11.958017234368537,131.3925184825043,2.7338825302701242,0.012017674869038533
13.955144913163332,11.977827460646989,131.44251563565595,2.7345006422311586,0.012708484520760214
13.909227322630953,11.997608515073557,131.49251278880757,2.7351533344572059,0.013400979861206044
13.863296488827661,12.017358799400144,131.54250994195922,2.7358406935717001,0.014095254631801585
13.817351747899071,12.037076709929426,131.59250709511085,2.7365628108824276,0.01479140247422415
13.77139243752554,12.056760637228058,131.6425042482625,2.7373197823762876,0.015489516920047814
13.725417897012401,12.076408965839466,131.69250140141415,2.7381117087134967,0.016189691379267866
13.679427467381554,12.096020073997121,131.74249855456577,2.7389386952212127,0.01689201912767058
13.633420491467538,12.115592333337119,131.79249570771742,2.73980085188647,0.017596593292936603
13.587396566427159,12.135124703881621,131.84249286086904,2.7406319460317166,0.013764267905041991
13.541359301122236,12.15462561338768,131.89249001402069,2.7411435427857116,0.0066983686945819767
13.495315508266156,12.174111106890692,131.94248716717232,2.7413015059359553,-0.00038186224567277478
13.44927208861713,12.19359748217766,131.99248432032397,2.7411051216307025,-0.0074763201702040078
13.403235957745684,12.213101069383036,132.04248147347559,2.7405536811575164,-0.014584897118449826
13.357214063325623,12.232638223356306,132.09247862662724,2.7396464821773407,-0.021707438877787616
13.311213402480705,12.252225315841804,132.14247577977886,2.7383828321254362,-0.028843701342588322
13.265241039129265,12.271878727339692,132.19247293293051,2.7367620538090436,-0.03599330628528908
13.219304121264001,12.291614838517086,132.24247008608216,2.7347834932304451,-0.04315569657056624
13.173409898102795,12.311450021037146,132.29246723923379,2.7324465296620732,-0.050330090865585465
13.12756573703942,12.331400627674851,132.34246439238544,2.7297505879969113,-0.057515437929492638
13.08177914031754,12.351482981589465,132.39246154553706,2.726695153392376,-0.064710370602991465
13.036057761344656,12.371713364625336,132.44245869868871,2.7232797882187412,-0.071913159664423271
12.990409420553499,12.392108004516553,132.49245585184033,2.7195041513134881,-0.079121667772471274
12.944842120710296,12.412683060875008,132.54245300499198,2.7153680195304766,-0.086333303776710321
12.899364061560645,12.433454609846811,132.59245015814361,2.7108713115572205,-0.093544977745566971
12.853983653690124,12.454438627331347,132.64244731129526,2.7060141139538709,-0.10075305713695215
12.808709531471445,12.475650970664086,132.69244446444688,2.7007967093447585,-0.10795332461673068
12.763550564954334,12.49710735867828,132.74244161759853,2.6952196066655079,-0.11514093811597002
12.718515870546343,12.518823350073344,132.79243877075018,2.6892835733372449,-0.12231039380486132
12.673614820323266,12.540814320033943,132.8424359239018,2.6829896692034536,-0.12945549274846072
12.628857049794835,12.563095435064803,132.89243307705345,2.6763392820241574,-0.13656931209444159
12.584252463948877,12.585681626025687,132.94243023020508,2.6693341642783666,-0.14364418172012172
12.539811241385385,12.608587559378728,132.99242738335673,2.6619764709769158,-0.1506716673343198
12.495543836350883,12.631827606686993,133.04242453650835,2.6542687981370672,-0.15764256108131952
12.45146097848124,12.65541581243447,133.09242168966,2.6462142215169786,-0.16454688072616167
12.407573670061804,12.679365860272332,133.14241884281162,2.6378163351536696,-0.1713738785067638
12.363893180620529,12.703691037832256,133.19241599596327,2.629079289194558,-0.17811206071281188
12.320431038679803,12.728404200285846,133.2424131491149,2.6200078264611175,-0.18474921898914379
12.277199020505186,12.753517732871114,133.29241030226655,2.6106073171352122,-0.19127247425764662
12.234209135713412,12.77904351264544,133.3424074554182,2.6008837909184055,-0.19766833400088449
12.191473609623404,12.804992869768126,133.39240460856982,2.5908439659812239,-0.2039227634522521
12.149004183109923,12.831375463069939,133.44240176172147,2.5805943137341791,-0.20492801049750992
12.106807285543729,12.858191789019351,133.49239891487309,2.5703592137030835,-0.20451611306026365
12.064886802781221,12.885438196187229,133.54239606802474,2.5601421976692094,-0.20420437852761508
12.02324668685894,12.913111186292367,133.59239322117637,2.5499382913001303,-0.2039914875179282
11.981890979516784,12.941207434075622,133.64239037432802,2.5397425829941107,-0.20387624944485336
11.940823818597675,12.969723779872751,133.69238752747964,2.52955021755474,-0.2038575974713524
11.900049444433053,12.998657222269966,133.74238468063129,2.5193563901369238,-0.20393458352914004
11.859572206111601,13.028004910900149,133.79238183378291,2.5091563404322241,-0.20410637338622084
11.819396567647916,13.057764139361483,133.84237898693456,2.4989453470915692,-0.2043722417436058
11.779527114181182,13.087932338151681,133.89237614008621,2.4887187224139344,-0.20473156733835959
11.739968558047991,13.118507067717912,133.94237329323784,2.4784718072590128,-0.20518382802882631
11.700725744866366,13.149486011508555,133.99237044638949,2.4681999662174103,-0.20572859583407674
11.66180365958761,13.180866969041794,134.04236759954111,2.4578985830283311,-0.20636553189772283
11.623207432531997,13.21264784896149,134.09236475269276,2.4475630562516644,-0.20709438134344599
11.584942345414062,13.244826662056475,134.14236190584438,2.4371887952009068,-0.20791496798697992
11.547013837358939,13.277401514220825,134.19235905899603,2.4267712161445489,-0.20882718886667864
11.509427510919618,13.310370599323537,134.24235621214766,2.4163057387882723,-0.20983100855182166
11.472189138055155,13.34373219199756,134.29235336529931,2.4057877830390844,-0.21092645318631495
11.435304666168879,13.377484640232977,134.34235051845093,2.395212766094152,-0.21211360421872705
11.398780224052635,13.411626357880271,134.39234767160258,2.384576099829339,-0.21339259177356415
11.36262212786499,13.446155816917813,134.44234482475423,2.3738731885444686,-0.21476358760792397
11.326836887060415,13.481071539521421,134.49234197790585,2.363099427066675,-0.21622679760044586
11.291431210280306,13.516372089888129,134.5423391310575,2.3522501992430267,-0.21778245371385704
11.256412011188175,13.55205606578826,134.59233628420913,2.3413208768493807,-0.21943080537024395
11.221786414231941,13.588122089816386,134.64233343736078,2.330306818946565,-0.22117211017530117
11.187561760311851,13.624568800312387,134.6923305905124,2.3192033717178742,-0.22300662392530624
11.153745612329889,13.661394841922522,134.74232774366405,2.3080058688255147,-0.22493458982825909
11.120345760593432,13.698598855769852,134.79232489681567,2.2967096323272744,-0.22695622686871411
11.087370228039374,13.736179469205542,134.84232204996732,2.2853099741974816,-0.22907171724463199
11.054827275247234,13.774135285105483,134.89231920311894,2.2738021985021741,-0.23128119280350598
11.022725405177452,13.812464870709423,134.9423163562706,2.2621816042721763,-0.23358472040712611
10.991073367656249,13.851166745893629,134.99231350942225,2.2504434891536729,-0.23598228614931949
10.959879539484575,13.890238876816076,135.04231066257387,2.2386529355243807,-0.23438631458629394
10.929145629067209,13.929673809265516,135.09230781572552,2.2270228128692633,-0.23082405977838424
10.898868830390278,13.969460785522203,135.14230496887714,2.2155738688438,-0.22714029501531555
10.869045785828416,14.009589016437918,135.19230212202879,2.2043119479729065,-0.22334424169266434
10.839672663604343,14.050047754532606,135.24229927518041,2.1932424348793091,-0.2194450656201461
10.810745177418756,14.09082631805313,135.29229642833207,2.1823702585350802,-0.21545181840366873
10.782258607058926,14.13191411325595,135.34229358148369,2.1716998993427628,-0.21137338392946772
10.754207819662877,14.173300655009315,135.39229073463534,2.1612353987422064,-0.20721843021211259
10.726587291496285,14.214975585600168,135.44228788778699,2.1509803710933397,-0.20299536677000671
10.699391130028442,14.256928691761852,135.49228504093861,2.1409380175495558,-0.19871230757090949
10.672613096129762,14.29914991992483,135.54228219409026,2.1311111416456954,-0.19437703949419627
10.646246626221387,14.341629389717452,135.59227934724188,2.1215021663274714,-0.18999699616959981
10.620284854223826,14.384357405755592,135.64227650039354,2.1121131521588166,-0.18557923697964304
10.59472063316638,14.427324467773266,135.69227365354516,2.1029458164556645,-0.18113043095352666
10.569546556332911,14.47052127915927,135.74227080669681,2.0940015531090168,-0.17665684523371628
10.544754977837433,14.513938753969478,135.79226795984843,2.0852814528778736,-0.17216433776300921
10.520338032535536,14.55756802249522,135.84226511300008,2.0767863239499254,-0.16765835381699939
10.496287655193465,14.601400435470692,135.8922622661517,2.0685167125875239,-0.16314392599496017
10.472595598850768,14.645427567005807,135.94225941930335,2.0604729236958863,-0.15862567727906746
10.449253452324344,14.689641216334145,135.99225657245501,2.0526550411695852,-0.15410782677634582
10.426252656815059,14.734033408464411,136.04225372560663,2.0450629478927853,-0.14959419776896984
10.403584521588547,14.778596393824261,136.09225087875828,2.0376963452867667,-0.14508822771465321
10.381240238712317,14.823322646983556,136.1422480319099,2.0305547723157735,-0.14059297985909586
10.359210896840422,14.868204864540838,136.19224518506155,2.0236376238786504,-0.13611115614563368
10.337487494044774,14.913235962255223,136.24224233821317,2.0169441685286302,-0.13164511113216049
10.316060949699621,14.95840907150099,136.29223949136482,2.0104735654776813,-0.1271968666516636
10.294922115432213,15.003717535117557,136.34223664451645,2.0042248808543874,-0.12276812697931436
10.274061785156594,15.049154902726206,136.3922337976681,1.9981971031951085,-0.11836029429510582
10.253470704214008,15.094714925575472,136.44223095081972,1.9923891581587547,-0.11397448425715009
10.233139577644996,15.14039155097716,136.49222810397137,1.9867999224634747,-0.10961154152490889
10.21305907762236,15.18617891638759,136.54222525712302,1.9814282370513712,-0.10527205509513669
10.193219850076515,15.232071343183602,136.59222241027464,1.9762729194936934,-0.10095637333509493
10.173612520545246,15.278063330181409,136.64221956342629,1.9713327756538599,-0.096664618617383305
10.15422769928297,15.324149546937047,136.69221671657792,1.9666066106305251,-0.092396701479558502
10.135055985663449,15.370324826867567,136.74221386972957,1.9620932390057904,-0.088152334247912426
10.116087971911377,15.416584160225085,136.79221102288119,1.9577914944266446,-0.083931044080012868
10.097314246198222,15.462922686952126,136.84220817603284,1.9537002385495887,-0.079732185393878427
10.078725395136718,15.509335689444505,136.89220532918446,1.9498183693795665,-0.075554951663298342
10.060312005708594,15.555818585242902,136.94220248233611,1.9461448290352408,-0.071398386569245686
10.042064666659561,15.602366919670649,136.99219963548774,1.9426786109729333,-0.0672613945063497
10.023973969393481,15.648976358435251,137.04219678863939,1.9394187667011575,-0.063142750450847746
10.006030508398826,15.695642680203054,137.09219394179104,1.9363644120175925,-0.059041109203572764
9.9882248812373007,15.742361769159336,137.14219109494266,1.9335147327991005,-0.054955014026714037
9.9705476881249346,15.789129607559833,137.19218824809431,1.9308689903746152,-0.050882904698233054
9.9529895311346674,15.835942268278243,137.24218540124593,1.9284265265093554,-0.046823125011839092
9.9355410130471569,15.882795907354717,137.29218255439758,1.9261867680271971,-0.04277392975362334
9.9181927358779483,15.929686756542724,137.34217970754921,1.9241492310967152,-0.038733491189876353
9.9009352991047983,15.976611115858365,137.39217686070086,1.9223135252041916,-0.034699905102350541
9.8837592976217312,16.023565346124578,137.44217401385248,1.9206793568354943,-0.030671196410219027
9.8666553194422804,16.070545861510325,137.49217116700413,1.9192465328863031,-0.026645324419075786
9.8496139431755889,16.117549122057902,137.54216832015575,1.9180149638183608,-0.022620187739475925
9.8326257352974977,16.164571626192643,137.5921654733074,1.9169846665771522,-0.018593628918878016
9.8156812472388548,16.211609903206451,137.64216262645905,1.9161557672842422,-0.014563438832506352
9.7987710123123772,16.258660505706892,137.69215977961068,1.9155285037151319,-0.010527360880038736
9.781885542492823,16.305720002039997,137.74215693276233,1.9151032275709965,-0.0064830950351006649
9.765015325097762,16.352784968603189,137.79215408591395,1.9148804065510348,-0.0024283018040073411
9.7481508193340005,16.399851982192907,137.8421512390656,1.9148606262274745,0.001639393867686168
9.7312824527994071,16.446917612183988,137.89214839221722,1.9150445917258798,0.0057223986704975716
9.7144006179105737,16.493978412670636,137.94214554536887,1.91543312920751,0.0098231469443510171
9.6974956682988971,16.541030914498243,137.9921426985205,1.9160271871495576,0.013944096566520429
9.6805579151931944,16.58807161718557,138.04213985167215,1.9168278374154255,0.018087724654216805
9.6635776238121771,16.635096980723798,138.09213700482377,1.9178362761041881,0.022256523017897323
9.6465461325525546,16.682103824478997,138.14213415797542,1.9189709754653586,0.022619309385265161
9.6294614978122137,16.729091379378399,138.19213131112707,1.920095953945449,0.022381105681081682
9.6123242965794535,16.776059787901406,138.24212846427869,1.9212088310723359,0.022135250104965361
9.5951351273880316,16.823009202525387,138.29212561743034,1.9223092277245113,0.021881882450354686
9.5778946057592105,16.869939784141767,138.34212277058197,1.92339677203396,0.021621153043443486
9.5606033638248054,16.916851701979397,138.39211992373362,1.924471099907016,0.021353222507888972
9.5432620499275025,16.963745133514898,138.44211707688524,1.9255318555326573,0.021078261497617129
9.5258713281990914,17.010620264370264,138.49211423003689,1.926578691876665,0.020796450398554461
9.5084318781176709,17.057477288197063,138.54211138318851,1.927611271160105,0.020507979000288733
9.4909443940440479,17.10431640654895,138.59210853634016,1.9286292653206847,0.020213046138810958
9.4734095847355881,17.151137828749928,138.64210568949179,1.9296323564557296,0.019911859311609808
9.4558281728588778,17.197941771703999,138.69210284264344,1.9306202372442671,0.019604634266939473
9.4382008944482507,17.244728459790537,138.74209999579509,1.9315926113500301,0.019291594567936866
9.4205284983882613,17.291498124640167,138.79209714894671,1.9325491937998034,0.018972971134650424
9.4028117458560239,17.338251004965489,138.84209430209836,1.9334897113397349,0.018649001764711248
9.3850514097569917,17.384987346360528,138.89209145524998,1.9344139027667706,0.018319930635162546
9.3672482741468297,17.431707401091959,138.94208860840163,1.9353215192347903,0.017986007787351953
9.3494031336413261,17.478411427880943,138.99208576155326,1.9362123245346219,0.01764748859702479
9.3315167928158704,17.525099691674999,139.04208291470491,1.9370860953472233,0.017304633231816621
9.3135900655953208,17.571772463411829,139.09208006785653,1.9379426214694859,0.016957706098375821
9.2956237746357679,17.618430019774827,139.14207722100818,1.938781706012181,0.016606975281394185
9.2776187506998351,17.665072642940356,139.1920743741598,1.9396031655696926,0.01625271197684202
9.2595758320258863,17.711700620319302,139.24207152731145,1.94040683036134,0.01589518992168687
9.2414958636935598,17.758314244290951,139.2920686804631,1.9411925443441225,0.0155346848223983
9.2233796969860453,17.804913811932103,139.34206583361473,1.9419601652969241,0.015171473784478173
9.2052281887507039,17.851499624741059,139.39206298676638,1.942709564876266,0.014805834745238675
9.1870422007591745,17.898071988357653,139.442060139918,1.9434406286438337,0.014438045911985773
9.1688225990722803,17.944631212269577,139.49205729306965,1.9441532560659367,0.014068385207786051
9.1505702533913489,17.991177609555749,139.54205444622127,1.9448473604861014,0.013697129726433159
9.1322860364426237,18.037711496551225,139.59205159937292,1.9455228690695368,0.01332455519946326
9.1139708233353307,18.084233192589338,139.64204875252454,1.9461797227224678,0.012950935475813405
9.0956254908496224,18.130743019663019,139.6920459056762,1.9468180829590715,0.012863457301356601
9.077246728523658,18.177239645947679,139.74204305882782,1.9476998532090559,0.022399314038822657
9.0588159169385918,18.223715662591449,139.79204021197947,1.9490570217726526,0.031883244328620108
9.0403110507574045,18.270162239990398,139.84203736513112,1.9508874031331513,0.041331573440021627
9.0217102494660928,18.316570476430943,139.89203451828274,1.9531896125652799,0.05076000683891959
9.0029917335768399,18.362931353082235,139.94203167143439,1.955963034691784,0.060183611037542543
8.9841338027116784,18.409235689516773,139.99202882458601,1.9592077909285843,0.06961678815785062
8.9651148157327718,18.455474099729656,140.04202597773767,1.9629247054779695,0.079073242831333684
8.9459131732377131,18.501636948313362,140.09202313088929,1.9671152694394252,0.088565940045055302
8.9265073025934623,18.547714306875069,140.14202028404094,1.9717816025675317,0.098107052671987341
8.9068756458749601,18.593695910401046,140.19201743719256,1.9769264121105063,0.10770789738386105
8.8869966508956395,18.639571113796478,140.24201459034421,1.982552948145609,0.11737885779853789
8.8668487657851927,18.685328848295292,140.29201174349583,1.9886649547126982,0.12712929366686387
8.8464104373732759,18.730957578013605,140.34200889664749,1.9952666160469261,0.13696743511656073
8.8256601138099597,18.7764452566323,140.39200604979914,2.0023624971288458,0.14690026104569684
8.8045762518333959,18.821779284368301,140.44200320295076,2.0099574777413554,0.15693336098563276
8.7831373291063901,18.866946465490276,140.49200035610241,2.0180566792017589,0.16707078003804676
8.7613218621030793,18.91193296662524,140.54199750925403,2.0266653829133752,0.17731484684198656
8.7391084300131396,18.956724276250746,140.59199466240568,2.0357889399010136,0.18766598502033166
8.7164757051545951,19.00130516582335,140.6419918155573,2.0454326705266075,0.19812250915413193
8.6934024903810148,19.045659653097964,140.69198896870896,2.0556017536531401,0.20868040708525967
8.6698677639545672,19.089770968293326,140.74198612186058,2.0663011046366435,0.21933311125492891
8.6458507323224723,19.133621523870023,140.79198327501223,2.0775352416883224,0.23007126285932883
8.6213308911840869,19.177192888793055,140.84198042816385,2.089308140367002,0.24088247384004144
8.5962880951555984,19.220465768267314,140.8919775813155,2.1016230762483934,0.25175109311795946
8.5707026362391581,19.263419990031188,140.94197473446715,2.1144824561727624,0.26265798499020399
8.5445553311441742,19.306034498427255,140.99197188761877,2.1278876389188706,0.27358032920623393
8.5178276173914753,19.348287357457458,141.04196904077043,2.1418387466394195,0.2844914538040299
8.4905016578376422,19.39015576423035,141.09196619392205,2.1563344690280308,0.29536071331112462
8.462560453082741,19.431616074110426,141.1419633470737,2.1713718628134377,0.30615342614085317
8.4339879609079045,19.472643838922622,141.19196050022532,2.1869461499088736,0.31683088589619685
8.4047692215812067,19.513213859486218,141.24195765337697,2.2030505182866915,0.32735046158652642
8.3748904875282246,19.553300253627121,141.29195480652859,2.2196759303909741,0.33766580129285328
8.3443427158996606,19.592879158438397,141.34195195968024,2.2365428203037756,0.33650744775196412
8.3131333824718467,19.631938525488337,141.39194911283187,2.2533262260406177,0.33488921259715704
8.2812744383343588,19.670469874631952,141.44194626598352,2.2700320782910404,0.33340558426155992
8.2487776334182197,19.708464813111423,141.49194341913517,2.2866671724779022,0.33205913395452885
8.2156545187793011,19.745915012016543,141.54194057228679,2.3032384256626326,0.33085216054918215
8.1819164508841506,19.782812183828376,141.59193772543844,2.3197528635505753,0.32978671507093071
8.1475745973262317,19.819148060707864,141.64193487859006,2.336217608664811,0.32886462294607177
8.1126399438844743,19.854914373550628,141.69193203174171,2.3526398695751172,0.32808750393309466
8.0771233028475553,19.890102831821817,141.74192918489334,2.3690269310638166,0.32745678967690695
8.0410353225327764,19.924705104186557,141.79192633804499,2.3853861451090794,0.32697373883897851
8.0043864979381532,19.95871279994839,141.84192349119661,2.4017249225633508,0.32663944976534487
7.9671871824745546,19.992117451308218,141.89192064434826,2.4180507254026358,0.32645487065986378
7.9294476007300219,20.024910496459327,141.94191779749988,2.4343710594217343,0.32642080723262107
7.8911778622272104,20.057083263534608,141.99191495065153,2.4506934672481426,0.32653792779359186
7.8523879761336879,20.088626955431231,142.04191210380318,2.4670255215489254,0.32680676576000972
7.8130878669407,20.119532635502036,142.09190925695481,2.4833748182821673,0.32722771954244845
7.7732873909733344,20.149791214234739,142.14190641010646,2.4997489699088864,0.32780104977203856
7.7329963538770183,20.17939343682162,142.19190356325808,2.5161555983625794,0.32852687382495616
7.692224528922762,20.208329871775785,142.24190071640973,2.5326023276997582,0.32940515759879779
7.6509816761929912,20.236590900582506,142.29189786956135,2.549096776261329,0.33043570449066334
7.6092775626125739,20.264166708461349,142.341895022713,2.5656465482134827,0.33161814152595981
7.5671219828183816,20.291047276300834,142.39189217586463,2.5822592243223577,0.3329519025870471
7.5245247808533779,20.317222373841624,142.44188932901628,2.5989423518169272,0.33443620869412516
7.4814958726714451,20.342681554192062,142.49188648216793,2.6157034331914266,0.3360700452973705
7.4380452694357899,20.367414149770241,142.54188363531955,2.6325499137968258,0.33785213655028445
7.394183101586397,20.391409269778411,142.5918807884712,2.6494891680706885,0.33978091655045473
7.3499196436497574,20.414655799323739,142.64187794162282,2.6665284842529844,0.34185449755601643
7.3052653397522942,20.437142400311966,142.69187509477447,2.6836750474379012,0.3440706352155436
7.2602308297812606,20.458857514254451,142.7418722479261,2.7009359208174772,0.34642669088692885
7.2148269761771928,20.479789367113792,142.79186940107775,2.7183180249576755,0.34891959116451804
7.1690648911838721,20.499925976391815,142.84186655422937,2.7358281150102504,0.35154578479788007
7.1229560586519005,20.519255389553447,142.89186370738102,2.7534306805806308,0.34952819605105934
7.0765170525628021,20.53777760293757,142.94186086053264,2.7706334138694033,0.33855878637892706
7.0297711773855935,20.555511208236094,142.99185801368429,2.7872789990819529,0.32725130883088893
6.9827414041793503,20.572477702806548,143.04185516683594,2.8033520527166811,0.3156659671574279
6.9354497057142428,20.588699928559667,143.09185231998757,2.8188401124796321,0.30385931255106802
6.8879169995068468,20.604201894783873,143.14184947313922,2.8337334410488415,0.2918837264912939
6.840163109459418,20.619008608170635,143.19184662629084,2.8480248080604289,0.27978706494928146
6.7922067444228267,20.633145912210043,143.24184377944249,2.8617092580364032,0.26761244892667529
6.7440654918798728,20.64664033758055,143.29184093259411,2.8747838711245559,0.2553981832084587
6.6957558248684235,20.659518964665278,143.34183808574576,2.8872475225721268,0.24317778365952736
6.6472931202336936,20.671809298893592,143.39183523889739,2.899100645868359,0.2309800931281715
6.5986916864891647,20.683539159189252,143.44183239204904,2.9103450034778056,0.21882946679520104
6.5499647994167569,20.69473657955092,143.49182954520066,2.9209834682256788,0.20674600920283584
6.5011247439972299,20.705429723445679,143.54182669835231,2.9310198174761837,0.19474584719811147
6.4521828611608321,20.715646810559779,143.59182385150396,2.9404585415729536,0.18284142512095905
6.403149598176002,20.725416055259295,143.64182100465558,2.9493046673462389,0.17104181083609574
6.3540345615086684,20.734765616041752,143.69181815780723,2.9575635970065242,0.15935300333828781
6.3048465713960082,20.743723555142683,143.74181531095886,2.9652409622869413,0.14777823473897794
6.2555937172288152,20.7523178074896,143.79181246411051,2.9723424934387146,0.13631826118321935
6.2062834132281051,20.76057615813777,143.84180961726213,2.9788739024077326,0.12497163888964691
6.1569224539059881,20.768526227359452,143.89180677041378,2.9848407793869955,0.1137349828224388
6.1075170689579181,20.776195462577601,143.9418039235654,2.9902485018371294,0.10260320663179474
6.0580729773272983,20.783611136373377,143.99180107671705,2.9951021550238943,0.091569743404431997
6.0085954402753288,20.790800349839962,144.04179822986868,2.9994064631170487,0.080626747485911587
5.9590893133661531,20.797790040602013,144.09179538302033,3.0031657299226144,0.069765278195129204
5.9095590973395584,20.804606994867672,144.14179253617198,3.0063837883729319,0.058975466674026616
5.86000898790153,20.811277862925895,144.1917896893236,3.0090639579689791,0.048246667429647248
5.8104429245023201,20.817829177545899,144.24178684247525,3.0112090094535988,0.037567596350470571
5.7608646382345068,20.824287374771018,144.29178399562687,3.0128211360865604,0.026926457143537072
5.7112776989290142,20.830678816644838,144.34178114877852,3.0139019309956483,0.016311058229899155
5.6616855617114634,20.837029815414414,144.39177830193015,3.0144523701761741,0.0057089222441602475
5.6120916131080012,20.843366658802974,144.4417754550818,3.0144728008264008,-0.0048926097078152856
5.5624990779904397,20.849714551924301,144.49177260823342,3.0140676850276242,-0.0088122142255227555
5.512909314860722,20.856084063358814,144.54176976138507,3.0136289712750455,-0.0087373064344219466
5.4633223389114258,20.862475236964748,144.59176691453669,3.0131940069836491,-0.0086622275200947865
5.413738135533575,20.868887885397065,144.64176406768834,3.0127628006668248,-0.0085869791747700663
5.3641566898211668,20.875321820917922,144.69176122083999,3.0123353607532408,-0.008511563095199905
5.3145779865736902,20.881776855400897,144.74175837399162,3.0119116955866252,-0.0084359809825745296
5.265002010297315,20.88825280033522,144.79175552714327,3.0114918134255384,-0.0083602345424355316
5.2154287452074684,20.894749466830035,144.84175268029489,3.0110757224431635,-0.0082843254845915894
5.1658581752307606,20.901266665618639,144.89174983344654,3.0106634307270932,-0.008208255523033732
5.1162902840067757,20.907804207062743,144.94174698659816,3.0102549462791206,-0.0081320263758508284
5.0667250548905001,20.914361901156685,144.99174413974981,3.0098502770150413,-0.0080556397651465571
5.0171624709543421,20.920939557531739,145.04174129290143,3.0094494307644517,-0.0079790974169561477
4.9676025149898866,20.927536985460375,145.09173844605309,3.0090524152705513,-0.0079024010611632878
4.9180451695108234,20.934153993860431,145.14173559920471,3.0086592381899613,-0.0078255524314192731
4.8684904167542271,20.940790391299515,145.19173275235636,3.0082699070925285,-0.0077485532650601327
4.8189382386834296,20.947445985999174,145.24172990550801,3.0078844294611491,-0.0076714053030267062
4.7693886169900113,20.954120585839178,145.29172705865963,3.0075028126915888,-0.0075941102897838422
4.7198415330958507,20.960813998361839,145.34172421181128,3.0071250640923077,-0.0075166699732402645
4.6702969681559123,20.967526030776213,145.3917213649629,3.0067511908842932,-0.0074390861046700098
4.6207549030700177,20.974256489961068,145.44171851811456,3.0063812002009631,-0.0073613604386485818
4.5712153184452644,20.981005182474615,145.49171567126618,3.0060150990877093,-0.0072834947329121187
4.5216781946587323,20.987771914550535,145.54171282441783,3.0056528945021865,-0.007205490748374439
4.4721435118193531,20.994556492107815,145.59170997756945,3.0052945933138568,-0.0071273502489865139
4.4226112497807009,21.001358720753561,145.6417071307211,3.0049402023039158,-0.0070490750016762218
4.3730813881432828,21.008178405787341,145.69170428387272,3.0045897281651466,-0.0069706667762722664
4.3235539062576107,21.015015352205339,145.74170143702437,3.0042431775017779,-0.0068921273454298736
4.2740287832242938,21.021869364704983,145.79169859017603,3.0039005568293322,-0.0068134584845522027
4.2245059978987776,21.028740247688898,145.84169574332765,3.0035618725745024,-0.0067346619717198178
4.1749855288934885,21.035627805269275,145.8916928964793,3.0032271310750192,-0.0066557395876164658
4.1254673545799943,21.042531841272137,145.94169004963092,3.0028963385795215,-0.0065766931154555243
4.0759514530914434,21.049452159241689,145.99168720278257,3.0025695012474278,-0.0064975243409073815
4.0264378023256686,21.056388562444511,146.04168435593419,3.0022466251488225,-0.0064182350520284584
3.9769263799469377,21.063340853873921,146.09168150908584,3.0019277162643303,-0.0063388270391886237
3.9274171633892601,21.070308836254217,146.14167866223747,3.0016127804850083,-0.006259302095001619
3.8779101298586305,21.07729231204495,146.19167581538912,3.0013018236122329,-0.0061796620142544022
3.828405256335643,21.084291083445233,146.24167296854074,3.0009948513575924,-0.0060999085938375826
3.7789025195783696,21.091304952398005,146.29167012169239,3.0006918693427864,-0.0060200436326768459
3.7294018961248012,21.098333720594297,146.34166727484404,3.0003928830995217,-0.005940068931664268
3.6799033622956845,21.105377189477529,146.39166442799566,3.0000978980694204,-0.005859986293590776
3.6304068941971011,21.112435160247792,146.44166158114732,2.9998069196039219,-0.0057797975230787901
3.5809124677231789,21.119507433866087,146.49165873429894,2.9995199529641963,-0.0056995044265155895
3.5314200585589686,21.126593811058658,146.54165588745059,2.9992370033210562,-0.00561910881198754
3.4819296421831805,21.133694092321186,146.59165304060221,2.9989580757548753,-0.0055386124892146289
3.432441193870579,21.140808077923165,146.64165019375386,2.9986831752555041,-0.0054580172694849898
3.3829546886955426,21.147935567912036,146.69164734690548,2.9984123067221997,-0.0053773249655918818
3.3334701015339627,21.155076362117601,146.74164450005713,2.998145474963545,-0.005296537391768507
3.2839874070667259,21.162230260156161,146.79164165320876,2.9978826846973843,-0.0052156563636259626
3.2345065797823271,21.169397061434857,146.84163880636041,2.9976239405507519,-0.0051346836980902854
3.1850275939794388,21.176576565155944,146.89163595951206,2.997369247059809,-0.0050536212133400326
3.1355504237705043,21.183768570320947,146.94163311266368,2.9971186086697856,-0.004972470728745973
3.0860750430837016,21.190972875735056,146.99163026581533,2.9968720297349165,-0.0048912340648087629
3.0366014256665208,21.198189280011277,147.04162741896695,2.9966295145183914,-0.0048099130430996964
2.9871295450884854,21.205417581574714,147.0916245721186,2.9963910671923015,-0.004728509486200641
2.9376593747438018,21.212657578666878,147.14162172527023,2.9961566918375886,-0.0046470252176443547
2.8881908878547082,21.219909069349839,147.19161887842188,2.9959263924440016,-0.0045654620618564706
2.8387240574742356,21.227171851510519,147.2416160315735,2.9957001729100527,-0.0044838218440970594
2.789258856488956,21.234445722864965,147.29161318472515,2.9954780370429752,-0.0044021063904026428
2.7397952576225091,21.241730480962516,147.34161033787677,2.9952599885586881,-0.004320317527530035
2.6903332334379093,21.249025923190125,147.39160749102842,2.9950460310817615,-0.0042384570828986508
2.6408727563410994,21.256331846776519,147.44160464418007,2.9948361681453837,-0.0041565268845353796
2.5914137985837096,21.263648048796469,147.4916017973317,2.9946304031913336,-0.0040745287610186561
2.5419563322659058,21.270974326175036,147.54159895048335,2.9944287395699516,-0.0039924645414231383
2.4925003293400474,21.278310475691718,147.59159610363497,2.9942311805401216,-0.0039103360552662338
2.4430457616128987,21.285656293984786,147.64159325678662,2.9940377292692446,-0.0038281451324527005
2.3935926007493409,21.293011577555419,147.69159040993824,2.9938483888332232,-0.0037458936032222102
2.3441408182751848,21.300376122771929,147.74158756308989,2.9936631622164471,-0.0036635832980958837
2.2946903855801275,21.307749725874054,147.79158471624152,2.9934820523117782,-0.0035812160478235285
2.2452412739210961,21.31513218297702,147.84158186939317,2.993305061920541,-0.0034987936833320034
2.19579345442527,21.322523290075893,147.89157902254479,2.9931321937525173,-0.003416318035673428
2.1463468980928835,21.329922843049712,147.94157617569644,2.9929634504259375,-0.0033337909359735644
2.0969015758010148,21.337330637665676,147.99157332884809,2.9927988344674823,-0.0032512142153821892
2.0474574583058915,21.344746469583395,148.04157048199971,2.992638348312278,-0.0031685897050215046
1.9980145162466183,21.352170134359032,148.09156763515136,2.9924819943039038,-0.003085919235937277
1.9485727201481695,21.359601427449515,148.14156478830299,2.9923297746943942,-0.0030032046390492157
1.8991320404242344,21.367040144216759,148.19156194145464,2.9921816916442459,-0.0029204477451014888
1.8496924473810505,21.374486079931721,148.24155909460626,2.9920377472224313,-0.002837650384615312
1.8002539112197256,21.381939029778749,148.29155624775791,2.9918979434064066,-0.0027548143878393912
1.7508164020400427,21.389398788859655,148.34155340090953,2.9917622820821292,-0.0026719415847032439
1.7013798898434584,21.396865152197897,148.39155055406118,2.9916307650440745,-0.0025890338047695589
1.6519443445360691,21.404337914742765,148.44154770721281,2.9915033939952549,-0.0025060928771868654
1.6025097359321732,21.411816871373528,148.49154486036446,2.9913801705472411,-0.0024231206306435686
1.5530760337571652,21.419301816903616,148.54154201351611,2.9912610962201889,-0.0023401188933212459
1.5036432076508839,21.426792546084769,148.59153916666773,2.9911461724428623,-0.0022570894928490215
1.4542112271708609,21.434288853611164,148.64153631981938,2.9910354005526645,-0.0021740342562581467
1.4047800617957007,21.441790534123541,148.691533472971,2.990928781795668,-0.002090955009937133
1.3553496809274801,21.449297382213498,148.74153062612265,2.9908263173266487,-0.002007853579585551
1.3059200538957187,21.456809192427492,148.79152777927428,2.9907280082091194,-0.0019247317901708084
1.2564911499602824,21.464325759271034,148.84152493242593,2.9906338554153695,-0.0018415914658834317
1.2070629383152427,21.471846877212734,148.89152208557755,2.9905438598265053,-0.0017584344300942722
1.1576353880911729,21.479372340688549,148.9415192387292,2.9904580222324899,-0.0016752625053093675
1.1082084683590381,21.486901944105846,148.99151639188085,2.9903763433321897,-0.0015920775131277856
1.0587821481333199,21.494435481847521,149.04151354503247,2.9902988237334198,-0.0015088812741984418
1.0093563963748571,21.50197274827617,149.09151069818412,2.9902254639529922,-0.0014256756081767251
0.95993118198483773,21.509513537739632,149.14150785133575,2.9901562644167545,-0.0013424623336664812
0.91050647384720729,21.517057644569121,149.1915050044874,2.9900912254596954,-0.001259243268243767
0.86108224077255846,21.524604863092364,149.24150215763902,2.9900303473259178,-0.0011760202283149822
0.81165845154111449,21.532154987631689,149.29149931079067,2.9899736301687518,-0.0010927950291420661
0.7622350748958312,21.539707812509636,149.34149646394229,2.9899210740508,-0.0010095694847839531
0.71281207954605696,21.54726313205299,149.39149361709394,2.9898726789439971,-0.00092634540805602167
0.66338943417048224,21.554820740596934,149.44149077024557,2.9898284447296746,-0.00084312461048854513
0.61396710742024929,21.562380432489157,149.49148792339722,2.9897883711986255,-0.00075990890228563044
0.56454506792286985,21.569942002093796,149.54148507654887,2.9897524580511727,-0.00067670009228570644
0.51512328428454868,21.577505243795741,149.59148222970049,2.9897207048972363,-0.00059349998791949788
0.46570172509422159,21.585069952004496,149.64147938285214,2.9896931112564058,-0.00051031039517109207
0.41628035892641801,21.592635921158355,149.69147653600376,2.9896696765580142,-0.00042713311853716414
0.36685915434443472,21.600202945728487,149.74147368915541,2.9896504001412132,-0.00034396996098690096
0.31743807990410822,21.60777082022291,149.79147084230704,2.9896352812550493,-0.0002608227239230752
0.26801710415630575,21.615339339190651,149.84146799545869,2.9896243190585441,-0.00017769320714111314
0.21859619565079225,21.62290829722572,149.89146514861031,2.9896175126207765,-9.4583208790600408e-05
0.16917532293923965,21.630477488971199,149.94146230176196,2.9896148609209643,-1.14945253354718e-05
0.11975445457829925,21.638046709123298,149.99145945491358,2.9896163628485497,7.1571048485577298e-05
0.070333559133223478,21.645615752435383,150.04145660806523,2.9896220172032879,0.0001546117196976464
0.020912605180747668,21.653184413721988,150.09145376121688,2.9896318226953351,0.00023762569712934016
-0.028508438687429472,21.660752487862887,150.14145091436851,2.98964577794534,0.00032061119145137358
-0.077929603861537244,21.668319769807116,150.19144806752016,2.9896638814845358,0.00040356641521573018
-0.1273509217106672,21.675886054577028,150.24144522067178,2.989686131754838,0.00048648958289481195
-0.17677242357915246,21.683451137272236,150.29144237382343,2.9897125271089378,0.00056937891091960217
-0.22619414078360534,21.691014813073693,150.34143952697505,2.9897430658104045,0.000652232617718873
-0.2756161046099348,21.698576877247731,150.3914366801267,2.9897777460337833,0.00073504892375831677
-0.32503834630944972,21.706137125149976,150.44143383327832,2.9898165658647002,0.00081782605157810085
-0.37446089709651609,21.713695352229465,150.49143098642998,2.9898595232999661,0.00090056222583300024
-0.42388378814467287,21.721251354032557,150.5414281395816,2.9899066162476822,0.00098325567332993211
-0.47330705058375588,21.728804926206998,150.59142529273325,2.989957842527351,0.0010659046230671544
-0.52273071549686501,21.736355864505889,150.6414224458849,2.9900131998699848,0.0011485073062732004
-0.57215481391660195,21.743903964791649,150.69141959903652,2.9900726859182196,0.0012310619564446048
-0.62157937682264697,21.75144902304006,150.74141675218817,2.9901362982264281,0.0013135668093858688
-0.67100442705159191,21.758990888345082,150.79141390533979,2.9902003720957704,0.0012292625577617891
-0.72042994068919342,21.766529716118921,150.84141105849145,2.9902591483168521,0.0011219300961881312
-0.76985587712998649,21.774065771428333,150.89140821164307,2.9903125596942464,0.0010146562452409821
-0.81928219581357453,21.78159931934259,150.94140536479472,2.990360609106435,0.00090743892981016939
-0.8687088562412203,21.789130624797419,150.99140251794634,2.9904032993282015,0.00080027607692216584
-0.91813581797096233,21.796659952599502,151.04139967109799,2.9904406330307425,0.00069316561577651705
-0.96756304061196485,21.804187567430812,151.09139682424961,2.9904726127817747,0.00058610547778361461
-1.016990483820206,21.811713733853235,151.14139397740126,2.9904992410456472,0.00047909359659929171
-1.0664181072928851,21.819238716312906,151.19139113055292,2.990520520183455,0.00037212790816192596
-1.1158458707635686,21.826762779144691,151.24138828370454,2.9905364524531537,0.0002652063507277289
-1.1652737339974153,21.834286186576698,151.29138543685619,2.9905470400096754,0.00015832686490566212
-1.2147016567855033,21.841809202734581,151.34138259000781,2.9905522849050499,5.1487393694134791e-05
-1.2641295989406682,21.849332091646144,151.39137974315946,2.9905521890885214,-5.5314117485709386e-05
-1.31355752029178,21.856855117245633,151.44137689631108,2.9905467544066728,-0.00016207972075343133
-1.3629853806790766,21.864378543378251,151.49137404946273,2.99053598260355,-0.00026881146573509956
-1.4124131399492659,21.871902633804552,151.54137120261436,2.9905198753207851,-0.00037551139952864289
-1.4618407579502191,21.879427652204846,151.59136835576601,2.9904984340977263,-0.00048218156666834119
-1.5112681945261583,21.886953862183621,151.64136550891763,2.9904716603715649,-0.00058882400909037163
-1.5606954095129097,21.894481527273982,151.69136266206928,2.990439555477467,-0.0006954407660984584
-1.6101223627323056,21.902010910941936,151.74135981522093,2.9904021206487061,-0.00080203387432763477
-1.659549013987947,21.909542276590948,151.79135696837255,2.9903593570167972,-0.00090860536771081898
-1.7089753230597415,21.917075887566181,151.8413541215242,2.9903112656116324,-0.0010151572774426559
-1.7584012496990207,21.924612007158952,151.89135127467583,2.9902578473616197,-0.0011216916319444267
-1.8078267536238917,21.932150898611077,151.94134842782748,2.9901991030938206,-0.0012282104568293207
-1.8572517945136293,21.939692825119199,151.9913455809791,2.9901350335340942,-0.0013347157748653934
-1.9066763320045257,21.947238049839235,152.04134273413075,2.9900656393072378,-0.0014412096059414573
-1.9561003256842724,21.954786835890616,152.09133988728237,2.9899909209371329,-0.0015476939670295419
-2.0055237350872668,21.962339446360673,152.14133704043402,2.9899108788468927,-0.0016541708721490433
-2.0549465196898002,21.969896144308969,152.19133419358565,2.9898255133590075,-0.0017606423323303167
-2.1043686389047958,21.977457192771595,152.2413313467373,2.9897348246955002,-0.001867110355576929
-2.1537900520770346,21.985022854765489,152.29132849988895,2.9896388129780735,-0.0019735769468286128
-2.2032107184782239,21.992593393292758,152.34132565304057,2.9895374782282675,-0.0020800441079234706
-2.252630597301879,22.000169071344889,152.39132280619222,2.9894308203676134,-0.0021865138375593294
-2.3020496476586647,22.00775015190715,152.44131995934384,2.989318839217793,-0.0022929881312556545
-2.3514678285710651,22.01533689796274,152.49131711249549,2.9892015345007983,-0.0023994689813135132
-2.4008850989686397,22.022929572497109,152.54131426564712,2.9890789058390932,-0.0025059583767762898
-2.4503014176832418,22.03052843850222,152.59131141879877,2.9889509527557765,-0.0026124583033897909
-2.4997167434434298,22.038133758980699,152.64130857195039,2.9888176746747503,-0.0027189707435600224
-2.5491310348703196,22.045745796950168,152.69130572510204,2.9886790709208841,-0.0028254976763134932
-2.5985442504719893,22.053364815447381,152.74130287825366,2.9885351407201894,-0.0029320410772537713
-2.6479563486387097,22.060991077532432,152.79130003140531,2.9883858831999883,-0.0030386029185191506
-2.6973672876381998,22.068624846292995,152.84129718455696,2.9882312973890888,-0.0031451851687397288
-2.7467770256100694,22.076266384848413,152.89129433770859,2.9880713822179632,-0.0032517897929919839
-2.7961855205615191,22.083915956353945,152.94129149086024,2.9879061365189235,-0.0033584187527553591
-2.8455927303618789,22.091573824004847,152.99128864401186,2.9877355590263051,-0.0034650740058655618
-2.8949986127376595,22.099240251040552,153.04128579716351,2.9875596483766502,-0.003571757506468183
-2.944403125267895,22.106915500748769,153.09128295031513,2.9873784031088904,-0.0036784712049721356
-2.9938062253786542,22.114599836469598,153.14128010346678,2.9871918216645383,-0.0037852170480004357
-3.0432078703383039,22.122293521599584,153.19127725661841,2.9869999023878759,-0.0038919969783417574
-3.0926080172526227,22.129996819595902,153.24127440977006,2.9868026435261488,-0.003998812934900722
-3.1420066230592347,22.137709993980256,153.29127156292168,2.9866000432297608,-0.0041056668526458394
-3.1914036445232949,22.145433308343087,153.34126871607333,2.986392099552472,-0.0042125606625591522
-3.2407990382318976,22.1531670263475,153.39126586922498,2.9861788104515994,-0.0043194962915821611
-3.290192760589159,22.160911411733306,153.4412630223766,2.985960173788222,-0.0044264756625621866
-3.3395847678114987,22.168666728321078,153.49126017552825,2.9857361873273827,-0.0045335006941981002
-3.388975015921845,22.176433240016014,153.54125732867988,2.9855068487383032,-0.0046405733009826818
-3.4383634607454385,22.18421121081203,153.59125448183153,2.9852721555945898,-0.0047476953931473225
-3.4877500579040457,22.192000904795623,153.64125163498315,2.9850321053744509,-0.0048548688766021589
-3.537134762811172,22.199802586149829,153.6912487881348,2.9847866954609152,-0.0049620956528772164
-3.5865175306670247,22.207616519158162,153.74124594128642,2.9845359231420496,-0.0050693776190618121
-3.6358983164531731,22.215442968208457,153.79124309443807,2.9842797856111849,-0.0051767166677421372
-3.6852770749275185,22.223282197796788,153.8412402475897,2.9840182799671426,-0.0052841146869381734
-3.7346537606194312,22.231134472531327,153.89123740074135,2.9837514032144625,-0.0053915735600398073
-3.7840283278203342,22.239000057135545,153.941234553893,2.9834791522636586,-0.005499095165731647
-3.8334007305944682,22.246879216454538,153.99123170704462,2.9832015239313705,-0.0056066813779605158
-3.882770922749414,22.254772215454985,154.04122886019627,2.9829185149407333,-0.0057143340658138983
-3.9321388578476126,22.262679319231541,154.09122601334789,2.9826301219215332,-0.0058220550934863224
-3.9815044891970368,22.270600793009969,154.14122316649954,2.9823363414104742,-0.0059298463201988812
-4.0308677698455053,22.278536902150812,154.19122031965117,2.9820371698514321,-0.006037709600125272
-4.0802286525760874,22.286487912153156,154.24121747280282,2.9817326035957055,-0.0061456467823187361
-4.1295870899011735,22.294454088658266,154.29121462595444,2.9814226389022775,-0.0062536597106345243
-4.1789430340577685,22.302435697453316,154.34121177910609,2.9811072719380745,-0.0063617502236535776
-4.2282964370026095,22.310433004475122,154.39120893225771,2.9807864987782287,-0.0064699201546041763
-4.2776472504058587,22.318446275813546,154.44120608540936,2.9804603154063556,-0.0065781713312789659
-4.3269954256464338,22.326475777715281,154.49120323856101,2.9801287177148224,-0.0066865055759538269
-4.3763409138065477,22.334521776587337,154.54120039171264,2.9797917015050279,-0.0067949247053034562
-4.4256836656664014,22.342584539000619,154.59119754486429,2.9794492624876843,-0.006903430530315534
-4.4750236316990391,22.350664331693491,154.64119469801591,2.9791013962831023,-0.0070120248562035511
-4.524360762064676,22.358761421575235,154.69119185116756,2.9787480984214851,-0.0071207094823166998
-4.5736950066054947,22.36687607572954,154.74118900431918,2.9783893643432218,-0.0072294862020490765
-4.6230263148404811,22.375008561418003,154.79118615747083,2.9780251893991849,-0.0073383568027470822
-4.6723546359594508,22.38315914608345,154.84118331062245,2.9776555688510427,-0.0074473230656132367
-4.721679918818376,22.39132809735348,154.89118046377411,2.9772804978715595,-0.00755638676561098
-4.7710021119333481,22.399515683043717,154.94117761692573,2.9768999715449174,-0.0076655496713645618
-4.8203211634753922,22.40772217116119,154.99117477007738,2.9765139848670317,-0.0077748135450588637
-4.8696370212651567,22.415947829907729,155.04117192322903,2.9761225327458756,-0.0078841801423369644
-4.9189496327668722,22.424192927683109,155.09116907638065,2.9757256100018141,-0.0079936512121941191
-4.9682589450836234,22.432457733088441,155.1411662295323,2.975323211367932,-0.0081032284968725783
-5.0175649049512039,22.440742514929326,155.19116338268392,2.9749153314903807,-0.0082129137317512521
-5.0668674587327995,22.44904754221907,155.24116053583558,2.9745019649287205,-0.0083227086452350111
-5.1161665524135875,22.45737308418191,155.2911576889872,2.9740831061562729,-0.0084326149586418063
-5.1654621315949054,22.465719410256057,155.34115484213885,2.9736587495604776,-0.0085426343860865468
-5.2147541414887257,22.474086790096877,155.39115199529047,2.9732288894432579,-0.0086527686343635443
-5.2640425269123128,22.48247549357994,155.44114914844212,2.9727935200213849,-0.0087630194028271192
-5.31332723228196,22.490885790804054,155.49114630159377,2.9723526354268586,-0.0088733883832678422
-5.3626082016082108,22.499317952094309,155.5411434547454,2.9719062297072818,-0.0089838772597898558
-5.4118853784893677,22.507772248005011,155.59114060789705,2.9714542968262565,-0.009094487708682028
-5.4611587061062652,22.516248949322652,155.64113776104867,2.9709968306637693,-0.0092052213982895537
-5.510428127216592,22.524748327068828,155.69113491420032,2.9705338250165969,-0.0093160799888821789
-5.5596935841486514,22.533270652503042,155.74113206735194,2.9700652735987134,-0.0094270651325187183
-5.6089550187963573,22.541816197125648,155.79112922050359,2.9695911700416997,-0.0095381784729118985
-5.6582123726128266,22.550385232680561,155.84112637365521,2.9691115078951693,-0.0096494216452875509
-5.7074655866048483,22.558978031158041,155.89112352680687,2.9686262806271952,-0.0097607962762432405
-5.7567146013271859,22.567594864797492,155.94112067995849,2.9681354816247403,-0.0098723039836039559
-5.8059593568757988,22.576236006089907,155.99111783311014,2.9676391041941135,-0.0099839463762728016
-5.8551997928840889,22.584901727780952,156.04111498626179,2.9671371415613943,-0.010095725054085852
-5.9044358485151367,22.593592302873212,156.09111213941341,2.9666295868729118,-0.010207641607655304
-5.9536674624562593,22.602308004628842,156.14110929256506,2.9661164331957028,-0.010319697618215178
-6.002894572913382,22.611049106572167,156.19110644571668,2.9655976735179834,-0.010431894657463839
-6.052117117604741,22.619815882492098,156.24110359886834,2.965073300749633,-0.010544234287402286
-6.1013350337550527,22.628608606444594,156.29110075201996,2.964543307722681,-0.010656718060170652
-6.1505482580997537,22.637427552756897,156.34109790517161,2.9640076871916916,-0.010769347517905018
-6.1997567268384612,22.64627299602266,156.39109505832323,2.9634664318347141,-0.010882124192474965
-6.248960375689526,22.65514521111507,156.44109221147488,2.9629195342531345,-0.010995049605449753
-6.2981591398435377,22.664044473181917,156.4910893646265,2.9623669869726394,-0.011108125267830274
-6.3473529539673201,22.672971057649612,156.54108651777815,2.9618087824436365,-0.011221352679893517
-6.3965417521981776,22.681925240225432,156.59108367092981,2.9612449130417948,-0.011334733331011773
-6.445725468137038,22.690907296899514,156.64108082408143,2.9606753710685974,-0.011448268699466307
-6.4949040348431399,22.699917503947113,156.69107797723308,2.9601001487518968,-0.011561960252261382
-6.5440773848272169,22.708956137930478,156.7410751303847,2.9595192382464863,-0.011675809444931877
-6.5932454500455595,22.718023475700967,156.79107228353635,2.9589326316346773,-0.011789817721349627
-6.6424081618938215,22.727119794400913,156.84106943668797,2.9583403209268866,-0.011903986513526152
-6.6915654512006242,22.736245371465536,156.89106658983962,2.9577422980622363,-0.012018317241411605
-6.7407172482213333,22.745400484624774,156.94106374299125,2.9571385549091604,-0.012132811312690868
-6.7898634826319793,22.754585411905111,156.9910608961429,2.9565290832660227,-0.012247470122576832
-6.8390040835223438,22.763800431631186,157.04105804929452,2.9559138748617495,-0.012362295053598279
-6.8881389793904351,22.773045822427669,157.09105520244617,2.9552929213564614,-0.012477287475387719
-6.9372680992727132,22.782321857206224,157.14105235559782,2.9546676527581734,-0.012367082648026086
-6.9863915026317764,22.791628118049399,157.19104950874944,2.9540685523241681,-0.01159779283845808
-7.0355095016362501,22.800962861295094,157.24104666190109,2.9535079866924367,-0.010825671913192714
-7.0846224411685785,22.810324187947199,157.29104381505272,2.9529860870263209,-0.010051135583376182
-7.1337306703355363,22.819710193659606,157.34104096820437,2.9525029636627149,-0.0092746011426586041
-7.1828345420285578,22.829118969717349,157.39103812135599,2.9520587060476928,-0.0084964868910341121
-7.2319344125548994,22.838548604033381,157.44103527450764,2.9516533827002047,-0.0077172115580705219
-7.281030641200366,22.847997182132723,157.49103242765926,2.9512870412051786,-0.0069371937291691915
-7.3301235898167381,22.857462788140555,157.54102958081091,2.950959708234969,-0.006156851274807024
-7.3792136224021512,22.86694350576667,157.59102673396254,2.9506713895992691,-0.0053766007846596754
-7.4283011046802843,22.876437419286049,157.64102388711419,2.9504220703231656,-0.0045968570078833183
-7.4773864036782385,22.885942614514107,157.69102104026584,2.9502117147530011,-0.0038180323008926522
-7.5264698873058347,22.895457179775871,157.74101819341746,2.9500402666896273,-0.0030405360838896291
-7.5755519239350368,22.90497920686737,157.79101534656911,2.9499076495485874,-0.0022647743074190236
-7.6246328819819187,22.914506792008531,157.84101249972073,2.9498137665466961,-0.0014911489301212165
-7.6737131294917011,22.924038036786271,157.89100965287238,2.9497585009144189,-0.00072005740883311197
-7.7227930337263588,22.933571049086552,157.94100680602401,2.9497417161334227,4.8107797850114025e-05
-7.7718729607582464,22.943103944014741,157.99100395917566,2.9497632561985827,0.0008129597115579156
-7.8209532750674615,22.952634844802773,158.04100111232728,2.9498229459037062,0.0015741173006468935
-7.8700343391459597,22.962161883702397,158.09099826547893,2.9499205911501765,0.0023312059303440161
-7.9191165131083867,22.971683202863574,158.14099541863055,2.9500559792776726,0.003083857795666502
-7.9682001543096801,22.981196955196832,158.1909925717822,2.9502288794160876,0.0038317123363233578
-8.0172856169714564,22.990701305219037,158.24098972493385,2.9504390428577278,0.0045744166329008294
-8.0663732518165361,23.000194429881397,158.29098687808548,2.9506862034488344,0.0053116257836620454
-8.1154634057130686,23.009674519379221,158.34098403123713,2.9509700779994503,0.0060430032613934988
-8.1645564213285908,23.019139777942399,158.39098118438875,2.951290366710619,0.0067682212497838182
-8.2136526367940839,23.028588424605971,158.4409783375404,2.9516467536178768,0.00748696095888791
-8.2627523853792901,23.038018693960169,158.49097549069202,2.9520389070499884,0.0081989129193171476
-8.3118559951813946,23.047428836879604,158.54097264384367,2.952466480101875,0.0089037772548789546
-8.3609637888114801,23.056817121228008,158.5909697969953,2.9529291111204916,0.0096012639332059835
-8.4100760831363139,23.06618183254885,158.64096695014695,2.9534264242031045,0.010291092995027007
-8.4591931889589898,23.075521274718955,158.69096410329857,2.9539580297057588,0.010972994760323446
-8.5083154255374769,23.084833692671658,158.74096125645022,2.9545434511542203,0.014984066569946395
-8.5574450966516373,23.09410679781432,158.79095840960187,2.9556577345658619,0.029577429456280786
-8.6065884207518764,23.103307249467736,158.84095556275349,2.9575002291136685,0.04412294041415845
-8.6557519152325675,23.112399265550753,158.89095271590514,2.9600698445901248,0.058672435160566319
-8.704941862428841,23.121347011089664,158.94094986905677,2.9633680451164639,0.073276281417667136
-8.7541642532177342,23.130114461250088,158.99094702220842,2.9673987790552609,0.087983503709698305
-8.8034247270380028,23.138665268343033,159.04094417536004,2.9721684139614415,0.10284185867748812
-8.8527285070622739,23.146962632735349,159.09094132851169,2.9776856738694213,0.11789785154941144
-8.9020803292515183,23.154969177791948,159.14093848166331,2.9839615757148974,0.1331966830465918
-8.9514843639424289,23.162646829203261,159.19093563481496,2.9910093611038877,0.14878211428922319
-9.0009441287283742,23.169956699354195,159.24093278796659,2.9988444189862786,0.16469623535432051
-9.0504623912817372,23.176858977706331,159.29092994111824,3.0074841940087653,0.18097912097656468
-9.1000410608295503,23.1833128285657,159.34092709426989,3.0169480744482988,0.19766835473589214
-9.149681067024364,23.18927629806301,159.39092424742151,3.0272572526420687,0.21479840106941106
-9.1993822250379633,23.194706232699957,159.44092140057316,3.0384345497551362,0.23239980289125026
-9.2491430858601085,23.199558212415784,159.49091855372478,3.050504195594141,0.25049818190634943
-9.2989607710310445,23.203786501801552,159.54091570687643,3.0634915530408979,0.26911301941672755
-9.3488307913983295,23.207344023828586,159.59091286002806,3.0774227756297154,0.28825619826887389
-9.3987468500055282,23.210182361245355,159.64091001317971,3.0923243859573808,0.30793029250298204
-9.4487006299324765,23.212251791606388,159.69090716633133,3.1082227621763332,0.32812660134924254
-9.4986815688347495,23.213501362677839,159.74090431948298,3.1251435200143169,0.34882293971617662
-9.5486766231306959,23.213879015652161,159.7909014726346,-3.140074528282824,0.36998121951649793
-9.598670026266598,23.213331764103096,159.84089862578625,-3.1210390039990359,0.39154488616875255
-9.6486430472678109,23.211805936798317,159.8908957789379,-3.100916793531423,0.41343631298694206
-9.6985737578405171,23.209247492209538,159.94089293208953,-3.0796939365032725,0.43555430253008204
-9.7484368185460859,23.205602411640466,159.99089008524118,-3.0573621679446235,0.45777189633275817
-9.7982032969241626,23.200817176143143,160.0408872383928,-3.0339202498773257,0.47993474852556917
-9.847840532679438,23.194839329632753,160.09088439154445,-3.0093753638660994,0.50186036754644203
-9.8973120669037424,23.18761812670428,160.14088154469607,-2.9837445127924918,0.52333856317504934
-9.9465776534298858,23.179105258552259,160.19087869784772,-2.9570558629879327,0.54413344048399992
-9.9955933703818793,23.169255644191765,160.24087585099934,-2.9293499415431383,0.56398724368995035
-10.044311848393546,23.158028267161495,160.290873004151,-2.9006805905682671,0.58262625852233907
-10.092683575684338,23.145390512068715,160.34087015730262,-2.8714568854561096,0.57827838523536024
-10.140670077888192,23.131360472038704,160.39086731045427,-2.8429818913724896,0.56069879087417107
-10.18824459446758,23.115990950628625,160.44086446360592,-2.8153972644585328,0.54269458928710412
-10.235384739870048,23.099336408937688,160.49086161675754,-2.7887194632384364,0.52445321110459797
-10.282072127624739,23.081451642167885,160.54085876990919,-2.7629560996088207,0.50614087985932543
-10.328292114211973,23.062391224076951,160.59085592306081,-2.7381070241780416,0.48790179462395655
-10.374033509656073,23.042209037264218,160.64085307621247,-2.71416542678024,0.46985830058889649
-10.419288269522022,23.020957886878524,160.69085022936409,-2.6911189087282246,0.45211180999316575
-10.464051180592701,22.998689192560668,160.74084738251574,-2.6689504949763259,0.43474424963763891
-10.508319550031793,22.975452751613634,160.79084453566736,-2.6476395649025948,0.41781983886256391
-10.552092905488889,22.951296565385668,160.84084168881901,-2.6271626893802456,0.40138703623029931
-10.595372711487816,22.92626672049181,160.89083884197063,-2.6074943690022443,0.38548052885092132
-10.638162105634825,22.900407316617539,160.94083599512228,-2.5886076737728749,0.37012317172797493
-10.680465656693128,22.873760433103275,160.99083314827394,-2.5704747884635473,0.35532781364033245
-10.722289145395365,22.846366127171905,161.04083030142556,-2.5530674703826279,0.341098970038824
-10.763639367975165,22.818262457434876,161.09082745457721,-2.5363574277947292,0.32743432216499757
-10.804523961747282,22.789485527129095,161.14082460772883,-2.5203166278992248,0.31432603553253091
-10.844951251625698,22.76006954233484,161.19082176088048,-2.5049175433579238,0.30176190073131931
-10.884930116186057,22.730046881181472,161.2408189140321,-2.490133346040682,0.28972630599381777
-10.92446987172664,22.699448170735288,161.29081606718375,-2.4759380560790443,0.27820105484279278
-10.963580172725154,22.668302368876194,161.34081322033538,-2.4623066535966647,0.26716604408125016
-11.002270927101593,22.63663684900412,161.39081037348703,-2.4492151597036016,0.25659981794117409
-11.040552224757944,22.604477485875208,161.44080752663865,-2.436640692557722,0.24648001381901674
-11.078434277962312,22.571848741253937,161.4908046797903,-2.424561503547173,0.2367837140291604
-11.115927372255138,22.538773748394643,161.54080183294195,-2.4129569979603613,0.22748771665366682
-11.153041826683138,22.505274394632224,161.59079898609357,-2.4018077438927703,0.21856873702991583
-11.189787962293268,22.471371401584094,161.64079613924523,-2.3910954726034097,0.21000354981900718
-11.22617607794637,22.43708440264648,161.69079329239685,-2.3808030730765819,0.20176908000901272
-11.262216432637668,22.402432017612327,161.7407904455485,-2.3709145831649083,0.19384244966817013
-11.297919233627509,22.367431924360744,161.79078759870012,-2.3614151793869942,0.18620098579105324
-11.333294629803758,22.33210092766188,161.84078475185177,-2.3522911672205171,0.17882219316822251
-11.368352709805373,22.296455025223132,161.89078190500339,-2.3435299735698818,0.1716836948403806
-11.403102903444999,22.260508893175889,161.94077905815504,-2.3350514583274093,0.16852154144012893
-11.437548983054555,22.224271229195761,161.9907762113067,-2.3266703728661522,0.16672543235243573
-11.471691815803707,22.187747702776388,162.04077336445832,-2.3183813994679507,0.16483721767722559
-11.505532503805789,22.150944045647439,162.09077051760997,-2.3101890866210297,0.16285918325231577
-11.539072415491404,22.113866073621516,162.14076767076159,-2.3020978649548005,0.16079375557933268
-11.572313183767651,22.076519676702659,162.19076482391324,-2.2941120405660285,0.15864348725953414
-11.605256703527894,22.038910809313752,162.24076197706486,-2.2862357890862883,0.15641104209219575
-11.637905128562011,22.001045480668672,162.29075913021651,-2.2784731504992357,0.15409917997718478
-11.670260867896827,21.962929745337107,162.34075628336814,-2.2708280247148322,0.15171074176061514
-11.702326581604234,21.924569694041434,162.39075343651979,-2.2633041678996588,0.14924863415637396
-11.734105176113063,21.885971444726025,162.44075058967141,-2.255905189556811,0.14671581486915716
-11.765599799066335,21.847141133931661,162.49074774282306,-2.2486345503419658,0.14411527803563495
-11.79681383376418,21.808084908507013,162.54074489597471,-2.2414955605971736,0.14145004009066786
-11.827750893234327,21.76880891768511,162.59074204912633,-2.2344913795787358,0.13872312615473115
-11.858414813973617,21.729319305547072,162.64073920227798,-2.22762501535068,0.13593755702723928
-11.888809649401429,21.689622203895485,162.69073635542961,-2.2208993253120295,0.13309633685899977
-11.918939663068528,21.649723725552022,162.74073350858126,-2.2143170173220019,0.13020244156491823
-11.948809321661825,21.609629958093528,162.79073066173288,-2.2078806513850178,0.127258808026526
-11.978423287845297,21.569346958036164,162.84072781488453,-2.2015926418550311,0.12426832412235427
-12.00778641297633,21.528880745473717,162.89072496803615,-2.1954552601169901,0.12123381961311065
-12.036903729734657,21.488237299173488,162.9407221211878,-2.1894706377022475,0.11815805789820498
-12.065780444698579,21.447422552131378,162.99071927433943,-2.1836407697943074,0.11504372865051225
-12.09442193090338,21.406442387581961,163.04071642749108,-2.1779675190806977,0.11189344132706752
-12.122833720411423,21.365302635461603,163.09071358064273,-2.1724526199077636,0.10870971954566142
-12.151021496924258,21.324009069315835,163.14071073379435,-2.1670976826952137,0.10549499630977852
-12.178991088462777,21.282567403643181,163.190707886946,-2.1619041985686893,0.10225161005827828
-12.206748460139176,21.240983291665675,163.24070504009762,-2.1568735441699021,0.098981801510874878
-12.234299707041188,21.199262323516276,163.29070219324927,-2.1520069866055946,0.095687711276154649
-12.261651047265174,21.157410024803362,163.3406993464009,-2.1473056884951123,0.092371378183063152
-12.288808815057573,21.11543185562579,163.39069649955255,-2.1427707130913074,0.08903473830309562
-12.315777367524365,21.073331876742696,163.44069365270417,-2.1382367330839807,0.093124871008234467
-12.342549609815078,21.031106794071679,163.49069080585582,-2.1334567825779693,0.098079646114868232
-12.369114474249397,20.988750943985586,163.54068795900744,-2.1284298134297557,0.10300522007206959
-12.395460859540776,20.946258856316351,163.59068511215909,-2.1231574315229671,0.10789571576269616
-12.421577644397409,20.903625271739084,163.64068226531074,-2.1176415425792836,0.11274501743950278
-12.4474536986086,20.860845156767393,163.69067941846237,-2.1118843638639295,0.11754678024579335
-12.473077895155841,20.817913718574619,163.74067657161402,-2.1058884353359231,0.12229444295269126
-12.498439123359745,20.774826419551047,163.79067372476564,-2.0996566300775616,0.126981244073398
-12.523526303060565,20.731578991506332,163.84067087791729,-2.093192163831151,0.13160024147878449
-12.548328399819198,20.688167449420831,163.89066803106891,-2.0864986034657891,0.13614433559627878
-12.572834441115246,20.644588104641812,163.94066518422056,-2.0795798741937159,0.14060629622496743
-12.59703353350382,20.600837577421185,163.99066233737219,-2.0724402653561156,0.14497879294341751
-12.620914880681461,20.556912808684373,164.04065949052384,-2.0650844346003487,0.14925442902518254
-12.644467802396889,20.512811070921053,164.09065664367546,-2.0575174102768443,0.15342577870958629
-12.667681754128132,20.468529978088103,164.14065379682711,-2.0497445918932424,0.15748542760430223
-12.690546347434184,20.424067494415738,164.19065094997876,-2.0417717484762159,0.16142601592273967
-12.71305137087481,20.379421942012183,164.24064810313038,-2.0336050147082787,0.16524028418475356
-12.735186811378998,20.334592007166908,164.29064525628203,-2.0252508847272184,0.16892112093611766
-12.756942875929777,20.289576745259417,164.34064240943366,-2.0167162034997892,0.17246161197245741
-12.778310013421381,20.244375584189903,164.39063956258531,-2.0080081557087168,0.17585509048934578
-12.799278936534876,20.198988326257638,164.44063671573693,-1.9991342521222306,0.17909518752446649
-12.819840643469362,20.15341514842655,164.49063386888858,-1.9901023134483871,0.18217588201222881
-12.839986439358892,20.107656600932,164.5406310220402,-1.9809204517114578,0.18509154973833974
-12.859707957202133,20.061713604195059,164.59062817519185,-1.9715970492231456,0.18783701046368992
-12.878997178127499,20.015587444032477,164.64062532834348,-1.9621407352590821,0.19040757248424459
-12.897846450819204,19.969279765163179,164.69062248149513,-1.952560360586403,0.19279907390874593
-12.91624850993133,19.922792563033134,164.74061963464678,-1.9428649700239746,0.19500791996824032
-12.934196493323162,19.876128173999501,164.7906167877984,-1.9330637732500155,0.19703111572141432
-12.951683957958593,19.829289263929866,164.84061394095005,-1.9231661141013656,0.19886629358667765
-12.968704894321933,19.782278815295506,164.89061109410167,-1.9131814386361647,0.20051173521394938
-12.985253739216668,19.735100112853239,164.94060824725332,-1.9031192622534188,0.20196638730500427
-13.001325386812461,19.687756727993879,164.99060540040495,-1.8929890542436603,0.20339605994707588
-13.016911586831762,19.640251327203799,165.0406025535566,-1.8825755895932383,0.2132541481668368
-13.031990285540484,19.592582434521464,165.09059970670822,-1.8716555506432924,0.22367054506520051
-13.046534845304745,19.544747888770981,165.14059685985987,-1.8601994433967479,0.23470901242380954
-13.060516942909375,19.496745949743655,165.19059401301149,-1.8481744969878817,0.2464369915031055
-13.073906394112337,19.448575370621207,165.24059116616314,-1.8355444621466122,0.25892629501000297
-13.086670967188322,19.400235487602973,165.29058831931479,-1.8222693767210187,0.27225373227170979
-13.098776184410633,19.351726329467375,165.34058547246642,-1.8083053017910966,0.28650165777862258
-13.110185110785709,19.30304875039306,165.39058262561807,-1.7936040327256897,0.30175841985743129
-13.120858129844475,19.254204590026848,165.44057977876969,-1.7781127910847334,0.31811867015694406
-13.130752706966815,19.205196865516601,165.49057693192134,-1.7617739057158197,0.33568347456497649
-13.139823141641237,19.156030001034004,165.54057408507296,-1.744524494975783,0.354560140693572
-13.148020311335554,19.106710101168758,165.59057123822461,-1.7262961670316694,0.37486164464558724
-13.155291411401427,19.057245275369759,165.64056839137623,-1.7070147620177594,0.39670549892666046
-13.161579697741008,19.007646021619291,165.69056554452789,-1.6866001690340502,0.42021185271338252
-13.166824242133146,18.957925677765974,165.74056269767951,-1.6649662627405546,0.44550055517461079
-13.170959714110763,18.90810094962675,165.79055985083116,-1.6420210196392524,0.47268684289545948
-13.173916208543115,18.858192524256005,165.84055700398281,-1.6176668927985041,0.50187523890108832
-13.175619144579636,18.808225775479396,165.89055415713443,-1.5918015462056401,0.53315118296245501
-13.175989269544363,18.758231565692043,165.94055131028608,-1.5643190751635094,0.56656987007703341
-13.174942810603989,18.708247142502884,165.9905484634377,-1.5351118652730853,0.60214178819784236
-13.172391827158759,18.658317120080106,166.04054561658936,-1.5040732655314404,0.63981456683707327
-13.168244826989135,18.608494522153272,166.09054276974098,-1.4711012640606627,0.67945104419835711
-13.162407717483983,18.558841845071203,166.14053992289263,-1.4361033467841815,0.72080401821573581
-13.154785167044416,18.509432075494139,166.19053707604425,-1.3990026752874418,0.76348905228413522
-13.145282446944705,18.460349567297328,166.2405342291959,-1.3597456204131082,0.80695801085909868
-13.133807805500613,18.411690649456027,166.29053138234752,-1.318310514380066,0.85047765014287202
-13.120275388820382,18.363563805140714,166.34052853549917,-1.2747172237536089,0.8931193375693216
-13.104608661446155,18.316089240672433,166.39052568865083,-1.2290368057456458,0.93376728764820416
-13.086744195443295,18.26939766296131,166.44052284180245,-1.1814001325087453,0.97115274726195311
-13.066635594791316,18.223628118785108,166.4905199949541,-1.1320040400761573,1.0039193714812729
-13.044257220042089,18.178924829214161,166.54051714810572,-1.0811134115414618,1.0307199300416505
-13.019614905939433,18.135428605666625,166.59051430125737,-1.029769952843834,1.0122411509046947
-12.992804362109462,18.093233882668848,166.64051145440899,-0.9800280303933353,0.97722166868361349
-12.96396510736604,18.052398435259864,166.69050860756064,-0.93207768820847825,0.94073726116515999
-12.93323766053455,18.012963723643704,166.74050576071227,-0.88596885676592696,0.90369584547782411
-12.900760172028829,17.9749568816571,166.79050291386392,-0.84170987932407659,0.86685136163236243
-12.86666612943054,17.938392739276157,166.84050006701554,-0.79927533383185245,0.83080135630927809
-12.831082739801422,17.903275886898729,166.89049722016719,-0.75861364296970057,0.79599696980531165
-12.794129899481554,17.869602651815278,166.94049437331884,-0.71965398265788594,0.76276023388649972
-12.755919644695805,17.837362904402802,166.99049152647046,-0.68231223077771219,0.73130458407897603
-12.716555975687294,17.80654165050926,167.04048867962211,-0.64649587283992516,0.70175568607412664
-12.676134956747353,17.777120395524282,167.09048583277374,-0.61210789809482802,0.67417077330130182
-12.634745009228606,17.749078285333361,167.14048298592539,-0.57904978705436094,0.64855555657157293
-12.592467330711461,17.722393041294712,167.19048013907701,-0.54722372216698456,0.62487837231044141
-12.549376388764326,17.697041712516342,167.24047729222866,-0.51653415971700489,0.60308161650419845
-12.505540451054593,17.673001270822773,167.29047444538028,-0.48688889283026104,0.58309072102894433
-12.461023096097785,17.650247119142442,167.34047159853193,-0.45849834198684158,0.53763781123445853
-12.415911462325941,17.628694251477345,167.39046875168356,-0.43354452214209405,0.46140994747652164
-12.370313934488886,17.608188482165122,167.44046590483521,-0.41227993309215932,0.3899788469249803
-12.324324675355962,17.588576308905779,167.49046305798686,-0.3944782305197102,0.32278226588089087
-12.278024429065006,17.569709446573174,167.54046021113848,-0.37994405495189515,0.25915351368003131
-12.231483246198115,17.551444551359001,167.59045736429013,-0.36851690265143194,0.19837121092921725
-12.184762933121494,17.533642506736609,167.64045451744175,-0.36007308764391571,0.13968713193361412
-12.137919255322641,17.516167417643981,167.6904516705934,-0.35452671815842279,0.082338750843273703
-12.091003948538766,17.498885410517833,167.74044882374503,-0.35183032125021446,0.025551473646264852
-12.044066604505565,17.481663301883341,167.79044597689668,-0.35197553594491965,-0.031465822850672565
-11.997156505417854,17.464367175119254,167.8404431300483,-0.35499413942856911,-0.089529258273209997
-11.950324486967986,17.446860892477954,167.89044028319995,-0.36095955007538449,-0.14949019784991058
-11.903624915817781,17.429004566689304,167.94043743635157,-0.36998884097817741,-0.2122450127596168
-11.85711787440184,17.410653024246045,167.99043458950322,-0.38224517085288445,-0.27874144051773725
-11.810871653298685,17.391654313048363,168.04043174265487,-0.39794036234933944,-0.34997723885650195
-11.764965656306472,17.371848344695696,168.0904288958065,-0.41733708745362469,-0.42698443636631905
-11.719493819806072,17.351065822615858,168.14042604895815,-0.44074969931142616,-0.51078883323688773
-11.674567856954965,17.329129228512429,168.19042320210977,-0.4683116053418791,-0.58158443980902952
-11.630298020945919,17.305897672425118,168.24042035526142,-0.49865484785071734,-0.63325452748946864
-11.586786775910848,17.281275347911507,168.29041750841304,-0.53174379245486036,-0.69154590271694494
-11.544153875517557,17.255162545451221,168.34041466156469,-0.56792853307382274,-0.75721790122116284
-11.502541277578892,17.227453714304922,168.39041181471632,-0.6075960563487347,-0.83097184882863617
-11.462117057933783,17.198039390057559,168.44040896786797,-0.65116461537374992,-0.91333219172166069
-11.423079476431845,17.166809522986512,168.49040612101962,-0.69907050890841282,-1.004458026391563
-11.385660716428015,17.133658747819965,168.54040327417124,-0.75174328198727136,-1.1038658010094173
-11.350129444325018,17.098494167994627,168.59040042732289,-0.80956467426781975,-1.2100578508095414
-11.316790840437818,17.061246084806552,168.64039758047451,-0.87280720921687727,-1.3200899936901691
-11.285982235889728,17.021881624482297,168.69039473362616,-0.94155167513704163,-1.4291855672480522
-11.258062221426727,16.980420244477461,168.74039188677779,-1.0155906273268303,-1.530605756545194
-11.233391548139355,16.936948631917744,168.79038903992944,-1.0943377463897461,-1.6160621990751429
-11.212305842547449,16.891630952038408,168.84038619308106,-1.176776427911884,-1.6768926348702897
-11.195080801612406,16.844710520946247,168.89038334623271,-1.2610076787213158,-1.6457783709762719
-11.181742324170205,16.796538556556989,168.94038049938433,-1.338844794251361,-1.4672653550886554
-11.171970460951176,16.747515741321852,168.99037765253598,-1.4077723400167557,-1.2913370152319348
-11.165383945738265,16.697961997494083,169.04037480568763,-1.4681653320548265,-1.1268987812255615
-11.161601478233669,16.64811389689643,169.09037195883926,-1.5207173223084558,-0.97804764231381758
-11.160263526552415,16.598138966651682,169.14036911199091,-1.5662403998151289,-0.84569152010286275
-11.161042463421625,16.548151098903283,169.19036626514253,-1.6055420699637628,-0.72893380340688341
-11.163645193598693,16.49822412276519,169.24036341829418,-1.6393604526721437,-0.62601717730906947
-11.167811560015478,16.448402622832734,169.2903605714458,-1.6683365474409171,-0.53488082217470867
-11.173310691180971,16.398710087036481,169.34035772459745,-1.6930071656431924,-0.45344962891241142
-11.179936546765562,16.349154832669214,169.39035487774908,-1.7138078481634575,-0.37975895860102049
-11.187503309973435,16.299734216844932,169.44035203090073,-1.7310794446798112,-0.31198546333363175
-11.195840903503459,16.250437573577027,169.49034918405235,-1.7450748059060004,-0.24842583823008726
-11.204803847132915,16.20125066650807,169.540346337204,-1.7569303062987212,-0.23390432859143151
-11.214341473925098,16.152171943037558,169.59034349035565,-1.7685033601466025,-0.2290215867931697
-11.224440411607514,16.10320562746471,169.64034064350727,-1.7798290101338536,-0.22400977719092921
-11.235087098756907,16.054355470470636,169.69033779665892,-1.790901125844736,-0.21888175491145365
-11.246267709277934,16.005624731557859,169.74033494981055,-1.8017142114084053,-0.21365003465799207
-11.257968192802268,15.957016184713266,169.7903321029622,-1.8122633865724715,-0.2083267164311304
-11.270174313308956,15.908532126230245,169.84032925611382,-1.8225443643364019,-0.20292342194192392
-11.28287168576526,15.860174384483605,169.89032640926547,-1.8325534256695266,-0.19745124159450328
-11.296045810635679,15.811944331410546,169.94032356241709,-1.8422873918361056,-0.19192069171658371
-11.309682106144672,15.763842895457993,169.99032071556874,-1.8517435948286256,-0.1863416815558229
-11.323765938214194,15.715870575764695,170.04031786872036,-1.8609198463826988,-0.1807234894331359
-11.338282648030249,15.668027457356375,170.09031502187202,-1.8698144060139663,-0.17507474734967401
-11.353217577223301,15.6203132271404,170.14031217502367,-1.8784259484811472,-0.16940343327967702
-11.368556090671005,15.572727190510703,170.19030932817529,-1.8867535310381365,-0.16371687034589386
-11.384283596963016,15.525268288361444,170.24030648132694,-1.8947965608022794,-0.15802173205834702
-11.40038556657135,15.477935114374759,170.29030363447856,-1.902554762516202,-0.15232405281096761
-11.416847547805647,15.430725932402735,170.34030078763021,-1.9100281469516465,-0.14662924284775122
-11.433655180630577,15.38363869382848,170.39029794078183,-1.9172169801568435,-0.14094210695359707
-11.450794208440534,15.336671054783853,170.44029509393349,-1.9241217537169653,-0.13526686616990133
-11.468250487893755,15.289820393120609,170.49029224708511,-1.9307431561628903,-0.1296071818901153
-11.486009996900439,15.243083825080285,170.54028940023676,-1.9370820456281606,-0.12396618175371693
-11.504058840910909,15.196458221495156,170.59028655338838,-1.9431394238438995,-0.11834648680298694
-11.522383257553228,15.149940223626285,170.64028370654003,-1.9489164115007904,-0.11275023946009523
-11.540969619793231,15.103526258428422,170.69028085969168,-1.9544142250311178,-0.10717913190281175
-11.55980443768865,15.057212553308373,170.74027801284331,-1.9596341548085199,-0.10163443450738689
-11.578874358857625,15.010995150317925,170.79027516599496,-1.9645775447660581,-0.096117024065725823
-11.598166167762379,14.964869919774525,170.84027231914658,-1.9692457734142528,-0.090627411540353517
-11.617666783908387,14.918832573301845,170.89026947229823,-1.9736402362312448,-0.085165769166591687
-11.637363259053952,14.872878676292213,170.94026662544985,-1.9777623293885207,-0.079731956754410638
-11.657242773520087,14.827003659799562,170.9902637786015,-1.9816134347692393,-0.074325547080798388
-11.677292631686488,14.781202831874959,171.04026093175312,-1.9851949062317986,-0.068945850297348801
-11.69750025675345,14.73547138836393,171.09025808490478,-1.9885080570680829,-0.063591937308037375
-11.717853184844422,14.689804423188551,171.1402552380564,-1.9915541486042905,-0.058262662098284027
-11.738339058520266,14.644196938138212,171.19025239120805,-1.9943343798920681,-0.052956683018687764
-11.758945619770223,14.598643852198505,171.2402495443597,-1.996849878438105,-0.047672483046472078
-11.779660702533834,14.553140010463908,171.29024669751132,-1.9991016919213127,-0.042408389065662203
-11.800472224832237,14.50768019261891,171.34024385066297,-2.0010907808522522,-0.037162590213525575
-11.821368180523324,14.462259121106493,171.39024100381459,-2.0028180121255441,-0.031933155367616449
-11.842336630767958,14.416871468935414,171.44023815696625,-2.0042841534282592,-0.026718049837682434
-11.863365695228863,14.371511867216384,171.49023531011787,-2.0054898684640512,-0.021515151350331604
-11.884443543053118,14.326174912446897,171.54023246326952,-2.0064357129607155,-0.016322265412296547
-11.90555838367683,14.280855173587051,171.59022961642114,-2.0071221314322631,-0.011137140145578381
-11.926698457489358,14.235547198966673,171.64022676957279,-2.0075494546715063,-0.005957480691245162
-11.947852026393807,14.190245523062501,171.69022392272441,-2.0077178979540862,-0.00078096328128667198
-11.969007364297694,14.1449446731874,171.74022107587606,-2.007627559939873,0.0043947509197367375
-11.990152747570587,14.099639176125908,171.79021822902772,-2.0072784222627553,0.0095720021011265512
-12.011276445493225,14.054323564775213,171.84021538217934,-2.0066703498051335,0.014753118114983156
-12.032366710746317,14.008992384800329,171.89021253533099,-2.0058030916583376,0.019940400707856694
-12.053411769957439,13.963640201376101,171.94020968848261,-2.004676282775673,0.025136111568645158
-12.07439981434967,13.918261606036566,171.99020684163426,-2.0032894463296431,0.030342458093500654
-12.09531899052388,13.872851223679032,172.04020399478588,-2.0016419967900836,0.035561578767408758
-12.116157391412964,13.827403719759838,172.09020114793753,-1.9997332437447433,0.040795528066024545
-12.136903047446079,13.781913807722924,172.14019830108916,-1.9975623964887075,0.046046260784513487
-12.157543917964899,13.736376256698097,172.19019545424081,-1.9951285694134915,0.051315615705270344
-12.1780678829351,13.690785899508644,172.24019260739243,-1.992430788231057,0.056605298521934071
-12.198462735007595,13.645137641008418,172.29018976054408,-1.9894679970707847,0.061916863946627126
-12.218716171950684,13.599426466849621,172.34018691369573,-1.986239066496285,0.067251696926759669
-12.238815789570841,13.553647452573554,172.39018406684735,-1.9827428024785425,0.072610992932796867
-12.258749075101578,13.50779577323318,172.440181219999,-1.978977956384935,0.077995737254399913
-12.278503401182428,13.461866713444724,172.49017837315063,-1.9749432360254453,0.083406683293888992
-12.298066020471335,13.415855677949409,172.54017552630228,-1.9706373178102246,0.088844329842587055
-12.317424060967587,13.36975820269801,172.5901726794539,-1.9660588600684101,0.094308897354579521
-12.336564522122568,13.323569966477727,172.64016983260555,-1.9612065175774998,0.099800303255964534
-12.355474271820494,13.277286803096626,172.69016698575717,-1.9560789573500688,0.10531813635606188
-12.374141173487326,13.230905166280859,172.74016413890882,-1.9507791661741836,0.10489812594842858
-12.392564661176014,13.184426301654819,172.79016129206045,-1.945609293829663,0.10190421727703804
-12.410751110645142,13.137854173398608,172.8401584452121,-1.9405897410143749,0.098885323016342647
-12.428707092512349,13.091192699976745,172.89015559836375,-1.9357217095517065,0.095843324548824452
-12.446439277505547,13.044445718183381,172.94015275151537,-1.9310063093322722,0.092780017778190962
-12.463954430417962,12.997616983342079,172.99014990466702,-1.926444562618373,0.089697111985136441
-12.481259404261897,12.950710169791343,173.04014705781864,-1.9220374083926732,0.086596229202430458
-12.49836113463026,12.903728871639549,173.09014421097029,-1.9177857067257267,0.083478904077554428
-12.515266634271986,12.856676603775387,173.14014136412192,-1.9136902431388576,0.080346584190588002
-12.531982987885829,12.809556803119765,173.19013851727357,-1.9097517329404925,0.077200630794792863
-12.548517347135974,12.762372830103736,173.24013567042519,-1.9059708255155301,0.074042319947376922
-12.564876925890692,12.715127970358671,173.29013282357684,-1.9023481085490916,0.070872843998521992
-12.581068995680624,12.667825436615182,173.34012997672846,-1.8988841121682578,0.067693313408202171
-12.597100881395519,12.620468370737532,173.39012712988011,-1.895579312981899,0.064504758856666164
-12.612979957166887,12.573059846027109,173.44012428303176,-1.8924341380151317,0.061308133629566934
-12.628713642499182,12.525602869587935,173.49012143618339,-1.8894489685114617,0.058104316237227116
-12.644309398594883,12.478100384887146,173.54011858933504,-1.8866241436019533,0.054894113251891516
-12.659774724887409,12.430555274441678,173.59011574248666,-1.8839599638270292,0.051678262334862349
-12.675117155772369,12.38297036262761,173.64011289563831,-1.8814566945025641,0.048457435431476181
-12.690344257528814,12.335348418604369,173.69011004878993,-1.879114568922553,0.045232242113280037
-12.705463625422986,12.287692159341377,173.74010720194158,-1.8769337913913557,0.042003233048170469
-12.720482880988381,12.240004252729159,173.79010435509321,-1.8749145400792286,0.038770903580556459
-12.735409669454365,12.192287320823999,173.84010150824486,-1.8730569696983959,0.035535697409806527
-12.750251657359184,12.14454394307222,173.89009866139648,-1.871361213989192,0.032298010343073641
-12.765016530276057,12.096776659699444,173.94009581454813,-1.8698273880207328,0.029058194123105577
-12.77971199068684,12.048987975113642,173.99009296769978,-1.8684555902967979,0.025816560310288336
-12.794345755974549,12.001180361370487,174.0400901208514,-1.8672459046667327,0.022573384213037007
-12.808925556525443,11.953356261687732,174.09008727400305,-1.8661984020388709,0.019328908857722087
-12.823459133929607,11.90551809399993,174.14008442715468,-1.8653131418946112,0.016083348990752006
-12.837954239267894,11.85766825454877,174.19008158030633,-1.8645901736017296,0.012836895106727078
-12.852418631472778,11.809809121503823,174.24007873345795,-1.8640295375257687,0.0095897174974479173
-12.866860075751369,11.761943058607214,174.2900758866096,-1.8636312659385446,0.0063419703172443798
-12.881286342058157,11.714072418836919,174.34007303976122,-1.8633953837230743,0.0030937956608282579
-12.895705203603789,11.666199548087789,174.39007019291287,-1.8633219088743924,-0.00015467234931703473
-12.910124435389427,11.618326788858447,174.4400673460645,-1.8634108527958133,-0.0034033034693418821
-12.924551812752172,11.5704564839457,174.49006449921615,-1.8636622203904332,-0.0066519672363984971
-12.938995109909891,11.52259098013851,174.5400616523678,-1.8640760099477107,-0.0099005288696548642
-12.953462098492468,11.474732631907891,174.59005880551942,-1.8646522128251293,-0.013148845172363735
-12.967960546046893,11.426883805088023,174.64005595867107,-1.8653908129250518,-0.016396760437601986
-12.98249821450371,11.379046880543086,174.69005311182269,-1.8662917859670334,-0.019644102360622587
-12.997082858592002,11.33122425781629,174.74005026497434,-1.8673550985559804,-0.022890677961040731
-13.011722224190857,11.283418358754275,174.79004741812597,-1.8685807070467728,-0.026136269518829199
-13.026424046604783,11.235631631102544,174.84004457127762,-1.8699685562061326,-0.029380630528601584
-13.041196048750688,11.187866552066778,174.89004172442924,-1.871518577672763,-0.032623481677509079
-13.056045939245099,11.140125631832039,174.94003887758089,-1.8732306882171601,-0.035864506853194707
-13.070981410378911,11.09241141703653,174.99003603073251,-1.8751047878026794,-0.039103349188967428
-13.086010135968982,11.044726494190517,175.04003318388416,-1.8771407574500227,-0.042339607154937377
-13.101139769074884,10.997073493034772,175.09003033703581,-1.8793384569076301,-0.045572830704861109
-13.116377939569864,10.949455089831204,175.14002749018744,-1.8816977221310276,-0.048802517489941612
-13.131732251556002,10.901874010576062,175.19002464333909,-1.8842183625748592,-0.05202810915244753
-13.147210280612896,10.854333034129223,175.24002179649071,-1.8869001583018516,-0.055248987713359558
-13.162819570870827,10.806834995248909,175.29001894964236,-1.8897428569138799,-0.058464472070158834
-13.178567631899281,10.759382787522732,175.34001610279398,-1.8927461703110573,-0.061673814622451036
-13.194461935402421,10.711979366185405,175.39001325594563,-1.8959097712856827,-0.064876198044876612
-13.210509911714151,10.664627750811437,175.44001040909725,-1.8992332899589912,-0.068070732228629527
-13.226718946085992,10.617331027871913,175.49000756224891,-1.9027163100696933,-0.07125645141459977
-13.24309637476151,10.57009235314445,175.54000471540056,-1.9063583651244109,-0.074432311542841814
-13.259649480833236,10.522914953961633,175.59000186855218,-1.9101589344216647,-0.077597187844982277
-13.276385489877322,10.475802131287931,175.63999902170383,-1.9141174389620297,-0.080749872707404524
-13.293311565364048,10.428757261609531,175.68999617485545,-1.918233237258901,-0.083889073834843605
-13.310434803842583,10.381783798624078,175.7399933280071,-1.9225056210655957,-0.087013412745099841
-13.327762229899783,10.334885274716884,175.78999048115872,-1.926933811036069,-0.090121423626653707
-13.345299649679578,10.288064873074269,175.83998763431038,-1.9314339695198126,-0.089448100977832457
-13.363046280695164,10.241323367972518,175.889984787462,-1.9358767574480025,-0.088275112132226857
-13.380999034256394,10.194660642392659,175.93998194061365,-1.9402611357738422,-0.087111582583985284
-13.39915485074015,10.148076549056933,175.98997909376527,-1.9445875771483603,-0.085957498932574802
-13.417510702353825,10.101570912425142,176.03997624691692,-1.9488565532685214,-0.08481283650127
-13.436063593056891,10.055143529618826,176.08997340006857,-1.9530685343263283,-0.083677559848010452
-13.45481055844802,10.008794171318666,176.13997055322019,-1.9572239884829283,-0.082551623256355941
-13.473748665619858,9.9625225826344863,176.18996770637185,-1.961323381366781,-0.081434971206448603
-13.492875012983266,9.9163284839478845,176.23996485952347,-1.9653671755948918,-0.080327538825968062
-13.512186730062364,9.8702115717284222,176.28996201267512,-1.9693558303160403,-0.079229252321141738
-13.531680977262429,9.8241715193224177,176.33995916582674,-1.9732898007751061,-0.07814002938787315
-13.551354945612117,9.7782079777148443,176.38995631897839,-1.9771695378974712,-0.077059779603128709
-13.571205856480887,9.7323205762657938,176.43995347213001,-1.9809954878924139,-0.075988404796780123
-13.591230961274144,9.6865089234193142,176.48995062528166,-1.9847680918747259,-0.074925799404042773
-13.611427541106263,9.6407726073873725,176.53994777843329,-1.988487785503382,-0.073871850798794519
-13.631792906453434,9.5951111968078511,176.58994493158494,-1.9921549986364275,-0.072826439607984905
-13.652324396787586,9.5495242413766857,176.63994208473659,-1.99577015500116,-0.071789440007392638
-13.673019380191537,9.5040112724565233,176.68993923788821,-1.9993336718785171,-0.070760719999051175
-13.693875252958296,9.4585718036582556,176.73993639103986,-2.0028459598010748,-0.069740141670532607
-13.714889439173223,9.4132053314007695,176.78993354419148,-2.0063074222633692,-0.068727561436488088
-13.736059390281744,9.3679113354452657,176.83993069734314,-2.0097184554439655,-0.067722830262643752
-13.757382584642722,9.3226892794062941,176.88992785049476,-2.0130794479382752,-0.066725793872574171
-13.778856527068321,9.2775386112398852,176.93992500364641,-2.0163907805012653,-0.065736292937536731
-13.800478748351242,9.2324587637085642,176.98992215679803,-2.0196528257992572,-0.064754163249625504
-13.822246804780114,9.1874491548237476,177.03991930994968,-2.0228659481699851,-0.063779235878512378
-13.844158277643119,9.1425091882667946,177.0899164631013,-2.0260305033900328,-0.062811337312043761
-13.866210772721491,9.0976382537871174,177.13991361625295,-2.0291468384489839,-0.061850289580888687
-13.888401919772106,9.0528357275801152,177.18991076940461,-2.0322152913293294,-0.060895910367510173
-13.910729372000663,9.0081009726434065,177.23990792255623,-2.0352361907914815,-0.059948013099619515
-13.933190805525545,8.9634333391123615,177.28990507570788,-2.0382098561630775,-0.059006407028310517
-13.955783918832322,8.9188321645759316,177.3399022288595,-2.0411365971317665,-0.058070897291044879
-13.978506432220176,8.8742967743714534,177.38989938201115,-2.0440167135408425,-0.057141284959590359
-14.001356205184203,8.8298265425869626,177.43989653516277,-2.0468600707859497,-0.056677612701992237
-14.024331902792229,8.7854212390644282,177.48989368831442,-2.0496844903438429,-0.05630496884815845
-14.047432513447282,8.7410807894632683,177.53989084146605,-2.0524901843736352,-0.055928561967269558
-14.070657020869499,8.6968051080964379,177.5898879946177,-2.0552769666927664,-0.055548470432687437
-14.094004403322144,8.6525940974746334,177.63988514776932,-2.0580446550435259,-0.055164772865202077
-14.11747363384835,8.6084476483733123,177.68988230092097,-2.0607930711041291,-0.054777548081084045
-14.141063680505777,8.5643656399046719,177.73987945407262,-2.0635220404971828,-0.054386875040978652
-14.164773506599827,8.520347939592801,177.78987660722424,-2.0662313927956792,-0.053992832799675948
-14.188602070914348,8.4763944034538454,177.83987376037589,-2.0689209615264437,-0.053595500456820142
-14.212548327940343,8.4325048760798271,177.88987091352752,-2.0715905841711635,-0.053194957108589735
-14.236611228102584,8.3886791907258953,177.93986806667917,-2.0742401021650538,-0.052791281800388279
-14.260789717983196,8.3449171694024127,177.98986521983079,-2.0768693608931152,-0.052384553480597333
-14.285082740543547,8.3012186229691558,178.03986237298244,-2.0794782096841948,-0.051974850955401879
-14.309489235342758,8.257583351234361,178.08985952613406,-2.0820665018027418,-0.051562252844746935
-14.334008138753797,8.2140111430564868,178.13985667928571,-2.0846340944384227,-0.051146837539435663
-14.358638384176867,8.1705017764490471,178.18985383243734,-2.0871808486936323,-0.050728683159400337
-14.383378902249198,8.1270550186897026,178.23985098558899,-2.0897066295688846,-0.05030786751318151
-14.408228621053521,8.0836706264293259,178.28984813874064,-2.0922113059463796,-0.049884468058597441
-14.43318646632058,8.0403483458090683,178.33984529189226,-2.0946947505713394,-0.049458561864700046
-14.458251361631163,7.9970879125752612,178.38984244504391,-2.0971568400317575,-0.049030225574936769
-14.48342222861374,7.9538890521991759,178.43983959819553,-2.0995974547362093,-0.0485995353716
-14.508697987138602,7.9107514799993259,178.48983675134718,-2.1020164788899121,-0.048166566941554953
-14.534077555509064,7.8676749012656444,178.53983390449881,-2.1044138004691337,-0.047731395443247386
-14.559559850649226,7.8246590113857772,178.58983105765046,-2.1067893111939937,-0.047294095475002178
-14.585143788287709,7.781703495974396,178.63982821080208,-2.1091429064996552,-0.046854741044626308
-14.610828283138652,7.7388080310032752,178.68982536395373,-2.1114744855061072,-0.046413405540295889
-14.636612249078523,7.6959722829342878,178.73982251710535,-2.11378395098646,-0.045970161702750416
-14.662494599319505,7.6531959088537223,178.789819670257,-2.1160712093339105,-0.045525081598776308
-14.688474246579462,7.6104785566080295,178.83981682340865,-2.1183361705274266,-0.045078236595977331
-14.714550103247667,7.5678198649419643,178.88981397656028,-2.1205787480961522,-0.044629697338836899
-14.740721081547591,7.5252194636368914,178.93981112971193,-2.12279885908272,-0.044179533726041643
-14.766986093695348,7.4826769736514933,178.98980828286355,-2.1249964240054005,-0.043727814889081153
-14.793344215072878,7.4401921085351415,179.0398054360152,-2.1271839788529063,-0.043827174177643563
-14.819795367257868,7.3977651021865247,179.08980258916682,-2.1293789853118268,-0.043977873548215564
-14.846339742331294,7.3553963582269697,179.13979974231847,-2.1315814946607365,-0.044127303830266924
-14.872977528062602,7.3130862805002925,179.1897968954701,-2.1337914429942164,-0.044275446852982653
-14.89970890773262,7.2708352729377097,179.23979404862175,-2.1360087655005655,-0.044422284534370707
-14.926534060097202,7.2286437395103089,179.28979120177337,-2.1382333964663691,-0.044567798887720229
-14.953453159352531,7.1865120841796308,179.33978835492502,-2.1404652692814654,-0.044711972028096104
-14.980466375100162,7.1444407108491621,179.38978550807667,-2.1427043164441666,-0.044854786178856083
-15.007573872313328,7.1024300233145121,179.43978266122829,-2.1449504695668464,-0.044996223678194405
-15.034775811303973,7.0604804252132061,179.48977981437994,-2.1472036593818551,-0.045136266985704734
-15.062072347690084,7.0185923199747071,179.53977696753157,-2.1494638157477266,-0.045274898688956268
-15.089463632364566,6.976766110768799,179.58977412068322,-2.1517308676557803,-0.045412101510084901
-15.116949811464082,6.9350022004548748,179.63977127383484,-2.1540047432369782,-0.045547858312387508
-15.144531026339235,6.8933009915299532,179.68976842698649,-2.1562853697691642,-0.045682152106921128
-15.172207413525527,6.8516628860764337,179.73976558013811,-2.1585726736846245,-0.045814966059100619
-15.199979104714787,6.8100882857099947,179.78976273328976,-2.1608665805779474,-0.045946283495288016
-15.227846226727344,6.7685775915273725,179.83975988644139,-2.1631670152142046,-0.046076087909370955
-15.255808901487868,6.727131204049595,179.88975703959304,-2.1654739015376894,-0.046204362969338914
-15.28386724599571,6.6857495231744251,179.93975419274469,-2.1677871626804595,-0.046331092523809667
-15.312021372303073,6.6444329481182418,179.98975134589631,-2.1701067209717713,-0.046456260608563671
-15.340271387490148,6.6031818773634345,180.03974849904796,-2.1724324979475198,-0.04657985145303125
-15.368617393642328,6.5619967086039814,180.08974565219958,-2.1747644143600904,-0.046701849486750643
-15.397059487828386,6.5208778386906099,180.13974280535123,-2.1771023901885389,-0.046822239345787997
-15.425597762079079,6.4798256635766478,180.18973995850286,-2.1794463446490422,-0.04694100587911168
-15.454232303367661,6.43884057826227,180.23973711165451,-2.1817961962057448,-0.047058134154922181
-15.482963193590413,6.3979229767399426,180.28973426480613,-2.1841518625818428,-0.04717360946692567
-15.511790509548822,6.3570732519388535,180.33973141795778,-2.1865132607710263,-0.047287417340551835
-15.540714322932685,6.3162917956692617,180.3897285711094,-2.1888803070492298,-0.04739954353910953
-15.569734700303901,6.2755789985672399,180.43972572426105,-2.1912529169866564,-0.047509974069873666
-15.598851703081742,6.2349352500387267,180.4897228774127,-2.1936310054601402,-0.04761869519010159
-15.628065387528956,6.1943609382037215,180.53972003056433,-2.1960144866657929,-0.047725693412972559
-15.657375804738942,6.1538564498405552,180.58971718371598,-2.1984032741319379,-0.047830955513444733
-15.686779689678159,6.1134197595289912,180.6397143368676,-2.2005371891956322,-0.036925814842711305
-15.716258185154192,6.0730374227849948,180.68971149001925,-2.2020952563250193,-0.025404687950553118
-15.745787954240621,6.0326925611704834,180.73970864317087,-2.2030778594340363,-0.013904315818492125
-15.775345765784696,5.9923682376894023,180.78970579632252,-2.2034857895335631,-0.0024147854351495345
-15.804908445859983,5.9520474829452619,180.83970294947414,-2.2033193364783172,0.0090740111601753711
-15.83445282816146,5.9117133202277374,180.8897001026258,-2.2025782831662206,0.0205722192606782
-15.863955704315732,5.8713487905064472,180.93969725577742,-2.2012619076004496,0.032089864209865662
-15.893393774417584,5.8309369778144813,180.98969440892907,-2.1993689928529916,0.043636692217529749
-15.922743598069628,5.7904610355621289,181.03969156208072,-2.1968978450827836,0.055222007052037031
-15.951981546343726,5.749904214149125,181.08968871523234,-2.1938463198616263,0.066854500513628179
-15.981083754892531,5.7092498905400184,181.13968586838399,-2.1902118571795866,0.078542074638148079
-16.010026078721083,5.6684816001254221,181.18968302153561,-2.1859915255799525,0.09029165386882905
-16.038784048995534,5.6275830714294255,181.23968017468727,-2.1811820759706144,0.10210898562942239
-16.067332832404457,5.5865382640953438,181.28967732783889,-2.175780005721315,0.11399842812006986
-16.095647193629269,5.5453314105932101,181.33967448099054,-2.1697816337062288,0.12596272461049546
-16.12370146155504,5.5039470620584767,181.38967163414216,-2.1631831869729443,0.13800276409473525
-16.151469499928453,5.4623701386351229,181.43966878729381,-2.1559808997084478,0.15011732890451845
-16.178924683257204,5.4205859846350846,181.48966594044543,-2.148171125119501,0.16230283077893293
-16.206039878806038,5.3785804287925414,181.53966309359708,-2.1397504607502298,0.17455303795535013
-16.232787435682283,5.3363398497204217,181.58966024674874,-2.1307158875844361,0.18685879713724166
-16.259139181992911,5.2938512467030385,181.63965739990036,-2.1210649230777348,0.19920775560925358
-16.28506643120987,5.2511023156930436,181.68965455305201,-2.1107957879348054,0.2115840904358724
-16.310539998882419,5.2080815302960506,181.73965170620363,-2.0999075860697527,0.2239682534245645
-16.335530230854879,5.1647782273572886,181.78964885935528,-2.0884004967125054,0.23633674237614755
-16.360007044168949,5.1211826965140501,181.8396460125069,-2.0762759770423926,0.2486619109957578
-16.383939981796615,5.0772862728180677,181.88964316565855,-2.0635369730589517,0.26091183155510439
-16.407298282188641,5.0330814313930876,181.93964031881018,-2.0501881356911023,0.2730502257900716
-16.430050964549743,4.9885618826862883,181.98963747196183,-2.0362360383083877,0.28503648051060676
-16.452166930484776,4.9437226666770169,182.03963462511348,-2.0216893909869817,0.29682576464240135
-16.473615082396915,4.8985602440817662,182.0896317782651,-2.0065592460437531,0.30836926378323687
-16.494364458601552,4.85307258244561,182.13962893141675,-1.9908591886223845,0.31961454653931648
-16.514384388525126,4.8072592361601707,182.18962608456837,-1.974608163536903,0.32934727301570471
-16.533650902744064,4.7611239937735927,182.23962323772002,-1.9581880388369277,0.32752640847133974
-16.552159351022858,4.7146794344422833,182.28962039087165,-1.941854264921079,0.32589290672579263
-16.569908586992181,4.6679394633759852,182.3396175440233,-1.9255974959066005,0.32444587976902517
-16.586897299891454,4.6209177198571814,182.38961469717492,-1.909408432943974,0.32318433847495376
-16.60312400175571,4.5736276017566917,182.43961185032657,-1.8932778286978973,0.32210721416905058
-16.618587016030812,4.5260822902796773,182.48960900347819,-1.8771964908838907,0.32121337613890616
-16.633284467601538,4.4782947747576474,182.53960615662984,-1.8611552850073299,0.32050164530761466
-16.647214274145114,4.4302778775290843,182.58960330978149,-1.8451451365165876,0.31997080427273544
-16.660374138767793,4.3820442788676601,182.63960046293312,-1.8291570325408271,0.31961960388606209
-16.672761543884747,4.3336065419431202,182.68959761608477,-1.8131820233816847,0.31944676652495152
-16.684373746314062,4.2849771378068251,182.73959476923639,-1.7972112239218294,0.31945098618112483
-16.695207773567578,4.2361684703919904,182.78959192238804,-1.7812358151058914,0.31963092546876049
-16.70526042133012,4.1871929015279346,182.83958907553966,-1.7652470456470697,0.31998520963098298
-16.714528252128794,4.1380627759748974,182.88958622869131,-1.7492362341113754,0.32051241760258947
-16.723007595219549,4.0887904464014779,182.93958338184294,-1.7331947715016665,0.32121107016898304
-16.730694547683111,4.0393882984683396,182.98958053499459,-1.7171141245413437,0.32207961524223322
-16.737584976804794,3.9898687757990934,183.03957768814621,-1.7009858397330182,0.32311641026580507
-16.743674523753747,3.9402444049736416,183.08957484129786,-1.6848015483841419,0.32431970174599861
-16.748958608626932,3.8905278204711835,183.13957199444951,-1.6685529727257011,0.32568760190422269
-16.753432436920043,3.8407317895420232,183.18956914760113,-1.6522319332696498,0.32721806244254587
-16.75709100749788,3.7908692369773269,183.23956630075278,-1.6358303575504316,0.32890884541895338
-16.759929122145497,3.7409532697336378,183.28956345390441,-1.6193402903950105,0.33075749123883647
-16.761941396789368,3.6909972013560139,183.33956060705606,-1.6027539058644757,0.33276128378615616
-16.763122274484637,3.6410145761354378,183.38955776020768,-1.5860635210099341,0.33491721274206643
-16.763466040270753,3.5910191929180151,183.43955491335933,-1.5692616115808751,0.33722193317191129
-16.76296683800248,3.5410251284702738,183.48955206651095,-1.5523408298198551,0.33967172250385197
-16.761618689266328,3.4910467602880417,183.5395492196626,-1.5352940244699813,0.34226243507505633
-16.759415514494261,3.4410987887162601,183.58954637281423,-1.5181142631107425,0.34498945448527957
-16.75635115638541,3.3911962582290172,183.63954352596588,-1.5007948569244631,0.34784764407317365
-16.752419405743666,3.3413545776980915,183.68954067911753,-1.4833293879777625,0.35083129591854029
-16.74761402983254,3.2915895394538799,183.73953783226915,-1.4657117390789292,0.35393407887420786
-16.741928823901226,3.2419173344056422,183.7895349854208,-1.4479417321046986,0.35613728023393204
-16.735360988568079,3.1923541115592053,183.83953213857242,-1.4301682662729645,0.35484549649576203
-16.727914912892132,3.1429152002653349,183.88952929172407,-1.4124587897434473,0.35357848932542651
-16.719596062204417,3.0936156345745394,183.9395264448757,-1.3948119273627877,0.3523416620343624
-16.710410074038005,3.0444702530720549,183.98952359802735,-1.3772260417742677,0.3511400996214048
-16.700362740157072,2.9954937034207192,184.03952075117897,-1.3596992493795739,0.34997856720183945
-16.689459989815173,2.9467004479006746,184.08951790433062,-1.3422294363354479,0.348861510132004
-16.677707874275892,2.8981047698337958,184.13951505748224,-1.3248142745069915,0.34779305557354012
-16.665112552619252,2.8497207807833771,184.18951221063389,-1.3074512373121987,0.34677701525043636
-16.651680278847831,2.8015624284199627,184.23950936378554,-1.2901376154034883,0.34581688916362785
-16.637417390299181,2.7536435049499057,184.28950651693717,-1.272870532144379,0.34491587004169749
-16.622330297363639,2.7059776560049005,184.33950367008882,-1.2556469588495152,0.34407684832142466
-16.606425474500508,2.6585783898950015,184.38950082324044,-1.2384637297663941,0.34330241746824697
-16.589709452540596,2.6114590871316645,184.43949797639209,-1.2213175567863439,0.34259487946367118
-16.572188812257878,2.5646330101300592,184.48949512954371,-1.2042050438801672,0.34195625030397525
-16.55387017918942,2.5181133130039428,184.53949228269536,-1.1871227012613641,0.34138826537193312
-16.534760219679907,2.4719130513715548,184.58948943584699,-1.1700669592869521,0.34089238456060733
-16.514865638122576,2.4260451920897297,184.63948658899864,-1.1530341821098684,0.34046979704518487
-16.494193175368483,2.3805226228428835,184.68948374215026,-1.1360206811040519,0.34012142561556213
-16.47274960827146,2.3353581615103143,184.73948089530191,-1.1190227280850731,0.33984793049852935
-16.450541750335884,2.2905645652412359,184.78947804845356,-1.1020365683535929,0.33964971261421933
-16.427576453432739,2.2461545391691922,184.83947520160518,-1.08505843359131,0.33952691622682324
-16.403860610546587,2.202140744696595,184.88947235475683,-1.0680845546395989,0.33947943096450112
-16.379401159517077,2.1585358072865874,184.93946950790846,-1.0511111741937103,0.33950689319803645
-16.354205087734449,2.1153523236957383,184.98946666106011,-1.0341345594435967,0.33960868678205008
-16.328279437749281,2.0726028685865052,185.03946381421173,-1.0171510146934644,0.33978394317669441
-16.301631313753724,2.0303000004574119,185.08946096736338,-1.000156893990104,0.34003154098164168
-16.274267888890197,1.988456266830231,185.139458120515,-0.98314861378825269,0.34035010492800427
-16.246196413341139,1.9470842086343154,185.18945527366665,-0.96612266567857674,0.3407380043875784
-16.217424223151941,1.9061963637304371,185.23945242681827,-0.94907562920111799,0.34119335147252844
-16.187958749734733,1.8658052695141349,185.28944957996993,-0.93200418476168223,0.34171399881237308
-16.157807530000412,1.8259234645442337,185.33944673312158,-0.91490512666588308,0.34229753710877953
-16.126978382405323,1.7865633579333386,185.3894438862732,-0.89779968604590799,0.34107553248166134
-16.095482656797394,1.7477345731810898,185.43944103942485,-0.88081862225091623,0.33822155264913351
-16.063334844265736,1.7094439164286745,185.48943819257647,-0.86397781863570711,0.33546583220262294
-16.030549337148084,1.6716978210951157,185.53943534572812,-0.8472722131637751,0.33281425464595349
-15.997140288609023,1.6345024777590831,185.58943249887975,-0.83069646292360289,0.33027217858038665
-15.963121605009597,1.5978638627305271,185.6394296520314,-0.81424496940159463,0.32784447654396864
-15.928506940532481,1.5617877659769326,185.68942680518302,-0.79791190181547234,0.32553557367784913
-15.893309693901257,1.5262798183378652,185.73942395833467,-0.78169121852812906,0.32334948579118339
-15.85754300703759,1.4913455179762023,185.78942111148629,-0.76557668658074618,0.32128985646895925
-15.821219765508808,1.4569902560299588,185.83941826463794,-0.7495618994006179,0.31935999293263106
-15.784352600628198,1.4232193414419849,185.88941541778959,-0.73364029275254827,0.31756290042134744
-15.746953893076851,1.3900380249525566,185.93941257094122,-0.71780515901167363,0.31590131491171375
-15.709035777929603,1.3574515222525114,185.98940972409287,-0.70204965984525891,0.31437773403725194
-15.670610150975024,1.3254650362991782,186.03940687724449,-0.6863668373957581,0.31299444610457489
-15.631688676230164,1.2940837788037791,186.08940403039614,-0.67074962406207783,0.31175355713283198
-15.592282794563221,1.2633129909052172,186.13940118354776,-0.65519085097990926,0.31065701586646299
-15.552403733342411,1.2331579630443816,186.18939833669941,-0.63968325530208114,0.30970663672900217
-15.512062517047545,1.2036240540616854,186.23939548985103,-0.62421948638444746,0.30890412069872492
-15.471269978786646,1.1747167095379578,186.28939264300269,-0.60879211098199182,0.30825107409496116
-15.430036772622993,1.1464414793674647,186.33938979615431,-0.59339361754317144,0.30774902526753045
-15.388373386795436,1.1188040346687875,186.38938694930596,-0.57801641975431051,0.30739943918468282
-15.346290157624749,1.0918101839271772,186.43938410245761,-0.56265285937366727,0.30720372990756734
-15.303797284216865,1.065465888479104,186.48938125560923,-0.54729520851277391,0.30716327093852769
-15.260904843889568,1.0397772773096203,186.53937840876088,-0.53193567145095588,0.30727940341907517
-15.217622808315994,1.0147506611726169,186.5893755619125,-0.51656638609333505,0.30755344214403196
-15.173961060383695,0.99039254603772398,186.63937271506416,-0.50117942518414638,0.30798667934572116
-15.129929411767728,0.96670964585812769,186.68936986821578,-0.48576679738775386,0.30858038618782996
-15.085537621222809,0.94370889464811436,186.73936702136743,-0.47032044835369541,0.30933581189292464
-15.040795413607079,0.92139745785360827,186.78936417451905,-0.45483226188745368,0.31025418041066138
-14.995712499629777,0.89978274297924932,186.8393613276707,-0.43929406134544607,0.31133668451647278
-14.95029859640926,0.87887240947121659,186.88935848082232,-0.42369761141022122,0.31258447721002502
-14.904563448717912,0.85867437774323785,186.93935563397397,-0.4080346203356468,0.31399866026904899
-14.858517244870665,0.83919589234418801,186.98935278712563,-0.39239506405010882,0.30927001230789358
-14.812175448204357,0.82043143708821431,187.03934994027725,-0.37714865624859922,0.30057587143609704
-14.765556897066903,0.80236543723421605,187.0893470934289,-0.36234338269972194,0.2916300001033309
-14.718679885980006,0.78498101191788106,187.13934424658052,-0.34799088876572265,0.28246972821246674
-14.671562029894632,0.76826028314887862,187.18934139973217,-0.33410099970439811,0.27313048111508564
-14.624220224451813,0.75218448555741846,187.23933855288379,-0.32068182326761752,0.26364549605924376
-14.576670616912624,0.7367340727987518,187.28933570603544,-0.30773986470286335,0.25404561018028737
-14.528928586854203,0.72188881937272098,187.33933285918707,-0.29528015064792118,0.24435911509824346
-14.481008735869546,0.70762791693637261,187.38933001233872,-0.28330635876235843,0.23461167186505061
-14.432924885369012,0.69393006437977267,187.43932716549034,-0.27182095025038849,0.2248262791279268
-14.384690081584518,0.68077355115141536,187.48932431864199,-0.26082530280530725,0.21502328696540488
-14.33631660680097,0.66813633348533841,187.53932147179364,-0.25031984186692624,0.20522044879376283
-14.287815996090673,0.65599610340831194,187.58931862494526,-0.24030416850839453,0.1954330040402332
-14.239199058470497,0.64433035043972919,187.63931577809691,-0.23077718253470669,0.18567378467074
-14.190475901992672,0.63311641615584591,187.68931293124854,-0.22173719982002693,0.17595333939077934
-14.141655961797586,0.62233154174444094,187.73931008440019,-0.21318206308789636,0.16628006993946995
-14.092748030676193,0.61195290886423326,187.78930723755181,-0.20510924568920222,0.15666037473911784
-14.043760291454999,0.6019576741047461,187.83930439070346,-0.19751594809114253,0.14709879585294297
-13.994700350795558,0.59232299743016192,187.88930154385508,-0.19039918701191416,0.13759816596767063
-13.945575273937195,0.58302606498625498,187.93929869700673,-0.18375587725958006,0.12815975276468997
-13.896391620048407,0.57404410667882766,187.98929585015836,-0.17758290646161143,0.11878339866872205
-13.847155477894725,0.56535440893156763,188.03929300331001,-0.17187720295468642,0.10946765450186642
-13.797872501594941,0.55693432302891988,188.08929015646166,-0.16663579716658644,0.1002099060450071
-13.74854794626134,0.54876126943531889,188.13928730961328,-0.16185587685858563,0.091006492907871245
-13.699186703481681,0.54081273848776235,188.18928446276493,-0.15753483662908602,0.081852819471587596
-13.649793336384121,0.53306628779914633,188.23928161591655,-0.15367032205889791,0.072743457902613176
-13.600372114435824,0.52549953675378791,188.2892787690682,-0.15026026890765976,0.063672243539011603
-13.55092704781474,0.51809015840076966,188.33927592221983,-0.14730293771892675,0.054632363074846514
-13.501461921421829,0.51081586906572152,188.38927307537148,-0.14479694418462719,0.045616436158176697
-13.451980328562207,0.50365441597374916,188.4392702285231,-0.14274128557968147,0.036616591129063417
-13.402485453817128,0.4965853233954961,188.48926738167475,-0.14099969631865042,0.034525742830460719
-13.352978445161055,0.48960171398715624,188.5392645348264,-0.1392789005022205,0.034309909373858784
-13.303459529622701,0.4827030388928028,188.58926168797802,-0.13756891059310811,0.034093484181346632
-13.253928926646871,0.47588878246199995,188.63925884112967,-0.13586975583935101,0.03387648071285207
-13.204386853166815,0.46915842698725452,188.6892559942813,-0.13418146481958082,0.033658912286266052
-13.154833523605596,0.46251145274729388,188.73925314743295,-0.13250406545015794,0.033440792075752776
-13.105269149878072,0.45594733804995785,188.78925030058457,-0.13083758499239298,0.03322213311014624
-13.055693941393935,0.44946555927474968,188.83924745373622,-0.12918205005986247,0.033002948271433678
-13.006108105060719,0.44306559091490455,188.88924460688784,-0.12753748662578177,0.032783250293321145
-12.956511845287165,0.43674690561901863,188.93924176003949,-0.12590392003044357,0.032563051759881542
-12.906905363988095,0.43050897423237749,188.98923891319112,-0.12428137498875387,0.032342365104288735
-12.857288860588174,0.42435126583765309,189.03923606634277,-0.12266987559777907,0.03212120260762584
-12.807662532027736,0.41827324779535846,189.08923321949442,-0.12106944534440159,0.031899576397780356
-12.758026572767896,0.41227438578370962,189.13923037264604,-0.11948010711299065,0.031677498448412458
-12.70838117479658,0.40635414383809743,189.18922752579769,-0.11790188319313839,0.031454980578002965
-12.658726527635473,0.40051198439015734,189.23922467894931,-0.11633479528745601,0.031232034448979842
-12.609062818346118,0.39474736830622875,189.28922183210096,-0.11477886451937155,0.031008671566913767
-12.559390231537838,0.38905975492551442,189.33921898525259,-0.1132341114410102,0.030784903279793996
-12.509708949375327,0.38344860209768178,189.38921613840424,-0.11170055604108485,0.030560740777373346
-12.460019151586511,0.37791336621997756,189.43921329155586,-0.11017821775281367,0.030336195090583974
-12.410321015471501,0.37245350227394736,189.48921044470751,-0.10866711546188701,0.030111277091026279
-12.360614715911311,0.36706846386160047,189.53920759785913,-0.10716726751443749,0.029885997490523716
-12.310900425377012,0.36175770324110673,189.58920475101078,-0.1056786917250345,0.029660366840745592
-12.261178313939979,0.3565206713620761,189.63920190416243,-0.10420140538471423,0.02943439553289863
-12.211448549281142,0.35135681790021706,189.68919905731406,-0.10273542526898652,0.029208093797478196
-12.161711296702167,0.34626559129166135,189.73919621046571,-0.10128076764589609,0.028981471704089219
-12.111966719135804,0.34124643876668198,189.78919336361733,-0.099837448284058064,0.028754539161324602
-12.062214977156936,0.33629880638295045,189.83919051676898,-0.098405482460707697,0.028527305916705884
-12.01245622899458,0.33142213905836215,189.8891876699206,-0.096984884969769411,0.028299781556686169
-11.962690630542857,0.32661588060323565,189.93918482307225,-0.095575670129886395,0.028071975506705465
-11.912918335373783,0.32187947375215525,189.98918197622388,-0.094177851792486583,0.027843897031309184
-11.863139494749307,0.31721236019522014,190.03917912937553,-0.092791443349813735,0.027615555234317957
-11.813354257634028,0.31261398060882706,190.08917628252715,-0.091416457742957397,0.027386959059052998
-11.763562770708406,0.30808377468597364,190.1391734356788,-0.090052907469876251,0.027158117288615252
-11.713765178381879,0.30362118116603093,190.18917058883045,-0.088700804593396521,0.026929038546214701
-11.663961622806481,0.29922563786403195,190.23916774198207,-0.08736016074919721,0.026699731295550557
-11.6141522438908,0.29489658169947175,190.28916489513372,-0.086030987153778035,0.026470203841241033
-11.564337179313709,0.29063344872456498,190.33916204828535,-0.084713294612390994,0.026240464329298226
-11.51451656453934,0.28643567415209237,190.389159201437,-0.083407093526973564,0.026010520747654187
-11.464690532831204,0.28230269238265226,190.43915635458862,-0.082112393904024611,0.025780380926726718
-11.414859215267157,0.27823393703147276,190.48915350774027,-0.080829205362467668,0.025550052540031915
-11.365022740754894,0.27422884095474775,190.53915066089189,-0.079557537141488818,0.025319543104840463
-11.315181236046552,0.27028683627539213,190.58914781404354,-0.078297398108313321,0.025088859982870259
-11.265334825754996,0.26640735440842084,190.63914496719516,-0.077048796765982808,0.024858010381025638
-11.215483632369176,0.26258982608574466,190.68914212034682,-0.075811741261065324,0.024627001352170139
-11.165627776270076,0.2588336813805116,190.73913927349847,-0.074586239391336656,0.024395839795938817
-11.115767375747392,0.2551383497309988,190.78913642665009,-0.073372298613432155,0.024164532459589366
-11.065902547015121,0.25150325996392164,190.83913357980174,-0.072169926050423133,0.023933085938882347
-11.016033404228887,0.24792784031738099,190.88913073295336,-0.070979128499388172,0.023701506679003059
-10.966160059502343,0.24441151846324,190.93912788610501,-0.069799912438907374,0.023469800975510668
-10.916282622923987,0.24095372152904909,190.98912503925663,-0.068632284036517138,0.02323797497532076
-10.866401202574652,0.23755387611952622,191.03912219240829,-0.067476249156125503,0.023006034677720624
-10.816515904544513,0.23421140833751969,191.08911934555991,-0.066331813365360162,0.022773985935411016
-10.766626832950415,0.23092574380451544,191.13911649871156,-0.065198981942869286,0.022541834455577597
-10.716734089953976,0.22769630768071505,191.18911365186318,-0.064077759885580052,0.022309585800992158
-10.666837775778671,0.22452252468457565,191.23911080501483,-0.062968151915876527,0.02207724539113521
-10.6169379887282,0.22140381911196375,191.28910795816648,-0.061870162488746161,0.021844818503349218
-10.567034825204384,0.21833961485480957,191.3391051113181,-0.060783795798853249,0.021612310274012985
-10.517128379725085,0.21532933541930516,191.38910226446976,-0.059709055787552666,0.02137972569973955
-10.467218744943056,0.21237240394369772,191.43909941762138,-0.058645946149858713,0.021147069638599681
-10.417306011663619,0.20946824321555904,191.48909657077303,-0.057594470341325393,0.020914346811361038
-10.367390268863851,0.20661627568869531,191.53909372392465,-0.056554631584893711,0.020681561802754444
-10.317471603710896,0.20381592349955757,191.5890908770763,-0.055526432877653978,0.020448719062754934
-10.267550101580632,0.2010666084832323,191.63908803022792,-0.054509876997549001,0.020215822907882947
-10.217625846077034,0.19836775218903266,191.68908518337958,-0.053504966510024031,0.019982877522525967
-10.167698919050187,0.19571877589558215,191.7390823365312,-0.052511703774580393,0.019749886960270618
-10.117769400616259,0.19311910062557577,191.78907948968285,-0.051530090951299921,0.019516855145259429
-10.067837369176562,0.19056814716006742,191.8390766428345,-0.050560130007281233,0.019283785873558591
-10.01790290143609,0.18806533605230813,191.88907379598612,-0.049601822722994411,0.019050682814537166
-9.9679660724235024,0.18561008764124717,191.93907094913777,-0.048655170698594367,0.018817549512266798
-9.918026955510344,0.18320182206457933,191.98906810228939,-0.047720175360146319,0.018584389386930352
-9.8680856224301721,0.18083995927138349,192.03906525544105,-0.046796837965778104,0.018351205736242226
-9.8181421432988287,0.17852391903441478,192.08906240859267,-0.045885159611781148,0.018118001736885374
-9.7681965866331417,0.17625312096192333,192.13905956174432,-0.044985141238608806,0.017884780445951588
-9.7182490193713935,0.17402698450916487,192.18905671489594,-0.044096783636833704,0.017651544802400006
-9.6682995068926321,0.17184492898946957,192.23905386804759,-0.043220087453009877,0.017418297628519704
-9.6183481130364559,0.1697063735849498,192.28905102119921,-0.042355053195469138,0.017185041631403171
-9.5683949001230832,0.16761073735684201,192.33904817435086,-0.041501681240047217,0.016951779404429261
-9.518439928973141,0.16555743925546365,192.38904532750252,-0.040659971835730287,0.016718513428752545
-9.4684832589275043,0.16354589812980316,192.43904248065414,-0.039829925110226358,0.016485246074799717
-9.4185249478675424,0.16157553273676406,192.48903963380579,-0.039011541075468163,0.0162519796037747
-9.3685650522347608,0.15964576175002579,192.53903678695741,-0.038204819633029859,0.016018716169166627
-9.3186036270512975,0.1577560037685854,192.58903394010906,-0.037409760579481553,0.015785457818267509
-9.2686407259398305,0.15590567732492613,192.63903109326068,-0.036626363611657164,0.015552206493691942
-9.2186764011435596,0.15409420089284731,192.68902824641233,-0.035854628331847847,0.01531896403490194
-9.1687107035469566,0.15232099289498188,192.73902539956396,-0.0350945542529294,0.015085732179739122
-9.1187436826951469,0.15058547170993253,192.78902255271561,-0.03434614080339262,0.014852512565954618
-9.068775386814826,0.14888705567913257,192.83901970586723,-0.033609387332318851,0.014619306732748799
-9.0188058628342844,0.14722516311335279,192.88901685901888,-0.032884293114265765,0.014386116122310338
-8.9688351564034647,0.14559921229888997,192.93901401217053,-0.03217085735407535,0.014152942081357268
-8.9188633119148459,0.14400862150347069,192.98901116532215,-0.031469079191617219,0.013919785862684475
-8.8688903725230581,0.14245280898180415,193.0390083184738,-0.030778957706435729,0.013686648626706885
-8.8189163801657617,0.14093119298087248,193.08900547162543,-0.030100491922337363,0.013453531443009786
-8.7689413755838572,0.13944319174490161,193.13900262477708,-0.02943368081189135,0.013220435291897469
-8.7189653983415809,0.1379882235200359,193.1889997779287,-0.028778523300851067,0.012987361065941923
-8.6689884868473435,0.13656570655874603,193.23899693108035,-0.028135018272507518,0.012754309571535588
-8.6190106783738702,0.13517505912393371,193.28899408423197,-0.027503164571956028,0.012521281530441165
-8.5690320090784518,0.13381569949276198,193.33899123738362,-0.026882961010286952,0.012288277581341937
-8.5190525140238815,0.13248704596023084,193.38898839053525,-0.026274406368706996,0.012055298281394993
-8.4690722271981986,0.13118851684245295,193.4389855436869,-0.025677499402568339,0.011822344107778505
-8.4190911815355811,0.1299195304796977,193.48898269683855,-0.025092238845334364,0.011589415459243701
-8.369109408936712,0.12867950523916291,193.53897984999017,-0.024518623412461183,0.011356512657663444
-8.3191269402888643,0.12746785951748746,193.58897700314182,-0.023956651805198893,0.011123635949578624
-8.2691438054869906,0.12628401174304107,193.63897415629344,-0.023406322714326411,0.010890785507747689
-8.2191600334534147,0.12512738037793769,193.68897130944509,-0.022867634823793847,0.010657961432688752
-8.1691756521587511,0.12399738391984086,193.73896846259672,-0.022340586814300838,0.01042516375422544
-8.1191906886422665,0.12289344090352361,193.78896561574837,-0.021825177366791841,0.010192392433028791
-8.0692051690320703,0.12181496990219715,193.83896276889999,-0.021321405165872512,0.0099596473621564301
-8.0192191185658359,0.12076138952862957,193.88895992205164,-0.02082926890315474,0.0097269283685923712
-7.9692325616111104,0.11973211843603786,193.93895707520326,-0.020348767280520614,0.0094942352147829728
-7.919245521685558,0.11872657531876694,193.98895422835491,-0.019879899013308944,0.0092615676001703649
-7.869258021477858,0.11774417891277496,194.03895138150656,-0.019422662833431609,0.0090289251627269484
-7.8192700828674582,0.11678434799589323,194.08894853465819,-0.018977057492402569,0.0087963074804822457
-7.7692817269455299,0.11584650138791341,194.13894568780984,-0.01854308176430142,0.0085637140730530342
-7.7192929740351692,0.11493005795046782,194.18894284096146,-0.018120734448654186,0.0083311444031678207
-7.6693038437116137,0.11403443658672287,194.23893999411311,-0.017710014373237746,0.0080985978781888211
-7.6193143548230857,0.11315905624090276,194.28893714726473,-0.017310920396813895,0.0078660738516346355
-7.5693245255106252,0.11230333589761723,194.33893430041638,-0.016923451411778891,0.0076335716246958086
-7.5193343732288795,0.11146669458103488,194.38893145356801,-0.016547606346745142,0.007401090447752349
-7.4693439147663927,0.1106485513538802,194.43892860671966,-0.016183384169042928,0.0071686295218865506
-7.4193531662657177,0.10984832531626629,194.48892575987128,-0.015830783887145747,0.0069361880003927052
-7.3693621432440874,0.10906543560437952,194.53892291302293,-0.015489804553024015,0.0067037649902868639
-7.3193708606136489,0.10829930138900476,194.58892006617458,-0.015160445264420392,0.0064713595538123652
-7.2693793327017833,0.10754934187390514,194.6389172193262,-0.014842705167050489,0.0062389707099433193
-7.2193875732714607,0.1068149762940602,194.68891437247785,-0.014536583456728876,0.0060065974358861195
-7.1693955955414808,0.10609562391376498,194.73891152562948,-0.014242079381419217,0.0057742386685779891
-7.1194034122069869,0.10539070402460105,194.78890867878113,-0.013959192243211451,0.0055418933061848778
-7.0694110354596109,0.10469963595094332,194.83890583193275,-0.013687911317071805,0.0053183993741266443
-7.0194184757646587,0.10402193126042764,194.8889029850844,-0.013422972003287308,0.0052797763544120474
-6.9694257389057341,0.10335742331824113,194.93890013823602,-0.013159963767716039,0.0052411518547730296
-6.919432829642032,0.10270601562887564,194.98889729138767,-0.012898886683105236,0.0052025259285721501
-6.8694397526243742,0.10206761169092894,195.03889444453932,-0.012639740819387547,0.0051638986282109157
-6.8194465124476489,0.10144211499796696,195.08889159769095,-0.012382526243999804,0.0051252700051765479
-6.7694531136272502,0.10082942903838134,195.1388887508426,-0.012127243021802998,0.0050866401100300978
-6.7194595606048599,0.10022945729562897,195.18888590399422,-0.01187389121515546,0.0050480089924171889
-6.6694658577481674,0.099642103248390623,195.23888305714587,-0.011622470883954274,0.0050093767010741244
-6.6194720093519255,0.099067270370742616,195.28888021029749,-0.011372982085683096,0.0049707432838350203
-6.5694780196384466,0.098504862132318835,195.33887736344914,-0.011125424875456761,0.0049321087876384806
-6.5194838927579033,0.097954781998467716,195.38887451660077,-0.010879799306064706,0.0048934732585342181
-6.4694896327892168,0.097416933430412786,195.43887166975242,-0.010636105428016806,0.0048548367416900336
-6.4194952437404753,0.096891219885405,195.48886882290404,-0.010394343289586655,0.0048161992813985123
-6.3695007295492427,0.096377544816871566,195.53886597605569,-0.010154512936853986,0.0047775609210836054
-6.3195060940837386,0.095875811674570433,195.58886312920734,-0.0099166144137508589,0.0047389217033079033
-6.2695113411426133,0.09538592390472779,195.63886028235896,-0.0096806477621009315,0.0047002816697788484
-6.2195164744561353,0.094907784950187271,195.68885743551061,-0.0094466130216649419,0.0046616408613560072
-6.1695214976864419,0.09444129825054659,195.73885458866224,-0.0092145102301815565,0.0046229993180576575
-6.1195264144280044,0.093986367242293811,195.78885174181389,-0.0089843394234087794,0.0045843570790675327
-6.0695312282087297,0.093542895358946929,195.83884889496551,-0.0087561006351680789,0.0045457141827420717
-6.019535942489683,0.093110786031177728,195.88884604811716,-0.0085297938973817235,0.0045070706666165911
-5.9695405606663154,0.092689942686946941,195.93884320126878,-0.0083054192401167074,0.0044684265674126674
-5.9195450860688865,0.092280268751629216,195.98884035442043,-0.0080829766916246833,0.0044297819210448479
-5.8695495219626457,0.091881667648133644,196.03883750757205,-0.0078624662783804439,0.0043911367626272239
-5.8195538715489059,0.091494042797029052,196.08883466072371,-0.0076438880251240666,0.004352491126480668
-5.7695581379653254,0.091117297616660237,196.13883181387536,-0.0074272419548991366,0.00431384504613949
-5.7195623242864366,0.090751335523263546,196.18882896702698,-0.0072125280890919042,0.004275198554358285
-5.6695664335244533,0.090396059931081948,196.23882612017863,-0.0069997464474709633,0.0042365516831189519
-5.6195704686293535,0.090051374252472616,196.28882327333025,-0.0067888970482239261,0.004197904463637268
-5.5695744324900014,0.089717181898018861,196.3388204264819,-0.0065799799079977348,0.0041592569263701265
-5.5195783279343864,0.089393386276633874,196.38881757963352,-0.0063729950419352125,0.0041206091010222209
-5.4695821577300592,0.089079890795663169,196.43881473278518,-0.0061679424637119448,0.0040819610165528054
-5.4195859245852347,0.08877659886098889,196.4888118859368,-0.0059648221855756146,0.0040433127011830121
-5.3695896311486004,0.088483413877123523,196.53880903908845,-0.0057636342183796921,0.00400466418240218
-5.3195932800104462,0.088200239247309506,196.58880619224007,-0.0055643785716221542,0.0039660154869751562
-5.2695968737031116,0.087926978373612116,196.63880334539172,-0.0053670552534810711,0.0039273666409491365
-5.2196004147011852,0.087663534657008838,196.68880049854337,-0.0051716642708489018,0.0038887176696602759
-5.1696039054227851,0.087409811497482059,196.73879765169499,-0.0049782056293706922,0.0038500685977411442
-5.1196073482292599,0.087165712294101375,196.78879480484665,-0.0047866793334757629,0.003811419449126992
-5.069610745426365,0.086931140445111119,196.83879195799827,-0.0045970853864147586,0.0037727702470631121
-5.0196140992647074,0.086705999348011778,196.88878911114992,-0.0044094237902935242,0.0037341210141116745
-4.9696174119399839,0.086490192399638399,196.93878626430154,-0.0042236945461059123,0.0036954717721583989
-4.919620685594027,0.086283622996240497,196.98878341745319,-0.0040398976537691974,0.0036568225424198314
-4.8696239223150171,0.086086194533555857,197.03878057060481,-0.0038580331121561172,0.0036181733454500138
-4.8196271241380035,0.085897810406883879,197.08877772375646,-0.0036781009191276573,0.0035795242011473624
-4.7696302930460028,0.085718374011158546,197.13877487690809,-0.003500101071567611,0.0035408751287620025
-4.7196334309696804,0.08554778874101425,197.18877203005974,-0.0033240335654116872,0.0035022261469020472
-4.6696365397887289,0.085385957990855771,197.23876918321139,-0.0031498983956823046,0.0034635772735411015
-4.6196396213319906,0.085232785154921317,197.28876633636301,-0.0029776955565186431,0.0034249285260249088
-4.5696426773779555,0.08508817362734529,197.33876348951466,-0.0028074250412076429,0.0033862799210782023
-4.5196457096558884,0.084952026802220665,197.38876064266628,-0.0026390868422167873,0.0033476314748120701
-4.4696487198455284,0.084824248073655142,197.43875779581793,-0.0024726809512217304,0.0033089832027302481
-4.4196517095783454,0.084704740835829823,197.48875494896956,-0.0023082073591388342,0.003270335119736574
-4.369654680437935,0.084593408483053606,197.53875210212121,-0.0021456660561543711,0.0032316872401417836
-4.3196576339602446,0.084490154409814958,197.58874925527283,-0.001985057031752994,0.0031930395776702219
-4.269660571634593,0.084394882010834033,197.63874640842448,-0.0018263802747483398,0.0031543921454671121
-4.2196634949040375,0.084307494681111136,197.6887435615761,-0.0016696357733111437,0.0031157449561053361
-4.1696664051657164,0.084227895815973411,197.73874071472775,-0.0015148235149970708,0.0030770980215922348
-4.1196693037719614,0.084155988811121088,197.78873786787941,-0.0013619434867764785,0.0030384513533769425
-4.0696721920301524,0.084091677062669623,197.83873502103103,-0.0012109956750600201,0.0029998049623568023
-4.0196750712038929,0.08403486396719248,197.88873217418268,-0.0010619800657279109,0.0029611588588847704
-3.9696779425132762,0.083985452921760143,197.9387293273343,-0.00091489664415607787,0.0029225130527761336
-3.9196808071352649,0.08394334732397836,197.98872648048595,-0.00076974539524236126,0.002883867553315312
-3.8696836662049257,0.083908450572024854,198.03872363363757,-0.00062652630343483799,0.0028452223692633249
-3.8196865208151176,0.083880666064683307,198.08872078678922,-0.00048523935275528564,0.0028065775088640392
-3.7696893720176092,0.083859897201376474,198.13871793994085,-0.00034588452682648952,0.0027679329798515739
-3.7196922208236458,0.083846047382197669,198.1887150930925,-0.00020846180889753132,0.002729288789457213
-3.6696950682040987,0.083839020007939885,198.23871224624412,-7.2971181867654877e-05,0.0026906449444160587
-3.6196979150905277,0.083838718480124114,198.28870939939577,6.058737168775411e-05,0.0026520014509743388
-3.5697007623753785,0.083845046201025453,198.33870655254742,0.00019221386949386888,0.002613358314896085
-3.5197036109127668,0.083857906573697877,198.38870370569904,0.00032190832955188473,0.0025747155414702371
-3.4697064615189097,0.083877203001997566,198.43870085885069,0.00044967077011580072,0.0025360731355174855
-3.419709314972593,0.083902838890604473,198.48869801200232,0.00057550120966939227,0.0024974311013971468
-3.3697121720160692,0.0839347176450424,198.53869516515397,0.00069939966690247082,0.0024587894430143599
-3.3197150333553069,0.083972742671697784,198.58869231830559,0.00082136616068914073,0.0024201481638267876
-3.2697178996605247,0.084016817377836894,198.63868947145724,0.00094140071006563726,0.0023815072668515445
-3.2197207715672076,0.084066845171621274,198.68868662460886,0.0010595033342073997,0.0023428667546724681
-3.1697236496760124,0.084122729462122528,198.73868377776051,0.0011756740524091309,0.0023042266294465764
-3.1197265345537981,0.084184373659334844,198.78868093091214,0.0012899128840625105,0.0022655868929113638
-3.069729426734106,0.084251681174186688,198.83867808406379,0.0014022198486356157,0.0022269475463916654
-3.0197323267173739,0.0843245554185513,198.88867523721544,0.0015125949656532042,0.0021883085908063426
-2.9697352349722475,0.084402899805254589,198.93867239036706,0.0016210382546749547,0.002149670026675789
-2.9197381519352112,0.084486617748083997,198.98866954351871,0.0017275497352777322,0.0021110318541281616
-2.8697410780118546,0.084575612661793739,199.03866669667033,0.0018321294270346308,0.002072394072906852
-2.8197440135772025,0.084669787962110096,199.08866384982198,0.0019347773494964096,0.00203375668237725
-2.7697469589761017,0.084769047065735542,199.13866100297361,0.0020354935221731183,0.0019951196815335432
-2.7197499145240456,0.08487329339035074,199.18865815612526,0.00213427796451516,0.001956483069005855
-2.6697528805076955,0.084982430354615959,199.23865530927688,0.0022311306958953691,0.0019178468430671521
-2.6197558571850807,0.085096361378172058,199.28865246242853,0.0023260517355920005,0.0018792110016398913
-2.5697588447869251,0.085214989881637865,199.33864961558015,0.0024190411027699356,0.0018405755423035518
-2.5197618435163034,0.085338219286609868,199.3886467687318,0.0025100988164653924,0.0018019404623008687
-2.4697648535497976,0.085465953015657986,199.43864392188345,0.0025992248955681628,0.0017633057585452134
-2.4197678750379823,0.085598094492321197,199.48864107503508,0.0026864193588054639,0.0017246714276274795
-2.3697709081056484,0.085734547141103068,199.53863822818673,0.0027716822247265652,0.0016860374658227489
-2.31977395285291,0.085875214387464038,199.58863538133835,0.002855013511686242,0.0016474038690976345
-2.2697770093551779,0.086019999657815635,199.63863253449,0.002936413237830515,0.0016087706331167656
-2.2197800776641916,0.086168806379510549,199.68862968764162,0.0030158814210809351,0.0015701377532500709
-2.1697831578083582,0.08632153798083407,199.73862684079327,0.0030934180791203935,0.0015315052245795421
-2.1197862497932434,0.086478097890994116,199.7886239939449,0.0031690232293789962,0.001492873041906103
-2.0697893536023177,0.086638389540109204,199.83862114709655,0.0032426968890198965,0.0014542411997566706
-2.0197924691974896,0.086802316359196566,199.88861830024817,0.0033144390749258218,0.0014156096923910691
-1.9697955965193563,0.086969781780160071,199.93861545339982,0.003384249803686326,0.001376978513808712
-1.9197987354884376,0.087140689235774255,199.98861260655147,0.0034521290915840021,0.0013383476577560399
-1.8698018860048604,0.087314942159672393,200.03860975970309,0.0035180769545832104,0.0012997171177327696
-1.8198050479496839,0.087492443986328605,200.08860691285474,0.0035820934083168761,0.001261086886999406
-1.769808221185039,0.087673098151042947,200.13860406600637,0.0036441784680752804,0.0012224569585838382
-1.7198114055546361,0.087856808089924521,200.18860121915802,0.0037043321487946253,0.0011838273252882162
-1.6698146008848727,0.088043477239871798,200.23859837230964,0.0037625544650452883,0.001145197979696296
-1.6198178069845819,0.088233009038556937,200.28859552546129,0.003818845431022021,0.0011065689141797287
-1.5698210236462939,0.088425306924404298,200.33859267861291,0.0038732050605327114,0.0010679401209055192
-1.5198242506464357,0.088620274336571575,200.38858983176456,0.0039256333669887332,0.0010293115918426671
-1.4698274877458464,0.088817814714929638,200.43858698491618,0.0039761303633952536,0.00099068331876904655
-1.4198307346906354,0.089017831500040348,200.48858413806784,0.0040246960623415472,0.00095205529327855145
-1.3698339912124895,0.089220228133135487,200.53858129121949,0.0040713304759922245,0.00091342750678781871
-1.3198372570293297,0.089424908056094321,200.58857844437111,0.0041160336160784494,0.00087479995054321315
-1.2698405318458512,0.08963177471142067,200.63857559752276,0.0041588054938896165,0.00083617261562772549
-1.2198438153540341,0.089840731542219776,200.68857275067438,0.0041996461202653936,0.0007975454929678525
-1.1698471072337773,0.090051681992173921,200.73856990382603,0.0042385555055880096,0.00075891857334056114
-1.1198504071535029,0.090264529505517943,200.78856705697766,0.004275533659774922,0.00072029184738023669
-1.0698537147704483,0.090479177527015425,200.83856421012931,0.0043105805922720487,0.00068166530558538808
-1.0198570297317664,0.090695529501931021,200.88856136328093,0.0043436963120467775,0.00064303893832597591
-0.96986035167142981,0.090913488876020743,200.93855851643258,0.0043748808275839704,0.00060441273584749635
-0.9198636802298028,0.091132959095422364,200.9885556695842,0.0044041341468686445,0.00056578668829258437
-0.8698670150073321,0.091353843606834503,201.03855282273585,0.0044314562774081323,0.00052716078567170786
-0.81987035562468824,0.09157604585722845,201.0885499758875,0.0044568472261917371,0.00048853501791611207
-0.76987370168516689,0.091799469297385777,201.13854712903913,0.0044803086115917552,0.00045041915285543813
-0.71987705279494685,0.092024019765078,201.18854428219078,0.0045019634562558086,0.00041582396841353877
-0.66988040858388509,0.092249609663800275,201.2385414353424,0.0045218886421653321,0.00038122886244686252
-0.61988376868177419,0.092476152516425242,201.28853858849405,0.0045400841731318238,0.00034663383046501831
-0.56988713271319646,0.092703561846033761,201.33853574164567,0.0045565500527409795,0.00031203886792271606
-0.51989050029851247,0.092931751175899135,201.38853289479732,0.004571286284349883,0.00027744397022510641
-0.46989387105399794,0.09316063402947522,201.43853004794894,0.004584292871084767,0.00024284913273253038
-0.41989724459204097,0.093390123930383942,201.4885272011006,0.0045955698158389466,0.00020825435076531415
-0.36990062052238259,0.093620134402398039,201.53852435425225,0.0046051171212707596,0.00017365961960928047
-0.31990399845161938,0.093850578969431719,201.58852150740387,0.0046129347898021741,0.00013906493452006151
-0.2699073779842584,0.09408137115552391,201.63851866055552,0.0046190228236172729,0.00010447029072848537
-0.21991075871290874,0.09431242448487169,201.68851581370714,0.0046233812246618796,6.987568343844324e-05
-0.16991414025913798,0.094543652481629575,201.73851296685879,0.00462600999463951,3.5281107859816364e-05
-0.11991752221337729,0.094774968670175236,201.78851012001041,0.0046269091350160342,6.8655917154757963e-07
-0.069920904175506601,0.095006286574909782,201.83850727316207,0.004626078647015433,-3.3907967445618373e-05
-0.01992428574549563,0.095237519720289265,201.88850442631369,0.0046235185316207102,-6.8502476810956646e-05
0.030072333476145737,0.095468581630810234,201.93850157946534,0.0046192287895740281,-0.00010309697373879618
0.080068953888238106,0.095699385830997297,201.98849873261696,0.0046132094213770479,-0.00013769146303377162
0.13006557588809381,0.095929845845387204,202.03849588576861,0.0046054604272915793,-0.00017228594948559268
