x,y
0.18006219987127889,0.096159875198515668
0.2300588262310885,0.096389387414903299
0.28005545535830678,0.096618296019042468
0.33005208764021321,0.096846514535381123
0.380048723460991,0.097073956488313073
0.43004536320044551,0.097300535402160618
0.48004200723404866,0.097526164801163259
0.53003865593226684,0.097750758209463759
0.58003530966026784,0.097974229151095535
0.63003196877733791,0.098196491149969298
0.6800286336263297,0.098417457729815985
0.73002530457389248,0.098637042414353643
0.78002198194902728,0.098855158727005871
0.83001866608322605,0.099071720191069537
0.88001535729996716,0.099286640329658435
0.93001205590398217,0.099499832665648436
0.98000876222148714,0.099711210721839416
1.0300054765357065,0.099920688020671944
1.0800021991362623,0.10012817808442917
1.1299989302995752,0.10033359443514522
1.1799956702912682,0.10053685059460782
1.2299924193657372,0.10073786008434911
1.2799891777657733,0.10093653642563705
1.3299859457219754,0.10113279313946649
1.3799827234524371,0.10132654374655177
1.4299795111622309,0.10151770176731886
1.4799763090430484,0.10170618072189871
1.5299731172725721,0.10189189413012011
1.5799699360142285,0.10207475551150416
1.6299667654165804,0.10225467838525841
1.6799636056129483,0.10243157627027198
1.7299604567210025,0.10260536268511128
1.7799573188422284,0.10277595114801596
1.8299541920615177,0.10294325517689562
1.8799510764468144,0.10310718828932747
1.9299479720483241,0.10326766400255324
1.9799448788986296,0.10342459583347963
2.0299417970116793,0.10357789729867546
2.07993872638272,0.10372748191437307
2.1299356669876692,0.10387326319646828
2.1799326187826646,0.10401515466052158
2.2299295817037046,0.1041530698217604
2.2799265556662034,0.10428692219508193
2.3299235405644008,0.1044166252950562
2.3799205362710301,0.10454209263593062
2.4299175426388899,0.10466323773163977
2.4799145594861121,0.10477997409577762
2.52991158663658,0.10489221524169981
2.5799086238622011,0.10499987468239695
2.6299056709111515,0.10510286593057419
2.6799027275358323,0.10520110249871496
2.7298997934355231,0.10529449789897372
2.7798968682966181,0.10538296564327077
2.8298939517779216,0.10546641924327504
2.8798910435120582,0.10554477221042077
2.9298881431054324,0.10561793805592176
2.9798852501373516,0.10568583029078554
3.0298823641596861,0.10574836242582922
3.0798794846967659,0.10580544797169665
3.1298766112444021,0.10585700043887533
3.1798737432698085,0.10590293333771562
3.2298708802109699,0.1059431601784505
3.2798680214763469,0.1059775944712162
3.3298651664442733,0.10600614972607421
3.3798623144625739,0.10602873945303425
3.4298594648480938,0.10604527716207837
3.4798566168864258,0.10605567636318625
3.5298537698310812,0.10605985056636134
3.5798509229033613,0.10605771328165869
3.6298480752918767,0.1060491780192134
3.6798452261519445,0.10603415828927064
3.7298423746053002,0.10601256760221664
3.7798395197394874,0.10598431946861117
3.8298366606075911,0.10594932739922089
3.8798337962276293,0.10590750490505432
3.9298309255822628,0.1058587654973978
3.9798280476181436,0.10580302268785298
4.0298251612456033,0.10574018998837548
4.0798222653382874,0.10567018091131461
4.129819358732469,0.1055929089694552
4.1798164402267934,0.10550828767605978
4.2298135085817652,0.10541623054491299
4.2798105625192804,0.10531665109036679
4.3298076007221926,0.10520946282738752
4.379804621833939,0.10509457927160379
4.429801624457907,0.10497191393935669
4.4797986071572105,0.10484138034775038
4.5297955684540652,0.10470289201470513
4.5797925068294463,0.10455636245901116
4.6297894207226005,0.10440170520038428
4.6797863085305238,0.10423883375952323
4.7297831686077219,0.10406766165816778
4.779779999265485,0.10388810241915962
4.8297767987717801,0.10370006956650309
4.8797735653503498,0.10350347662543
4.9297702971807862,0.10329823712246279
4.979766992397602,0.10308426458548277
5.0297636490901256,0.10286147254379695
5.0797602653018714,0.10262977452820871
5.1297568390301516,0.10238908407108877
5.1797533682243824,0.10213931470645506
5.2297498507887417,0.10188037997003183
5.2797462845801633,0.10161219339933356
5.3297426674168324,0.10133466853369202
5.3797389970380349,0.10104771891455937
5.4297352711646045,0.10075125808525184
5.4797314874579373,0.10044519959125647
5.5297276435295304,0.10012945698026202
5.5797237369407995,0.099803943802244346
5.6297197652060555,0.099468574157419609
5.6797157271120984,0.0991234527332535
5.7297116248315447,0.098769153595116121
5.7797074613641355,0.098406321774762898
5.8297032400400077,0.098035602299084812
5.879698964504529,0.097657640189839079
5.9296946386529932,0.097273080463844169
5.9796902666676672,0.096882568132474992
6.0296858529506805,0.096486748202013792
6.0796814021069903,0.096086265673688318
6.1296769189237583,0.095681765543789626
6.1796724083435146,0.095273892803886845
6.2296678754393104,0.094863292441069308
6.2796633253897793,0.094450609438224253
6.3296587634540451,0.094036488774344854
6.3796541949469692,0.093621575424856524
6.4296496252139317,0.09320651436196313
6.4796450596061135,0.092791950554996686
6.5296405034553304,0.09237852897077245
6.579635962049311,0.091966894573935157
6.6296314406064321,0.091557692327297921
6.679626944251063,0.09115156719215721
6.729622477988392,0.090749164128586288
6.779618046679504,0.090351128095695177
6.8296136550166455,0.089958104051849092
6.8796093074977964,0.089570736954847199
6.9296050084022713,0.089189671762040831
6.9796007617653144,0.088815553430399596
7.0295965713533679,0.088449026916506884
7.0795924406389483,0.088090737176485162
7.1295883727759852,0.087741329165838267
7.1795843705744593,0.087401447839212623
7.2295804364758336,0.087071738150059572
7.2795765725277031,0.086752845050203115
7.3295727803591992,0.086445413489296075
7.3795690611558289,0.086150088414166812
7.4295654156344959,0.085867514768044134
7.4795618440187068,0.085598337489654439
7.5295583460134194,0.085343201512187536
7.5795549207802493,0.085102751762119497
7.6295515669123297,0.084877633157890625
7.6795482824097308,0.084668490608426628
7.7295450646539434,0.084475969011503449
7.779541910383549,0.084300713251939455
7.8295388156687773,0.084143368199618263
7.8795357758868247,0.084004578707327512
7.9295327856969466,0.083884989608410787
7.9795298390154032,0.083785245714226339
8.0295269289906397,0.083705991811403105
8.0795240479782517,0.083647872658890121
8.1295211875163442,0.083611532984790571
8.1795183383002374,0.08359761748297552
8.2295154901580041,0.083606770809468878
8.2795126320253267,0.083639637578598422
8.3295097519206909,0.083696862358905208
8.3795068369206742,0.083779089668805345
8.42950387313482,0.083886963971996686
8.479500845681283,0.084021129672605471
8.5294977386615116,0.08418223111006333
8.5794945351358898,0.084370912553711819
8.6294912170987956,0.084587818197124673
8.6794877654539171,0.084833592152143006
8.7294841599893971,0.085108878442615374
8.7794803793534992,0.085414320997839951
8.8294764010693125,0.08575055798291159
8.8794722106313877,0.086117001641249691
8.9294678161828109,0.086510316827373257
8.9794632342849052,0.086926795041909186
9.029458486653553,0.087362728109711796
9.0794535993333465,0.087814408118597073
9.1294486018821868,0.088278127351437266
9.1794435264942216,0.088750178212224515
9.2294384072763282,0.089226853149402985
9.2794332793063479,0.089704444574266864
9.3294281779082517,0.090179244779799952
9.379423137769578,0.090647545857690678
9.4294181921373106,0.091105639617049053
9.4794133719902494,0.091549817505135078
9.5294087052138554,0.091976370531629242
9.5794042157749839,0.092381589197703243
9.6293999228956935,0.092761763431169958
9.679395840226789,0.093113182529004926
9.729391975020663,0.093432135108525036
9.7793883273033995,0.093714909068516414
9.8293848890461462,0.093957791561605539
9.8793816433360284,0.094157068979171935
9.9293785635461465,0.094309026950098934
9.9793756125048532,0.094409950354666108
10.02937274166503,0.094456123354888441
10.079369890272167,0.094443829442604932
10.129366984532707,0.094369351506626606
10.179363936781737,0.094228971920250537
10.229360644651178,0.094018972650447535
10.279356990237746,0.093735635390030866
10.329352839271895,0.093375241714108367
10.379348040287312,0.092934073262120526
10.429342423791612,0.09240841194675975
10.479335801438825,0.091794540191057108
10.529327965203827,0.091088741194918207
10.579318686559194,0.090287299232378382
10.629307715655498,0.089386499980825387
10.679294780504996,0.088382630883437827
10.729279586169833,0.087271981546052438
10.779261813955509,0.086050844169655694
10.829241120609872,0.084715514019683677
10.879217137529196,0.083262289933255684
10.929189469971648,0.08168747486546514
10.979157696279634,0.079987376475784952
11.02912136711128,0.078158307755639492
11.079080004683227,0.076196587698092885
11.129033102025069,0.074098542010607699
11.178980122246671,0.071860503871750747
11.228920497820376,0.069478814732627139
11.278853629878554,0.066949825163821086
11.328778887528763,0.064269895748472403
11.37869560718716,0.061435398022114895
11.428603091932651,0.058442715459728248
11.478500610882428,0.055288244510457843
11.528387398591438,0.051968395680258822
11.578262654476916,0.048479594662691326
11.628125542270073,0.044818283517933023
11.677975189496621,0.040980921899974578
11.727810686988047,0.036963988331829824
11.777631088425835,0.03276398152842936
11.827435409920035,0.028377421766798513
11.877222629624764,0.023800852302871434
11.926991684621031,0.019030812441248657
11.976741055498101,0.014059720073781255
12.026468246936851,0.0088715157481738995
12.076170431716552,0.0034490460923308612
12.125844526869416,-0.0022249190703677239
12.175487171800565,-0.0081676976815023613
12.225094705821437,-0.014396704579932576
12.274663145025393,-0.020929458648002892
12.324188158651314,-0.027783587821237982
12.373665044750194,-0.034976831748783854
12.423088705380499,-0.042527041923518527
12.472453621297214,-0.050452179047067183
12.521753826259777,-0.058770307395699405
12.570982881076157,-0.067499585933416276
12.620133847541226,-0.076658255907174511
12.669199262461893,-0.086264624649491042
12.718171112003818,-0.096337045308916541
12.767040806641255,-0.10689389222961461
12.815799157010387,-0.11795353170166574
12.864436351114691,-0.1295342878399573
12.912941933184896,-0.14165440332941134
12.961304784798797,-0.15433199486432506
13.009513108687596,-0.1675850031035635
13.057554415900817,-0.18143113707088693
13.105415516862623,-0.19588781295747543
13.153082517014287,-0.21097208740436618
13.200540817753277,-0.22670058544824317
13.247775123326738,-0.24308942341504414
13.294769454394403,-0.26015412719925524
13.341507168925828,-0.27790954650769184
13.387970991085087,-0.29636976581863561
13.434143048572277,-0.31554801292935547
13.480005346021654,-0.335455598532163
13.525549596356001,-0.35608051827208043
13.570778543131922,-0.3773880915134582
13.615696885864601,-0.39934297392524837
13.660310730952144,-0.42191027506352646
13.704627468570184,-0.44505565681081999
13.74865565242083,-0.46874541033205513
13.79240488399703,-0.49294651329786993
13.835885702643239,-0.51762666925842638
13.879109482309348,-0.54275433107646198
13.922088335573738,-0.56829871029559398
13.964835025239678,-0.59422977423881007
14.007362883580509,-0.620518232514225
14.049685739130107,-0.64713551446885276
14.091817850768749,-0.67405373897923493
14.133773848749646,-0.70124567781621139
14.175568682228935,-0.72868471366803345
14.217217572808906,-0.75634479376268637
14.25873597356598,-0.78420037989396629
14.300139533014994,-0.81222639553331288
14.341444063450188,-0.84039817059770605
14.382665513101236,-0.86869138434650672
14.42381994154559,-0.89708200679555838
14.464923497823742,-0.92554623896488675
14.505992400711081,-0.95406045221782065
14.547042920608625,-0.98260112690379531
14.588091362510273,-1.0111447904759285
14.629154049527656,-1.039667955245323
14.670247306426496,-1.0681470559036053
14.711387442651619,-1.0965583869630244
14.752590734268232,-1.1248780402446714
14.793873404344644,-1.1530818426420031
14.835251522459796,-1.1811454106091033
14.87673765684068,-1.2090490414476482
14.918339644082659,-1.2367796401979803
14.96006489416542,-1.2643244111084553
15.001920710012319,-1.2916703612141933
15.043914273202127,-1.3188042943001412
15.08605262871963,-1.3457128058283432
15.12834266871438,-1.3723822789567681
15.170791115232847,-1.3987988817782526
15.213404501953057,-1.4249485659503487
15.256189154833622,-1.4508170668145843
15.299151171774154,-1.4763899052184721
15.342296401258931,-1.5016523911717756
15.385630420040444,-1.5265896295155867
15.429158509921008,-1.5511865277744363
15.472885633711767,-1.5754278063620808
15.516816410472257,-1.5992980113096105
15.560955090158487,-1.6227815296787955
15.60530552783227,-1.6458626078130203
15.64987115761406,-1.6685253725654428
15.694654966587491,-1.6907538556240163
15.739659468894875,-1.7125320210304797
15.784886680289148,-1.733843795960079
15.830338093436458,-1.7546731047945816
15.87601465428782,-1.7750039064799046
15.921916739861679,-1.7948202351138556
15.968044137796046,-1.8141062436570345
16.014396028043848,-1.8328462506042502
16.060970967085268,-1.8510247893904781
16.107766875071839,-1.8686266602578954
16.154781026163931,-1.8856369841901226
16.202010042605465,-1.9020412585693918
16.249449851446638,-1.9178255398580637
16.297095051057426,-1.93297853164653
16.344939322119973,-1.947490702654765
16.39297617052965,-1.9613520762064747
16.441198916870512,-1.9745521611623056
16.489600660455981,-1.9870799572129487
16.53817424272092,-1.9989239612453045
16.586912209878232,-2.0100721750785326
16.635806774780505,-2.0205121148885761
16.684849777956675,-2.0302308226622876
16.734032647825856,-2.0392148800455074
16.783346360127823,-2.0474504249729701
16.832781396639895,-2.0549231714890643
16.882327703378671,-2.0616184332014589
16.931974648252837,-2.0675211507873263
16.981710978770352,-2.0726159240686362
17.031524779687548,-2.076887049073167
17.081403431328507,-2.0803185606006522
17.131333568763065,-2.0828942807307165
17.181301042553109,-2.0845978737357527
17.231290881564018,-2.0854129078002903
17.281287258677931,-2.0853229239110447
17.331273460038688,-2.0843115122004123
17.38123185886279,-2.0823623959418018
17.431143894700654,-2.0794595232705952
17.480990059201339,-2.0755871665641115
17.530749889465966,-2.07073002924295
17.580401970107012,-2.0648733595596216
17.629923945138479,-2.0580030707186374
17.679292540789653,-2.0501058664293339
17.728483600267474,-2.0411693707330989
17.777472131378321,-2.031182260677733
17.826232853790792,-2.0201364815810847
17.874743889282222,-2.0080410782084259
17.922985634244153,-1.9949126597363782
17.97093916052663,-1.9807676074991261
18.018586144962892,-1.9656219880542516
18.065908807959939,-1.9494915173999814
18.112889851975009,-1.932391532190497
18.159512400445731,-1.914336967352928
18.205759937391107,-1.8953423396156848
18.251616247950793,-1.8754217364539008
18.297065360044307,-1.8545888100030956
18.342091487259754,-1.8328567755449496
18.386678973151295,-1.810238414160241
18.430812236840246,-1.7867460793092573
18.474475720157507,-1.7623917069693165
18.517653836209181,-1.7371868291653572
18.560330919435202,-1.7111425906783106
18.60249117716241,-1.6842697687881749
18.644118642658054,-1.656578795948856
18.68519712975678,-1.6280797852895277
18.725710188966435,-1.5987825589940956
18.76564106530229,-1.5686966794239126
18.804972657754639,-1.5378314831265656
18.84368748059735,-1.5061961177151326
18.881767626650863,-1.4737995817119058
18.919194732689398,-1.4406507674438764
18.955949947220834,-1.4067585070956603
18.992013900920064,-1.37213162203186
19.027366680050068,-1.3367789755048063
19.061987803269318,-1.3007095288538888
19.095856202263025,-1.263932401316805
19.128950206788645,-1.2264569334601423
19.161251169630638,-1.1882957967829122
19.192757128410424,-1.1494756612265649
19.223472435823744,-1.110026933562372
19.253403192752106,-1.0699796378813049
19.282557109402429,-1.0293632728128805
19.310943362911555,-0.98820668881045881
19.33857245405023,-0.94653798490892105
19.365456065584684,-0.90438442420514475
19.39160692445866,-0.86177236698126025
19.417038669558096,-0.81872722015671662
19.441765726438401,-0.77527340160082925
19.465803190039026,-0.73143431775532342
19.48916671609085,-0.68723235299581809
19.5118724216434,-0.64268886918780521
19.533936794903127,-0.59782421395751439
19.555376657554262,-0.55265775645797466
19.576220667721138,-0.50721317686221623
19.59652540523135,-0.46152502597325307
19.616352517180321,-0.41562751803641462
19.635764561690426,-0.36955286766041856
19.654824726158864,-0.32333149323987032
19.673596596191313,-0.27699224601481248
19.692143968595442,-0.23056265728035449
19.710530701047325,-0.18406919763279703
19.728820590634001,-0.13753754336128357
19.747077273358208,-0.090992846000214095
19.765364136672439,-0.044460001902890747
19.783744237296716,0.0020360809529946025
19.80228021676081,0.048470221431745904
19.821034207394188,0.094816711531812273
19.840067721827197,0.1410490733151753
19.859441446203746,0.18713986086943429
19.879201059522348,0.23306651530129707
19.899360913852309,0.27881888400417482
19.919931352139017,0.32438811758316943
19.940922826291388,0.36976492830239438
19.962345892466651,0.4149395680299745
19.984211204327384,0.45990180569945033
20.006529504095774,0.50464090437632447
20.029311611226802,0.54914559806841334
20.052568408443356,0.59340406832143022
20.076310824990799,0.63740392092755638
20.100549816811075,0.68113216281961164
20.12529634342653,0.7245751794615809
20.150561341275946,0.76771871300645989
20.176355693253001,0.81054784155830772
20.202690194200226,0.85304695992529367
20.229575512120721,0.89519976230307585
20.257022144889834,0.93698922738774071
20.285040372274622,0.9783976064737655
20.313640203109902,1.0194064151549376
20.342831317529722,1.0599964293029729
20.372623004220316,1.1001476860556496
20.403024092741827,1.1398394905951401
20.434042881065039,1.1790504295379951
20.465687058584248,1.2177583917844048
20.497963625017697,1.2559405977036224
20.530878805704091,1.2935736374560241
20.564437964076966,1.3306335193425527
20.598645512154985,1.3670957288529235
20.633504820165019,1.4029352990886204
20.669018126573185,1.4381268930492854
20.705186449969862,1.4726448980688314
20.742009233021786,1.5064638327642235
20.779474233984754,1.5395699302625976
20.817555439185298,1.5719653773616602
20.856226391102375,1.603654552430537
20.895461198139834,1.6346429270111202
20.935234606617176,1.6649369603849029
20.975522059758145,1.6945439960290072
21.0162997445501,1.7234721611620325
21.057544627427912,1.7517302703282081
21.099234479826876,1.7793277337709159
21.141347894667007,1.8062744711393435
21.183864294803783,1.8325808308794738
21.226763934471009,1.8582575155201035
21.270027894683857,1.8833155129265011
21.313638073511903,1.9077660334869022
21.357577172059344,1.9316204531076893
21.401828676918456,1.9548902618261046
21.446376839783277,1.9775870177960753
21.491206654837896,1.9997223063674141
21.536303834458934,2.021307703953652
21.581654783704433,2.0423547463709628
21.627246574000054,2.0628749013274312
21.673066916345558,2.0828795447312207
21.719104134409715,2.1023799405380266
21.765347137632098,2.1213872237809848
21.811785394695423,2.1399123865673251
21.85840890734778,2.1579662666955137
21.905208184950585,2.1755595387418412
21.952174219520064,2.1927027072545475
21.999298461734838,2.2094061019976161
22.046572834733897,2.2256797659150989
22.093990516983329,2.2415310242738098
22.141545768280416,2.2569646731590947
22.189232995930436,2.2719855994945277
22.237046718514396,2.2865988916738158
22.284981571194251,2.3008098290662202
22.33303231041485,2.3146238715370253
22.381193818070969,2.3280466490487637
22.429461105005977,2.3410839513471737
22.477829314065744,2.3537417178334619
22.526293722557657,2.3660260276131937
22.57484974421682,2.3779430897800622
22.623492930682595,2.3894992339603407
22.672218972511555,2.4007009011462741
22.721023699751292,2.4115546348425072
22.769903082101877,2.4220670725465339
22.818853228686329,2.4322449375796023
22.867870387480266,2.4420950312873404
22.916950944380005,2.4516242256115084
22.966091421948082,2.4608394560451834
23.015288477957935,2.4697477149950733
23.064538903583792,2.4783560455201998
23.113839621405578,2.4866715354768409
23.16318768319174,2.4947013120573724
23.212580267492008,2.5024525367227319
23.262014677060556,2.5099324005245469
23.311488336130019,2.5171481198118046
23.36099878755309,2.5241069323153549
23.410543689831169,2.5308160936031214
23.460120814043691,2.5372828738973241
23.509728040695038,2.5435145552449869
23.559363356491165,2.5495184290319326
23.609024802285845,2.5553022183494232
23.65870971628155,2.5608808780980614
23.708414961122173,2.566275451416633
23.758137610775147,2.5715072277832789
23.80787494654507,2.5765975433790937
23.857624430749965,2.5815677683896183
23.907383680046411,2.5864392959285918
23.957150438498047,2.5912335323501874
24.006922550467809,2.5959718887105754
24.056697933402781,2.6006757731360706
24.106474550582409,2.605366583854055
24.156250383823345,2.6100657026353073
24.206023406342368,2.6147944884165626
24.25579155562319,2.6195742708399097
24.305552706486448,2.6244263434808506
24.355304644352586,2.6293719565197295
24.405045038771263,2.6344323086225052
24.454771417271907,2.6396285377993296
24.504481139614214,2.6449817110170275
24.554171372522237,2.6505128123487696
24.603839065000461,2.6562427294540276
24.65348092434381,2.6621922381935867
24.703093392971965,2.6683819851989528
24.752672626232325,2.6748324682324305
24.80221447133647,2.6815640141949419
24.851714447611261,2.6885967546626661
24.901167728263079,2.6959505988617054
24.950569123873521,2.7036452040228305
24.999913067836687,2.7116999430915527
25.049193604052196,2.7201338698248114
25.098404376978909,2.7289656813159233
25.147538624487879,2.7382136780927677
25.196589208784889,2.7478955465196684
25.245548906355651,2.7580269430026023
25.294410188755368,2.7686227426908419
25.343164978416009,2.7796981656643798
25.391804606535906,2.7912688013733162
25.440319770709547,2.8033506183914239
25.488700489908293,2.8159599712843959
25.536936056737861,2.8291136041732772
25.58501498702234,2.8428286505223466
25.632924966744035,2.8571226285872786
25.680652796464617,2.8720134318875359
25.728184333418593,2.8875193139806439
25.775504431567111,2.9036588667315844
25.822596880011194,2.9204509911847856
25.869444340300298,2.937914860064526
25.916028283332555,2.9560698708547823
25.96232892672834,2.9749355883463213
26.00832517377405,2.9945316754950864
26.053994555273803,3.0148778114178389
26.099313175917075,3.0359935953705359
26.144255667059458,3.057898435620185
26.188795148124498,3.080611422248285
26.232903199148154,3.1041511831235087
26.276549847297556,3.1285357225704562
26.319703570477127,3.1537822426506406
26.362331321368401,3.1799069474747945
26.404398575402599,3.2069248315889385
26.445869406202597,3.2348494542201101
26.486706591916651,3.263692702025522
26.526871755558776,3.2934645439387009
26.566325541933129,3.3241727827156429
26.605027833665396,3.3558228079386034
26.64294713758694,3.3884068596295944
26.680085145996756,3.4218788140978935
26.716454207724425,3.4561848486163962
26.752070300824752,3.4912721053740308
26.786952609246427,3.5270890696639952
26.82112310146972,3.5635858659492108
26.854606123403439,3.6007144773556683
26.887428014835962,3.6384288960362112
26.919616755928732,3.6766852128849759
26.951201647771729,3.715441655429891
26.982213028952906,3.7546585825473069
27.012682028452257,3.7942984440943577
27.042640353930768,3.8343257127729169
27.072120113604186,3.8747067946377545
27.101153669315487,3.9154099237243507
27.129773518088825,3.9564050453555328
27.15801219930778,3.9976636918334818
27.18590222465884,4.0391588534504255
27.21347602808094,4.0808648470767475
27.240765933119928,4.1227571839976243
27.267804135286625,4.1648124381793172
27.294622697228409,4.2070081157325685
27.321253554738679,4.2493225260041054
27.347728531830356,4.2917346544517185
27.374079363284579,4.3342240372385534
27.400337723246629,4.3767706373071587
27.426535258575356,4.4193547215570579
27.452703625757856,4.4619567386450241
27.478874530275224,4.5045571968485136
27.505079767350068,4.5471365413811498
27.531351263016415,4.5896750305159522
27.557721113073381,4.6321526106766715
27.584217079108416,4.6745516321271099
27.610852395626384,4.7168632476402559
27.637637378164737,4.7590802730154449
27.664582364130975,4.8011953516692962
27.691697705111558,4.8432009461680039
27.718993758363947,4.8850893299652087
27.746480877462293,4.9268525794479086
27.77416940198966,4.9684825662791869
27.802069646276955,5.0099709501956369
27.830191887103371,5.0513091722884429
27.858546350321674,5.0924884488744349
27.887143196363418,5.1334997660497734
27.915992504586697,5.1743338750294852
27.945104256435705,5.2149812883817397
27.974488317391383,5.2554322772742355
28.004154417700917,5.2956768698540362
28.034112131887738,5.3357048508894787
28.06437085705565,5.3755057628051697
28.094939790017555,5.4150689082455017
28.125827903295679,5.4543833543025677
28.157043920059682,5.4934379385438081
28.188596288089652,5.5322212769724963
28.22049315287294,5.570721774047712
28.252742329967624,5.6089276348831305
28.285351276789569,5.6468268797317842
28.318327064004936,5.6844073608493044
28.351676346735616,5.7216567818096484
28.38540533580862,5.7585627193244644
28.41951976930519,5.7951126475917034
28.454024884684063,5.8312939651665996
28.488925391789632,5.8670940243320588
28.524225402524081,5.9025002076459243
28.559922578138544,5.9375059361410552
28.596002690126404,5.9721168644888696
28.632450414877074,6.0063404766132136
28.669250772777986,6.04018463865411
28.706389139311469,6.0736575636592285
28.743851253004941,6.1067677780801999
28.781623220394039,6.1395240900856223
28.819691518361626,6.1719355598565491
28.858042994065549,6.2040114718675294
28.896664862721575,6.2357613091870707
28.935544703478122,6.2671947297921555
28.974670453607708,6.2983215448737102
29.014030401223227,6.3291516990927832
29.053613176712876,6.3596952527352011
29.093407743068134,6.3899623656999438
29.133403385265851,6.4199632832510831
29.173589698846889,6.4497083234556323
29.213956577818958,6.479207866226516
29.254494201996771,6.5084723438885863
29.295193023877054,6.5375122331835671
29.336043755134053,6.5663380486317138
29.377037352807339,6.5949603371684304
29.418165005239317,6.6233896739744766
29.459418117835902,6.6516366594394647
29.50078829861534,6.6797119171339876
29.542267343711092,6.707626092813423
29.583847222696445,6.7353898542811503
29.625520063857675,6.7630138921255236
29.66727813937387,6.7905089212380547
29.70911385041358,6.8178856830636869
29.75101971214302,6.8451549485312722
29.792988360745234,6.872327487396519
29.835014538823803,6.8994109652282889
29.877096651395416,6.9264074511078224
29.919233485731166,6.9533184465009734
29.961423832985901,6.9801454685409556
30.003666488278132,7.0068900496468434
30.045960250761201,7.0335537371427135
30.088303923685654,7.0601380928774278
30.130696314452369,7.0866446928450424
30.173136234657925,7.1130751268066943
30.215622500121977,7.1394309979079305
30.258153930950531,7.1657139223247777
30.300729351503591,7.1919255288571478
30.343347590441333,7.2180674585776874
30.386007480720959,7.2441413644566932
30.428707859593722,7.2701489109938437
30.471447568592037,7.2960917738505486
30.514225453512122,7.3219716394862484
30.557040364388552,7.3477902047963664
30.599891155462,7.3735491767527241
30.642776685140223,7.3992502720463342
30.68569581595229,7.4248952167326143
30.728647414496717,7.4504857458792131
30.771630351383237,7.4760236032163396
30.814643501168529,7.5015105407896021
30.857685742286609,7.5269483186157302
30.900755956973072,7.5523387043405501
30.943853031184371,7.5776834728997953
30.986975854511684,7.6029844061824061
31.030123320090251,7.6282432926965988
31.073294324503269,7.6534619272381512
31.116487767682024,7.6786421105616158
31.159702552801019,7.7037856490536303
31.202937586169551,7.7288943544090181
31.246191777118909,7.7539700433089429
31.289464037886155,7.7790145371015997
31.332753283494458,7.8040296614851634
31.376058431628948,7.8290172461922127
31.419378402513164,7.8539791246783786
31.462712118777691,7.8789171338101589
31.506058505329133,7.9038331135563951
31.549416489216096,7.9287289066812399
31.592784999492888,7.9536063584388899
31.636162967089867,7.9784673162748856
31.679549324638028,8.0033136295038076
31.722943006380007,8.0281471490388316
31.766342947991625,8.0529697270721563
31.809748086446305,8.0777832167819135
31.853157359869577,8.1025894720350493
31.896569707392853,8.127390347091243
31.939984069006481,8.1521876963076352
31.983399385412842,8.1769833738445197
32.02681459787847,8.2017792333712567
32.070228648086989,8.2265771277731332
32.113640477991844,8.2513789088584026
32.157049029669452,8.2761864270655838
32.200453245173065,8.3010015311710053
32.243852066387504,8.3258260679964202
32.287244434884713,8.3506618821164196
32.330629291780554,8.3755108155657556
32.374005577593444,8.4003747075465078
32.417372232103865,8.4252553941345401
32.460728204107674,8.4501546907691285
32.504072760525574,8.4750738542188397
32.547405547663146,8.5000134780021046
32.590726233360144,8.5249741162890054
32.634034484734414,8.5499563226201349
32.677329968148356,8.5749606499151358
32.720612349175575,8.5999876504808519
32.763881292567824,8.6250378760193929
32.807136462221912,8.6501118776357444
32.850377521146719,8.6752102058450689
32.893604131430223,8.7003334105796952
32.936815954207155,8.7254820411960079
32.980012649626026,8.7506566464806426
33.023193876816848,8.775857774656652
33.066359293858568,8.8010859733891529
33.109508557747077,8.8263417897908631
33.152641324362669,8.8516257704269155
33.195757248438376,8.8769384613198046
33.238855983527728,8.90228040795356
33.281937181972985,8.9276521552777339
33.325000494873585,8.9530542477111457
33.368045572054278,8.9784872291449851
33.411072062033789,9.0039516429457631
33.454079611993194,9.0294480319576955
33.497067867745002,9.0549769385049785
33.540036473701605,9.08053890439332
33.582985072844437,9.106134470911341
33.62591330669288,9.1317641788314052
33.66882081527347,9.1574285684101557
33.711707237089257,9.1831281793885982
33.754572209089076,9.2088635509916941
33.797415366637011,9.2346352219275811
33.840236343482168,9.2604437303863882
33.883034771728425,9.2862896140386209
33.925810281804054,9.3121734100328819
33.968562502432015,9.3380956549934986
34.011291060599966,9.3640568850174208
34.053995581530458,9.390057635670729
34.096675688651366,9.4160984419846372
34.139331003566461,9.4421798384511479
34.18196114602604,9.4683023590180557
34.224565733897748,9.4944665370835626
34.267144383137492,9.5206729054903381
34.309696707760608,9.5469219965191261
34.35222231981308,9.5732143418817977
34.394720829342944,9.5995504727138901
34.437191844372016,9.625930919566704
34.479634970867366,9.6523562123986881
34.522049812713533,9.6788268805665059
34.564435971684404,9.7053434528153755
34.606793047415643,9.731906457268984
34.649120637377031,9.7585164214187508
34.691418336845302,9.7851738721126527
34.733685738876837,9.8118793355433045
34.775922434280687,9.838633337235537
34.818128011592151,9.8654364020335752
34.860302057045892,9.8922890540872466
34.902444154549897,9.9191918168379498
34.94455388565936,9.9461452130038328
34.986630829550819,9.9731497645643632
35.028674562996635,10.000205992744352
35.07068466033973,10.027314417997365
35.112660693468399,10.054475559988377
35.154602231791507,10.081689937575858
35.196508842216915,10.108958068795104
35.238380089116518,10.136280470832121
35.280215534317769,10.163657660013763
35.322014737061338,10.19109015177504
35.363777254014707,10.218578460662101
35.405502639197699,10.246123100276638
35.447190443994039,10.273724583275765
35.488840217120583,10.301383421343246
35.530451504605125,10.329100125165425
35.572023849765053,10.356875204406769
35.613556793185978,10.384709167684434
35.655049872700801,10.412602522542171
35.696502623369476,10.440555775423705
35.73791457745876,10.468569431645108
35.779285264422683,10.496643995366625
35.820614210883392,10.524779969563774
35.861900940612287,10.552977855997575
35.903144974511761,10.581238155184122
35.944345830597484,10.609561366363454
35.985503023980947,10.637947987467578
36.026616066852554,10.666398515087701
36.067684468465437,10.694913444440854
36.10870773511958,10.723493269335645
36.14968537014645,10.752138482137186
36.190616873894484,10.780849573731427
36.231501743714659,10.809627033488443
36.272339473955526,10.83847134923116
36.313129555916632,10.867383007173476
36.353871477886386,10.896362491916836
36.394564725096828,10.925410286386867
36.435208779720917,10.954526871798786
36.475803120862118,10.98371272761613
36.51634722454471,11.012968331508688
36.556840563704483,11.042294159309451
36.597282608180677,11.071690684971086
36.637672824708218,11.101158380521394
36.678010676910759,11.130697716017904
36.718295625294765,11.16030915950194
36.758527127243973,11.189993176951562
36.798704637014993,11.219750232233968
36.838827605733549,11.249580787056971
36.878895481391538,11.279485300919625
36.918907708845076,11.309464231062218
36.95886372981326,11.339518032415308
36.998762982878013,11.369647157548112
37.038604903484533,11.399852056615916
37.078388923943074,11.430133177306951
37.118114473431284,11.460490964788209
37.157780977997909,11.490925861650819
37.19738786056692,11.521438307854192
37.236934540943359,11.552028740669915
37.276420435819603,11.582697594624499
37.315844958782982,11.613445301441509
37.355207520324413,11.644272289983032
37.394507527848155,11.6751789861903
37.433744385682466,11.706165813023523
37.472917495091579,11.737233190401131
37.512026254288998,11.768381535138401
37.551070058451373,11.799611260884987
37.590048299734271,11.830922778062252
37.628960367288542,11.862316493799508
37.667805647278328,11.893792811869872
37.706583522900189,11.925352132625385
37.745293374403353,11.95699485293137
37.783934617752955,11.988721319110429
37.822507273298044,12.020531138442133
37.861011847279535,12.052423334411852
37.899448866806395,12.084396916171885
37.93781886652971,12.116450894726109
37.976122388504933,12.148584283020954
38.014359982054145,12.180796096032884
38.052532203628353,12.213085350852504
38.090639616670458,12.245451066765508
38.12868279147817,12.277892265330152
38.166662305067454,12.310407970451491
38.204578741036684,12.342997208452619
38.242432689430927,12.375659008142408
38.280224746607068,12.408392400880269
38.317955515099499,12.441196420637718
38.355625603486487,12.474070104056956
38.39323562625723,12.50701249050632
38.430786203679894,12.540022622132826
38.468277961670069,12.573099543911551
38.505711531660651,12.606242303692463
38.543087550472109,12.639449952244059
38.58040666018406,12.67272154329433
38.617669508007587,12.706056133568909
38.654876746158699,12.739452782826504
38.692029031732986,12.772910553891785
38.729127026580855,12.806428512685267
38.766171397184493,12.840005728251091
38.803162814535504,12.873641272781889
38.84010195401401,12.907334221641433
38.876989495268532,12.941083653384535
38.913826122097539,12.974888649774943
38.950612522331966,13.008748295800679
38.987349387721551,13.0426616796895
39.024037413808962,13.076627892909766
39.060677299832861,13.110646030194482
39.097269748603949,13.144715189537344
39.13381546639674,13.178834472199892
39.17031516283982,13.213002982714004
39.206769550807159,13.247219828882383
39.243179346311003,13.281484121777117
39.279545268394699,13.31579497573528
39.31586803902939,13.350151508355033
39.352148383010331,13.384552840488288
39.388387027854527,13.418998096231785
39.424584703692716,13.453486402909755
39.460742143199283,13.488016891089909
39.496860081450023,13.522588694527764
39.532939255854487,13.557200950179389
39.568980406053221,13.591852798177831
39.604984273823248,13.626543381814875
39.640951602985211,13.661271847521643
39.6768831393114,13.696037344847568
39.712779630435278,13.730839026438277
39.748641825762171,13.765676048012043
39.784470476381138,13.800547568335137
39.820266334978228,13.835452749195973
39.856030155750652,13.87039075537799
39.891762694322487,13.905360754631678
39.927464707661152,13.940361917645223
39.963136953995615,13.97539341801463
39.998780192734934,14.010454432212184
40.034395184388842,14.045544139554726
40.069982690488644,14.080661722170435
40.105543473509762,14.115806364965152
40.141077996680629,14.150977558649782
40.176582777710074,14.186178775472968
40.21205154391015,14.221416279496117
40.247477944532207,14.256696374661827
40.282855602506345,14.292025345623038
40.318178108196456,14.327409457144155
40.353439013220317,14.362854953375194
40.388631824337459,14.398368056982376
40.423749997408883,14.433954968119115
40.458786931433146,14.469621863220363
40.493735962671394,14.505374893610588
40.52859035883057,14.541220183869605
40.563343313396224,14.577163830024382
40.597987940027679,14.613211897450363
40.632517267089924,14.64937041852968
40.666924232313534,14.685645390026668
40.701201677599052,14.722042770165379
40.735342343983433,14.758568475392801
40.769338866785553,14.795228376809296
40.803183770952337,14.832028296250257
40.836869466626709,14.868974002001041
40.870388244962868,14.906071204129793
40.903732274215706,14.94332554942218
40.936893596133594,14.980742615903122
40.969864122686431,15.018327906931891
41.002635633163401,15.056086844858358
41.035199771677448,15.094024764229347
41.06754804511511,15.132146904536025
41.099671821574482,15.170458402496152
41.131562329334436,15.208964283866102
41.163210656402072,15.247669454782185
41.194607750686636,15.286578692633288
41.225744420849935,15.325696636470012
41.256611337884856,15.365027776960961
41.287199037475347,15.404576445911143
41.317497923189663,15.444346805359903
41.347498270568707,15.484342836294902
41.377190232139561,15.524568326982447
41.406563843444978,15.565026861003098
41.435609030100807,15.605721804986427
41.464315615952046,15.646656296127006
41.492673332364156,15.687833229531105
41.520671828689593,15.729255245461992
41.548300683944028,15.770924716558941
41.575549419718371,15.812843735112084
41.602407514345799,15.855014100483331
41.628864418332739,15.897437306770023
41.654909571053331,15.940114530816425
41.680532418694057,15.983046620682675
41.705722433423098,16.026234084686973
41.730469133745082,16.06967708114178
41.754762105987268,16.113375408908205
41.77859102684063,16.15732849888175
41.801945686889589,16.201535406570571
41.82481601499633,16.2459948058336
41.847192103453168,16.290704983959113
41.869064233723982,16.335663838113017
41.890422902692627,16.380868873402655
41.911258849186169,16.426317202523784
41.931563080596057,16.472005547073419
41.951326899464718,16.517930240726983
41.970541929775464,16.564087234206003
41.989199910719584,16.610472194516138
42.007291223445314,16.65708108169121
42.024805111372707,16.703909991170825
42.041730081337455,16.750954942075509
42.058053894193741,16.798211836079776
42.073763553544275,16.845676415307068
42.088845293865504,16.893344218493585
42.103284568384744,16.941210535079691
42.117066037104848,16.989270356896167
42.13017355542307,17.037518327127007
42.142590163849,17.085948686245999
42.154298079396362,17.134555214645577
42.165278689301324,17.18333117170414
42.175512547810136,17.232269231074753
42.18497937687674,17.281361412027362
42.193658071719994,17.330599006739419
42.201526712305302,17.379972503512064
42.208562581937606,17.429471505991252
42.214742194277058,17.479084648601553
42.220041330211401,17.528799508558542
42.224435086134669,17.578602515014701
42.227897935281547,17.6284788561209
42.2304038038423,17.678412385049494
42.23192616362072,17.72838552632976
42.23243814298494,17.778379184187102
42.231912657779453,17.828372654954766
42.230322563699957,17.878343546027793
42.227640831359949,17.928267704247471
42.223840744882871,17.978119156985432
42.218896124308387,18.027870069685061
42.212781571426099,18.077490723687511
42.205472742709048,18.126949519538105
42.196959499872854,18.176215308383622
42.187274288184021,18.225264235829798
42.176459651477934,18.274076649262728
42.164559743981513,18.322635971155268
42.151619847630762,18.370928641492121
42.137685930129315,18.418944015002523
42.122804249563472,18.466674222791166
42.107021008682302,18.514114007668407
42.090382059641925,18.561260541772054
42.072932658153945,18.608113234093096
42.05471726457742,18.654673534384845
42.0357793885183,18.700944738765052
42.016161472899803,18.746931801181208
41.995904813175308,18.792641153865475
41.975049507309848,18.83808053897797
41.953634432289654,18.883258852853025
41.931697243181908,18.928186003612257
41.909274391108156,18.972872782391274
41.886401156879977,19.017330748029849
41.863111697448041,19.061572124776795
41.839439102710827,19.105609712354809
41.815415460608293,19.149456807588876
41.791071928777257,19.193127136719898
41.766438811363557,19.236634797484388
41.74154563987279,19.279994210030768
41.716421257193026,19.323220075756325
41.691093904144786,19.366327343172699
41.665591308093319,19.409331179961882
41.639940773370036,19.452246950341749
41.614169273275571,19.495090197089748
41.588303543728543,19.537876627316695
41.562370086572678,19.580622045542452
41.536386765650597,19.623337172788798
41.510355982699636,19.666023393153008
41.484278527218933,19.708681116883426
41.458155194033765,19.751310760908314
41.431986783205303,19.79391274875211
41.405774099913693,19.836487510490603
41.379517954391936,19.879035482619674
41.353219161802492,19.921557108012692
41.326878542148719,19.96405283581759
41.300496920173401,20.006523121370673
41.274075125258541,20.048968426104999
41.247613991324371,20.091389217455824
41.221114356727732,20.1337859687637
41.194577064160114,20.176159159174532
41.168002960544918,20.218509273537336
41.141392896934306,20.260836802299394
41.114747728405575,20.303142241398817
41.088068313957187,20.345426092154543
41.061355516404085,20.387688861154327
41.034610202272923,20.429931060139911
41.007833241696801,20.472153205890102
40.981025508309592,20.514355820101589
40.954187879140129,20.556539429267421
40.927321234505825,20.59870456455355
40.900426457906399,20.640851761672955
40.873504435916828,20.682981560758186
40.846556058080751,20.725094506231265
40.819582216803006,20.767191146672332
40.792583807242309,20.80927203468605
40.765561727203789,20.851337726766229
40.738516877031302,20.893388783158809
40.711450159499506,20.935425767723061
40.684362479705904,20.977449247791405
40.657254744962998,21.019459794027181
40.630127864689868,21.061457980281592
40.602982750304143,21.103444383448643
40.575820315113674,21.145419583319111
40.548641474208139,21.187384162433101
40.52144714435078,21.22933870593133
40.494238243870001,21.271283801405275
40.467015692550881,21.313220038746444
40.439780411526826,21.355148009994412
40.412533323171182,21.397068309184021
40.385275350988749,21.438981532191697
40.358007419507587,21.480888276580963
40.330730454170464,21.522789141447326
40.303445381226794,21.564684727262389
40.276153127624085,21.606575635717551
40.248854620900055,21.648462469566908
40.221550789074222,21.690345832470204
40.194242560540076,21.732226328834919
40.166930863956779,21.774104563658486
40.139616628141503,21.815981142370017
40.112300781961402,21.857856670672046
40.084984254225937,21.89973175438227
40.057667973579143,21.941606999275077
40.030352868392157,21.983483010923337
40.003039866657616,22.025360394537365
39.975729895870209,22.067239754825568
39.948423882948902,22.109121695791835
39.921122754093766,22.151006820633494
39.893827434701279,22.192895731550482
39.866538849251867,22.234789029597689
39.83925791749077,22.276687312112937
39.811985184024081,22.318590931582118
39.784720503782928,22.360499791351025
39.757463657674059,22.402413746740361
39.730214426847873,22.444332653404931
39.702972592694557,22.486256367325733
39.675737936840001,22.528184744802104
39.648510241141899,22.570117642443993
39.621289287685741,22.612054917164052
39.594074858780736,22.653996426170249
39.566866736955923,22.695942026957773
39.539664704956152,22.737891577301678
39.512468545738109,22.779844935248978
39.485278042466291,22.821801959111284
39.458092978503537,22.863762507465552
39.430913137429137,22.905726439112549
39.403738303001681,22.947693613120332
39.37656825917724,22.989663888782768
39.349402790099759,23.031637125620552
39.322241680097186,23.073613183373684
39.295084713677447,23.115591921994078
39.267931675524501,23.157573201638105
39.240782350494072,23.199556882659703
39.213636523610575,23.241542825601616
39.186493980062245,23.283530891189393
39.159354505197527,23.325520940323674
39.132217884521062,23.367512834072784
39.105083903689774,23.409506433665562
39.077952348508951,23.451501600483944
39.050823004928262,23.493498196055828
39.023695659037877,23.535496082047729
38.996570097064442,23.577495120257659
38.969446105367247,23.619495172607927
38.942323470434275,23.661496101137871
38.915201978878308,23.703497767996712
38.888081417432936,23.745500035436436
38.860961572948817,23.787502765804568
38.833842232389564,23.829505821537229
38.806723182828037,23.871509065151798
38.779604211442127,23.913512359240272
38.752485105511596,23.955515566461131
38.725365652413522,23.997518549533293
38.698245639618698,24.039521171228607
38.671124854687704,24.081523294364896
38.644003085267052,24.123524781798988
38.616880119085408,24.165525496419452
38.589755743949674,24.207525301139825
38.562629747741255,24.24952405889135
38.535501918417687,24.291521632607516
38.508372043986675,24.333517885251382
38.481239912535571,24.375512679757119
38.454105312205378,24.417505879057174
38.426968031192551,24.459497346066811
38.399827857745073,24.501486943677282
38.37268458015884,24.543474534748526
38.345537986773863,24.585459982102485
38.31838786597045,24.627443148515908
38.291234006165453,24.669423896713635
38.264076195808627,24.711402089361375
38.236914223378804,24.753377589058953
38.209747877380238,24.795350258333144
38.18257694633887,24.837319959630946
38.155401218798559,24.879286555312479
38.128220483317548,24.921249907644
38.101034528464666,24.96320987879103
38.07384314281569,25.005166330811363
38.04664611494966,25.047119125648166
38.019443233445308,25.089068125122807
37.992234286877284,25.131013190928236
37.96501906381274,25.172954184621688
37.937797352807515,25.214890967617833
37.910568942402627,25.256823401181897
37.883333621120684,25.298751346422549
37.856091177462289,25.340674664284972
37.828841399902458,25.382593215543874
37.80158407688711,25.424506860796519
37.774318996829471,25.466415460455615
37.747045948106631,25.50831887474245
37.719764719055881,25.550216963679816
37.692475097971396,25.592109587084956
37.665176873100606,25.633996604562551
37.637869832640767,25.675877875497733
37.610553764735549,25.717753259048941
37.583228457471485,25.759622614140945
37.555893698874605,25.801485799457787
37.528549276907057,25.843342673435554
37.501194979463619,25.88519309425547
37.47383059436838,25.927036919836709
37.446455909371259,25.968874007829335
37.41907071214483,26.010704215607049
37.391674790280824,26.0525274002602
37.364267931286847,26.094343418588597
37.336849922583156,26.136152127094157
37.309420551499194,26.177953381974117
37.281979605270472,26.219747039113457
37.254526871035267,26.261532954077857
37.227062135831339,26.303310982106517
37.199585186592763,26.345080978104786
37.172095810146715,26.386842796636994
37.144593793210213,26.428596291919263
37.117078922387059,26.470341317811986
37.089550984164688,26.512077727812606
37.062009764910918,26.553805375048455
37.034455050870932,26.595524112269292
37.006886628164175,26.63723379183984
36.979304282781385,26.678934265732433
36.951707800581289,26.720625385519828
36.924096967287873,26.762307002367539
36.896471568487136,26.803978967026431
36.868831389624262,26.845641129825374
36.841176216000591,26.887293340663661
36.813505832770716,26.928935449003415
36.785820024939511,26.9705673038623
36.758118577359269,27.012188753805773
36.730401274726923,27.053799646939432
36.702667901581009,27.095399830901719
36.674918242298993,27.136989152856017
36.647152081094447,27.17856745948307
36.619369202014241,27.220134596973367
36.591569388935845,27.261690411019444
36.56375242556463,27.303234746807952
36.535918095431008,27.344767449012345
36.508066181888026,27.386288361784551
36.480196468108545,27.42779732874758
36.452308737082696,27.46929419298754
36.424402771615249,27.510778797045816
36.396478359085044,27.552250986118686
36.368535572123541,27.593710797264297
36.340574925856117,27.63515856615588
36.312596974079987,27.676594655528511
36.284602271231066,27.718019429549841
36.256591372344879,27.759433253764321
36.228564833017472,27.800836495037267
36.20052320936658,27.842229521498489
36.172467057992712,27.883612702485834
36.144396935940506,27.924986408488515
36.116313400660083,27.966351011089937
36.088217009968574,28.007706882910792
36.060108322011835,28.049054397551451
36.031987895226102,28.090393929534596
36.003856288300007,28.131725854247289
35.975714060136383,28.173050547883477
35.947561769808893,28.214368387394124
35.91939997654692,28.255679750395835
35.891229239663829,28.296985015162722
35.863050118542212,28.338284560534895
35.834863172590765,28.379578765868459
35.806668961206476,28.420868010977991
35.778468043739231,28.462152676075689
35.750260979453159,28.503433141715242
35.7220483274901,28.544709788733073
35.693830646833028,28.585982998189618
35.66560849626925,28.627253151311159
35.637382434353974,28.668520629431463
35.609153019373913,28.709785813933589
35.580920809310967,28.751049086191792
35.55268636180606,28.792310827513404
35.524450234123151,28.833571419080922
35.496212983113303,28.874831241894238
35.467975165178849,28.91609067671293
35.439737336237798,28.957350103998749
35.411500051688193,28.998609903858352
35.383263866372843,29.039870455985913
35.355029334543786,29.08113213960652
35.326797009827288,29.122395333419067
35.298567445188624,29.163660415540061
35.27034119289727,29.204927763447099
35.242118804492009,29.246197753922875
35.213900830746084,29.287470762999661
35.18568782163279,29.3287471659036
35.157480326290909,29.37002733699952
35.129278892990271,29.41131164973633
35.101084069097631,29.452600476592284
35.072896401042399,29.493894189020878
35.044716434282734,29.535193157396929
35.016544713271522,29.576497750963231
34.988381781422724,29.617808337777348
34.960228181076765,29.659125284660181
34.932084453469137,29.700448957140495
34.903951138695625,29.741779719405088
34.875828775684241,29.783117934239499
34.847717902139614,29.824463963010011
34.819619054544212,29.86581816556258
34.791532768102492,29.907180900206367
34.763459576713743,29.948552523655756
34.735400012939387,29.989933390981221
34.707354607970281,30.031323855560707
34.679323891594265,30.072724269031468
34.651308392163813,30.114134981242458
34.623308636563742,30.155556340207312
34.595325028917522,30.196988610183901
34.567354393069046,30.238429638676234
34.53938947827492,30.279874528145374
34.511422826100038,30.321318245226053
34.483446992205849,30.362755764718653
34.455454545328614,30.404182063016759
34.427438066228326,30.445592111658474
34.399390146740089,30.486980870827757
34.371303388863389,30.528343282921913
34.343170403906015,30.569674266182115
34.314983811785567,30.610968708257548
34.286736240356483,30.652221459919652
34.258420324942385,30.6934273286865
34.230028707960713,30.734581072547218
34.201554038748739,30.775677393653499
34.172988973526685,30.816710932098385
34.14432617560351,30.857676259658316
34.115558315772361,30.89856787360603
34.086678072952829,30.939380190543417
34.057678135089063,30.980107540276627
34.028551200324898,31.020744159738928
33.999289978477776,31.061284186969583
33.96988719283182,31.101721655160219
33.94033558227315,31.142050486780033
33.910627903788772,31.182264487795365
33.880756935352387,31.222357341999299
33.850715479219389,31.262322605471162
33.82049636565467,31.302153701186487
33.79009245711584,31.34184391380175
33.759496652914919,31.38138638464034
33.728701894380755,31.4207741069097
33.697701170544256,31.459999921181307
33.66648752436712,31.499056511169801
33.635054059534212,31.537936399849215
33.603393947827144,31.576631945948659
33.571500437096262,31.615135340872165
33.539366859844364,31.653438606090877
33.506986642433539,31.691533591059134
33.474353314923064,31.729411971708661
33.441460521542488,31.767065249577936
33.408302031799217,31.804484751636711
33.374871752215668,31.84166163086752
33.341163738684671,31.878586867668151
33.307172209422845,31.915251272143905
33.272891558520108,31.951645487331184
33.238316369985952,31.987759993491736
33.203441432365921,32.023585113420822
33.168261753765947,32.059111018955292
33.132772577295057,32.094327738669264
33.096969396836222,32.129225166838665
33.060847973070672,32.163793073723831
33.024404349668501,32.198021117215148
32.987634869546824,32.231898855879969
32.950536191087494,32.265415763439222
32.913105304196215,32.298561244690966
32.875339546075708,32.331324652886273
32.837236616576298,32.363695308548998
32.798794592980926,32.395662519714953
32.760011944074193,32.427215603550344
32.720887543341235,32.458343909290669
32.681420681138349,32.489036842423651
32.641611075679521,32.519283890017725
32.601458882668794,32.549074647090009
32.560964703468045,32.578398843846095
32.520130303393906,32.60724738943297
32.478964857292461,32.635621570102685
32.437481374293107,32.663528737353658
32.395692473059924,32.690976474914287
32.353610335382527,32.717972500961118
32.311246711992389,32.744524643455414
32.26861292974484,32.770640817514568
32.225719899938461,32.796329004764274
32.182578127582495,32.821597234593249
32.139197721439352,32.846453567226234
32.095588404685678,32.870906078527184
32.051759526052727,32.894962846441175
32.007720071322943,32.918631938982145
31.963478675073102,32.941921403675131
31.919043632569448,32.964839258361657
31.874422911731809,32.987393483280755
31.829624165096085,33.009592014340384
31.784654741714348,33.03144273749826
31.73952169894141,33.052953484175461
31.694231814066018,33.074132027630434
31.648791595749078,33.094986080227031
31.603207295256453,33.115523291527616
31.557484917427175,33.135751247170539
31.511630231397444,33.155677468462656
31.465648781086436,33.175309412633112
31.419545895343163,33.194654473745956
31.37332669790128,33.213719984170098
31.326996116950689,33.232513216654738
31.280558894529381,33.251041386898386
31.234019595597886,33.269311656648874
31.187382616861278,33.287331137291744
31.140652195339651,33.305106893917717
31.093832367019651,33.322645816507375
31.046926107515656,33.339952262549907
30.999935521415058,33.357028420945944
30.952862681581863,33.373876513799097
30.905709656810537,33.390498873867493
30.858478509585719,33.406897942490879
30.81117129399534,33.42307626732147
30.763790053618656,33.439036499931959
30.716336819548197,33.454781393254784
30.66881360847368,33.470313798888952
30.621222420853673,33.485636664276186
30.573565239177398,33.500753029756517
30.52584402631939,33.515666025513376
30.478060723990655,33.530378868418033
30.430217251288216,33.544894858783408
30.382315503345907,33.559217377037399
30.334357350087135,33.573349880325509
30.286344635080621,33.587295899053323
30.238279174500118,33.601059033378114
30.190162756190489,33.614642949658815
30.141997138814638,33.62805137688084
30.093784051170427,33.641288103039777
30.045525191498612,33.654356971542583
29.997222226989727,33.667261877576365
29.948876793339533,33.680006764494372
29.9004904944088,33.692595620211094
29.852064901974789,33.705032473616413
29.803601555571252,33.717321391016284
29.755101962414752,33.729466472606234
29.706567597412665,33.741471848984197
29.657999903249625,33.753341677708505
29.609400290548663,33.765080139906395
29.560769976180882,33.776690756221569
29.512108520002872,33.788170146657471
29.46341456777883,33.799510894381122
29.414686814701163,33.810705510598659
29.365924019908793,33.821746479596008
29.317125009146086,33.832626253989268
29.268288677567003,33.843337250191986
29.219413992690889,33.853871844102997
29.170499997516128,33.864222367019508
29.121545813797919,33.874381101782056
29.072550645495312,33.884340279159034
29.023513782392534,33.894092074480156
28.974434603899251,33.903628604529963
28.925312583033044,33.912941924713536
28.876147290588168,33.92202402650868
28.826938399491937,33.930866835220101
28.777685689350569,33.939462208052916
28.728389051185818,33.947801932524122
28.679048492359769,33.955877725232853
28.629664141687787,33.963681231011194
28.580236254735308,33.971204022479313
28.5307652192934,33.97843760003007
28.481251561027001,33.985373392269743
28.431695949286727,33.992002756942902
28.382099203073643,33.99831698237076
28.332462297143934,34.004307289433392
28.282786368237762,34.009964834127452
28.233072721414171,34.015280710731439
28.18332283647068,34.020245955611429
28.133538374422944,34.024851551700429
28.083721184017222,34.029088433684329
28.033873308243521,34.032947493927139
27.983997091456423,34.036421087695658
27.93409588387021,34.039515141293258
27.88417330652144,34.042242922136467
27.834232694549154,34.044617916866656
27.784277099148348,34.046653744157908
27.734309295318067,34.048364135300389
27.684331790443469,34.049762916217489
27.634346833603839,34.050863990916909
27.584356425503792,34.051681326361944
27.534362328932843,34.052228938737919
27.484366079664547,34.052520881078095
27.434368997715275,34.052571232204855
27.384372198889778,34.052394086934434
27.334376606547796,34.052003547487587
27.284382963535087,34.051413716043406
27.234391844227773,34.050638688370043
27.184403666644428,34.049692548462964
27.134418704595912,34.048589364119216
27.084437099832343,34.047343183375055
27.034458874169662,34.045968031733373
26.984483941572659,34.044477910106963
26.93451212017996,34.042886793403973
26.884543144259936,34.041208629682259
26.834576676089995,34.039457339799696
26.784612317755556,34.03764681748882
26.734649622867078,34.035790929784639
26.68468810819617,34.033903517735645
26.634727265233984,34.031998397328863
26.584766571675114,34.030089360560922
26.534805502832629,34.028190176587941
26.484843588248733,34.026313382207427
26.43488068315499,34.024463145047129
26.384916778231197,34.022640107785328
26.334951865572439,34.020844903020034
26.284985938242514,34.01907816586187
26.235018990297707,34.017340534109316
26.185051016811357,34.015632648424877
26.135082013899204,34.013955152511883
26.085111978745527,34.012308693292589
26.035140909630442,34.010693921087167
25.985168805957997,34.009111489794151
25.935195668285257,34.007562057072235
25.8852214983525,34.006046284523627
25.835246299114328,34.004564837879009
25.785270074772022,34.003118387184408
25.735292830807079,34.001707606989918
25.685314574010558,34.000333176540494
25.63533531253886,33.998995779969427
25.58535505593353,33.997696106493379
25.535373815136499,33.996434850609724
25.485391602586834,33.99521271229856
25.43540843222166,33.994030397225075
25.385424319529498,33.992888616946132
25.335439281594642,33.991788089119744
25.285453337143622,33.990729537717698
25.235466506583005,33.989713693241562
25.185478812089546,33.98874129294316
25.135490277601281,33.98781308104688
25.085500928911554,33.986929808977806
25.03551079371454,33.986092235593112
24.985519901662919,33.985301127417806
24.935528284427868,33.98455725888499
24.885536000025571,33.9838596375496
24.835543272106552,33.983194479858625
24.78555037223602,33.982542341553696
24.735557558012761,33.981883686432823
24.685565095486979,33.981198919570005
24.635573282139926,33.980468397015684
24.585582470017481,33.979672435841806
24.535593089013506,33.978791324712809
24.485605670099385,33.977805335161136
24.435620868614517,33.976694733751145
24.385639487384466,33.975439795306457
24.335662499652031,33.974020817375624
24.285691071701166,33.972418136103109
24.235726585062757,33.970612143663352
24.185770658178331,33.968583307405019
24.135825167382002,33.966312190837797
24.085892267048397,33.963779476576569
24.035974408739822,33.960965991337424
23.986074359172097,33.95785273305502
23.936195216805704,33.954420900163413
23.88634042685797,33.950651923050387
23.836513794522304,33.946527497659723
23.786719496174157,33.942029621177603
23.736962088339631,33.937140629696231
23.687246514204126,33.931843237703603
23.637578107442863,33.926120579200656
23.587962593166715,33.919956250199164
23.538406085792207,33.913334352304396
23.488915083667237,33.906239537038871
23.439496460308604,33.898657050516967
23.390157452177334,33.890572778043008
23.340905642846057,33.881973288087323
23.291749078745006,33.872845158506976
23.242696726892358,33.86317274050149
23.193758358206154,33.852939306332395
23.144944535015131,33.84212746868274
23.096266679189533,33.830719163775569
23.047737145819141,33.818695637553475
22.999369302700437,33.806037435711403
22.951177615844415,33.792724398532201
22.903177741143448,33.778735661651467
22.855386622231453,33.764049664075358
22.807822594431219,33.748644164992704
22.760505494495707,33.732496271159164
22.713456775607366,33.715582476883085
22.666699626790631,33.697878718904498
22.620259095506398,33.679360448719983
22.574162211721127,33.660002725154115
22.528438111168761,33.639780330192167
22.483118154841534,33.618667911242277
22.438236040954042,33.596640153054416
22.393827904729026,33.573671982444445
22.349932400368768,33.549738808702401
22.306590758534952,33.524816802045763
22.263846811616094,33.4988832116452
22.221746978093634,33.471916723539387
22.180340196532232,33.443897857110471
22.139677799256244,33.414809396676866
22.099813315798055,33.384636852176413
22.060802196898535,33.353368939911888
22.022701451391463,33.320998071036442
21.98556919086856,33.287520832076794
21.949464080695833,33.252938438624227
21.914444610998519,33.217257226417061
21.880556308384755,33.180499956009172
21.847818888461617,33.142713969703252
21.81624761910555,33.103948270413262
21.785856474153046,33.06425056932806
21.75665838625368,33.023667258794092
21.728665481769092,32.982243418005353
21.701889296531409,32.940022846798598
21.676340971867088,32.897048123264121
21.652031430739239,32.853360681352967
21.628971534164371,32.809000905134134
21.607172218243271,32.7640082368099
21.586644612228767,32.718421296013794
21.567400138056634,32.67227800828433
21.549450591705821,32.625615740920281
21.532808206645633,32.578471444674797
21.517485699484418,32.530881799934981
21.503496297768447,32.482883366159449
21.490853749701124,32.43451273340726
21.479572315374163,32.385806674794452
21.469666738925284,32.336802298620078
21.461152200911179,32.287537198897077
21.454044250008799,32.238049602561404
21.448358713169629,32.188378511811663
21.444111583255047,32.138563839322934
21.441318883298994,32.088646534027568
21.439996506678089,32.038668694676865
21.44016003274249,31.98867366804928
21.441824517855231,31.93870612833723
21.445004262327945,31.888812133792733
21.449712554421549,31.839039156737691
21.455961393432993,31.789436082501492
21.463754281661178,31.740052025495885
21.473064419346276,31.69093133293304
21.483857228125615,31.642114912631545
21.49609841465907,31.593641342025528
21.509754227210173,31.545547079219148
21.52479166528077,31.49786668529412
21.541178646330899,31.450633052442907
21.558884133777703,31.403877633735942
21.577878230449215,31.357630671322145
21.598132241488141,31.311921420706014
21.619618710337139,31.266778369587875
21.642311431160479,31.222229450083965
21.66618544045226,31.178302243990167
21.691216990335256,31.135024180651271
21.71738350542439,31.092422727616
21.744663524812353,31.050525574151294
21.773036630261352,31.009360807863352
21.802483361307004,30.968957084625806
21.832985117611145,30.929343791937665
21.864524048561986,30.890551205683824
21.897082929813227,30.852610640057939
21.930645026180787,30.815554590127302
21.965193940081548,30.77941686617277
22.000713444511245,30.744232718516447
22.037187299427515,30.710038951054397
22.074599050345896,30.676874021137529
22.112931807987323,30.64477812278912
22.152168007963727,30.613793249516608
22.19228914978013,30.583963232177052
22.233275514904602,30.555333746509397
22.275105864349026,30.527952284084858
22.31775711412017,30.501868074467403
22.361198823739024,30.477122721828803
22.405383136948732,30.453729002440415
22.450258981445735,30.431690770921545
22.495775613188069,30.411008241219118
22.541882981596508,30.391678282017388
22.588532043749812,30.37369473910325
22.635675026003334,30.357048773815567
22.683265633595919,30.341729207698943
22.731259210435141,30.327722864820739
22.779612852470336,30.315014904690052
22.828285478996058,30.303589140199733
22.87723786654519,30.29342833650955
22.926432650436016,30.284514488053613
22.975834298810124,30.276829072063702
23.025409063849629,30.270353277953507
23.075124914475534,30.265068212705437
23.12495145439059,30.260955083012561
23.17485982885016,30.257995355379048
23.224822623053626,30.256170895692122
23.274813754571593,30.25546408997122
23.324808361773645,30.255857948096686
23.374782689807386,30.257336192342621
23.424713975306421,30.259883332504081
23.474580330672367,30.263484729333353
23.524360628504798,30.268126647898253
23.574034386434274,30.273796302348511
23.623581652524269,30.280481893455349
23.672982891059071,30.288172640140001
23.722218868519672,30.29685880608519
23.771270539224748,30.306531722362841
23.820118930271818,30.317183806927076
23.868745648936038,30.328806041179195
23.917138343728666,30.341367392239817
23.965289858244212,30.354823934886493
24.013195791973491,30.36913039366177
24.060854376535389,30.384240614477047
24.108266344338187,30.400107900256575
24.155434774095813,30.416685306991582
24.202364920198431,30.433925898507539
24.24906403224211,30.451782959886266
24.295541170168875,30.470210170796985
24.341807019540774,30.489161740977444
24.38787371053774,30.508592510791463
24.433754643380265,30.528458020212369
24.479464322068811,30.548714549786393
24.525018197622266,30.56931913716544
24.570432521394888,30.590229572706907
24.615724208555257,30.611404377460705
24.660910711415038,30.632802766632786
24.706009901989813,30.654384601357798
24.751039962947758,30.676110331352326
24.796019285942002,30.697940930769377
24.840966376218603,30.719837829346226
24.88589976233305,30.741762840737433
24.930837909788238,30.763678089758486
24.975799137416498,30.785545940133538
25.020801535364267,30.80732892424292
25.065862883597426,30.828989676302538
25.111000569921597,30.850490870370571
25.156231506648709,30.871795164586125
25.201572045037807,30.892865152997643
25.247037887050791,30.913663326492586
25.292643993786129,30.934152044210645
25.338404264891228,30.954294033030958
25.384329672977003,30.974056543572466
25.430429479845944,30.993408683812003
25.476712421113159,31.012318581333425
25.523186667009725,31.030753234357029
25.569859758193129,31.048678393196468
25.616738527506673,31.066058445710421
25.663829006278991,31.082856307941544
25.711136313745588,31.099033321698812
25.758664528123624,31.114549161446671
25.806416537909314,31.129361753569913
25.854393872098886,31.143427211883282
25.902596508296106,31.156699794148629
25.951022658101564,31.169131885338963
25.999668529829702,31.180674014421772
26.048528069519449,31.191274912478416
26.097592682449296,31.200881620960399
26.146850938974591,31.209439659701385
26.196288270528051,31.216893264818335
26.245886664030465,31.223185706657368
26.295624365736966,31.228259697257183
26.34547560855675,31.232057895166335
26.39541037993742,31.234523512615951
26.445394250185227,31.235601025807778
26.495388283180784,31.235236983317648
26.545349052332028,31.233380900385566
26.595228783726224,31.229986218452741
26.644975645281789,31.225011300292074
26.694534194901124,31.218420422352054
26.743846029025129,31.210184921233722
26.792855302969471,31.200306726656716
26.841516505584565,31.188835588471729
26.889789061293307,31.175825167015759
26.937636039604818,31.161327323079064
26.985023696970952,31.145391830256447
27.031921030908162,31.128066173914867
27.078299353117146,31.109395422370486
27.12413188551961,31.089422157209306
27.16939338096542,31.068186451273764
27.214059768756226,31.04572588449944
27.258107823981003,31.02207558940982
27.301514858878427,30.99726831959353
27.344258433937391,30.971334535868191
27.386316086192284,30.944302506042725
27.427665071938968,30.916198415335398
27.468282494327674,30.887046995116719
27.508151715437801,30.856880282275252
27.54726297975343,30.82573707170933
27.585608493894934,30.793655657458835
27.6231820662655,30.760673433552967
27.659978916124274,30.72682676605513
27.695995486150956,30.692150893430632
27.73122926072849,30.656679852430688
27.765678591538162,30.620446426610368
27.799342531504713,30.583482114636634
27.832220677650746,30.545817115664516
27.864313023019665,30.507480329241648
27.895619817498481,30.468499367420311
27.926141437107844,30.428900576997556
27.955878261118656,30.388709070053011
27.984830556192207,30.347948761202943
28.012998208925548,30.306642304302724
28.040377686044934,30.264809243029582
28.066962699038442,30.222466846916969
28.09274728669525,30.179632315192897
28.117725910762541,30.136322835268182
28.14189343120222,30.092555560900923
28.165245080946207,30.048347592923186
28.187776440398775,30.003715962447469
28.209483411822063,29.958677616636528
28.230362193877081,29.913249406816206
28.250409256448751,29.867448078929804
28.269621315901642,29.821290266271234
28.287995310930661,29.774792484347422
28.305528379119117,29.727971127791839
28.32221783431622,29.680842469216447
28.338061144930705,29.633422659890893
28.35305587320077,29.585727719821165
28.367199171506822,29.53777340272709
28.380487945578061,29.489575289711091
28.392919220053237,29.441148920825775
28.404490136056367,29.392509802426982
28.415197941728309,29.343673412783517
28.425039983871894,29.294655208469077
28.434013700748611,29.24547063144712
28.442116616060723,29.196135116757546
28.449346334148988,29.146664100714492
28.455700536432662,29.09707302952518
28.461176979115312,29.04737736823715
28.465773492177028,28.997592609922446
28.469487979670706,28.947734285005676
28.472318421337064,28.897817970642055
28.474262875550188,28.847859300049929
28.475322168385905,28.79787401445223
28.475516290326404,28.747877841664348
28.474873887195916,28.697885379041949
28.473424069266823,28.647909775656615
28.47119622618904,28.597962769822804
28.468219890408037,28.548054737131967
28.46452461759381,28.498194745836567
28.460139883718067,28.448390617552651
28.455094998142503,28.398648991473191
28.449419031885025,28.348975390546666
28.443140760090504,28.299374288243946
28.436288617666705,28.249849174868579
28.428890667005817,28.200402622470342
28.420974576725577,28.151036347672719
28.412567610399158,28.101751271873365
28.403696624302402,28.052547578426513
28.394388341248366,28.003424715128972
28.384670473428702,27.954381215913315
28.374571004983366,27.905414856879723
28.364117815660975,27.85652277068672
28.35333866165232,27.807701498205837
28.342261163564118,27.758947039320265
28.330912800847575,27.710254902632993
28.319320912065365,27.661620153924172
28.307512700392035,27.613037463273287
28.295515243761695,27.564501150830054
28.283355509098662,27.51600523127642
28.271060370090545,27.467543457072559
28.258656627987012,27.419109360622656
28.246171034929791,27.370696295532909
28.233630319338328,27.322297477163175
28.221061212890909,27.273906022697954
28.208487086689249,27.225515872114784
28.195914506450194,27.177125319845185
28.183344828625231,27.128734013585653
28.170779410455815,27.080341601088186
28.158219611161034,27.031947729974064
28.145666791549541,26.983552047957513
28.133122313629325,26.935154203070198
28.120587540215482,26.886753843886215
28.10806383453631,26.838350619747228
28.095552559837873,26.789944180987504
28.083055078987481,26.741534179158997
28.070572754076164,26.693120267255637
28.058106946020416,26.644702099936893
28.045659014163604,26.596279333750275
28.033230315877123,26.547851627352465
28.020822206160645,26.499418641724763
28.008435647257098,26.450980140088795
27.996069794914735,26.402536348086915
27.98372328379882,26.354087623071376
27.971394749431866,26.305634320427586
27.959082828184084,26.257176793706357
27.946786157210042,26.20871539476456
27.93450337438474,26.160250473905652
27.922233118238914,26.111782380019715
27.909974027893785,26.063311460723401
27.897724742995294,26.014838062499638
27.885483903647739,25.966362530836903
27.873250150347086,25.917885210368407
27.861022123913866,25.869406445011219
27.848798465425794,25.820926578105173
27.83657781615009,25.772445952551628
27.82435881747562,25.723964910952109
27.812140320720783,25.675483742849075
27.799922087499592,25.627002508336162
27.787704126154761,25.578521205302525
27.775486445036705,25.53003983164874
27.763269052495193,25.481558385272365
27.751051956880058,25.433076864071065
27.738835166541271,25.384595265942711
27.726618689828932,25.336113588785306
27.714402535093196,25.287631830496952
27.702186710684355,25.239149988975914
27.689971224952789,25.190668062120626
27.677756086248991,25.142186047829693
27.665541302923558,25.093703944001913
27.653326883327164,25.045221748536179
27.641112835810592,24.996739459331554
27.628899168724722,24.948257074287373
27.616685890420534,24.899774591303135
27.604473009249098,24.851292008278456
27.592260533561561,24.802809323113177
27.580048471709166,24.754326533707371
27.56783683204327,24.705843637961337
27.555625622915279,24.657360633775479
27.543414852676726,24.608877519050552
27.531204529679197,24.560394291687395
27.518994662274366,24.511910949587172
27.50678525881402,24.463427490651267
27.494576327649973,24.414943912781247
27.482367877134159,24.366460213878909
27.470159915618595,24.317976391846379
27.457952451455345,24.269492444586
27.445745492996569,24.221008370000323
27.43353904859449,24.172524165992161
27.421333126601407,24.12403983046466
27.409127735369697,24.075555361321175
27.396922883251801,24.027070756465395
27.38471857860025,23.978586013801216
27.372514829767582,23.930101131232817
27.360311645106467,23.881616106664733
27.348109032969624,23.83313093800178
27.335907001709803,23.784645623149025
27.323705559679844,23.736160160011838
27.311504715232648,23.687674546495941
27.299304476721158,23.639188780507386
27.287104852498391,23.590702859952451
27.274905850917431,23.542216782737867
27.262707480331365,23.493730546770539
27.250509749093393,23.445244149957841
27.238312665556737,23.396757590207443
27.226116238074678,23.348270865427317
27.213920475000528,23.299783973525795
27.201725384687688,23.251296912411611
27.189530975489571,23.202809679993852
27.17733725575965,23.154322274181915
27.165144233851411,23.105834692885548
27.152951918118426,23.057346934014962
27.140760316914296,23.008858995480693
27.128569438592656,22.960370875193693
27.116379291507172,22.911882571065238
27.10418988401155,22.863394081007019
27.092001224459537,22.814905402931153
27.079813321204917,22.766416534750178
27.067626182601508,22.717927474376985
27.055439817003133,22.669438219724853
27.043254232763683,22.620948768707571
27.031069438237051,22.572459119239305
27.018885441777169,22.523969269234613
27.006702251737988,22.475479216608552
26.994519876473483,22.426988959276535
26.982338324337665,22.378498495154489
26.970157603684552,22.330007822158787
26.95797772286819,22.281516938206213
26.945798690242626,22.233025841213962
26.933620514161959,22.184534529099821
26.921443202980267,22.136042999781971
26.909266765051658,22.08755125117904
26.897091208730252,22.03905928121014
26.884916542370199,21.990567087794922
26.872742774325612,21.942074668853451
26.860569912950677,21.893582022306379
26.848397966599521,21.845089146074734
26.836226943626322,21.796596038080107
26.824056852385247,21.74810269624459
26.811887701230461,21.69960911849083
26.799719498516158,21.651115302741914
26.787552252596473,21.602621246921455
26.775385971825607,21.554126948953648
26.763220664557707,21.50563240676318
26.75105633914696,21.457137618275326
26.73889300394751,21.408642581415815
26.726730667313504,21.360147294110948
26.714569337599084,21.311651754287617
26.702409023158399,21.263155959873274
26.690249732345546,21.214659908795873
26.678091473514641,21.166163598983943
26.665934255019771,21.117667028366618
26.653778085215027,21.069170194873621
26.641622972454464,21.020673096435221
26.629468925092102,20.972175730982215
26.617315951481977,20.9236780964461
26.605164059978136,20.875180190759131
26.593013258934008,20.826682011851744
26.580863556703815,20.778183557658327
26.568714961643433,20.729684826120479
26.556567482103965,20.681185815161527
26.544421126440344,20.632686522720846
26.532275903006386,20.584186946734118
26.520131820155918,20.535687085137678
26.507988886242693,20.487186935868515
26.49584710962046,20.438686496864253
26.48370649864291,20.390185766063187
26.471567061663709,20.341684741404197
26.45942880703646,20.293183420826828
26.447291743114754,20.244681802271323
26.435155878252132,20.196179883678603
26.423021220802084,20.147677662990198
26.410887779118049,20.099175138148311
26.398755561553429,20.05067230709588
26.386624576461585,20.002169167776518
26.374494832195815,19.953665718134502
26.362366337109346,19.90516195611475
26.350239099555338,19.856657879662759
26.338113127886274,19.808153486722286
26.325988430458523,19.75964877525351
26.313865015620223,19.711143743184721
26.301742891726835,19.662638388474399
26.289622067119364,19.614132709075001
26.277502535988866,19.565626706474674
26.265384251005301,19.517120392534284
26.253267157261469,19.468613781003867
26.241151199847408,19.420106885619493
26.229036323860132,19.371599720142605
26.216922474387843,19.323092298296764
26.204809596522921,19.274584633819728
26.192697635356627,19.226076740442405
26.180586535979973,19.177568631892413
26.168476243483788,19.12906032189434
26.156366702958664,19.08055182416981
26.144257859495074,19.032043152437801
26.132149658183344,18.983534320414844
26.120042044113717,18.935025341815209
26.107934962376319,18.886516230350956
26.095828358061258,18.838006999732372
26.083722176258576,18.789497663667898
26.071616362058332,18.740988235864542
26.05951086055061,18.692478730027997
26.047405616825515,18.643969159862735
26.035300575973238,18.595459539072309
26.023195683084065,18.546949881359538
26.011090883248407,18.49844020042671
25.998986121556808,18.449930509975662
25.986881343099977,18.401420823708062
25.974776492968846,18.352911155325653
25.962671516254549,18.30440151853033
25.950566358048469,18.25589192702444
25.93846096344226,18.20738239451083
25.926355277527861,18.158872934693157
25.914249245397539,18.110363561276081
25.902142812143932,18.061854287965442
25.890035922860012,18.013345128468369
25.877928522639152,17.964836096493528
25.865820556575166,17.916327205751401
25.853711969762315,17.867818469954383
25.841602707295301,17.819309902816901
25.829492714269374,17.770801518055833
25.817381935780247,17.722293329390428
25.805270316924222,17.673785350542726
25.793157802798188,17.625277595237641
25.78104433849958,17.576770077203133
25.768929869126492,17.528262810170411
25.756814339777673,17.479755807874213
25.744697695552553,17.431249084052943
25.732579881551239,17.38274265244878
25.720460842874576,17.334236526807942
25.708340524624177,17.285730720880949
25.696218871902424,17.237225248422693
25.684095829812524,17.18872012319272
25.671971343458491,17.140215358955317
25.659845357945201,17.091710969479781
25.647717818378442,17.04320696854063
25.635588669864909,16.994703369917779
25.623457857512214,16.946200187396663
25.61132532642895,16.897697434768446
25.599191021724728,16.849195125830349
25.587054888510153,16.80069327438569
25.574916871896875,16.75219189424406
25.56277691699766,16.703690999221717
25.550634968926321,16.655190603141463
25.53849097279786,16.606690719833146
25.526344873728409,16.558191363133702
25.514196616835296,16.509692546887294
25.502046147237063,16.461194284945577
25.489893410053504,16.412696591167926
25.477738350405691,16.364199479421604
25.465580913415998,16.315702963581845
25.45342104420811,16.267207057532143
25.441258687907116,16.218711775164504
25.429093789639456,16.170217130379513
25.416926294533035,16.121723137086612
25.404756147717173,16.0732298092042
25.392583294322673,16.024737160659875
25.38040767948187,15.976245205390679
25.368229248328657,15.927753957343262
25.356047945998444,15.87926343047396
25.343863717628299,15.830773638749092
25.331676508356892,15.782284596145194
25.319486263324595,15.733796316649105
25.307292927673455,15.685308814258246
25.295096446547248,15.636822102980689
25.282896765091522,15.588336196835446
25.270693828453624,15.539851109852675
25.258487581782738,15.491366856073864
25.246277970229883,15.442883449551877
25.234064938947999,15.39440090435132
25.221848433091942,15.345919234548687
25.209628397818545,15.297438454232546
25.197404778286614,15.248958577503643
25.185177519657014,15.200479618475185
25.172946567092652,15.152001591273059
25.160711865758554,15.103524510035925
25.148473360821892,15.055048388915516
25.136230997451982,15.006573242076673
25.12398472082036,14.958099083697649
25.111734476100811,14.909625927970323
25.099480208469416,14.861153789100344
25.087221863104546,14.812682681307262
25.074959385186933,14.764212618824788
25.062692719899722,14.715743615901001
25.050421812428475,14.667275686798501
25.038146607961234,14.618808845794616
25.025867051688522,14.570343107181536
25.01358308880344,14.521878485266534
25.00129466450166,14.473414994372233
24.989001723981492,14.424952648836724
24.976704212443899,14.376491463013695
24.964402075092554,14.3280314512727
24.95209525713387,14.27957262799937
24.939783703777081,14.231115007595587
24.927467360234221,14.182658604479574
24.915146171720185,14.134203433086157
24.90282008345282,14.085749507867034
24.890489040652906,14.037296843290829
24.878152988544233,13.988845453843386
24.865811872353628,13.940395354027839
24.853465637311,13.891946558364875
24.84111422864941,13.843499081392974
24.82875759160509,13.795052937668524
24.816395671417474,13.746608141765979
24.804028413329291,13.698164708278105
24.791655762586561,13.649722651816175
24.779277664438688,13.601281987010147
24.766894064138476,13.552842728508837
24.754504906941971,13.504404890979282
24.742110138109961,13.455968489112664
24.729709703982401,13.407533537332021
24.717303730536955,13.359100004075964
24.70489272277014,13.310667760606679
24.692477233724674,13.262236665704112
24.680057816415271,13.213806577992241
24.667635023832304,13.165377355957872
24.655209408945503,13.116948857969858
24.642781524707782,13.06852094229831
24.630351924059074,13.020093467133906
24.617921159930091,12.971666290606997
24.60548978524621,12.923239270806834
24.593058352931291,12.874812265800724
24.580627415911547,12.826385133653268
24.568197527119409,12.777957732445598
24.555769239497369,12.729529920294553
24.543343106001799,12.681101555371791
24.530919679606825,12.632672495923082
24.518499513308083,12.584242600287533
24.506083160126558,12.535811726916764
24.493671173112343,12.487379734394144
24.481264105348313,12.438946481453955
24.468862509953876,12.390511827000699
24.456466940088614,12.342075630128333
24.444077948955893,12.293637750139562
24.431696089806387,12.245198046564951
24.419321915941623,12.196756379182355
24.406955980717424,12.148312608036175
24.394598837547264,12.099866593456657
24.382251039905594,12.051418196079112
24.369913141331089,12.002967276863442
24.357585695429794,11.954513697113279
24.345269255878236,11.906057318495527
24.332964376426375,11.857598003059669
24.320671610900522,11.809135613257107
24.308391513206161,11.760670011960659
24.296124637330667,11.712201062484045
24.283871537345838,11.663728628601275
24.27163276741047,11.615252574566096
24.259408881772668,11.566772765131562
24.247200434772136,11.518289065569569
24.23500798084234,11.469801341690388
24.222832074512436,11.421309459862245
24.210673270409188,11.372813287030851
24.198532123258722,11.324312690739088
24.186409187888078,11.275807539146689
24.174305019226697,11.227297701049887
24.162220172307666,11.178783045901032
24.150155202268891,11.130263443828374
24.138110664354063,11.08173876565588
24.126087113913496,11.033208882922937
24.114085106404712,10.984673667904126
24.102105197392959,10.93613299362914
24.090147942551468,10.887586733902529
24.078213897661595,10.839034763323726
24.06630361861269,10.790476957306877
24.054417661401853,10.741913192100732
24.042556582133418,10.69334334480865
24.030720937018319,10.644767293408659
24.018911282373196,10.596184916773417
24.007128174619265,10.547596094690217
23.99537217028103,10.49900070788105
23.98364382598475,10.450398638022833
23.97194369845667,10.401789767767387
23.960272344521034,10.353173980761655
23.948630305785127,10.304551165325174
23.937016853845577,10.255921513963942
23.925429057213936,10.207285742751619
23.913863763931147,10.15864461533894
23.902317821407735,10.10999889089487
23.890788076544403,10.061349324732094
23.879271375846329,10.012696668928799
23.867764565533111,9.964041672951133
23.856264491645224,9.9153850842761546
23.84476800014782,9.8667276490154681
23.833271937032656,9.8180701125386705
23.821773148419158,9.7694132200973272
23.810268480655282,9.7207577174485706
23.798754780419042,9.672104351478497
23.78722889482173,9.6234538708253208
23.77568767151341,9.5748070265019525
23.764127958791732,9.5261645725178212
23.752546605714763,9.4775272664997186
23.74094046221877,9.4288958703118642
23.72930637924182,9.3802711506746626
23.717641208853852,9.3316538797818893
23.7059418043943,9.2830448359164741
23.6942050206179,9.2344448040643297
23.682427713849645,9.1858545765262232
23.670606742149641,9.1372749535274096
23.658738965488752,9.0887067438246714
23.646821245935726,9.040150765310484
23.634850447856831,8.9916078456142952
23.622823438128606,8.9430788227003681
23.610737086364669,8.8945645454618596
23.598588265157328,8.8460658743109253
23.586373850334745,8.7975836817643387
23.574090721234533,8.7491188530243402
23.561735760994576,8.7006722865545374
23.549305856861647,8.6522448946497938
23.536797900518788,8.6038376040001392
23.52420878843207,8.5554513562482093
23.511535422217555,8.5070871085395154
23.498774709029068,8.4587458340650805
23.485923561967471,8.4104285225957334
23.472978900512214,8.3621361810077612
23.459937650975732,8.31386983379908
23.446796746981342,8.2656305235952097
23.433553129965134,8.2174193116444965
23.420203749702615,8.1692372783017113
23.406745564860515,8.1210855234995449
23.393175543574266,8.0729651672069274
23.379490664051662,8.0248773498734227
23.365687915203154,7.9768232328588731
23.35176429729902,7.928803998847517
23.337716822654052,7.8808208522455914
23.323542516339682,7.8328750195613459
23.30923841692411,7.7849677497667171
23.294801577240442,7.7371003146395214
23.28022906518305,7.6892740090852811
23.265517964532279,7.6414901514376137
23.250665375807301,7.5937500837359142
23.235668417147352,7.5460551719794946
23.220524225220991,7.4984068063570071
23.205229956163372,7.450806401450091
23.189782786541031,7.4032553964099055
23.174179914344027,7.3557552551055281
23.158418159812971,7.3083075998218625
23.142467567712071,7.2609231161533714
23.126254914311744,7.2136276960475305
23.10970282547531,7.1664500500776951
23.092733532304312,7.1194209229657215
23.075268763387186,7.072573617671754
23.057229711866373,7.0259445298549794
23.038537095776622,6.9795736893873377
23.019111332687505,6.9335053011693306
22.998872851855403,6.8877882716851992
22.977742568324114,6.8424767005949549
22.955642542891677,6.7976303082096576
22.932496848582076,6.7533147603078856
22.908232656971755,6.7096018420544361
22.882781545440537,6.6665694245100768
22.856081007916739,6.6243011617038317
22.828079940106317,6.5828832158988728
22.798794665269511,6.5423629838673412
22.768291189238191,6.5027515338853821
22.736636208226848,6.46405394372165
22.703895103715677,6.4262707025058567
22.670131405693962,6.3893982547260482
22.635406378400706,6.353429544597188
22.599778717350699,6.3183545433008117
22.563304344254377,6.2841607464442042
22.526036285454744,6.2508336332426406
22.488024619612396,6.2183570825085006
22.449316481338819,6.1867137435180615
22.409956108623106,6.1558853618808334
22.369984923477428,6.1258530621761507
22.329441636748896,6.0965975901309433
22.288362369622273,6.0680995177856021
22.246781572385192,6.0403382243641159
22.204735797887153,6.0132862115136625
22.16226106713162,5.9869127050619495
22.11939142548772,5.9611859862404657
22.076158988111246,5.93607360218002
22.032594008903462,5.9115425420865373
21.988724966834592,5.887559382609604
21.944578665256511,5.8640904041642461
21.900180340744466,5.8411016803403086
21.855553778577239,5.8185591425737826
21.810721432759042,5.7964286223277925
21.765704548804617,5.7746758728053713
21.720523288248994,5.753266572184363
21.675196854153327,5.7321663101040485
21.62974361730884,5.711340558943645
21.584181243177721,5.6907546312118811
21.538525688563638,5.6703761677993088
21.492781591215451,5.6501972480373013
21.446947427527729,5.6302237542555407
21.401021688090694,5.6104617392731386
21.355002950969212,5.5909172676621255
21.30888988622436,5.5715964097415887
21.2626812604273,5.5525052352954116
21.216375941006106,5.5336498069605744
21.169972900501662,5.5150361733358997
21.123471220649865,5.4966703617965518
21.076870096325813,5.478558371050914
21.030168839243821,5.4607061634223015
20.983366881499776,5.4431196569165552
20.936463778766708,5.425804717032543
20.889459213311412,5.4087671484120561
20.84235299666636,5.3920126863001911
20.795145317003811,5.3755462808910703
20.747838941375328,5.3593655910801141
20.700438025538961,5.343463973103157
20.65294663113211,5.3278346383712467
20.605368707512131,5.3124707133238882
20.557708092459464,5.2973652462731744
20.509968513185196,5.2825112139318735
20.462153587621792,5.2679015276197543
20.414266825976313,5.2535290391447171
20.36631163252574,5.2393865463571165
20.318291307634961,5.2254667983776582
20.270209049978821,5.2117625005009387
20.222067958950049,5.1982663187780815
20.17387103723587,5.1849708842832944
20.125621193547367,5.1718687970705526
20.07732124548593,5.1589526298273922
20.02897392253297,5.1462149312340797
19.980581869149248,5.133648229036913
19.932147647971362,5.1212450328452377
19.883673743094061,5.1089978366623745
19.835162563428078,5.0968991211611403
19.786616446123681,5.0849413557149719
19.738037660051141,5.0731170001959729
19.689428409330567,5.0614185065516182
19.640790836903836,5.0498383201718058
19.59212702814245,5.0383688810582683
19.543439014485934,5.0270026248083708
19.494728777105632,5.0157319834253
19.445998250589962,5.0045493859667864
19.39724932664755,4.9934472590444496
19.348483857825279,4.9824180271858234
19.299703661238471,4.9714541130709833
19.250909795051278,4.9605511971498446
19.202099026985461,4.9497242131449868
19.153266645441711,4.9389951498483322
19.104408071350836,4.928386023404828
19.055518891109276,4.9179188682100898
19.006594887408827,4.9076157367663198
18.957632070226097,4.8974986976996409
18.908626707987288,4.8875898316654851
18.859575358853924,4.8779112248618208
18.810474902060772,4.868484959878475
18.761322569207827,4.8593331036194831
18.712115975377763,4.8504776920481998
18.662853149917161,4.8419407115220601
18.613532566685937,4.8337440765065365
18.564153173543232,4.8259096034861786
18.514714420802679,4.818458980926005
18.465216288354213,4.8114137351789159
18.415659311115952,4.8047951922850816
18.366044602449321,4.7986244356675574
18.316373875143729,4.7929222597945458
18.266649459556934,4.7877091199526181
18.216874318483505,4.7830050783559255
18.167052058320174,4.7788297469031171
18.117186936103099,4.7752022269844501
18.067283862010445,4.7721410468346344
18.017348396954688,4.7696640970196329
17.967386744935098,4.7677885647352802
17.917405739879626,4.7665308676786271
17.867412826779368,4.7659065883262626
17.817416037004818,4.7659304095136434
17.767423957788402,4.7666160522526777
17.717445695988999,4.7679762167473037
17.667491013930544,4.7700264353076447
17.617572354869726,4.7728179078063162
17.567706005675934,4.776423696051169
17.517912258063205,4.7809209317742249
17.468216149374275,4.7863913155188973
17.418648364376214,4.7929217390689622
17.369246315692084,4.8006048247280546
17.320055426014029,4.8095393398590014
17.27113063039933,4.8198304223083257
17.222538105376199,4.8315895237922746
17.174357209320739,4.8449339439060868
17.126682580377317,4.8599857889258287
17.079626278048856,4.8768701523041793
17.033319767199664,4.895712288780385
16.987915427628636,4.9166335604808094
16.943587138186444,4.9397459993817057
16.900521710773255,4.9651329754732112
16.858866071234406,4.9927722839320898
16.818747769562783,5.0225990582889084
16.780297327907203,5.0545469078392733
16.743649564324613,5.0885472849407369
16.708944655404284,5.1245282744001637
16.676328919460964,5.1624129595841719
16.645955187294593,5.2021173725302292
16.6179825978857,5.2435480599948407
16.592575628272574,5.2865993396191335
16.569902149895924,5.3311503844710186
16.550130312621029,5.3770623610434942
16.533424111541517,5.4241759491539003
16.519937610130793,5.4723096743348369
16.509796273719267,5.5212574030573718
16.502973548734062,5.5707777488490571
16.499336224411667,5.6206342867518488
16.498729790226324,5.6706205078374445
16.500990061324551,5.7205600657102709
16.505951438127603,5.7703046392374997
16.513452878087971,5.8197306136338289
16.52334186906053,5.8687352922747831
16.53547681285702,5.9172331069824828
16.549728230547391,5.9651520917702214
16.565979145806093,6.0124307401083925
16.58412492782972,6.0590152731880229
16.604072802432984,6.1048572937406043
16.62574117807808,6.1499117735970401
16.649058885089481,6.1941353130249137
16.673956053256131,6.23748951220582
16.700317370627282,6.2799697521035611
16.728011785636809,6.3215935554378291
16.756914065253607,6.3623882706183608
16.786905819542522,6.4023891605431738
16.81787595849967,6.4416377282698587
16.849720745867426,6.4801802941223654
16.882343554780839,6.5180668342904324
16.915654412449289,6.5553500708290287
16.949569401871788,6.5920847916864043
16.984009970406905,6.62832737457249
17.018902179052315,6.6641354879267611
17.054175912996772,6.699567944403225
17.089764062822045,6.7346846855534617
17.125601676729111,6.7695468805043753
17.161625076291813,6.804217125363718
17.197772191371925,6.8387584016884144
17.234008884503936,6.8732056962668153
17.270328548295982,6.9075655014314794
17.306725510285677,6.9418434170635601
17.343193865262069,6.9760453698747664
17.379727485816606,7.0101776010065882
17.416320034371129,7.0442466508425481
17.452964976647408,7.0782593410505426
17.489655596526951,7.1122227539148177
17.526385012234485,7.1461442090610845
17.563146193762272,7.1800312377218996
17.599931981438154,7.213891554733566
17.636735105525794,7.2477330284972457
17.673548206732264,7.2815636491758058
17.710363857486435,7.3153914954329018
17.747174583840643,7.3492247000504545
17.783972887841177,7.3830714147860972
17.820751270194446,7.4169397748391219
17.857502253087674,7.4508378633375516
17.894218402945789,7.4847736761931465
17.930892352996857,7.5187550877503808
17.96751682544603,7.5527898175745998
18.004084653097543,7.5868853987375049
18.040588800259481,7.6210491479215161
18.077022382774743,7.655288137632331
18.113378687032149,7.6896091707712975
18.149651187822439,7.7240187577764887
18.185833564918489,7.7585230964970124
18.221919718273995,7.7931280549186059
18.257903781751907,7.8278391568121339
18.293780135311213,7.8626615703303084
18.329543415599879,7.8976000995347437
18.365185425810036,7.9326623220013799
18.400667313949093,7.9678865321228276
18.43593246743098,8.0033276704645058
18.470923346829689,8.0390395541250506
18.505580915129944,8.0750749129119583
18.539843886209102,8.1114855651903266
18.573647992643078,8.1483225103727115
18.606925265559966,8.1856359281319868
18.639603325151391,8.2234750707495881
18.671604687256604,8.2618880311387422
18.702846099810781,8.3009213654120835
18.733237933382146,8.3406195458714425
18.762683662917887,8.3810242187962896
18.791079493312825,8.4221732426078368
18.818314199116866,8.4640994875588902
18.844269267317014,8.5068293901536265
18.868820089591662,8.550380926562795
18.891861098435225,8.5947495328293275
18.913312307027937,8.6399080223515607
18.933087614823467,8.6858249004454695
18.951092267142883,8.7324642653645537
18.967222721986026,8.7797842158957735
18.981366789273775,8.8277350428131136
18.993404165269979,8.8762572092337795
19.003207513042806,8.925279157234522
19.0106442623748,8.9747150267136817
19.015579309536744,9.024462439574382
19.017878774272834,9.0744005858940753
19.017414900472033,9.1243889391293944
19.014073757987319,9.1742671583565567
19.007830657294427,9.2238659959112308
18.998774096750243,9.2730293664022607
18.987011965489032,9.3216169026617433
18.972660193839641,9.3695038591555484
18.955838713921072,9.4165804738765591
18.936668146675061,9.462750731473438
18.915267236873579,9.5079307605842125
18.89175098796251,9.5520470561802195
18.866229409379574,9.5950346690778616
18.838806773595298,9.6368354591327492
18.80958128091239,9.6773964708334912
18.778645040279692,9.7166684615308547
18.746084288971684,9.7546045928430321
18.711979789601664,9.7911592834183896
18.676411138396695,9.826291148821694
18.639499506518391,9.8600098631493118
18.601389714549256,9.8923688768761178
18.56221710973438,9.9234334408935627
18.522105987812171,9.9532769015597431
18.481169349696795,9.9819780527388922
18.439509193770203,10.009619004245668
18.397217164602221,10.036283548322352
18.354375416262904,10.062055973463432
18.311057585708681,10.087020261148414
18.267329804363214,10.111259599524718
18.223251702311114,10.134856153645217
18.178877379561246,10.157891040841884
18.134256333537952,10.180444469867103
18.089434342526644,10.20259601222214
18.044454312420765,10.22442498296674
17.999356034622707,10.24600868113121
17.954159736017903,10.267386374032982
17.908869850979102,10.288565083585031
17.863490333098259,10.30955105618969
17.81802514405771,10.330350780622327
17.772478250386872,10.350970981556978
17.726853620524714,10.37141861257405
17.681155222171814,10.391700848687531
17.635387019945142,10.411825078414662
17.589552973342901,10.431798895413424
17.543657035023426,10.451630089713422
17.497703149399189,10.471326638566147
17.451695251544589,10.490896696940148
17.405637266413223,10.510348587686485
17.359533108357969,10.529690791399243
17.313386680944372,10.548931935995293
17.267201877045629,10.568080786036697
17.220982579204779,10.587146231818387
17.174732660247912,10.606137278242818
17.128455984130085,10.625063033502187
17.082156406993523,10.643932697588312
17.035837778416109,10.662755550649026
16.989503942826648,10.681540941209256
16.94315874106228,10.700298274274193
16.896806012041282,10.719036999331525
16.850449594525312,10.737766598268697
16.804093328941939,10.756496573221593
16.757741059240448,10.775236434369894
16.711396634750788,10.79399568769519
16.66506391201791,10.812783822717341
16.618746756577899,10.831610300226947
16.572449044673693,10.850484540019705
16.5261745459668,10.869415618602991
16.479924759440433,10.888406990949884
16.433699129176009,10.907457085531314
16.387497022577815,10.92656416175104
16.341317803955466,10.945726489439105
16.295160834704003,10.964942348544067
16.249025473384322,10.984210028864256
16.202911075904257,11.003527829735079
16.156816995628162,11.022894059743964
16.110742583505743,11.042307036435453
16.064687188192043,11.061765086018177
16.018650156164654,11.081266543071367
15.972630831836389,11.100809750251768
15.926628557664191,11.120393058000664
15.880642674254961,11.140014824250922
15.834672520467528,11.15967341413446
15.788717433511323,11.179367199689933
15.742776749042729,11.199094559570435
15.696849801257189,11.218853878751993
15.650935922979755,11.238643548241871
15.605034445752278,11.258461964787484
15.559144699918077,11.2783075305857
15.513266014704927,11.298178652992146
15.467397718304625,11.318073744231336
15.421539137951671,11.33799122110676
15.375689599999285,11.35792950471148
15.329848429993586,11.377887020139157
15.284014952746533,11.397862196195165
15.238188492406909,11.417853465108271
15.192368372529961,11.437859262242531
15.146553916145832,11.457878025809459
15.100744445826576,11.477908196580616
15.05493928375699,11.497948217598326
15.009137751781447,11.517996533896726
14.963339171496136,11.538051592202876
14.917542864294411,11.558111840658288
14.871748151433971,11.578175728530841
14.825954354100162,11.59824170592842
14.780160793468239,11.618308223513013
14.734366790765472,11.638373732214953
14.688571667333788,11.658436682946945
14.642774744691419,11.678495526318763
14.59697534459589,11.698548712351416
14.551172789106486,11.718594690191726
14.505366400647338,11.738631907826955
14.45955550207141,11.75865881179913
14.413739416724736,11.778673846919688
14.367917468511328,11.798675455984037
14.322088981959949,11.818662079485746
14.276253282290373,11.838632155331272
14.230409695482365,11.858584118553981
14.184557548344992,11.87851640102849
14.138696168587384,11.898427431184874
14.092824884891925,11.918315633722404
14.046943026987682,11.938179429323759
14.001049925727012,11.958017234368537
13.955144913163332,11.977827460646989
13.909227322630953,11.997608515073557
13.863296488827661,12.017358799400144
13.817351747899071,12.037076709929426
13.77139243752554,12.056760637228058
13.725417897012401,12.076408965839466
13.679427467381554,12.096020073997121
13.633420491467538,12.115592333337119
13.587396566427159,12.135124703881621
13.541359301122236,12.15462561338768
13.495315508266156,12.174111106890692
13.44927208861713,12.19359748217766
13.403235957745684,12.213101069383036
13.357214063325623,12.232638223356306
13.311213402480705,12.252225315841804
13.265241039129265,12.271878727339692
13.219304121264001,12.291614838517086
13.173409898102795,12.311450021037146
13.12756573703942,12.331400627674851
13.08177914031754,12.351482981589465
13.036057761344656,12.371713364625336
12.990409420553499,12.392108004516553
12.944842120710296,12.412683060875008
12.899364061560645,12.433454609846811
12.853983653690124,12.454438627331347
12.808709531471445,12.475650970664086
12.763550564954334,12.49710735867828
12.718515870546343,12.518823350073344
12.673614820323266,12.540814320033943
12.628857049794835,12.563095435064803
12.584252463948877,12.585681626025687
12.539811241385385,12.608587559378728
12.495543836350883,12.631827606686993
12.45146097848124,12.65541581243447
12.407573670061804,12.679365860272332
12.363893180620529,12.703691037832256
12.320431038679803,12.728404200285846
12.277199020505186,12.753517732871114
12.234209135713412,12.77904351264544
12.191473609623404,12.804992869768126
12.149004183109923,12.831375463069939
12.106807285543729,12.858191789019351
12.064886802781221,12.885438196187229
12.02324668685894,12.913111186292367
11.981890979516784,12.941207434075622
11.940823818597675,12.969723779872751
11.900049444433053,12.998657222269966
11.859572206111601,13.028004910900149
11.819396567647916,13.057764139361483
11.779527114181182,13.087932338151681
11.739968558047991,13.118507067717912
11.700725744866366,13.149486011508555
11.66180365958761,13.180866969041794
11.623207432531997,13.21264784896149
11.584942345414062,13.244826662056475
11.547013837358939,13.277401514220825
11.509427510919618,13.310370599323537
11.472189138055155,13.34373219199756
11.435304666168879,13.377484640232977
11.398780224052635,13.411626357880271
11.36262212786499,13.446155816917813
11.326836887060415,13.481071539521421
11.291431210280306,13.516372089888129
11.256412011188175,13.55205606578826
11.221786414231941,13.588122089816386
11.187561760311851,13.624568800312387
11.153745612329889,13.661394841922522
11.120345760593432,13.698598855769852
11.087370228039374,13.736179469205542
11.054827275247234,13.774135285105483
11.022725405177452,13.812464870709423
10.991073367656249,13.851166745893629
10.959879539484575,13.890238876816076
10.929145629067209,13.929673809265516
10.898868830390278,13.969460785522203
10.869045785828416,14.009589016437918
10.839672663604343,14.050047754532606
10.810745177418756,14.09082631805313
10.782258607058926,14.13191411325595
10.754207819662877,14.173300655009315
10.726587291496285,14.214975585600168
10.699391130028442,14.256928691761852
10.672613096129762,14.29914991992483
10.646246626221387,14.341629389717452
10.620284854223826,14.384357405755592
10.59472063316638,14.427324467773266
10.569546556332911,14.47052127915927
10.544754977837433,14.513938753969478
10.520338032535536,14.55756802249522
10.496287655193465,14.601400435470692
10.472595598850768,14.645427567005807
10.449253452324344,14.689641216334145
10.426252656815059,14.734033408464411
10.403584521588547,14.778596393824261
10.381240238712317,14.823322646983556
10.359210896840422,14.868204864540838
10.337487494044774,14.913235962255223
10.316060949699621,14.95840907150099
10.294922115432213,15.003717535117557
10.274061785156594,15.049154902726206
10.253470704214008,15.094714925575472
10.233139577644996,15.14039155097716
10.21305907762236,15.18617891638759
10.193219850076515,15.232071343183602
10.173612520545246,15.278063330181409
10.15422769928297,15.324149546937047
10.135055985663449,15.370324826867567
10.116087971911377,15.416584160225085
10.097314246198222,15.462922686952126
10.078725395136718,15.509335689444505
10.060312005708594,15.555818585242902
10.042064666659561,15.602366919670649
10.023973969393481,15.648976358435251
10.006030508398826,15.695642680203054
9.9882248812373007,15.742361769159336
9.9705476881249346,15.789129607559833
9.9529895311346674,15.835942268278243
9.9355410130471569,15.882795907354717
9.9181927358779483,15.929686756542724
9.9009352991047983,15.976611115858365
9.8837592976217312,16.023565346124578
9.8666553194422804,16.070545861510325
9.8496139431755889,16.117549122057902
9.8326257352974977,16.164571626192643
9.8156812472388548,16.211609903206451
9.7987710123123772,16.258660505706892
9.781885542492823,16.305720002039997
9.765015325097762,16.352784968603189
9.7481508193340005,16.399851982192907
9.7312824527994071,16.446917612183988
9.7144006179105737,16.493978412670636
9.6974956682988971,16.541030914498243
9.6805579151931944,16.58807161718557
9.6635776238121771,16.635096980723798
9.6465461325525546,16.682103824478997
9.6294614978122137,16.729091379378399
9.6123242965794535,16.776059787901406
9.5951351273880316,16.823009202525387
9.5778946057592105,16.869939784141767
9.5606033638248054,16.916851701979397
9.5432620499275025,16.963745133514898
9.5258713281990914,17.010620264370264
9.5084318781176709,17.057477288197063
9.4909443940440479,17.10431640654895
9.4734095847355881,17.151137828749928
9.4558281728588778,17.197941771703999
9.4382008944482507,17.244728459790537
9.4205284983882613,17.291498124640167
9.4028117458560239,17.338251004965489
9.3850514097569917,17.384987346360528
9.3672482741468297,17.431707401091959
9.3494031336413261,17.478411427880943
9.3315167928158704,17.525099691674999
9.3135900655953208,17.571772463411829
9.2956237746357679,17.618430019774827
9.2776187506998351,17.665072642940356
9.2595758320258863,17.711700620319302
9.2414958636935598,17.758314244290951
9.2233796969860453,17.804913811932103
9.2052281887507039,17.851499624741059
9.1870422007591745,17.898071988357653
9.1688225990722803,17.944631212269577
9.1505702533913489,17.991177609555749
9.1322860364426237,18.037711496551225
9.1139708233353307,18.084233192589338
9.0956254908496224,18.130743019663019
9.077246728523658,18.177239645947679
9.0588159169385918,18.223715662591449
9.0403110507574045,18.270162239990398
9.0217102494660928,18.316570476430943
9.0029917335768399,18.362931353082235
8.9841338027116784,18.409235689516773
8.9651148157327718,18.455474099729656
8.9459131732377131,18.501636948313362
8.9265073025934623,18.547714306875069
8.9068756458749601,18.593695910401046
8.8869966508956395,18.639571113796478
8.8668487657851927,18.685328848295292
8.8464104373732759,18.730957578013605
8.8256601138099597,18.7764452566323
8.8045762518333959,18.821779284368301
8.7831373291063901,18.866946465490276
8.7613218621030793,18.91193296662524
8.7391084300131396,18.956724276250746
8.7164757051545951,19.00130516582335
8.6934024903810148,19.045659653097964
8.6698677639545672,19.089770968293326
8.6458507323224723,19.133621523870023
8.6213308911840869,19.177192888793055
8.5962880951555984,19.220465768267314
8.5707026362391581,19.263419990031188
8.5445553311441742,19.306034498427255
8.5178276173914753,19.348287357457458
8.4905016578376422,19.39015576423035
8.462560453082741,19.431616074110426
8.4339879609079045,19.472643838922622
8.4047692215812067,19.513213859486218
8.3748904875282246,19.553300253627121
8.3443427158996606,19.592879158438397
8.3131333824718467,19.631938525488337
8.2812744383343588,19.670469874631952
8.2487776334182197,19.708464813111423
8.2156545187793011,19.745915012016543
8.1819164508841506,19.782812183828376
8.1475745973262317,19.819148060707864
8.1126399438844743,19.854914373550628
8.0771233028475553,19.890102831821817
8.0410353225327764,19.924705104186557
8.0043864979381532,19.95871279994839
7.9671871824745546,19.992117451308218
7.9294476007300219,20.024910496459327
7.8911778622272104,20.057083263534608
7.8523879761336879,20.088626955431231
7.8130878669407,20.119532635502036
7.7732873909733344,20.149791214234739
7.7329963538770183,20.17939343682162
7.692224528922762,20.208329871775785
7.6509816761929912,20.236590900582506
7.6092775626125739,20.264166708461349
7.5671219828183816,20.291047276300834
7.5245247808533779,20.317222373841624
7.4814958726714451,20.342681554192062
7.4380452694357899,20.367414149770241
7.394183101586397,20.391409269778411
7.3499196436497574,20.414655799323739
7.3052653397522942,20.437142400311966
7.2602308297812606,20.458857514254451
7.2148269761771928,20.479789367113792
7.1690648911838721,20.499925976391815
7.1229560586519005,20.519255389553447
7.0765170525628021,20.53777760293757
7.0297711773855935,20.555511208236094
6.9827414041793503,20.572477702806548
6.9354497057142428,20.588699928559667
6.8879169995068468,20.604201894783873
6.840163109459418,20.619008608170635
6.7922067444228267,20.633145912210043
6.7440654918798728,20.64664033758055
6.6957558248684235,20.659518964665278
6.6472931202336936,20.671809298893592
6.5986916864891647,20.683539159189252
6.5499647994167569,20.69473657955092
6.5011247439972299,20.705429723445679
6.4521828611608321,20.715646810559779
6.403149598176002,20.725416055259295
6.3540345615086684,20.734765616041752
6.3048465713960082,20.743723555142683
6.2555937172288152,20.7523178074896
6.2062834132281051,20.76057615813777
6.1569224539059881,20.768526227359452
6.1075170689579181,20.776195462577601
6.0580729773272983,20.783611136373377
6.0085954402753288,20.790800349839962
5.9590893133661531,20.797790040602013
5.9095590973395584,20.804606994867672
5.86000898790153,20.811277862925895
5.8104429245023201,20.817829177545899
5.7608646382345068,20.824287374771018
5.7112776989290142,20.830678816644838
5.6616855617114634,20.837029815414414
5.6120916131080012,20.843366658802974
5.5624990779904397,20.849714551924301
5.512909314860722,20.856084063358814
5.4633223389114258,20.862475236964748
5.413738135533575,20.868887885397065
5.3641566898211668,20.875321820917922
5.3145779865736902,20.881776855400897
5.265002010297315,20.88825280033522
5.2154287452074684,20.894749466830035
5.1658581752307606,20.901266665618639
5.1162902840067757,20.907804207062743
5.0667250548905001,20.914361901156685
5.0171624709543421,20.920939557531739
4.9676025149898866,20.927536985460375
4.9180451695108234,20.934153993860431
4.8684904167542271,20.940790391299515
4.8189382386834296,20.947445985999174
4.7693886169900113,20.954120585839178
4.7198415330958507,20.960813998361839
4.6702969681559123,20.967526030776213
4.6207549030700177,20.974256489961068
4.5712153184452644,20.981005182474615
4.5216781946587323,20.987771914550535
4.4721435118193531,20.994556492107815
4.4226112497807009,21.001358720753561
4.3730813881432828,21.008178405787341
4.3235539062576107,21.015015352205339
4.2740287832242938,21.021869364704983
4.2245059978987776,21.028740247688898
4.1749855288934885,21.035627805269275
4.1254673545799943,21.042531841272137
4.0759514530914434,21.049452159241689
4.0264378023256686,21.056388562444511
3.9769263799469377,21.063340853873921
3.9274171633892601,21.070308836254217
3.8779101298586305,21.07729231204495
3.828405256335643,21.084291083445233
3.7789025195783696,21.091304952398005
3.7294018961248012,21.098333720594297
3.6799033622956845,21.105377189477529
3.6304068941971011,21.112435160247792
3.5809124677231789,21.119507433866087
3.5314200585589686,21.126593811058658
3.4819296421831805,21.133694092321186
3.432441193870579,21.140808077923165
3.3829546886955426,21.147935567912036
3.3334701015339627,21.155076362117601
3.2839874070667259,21.162230260156161
3.2345065797823271,21.169397061434857
3.1850275939794388,21.176576565155944
3.1355504237705043,21.183768570320947
3.0860750430837016,21.190972875735056
3.0366014256665208,21.198189280011277
2.9871295450884854,21.205417581574714
2.9376593747438018,21.212657578666878
2.8881908878547082,21.219909069349839
2.8387240574742356,21.227171851510519
2.789258856488956,21.234445722864965
2.7397952576225091,21.241730480962516
2.6903332334379093,21.249025923190125
2.6408727563410994,21.256331846776519
2.5914137985837096,21.263648048796469
2.5419563322659058,21.270974326175036
2.4925003293400474,21.278310475691718
2.4430457616128987,21.285656293984786
2.3935926007493409,21.293011577555419
2.3441408182751848,21.300376122771929
2.2946903855801275,21.307749725874054
2.2452412739210961,21.31513218297702
2.19579345442527,21.322523290075893
2.1463468980928835,21.329922843049712
2.0969015758010148,21.337330637665676
2.0474574583058915,21.344746469583395
1.9980145162466183,21.352170134359032
1.9485727201481695,21.359601427449515
1.8991320404242344,21.367040144216759
1.8496924473810505,21.374486079931721
1.8002539112197256,21.381939029778749
1.7508164020400427,21.389398788859655
1.7013798898434584,21.396865152197897
1.6519443445360691,21.404337914742765
1.6025097359321732,21.411816871373528
1.5530760337571652,21.419301816903616
1.5036432076508839,21.426792546084769
1.4542112271708609,21.434288853611164
1.4047800617957007,21.441790534123541
1.3553496809274801,21.449297382213498
1.3059200538957187,21.456809192427492
1.2564911499602824,21.464325759271034
1.2070629383152427,21.471846877212734
1.1576353880911729,21.479372340688549
1.1082084683590381,21.486901944105846
1.0587821481333199,21.494435481847521
1.0093563963748571,21.50197274827617
0.95993118198483773,21.509513537739632
0.91050647384720729,21.517057644569121
0.86108224077255846,21.524604863092364
0.81165845154111449,21.532154987631689
0.7622350748958312,21.539707812509636
0.71281207954605696,21.54726313205299
0.66338943417048224,21.554820740596934
0.61396710742024929,21.562380432489157
0.56454506792286985,21.569942002093796
0.51512328428454868,21.577505243795741
0.46570172509422159,21.585069952004496
0.41628035892641801,21.592635921158355
0.36685915434443472,21.600202945728487
0.31743807990410822,21.60777082022291
0.26801710415630575,21.615339339190651
0.21859619565079225,21.62290829722572
0.16917532293923965,21.630477488971199
0.11975445457829925,21.638046709123298
0.070333559133223478,21.645615752435383
0.020912605180747668,21.653184413721988
-0.028508438687429472,21.660752487862887
-0.077929603861537244,21.668319769807116
-0.1273509217106672,21.675886054577028
-0.17677242357915246,21.683451137272236
-0.22619414078360534,21.691014813073693
-0.2756161046099348,21.698576877247731
-0.32503834630944972,21.706137125149976
-0.37446089709651609,21.713695352229465
-0.42388378814467287,21.721251354032557
-0.47330705058375588,21.728804926206998
-0.52273071549686501,21.736355864505889
-0.57215481391660195,21.743903964791649
-0.62157937682264697,21.75144902304006
-0.67100442705159191,21.758990888345082
-0.72042994068919342,21.766529716118921
-0.76985587712998649,21.774065771428333
-0.81928219581357453,21.78159931934259
-0.8687088562412203,21.789130624797419
-0.91813581797096233,21.796659952599502
-0.96756304061196485,21.804187567430812
-1.016990483820206,21.811713733853235
-1.0664181072928851,21.819238716312906
-1.1158458707635686,21.826762779144691
-1.1652737339974153,21.834286186576698
-1.2147016567855033,21.841809202734581
-1.2641295989406682,21.849332091646144
-1.31355752029178,21.856855117245633
-1.3629853806790766,21.864378543378251
-1.4124131399492659,21.871902633804552
-1.4618407579502191,21.879427652204846
-1.5112681945261583,21.886953862183621
-1.5606954095129097,21.894481527273982
-1.6101223627323056,21.902010910941936
-1.659549013987947,21.909542276590948
-1.7089753230597415,21.917075887566181
-1.7584012496990207,21.924612007158952
-1.8078267536238917,21.932150898611077
-1.8572517945136293,21.939692825119199
-1.9066763320045257,21.947238049839235
-1.9561003256842724,21.954786835890616
-2.0055237350872668,21.962339446360673
-2.0549465196898002,21.969896144308969
-2.1043686389047958,21.977457192771595
-2.1537900520770346,21.985022854765489
-2.2032107184782239,21.992593393292758
-2.252630597301879,22.000169071344889
-2.3020496476586647,22.00775015190715
-2.3514678285710651,22.01533689796274
-2.4008850989686397,22.022929572497109
-2.4503014176832418,22.03052843850222
-2.4997167434434298,22.038133758980699
-2.5491310348703196,22.045745796950168
-2.5985442504719893,22.053364815447381
-2.6479563486387097,22.060991077532432
-2.6973672876381998,22.068624846292995
-2.7467770256100694,22.076266384848413
-2.7961855205615191,22.083915956353945
-2.8455927303618789,22.091573824004847
-2.8949986127376595,22.099240251040552
-2.944403125267895,22.106915500748769
-2.9938062253786542,22.114599836469598
-3.0432078703383039,22.122293521599584
-3.0926080172526227,22.129996819595902
-3.1420066230592347,22.137709993980256
-3.1914036445232949,22.145433308343087
-3.2407990382318976,22.1531670263475
-3.290192760589159,22.160911411733306
-3.3395847678114987,22.168666728321078
-3.388975015921845,22.176433240016014
-3.4383634607454385,22.18421121081203
-3.4877500579040457,22.192000904795623
-3.537134762811172,22.199802586149829
-3.5865175306670247,22.207616519158162
-3.6358983164531731,22.215442968208457
-3.6852770749275185,22.223282197796788
-3.7346537606194312,22.231134472531327
-3.7840283278203342,22.239000057135545
-3.8334007305944682,22.246879216454538
-3.882770922749414,22.254772215454985
-3.9321388578476126,22.262679319231541
-3.9815044891970368,22.270600793009969
-4.0308677698455053,22.278536902150812
-4.0802286525760874,22.286487912153156
-4.1295870899011735,22.294454088658266
-4.1789430340577685,22.302435697453316
-4.2282964370026095,22.310433004475122
-4.2776472504058587,22.318446275813546
-4.3269954256464338,22.326475777715281
-4.3763409138065477,22.334521776587337
-4.4256836656664014,22.342584539000619
-4.4750236316990391,22.350664331693491
-4.524360762064676,22.358761421575235
-4.5736950066054947,22.36687607572954
-4.6230263148404811,22.375008561418003
-4.6723546359594508,22.38315914608345
-4.721679918818376,22.39132809735348
-4.7710021119333481,22.399515683043717
-4.8203211634753922,22.40772217116119
-4.8696370212651567,22.415947829907729
-4.9189496327668722,22.424192927683109
-4.9682589450836234,22.432457733088441
-5.0175649049512039,22.440742514929326
-5.0668674587327995,22.44904754221907
-5.1161665524135875,22.45737308418191
-5.1654621315949054,22.465719410256057
-5.2147541414887257,22.474086790096877
-5.2640425269123128,22.48247549357994
-5.31332723228196,22.490885790804054
-5.3626082016082108,22.499317952094309
-5.4118853784893677,22.507772248005011
-5.4611587061062652,22.516248949322652
-5.510428127216592,22.524748327068828
-5.5596935841486514,22.533270652503042
-5.6089550187963573,22.541816197125648
-5.6582123726128266,22.550385232680561
-5.7074655866048483,22.558978031158041
-5.7567146013271859,22.567594864797492
-5.8059593568757988,22.576236006089907
-5.8551997928840889,22.584901727780952
-5.9044358485151367,22.593592302873212
-5.9536674624562593,22.602308004628842
-6.002894572913382,22.611049106572167
-6.052117117604741,22.619815882492098
-6.1013350337550527,22.628608606444594
-6.1505482580997537,22.637427552756897
-6.1997567268384612,22.64627299602266
-6.248960375689526,22.65514521111507
-6.2981591398435377,22.664044473181917
-6.3473529539673201,22.672971057649612
-6.3965417521981776,22.681925240225432
-6.445725468137038,22.690907296899514
-6.4949040348431399,22.699917503947113
-6.5440773848272169,22.708956137930478
-6.5932454500455595,22.718023475700967
-6.6424081618938215,22.727119794400913
-6.6915654512006242,22.736245371465536
-6.7407172482213333,22.745400484624774
-6.7898634826319793,22.754585411905111
-6.8390040835223438,22.763800431631186
-6.8881389793904351,22.773045822427669
-6.9372680992727132,22.782321857206224
-6.9863915026317764,22.791628118049399
-7.0355095016362501,22.800962861295094
-7.0846224411685785,22.810324187947199
-7.1337306703355363,22.819710193659606
-7.1828345420285578,22.829118969717349
-7.2319344125548994,22.838548604033381
-7.281030641200366,22.847997182132723
-7.3301235898167381,22.857462788140555
-7.3792136224021512,22.86694350576667
-7.4283011046802843,22.876437419286049
-7.4773864036782385,22.885942614514107
-7.5264698873058347,22.895457179775871
-7.5755519239350368,22.90497920686737
-7.6246328819819187,22.914506792008531
-7.6737131294917011,22.924038036786271
-7.7227930337263588,22.933571049086552
-7.7718729607582464,22.943103944014741
-7.8209532750674615,22.952634844802773
-7.8700343391459597,22.962161883702397
-7.9191165131083867,22.971683202863574
-7.9682001543096801,22.981196955196832
-8.0172856169714564,22.990701305219037
-8.0663732518165361,23.000194429881397
-8.1154634057130686,23.009674519379221
-8.1645564213285908,23.019139777942399
-8.2136526367940839,23.028588424605971
-8.2627523853792901,23.038018693960169
-8.3118559951813946,23.047428836879604
-8.3609637888114801,23.056817121228008
-8.4100760831363139,23.06618183254885
-8.4591931889589898,23.075521274718955
-8.5083154255374769,23.084833692671658
-8.5574450966516373,23.09410679781432
-8.6065884207518764,23.103307249467736
-8.6557519152325675,23.112399265550753
-8.704941862428841,23.121347011089664
-8.7541642532177342,23.130114461250088
-8.8034247270380028,23.138665268343033
-8.8527285070622739,23.146962632735349
-8.9020803292515183,23.154969177791948
-8.9514843639424289,23.162646829203261
-9.0009441287283742,23.169956699354195
-9.0504623912817372,23.176858977706331
-9.1000410608295503,23.1833128285657
-9.149681067024364,23.18927629806301
-9.1993822250379633,23.194706232699957
-9.2491430858601085,23.199558212415784
-9.2989607710310445,23.203786501801552
-9.3488307913983295,23.207344023828586
-9.3987468500055282,23.210182361245355
-9.4487006299324765,23.212251791606388
-9.4986815688347495,23.213501362677839
-9.5486766231306959,23.213879015652161
-9.598670026266598,23.213331764103096
-9.6486430472678109,23.211805936798317
-9.6985737578405171,23.209247492209538
-9.7484368185460859,23.205602411640466
-9.7982032969241626,23.200817176143143
-9.847840532679438,23.194839329632753
-9.8973120669037424,23.18761812670428
-9.9465776534298858,23.179105258552259
-9.9955933703818793,23.169255644191765
-10.044311848393546,23.158028267161495
-10.092683575684338,23.145390512068715
-10.140670077888192,23.131360472038704
-10.18824459446758,23.115990950628625
-10.235384739870048,23.099336408937688
-10.282072127624739,23.081451642167885
-10.328292114211973,23.062391224076951
-10.374033509656073,23.042209037264218
-10.419288269522022,23.020957886878524
-10.464051180592701,22.998689192560668
-10.508319550031793,22.975452751613634
-10.552092905488889,22.951296565385668
-10.595372711487816,22.92626672049181
-10.638162105634825,22.900407316617539
-10.680465656693128,22.873760433103275
-10.722289145395365,22.846366127171905
-10.763639367975165,22.818262457434876
-10.804523961747282,22.789485527129095
-10.844951251625698,22.76006954233484
-10.884930116186057,22.730046881181472
-10.92446987172664,22.699448170735288
-10.963580172725154,22.668302368876194
-11.002270927101593,22.63663684900412
-11.040552224757944,22.604477485875208
-11.078434277962312,22.571848741253937
-11.115927372255138,22.538773748394643
-11.153041826683138,22.505274394632224
-11.189787962293268,22.471371401584094
-11.22617607794637,22.43708440264648
-11.262216432637668,22.402432017612327
-11.297919233627509,22.367431924360744
-11.333294629803758,22.33210092766188
-11.368352709805373,22.296455025223132
-11.403102903444999,22.260508893175889
-11.437548983054555,22.224271229195761
-11.471691815803707,22.187747702776388
-11.505532503805789,22.150944045647439
-11.539072415491404,22.113866073621516
-11.572313183767651,22.076519676702659
-11.605256703527894,22.038910809313752
-11.637905128562011,22.001045480668672
-11.670260867896827,21.962929745337107
-11.702326581604234,21.924569694041434
-11.734105176113063,21.885971444726025
-11.765599799066335,21.847141133931661
-11.79681383376418,21.808084908507013
-11.827750893234327,21.76880891768511
-11.858414813973617,21.729319305547072
-11.888809649401429,21.689622203895485
-11.918939663068528,21.649723725552022
-11.948809321661825,21.609629958093528
-11.978423287845297,21.569346958036164
-12.00778641297633,21.528880745473717
-12.036903729734657,21.488237299173488
-12.065780444698579,21.447422552131378
-12.09442193090338,21.406442387581961
-12.122833720411423,21.365302635461603
-12.151021496924258,21.324009069315835
-12.178991088462777,21.282567403643181
-12.206748460139176,21.240983291665675
-12.234299707041188,21.199262323516276
-12.261651047265174,21.157410024803362
-12.288808815057573,21.11543185562579
-12.315777367524365,21.073331876742696
-12.342549609815078,21.031106794071679
-12.369114474249397,20.988750943985586
-12.395460859540776,20.946258856316351
-12.421577644397409,20.903625271739084
-12.4474536986086,20.860845156767393
-12.473077895155841,20.817913718574619
-12.498439123359745,20.774826419551047
-12.523526303060565,20.731578991506332
-12.548328399819198,20.688167449420831
-12.572834441115246,20.644588104641812
-12.59703353350382,20.600837577421185
-12.620914880681461,20.556912808684373
-12.644467802396889,20.512811070921053
-12.667681754128132,20.468529978088103
-12.690546347434184,20.424067494415738
-12.71305137087481,20.379421942012183
-12.735186811378998,20.334592007166908
-12.756942875929777,20.289576745259417
-12.778310013421381,20.244375584189903
-12.799278936534876,20.198988326257638
-12.819840643469362,20.15341514842655
-12.839986439358892,20.107656600932
-12.859707957202133,20.061713604195059
-12.878997178127499,20.015587444032477
-12.897846450819204,19.969279765163179
-12.91624850993133,19.922792563033134
-12.934196493323162,19.876128173999501
-12.951683957958593,19.829289263929866
-12.968704894321933,19.782278815295506
-12.985253739216668,19.735100112853239
-13.001325386812461,19.687756727993879
-13.016911586831762,19.640251327203799
-13.031990285540484,19.592582434521464
-13.046534845304745,19.544747888770981
-13.060516942909375,19.496745949743655
-13.073906394112337,19.448575370621207
-13.086670967188322,19.400235487602973
-13.098776184410633,19.351726329467375
-13.110185110785709,19.30304875039306
-13.120858129844475,19.254204590026848
-13.130752706966815,19.205196865516601
-13.139823141641237,19.156030001034004
-13.148020311335554,19.106710101168758
-13.155291411401427,19.057245275369759
-13.161579697741008,19.007646021619291
-13.166824242133146,18.957925677765974
-13.170959714110763,18.90810094962675
-13.173916208543115,18.858192524256005
-13.175619144579636,18.808225775479396
-13.175989269544363,18.758231565692043
-13.174942810603989,18.708247142502884
-13.172391827158759,18.658317120080106
-13.168244826989135,18.608494522153272
-13.162407717483983,18.558841845071203
-13.154785167044416,18.509432075494139
-13.145282446944705,18.460349567297328
-13.133807805500613,18.411690649456027
-13.120275388820382,18.363563805140714
-13.104608661446155,18.316089240672433
-13.086744195443295,18.26939766296131
-13.066635594791316,18.223628118785108
-13.044257220042089,18.178924829214161
-13.019614905939433,18.135428605666625
-12.992804362109462,18.093233882668848
-12.96396510736604,18.052398435259864
-12.93323766053455,18.012963723643704
-12.900760172028829,17.9749568816571
-12.86666612943054,17.938392739276157
-12.831082739801422,17.903275886898729
-12.794129899481554,17.869602651815278
-12.755919644695805,17.837362904402802
-12.716555975687294,17.80654165050926
-12.676134956747353,17.777120395524282
-12.634745009228606,17.749078285333361
-12.592467330711461,17.722393041294712
-12.549376388764326,17.697041712516342
-12.505540451054593,17.673001270822773
-12.461023096097785,17.650247119142442
-12.415911462325941,17.628694251477345
-12.370313934488886,17.608188482165122
-12.324324675355962,17.588576308905779
-12.278024429065006,17.569709446573174
-12.231483246198115,17.551444551359001
-12.184762933121494,17.533642506736609
-12.137919255322641,17.516167417643981
-12.091003948538766,17.498885410517833
-12.044066604505565,17.481663301883341
-11.997156505417854,17.464367175119254
-11.950324486967986,17.446860892477954
-11.903624915817781,17.429004566689304
-11.85711787440184,17.410653024246045
-11.810871653298685,17.391654313048363
-11.764965656306472,17.371848344695696
-11.719493819806072,17.351065822615858
-11.674567856954965,17.329129228512429
-11.630298020945919,17.305897672425118
-11.586786775910848,17.281275347911507
-11.544153875517557,17.255162545451221
-11.502541277578892,17.227453714304922
-11.462117057933783,17.198039390057559
-11.423079476431845,17.166809522986512
-11.385660716428015,17.133658747819965
-11.350129444325018,17.098494167994627
-11.316790840437818,17.061246084806552
-11.285982235889728,17.021881624482297
-11.258062221426727,16.980420244477461
-11.233391548139355,16.936948631917744
-11.212305842547449,16.891630952038408
-11.195080801612406,16.844710520946247
-11.181742324170205,16.796538556556989
-11.171970460951176,16.747515741321852
-11.165383945738265,16.697961997494083
-11.161601478233669,16.64811389689643
-11.160263526552415,16.598138966651682
-11.161042463421625,16.548151098903283
-11.163645193598693,16.49822412276519
-11.167811560015478,16.448402622832734
-11.173310691180971,16.398710087036481
-11.179936546765562,16.349154832669214
-11.187503309973435,16.299734216844932
-11.195840903503459,16.250437573577027
-11.204803847132915,16.20125066650807
-11.214341473925098,16.152171943037558
-11.224440411607514,16.10320562746471
-11.235087098756907,16.054355470470636
-11.246267709277934,16.005624731557859
-11.257968192802268,15.957016184713266
-11.270174313308956,15.908532126230245
-11.28287168576526,15.860174384483605
-11.296045810635679,15.811944331410546
-11.309682106144672,15.763842895457993
-11.323765938214194,15.715870575764695
-11.338282648030249,15.668027457356375
-11.353217577223301,15.6203132271404
-11.368556090671005,15.572727190510703
-11.384283596963016,15.525268288361444
-11.40038556657135,15.477935114374759
-11.416847547805647,15.430725932402735
-11.433655180630577,15.38363869382848
-11.450794208440534,15.336671054783853
-11.468250487893755,15.289820393120609
-11.486009996900439,15.243083825080285
-11.504058840910909,15.196458221495156
-11.522383257553228,15.149940223626285
-11.540969619793231,15.103526258428422
-11.55980443768865,15.057212553308373
-11.578874358857625,15.010995150317925
-11.598166167762379,14.964869919774525
-11.617666783908387,14.918832573301845
-11.637363259053952,14.872878676292213
-11.657242773520087,14.827003659799562
-11.677292631686488,14.781202831874959
-11.69750025675345,14.73547138836393
-11.717853184844422,14.689804423188551
-11.738339058520266,14.644196938138212
-11.758945619770223,14.598643852198505
-11.779660702533834,14.553140010463908
-11.800472224832237,14.50768019261891
-11.821368180523324,14.462259121106493
-11.842336630767958,14.416871468935414
-11.863365695228863,14.371511867216384
-11.884443543053118,14.326174912446897
-11.90555838367683,14.280855173587051
-11.926698457489358,14.235547198966673
-11.947852026393807,14.190245523062501
-11.969007364297694,14.1449446731874
-11.990152747570587,14.099639176125908
-12.011276445493225,14.054323564775213
-12.032366710746317,14.008992384800329
-12.053411769957439,13.963640201376101
-12.07439981434967,13.918261606036566
-12.09531899052388,13.872851223679032
-12.116157391412964,13.827403719759838
-12.136903047446079,13.781913807722924
-12.157543917964899,13.736376256698097
-12.1780678829351,13.690785899508644
-12.198462735007595,13.645137641008418
-12.218716171950684,13.599426466849621
-12.238815789570841,13.553647452573554
-12.258749075101578,13.50779577323318
-12.278503401182428,13.461866713444724
-12.298066020471335,13.415855677949409
-12.317424060967587,13.36975820269801
-12.336564522122568,13.323569966477727
-12.355474271820494,13.277286803096626
-12.374141173487326,13.230905166280859
-12.392564661176014,13.184426301654819
-12.410751110645142,13.137854173398608
-12.428707092512349,13.091192699976745
-12.446439277505547,13.044445718183381
-12.463954430417962,12.997616983342079
-12.481259404261897,12.950710169791343
-12.49836113463026,12.903728871639549
-12.515266634271986,12.856676603775387
-12.531982987885829,12.809556803119765
-12.548517347135974,12.762372830103736
-12.564876925890692,12.715127970358671
-12.581068995680624,12.667825436615182
-12.597100881395519,12.620468370737532
-12.612979957166887,12.573059846027109
-12.628713642499182,12.525602869587935
-12.644309398594883,12.478100384887146
-12.659774724887409,12.430555274441678
-12.675117155772369,12.38297036262761
-12.690344257528814,12.335348418604369
-12.705463625422986,12.287692159341377
-12.720482880988381,12.240004252729159
-12.735409669454365,12.192287320823999
-12.750251657359184,12.14454394307222
-12.765016530276057,12.096776659699444
-12.77971199068684,12.048987975113642
-12.794345755974549,12.001180361370487
-12.808925556525443,11.953356261687732
-12.823459133929607,11.90551809399993
-12.837954239267894,11.85766825454877
-12.852418631472778,11.809809121503823
-12.866860075751369,11.761943058607214
-12.881286342058157,11.714072418836919
-12.895705203603789,11.666199548087789
-12.910124435389427,11.618326788858447
-12.924551812752172,11.5704564839457
-12.938995109909891,11.52259098013851
-12.953462098492468,11.474732631907891
-12.967960546046893,11.426883805088023
-12.98249821450371,11.379046880543086
-12.997082858592002,11.33122425781629
-13.011722224190857,11.283418358754275
-13.026424046604783,11.235631631102544
-13.041196048750688,11.187866552066778
-13.056045939245099,11.140125631832039
-13.070981410378911,11.09241141703653
-13.086010135968982,11.044726494190517
-13.101139769074884,10.997073493034772
-13.116377939569864,10.949455089831204
-13.131732251556002,10.901874010576062
-13.147210280612896,10.854333034129223
-13.162819570870827,10.806834995248909
-13.178567631899281,10.759382787522732
-13.194461935402421,10.711979366185405
-13.210509911714151,10.664627750811437
-13.226718946085992,10.617331027871913
-13.24309637476151,10.57009235314445
-13.259649480833236,10.522914953961633
-13.276385489877322,10.475802131287931
-13.293311565364048,10.428757261609531
-13.310434803842583,10.381783798624078
-13.327762229899783,10.334885274716884
-13.345299649679578,10.288064873074269
-13.363046280695164,10.241323367972518
-13.380999034256394,10.194660642392659
-13.39915485074015,10.148076549056933
-13.417510702353825,10.101570912425142
-13.436063593056891,10.055143529618826
-13.45481055844802,10.008794171318666
-13.473748665619858,9.9625225826344863
-13.492875012983266,9.9163284839478845
-13.512186730062364,9.8702115717284222
-13.531680977262429,9.8241715193224177
-13.551354945612117,9.7782079777148443
-13.571205856480887,9.7323205762657938
-13.591230961274144,9.6865089234193142
-13.611427541106263,9.6407726073873725
-13.631792906453434,9.5951111968078511
-13.652324396787586,9.5495242413766857
-13.673019380191537,9.5040112724565233
-13.693875252958296,9.4585718036582556
-13.714889439173223,9.4132053314007695
-13.736059390281744,9.3679113354452657
-13.757382584642722,9.3226892794062941
-13.778856527068321,9.2775386112398852
-13.800478748351242,9.2324587637085642
-13.822246804780114,9.1874491548237476
-13.844158277643119,9.1425091882667946
-13.866210772721491,9.0976382537871174
-13.888401919772106,9.0528357275801152
-13.910729372000663,9.0081009726434065
-13.933190805525545,8.9634333391123615
-13.955783918832322,8.9188321645759316
-13.978506432220176,8.8742967743714534
-14.001356205184203,8.8298265425869626
-14.024331902792229,8.7854212390644282
-14.047432513447282,8.7410807894632683
-14.070657020869499,8.6968051080964379
-14.094004403322144,8.6525940974746334
-14.11747363384835,8.6084476483733123
-14.141063680505777,8.5643656399046719
-14.164773506599827,8.520347939592801
-14.188602070914348,8.4763944034538454
-14.212548327940343,8.4325048760798271
-14.236611228102584,8.3886791907258953
-14.260789717983196,8.3449171694024127
-14.285082740543547,8.3012186229691558
-14.309489235342758,8.257583351234361
-14.334008138753797,8.2140111430564868
-14.358638384176867,8.1705017764490471
-14.383378902249198,8.1270550186897026
-14.408228621053521,8.0836706264293259
-14.43318646632058,8.0403483458090683
-14.458251361631163,7.9970879125752612
-14.48342222861374,7.9538890521991759
-14.508697987138602,7.9107514799993259
-14.534077555509064,7.8676749012656444
-14.559559850649226,7.8246590113857772
-14.585143788287709,7.781703495974396
-14.610828283138652,7.7388080310032752
-14.636612249078523,7.6959722829342878
-14.662494599319505,7.6531959088537223
-14.688474246579462,7.6104785566080295
-14.714550103247667,7.5678198649419643
-14.740721081547591,7.5252194636368914
-14.766986093695348,7.4826769736514933
-14.793344215072878,7.4401921085351415
-14.819795367257868,7.3977651021865247
-14.846339742331294,7.3553963582269697
-14.872977528062602,7.3130862805002925
-14.89970890773262,7.2708352729377097
-14.926534060097202,7.2286437395103089
-14.953453159352531,7.1865120841796308
-14.980466375100162,7.1444407108491621
-15.007573872313328,7.1024300233145121
-15.034775811303973,7.0604804252132061
-15.062072347690084,7.0185923199747071
-15.089463632364566,6.976766110768799
-15.116949811464082,6.9350022004548748
-15.144531026339235,6.8933009915299532
-15.172207413525527,6.8516628860764337
-15.199979104714787,6.8100882857099947
-15.227846226727344,6.7685775915273725
-15.255808901487868,6.727131204049595
-15.28386724599571,6.6857495231744251
-15.312021372303073,6.6444329481182418
-15.340271387490148,6.6031818773634345
-15.368617393642328,6.5619967086039814
-15.397059487828386,6.5208778386906099
-15.425597762079079,6.4798256635766478
-15.454232303367661,6.43884057826227
-15.482963193590413,6.3979229767399426
-15.511790509548822,6.3570732519388535
-15.540714322932685,6.3162917956692617
-15.569734700303901,6.2755789985672399
-15.598851703081742,6.2349352500387267
-15.628065387528956,6.1943609382037215
-15.657375804738942,6.1538564498405552
-15.686779689678159,6.1134197595289912
-15.716258185154192,6.0730374227849948
-15.745787954240621,6.0326925611704834
-15.775345765784696,5.9923682376894023
-15.804908445859983,5.9520474829452619
-15.83445282816146,5.9117133202277374
-15.863955704315732,5.8713487905064472
-15.893393774417584,5.8309369778144813
-15.922743598069628,5.7904610355621289
-15.951981546343726,5.749904214149125
-15.981083754892531,5.7092498905400184
-16.010026078721083,5.6684816001254221
-16.038784048995534,5.6275830714294255
-16.067332832404457,5.5865382640953438
-16.095647193629269,5.5453314105932101
-16.12370146155504,5.5039470620584767
-16.151469499928453,5.4623701386351229
-16.178924683257204,5.4205859846350846
-16.206039878806038,5.3785804287925414
-16.232787435682283,5.3363398497204217
-16.259139181992911,5.2938512467030385
-16.28506643120987,5.2511023156930436
-16.310539998882419,5.2080815302960506
-16.335530230854879,5.1647782273572886
-16.360007044168949,5.1211826965140501
-16.383939981796615,5.0772862728180677
-16.407298282188641,5.0330814313930876
-16.430050964549743,4.9885618826862883
-16.452166930484776,4.9437226666770169
-16.473615082396915,4.8985602440817662
-16.494364458601552,4.85307258244561
-16.514384388525126,4.8072592361601707
-16.533650902744064,4.7611239937735927
-16.552159351022858,4.7146794344422833
-16.569908586992181,4.6679394633759852
-16.586897299891454,4.6209177198571814
-16.60312400175571,4.5736276017566917
-16.618587016030812,4.5260822902796773
-16.633284467601538,4.4782947747576474
-16.647214274145114,4.4302778775290843
-16.660374138767793,4.3820442788676601
-16.672761543884747,4.3336065419431202
-16.684373746314062,4.2849771378068251
-16.695207773567578,4.2361684703919904
-16.70526042133012,4.1871929015279346
-16.714528252128794,4.1380627759748974
-16.723007595219549,4.0887904464014779
-16.730694547683111,4.0393882984683396
-16.737584976804794,3.9898687757990934
-16.743674523753747,3.9402444049736416
-16.748958608626932,3.8905278204711835
-16.753432436920043,3.8407317895420232
-16.75709100749788,3.7908692369773269
-16.759929122145497,3.7409532697336378
-16.761941396789368,3.6909972013560139
-16.763122274484637,3.6410145761354378
-16.763466040270753,3.5910191929180151
-16.76296683800248,3.5410251284702738
-16.761618689266328,3.4910467602880417
-16.759415514494261,3.4410987887162601
-16.75635115638541,3.3911962582290172
-16.752419405743666,3.3413545776980915
-16.74761402983254,3.2915895394538799
-16.741928823901226,3.2419173344056422
-16.735360988568079,3.1923541115592053
-16.727914912892132,3.1429152002653349
-16.719596062204417,3.0936156345745394
-16.710410074038005,3.0444702530720549
-16.700362740157072,2.9954937034207192
-16.689459989815173,2.9467004479006746
-16.677707874275892,2.8981047698337958
-16.665112552619252,2.8497207807833771
-16.651680278847831,2.8015624284199627
-16.637417390299181,2.7536435049499057
-16.622330297363639,2.7059776560049005
-16.606425474500508,2.6585783898950015
-16.589709452540596,2.6114590871316645
-16.572188812257878,2.5646330101300592
-16.55387017918942,2.5181133130039428
-16.534760219679907,2.4719130513715548
-16.514865638122576,2.4260451920897297
-16.494193175368483,2.3805226228428835
-16.47274960827146,2.3353581615103143
-16.450541750335884,2.2905645652412359
-16.427576453432739,2.2461545391691922
-16.403860610546587,2.202140744696595
-16.379401159517077,2.1585358072865874
-16.354205087734449,2.1153523236957383
-16.328279437749281,2.0726028685865052
-16.301631313753724,2.0303000004574119
-16.274267888890197,1.988456266830231
-16.246196413341139,1.9470842086343154
-16.217424223151941,1.9061963637304371
-16.187958749734733,1.8658052695141349
-16.157807530000412,1.8259234645442337
-16.126978382405323,1.7865633579333386
-16.095482656797394,1.7477345731810898
-16.063334844265736,1.7094439164286745
-16.030549337148084,1.6716978210951157
-15.997140288609023,1.6345024777590831
-15.963121605009597,1.5978638627305271
-15.928506940532481,1.5617877659769326
-15.893309693901257,1.5262798183378652
-15.85754300703759,1.4913455179762023
-15.821219765508808,1.4569902560299588
-15.784352600628198,1.4232193414419849
-15.746953893076851,1.3900380249525566
-15.709035777929603,1.3574515222525114
-15.670610150975024,1.3254650362991782
-15.631688676230164,1.2940837788037791
-15.592282794563221,1.2633129909052172
-15.552403733342411,1.2331579630443816
-15.512062517047545,1.2036240540616854
-15.471269978786646,1.1747167095379578
-15.430036772622993,1.1464414793674647
-15.388373386795436,1.1188040346687875
-15.346290157624749,1.0918101839271772
-15.303797284216865,1.065465888479104
-15.260904843889568,1.0397772773096203
-15.217622808315994,1.0147506611726169
-15.173961060383695,0.99039254603772398
-15.129929411767728,0.96670964585812769
-15.085537621222809,0.94370889464811436
-15.040795413607079,0.92139745785360827
-14.995712499629777,0.89978274297924932
-14.95029859640926,0.87887240947121659
-14.904563448717912,0.85867437774323785
-14.858517244870665,0.83919589234418801
-14.812175448204357,0.82043143708821431
-14.765556897066903,0.80236543723421605
-14.718679885980006,0.78498101191788106
-14.671562029894632,0.76826028314887862
-14.624220224451813,0.75218448555741846
-14.576670616912624,0.7367340727987518
-14.528928586854203,0.72188881937272098
-14.481008735869546,0.70762791693637261
-14.432924885369012,0.69393006437977267
-14.384690081584518,0.68077355115141536
-14.33631660680097,0.66813633348533841
-14.287815996090673,0.65599610340831194
-14.239199058470497,0.64433035043972919
-14.190475901992672,0.63311641615584591
-14.141655961797586,0.62233154174444094
-14.092748030676193,0.61195290886423326
-14.043760291454999,0.6019576741047461
-13.994700350795558,0.59232299743016192
-13.945575273937195,0.58302606498625498
-13.896391620048407,0.57404410667882766
-13.847155477894725,0.56535440893156763
-13.797872501594941,0.55693432302891988
-13.74854794626134,0.54876126943531889
-13.699186703481681,0.54081273848776235
-13.649793336384121,0.53306628779914633
-13.600372114435824,0.52549953675378791
-13.55092704781474,0.51809015840076966
-13.501461921421829,0.51081586906572152
-13.451980328562207,0.50365441597374916
-13.402485453817128,0.4965853233954961
-13.352978445161055,0.48960171398715624
-13.303459529622701,0.4827030388928028
-13.253928926646871,0.47588878246199995
-13.204386853166815,0.46915842698725452
-13.154833523605596,0.46251145274729388
-13.105269149878072,0.45594733804995785
-13.055693941393935,0.44946555927474968
-13.006108105060719,0.44306559091490455
-12.956511845287165,0.43674690561901863
-12.906905363988095,0.43050897423237749
-12.857288860588174,0.42435126583765309
-12.807662532027736,0.41827324779535846
-12.758026572767896,0.41227438578370962
-12.70838117479658,0.40635414383809743
-12.658726527635473,0.40051198439015734
-12.609062818346118,0.39474736830622875
-12.559390231537838,0.38905975492551442
-12.509708949375327,0.38344860209768178
-12.460019151586511,0.37791336621997756
-12.410321015471501,0.37245350227394736
-12.360614715911311,0.36706846386160047
-12.310900425377012,0.36175770324110673
-12.261178313939979,0.3565206713620761
-12.211448549281142,0.35135681790021706
-12.161711296702167,0.34626559129166135
-12.111966719135804,0.34124643876668198
-12.062214977156936,0.33629880638295045
-12.01245622899458,0.33142213905836215
-11.962690630542857,0.32661588060323565
-11.912918335373783,0.32187947375215525
-11.863139494749307,0.31721236019522014
-11.813354257634028,0.31261398060882706
-11.763562770708406,0.30808377468597364
-11.713765178381879,0.30362118116603093
-11.663961622806481,0.29922563786403195
-11.6141522438908,0.29489658169947175
-11.564337179313709,0.29063344872456498
-11.51451656453934,0.28643567415209237
-11.464690532831204,0.28230269238265226
-11.414859215267157,0.27823393703147276
-11.365022740754894,0.27422884095474775
-11.315181236046552,0.27028683627539213
-11.265334825754996,0.26640735440842084
-11.215483632369176,0.26258982608574466
-11.165627776270076,0.2588336813805116
-11.115767375747392,0.2551383497309988
-11.065902547015121,0.25150325996392164
-11.016033404228887,0.24792784031738099
-10.966160059502343,0.24441151846324
-10.916282622923987,0.24095372152904909
-10.866401202574652,0.23755387611952622
-10.816515904544513,0.23421140833751969
-10.766626832950415,0.23092574380451544
-10.716734089953976,0.22769630768071505
-10.666837775778671,0.22452252468457565
-10.6169379887282,0.22140381911196375
-10.567034825204384,0.21833961485480957
-10.517128379725085,0.21532933541930516
-10.467218744943056,0.21237240394369772
-10.417306011663619,0.20946824321555904
-10.367390268863851,0.20661627568869531
-10.317471603710896,0.20381592349955757
-10.267550101580632,0.2010666084832323
-10.217625846077034,0.19836775218903266
-10.167698919050187,0.19571877589558215
-10.117769400616259,0.19311910062557577
-10.067837369176562,0.19056814716006742
-10.01790290143609,0.18806533605230813
-9.9679660724235024,0.18561008764124717
-9.918026955510344,0.18320182206457933
-9.8680856224301721,0.18083995927138349
-9.8181421432988287,0.17852391903441478
-9.7681965866331417,0.17625312096192333
-9.7182490193713935,0.17402698450916487
-9.6682995068926321,0.17184492898946957
-9.6183481130364559,0.1697063735849498
-9.5683949001230832,0.16761073735684201
-9.518439928973141,0.16555743925546365
-9.4684832589275043,0.16354589812980316
-9.4185249478675424,0.16157553273676406
-9.3685650522347608,0.15964576175002579
-9.3186036270512975,0.1577560037685854
-9.2686407259398305,0.15590567732492613
-9.2186764011435596,0.15409420089284731
-9.1687107035469566,0.15232099289498188
-9.1187436826951469,0.15058547170993253
-9.068775386814826,0.14888705567913257
-9.0188058628342844,0.14722516311335279
-8.9688351564034647,0.14559921229888997
-8.9188633119148459,0.14400862150347069
-8.8688903725230581,0.14245280898180415
-8.8189163801657617,0.14093119298087248
-8.7689413755838572,0.13944319174490161
-8.7189653983415809,0.1379882235200359
-8.6689884868473435,0.13656570655874603
-8.6190106783738702,0.13517505912393371
-8.5690320090784518,0.13381569949276198
-8.5190525140238815,0.13248704596023084
-8.4690722271981986,0.13118851684245295
-8.4190911815355811,0.1299195304796977
-8.369109408936712,0.12867950523916291
-8.3191269402888643,0.12746785951748746
-8.2691438054869906,0.12628401174304107
-8.2191600334534147,0.12512738037793769
-8.1691756521587511,0.12399738391984086
-8.1191906886422665,0.12289344090352361
-8.0692051690320703,0.12181496990219715
-8.0192191185658359,0.12076138952862957
-7.9692325616111104,0.11973211843603786
-7.919245521685558,0.11872657531876694
-7.869258021477858,0.11774417891277496
-7.8192700828674582,0.11678434799589323
-7.7692817269455299,0.11584650138791341
-7.7192929740351692,0.11493005795046782
-7.6693038437116137,0.11403443658672287
-7.6193143548230857,0.11315905624090276
-7.5693245255106252,0.11230333589761723
-7.5193343732288795,0.11146669458103488
-7.4693439147663927,0.1106485513538802
-7.4193531662657177,0.10984832531626629
-7.3693621432440874,0.10906543560437952
-7.3193708606136489,0.10829930138900476
-7.2693793327017833,0.10754934187390514
-7.2193875732714607,0.1068149762940602
-7.1693955955414808,0.10609562391376498
-7.1194034122069869,0.10539070402460105
-7.0694110354596109,0.10469963595094332
-7.0194184757646587,0.10402193126042764
-6.9694257389057341,0.10335742331824113
-6.919432829642032,0.10270601562887564
-6.8694397526243742,0.10206761169092894
-6.8194465124476489,0.10144211499796696
-6.7694531136272502,0.10082942903838134
-6.7194595606048599,0.10022945729562897
-6.6694658577481674,0.099642103248390623
-6.6194720093519255,0.099067270370742616
-6.5694780196384466,0.098504862132318835
-6.5194838927579033,0.097954781998467716
-6.4694896327892168,0.097416933430412786
-6.4194952437404753,0.096891219885405
-6.3695007295492427,0.096377544816871566
-6.3195060940837386,0.095875811674570433
-6.2695113411426133,0.09538592390472779
-6.2195164744561353,0.094907784950187271
-6.1695214976864419,0.09444129825054659
-6.1195264144280044,0.093986367242293811
-6.0695312282087297,0.093542895358946929
-6.019535942489683,0.093110786031177728
-5.9695405606663154,0.092689942686946941
-5.9195450860688865,0.092280268751629216
-5.8695495219626457,0.091881667648133644
-5.8195538715489059,0.091494042797029052
-5.7695581379653254,0.091117297616660237
-5.7195623242864366,0.090751335523263546
-5.6695664335244533,0.090396059931081948
-5.6195704686293535,0.090051374252472616
-5.5695744324900014,0.089717181898018861
-5.5195783279343864,0.089393386276633874
-5.4695821577300592,0.089079890795663169
-5.4195859245852347,0.08877659886098889
-5.3695896311486004,0.088483413877123523
-5.3195932800104462,0.088200239247309506
-5.2695968737031116,0.087926978373612116
-5.2196004147011852,0.087663534657008838
-5.1696039054227851,0.087409811497482059
-5.1196073482292599,0.087165712294101375
-5.069610745426365,0.086931140445111119
-5.0196140992647074,0.086705999348011778
-4.9696174119399839,0.086490192399638399
-4.919620685594027,0.086283622996240497
-4.8696239223150171,0.086086194533555857
-4.8196271241380035,0.085897810406883879
-4.7696302930460028,0.085718374011158546
-4.7196334309696804,0.08554778874101425
-4.6696365397887289,0.085385957990855771
-4.6196396213319906,0.085232785154921317
-4.5696426773779555,0.08508817362734529
-4.5196457096558884,0.084952026802220665
-4.4696487198455284,0.084824248073655142
-4.4196517095783454,0.084704740835829823
-4.369654680437935,0.084593408483053606
-4.3196576339602446,0.084490154409814958
-4.269660571634593,0.084394882010834033
-4.2196634949040375,0.084307494681111136
-4.1696664051657164,0.084227895815973411
-4.1196693037719614,0.084155988811121088
-4.0696721920301524,0.084091677062669623
-4.0196750712038929,0.08403486396719248
-3.9696779425132762,0.083985452921760143
-3.9196808071352649,0.08394334732397836
-3.8696836662049257,0.083908450572024854
-3.8196865208151176,0.083880666064683307
-3.7696893720176092,0.083859897201376474
-3.7196922208236458,0.083846047382197669
-3.6696950682040987,0.083839020007939885
-3.6196979150905277,0.083838718480124114
-3.5697007623753785,0.083845046201025453
-3.5197036109127668,0.083857906573697877
-3.4697064615189097,0.083877203001997566
-3.419709314972593,0.083902838890604473
-3.3697121720160692,0.0839347176450424
-3.3197150333553069,0.083972742671697784
-3.2697178996605247,0.084016817377836894
-3.2197207715672076,0.084066845171621274
-3.1697236496760124,0.084122729462122528
-3.1197265345537981,0.084184373659334844
-3.069729426734106,0.084251681174186688
-3.0197323267173739,0.0843245554185513
-2.9697352349722475,0.084402899805254589
-2.9197381519352112,0.084486617748083997
-2.8697410780118546,0.084575612661793739
-2.8197440135772025,0.084669787962110096
-2.7697469589761017,0.084769047065735542
-2.7197499145240456,0.08487329339035074
-2.6697528805076955,0.084982430354615959
-2.6197558571850807,0.085096361378172058
-2.5697588447869251,0.085214989881637865
-2.5197618435163034,0.085338219286609868
-2.4697648535497976,0.085465953015657986
-2.4197678750379823,0.085598094492321197
-2.3697709081056484,0.085734547141103068
-2.31977395285291,0.085875214387464038
-2.2697770093551779,0.086019999657815635
-2.2197800776641916,0.086168806379510549
-2.1697831578083582,0.08632153798083407
-2.1197862497932434,0.086478097890994116
-2.0697893536023177,0.086638389540109204
-2.0197924691974896,0.086802316359196566
-1.9697955965193563,0.086969781780160071
-1.9197987354884376,0.087140689235774255
-1.8698018860048604,0.087314942159672393
-1.8198050479496839,0.087492443986328605
-1.769808221185039,0.087673098151042947
-1.7198114055546361,0.087856808089924521
-1.6698146008848727,0.088043477239871798
-1.6198178069845819,0.088233009038556937
-1.5698210236462939,0.088425306924404298
-1.5198242506464357,0.088620274336571575
-1.4698274877458464,0.088817814714929638
-1.4198307346906354,0.089017831500040348
-1.3698339912124895,0.089220228133135487
-1.3198372570293297,0.089424908056094321
-1.2698405318458512,0.08963177471142067
-1.2198438153540341,0.089840731542219776
-1.1698471072337773,0.090051681992173921
-1.1198504071535029,0.090264529505517943
-1.0698537147704483,0.090479177527015425
-1.0198570297317664,0.090695529501931021
-0.96986035167142981,0.090913488876020743
-0.9198636802298028,0.091132959095422364
-0.8698670150073321,0.091353843606834503
-0.81987035562468824,0.09157604585722845
-0.76987370168516689,0.091799469297385777
-0.71987705279494685,0.092024019765078
-0.66988040858388509,0.092249609663800275
-0.61988376868177419,0.092476152516425242
-0.56988713271319646,0.092703561846033761
-0.51989050029851247,0.092931751175899135
-0.46989387105399794,0.09316063402947522
-0.41989724459204097,0.093390123930383942
-0.36990062052238259,0.093620134402398039
-0.31990399845161938,0.093850578969431719
-0.2699073779842584,0.09408137115552391
-0.21991075871290874,0.09431242448487169
-0.16991414025913798,0.094543652481629575
-0.11991752221337729,0.094774968670175236
-0.069920904175506601,0.095006286574909782
-0.01992428574549563,0.095237519720289265
0.030072333476145737,0.095468581630810234
0.080068953888238106,0.095699385830997297
0.13006557588809381,0.095929845845387204
